id,area,title,evidence,status,screening,decision,destination
TCS-6498,Algorithms & data structures,Are splay trees dynamically optimal?,reviewed,source_open,topic_screen,retain,Algorithms & data structures
TCS-6537,Algorithms & data structures,Expected linear-time integer sorting for every word length,reviewed,source_open,topic_screen,retain,Algorithms & data structures
TCS-6540,Algorithms & data structures,An explicit static problem requiring superlogarithmically many cell probes,reviewed,source_open,topic_screen,retain,Algorithms & data structures
TCS-6586,Algorithms & data structures,Deterministic linear-time construction of static dictionaries,source,source_open,topic_screen,retain,Algorithms & data structures
TCS-0474,Algorithms & data structures,Can pointer-machine working-set heaps have constant amortized insertion and decrease-key?,reviewed,source_open,topic_screen,retain,Algorithms & data structures
TCS-7177,Algorithms & data structures,The 1/3–2/3 conjecture,source,source_open,boundary_read,move,Miscellaneous
TCS-0949,Algorithms & data structures,Data Structure Lower Bound in the Cell Probe Model,index,uncertain,topic_screen,retain,Algorithms & data structures
TCS-6508,Algorithms & data structures,Do splay trees support deque operations in constant amortized time?,reviewed,source_open,topic_screen,retain,Algorithms & data structures
TCS-7178,Algorithms & data structures,The gold partition conjecture,source,source_open,boundary_read,move,Miscellaneous
TCS-7176,Algorithms & data structures,Determine the pancake numbers,source,source_open,boundary_read,move,Miscellaneous
TCS-0388,Algorithms & data structures,Sorting X+Y (Pairwise Sums),index,uncertain,topic_screen,retain,Algorithms & data structures
TCS-6512,Algorithms & data structures,Does splaying every BST preorder take linear total time?,reviewed,source_open,topic_screen,retain,Algorithms & data structures
TCS-0946,Algorithms & data structures,Cut-Sparsification of Hypergraphs,index,uncertain,topic_screen,retain,Algorithms & data structures
TCS-6509,Algorithms & data structures,Does recursively splitting a splay tree always take linear total time?,reviewed,source_open,topic_screen,retain,Algorithms & data structures
TCS-1141,Algorithms & data structures,Can reachability diameter be approximated within a constant in near-linear time?,reviewed,open,topic_screen,retain,Algorithms & data structures
TCS-0477,Algorithms & data structures,Can the final survivors of an offline heap sequence be found with linear comparisons?,reviewed,source_open,topic_screen,retain,Algorithms & data structures
TCS-0585,Algorithms & data structures,Hardness/tractability radius of Hamiltonian Cycle,index,uncertain,topic_screen,retain,Algorithms & data structures
TCS-0475,Algorithms & data structures,Does ordinary median-of-medians selection with groups of three run in linear time?,reviewed,source_open,topic_screen,retain,Algorithms & data structures
TCS-6514,Algorithms & data structures,Do pure pairing heaps support O(log log n) amortized decrease-key?,reviewed,source_open,topic_screen,retain,Algorithms & data structures
TCS-0596,Algorithms & data structures,Odd cycle transversal in P5 -free graphs,index,uncertain,topic_screen,retain,Algorithms & data structures
TCS-0598,Algorithms & data structures,Precoloring extension of graphs,index,uncertain,topic_screen,retain,Algorithms & data structures
TCS-0774,Algorithms & data structures,Near-linear-time minimum-cost Steiner perfect matching in planar graphs,index,uncertain,topic_screen,retain,Algorithms & data structures
TCS-0809,Algorithms & data structures,Mincost flow in planar graphs,index,uncertain,topic_screen,retain,Algorithms & data structures
TCS-0822,Algorithms & data structures,Vertex-capacitated max flow in directed planar graphs,index,uncertain,topic_screen,retain,Algorithms & data structures
TCS-6502,Algorithms & data structures,Can lazy B-tree priority queues keep their I/O bounds with stable handles?,reviewed,source_open,topic_screen,retain,Algorithms & data structures
TCS-0300,Algorithms & data structures,The randomized complexity of online labeling,index,uncertain,topic_screen,retain,Algorithms & data structures
TCS-0351,Algorithms & data structures,Minimum-weight perfect matching with odd red-edge parity,index,uncertain,topic_screen,retain,Algorithms & data structures
TCS-0956,Algorithms & data structures,Succinct Representation for Functions on Graphs,index,uncertain,topic_screen,retain,Algorithms & data structures
TCS-1147,Algorithms & data structures,"Can one obtain deterministic algorithms for 2-DSP and Min-2-DSP, which match the time bounds guaranteed by the current fastest randomized algorithms?",index,uncertain,topic_screen,retain,Algorithms & data structures
TCS-1163,Algorithms & data structures,Can the rectangle covering number be computed efficiently?,index,uncertain,topic_screen,retain,Algorithms & data structures
TCS-1221,Algorithms & data structures,It remains an open question to obtain a dynamic base packing algorithm that updates independent of the packing number.,index,uncertain,topic_screen,retain,Algorithms & data structures
TCS-1292,Algorithms & data structures,It is unknown whether there exists a deterministic algorithm to reconstruct bounded-degree graphs in o(n2 ) queries.,index,uncertain,topic_screen,retain,Algorithms & data structures
TCS-1338,Algorithms & data structures,"For a set system S Ď 2rms , weights w : rms Ñ Rě0 and ϵ ą 0, there exists a p1 ˘ ϵq sparsifier […]",index,uncertain,topic_screen,retain,Algorithms & data structures
TCS-1345,Algorithms & data structures,"It should be mentioned that for general A and B, it is unknown whether the relation A ▷ B (or, equivalently, the existence of a […]",index,uncertain,topic_screen,retain,Algorithms & data structures
TCS-1418,Algorithms & data structures,Can we design a data structure of size 2 o(n ) that provides a good approximation for the shortest path under three faults?,index,uncertain,topic_screen,retain,Algorithms & data structures
TCS-1425,Algorithms & data structures,Can one achieve the conditionally optimal update time O(k 2 )?,index,uncertain,topic_screen,retain,Algorithms & data structures
TCS-1503,Algorithms & data structures,"We also note that Theorem 28 shows that testing whether a given pair of vertices is adjacent takes Ω(n) effective resistance queries, but we do […]",index,uncertain,topic_screen,retain,Algorithms & data structures
TCS-1617,Algorithms & data structures,"For any subcubic graph H, H-ISC is in P if and only if H is planar.",index,uncertain,topic_screen,retain,Algorithms & data structures
TCS-1662,Algorithms & data structures,The complexity of determining whether such a blocking set exists in a given graph G remains an open computational problem.,index,uncertain,topic_screen,retain,Algorithms & data structures
TCS-1664,Algorithms & data structures,"We do not know yet if temporal cliques admit O(n) spanners, thus the latter result might not appear very decisive.",index,uncertain,topic_screen,retain,Algorithms & data structures
TCS-1690,Algorithms & data structures,"Now, can we find o(n/k) vertices as vantage points p OP T edge capacities?",index,uncertain,topic_screen,retain,Algorithms & data structures
TCS-1783,Algorithms & data structures,Is there a candidate data structure for the convex shelling antimatroid that is fast enough to sort optimally?,index,uncertain,topic_screen,retain,Algorithms & data structures
TCS-1798,Algorithms & data structures,Is there a sparse fault-tolerant exact or approximate distance oracle for an arbitrary subset P of V × V ?,index,uncertain,topic_screen,retain,Algorithms & data structures
TCS-1827,Algorithms & data structures,"More concretely, is there an adaptive deterministic query algorithm that requires fewer than n O(∆3 log( ∆ )) queries?",index,uncertain,topic_screen,retain,Algorithms & data structures
TCS-1844,Algorithms & data structures,Is there a Õ(W nω )-time algorithm for Shortest Disjoint S-Paths?,index,uncertain,topic_screen,retain,Algorithms & data structures
TCS-1913,Algorithms & data structures,This raises a natural question: does there exist a cache-oblivious priority queue that achieves the same amortized bounds on comparisons and I/Os?,index,uncertain,topic_screen,retain,Algorithms & data structures
TCS-1934,Algorithms & data structures,Does every n-node undirected graph have a constant-stretch shortestpaths preserving graph of aspect ratio poly(n)?,index,uncertain,topic_screen,retain,Algorithms & data structures
TCS-1957,Algorithms & data structures,Is there an O( n)-adjacency labeling scheme for classes of bounded sddegeneracy?,index,uncertain,topic_screen,retain,Algorithms & data structures
TCS-2018,Algorithms & data structures,"Every submodular hypergraph admits a (1+ϵ)-sparsifier of size O(ϵ−2 n2 ), which is in fact a reweighted sub-hypergraph.",index,uncertain,topic_screen,retain,Algorithms & data structures
TCS-2085,Algorithms & data structures,"For every fixed k, r and a CMSO2 formula ψ, the (r, ψ)-MWIS problem can be solved in polynomial time for graphs with induced matching […]",index,uncertain,topic_screen,retain,Algorithms & data structures
TCS-2103,Algorithms & data structures,"For every integers t, r there exists a polynomial-time algorithm that, given an St,t,t -free and Kr -free vertex-weighted graph (G, w) computes the maximum […]",index,uncertain,topic_screen,retain,Algorithms & data structures
TCS-2211,Algorithms & data structures,"Does there exist a randomised algorithm that reconstructs an n-vertex graph of maximum degree ∆ and treewidth k using Õ∆,k (n) queries in expectation?",index,uncertain,topic_screen,retain,Algorithms & data structures
TCS-2247,Algorithms & data structures,"Is it true that all graphs of, say, bounded flip-width admit a linear-size dag compression?",index,uncertain,topic_screen,retain,Algorithms & data structures
TCS-2316,Algorithms & data structures,"Finally, we end this paper by leaving the biggest open problem concerning mim-width: Given a graph G, is there a polynomial-time algorithm that computes a […]",index,uncertain,topic_screen,retain,Algorithms & data structures
TCS-2328,Algorithms & data structures,Can k-APC be solved in faster than Õ(mω ) time for k = 3?,index,uncertain,topic_screen,retain,Algorithms & data structures
TCS-2353,Algorithms & data structures,"How hard is it, given a hypergraph H and a number k, to determine whether ehw(H) ⩽ k?",index,uncertain,topic_screen,retain,Algorithms & data structures
TCS-2439,Algorithms & data structures,The recognition of H-graphs is polynomial-time solvable if and only if H is a unicyclic graph or H is a tree.,index,uncertain,topic_screen,retain,Algorithms & data structures
TCS-2483,Algorithms & data structures,"The following simple result shows that for n = 3k the problem is at least as hard as the Cycle-Plus-Triangles problem, whose tractability is an […]",index,uncertain,topic_screen,retain,Algorithms & data structures
TCS-2543,Algorithms & data structures,Is there an O(n3 )-time algorithm for the all-pairs version when the graph may contain negative cycles?,index,uncertain,topic_screen,retain,Algorithms & data structures
TCS-2691,Algorithms & data structures,The main problem that remains open is understanding whether better trade-offs are achievable for temporal cliques.,index,uncertain,topic_screen,retain,Algorithms & data structures
TCS-2711,Algorithms & data structures,Can there always exist a pairwise preserver of size o(2k n|P|) for any k failures?,index,uncertain,topic_screen,retain,Algorithms & data structures
TCS-2730,Algorithms & data structures,"Thus, even in the non-succinct case, designing worst-case update operations is an open problem.",index,uncertain,topic_screen,retain,Algorithms & data structures
TCS-2798,Algorithms & data structures,We leave open the question of closing the gap between upper and lower bounds for the worker-task assignment problem: the upper bound is polylog(wt) and […],index,uncertain,topic_screen,retain,Algorithms & data structures
TCS-2822,Algorithms & data structures,"Even the complexity (P versus NP) of deciding whether a directed graph contains an (s, t)-path longer than distG (s, t) (the case of k […]",index,uncertain,topic_screen,retain,Algorithms & data structures
TCS-2975,Algorithms & data structures,"For example, how difficult is it to decide if the distance between u and v may deteriorate up to d(u, v) + k for a […]",index,uncertain,topic_screen,retain,Algorithms & data structures
TCS-3195,Algorithms & data structures,"Given an undirected graph G = (V, E), is it possible to find all 5-edge-connected components of G in linear time?",index,uncertain,topic_screen,retain,Algorithms & data structures
TCS-3263,Algorithms & data structures,"Thus, if there are no k disjoint shortest paths, then computing k disjoint paths minimizing their total length in polynomial time is still an open […]",index,uncertain,topic_screen,retain,Algorithms & data structures
TCS-3291,Algorithms & data structures,This motivates the following natural question: is there a notion of spectral sparsification that generalizes cut sparsification in directed graphs?,index,uncertain,topic_screen,retain,Algorithms & data structures
TCS-3346,Algorithms & data structures,"Indeed, it is an open problem whether the running time for the hypergraph isomorphism problem can be improved to 2polylog ∣V ∣ ⋅ ∣H∣O(1) [2].",index,uncertain,topic_screen,retain,Algorithms & data structures
TCS-3545,Algorithms & data structures,"We leave open an interesting question of establishing the worst-case gap between the value of OPT and that of the Guillotine bound, and we hope […]",index,uncertain,topic_screen,retain,Algorithms & data structures
TCS-3766,Algorithms & data structures,Does there exist a polylogarithmic distance labeling scheme for general median graphs or for median graphs of constant dimension?,index,uncertain,topic_screen,retain,Algorithms & data structures
TCS-3788,Algorithms & data structures,"It is an open problem whether randomization can speed up partitioning algorithms and lead, in particular, to faster data structures for the various operations considered […]",index,uncertain,topic_screen,retain,Algorithms & data structures
TCS-3819,Algorithms & data structures,"Can these Tutte paths be found in polynomial time, and preferably, linear time?",index,uncertain,topic_screen,retain,Algorithms & data structures
TCS-3922,Algorithms & data structures,An example of one we find particularly interesting is as follows: how much quicker can general temporal graphs be explored if we allow an agent […],index,uncertain,topic_screen,retain,Algorithms & data structures
TCS-4261,Algorithms & data structures,"The following basic question is still open though: is there a lower bound of Ω(n3/2+ ) edges for some ∈ (0, 1] for 2-additive spanners […]",index,uncertain,topic_screen,retain,Algorithms & data structures
TCS-4417,Algorithms & data structures,Is there an O(m)-time algorithm for the BP and BST problems?,index,uncertain,topic_screen,retain,Algorithms & data structures
TCS-4441,Algorithms & data structures,"In spite of our results, it remains an open problem for an infinite class of graphs H, whether a subexponential or even a polynomial algorithm […]",index,uncertain,topic_screen,retain,Algorithms & data structures
TCS-4799,Algorithms & data structures,Limits of Quantum Speed-Ups for Computational Geometry and Other Problems: Fine-Grained Complexity via Quantum Walks,source,source_open,topic_screen,retain,Algorithms & data structures
TCS-4997,Algorithms & data structures,Optimal Non-Adaptive Cell Probe Dictionaries and Hashing,source,uncertain,topic_screen,retain,Algorithms & data structures
TCS-4998,Algorithms & data structures,Cut Sparsification and Succinct Representation of Submodular Hypergraphs,source,source_open,topic_screen,retain,Algorithms & data structures
TCS-5037,Algorithms & data structures,Splitting-Off in Hypergraphs,source,source_open,topic_screen,retain,Algorithms & data structures
TCS-5103,Algorithms & data structures,The Diameter of Caterpillar Associahedra,source,uncertain,boundary_read,retain,Algorithms & data structures
TCS-5331,Algorithms & data structures,On the Size of Outer-String Representations,source,source_open,topic_screen,retain,Algorithms & data structures
TCS-5343,Algorithms & data structures,Planar Network Diversion,source,uncertain,topic_screen,retain,Algorithms & data structures
TCS-5436,Algorithms & data structures,Sparse Outerstring Graphs Have Logarithmic Treewidth,source,uncertain,topic_screen,retain,Algorithms & data structures
TCS-5548,Algorithms & data structures,Breaking O(nr) for Matroid Intersection,source,uncertain,topic_screen,retain,Algorithms & data structures
TCS-5601,Algorithms & data structures,Faster Graph Algorithms Through DAG Compression,source,source_open,topic_screen,retain,Algorithms & data structures
TCS-5637,Algorithms & data structures,Computing Flows in Subquadratic Space,source,uncertain,topic_screen,retain,Algorithms & data structures
TCS-5641,Algorithms & data structures,Hardness of Multi-Agent Path Finding on Trees: A Unified Approach,source,uncertain,topic_screen,retain,Algorithms & data structures
TCS-5661,Algorithms & data structures,Fragile Complexity of Comparison-Based Algorithms,source,uncertain,topic_screen,retain,Algorithms & data structures
TCS-5675,Algorithms & data structures,Vantage Point Selection Algorithms for Bottleneck Capacity Estimation,source,source_open,topic_screen,retain,Algorithms & data structures
TCS-5705,Algorithms & data structures,Tight Bounds on Adjacency Labels for Monotone Graph Classes,source,uncertain,topic_screen,retain,Algorithms & data structures
TCS-5706,Algorithms & data structures,The Group Access Bounds for Binary Search Trees,source,uncertain,topic_screen,retain,Algorithms & data structures
TCS-5758,Algorithms & data structures,Pairing heaps: the forward variant,source,uncertain,topic_screen,retain,Algorithms & data structures
TCS-5768,Algorithms & data structures,What Does Dynamic Optimality Mean in External Memory?,source,uncertain,topic_screen,retain,Algorithms & data structures
TCS-5821,Algorithms & data structures,An Upper Bound on the Weisfeiler-Leman Dimension,source,uncertain,topic_screen,retain,Algorithms & data structures
TCS-5825,Algorithms & data structures,Dynamic Membership for Regular Languages,source,source_open,topic_screen,retain,Algorithms & data structures
TCS-5845,Algorithms & data structures,A Polynomial Delay Algorithm Generating All Potential Maximal Cliques in Triconnected Planar Graphs,source,uncertain,topic_screen,retain,Algorithms & data structures
TCS-5874,Algorithms & data structures,Algorithms and Lower Bounds for Cycles and Walks: Small Space and Sparse Graphs,source,source_open,topic_screen,retain,Algorithms & data structures
TCS-5910,Algorithms & data structures,Switching Classes: Characterization and Computation,source,source_open,topic_screen,retain,Algorithms & data structures
TCS-5918,Algorithms & data structures,Detecting Disjoint Shortest Paths in Linear Time and More,source,source_open,topic_screen,retain,Algorithms & data structures
TCS-5926,Algorithms & data structures,Treewidth Is NP-Complete on Cubic Graphs,source,source_open,topic_screen,retain,Algorithms & data structures
TCS-5949,Algorithms & data structures,PACE Solver Description: Exact (GUTHMI) and Heuristic (GUTHM),source,uncertain,topic_screen,retain,Algorithms & data structures
TCS-5951,Algorithms & data structures,Coloring and Recognizing Mixed Interval Graphs,source,source_open,topic_screen,retain,Algorithms & data structures
TCS-5969,Algorithms & data structures,Efficient Recognition of Subgraphs of Planar Cubic Bridgeless Graphs,source,source_open,topic_screen,retain,Algorithms & data structures
TCS-5992,Algorithms & data structures,List Colouring Trees in Logarithmic Space,source,source_open,topic_screen,retain,Algorithms & data structures
TCS-6150,Algorithms & data structures,Graph Inference with Effective Resistance Queries,source,uncertain,topic_screen,retain,Algorithms & data structures
TCS-6161,Algorithms & data structures,The Power of the Score Sequence of a Tournament,source,source_open,topic_screen,retain,Algorithms & data structures
TCS-6173,Algorithms & data structures,A Local-To-Global Theorem for Congested Shortest Paths,source,uncertain,topic_screen,retain,Algorithms & data structures
TCS-6233,Algorithms & data structures,Rerouting Planar Curves and Disjoint Paths,source,source_open,topic_screen,retain,Algorithms & data structures
TCS-6237,Algorithms & data structures,PACE Solver Description: Touiouidth,source,uncertain,topic_screen,retain,Algorithms & data structures
TCS-6251,Algorithms & data structures,Max Weight Independent Set in Graphs with No Long Claws: An Analog of the Gyárfás' Path Argument,source,uncertain,topic_screen,retain,Algorithms & data structures
TCS-6254,Algorithms & data structures,On the Role of the High-Low Partition in Realizing a Degree Sequence by a Bipartite Graph,source,uncertain,topic_screen,retain,Algorithms & data structures
TCS-6269,Algorithms & data structures,Augmenting Graphs to Minimize the Radius,source,uncertain,topic_screen,retain,Algorithms & data structures
TCS-6270,Algorithms & data structures,A Simple Algorithm for Graph Reconstruction,source,uncertain,topic_screen,retain,Algorithms & data structures
TCS-6290,Algorithms & data structures,Bottom-Up Rebalancing Binary Search Trees by Flipping a Coin,source,source_open,topic_screen,retain,Algorithms & data structures
TCS-6298,Algorithms & data structures,Low Sensitivity Hopsets,source,source_open,topic_screen,retain,Algorithms & data structures
TCS-6308,Algorithms & data structures,Shortest Two Disjoint Paths in Conservative Graphs,source,source_open,topic_screen,retain,Algorithms & data structures
TCS-6310,Algorithms & data structures,Exact Matching: Algorithms and Related Problems,source,uncertain,topic_screen,retain,Algorithms & data structures
TCS-6421,Algorithms & data structures,Towards an Isomorphism Dichotomy for Hereditary Graph Classes,source,uncertain,topic_screen,retain,Algorithms & data structures
TCS-6433,Algorithms & data structures,Connected Partitions via Connected Dominating Sets,source,uncertain,topic_screen,retain,Algorithms & data structures
TCS-6480,Algorithms & data structures,Strongly History-Independent Storage Allocation: New Upper and Lower Bounds,source,source_open,topic_screen,retain,Algorithms & data structures
TCS-6492,Algorithms & data structures,Folklore Sampling is Optimal for Exact Hopsets: Confirming the $\sqrt{n}$ Barrier,source,source_open,topic_screen,retain,Algorithms & data structures
TCS-6782,Algorithms & data structures,Maximize the pair count admitting linear-size pairwise spanners with constant additive error.,source,source_open,topic_screen,retain,Algorithms & data structures
TCS-6783,Algorithms & data structures,Does every unweighted graph admit a +4 spanner with O(n^(4/3)) edges?,source,source_open,topic_screen,retain,Algorithms & data structures
TCS-6784,Algorithms & data structures,Match Thorup–Zwick emulator tradeoffs using actual spanners.,source,source_open,topic_screen,retain,Algorithms & data structures
TCS-6785,Algorithms & data structures,Determine optimal additive error for linear-size spanners.,source,source_open,topic_screen,retain,Algorithms & data structures
TCS-6787,Algorithms & data structures,Close the bounds for fault-tolerant sourcewise distance preservers.,source,source_open,topic_screen,retain,Algorithms & data structures
TCS-7061,Algorithms & data structures,Find a polynomial-time/NP-hard dichotomy for hereditary edge-deletion problems.,source,source_open,topic_screen,retain,Algorithms & data structures
TCS-7075,Algorithms & data structures,Determine complexity of unrestricted vertex-connectivity augmentation beyond increasing connectivity by one.,source,source_open,topic_screen,retain,Algorithms & data structures
TCS-7076,Algorithms & data structures,Is Planar Diameter Augmentation polynomial-time solvable or NP-hard?,source,source_open,topic_screen,retain,Algorithms & data structures
TCS-7146,Algorithms & data structures,Detect any fixed pivot-minor or vertex-minor in polynomial time.,source,source_open,topic_screen,retain,Algorithms & data structures
TCS-0001,Computational complexity,Does P equal NP?,reviewed,source_open,topic_screen,retain,Computational complexity
TCS-6530,Computational complexity,Does P equal PSPACE?,reviewed,source_open,topic_screen,retain,Computational complexity
TCS-6531,Computational complexity,Can every polynomial-time decision problem be solved in logarithmic space?,reviewed,source_open,topic_screen,retain,Computational complexity
TCS-6535,Computational complexity,Is nonuniform TC⁰ strictly smaller than nonuniform NC¹?,reviewed,source_open,topic_screen,retain,Computational complexity
TCS-6534,Computational complexity,The Berman–Hartmanis isomorphism conjecture,reviewed,source_open,topic_screen,retain,Computational complexity
TCS-6532,Computational complexity,Is the polynomial hierarchy strict at every finite level?,reviewed,source_open,topic_screen,retain,Computational complexity
TCS-0021,Computational complexity,Does NP contain a language without polynomial-size Boolean circuits?,reviewed,source_open,topic_screen,retain,Computational complexity
TCS-0002,Computational complexity,Does every unsatisfiable Boolean formula have a short efficiently checkable certificate?,reviewed,source_open,topic_screen,retain,Computational complexity
TCS-0015,Computational complexity,An explicit function with no linear-size Boolean circuits,reviewed,source_open,topic_screen,retain,Computational complexity
TCS-0016,Computational complexity,Exponential circuit lower bounds for 3-SAT,reviewed,source_open,topic_screen,retain,Computational complexity
TCS-7158,Computational complexity,Does PH equal PSPACE?,source,source_open,topic_screen,retain,Computational complexity
TCS-7161,Computational complexity,Does NEXP require superpolynomial constant-depth threshold circuits?,source,source_open,topic_screen,retain,Computational complexity
TCS-6533,Computational complexity,NL versus UL,reviewed,source_open,topic_screen,retain,Computational complexity
TCS-0004,Computational complexity,Can directed reachability be decided in deterministic logarithmic space?,reviewed,source_open,topic_screen,retain,Computational complexity
TCS-6681,Computational complexity,DNF versus d-DNNF succinctness,source,source_open,topic_screen,retain,Computational complexity
TCS-0020,Computational complexity,Polynomial-size circuits for EXP,index,uncertain,topic_screen,retain,Computational complexity
TCS-1056,Computational complexity,Majority outside constant-depth modular circuits,index,uncertain,topic_screen,retain,Computational complexity
TCS-0018,Computational complexity,P versus NP intersect coNP,index,uncertain,topic_screen,retain,Computational complexity
TCS-1054,Computational complexity,Exponential lower bounds for unrestricted threshold-of-threshold circuits,index,uncertain,topic_screen,retain,Computational complexity
TCS-7159,Computational complexity,The Hartmanis–Stearns conjecture,source,source_open,boundary_read,retain,Computational complexity
TCS-0017,Computational complexity,Karchmer–Raz–Wigderson formula composition conjecture,index,uncertain,topic_screen,retain,Computational complexity
TCS-0019,Computational complexity,Polynomial formulas versus linear circuits,index,uncertain,topic_screen,retain,Computational complexity
TCS-6455,Computational complexity,Doubly efficient IP = PSPACE for the full time range,reviewed,source_open,topic_screen,retain,Computational complexity
TCS-0305,Computational complexity,Supercubic uniform formula lower bounds for SAT,index,uncertain,topic_screen,retain,Computational complexity
TCS-1052,Computational complexity,Depth-three lower bounds beyond the switching-lemma barrier,index,uncertain,topic_screen,retain,Computational complexity
TCS-1053,Computational complexity,Depth-three size bounds beyond exponential square root,index,uncertain,topic_screen,retain,Computational complexity
TCS-1039,Computational complexity,Explicit superlinear in-place XOR lower bounds,index,uncertain,topic_screen,retain,Computational complexity
TCS-0293,Computational complexity,Improving SPACE versus NSPACE via Tree Evaluation,index,uncertain,topic_screen,retain,Computational complexity
TCS-0301,Computational complexity,Excluding one-sided randomized quasilinear-time log-space SAT,index,uncertain,topic_screen,retain,Computational complexity
TCS-0302,Computational complexity,Excluding quasilinear-time log-space Max Clique,index,uncertain,topic_screen,retain,Computational complexity
TCS-0303,Computational complexity,Stronger log-space time lower bounds for SAT,index,uncertain,topic_screen,retain,Computational complexity
TCS-0304,Computational complexity,Stronger uniform depth-three majority lower bounds for SAT,index,uncertain,topic_screen,retain,Computational complexity
TCS-0308,Computational complexity,Formula versus circuit succinctness,index,uncertain,topic_screen,retain,Computational complexity
TCS-0310,Computational complexity,Is weighted falsifiability of unambiguous DNFs in polynomial time?,reviewed,source_open,topic_screen,retain,Computational complexity
TCS-1035,Computational complexity,Cost of restricting linear circuits to depth two,index,uncertain,topic_screen,retain,Computational complexity
TCS-1037,Computational complexity,Asymmetry of XOR complexity under matrix inversion,index,uncertain,topic_screen,retain,Computational complexity
TCS-1040,Computational complexity,Nonlinear-gate advantages for binary linear operators,index,uncertain,topic_screen,retain,Computational complexity
TCS-1034,Computational complexity,Largest separation between SUM and OR circuits,index,uncertain,topic_screen,retain,Computational complexity
TCS-1036,Computational complexity,Unbounded XOR-over-OR complexity separations,index,uncertain,topic_screen,retain,Computational complexity
TCS-1051,Computational complexity,Logarithmic negation-depth lower bounds for monotone functions,index,uncertain,topic_screen,retain,Computational complexity
TCS-0014,Computational complexity,Cubic monotone formulas for majority,index,uncertain,topic_screen,retain,Computational complexity
TCS-1023,Computational complexity,Natural complete problems for randomized classes,index,uncertain,topic_screen,retain,Computational complexity
TCS-0068,Computational complexity,AC0 on trees,index,uncertain,topic_screen,retain,Computational complexity
TCS-0069,Computational complexity,Perfect matchings for grid graphs and AC0,index,uncertain,topic_screen,retain,Computational complexity
TCS-0295,Computational complexity,Sampling modular distributions locally,index,uncertain,topic_screen,retain,Computational complexity
TCS-0297,Computational complexity,A counting function capturing exactly P with NP access,index,uncertain,topic_screen,retain,Computational complexity
TCS-0298,Computational complexity,SAT multi-prover proofs using efficient SAT-oracle provers,index,uncertain,topic_screen,retain,Computational complexity
TCS-0126,Computational complexity,The Parity Language,index,uncertain,topic_screen,retain,Computational complexity
TCS-1144,Computational complexity,Is it true that spr(IPn ) = ω(n) or spr(Disjn ) = ω(n)?,index,uncertain,topic_screen,retain,Computational complexity
TCS-1235,Computational complexity,It remains open whether the [ inclusion LDLk ⊊ LDLk is still proper if the depth restriction is removed.,index,uncertain,topic_screen,retain,Computational complexity
TCS-1278,Computational complexity,Every 2-CNF formula φ on n variables has a 2-CNF encoding φ′ such 2 that |φ′ | ≤ ( 41 + o(1)) lgn n .,index,uncertain,topic_screen,retain,Computational complexity
TCS-1442,Computational complexity,Is there an algebrizing barrier to proving MA ̸⊆ SIZE[nk ]?,index,uncertain,topic_screen,retain,Computational complexity
TCS-1494,Computational complexity,The main problem left open by this work is to exhibit a natural problem in TFZPPdt which is not reducible to Lossy-Code; we conjecture that […],index,uncertain,topic_screen,retain,Computational complexity
TCS-1510,Computational complexity,"Are there properties of finite mathematical objects that can only be certified efficiently to a high degree of confidence by probabilistic algorithms, but that we […]",index,uncertain,topic_screen,retain,Computational complexity
TCS-1516,Computational complexity,Can these techniques be used in order to separate LeastNumber from StrongAvoid?,index,uncertain,topic_screen,retain,Computational complexity
TCS-1553,Computational complexity,"Construct an explicit family of boolean functions fn : {0, 1}n → {0, 1} such that there exist constants δ1 , δ2 > 0 such […]",index,uncertain,topic_screen,retain,Computational complexity
TCS-1602,Computational complexity,The most interesting question that remains open is to determine the deterministic query complexity of finding a king in an n-vertex tournament.,index,uncertain,topic_screen,retain,Computational complexity
TCS-1936,Computational complexity,Does n2 -Ramsey belong to TFAP?,index,uncertain,topic_screen,retain,Computational complexity
TCS-1951,Computational complexity,Can execution bounded CRNs compute semilinear functions and predicates within polylogarithmic time?,index,uncertain,boundary_read,move,Miscellaneous
TCS-2029,Computational complexity,"In the other direction, we leave open whether FBPP ⊂ FBPPnegl or whether the two classes are incomparable.",index,uncertain,topic_screen,retain,Computational complexity
TCS-2093,Computational complexity,It is an open problem to give an unconditional depth hierarchy theorem that separates NDepth [a log n] from NDepth [b log n] for any […],index,uncertain,topic_screen,retain,Computational complexity
TCS-2215,Computational complexity,Can we prove a real version of Toda’s theorem [30]?,index,uncertain,topic_screen,retain,Computational complexity
TCS-2244,Computational complexity,Does Constant Degree Hypothesis hold?,index,uncertain,topic_screen,retain,Computational complexity
TCS-2319,Computational complexity,Can we reduce explicit construction problems to solving NC03 -Avoid?,index,uncertain,topic_screen,retain,Computational complexity
TCS-2331,Computational complexity,Is there a BPPNP certification algorithm that returns certificates of length O(Cert(f ))?,index,uncertain,topic_screen,retain,Computational complexity
TCS-2333,Computational complexity,Is every PLS-complete problem downward self-reducible?,index,uncertain,topic_screen,retain,Computational complexity
TCS-2425,Computational complexity,"Notably, it is still an open question if SZK is closed under ≤Ptt reducibility.",index,uncertain,topic_screen,retain,Computational complexity
TCS-2434,Computational complexity,Establishing a super-polynomial separation between randomness and pseudo-determinism remains open for Parity decision trees.,index,uncertain,topic_screen,retain,Computational complexity
TCS-2464,Computational complexity,"For every d ∈ N, ε ∈ (0, 1) for all large enough n, if X is samplable by a d-local function and is ε-close […]",index,uncertain,topic_screen,retain,Computational complexity
TCS-2532,Computational complexity,Can one prove circuit lower bounds from the assumption that a (uniform) computationally-secure IO exists?,index,uncertain,topic_screen,retain,Computational complexity
TCS-2537,Computational complexity,Is the total search version of UniqueTarski in the class UEOPL (Unique-EOPL) [6]?,index,uncertain,topic_screen,retain,Computational complexity
TCS-2538,Computational complexity,"For example, are there natural sampling tasks or similar tasks such that efficient solutions imply NP ̸⊆ BPP?",index,uncertain,topic_screen,retain,Computational complexity
TCS-2681,Computational complexity,"As mentioned in the introduction, it remains open whether UEOPL = EOPL.",index,uncertain,topic_screen,retain,Computational complexity
TCS-2914,Computational complexity,"Namely, can one find a distribution that cannot be sampled in AC0 but can be sampled by ROBPs?",index,uncertain,topic_screen,retain,Computational complexity
TCS-3095,Computational complexity,"We conjecture that even G3 might be tractable, but again the only known general upper bound is PSPACE.",index,uncertain,topic_screen,retain,Computational complexity
TCS-3181,Computational complexity,More difficult question: can we prove a lower bound on random ∆-CNF formulas?,index,uncertain,topic_screen,retain,Computational complexity
TCS-3205,Computational complexity,Is there a circuit family for sorting with circuits of depth O(log(n) + log(m)) and size O(nm2 )?,index,uncertain,topic_screen,retain,Computational complexity
TCS-3228,Computational complexity,Does SAPEPP have natural complete problems?,index,uncertain,topic_screen,retain,Computational complexity
TCS-3308,Computational complexity,"For example, here is an open question that we have not addressed: for (say) the game Hex, does there necessarily exist a polynomial-size circuit that […]",index,uncertain,boundary_read,retain,Computational complexity
TCS-3509,Computational complexity,Is Tarski in CLS (or in EOPL)?,index,uncertain,topic_screen,retain,Computational complexity
TCS-3568,Computational complexity,"Is there a total function g : {0, 1}m → {0, 1} such that BPP(Xor ◦ g n ) ≥ Ω(n log n · BPP(g)) […]",index,uncertain,topic_screen,retain,Computational complexity
TCS-3685,Computational complexity,"We conjecture that getting a much better agreement with Mn , say 1/2 + 1/ poly(n), or even 2 1/2 + 2−o(log n) , requires […]",index,uncertain,topic_screen,retain,Computational complexity
TCS-3718,Computational complexity,"Formally, is NP 6⊂ SIZE[nk ] for all k equivalent to (NP ⊂ P/poly =⇒ PH ⊂ i.o.-NP/n )?",index,uncertain,topic_screen,retain,Computational complexity
TCS-3743,Computational complexity,Can we show that either NQP 6⊆ P/poly or MCSP 6∈ ACC0 ?,index,uncertain,topic_screen,retain,Computational complexity
TCS-3832,Computational complexity,"Is SZK ⊆ ZPPMKTP , or equivalently, is Entropy Approximation in ZPPMKTP ?",index,uncertain,topic_screen,retain,Computational complexity
TCS-3862,Computational complexity,The question of whether search-ZK has complete problems in the computational and statistical setting remains open.,index,uncertain,topic_screen,retain,Computational complexity
TCS-3873,Computational complexity,"Or is it impossible, which could solve the open question [11] of separating SDDs and d-SDNNFs?",index,uncertain,topic_screen,retain,Computational complexity
TCS-3886,Computational complexity,"Indeed, whether ∃ · BPP = MA remains an open question [11].",index,uncertain,topic_screen,retain,Computational complexity
TCS-3962,Computational complexity,Does SAT ∈ P/poly imply that NP ⊆ ZPPMCSP ?,index,uncertain,topic_screen,retain,Computational complexity
TCS-4076,Computational complexity,We leave open the question of whether MLP gates (of any type) can polynomially simulate monotone real circuits. n I Theorem 19.,index,uncertain,topic_screen,retain,Computational complexity
TCS-4205,Computational complexity,"What is the maximum gap, if any, between U -invariant [depth d] formula size and non-invariant [depth d] formula size?",index,uncertain,topic_screen,retain,Computational complexity
TCS-4219,Computational complexity,"What are the tradeoffs, if any, between the number of gates and the number of ancilla bits?",index,uncertain,boundary_read,retain,Computational complexity
TCS-4268,Computational complexity,"Is there evidence that Gap MCSP has intermediate complexity when is a fixed constant, similar to the evidence that we present for the case when […]",index,uncertain,topic_screen,retain,Computational complexity
TCS-4412,Computational complexity,Can gate elimination prove non-linear bounds here?,index,uncertain,topic_screen,retain,Computational complexity
TCS-4466,Computational complexity,We leave open the question whether one can come up with an explicit and efficient transformation from any formula to a formula with few negations.,index,uncertain,topic_screen,retain,Computational complexity
TCS-4468,Computational complexity,"The best separation between subcube partition complexity and query complexity remains open, even in the deterministic case.",index,uncertain,topic_screen,retain,Computational complexity
TCS-4735,Computational complexity,"An Unholy Trinity: TFNP, Polynomial Systems, and the Quantum Satisfiability Problem",source,uncertain,topic_screen,retain,Computational complexity
TCS-4746,Computational complexity,Enumerating Error Bounded Polytime Algorithms Through Arithmetical Theories,source,uncertain,topic_screen,retain,Computational complexity
TCS-4786,Computational complexity,Synergy Between Circuit Obfuscation and Circuit Minimization,source,uncertain,topic_screen,retain,Computational complexity
TCS-4960,Computational complexity,Theoretical Limitations of Multi-Layer Transformer,source,source_open,topic_screen,retain,Computational complexity
TCS-4961,Computational complexity,Range Avoidance and Remote Point: New Algorithms and Hardness — Open Problem 1,source,source_open,topic_screen,retain,Computational complexity
TCS-4988,Computational complexity,"An Oracle with no UP-Complete Sets, but NP = PSPACE",source,uncertain,topic_screen,retain,Computational complexity
TCS-5149,Computational complexity,"String Matching: Communication, Circuits, and Learning",source,uncertain,topic_screen,retain,Computational complexity
TCS-5246,Computational complexity,"Fractional Homomorphism, Weisfeiler-Leman Invariance, and the Sherali-Adams Hierarchy for the Constraint Satisfaction Problem",source,uncertain,topic_screen,retain,Computational complexity
TCS-5312,Computational complexity,Simple Circuit Extensions for XOR in PTIME,source,uncertain,topic_screen,retain,Computational complexity
TCS-5315,Computational complexity,Forrelation Is Extremally Hard,source,source_open,topic_screen,retain,Computational complexity
TCS-5342,Computational complexity,Direct Sums for Parity Decision Trees,source,uncertain,topic_screen,retain,Computational complexity
TCS-5397,Computational complexity,New Sampling Lower Bounds via the Separator,source,uncertain,topic_screen,retain,Computational complexity
TCS-5417,Computational complexity,On the Limits of Gate Elimination,source,source_open,topic_screen,retain,Computational complexity
TCS-5501,Computational complexity,Sum-Of-Squares Lower Bounds for the Minimum Circuit Size Problem,source,uncertain,topic_screen,retain,Computational complexity
TCS-5593,Computational complexity,Does Looking Inside a Circuit Help?,source,uncertain,topic_screen,retain,Computational complexity
TCS-5617,Computational complexity,On the Complexity of Modulo-q Arguments and the Chevalley - Warning Theorem,source,uncertain,topic_screen,retain,Computational complexity
TCS-5750,Computational complexity,On the Relative Power of Linear Algebraic Approximations of Graph Isomorphism,source,uncertain,topic_screen,retain,Computational complexity
TCS-6006,Computational complexity,A Subexponential Algorithm for ARRIVAL,source,uncertain,topic_screen,retain,Computational complexity
TCS-6091,Computational complexity,NP-hardness of Minimum Circuit Size Problem for OR-AND-MOD Circuits,source,uncertain,topic_screen,retain,Computational complexity
TCS-6139,Computational complexity,A Note on the Advice Complexity of Multipass Randomized Logspace,source,uncertain,topic_screen,retain,Computational complexity
TCS-6168,Computational complexity,On the (Non) NP-Hardness of Computing Circuit Complexity,source,uncertain,topic_screen,retain,Computational complexity
TCS-6285,Computational complexity,"Depth-First Search in Directed Planar Graphs, Revisited",source,uncertain,topic_screen,retain,Computational complexity
TCS-6488,Computational complexity,Winning the War by (Strategically) Losing Battles: Settling the Complexity of Grundy-Values in Undirected Geography,source,source_open,topic_screen,retain,Computational complexity
TCS-6496,Computational complexity,Polynomial-Time Pseudodeterministic Construction of Primes,source,uncertain,topic_screen,retain,Computational complexity
TCS-6712,Computational complexity,"Can every polynomial-size Boolean circuit be replaced by a polynomial-size, logarithmic-depth circuit?",source,source_open,topic_screen,retain,Computational complexity
TCS-6714,Computational complexity,Are there polynomial-size logarithmic-depth general Boolean circuits for perfect matching?,source,source_open,topic_screen,retain,Computational complexity
TCS-6715,Computational complexity,Separate polynomial-size monotone circuits from superpolynomial monotone span-program size.,source,source_open,topic_screen,retain,Computational complexity
TCS-6716,Computational complexity,Separate ordinary and monotone span-program size for monotone functions.,source,source_open,topic_screen,retain,Computational complexity
TCS-6717,Computational complexity,Strengthen monotone perfect-matching circuit lower bounds to stretched exponential.,source,source_open,topic_screen,retain,Computational complexity
TCS-6718,Computational complexity,Prove exponential lower bounds for weakly read-once nondeterministic branching programs.,source,source_open,topic_screen,retain,Computational complexity
TCS-6743,Computational complexity,Every nontrivial monotone property of k-vertex graphs requires Ω(k²) randomized adjacency queries for exact recognition.,source,source_open,topic_screen,retain,Computational complexity
TCS-6747,Computational complexity,Is graph nonisomorphism in BPP?,source,source_open,topic_screen,retain,Computational complexity
TCS-6817,Computational complexity,Is directed reachability solvable simultaneously in polynomial time and polylogarithmic space?,source,source_open,topic_screen,retain,Computational complexity
TCS-6832,Computational complexity,"Which inclusions among P, RP and NP are strict?",source,source_open,topic_screen,retain,Computational complexity
TCS-6934,Computational complexity,Prove superlinear unconditional SAT time lower bounds in robust unrestricted computation models; establish stronger exponential lower bounds.,source,source_open,topic_screen,retain,Computational complexity
TCS-6977,Computational complexity,Prove that SAT requires more than near-linear time.,source,source_open,topic_screen,retain,Computational complexity
TCS-6978,Computational complexity,Separate a given space bound from roughly the same time bound.,source,source_open,topic_screen,retain,Computational complexity
TCS-6979,Computational complexity,Could P versus NP be independent of standard mathematical axioms?,source,source_open,topic_screen,retain,Computational complexity
TCS-7129,Computational complexity,Can prime-implicate representations always be expressed as polynomial-size DNNF?,source,source_open,topic_screen,retain,Computational complexity
TCS-7130,Computational complexity,Can prime-implicate representations always be expressed as polynomial-size deterministic DNNF?,source,source_open,topic_screen,retain,Computational complexity
TCS-7131,Computational complexity,Can prime-implicant representations always be expressed as polynomial-size deterministic DNNF?,source,source_open,topic_screen,retain,Computational complexity
TCS-7132,Computational complexity,Is prime-implicate representation polynomially succinct relative to explicit model enumeration?,source,source_open,topic_screen,retain,Computational complexity
TCS-0485,Computational complexity,A problem on unambiguous DNFs,index,excluded,topic_screen,retain,Computational complexity
TCS-6558,Automata and formal languages,Černý conjecture: a reset word of length at most (n−1)²,reviewed,source_open,topic_screen,retain,Automata and formal languages
TCS-6560,Automata and formal languages,Can every two-way NFA be determinized with polynomially many states?,reviewed,source_open,topic_screen,retain,Automata and formal languages
TCS-6559,Automata and formal languages,Does any regular language require generalized star height greater than one?,reviewed,source_open,topic_screen,retain,Automata and formal languages
TCS-6561,Automata and formal languages,Decidability of every level of the dot-depth hierarchy,reviewed,source_open,topic_screen,retain,Automata and formal languages
TCS-6563,Automata and formal languages,Equivalence of deterministic macro tree transducers,reviewed,source_open,topic_screen,retain,Automata and formal languages
TCS-6582,Automata and formal languages,Equivalence of deterministic higher-order recursion schemes,reviewed,source_open,topic_screen,retain,Automata and formal languages
TCS-6564,Automata and formal languages,First-order definability of regular tree languages,source,source_open,topic_screen,retain,Automata and formal languages
TCS-0164,Automata and formal languages,Equivalence for unambiguous grammars,index,uncertain,topic_screen,retain,Automata and formal languages
TCS-7190,Automata and formal languages,Short uncompletable words bounded by maximum codeword length,source,source_open,topic_screen,retain,Automata and formal languages
TCS-0139,Automata and formal languages,Equivalence of Cost Register Automata: the quest for decidability,index,uncertain,topic_screen,retain,Automata and formal languages
TCS-0121,Automata and formal languages,"Decidability of $(\min,+)$-weighted automata determinization",index,uncertain,topic_screen,retain,Automata and formal languages
TCS-0146,Automata and formal languages,Complexity of universality for unambiguous context-free grammars,index,uncertain,topic_screen,retain,Automata and formal languages
TCS-0484,Automata and formal languages,Does the specified weighted temporal logic express every weighted FO sentence over natural numbers?,reviewed,source_open,topic_screen,retain,Automata and formal languages
TCS-0135,Automata and formal languages,The zeroness problem,index,uncertain,topic_screen,retain,Automata and formal languages
TCS-0156,Automata and formal languages,Universality for unambiguous automata,index,uncertain,topic_screen,retain,Automata and formal languages
TCS-0167,Automata and formal languages,Primitive words and context-freeness,index,uncertain,topic_screen,retain,Automata and formal languages
TCS-0136,Automata and formal languages,Universality of register automata over ordered domains,index,uncertain,topic_screen,retain,Automata and formal languages
TCS-0138,Automata and formal languages,Deterministic separability of nondeterministic timed languages,index,uncertain,topic_screen,retain,Automata and formal languages
TCS-0128,Automata and formal languages,Better bounds on complementing unambiguous automata,index,uncertain,topic_screen,retain,Automata and formal languages
TCS-0134,Automata and formal languages,The state complexity of unambiguous Büchi automata,index,uncertain,topic_screen,retain,Automata and formal languages
TCS-0137,Automata and formal languages,What is the complexity of constructing unambiguous automata,index,uncertain,topic_screen,retain,Automata and formal languages
TCS-0107,Automata and formal languages,Emptiness-checking for 3-clock Timed Automata with additive constraints,index,uncertain,topic_screen,retain,Automata and formal languages
TCS-0111,Automata and formal languages,Lower bounds for determinizability of weighted automata over \(\mathbb Q\),index,uncertain,topic_screen,retain,Automata and formal languages
TCS-0123,Automata and formal languages,"From two-way to one-way transducers, revisited",index,uncertain,topic_screen,retain,Automata and formal languages
TCS-0133,Automata and formal languages,Stronger versions of inclusion of probabilistic automata,index,uncertain,topic_screen,retain,Automata and formal languages
TCS-0143,Automata and formal languages,Succinctness of GFG pushdown automata,index,uncertain,topic_screen,retain,Automata and formal languages
TCS-0147,Automata and formal languages,Deciding upperboundedness of \(\bbZ\)-CCRA,index,uncertain,topic_screen,retain,Automata and formal languages
TCS-0161,Automata and formal languages,Word Equations with Loops,index,uncertain,topic_screen,retain,Automata and formal languages
TCS-0165,Automata and formal languages,Exactly-two-parse context-free grammars,index,uncertain,topic_screen,retain,Automata and formal languages
TCS-0623,Automata and formal languages,Is the Hierarchy of Valence Systems with Open Reachability Proper?,index,uncertain,topic_screen,retain,Automata and formal languages
TCS-0624,Automata and formal languages,Language Equivalence between Nondeterministic and Deterministic One-Counter Machines,index,uncertain,topic_screen,retain,Automata and formal languages
TCS-0094,Automata and formal languages,Do probabilities matter for resolving nondeterminism?,index,uncertain,topic_screen,retain,Automata and formal languages
TCS-0100,Automata and formal languages,Logical Characterisation of Deterministic Büchi Register Automata,index,uncertain,topic_screen,retain,Automata and formal languages
TCS-0105,Automata and formal languages,Tree automata with constraints on infinite trees,index,uncertain,topic_screen,retain,Automata and formal languages
TCS-0109,Automata and formal languages,Functions Weakly-Computable by Vector Addition Systems,index,uncertain,topic_screen,retain,Automata and formal languages
TCS-0129,Automata and formal languages,Characterizing classes of languages with atoms from internal closure operations,index,uncertain,topic_screen,retain,Automata and formal languages
TCS-0130,Automata and formal languages,Characterizing the counter hierarchy of unambiguous automata,index,uncertain,topic_screen,retain,Automata and formal languages
TCS-0131,Automata and formal languages,Decomposition of finitely unambiguous automata,index,uncertain,topic_screen,retain,Automata and formal languages
TCS-0145,Automata and formal languages,Universality of letter-bounded CFLs,index,uncertain,topic_screen,retain,Automata and formal languages
TCS-0151,Automata and formal languages,Logic and automata for multiply nested-words,index,uncertain,topic_screen,retain,Automata and formal languages
TCS-0152,Automata and formal languages,Membership in logical classes for (succinct) finite automata,index,uncertain,topic_screen,retain,Automata and formal languages
TCS-0154,Automata and formal languages,Separating words problem,index,uncertain,topic_screen,retain,Automata and formal languages
TCS-0166,Automata and formal languages,Languages with small length-specific DFAs,index,uncertain,topic_screen,retain,Automata and formal languages
TCS-0613,Automata and formal languages,Regular-language constrained linear extensions,index,uncertain,topic_screen,retain,Automata and formal languages
TCS-0089,Automata and formal languages,A Streaming Machine Model for Polyregular Functions,index,uncertain,topic_screen,retain,Automata and formal languages
TCS-0091,Automata and formal languages,Commutative polynomial automata series,index,uncertain,topic_screen,retain,Automata and formal languages
TCS-0093,Automata and formal languages,Complexity of deciding conjugacy of rational relations,index,uncertain,topic_screen,retain,Automata and formal languages
TCS-0101,Automata and formal languages,Lower-bound for the decision of guidability,index,uncertain,topic_screen,retain,Automata and formal languages
TCS-0102,Automata and formal languages,On an equivalence between finitely many tokens and one invisible token,index,uncertain,topic_screen,retain,Automata and formal languages
TCS-0113,Automata and formal languages,Monotone regular functions,index,uncertain,topic_screen,retain,Automata and formal languages
TCS-0122,Automata and formal languages,Equivalent k-HD-TA for a given 1-NTA,index,uncertain,topic_screen,retain,Automata and formal languages
TCS-0141,Automata and formal languages,Prime DOCAs,index,uncertain,topic_screen,retain,Automata and formal languages
TCS-0148,Automata and formal languages,"Does a $(\textsf{min,+})$-WA preserve REG by inverse image?",index,uncertain,topic_screen,retain,Automata and formal languages
TCS-0168,Automata and formal languages,Word-automaton recognition of tree languages,index,uncertain,topic_screen,retain,Automata and formal languages
TCS-0618,Automata and formal languages,Normal-closure-equivalence of RAAG- and counter-automata,index,uncertain,topic_screen,retain,Automata and formal languages
TCS-0625,Automata and formal languages,Membership of a coverability VASS in FO2,index,uncertain,topic_screen,retain,Automata and formal languages
TCS-0871,Automata and formal languages,Are universality and inclusion of AC-recognizable languages decidable?,index,uncertain,topic_screen,retain,Automata and formal languages
TCS-1166,Automata and formal languages,"We conjecture that the regular languages of Σint 1 [<, +, ≡] are exactly Pol(Com).",index,uncertain,topic_screen,retain,Automata and formal languages
TCS-1195,Automata and formal languages,"Its exact complexity remains open; in particular, a PSPACE procedure for checking GFMness would immediately yield a PSPACE upper bound for minimisation as well.",index,uncertain,topic_screen,retain,Automata and formal languages
TCS-1213,Automata and formal languages,"In the last case, it is an open problem to find good disambiguation algorithms, since deterministic Büchi automata are less expressive than unambiguous ones.",index,uncertain,topic_screen,retain,Automata and formal languages
TCS-1534,Automata and formal languages,Is it decidable whether a given regular language is definable in FO2+ ?,index,uncertain,topic_screen,retain,Automata and formal languages
TCS-1536,Automata and formal languages,What is the computational power of α-asynchronous one-way ACAs?,index,uncertain,topic_screen,retain,Automata and formal languages
TCS-1559,Automata and formal languages,"Given (α, ℓα ), (β, ℓβ ) ∈ PatΣ,CLen , is it generally decidable to answer whether LN E (α, ℓα ) = LN E […]",index,uncertain,topic_screen,retain,Automata and formal languages
TCS-1582,Automata and formal languages,"For 2-OCN, the class is closed under union, but we conjecture that it is closed under neither intersection nor complement.",index,uncertain,topic_screen,retain,Automata and formal languages
TCS-1663,Automata and formal languages,"We conjecture that the emptiness problem for automata deciding structural properties remains undecidable, but becomes decidable for some of the classes of [6].",index,uncertain,topic_screen,retain,Automata and formal languages
TCS-1670,Automata and formal languages,"The hierarchy is strict, that is, Σn ⊊ Σn+1 for all n (and the same is true for all combinations of Π, Σ and ∆).",index,uncertain,topic_screen,retain,Automata and formal languages
TCS-1832,Automata and formal languages,Does every HD parity automaton have a language-equivalent MA parity automaton of the same size?,index,uncertain,topic_screen,retain,Automata and formal languages
TCS-1963,Automata and formal languages,"In other words, one question that remains open is the following: is there a locally finite CCC that recognizes languages of λ-terms that are not […]",index,uncertain,topic_screen,retain,Automata and formal languages
TCS-2078,Automata and formal languages,"We do not know whether WBPP series are closed under regular support restriction, and thus also zeroness of WBPP series within a regular language is […]",index,uncertain,topic_screen,retain,Automata and formal languages
TCS-2158,Automata and formal languages,Notable classes for which we leave the question HD = ? guidability open: – PDA/OCA/OCN/Timed automata with general ω-regular acceptance,index,uncertain,topic_screen,retain,Automata and formal languages
TCS-2243,Automata and formal languages,Is there is a TC0 /NC1 complexity dichotomy?,index,uncertain,topic_screen,retain,Automata and formal languages
TCS-2335,Automata and formal languages,Is equivalence decidable for DetPOCA?,index,uncertain,topic_screen,retain,Automata and formal languages
TCS-2374,Automata and formal languages,"For nondeterministic LimSupautomata, which cannot always be determinized, we leave the problem open.",index,uncertain,topic_screen,retain,Automata and formal languages
TCS-2375,Automata and formal languages,"Therefore it remains open whether the language k-HDness problem is decidable, which ask whether there is an equivalent k-HDVASS for the given language.",index,uncertain,topic_screen,retain,Automata and formal languages
TCS-2430,Automata and formal languages,The problem of whether an automatic graph has bounded cliques is decidable.,index,uncertain,topic_screen,retain,Automata and formal languages
TCS-2498,Automata and formal languages,"We leave open two natural questions: (i) What is the complexity of regular separability for Büchi d-VASS, for each d ≥ 2? (ii) What is […]",index,uncertain,topic_screen,retain,Automata and formal languages
TCS-2512,Automata and formal languages,"While there is an explicit construction of the downclosure of these languages [53, 30, 20], a precise complexity bound for the construction remains open.",index,uncertain,topic_screen,retain,Automata and formal languages
TCS-2842,Automata and formal languages,"This language is challenging, as it is still an open question to know if it is context-free.",index,uncertain,topic_screen,retain,Automata and formal languages
TCS-2851,Automata and formal languages,We conjecture that the techniques introduced in this paper can be extended to show that any continuous regular function is deterministic regular.,index,uncertain,topic_screen,retain,Automata and formal languages
TCS-3030,Automata and formal languages,"However, the complexity of UBA universality is an open problem [30]; only membership in PSPACE is known.",index,uncertain,topic_screen,retain,Automata and formal languages
TCS-3307,Automata and formal languages,"We leave open the following question: given a one-way multiple-use automaton, can one decide if there is an equivalent automaton that is single-use (by Theorem […]",index,uncertain,topic_screen,retain,Automata and formal languages
TCS-3325,Automata and formal languages,"For regular functions, we conjecture that 2DFT characterise the computable ones, but we have not been able to show it yet.",index,uncertain,topic_screen,retain,Automata and formal languages
TCS-3378,Automata and formal languages,"We conjecture that Corollaries 5 and 6 hold for arbitrary shapes, that is, that there does not exist a two-dimensional low complexity aperiodic SFT.",index,uncertain,topic_screen,retain,Automata and formal languages
TCS-3438,Automata and formal languages,We also leave open whether downward closures are computable for this more expressive class.,index,uncertain,topic_screen,retain,Automata and formal languages
TCS-3518,Automata and formal languages,"It reformulates as follows: given a function computed by a pebble transducer, can we implement it in streaming way?",index,uncertain,topic_screen,retain,Automata and formal languages
TCS-3553,Automata and formal languages,"Whether our techniques can be extended beyond weak automata – hopefully to all tree automata or, equivalently, full MSO logic, or full µ-calculus – remains […]",index,uncertain,topic_screen,retain,Automata and formal languages
TCS-3594,Automata and formal languages,We leave open the question of whether alternating GFG automata of stronger acceptance conditions allow for doubly-exponential succinctness compared to deterministic automata.,index,uncertain,topic_screen,retain,Automata and formal languages
TCS-3610,Automata and formal languages,We conjecture that finite-valued SST can be effectively decomposed into finite unions of unambiguous SST.,index,uncertain,topic_screen,retain,Automata and formal languages
TCS-3636,Automata and formal languages,"The decidability status, however, remains open in the functional two-way case, as well as in the unrestricted (non-functional) two-way case.",index,uncertain,topic_screen,retain,Automata and formal languages
TCS-3675,Automata and formal languages,"It is still unknown if the problem of deciding weather a parity tree automaton is not countably ambiguous is in co-NP, although we believe it […]",index,uncertain,topic_screen,retain,Automata and formal languages
TCS-3772,Automata and formal languages,"For instance, given a wMSO sentence, is there an equivalent wFO sentence?",index,uncertain,topic_screen,retain,Automata and formal languages
TCS-3801,Automata and formal languages,"Can the long-standing Ω(n log n) lower bound [20] be improved, for example by a combination of the full-automata technique of Yan [23] and the […]",index,uncertain,topic_screen,retain,Automata and formal languages
TCS-3842,Automata and formal languages,The question of a logic expressively equivalent to full 1-ATA remains open.,index,uncertain,topic_screen,retain,Automata and formal languages
TCS-3863,Automata and formal languages,Decidability of the containment problem when both automata are allowed to be finitely ambiguous remains open.,index,uncertain,topic_screen,retain,Automata and formal languages
TCS-3865,Automata and formal languages,The question about exponential separation in the case of a general alphabet remains open.,index,uncertain,topic_screen,retain,Automata and formal languages
TCS-3952,Automata and formal languages,"We currently do not know if the width problem is complete for PSPACE or EXPTIME, and we leave this problem open.",index,uncertain,topic_screen,retain,Automata and formal languages
TCS-4168,Automata and formal languages,"We do not know whether there exist quasi-polynomial time algorithms for every k > 2, and leave this as an open problem.",index,uncertain,topic_screen,retain,Automata and formal languages
TCS-4251,Automata and formal languages,"Beyond these two points, we do not know how to show decidability for Gnil (which is the join of the Gp ), and the surprising […]",index,uncertain,topic_screen,retain,Automata and formal languages
TCS-4288,Automata and formal languages,"Regarding the case of words we leave some open questions, the most important of which is if F1 is more succinct than FO2 .",index,uncertain,topic_screen,retain,Automata and formal languages
TCS-4323,Automata and formal languages,We do not know whether for each unambiguous copyless CRA there is an equivalent deterministic copyless CRA.,index,uncertain,topic_screen,retain,Automata and formal languages
TCS-4491,Automata and formal languages,"Without the assumption that CA(n) = CA2 (n), it is still unknown whether CA(n) is closed under concatenation.",index,uncertain,topic_screen,retain,Automata and formal languages
TCS-4503,Automata and formal languages,"It thus remains open to show whether one can decide, given any automaton B and any ordinal 0 < α < ϕ2 (0), whether B […]",index,uncertain,topic_screen,retain,Automata and formal languages
TCS-4575,Automata and formal languages,"The problem is related to the universality problem for discount sum automata [2], a well-known problem for which decidability remains open [1].",index,uncertain,topic_screen,retain,Automata and formal languages
TCS-4636,Automata and formal languages,"Further if F[<] is decidable, does it imply that F[<, MOD] is also decidable?",index,uncertain,topic_screen,retain,Automata and formal languages
TCS-4659,Automata and formal languages,"Notice that it is still unknown whether the determinacy of Wadge games W (L(A), L(B)), where A and B are Muller tree automata (reading infinite […]",index,uncertain,topic_screen,retain,Automata and formal languages
TCS-4673,Automata and formal languages,The following question remains open: is there a language recognized by a collapsible deterministic higher order pushdown automaton which is not recognized by any deterministic […],index,uncertain,topic_screen,retain,Automata and formal languages
TCS-4677,Automata and formal languages,"Therefore, one can ask: is it decidable if an orbit finite automaton recognizes a language that can be defined in first-order logic?",index,uncertain,topic_screen,retain,Automata and formal languages
TCS-4685,Automata and formal languages,The question of a characterization for weak cost automata over infinite trees remains open (it would likely involve some further restrictions on the actions of […],index,uncertain,topic_screen,retain,Automata and formal languages
TCS-5651,Automata and formal languages,Word Automata with Limited Nondeterminism (Invited Talk),source,source_open,topic_screen,retain,Automata and formal languages
TCS-5701,Automata and formal languages,Complexity of Boolean Automata Networks Under Block-Parallel Update Modes,source,source_open,topic_screen,retain,Automata and formal languages
TCS-5732,Automata and formal languages,Regular Separability in Büchi VASS,source,uncertain,topic_screen,retain,Automata and formal languages
TCS-5738,Automata and formal languages,Separating Automatic Relations,source,source_open,topic_screen,retain,Automata and formal languages
TCS-5776,Automata and formal languages,On the Minimisation of Transition-Based Rabin Automata and the Chromatic Memory Requirements of Muller Conditions,source,source_open,topic_screen,retain,Automata and formal languages
TCS-5861,Automata and formal languages,Universality Problem for Unambiguous VASS,source,uncertain,topic_screen,retain,Automata and formal languages
TCS-5863,Automata and formal languages,Resolving Nondeterminism with Randomness,source,source_open,topic_screen,retain,Automata and formal languages
TCS-5864,Automata and formal languages,Weakly-Unambiguous Parikh Automata and Their Link to Holonomic Series,source,source_open,topic_screen,retain,Automata and formal languages
TCS-5904,Automata and formal languages,Safety and Liveness of Quantitative Automata,source,uncertain,topic_screen,retain,Automata and formal languages
TCS-5959,Automata and formal languages,What Can Oracles Teach Us About the Ultimate Fate of Life?,source,uncertain,boundary_read,retain,Automata and formal languages
TCS-5976,Automata and formal languages,History-Deterministic Vector Addition Systems,source,uncertain,topic_screen,retain,Automata and formal languages
TCS-6064,Automata and formal languages,Construction of mu-Limit Sets of Two-dimensional Cellular Automata,source,uncertain,boundary_read,retain,Automata and formal languages
TCS-6158,Automata and formal languages,"Probabilistic cellular automata, invariant measures, and perfect sampling",source,uncertain,boundary_read,retain,Automata and formal languages
TCS-6183,Automata and formal languages,Lexicographic Transductions of Finite Words,source,source_open,topic_screen,retain,Automata and formal languages
TCS-6185,Automata and formal languages,Reversible Pebble Transducers,source,uncertain,topic_screen,retain,Automata and formal languages
TCS-6323,Automata and formal languages,"Monadic Decomposability of Regular Relations (Track B: Automata, Logic, Semantics, and Theory of Programming)",source,uncertain,topic_screen,retain,Automata and formal languages
TCS-6995,Automata and formal languages,Avoid any k<n states of a synchronizing automaton within O(kn) letters.,source,source_open,topic_screen,retain,Automata and formal languages
TCS-6565,"Semantics, logic and verification",Is positivity of integer linear recurrences decidable?,reviewed,source_open,topic_screen,retain,"Semantics, logic and verification"
TCS-6567,"Semantics, logic and verification",Can simple stochastic games be solved in polynomial time?,reviewed,source_open,topic_screen,retain,"Semantics, logic and verification"
TCS-6569,"Semantics, logic and verification",An internal tower of semisimplicial types in ordinary HoTT,reviewed,source_open,topic_screen,retain,"Semantics, logic and verification"
TCS-6570,"Semantics, logic and verification",Scott-continuous model with exactly λβ equational theory,source,source_open,topic_screen,retain,"Semantics, logic and verification"
TCS-6583,"Semantics, logic and verification",Barendregt–Geuvers–Klop conjecture,source,source_open,topic_screen,retain,"Semantics, logic and verification"
TCS-6568,"Semantics, logic and verification",Can mean-payoff games be solved in polynomial time?,reviewed,source_open,topic_screen,retain,"Semantics, logic and verification"
TCS-6566,"Semantics, logic and verification",Decidability of unbounded Continuous Skolem,reviewed,source_open,topic_screen,retain,"Semantics, logic and verification"
TCS-7192,"Semantics, logic and verification",Is multiplicative-exponential linear logic decidable?,source,source_open,topic_screen,retain,"Semantics, logic and verification"
TCS-5773,"Semantics, logic and verification",Skolem Meets Schanuel,source,uncertain,topic_screen,retain,"Semantics, logic and verification"
TCS-0619,"Semantics, logic and verification",Reachability in Low-Dimensional VASS,index,uncertain,topic_screen,retain,"Semantics, logic and verification"
TCS-0632,"Semantics, logic and verification",Complexity of fixed VAS reachability,index,uncertain,topic_screen,retain,"Semantics, logic and verification"
TCS-0575,"Semantics, logic and verification",Tighten the complexity of solving random-turn games,index,uncertain,topic_screen,retain,"Semantics, logic and verification"
TCS-0637,"Semantics, logic and verification",Universal Positivity Set,index,uncertain,topic_screen,retain,"Semantics, logic and verification"
TCS-0634,"Semantics, logic and verification",Is Markov reachability problem Skolem-Hard for Ergodic Markov chains?,index,uncertain,topic_screen,retain,"Semantics, logic and verification"
TCS-0150,"Semantics, logic and verification",HyperLTL satisfiability,index,uncertain,topic_screen,retain,"Semantics, logic and verification"
TCS-0628,"Semantics, logic and verification",Bounds on the length of a coverability path in VASS,index,uncertain,topic_screen,retain,"Semantics, logic and verification"
TCS-0639,"Semantics, logic and verification",Reachability for bounded branching VASS,index,uncertain,topic_screen,retain,"Semantics, logic and verification"
TCS-0640,"Semantics, logic and verification",Shortest runs in 3-D VASS,index,uncertain,topic_screen,retain,"Semantics, logic and verification"
TCS-0869,"Semantics, logic and verification",Give a complete (resource free) characterisation of rewrite systems with polynomial derivational complexity.,index,uncertain,topic_screen,retain,"Semantics, logic and verification"
TCS-0913,"Semantics, logic and verification",Is the word problem for the S -combinator decidable?,index,uncertain,topic_screen,retain,"Semantics, logic and verification"
TCS-0572,"Semantics, logic and verification",Properties of the value function in weighted timed games,index,uncertain,topic_screen,retain,"Semantics, logic and verification"
TCS-0616,"Semantics, logic and verification",Complexity of Reachability in Fixed-Dimensional Continuous VASS,index,uncertain,topic_screen,retain,"Semantics, logic and verification"
TCS-0620,"Semantics, logic and verification",Semilinearity of 2-BVASS backward reachability set,index,uncertain,topic_screen,retain,"Semantics, logic and verification"
TCS-0621,"Semantics, logic and verification",Bi-reachability in Petri nets with ordered data,index,uncertain,topic_screen,retain,"Semantics, logic and verification"
TCS-0626,"Semantics, logic and verification",Reachability in Reversible Data VASS,index,uncertain,topic_screen,retain,"Semantics, logic and verification"
TCS-0629,"Semantics, logic and verification",Linear loop synthesis: When d variables are not enough.,index,uncertain,topic_screen,retain,"Semantics, logic and verification"
TCS-0630,"Semantics, logic and verification",Reachability problem for thin 1-GVASS,index,uncertain,topic_screen,retain,"Semantics, logic and verification"
TCS-0636,"Semantics, logic and verification",Universal coverability for Orthant VAS,index,uncertain,topic_screen,retain,"Semantics, logic and verification"
TCS-0638,"Semantics, logic and verification",Continuous reachability in ordered data VAS,index,uncertain,topic_screen,retain,"Semantics, logic and verification"
TCS-0565,"Semantics, logic and verification",Complexity of generalised reachability games with target sets of size 2,index,uncertain,topic_screen,retain,"Semantics, logic and verification"
TCS-0569,"Semantics, logic and verification",Games under delays and loss,index,uncertain,topic_screen,retain,"Semantics, logic and verification"
TCS-0570,"Semantics, logic and verification",Model checking LTL with team semantics,index,uncertain,topic_screen,retain,"Semantics, logic and verification"
TCS-0574,"Semantics, logic and verification",Memory requirements for generalized reachability games,index,uncertain,topic_screen,retain,"Semantics, logic and verification"
TCS-0873,"Semantics, logic and verification",Is the word problem for all proper combinators of order smaller than 3 decidable?,index,uncertain,topic_screen,retain,"Semantics, logic and verification"
TCS-0874,"Semantics, logic and verification",Is there a one-rule string rewriting system that is non-terminating but also non-looping?,index,uncertain,topic_screen,retain,"Semantics, logic and verification"
TCS-0875,"Semantics, logic and verification",Does every automatic group have a presentation through some finite convergent string-rewriting system? Does every automatic monoid have an automatic structure such that the set of representatives is a prefix-closed cross-section?,index,uncertain,topic_screen,retain,"Semantics, logic and verification"
TCS-0876,"Semantics, logic and verification",Are the existential fragment or the positive fragment of the theory of one-step rewriting decidable?,index,uncertain,topic_screen,retain,"Semantics, logic and verification"
TCS-0877,"Semantics, logic and verification",Is strong sequentiality decidable for arbitrary rewrite systems?,index,uncertain,topic_screen,retain,"Semantics, logic and verification"
TCS-0878,"Semantics, logic and verification","Is the union of two totally terminating rewrite systems, which do not share any symbols, totally terminating?",index,uncertain,topic_screen,retain,"Semantics, logic and verification"
TCS-0885,"Semantics, logic and verification",Is any “strongly” non-overlapping right-linear term-rewriting system confluent?,index,uncertain,topic_screen,retain,"Semantics, logic and verification"
TCS-0886,"Semantics, logic and verification",Is confluence of ordered rewriting decidable when the (existential fragment of the) ordering is?,index,uncertain,topic_screen,retain,"Semantics, logic and verification"
TCS-0894,"Semantics, logic and verification",For which equational theories is ground reducibility of extended rewriting decidable?,index,uncertain,topic_screen,retain,"Semantics, logic and verification"
TCS-0896,"Semantics, logic and verification","Has any full, finitely-generated and Church-Rosser term-rewriting system (or system with bound variables) a recursive, one-step, normalizing reduction strategy?",index,uncertain,topic_screen,retain,"Semantics, logic and verification"
TCS-0900,"Semantics, logic and verification",Is left-sequentiality a decidable property of orthogonal systems?,index,uncertain,topic_screen,retain,"Semantics, logic and verification"
TCS-0901,"Semantics, logic and verification",Is termination of one linear rule decidable?,index,uncertain,topic_screen,retain,"Semantics, logic and verification"
TCS-0902,"Semantics, logic and verification",Is the decidability of strong sequentiality for orthogonal term rewriting systems NP-complete?,index,uncertain,topic_screen,retain,"Semantics, logic and verification"
TCS-0904,"Semantics, logic and verification",Is there a decidable uniform word problem for which there is no variant on the rewriting theme that can decide it—without adding new symbols?,index,uncertain,topic_screen,retain,"Semantics, logic and verification"
TCS-0090,"Semantics, logic and verification",Classes of languages with objective-independent memory,index,uncertain,topic_screen,retain,"Semantics, logic and verification"
TCS-0115,"Semantics, logic and verification",Target for pushdown RBN,index,uncertain,topic_screen,retain,"Semantics, logic and verification"
TCS-0125,"Semantics, logic and verification",Reconfigurable broadcast networks (RBN),index,uncertain,topic_screen,retain,"Semantics, logic and verification"
TCS-0140,"Semantics, logic and verification","Populations of Markov decision processes, what we know and an open question",index,uncertain,topic_screen,retain,"Semantics, logic and verification"
TCS-0144,"Semantics, logic and verification",The sequential flow problem,index,uncertain,topic_screen,retain,"Semantics, logic and verification"
TCS-0092,"Semantics, logic and verification",Complete techniques for deducing Fair Almost-Sure Termination,index,uncertain,topic_screen,retain,"Semantics, logic and verification"
TCS-0104,"Semantics, logic and verification",Simulation decidability in Gap-order Constraint Systems,index,uncertain,topic_screen,retain,"Semantics, logic and verification"
TCS-0120,"Semantics, logic and verification",Constructive Zermelo's Problem,index,uncertain,topic_screen,retain,"Semantics, logic and verification"
TCS-0567,"Semantics, logic and verification",Permissive strategies for reachability games,index,uncertain,topic_screen,retain,"Semantics, logic and verification"
TCS-0573,"Semantics, logic and verification",Speed of victory in adversarial population games,index,uncertain,topic_screen,retain,"Semantics, logic and verification"
TCS-0615,"Semantics, logic and verification",Complexity of Maximising reachability for target sets of size 1,index,uncertain,topic_screen,retain,"Semantics, logic and verification"
TCS-0870,"Semantics, logic and verification",Equational axiomatization of graph operations,index,uncertain,topic_screen,retain,"Semantics, logic and verification"
TCS-0881,"Semantics, logic and verification",Does there exist a semigroup theory for which there is a reduced canonical term-rewriting system that is not length decreasing?,index,uncertain,topic_screen,retain,"Semantics, logic and verification"
TCS-0883,"Semantics, logic and verification","In combinatory logic, is there a uniform universal generator ?",index,uncertain,topic_screen,retain,"Semantics, logic and verification"
TCS-0899,"Semantics, logic and verification","Is it true for non-orthogonal systems that decreasing redexes implies termination? If not, can some decent subclasses be delineated for which the implication does hold?",index,uncertain,topic_screen,retain,"Semantics, logic and verification"
TCS-0907,"Semantics, logic and verification",Under what conditions does confluence of a normal semi-equational conditional term rewriting system imply confluence of the associated oriented system?,index,uncertain,topic_screen,retain,"Semantics, logic and verification"
TCS-0911,"Semantics, logic and verification",Which ordinals correspond to reduction graphs in the λ-calculus?,index,uncertain,topic_screen,retain,"Semantics, logic and verification"
TCS-1092,"Semantics, logic and verification",MDP total-variation distance exactly one,index,uncertain,topic_screen,retain,"Semantics, logic and verification"
TCS-1167,"Semantics, logic and verification",Is the existence of a fully universal representation for a given finite relation algebra effectively decidable?,index,uncertain,topic_screen,retain,"Semantics, logic and verification"
TCS-1184,"Semantics, logic and verification","A natural question that remains open is the cut-off: if there is a number n such that we cannot synchronize almost surely n tokens, how […]",index,uncertain,topic_screen,retain,"Semantics, logic and verification"
TCS-1240,"Semantics, logic and verification","Reachability in VASS of SCC dimension gscc = 2 and gscc = 3 is in PSpace and ExpSpace, respectively.",index,uncertain,topic_screen,retain,"Semantics, logic and verification"
TCS-1331,"Semantics, logic and verification","Similarly, in a proof-irrelevant setting, CB yields Kripke’s schema, and adding functional extensionality yields LEM, but we do not know whether CB yields LEM without […]",index,uncertain,topic_screen,retain,"Semantics, logic and verification"
TCS-1420,"Semantics, logic and verification",Let us conclude by restating the main open problem: is Cantor-Łukasiewicz set theory Łset consistent?,index,uncertain,topic_screen,retain,"Semantics, logic and verification"
TCS-1487,"Semantics, logic and verification","However, as the authors of [38, p.21] state: “[...]we do not know if canonocity holds for the standard conversion [...] because this result amounts to […]",index,uncertain,topic_screen,retain,"Semantics, logic and verification"
TCS-1497,"Semantics, logic and verification","Finally, we recall that we do not know if the games studied in this paper are determined, namely if one of the players has always […]",index,uncertain,topic_screen,retain,"Semantics, logic and verification"
TCS-1550,"Semantics, logic and verification","Given a deterministic parity automaton A and a number k, can we decide whether the memory of L(A) is ≤ k in polynomial time?",index,uncertain,topic_screen,retain,"Semantics, logic and verification"
TCS-1574,"Semantics, logic and verification","We leave it open whether VL(A) is computable for every fixed A, i.e., in the setting where only the observation is the input.",index,uncertain,topic_screen,retain,"Semantics, logic and verification"
TCS-1585,"Semantics, logic and verification","We leave open the decidability and complexity of the equational theory w.r.t. languages for KA{1,∩} (cf.",index,uncertain,topic_screen,retain,"Semantics, logic and verification"
TCS-1613,"Semantics, logic and verification","Finally, tackling the question of completeness without the uniqueness axiom which remains open for GKAT, ProbGKAT, and now wGKAT.",index,uncertain,topic_screen,retain,"Semantics, logic and verification"
TCS-1649,"Semantics, logic and verification",The decidability status of the reachability problem for d-BVASS remains open in arbitrary dimension.,index,uncertain,topic_screen,retain,"Semantics, logic and verification"
TCS-1656,"Semantics, logic and verification","Yet, we do not know if there are polynomial time algorithms that decide explicitly given McNaughton games.",index,uncertain,topic_screen,retain,"Semantics, logic and verification"
TCS-1659,"Semantics, logic and verification","The decidability remains open for general semigroups – that is, when there are states with non-unique tight actions.",index,uncertain,topic_screen,retain,"Semantics, logic and verification"
TCS-1700,"Semantics, logic and verification",We also leave as an open problem the question whether every finitary endofunctor on Met preserving nonempty intersections (but not necessarily isometric embeddings) has a […],index,uncertain,topic_screen,retain,"Semantics, logic and verification"
TCS-1796,"Semantics, logic and verification","Given a FIP strategy, can it be implemented by processes that exchange only bounded-length messages ?",index,uncertain,topic_screen,retain,"Semantics, logic and verification"
TCS-1880,"Semantics, logic and verification","As a direction for future work, we conjecture that the problem of deciding whether the language defined by an LTLf formula is a liveness language […]",index,uncertain,topic_screen,retain,"Semantics, logic and verification"
TCS-2033,"Semantics, logic and verification",Even if it is correct the complexity of the problem for 1-GVAS remains open.,index,uncertain,topic_screen,retain,"Semantics, logic and verification"
TCS-2101,"Semantics, logic and verification","It remains open, where exactly the change from polynomial to exponential size increase occurs, e.g., whether bi-implication can be eliminated with polynomial size increase when […]",index,uncertain,topic_screen,retain,"Semantics, logic and verification"
TCS-2293,"Semantics, logic and verification","Does there exist an upper bound N such that if a non-trivial linear loop satisfying P = 0 exists, then there exists a non-trivial linear […]",index,uncertain,topic_screen,retain,"Semantics, logic and verification"
TCS-2294,"Semantics, logic and verification",Another open question is whether the 1-to-2 player lift holds in Σ02 : is there a Σ02 objective which is positional on arenas controlled by […],index,uncertain,topic_screen,retain,"Semantics, logic and verification"
TCS-2321,"Semantics, logic and verification",Does every Vietoris polynomial functor on Top have a terminal coalgebra?,index,uncertain,topic_screen,retain,"Semantics, logic and verification"
TCS-2376,"Semantics, logic and verification","On the other hand, the treewidth-boundedness of a SLR-definable set is an open problem, that we conjecture decidable.",index,uncertain,topic_screen,retain,"Semantics, logic and verification"
TCS-2440,"Semantics, logic and verification",It is unknown whether the previous result still holds when dim is fixed to a value greater than 1.,index,uncertain,topic_screen,retain,"Semantics, logic and verification"
TCS-2672,"Semantics, logic and verification","However, the question raised by Kopczyński in [18] remains open: are there prefix-independent winning conditions that are half-positional when restricted to ε-free games, but not […]",index,uncertain,topic_screen,retain,"Semantics, logic and verification"
TCS-2777,"Semantics, logic and verification","We note that while similar considerations can be used in order to decide whether Player 2 (∞, m2 )-wins a given BBEG, for m2 ∈ […]",index,uncertain,topic_screen,retain,"Semantics, logic and verification"
TCS-2824,"Semantics, logic and verification","We conjecture that if c(A1 , . . . , An ) is a formula defined in terms of the standard connectives, and we derive […]",index,uncertain,topic_screen,retain,"Semantics, logic and verification"
TCS-2839,"Semantics, logic and verification","This raises the question: what is the dynamic d-logic of Euclidean spaces in general, and of the plane in particular?",index,uncertain,topic_screen,retain,"Semantics, logic and verification"
TCS-2855,"Semantics, logic and verification","The extension of these results, notably normalization and consistency, to the entirety of theory U is still an open question.",index,uncertain,topic_screen,retain,"Semantics, logic and verification"
TCS-2943,"Semantics, logic and verification",Whether our new upper bounds are tight remains an open problem: neither our coNP- hardness result for the reachability synthesis problem nor the PSPACE and […],index,uncertain,topic_screen,retain,"Semantics, logic and verification"
TCS-3031,"Semantics, logic and verification",We conjecture that Coq’s restriction preventing large elimination principles for non-sub-singleton propositions makes LEM and CT consistent in Coq.,index,uncertain,topic_screen,retain,"Semantics, logic and verification"
TCS-3040,"Semantics, logic and verification","Also, type-preserving CPS translation of effect handlers is an open problem in the community [23].",index,uncertain,topic_screen,retain,"Semantics, logic and verification"
TCS-3149,"Semantics, logic and verification","We conjecture that this is not the case, and that entailment is undecidable for progressing, connected and non-e-restricted sets.",index,uncertain,topic_screen,retain,"Semantics, logic and verification"
TCS-3152,"Semantics, logic and verification",The characterization of the class of types satisfying this property is an open problem (a partial characterization is described in [46]).,index,uncertain,topic_screen,retain,"Semantics, logic and verification"
TCS-3200,"Semantics, logic and verification",What is the complexity of model checking for TeamLTL (with the disjunction ∨ but without additional atoms and connectives)?,index,uncertain,topic_screen,retain,"Semantics, logic and verification"
TCS-3236,"Semantics, logic and verification","Now, can we characterize the full first-order theory of relations using graphs and homomorphisms?",index,uncertain,topic_screen,retain,"Semantics, logic and verification"
TCS-3324,"Semantics, logic and verification",The decidability of Th(Rexp ) is an open problem and hinges upon Schanuel’s conjecture [24].,index,uncertain,topic_screen,retain,"Semantics, logic and verification"
TCS-3332,"Semantics, logic and verification",It is an open problem whether an analogous result can be proved for accessible set functors in general.,index,uncertain,topic_screen,retain,"Semantics, logic and verification"
TCS-3344,"Semantics, logic and verification",In particular we emphasize that even decidability of the Rounded P2P Problem in the case of a 2D rotation matrix remains open.,index,uncertain,topic_screen,retain,"Semantics, logic and verification"
TCS-3349,"Semantics, logic and verification",We do not know if there is a numerical procedure that only uses an oracle for nontangential zeros.,index,uncertain,topic_screen,retain,"Semantics, logic and verification"
TCS-3401,"Semantics, logic and verification","We leave the decidability status open for Dsum, but nevertheless show decidability for a large class, namely when the discount factor is of N the […]",index,uncertain,topic_screen,retain,"Semantics, logic and verification"
TCS-3462,"Semantics, logic and verification","What is the precise complexity of control-state reachability, deadlock, unboundedness, and termination for input-bounded FIFO machines?",index,uncertain,topic_screen,retain,"Semantics, logic and verification"
TCS-3479,"Semantics, logic and verification",Can Markov chains with continuous emissions be model-checked efficiently?,index,uncertain,topic_screen,retain,"Semantics, logic and verification"
TCS-3530,"Semantics, logic and verification",Can the set of all winning strategies be described by finite-state automata?,index,uncertain,topic_screen,retain,"Semantics, logic and verification"
TCS-3546,"Semantics, logic and verification","We conjecture that this question can be answered positively, by leveraging our succinct flattenability result for 2-TVASS and by extending [7] with zero-tests on the […]",index,uncertain,topic_screen,retain,"Semantics, logic and verification"
TCS-3547,"Semantics, logic and verification","It appears fairly straightforward to obtain results of this kind in semantics, but syntactic results are much murkier; similar conservativity questions for homotopy and cubical […]",index,uncertain,topic_screen,retain,"Semantics, logic and verification"
TCS-3654,"Semantics, logic and verification","The quest of a general notion of model for pattern calculi also remains open, particularly for dynamic pattern calculi [32, 6].",index,uncertain,topic_screen,retain,"Semantics, logic and verification"
TCS-3655,"Semantics, logic and verification","As mentioned in Section 4.2.2, it also remains an open problem whether IITs are reducible to inductive types in a UIP-free setting.",index,uncertain,topic_screen,retain,"Semantics, logic and verification"
TCS-3783,"Semantics, logic and verification","The exact complexity of pMDP reachability problems with this restriction remains open, and our upper bounds do not straightforwardly generalise beyond simple pMDPs (see Rem. […]",index,uncertain,topic_screen,retain,"Semantics, logic and verification"
TCS-3839,"Semantics, logic and verification",We do not know whether an exponential bound on kMV k holds for any class of afmp-Z-VASS.,index,uncertain,topic_screen,retain,"Semantics, logic and verification"
TCS-3858,"Semantics, logic and verification",Is boundedness decidable for arbitrary dimension TRVASS?,index,uncertain,topic_screen,retain,"Semantics, logic and verification"
TCS-3896,"Semantics, logic and verification","Actually, we do not know if SL[BG][ model checking is decidable under the timeline semantics.",index,uncertain,topic_screen,retain,"Semantics, logic and verification"
TCS-3904,"Semantics, logic and verification",It remains an open question whether the predicative universes in the cubical assembly model satisfy the propositional resizing axiom.,index,uncertain,topic_screen,retain,"Semantics, logic and verification"
TCS-3909,"Semantics, logic and verification","We leave open whether there is a one-dimensional temporal logic over MSCs, with a finite set of FO-definable modalities, that is expressively complete for FO[→, […]",index,uncertain,topic_screen,retain,"Semantics, logic and verification"
TCS-4017,"Semantics, logic and verification",Is it possible to axiomatise the positive calculus of relations with transitive closure?,index,uncertain,topic_screen,retain,"Semantics, logic and verification"
TCS-4072,"Semantics, logic and verification",We also leave it as an open problem to characterize the functors that admit a disjunctive basis.,index,uncertain,topic_screen,retain,"Semantics, logic and verification"
TCS-4078,"Semantics, logic and verification","However, the important question about whether finite-memory suffices for the infinite-horizon optimal path problem or infinite memory is needed remains open.",index,uncertain,topic_screen,retain,"Semantics, logic and verification"
TCS-4081,"Semantics, logic and verification","Finally, we leave open the problem of finding a sound and complete axiomatization for ITLe .",index,uncertain,topic_screen,retain,"Semantics, logic and verification"
TCS-4093,"Semantics, logic and verification","An interesting next question is the complexity of the reachability problem for two-dimensional BVASS, which we conjecture decidable.",index,uncertain,topic_screen,retain,"Semantics, logic and verification"
TCS-4114,"Semantics, logic and verification","While the exact complexities of the problems VAL(Minc) and VAL(EMinc) remain open, it is straightforward to establish that the complexities coincide.",index,uncertain,topic_screen,retain,"Semantics, logic and verification"
TCS-4124,"Semantics, logic and verification","While the problem of modular separability is ExpSpace-hard, we do not know whether it is as hard as the VAS reachability problem.",index,uncertain,topic_screen,retain,"Semantics, logic and verification"
TCS-4138,"Semantics, logic and verification","It is an open problem whether coalgebraic type functors of interest on convex sets are proper, e.g. the functor F X = [0, 1] × […]",index,uncertain,topic_screen,retain,"Semantics, logic and verification"
TCS-4245,"Semantics, logic and verification","Most importantly, we do not know whether winning regions in parity games can be computed in polynomial time, but we do not expect that this […]",index,uncertain,topic_screen,retain,"Semantics, logic and verification"
TCS-4296,"Semantics, logic and verification",It remains open whether there exist efficient translations between the two logics.,index,uncertain,topic_screen,retain,"Semantics, logic and verification"
TCS-4302,"Semantics, logic and verification","However, the strategy synthesis problem for multi-objective probabilistic LTL properties in general stochastic games remains open.",index,uncertain,topic_screen,retain,"Semantics, logic and verification"
TCS-4443,"Semantics, logic and verification","Two interesting open questions are as follows: (1) For sparse graphs with θ(n) many target sets of size θ(n) the upper bounds are cubic, whereas […]",index,uncertain,topic_screen,retain,"Semantics, logic and verification"
TCS-4461,"Semantics, logic and verification",The converse holds at least assuming function extensionality; we do not know whether this assumption is necessary.),index,uncertain,topic_screen,retain,"Semantics, logic and verification"
TCS-4477,"Semantics, logic and verification","Encoding the scope-bounded restriction would give an algorithm for reachability games over such systems, but we do not know if the problem is decidable.",index,uncertain,topic_screen,retain,"Semantics, logic and verification"
TCS-4478,"Semantics, logic and verification",The decidability status of 1cSL1 [BG] (and of 1cSL[BG]) model checking remains open.,index,uncertain,topic_screen,retain,"Semantics, logic and verification"
TCS-4564,"Semantics, logic and verification",We conjecture that it has a presheaf model in a univalent metatheory (as some equations are only validated up to isomorphism – note that this […],index,uncertain,topic_screen,retain,"Semantics, logic and verification"
TCS-4577,"Semantics, logic and verification","While smaller instances have been shown to be decidable, the full decidability of Skolem’s problem is still an open question [15].",index,uncertain,topic_screen,retain,"Semantics, logic and verification"
TCS-4625,"Semantics, logic and verification",The problem of finding a model which validates all and only the type isomorphisms studied in this paper remains open.,index,uncertain,topic_screen,retain,"Semantics, logic and verification"
TCS-4632,"Semantics, logic and verification",Is the product logic K4×Diff decidable?,index,uncertain,topic_screen,retain,"Semantics, logic and verification"
TCS-4640,"Semantics, logic and verification",The problem: does the sequence beginning with x0 reach a given value y?,index,uncertain,topic_screen,retain,"Semantics, logic and verification"
TCS-4668,"Semantics, logic and verification","To our knowledge the decidability of LO1,0 and the variant of LOk,k0 for which we require (r, β) = (q, α) remain open when k […]",index,uncertain,topic_screen,retain,"Semantics, logic and verification"
TCS-5231,"Semantics, logic and verification",Synthesizing Computable Functions from Rational Specifications over Infinite Words,source,source_open,topic_screen,retain,"Semantics, logic and verification"
TCS-5491,"Semantics, logic and verification",Strongly Finitary Monads for Varieties of Quantitative Algebras — Open Problem 58,source,source_open,topic_screen,retain,"Semantics, logic and verification"
TCS-5600,"Semantics, logic and verification",Polynomial Vector Addition Systems With States,source,uncertain,topic_screen,retain,"Semantics, logic and verification"
TCS-5642,"Semantics, logic and verification",Exploring VASS Parameterised by Geometric Dimension,source,source_open,topic_screen,retain,"Semantics, logic and verification"
TCS-5668,"Semantics, logic and verification",Homogeneous Equations of Algebraic Petri Nets,source,uncertain,topic_screen,retain,"Semantics, logic and verification"
TCS-5682,"Semantics, logic and verification",On Piecewise Affine Reachability with Bellman Operators,source,uncertain,topic_screen,retain,"Semantics, logic and verification"
TCS-5737,"Semantics, logic and verification",A Lambda Calculus Satellite (Invited Talk),source,uncertain,topic_screen,retain,"Semantics, logic and verification"
TCS-5817,"Semantics, logic and verification",Domain Theory in Constructive and Predicative Univalent Foundations,source,uncertain,topic_screen,retain,"Semantics, logic and verification"
TCS-5823,"Semantics, logic and verification",Scope-Bounded Reachability in Valence Systems,source,uncertain,topic_screen,retain,"Semantics, logic and verification"
TCS-5858,"Semantics, logic and verification","Cost Automata, Safe Schemes, and Downward Closures",source,uncertain,topic_screen,retain,"Semantics, logic and verification"
TCS-5876,"Semantics, logic and verification",Reachability in Dynamical Systems with Rounding,source,source_open,topic_screen,retain,"Semantics, logic and verification"
TCS-5911,"Semantics, logic and verification",Decidability of Graph Neural Networks via Logical Characterizations,source,source_open,topic_screen,retain,"Semantics, logic and verification"
TCS-5915,"Semantics, logic and verification",From Cubes to Twisted Cubes via Graph Morphisms in Type Theory,source,uncertain,topic_screen,retain,"Semantics, logic and verification"
TCS-5940,"Semantics, logic and verification",Set Semantics for Asynchronous TeamLTL: Expressivity and Complexity,source,source_open,topic_screen,retain,"Semantics, logic and verification"
TCS-5975,"Semantics, logic and verification",About Decisiveness of Dynamic Probabilistic Models,source,uncertain,topic_screen,retain,"Semantics, logic and verification"
TCS-5987,"Semantics, logic and verification",Two Lower Bounds for BPA,source,uncertain,topic_screen,retain,"Semantics, logic and verification"
TCS-6036,"Semantics, logic and verification",Invariants for Continuous Linear Dynamical Systems,source,uncertain,topic_screen,retain,"Semantics, logic and verification"
TCS-6107,"Semantics, logic and verification",A Decidable Intuitionistic Temporal Logic,source,source_open,topic_screen,retain,"Semantics, logic and verification"
TCS-6110,"Semantics, logic and verification",Team Semantics for the Specification and Verification of Hyperproperties,source,source_open,topic_screen,retain,"Semantics, logic and verification"
TCS-6112,"Semantics, logic and verification","Cubical Assemblies, a Univalent and Impredicative Universe and a Failure of Propositional Resizing",source,source_open,topic_screen,retain,"Semantics, logic and verification"
TCS-6159,"Semantics, logic and verification",Probabilistic Model Checking via Families of Deterministic and Unambiguous Finite Automata,source,uncertain,topic_screen,retain,"Semantics, logic and verification"
TCS-6245,"Semantics, logic and verification",Involved VASS Zoo (Invited Talk),source,uncertain,topic_screen,retain,"Semantics, logic and verification"
TCS-6259,"Semantics, logic and verification",On the Skolem Problem for Reversible Sequences,source,uncertain,topic_screen,retain,"Semantics, logic and verification"
TCS-6265,"Semantics, logic and verification",Verification of Linear Dynamical Systems via O-Minimality of the Real Numbers,source,uncertain,topic_screen,retain,"Semantics, logic and verification"
TCS-6279,"Semantics, logic and verification","Guarded Kleene Algebra with Tests: Coequations, Coinduction, and Completeness",source,source_open,topic_screen,retain,"Semantics, logic and verification"
TCS-6284,"Semantics, logic and verification",Safety and Liveness on Finite Words,source,source_open,topic_screen,retain,"Semantics, logic and verification"
TCS-6333,"Semantics, logic and verification",Completeness Theorems for Kleene Algebra with Top,source,uncertain,topic_screen,retain,"Semantics, logic and verification"
TCS-6343,"Semantics, logic and verification",Characterizing Omega-Regularity Through Finite-Memory Determinacy of Games on Infinite Graphs,source,uncertain,topic_screen,retain,"Semantics, logic and verification"
TCS-6359,"Semantics, logic and verification",On Decidability of Concurrent Kleene Algebra,source,uncertain,topic_screen,retain,"Semantics, logic and verification"
TCS-6368,"Semantics, logic and verification",Graph Traversals as Universal Constructions,source,source_open,topic_screen,retain,"Semantics, logic and verification"
TCS-6390,"Semantics, logic and verification",Temporal Logics with Local Constraints (Invited Talk),source,source_open,topic_screen,retain,"Semantics, logic and verification"
TCS-7153,"Semantics, logic and verification","Decide eventual nonnegativity for arbitrary linear recurrences, already unresolved at order six.",source,source_open,topic_screen,retain,"Semantics, logic and verification"
TCS-7154,"Semantics, logic and verification",Compute eventual-positivity thresholds for simple recurrences beyond the established low-order cases.,source,source_open,topic_screen,retain,"Semantics, logic and verification"
TCS-7156,"Semantics, logic and verification",Decide termination over all integer starting states for general affine linear loops with nondiagonalizable updates.,source,source_open,topic_screen,retain,"Semantics, logic and verification"
TCS-7157,"Semantics, logic and verification",Decide termination for loops whose updates are general linear constraints between successive states.,source,source_open,topic_screen,retain,"Semantics, logic and verification"
TCS-6553,"Distributed, parallel and sublinear algorithms",Can every polynomial-time decision problem be efficiently parallelized?,reviewed,source_open,topic_screen,retain,"Distributed, parallel and sublinear algorithms"
TCS-6556,"Distributed, parallel and sublinear algorithms",Directed reachability with nearly linear memory and polylogarithmic passes,reviewed,source_open,topic_screen,retain,"Distributed, parallel and sublinear algorithms"
TCS-6504,"Distributed, parallel and sublinear algorithms",Is perfect matching in general graphs in deterministic NC?,reviewed,open,topic_screen,retain,"Distributed, parallel and sublinear algorithms"
TCS-6554,"Distributed, parallel and sublinear algorithms",Distributed Lovász Local Lemma in O(log log n) rounds,source,source_open,topic_screen,retain,"Distributed, parallel and sublinear algorithms"
TCS-6555,"Distributed, parallel and sublinear algorithms",Optimal exact single-source shortest paths in CONGEST,source,source_open,topic_screen,retain,"Distributed, parallel and sublinear algorithms"
TCS-6557,"Distributed, parallel and sublinear algorithms",Explicit superconstant lower bounds in the congested clique,source,source_open,topic_screen,retain,"Distributed, parallel and sublinear algorithms"
TCS-6507,"Distributed, parallel and sublinear algorithms",Can directed reachability have near-linear work and polylogarithmic depth?,reviewed,open,topic_screen,retain,"Distributed, parallel and sublinear algorithms"
TCS-7172,"Distributed, parallel and sublinear algorithms",Is finding a depth-first-search tree in deterministic NC?,source,source_open,topic_screen,retain,"Distributed, parallel and sublinear algorithms"
TCS-0522,"Distributed, parallel and sublinear algorithms",Quantum 3-coloring of cycles in o(log* n) rounds,reviewed,source_open,topic_screen,retain,"Distributed, parallel and sublinear algorithms"
TCS-6499,"Distributed, parallel and sublinear algorithms",Can distributed MIS be solved in sublogarithmic time on every graph?,reviewed,open,topic_screen,retain,"Distributed, parallel and sublinear algorithms"
TCS-6505,"Distributed, parallel and sublinear algorithms",One cycle versus two: is logarithmic time necessary in low-memory MPC?,reviewed,open,topic_screen,retain,"Distributed, parallel and sublinear algorithms"
TCS-0518,"Distributed, parallel and sublinear algorithms",Constant non-signaling locality beyond deterministic log-star LOCAL,reviewed,source_open,topic_screen,retain,"Distributed, parallel and sublinear algorithms"
TCS-6506,"Distributed, parallel and sublinear algorithms",Can deterministic LOCAL algorithms find an MIS in O(log n) rounds?,reviewed,open,topic_screen,retain,"Distributed, parallel and sublinear algorithms"
TCS-0513,"Distributed, parallel and sublinear algorithms",Can constant-time LOCAL solvability on unrooted trees be decided?,reviewed,source_open,topic_screen,retain,"Distributed, parallel and sublinear algorithms"
TCS-0514,"Distributed, parallel and sublinear algorithms",Can randomized O(log log n) LOCAL solvability on trees be decided?,reviewed,source_open,topic_screen,retain,"Distributed, parallel and sublinear algorithms"
TCS-0998,"Distributed, parallel and sublinear algorithms",Sketching vs. Streaming,index,uncertain,topic_screen,retain,"Distributed, parallel and sublinear algorithms"
TCS-0515,"Distributed, parallel and sublinear algorithms",Does sublinear deterministic volume always collapse to O(log* n)?,reviewed,source_open,topic_screen,retain,"Distributed, parallel and sublinear algorithms"
TCS-0523,"Distributed, parallel and sublinear algorithms",Does sublogarithmic randomized volume collapse to deterministic log-star?,reviewed,source_open,topic_screen,retain,"Distributed, parallel and sublinear algorithms"
TCS-0986,"Distributed, parallel and sublinear algorithms",Characterizing Sketchable Distances,index,uncertain,topic_screen,retain,"Distributed, parallel and sublinear algorithms"
TCS-0469,"Distributed, parallel and sublinear algorithms",What is the deterministic round complexity of maximum independent set in the congested clique?,reviewed,source_open,topic_screen,retain,"Distributed, parallel and sublinear algorithms"
TCS-0519,"Distributed, parallel and sublinear algorithms",Bipartite maximal matching with polynomial-in-degree volume,reviewed,source_open,topic_screen,retain,"Distributed, parallel and sublinear algorithms"
TCS-0516,"Distributed, parallel and sublinear algorithms",Can bipartite 3-coloring be maintained with logarithmic recoloring radius?,reviewed,source_open,topic_screen,retain,"Distributed, parallel and sublinear algorithms"
TCS-0940,"Distributed, parallel and sublinear algorithms",Lifting sketching resistance to sublinear streaming resistance,index,uncertain,topic_screen,retain,"Distributed, parallel and sublinear algorithms"
TCS-0996,"Distributed, parallel and sublinear algorithms",Relations between Streaming Models,index,uncertain,topic_screen,retain,"Distributed, parallel and sublinear algorithms"
TCS-2997,"Distributed, parallel and sublinear algorithms",How many rounds does triangle detection require in CONGEST?,reviewed,open,topic_screen,retain,"Distributed, parallel and sublinear algorithms"
TCS-0984,"Distributed, parallel and sublinear algorithms",“Ultimate” Deterministic Sparse Recovery,index,uncertain,topic_screen,retain,"Distributed, parallel and sublinear algorithms"
TCS-6501,"Distributed, parallel and sublinear algorithms",Can a congested clique find a maximal independent set in constant rounds?,reviewed,open,topic_screen,retain,"Distributed, parallel and sublinear algorithms"
TCS-0994,"Distributed, parallel and sublinear algorithms",Graph Matchings,index,uncertain,topic_screen,retain,"Distributed, parallel and sublinear algorithms"
TCS-0524,"Distributed, parallel and sublinear algorithms",Can deterministic (Delta+1)-coloring beat square-root dependence on degree?,reviewed,source_open,topic_screen,retain,"Distributed, parallel and sublinear algorithms"
TCS-0950,"Distributed, parallel and sublinear algorithms",Linear Sketching Over $F_2$,index,uncertain,topic_screen,retain,"Distributed, parallel and sublinear algorithms"
TCS-0968,"Distributed, parallel and sublinear algorithms",“For All” Guarantee for Computationally Bounded Adversaries,index,uncertain,topic_screen,retain,"Distributed, parallel and sublinear algorithms"
TCS-0983,"Distributed, parallel and sublinear algorithms",Universal Sketching,index,uncertain,topic_screen,retain,"Distributed, parallel and sublinear algorithms"
TCS-0977,"Distributed, parallel and sublinear algorithms",Linear Algebra Computation,index,uncertain,topic_screen,retain,"Distributed, parallel and sublinear algorithms"
TCS-0993,"Distributed, parallel and sublinear algorithms",Graph Distances,index,uncertain,topic_screen,retain,"Distributed, parallel and sublinear algorithms"
TCS-0938,"Distributed, parallel and sublinear algorithms",An n log n space barrier for streaming Max-Cut,index,uncertain,topic_screen,retain,"Distributed, parallel and sublinear algorithms"
TCS-0942,"Distributed, parallel and sublinear algorithms",Linear-space lower bounds for two-pass Max-Cut approximation,index,uncertain,topic_screen,retain,"Distributed, parallel and sublinear algorithms"
TCS-0943,"Distributed, parallel and sublinear algorithms",Polynomial-pass barriers to near-exact streaming Max-Cut,index,uncertain,topic_screen,retain,"Distributed, parallel and sublinear algorithms"
TCS-0944,"Distributed, parallel and sublinear algorithms",Square-root pass-space tradeoffs for Max-Cut,index,uncertain,topic_screen,retain,"Distributed, parallel and sublinear algorithms"
TCS-0517,"Distributed, parallel and sublinear algorithms",Can deterministic LOCAL coloring use a near-linear palette in log-star n rounds?,reviewed,source_open,topic_screen,retain,"Distributed, parallel and sublinear algorithms"
TCS-0936,"Distributed, parallel and sublinear algorithms",A square-root space barrier for Max-3And,index,uncertain,topic_screen,retain,"Distributed, parallel and sublinear algorithms"
TCS-0937,"Distributed, parallel and sublinear algorithms",A square-root space barrier for Max-kMonarchy,index,uncertain,topic_screen,retain,"Distributed, parallel and sublinear algorithms"
TCS-0939,"Distributed, parallel and sublinear algorithms",Beyond-square-root sketching space for near-half Max-DiCut approximation,index,uncertain,topic_screen,retain,"Distributed, parallel and sublinear algorithms"
TCS-0948,"Distributed, parallel and sublinear algorithms",Streaming Algorithms for Approximating the Number of $H$-Subgraphs,index,uncertain,topic_screen,retain,"Distributed, parallel and sublinear algorithms"
TCS-0954,"Distributed, parallel and sublinear algorithms",Metric TSP Cost Approximation,index,uncertain,topic_screen,retain,"Distributed, parallel and sublinear algorithms"
TCS-0967,"Distributed, parallel and sublinear algorithms",TSP in the Streaming Model,index,uncertain,topic_screen,retain,"Distributed, parallel and sublinear algorithms"
TCS-0969,"Distributed, parallel and sublinear algorithms",Approximating LIS Length in the Streaming Model,index,uncertain,topic_screen,retain,"Distributed, parallel and sublinear algorithms"
TCS-1813,"Distributed, parallel and sublinear algorithms",Is the known exponent for distributed even-cycle detection optimal?,reviewed,source_open,topic_screen,retain,"Distributed, parallel and sublinear algorithms"
TCS-0525,"Distributed, parallel and sublinear algorithms",Can bipartite maximal fractional matching be found in sublinear-in-degree rounds?,reviewed,source_open,topic_screen,retain,"Distributed, parallel and sublinear algorithms"
TCS-0511,"Distributed, parallel and sublinear algorithms",Constant-locality dynamic three-coloring of unrooted trees,index,uncertain,topic_screen,retain,"Distributed, parallel and sublinear algorithms"
TCS-0512,"Distributed, parallel and sublinear algorithms",Constant-locality non-signaling versus quantum LCL separation,index,uncertain,topic_screen,retain,"Distributed, parallel and sublinear algorithms"
TCS-0526,"Distributed, parallel and sublinear algorithms",Sublinear-degree LOCAL time for fractional maximal matching,index,uncertain,topic_screen,retain,"Distributed, parallel and sublinear algorithms"
TCS-0535,"Distributed, parallel and sublinear algorithms",Vertex Connectivity in the LOCAL Model,index,uncertain,topic_screen,retain,"Distributed, parallel and sublinear algorithms"
TCS-0729,"Distributed, parallel and sublinear algorithms",Stable matching in the semi-streaming model,index,uncertain,topic_screen,retain,"Distributed, parallel and sublinear algorithms"
TCS-0955,"Distributed, parallel and sublinear algorithms",Streaming Online Algorithms,index,uncertain,topic_screen,retain,"Distributed, parallel and sublinear algorithms"
TCS-0962,"Distributed, parallel and sublinear algorithms",Coding Theory in the Streaming Model,index,uncertain,topic_screen,retain,"Distributed, parallel and sublinear algorithms"
TCS-0976,"Distributed, parallel and sublinear algorithms",Equivalence of Two MapReduce Models,index,uncertain,topic_screen,retain,"Distributed, parallel and sublinear algorithms"
TCS-0980,"Distributed, parallel and sublinear algorithms",Random Walks,index,uncertain,topic_screen,retain,"Distributed, parallel and sublinear algorithms"
TCS-0982,"Distributed, parallel and sublinear algorithms",The Value of a Reverse Pass,index,uncertain,topic_screen,retain,"Distributed, parallel and sublinear algorithms"
TCS-0985,"Distributed, parallel and sublinear algorithms",$L_\infty$ Estimation,index,uncertain,topic_screen,retain,"Distributed, parallel and sublinear algorithms"
TCS-0988,"Distributed, parallel and sublinear algorithms",Deterministic Summary Structures,index,uncertain,topic_screen,retain,"Distributed, parallel and sublinear algorithms"
TCS-0834,"Distributed, parallel and sublinear algorithms",Estimating a Graph's Degree Distribution,index,uncertain,topic_screen,retain,"Distributed, parallel and sublinear algorithms"
TCS-0836,"Distributed, parallel and sublinear algorithms",Non-Adaptive Group Testing,index,uncertain,topic_screen,retain,"Distributed, parallel and sublinear algorithms"
TCS-0849,"Distributed, parallel and sublinear algorithms",Group Testing,index,uncertain,topic_screen,retain,"Distributed, parallel and sublinear algorithms"
TCS-0957,"Distributed, parallel and sublinear algorithms",Approximating Rank in the Bounded-Degree Model,index,uncertain,topic_screen,retain,"Distributed, parallel and sublinear algorithms"
TCS-0959,"Distributed, parallel and sublinear algorithms",RNA Folding,index,uncertain,topic_screen,retain,"Distributed, parallel and sublinear algorithms"
TCS-0960,"Distributed, parallel and sublinear algorithms",Submodular Matching Maximization,index,uncertain,topic_screen,retain,"Distributed, parallel and sublinear algorithms"
TCS-0974,"Distributed, parallel and sublinear algorithms",Sketching Shift Metrics,index,uncertain,topic_screen,retain,"Distributed, parallel and sublinear algorithms"
TCS-0975,"Distributed, parallel and sublinear algorithms",Sparse Recovery for Tree Models,index,uncertain,topic_screen,retain,"Distributed, parallel and sublinear algorithms"
TCS-0981,"Distributed, parallel and sublinear algorithms",Randomness of Partially Random Streams,index,uncertain,topic_screen,retain,"Distributed, parallel and sublinear algorithms"
TCS-0995,"Distributed, parallel and sublinear algorithms",Mixed Norms,index,uncertain,topic_screen,retain,"Distributed, parallel and sublinear algorithms"
TCS-1169,"Distributed, parallel and sublinear algorithms",What is the smallest number of passes required for computing O(∆)-colorings deterministically in the semi-streaming setting?,index,uncertain,topic_screen,retain,"Distributed, parallel and sublinear algorithms"
TCS-1234,"Distributed, parallel and sublinear algorithms",We also leave as an open problem characterizing the exact trade-off between the number of passes and memory required for exactly computing a stream’s histogram.,index,uncertain,topic_screen,retain,"Distributed, parallel and sublinear algorithms"
TCS-1368,"Distributed, parallel and sublinear algorithms","We view Theorem 1.6 as further evidence that one can likely obtain polylog(m) rounds and poly(m) queries, though we leave this as an open question.",index,uncertain,topic_screen,retain,"Distributed, parallel and sublinear algorithms"
TCS-1588,"Distributed, parallel and sublinear algorithms","We conjecture the positive results are tight, i.e., exactly the multithreshold predicates and robustly piecewise floor-affine functions are robustly computable.",index,uncertain,topic_screen,retain,"Distributed, parallel and sublinear algorithms"
TCS-1647,"Distributed, parallel and sublinear algorithms",Does the Fourier-Hahn-Lévy method capture all tractable f -moments?,index,uncertain,topic_screen,retain,"Distributed, parallel and sublinear algorithms"
TCS-1778,"Distributed, parallel and sublinear algorithms",Is it possible to encode X using only 2 bits per node so that it can be decompressed locally?,index,uncertain,topic_screen,retain,"Distributed, parallel and sublinear algorithms"
TCS-1784,"Distributed, parallel and sublinear algorithms","Second, could a lower bound on any deterministic local broadcast algorithm, better than Ω(∆ log n), be proved?",index,uncertain,topic_screen,retain,"Distributed, parallel and sublinear algorithms"
TCS-1785,"Distributed, parallel and sublinear algorithms","Second, for undirected graphs, are there multi-pass semi-streaming algorithms that compute paths longer than Θ(d), where d is the average degree of the input graph?",index,uncertain,topic_screen,retain,"Distributed, parallel and sublinear algorithms"
TCS-1965,"Distributed, parallel and sublinear algorithms","A question that we leave open is whether any problem that admits a O(t)-round algorithm in the LOCAL model, for any t ≤ D, can […]",index,uncertain,topic_screen,retain,"Distributed, parallel and sublinear algorithms"
TCS-1982,"Distributed, parallel and sublinear algorithms","It remains open if there is a deterministic self-stabilizing exploration algorithm with optimal cover time, i.e., O(m) steps.",index,uncertain,topic_screen,retain,"Distributed, parallel and sublinear algorithms"
TCS-2097,"Distributed, parallel and sublinear algorithms","We conjecture that the lower bound of 3/2, which has been shown for a specific class of algorithms, holds more generally, i.e., with one or […]",index,uncertain,topic_screen,retain,"Distributed, parallel and sublinear algorithms"
TCS-2163,"Distributed, parallel and sublinear algorithms","Is there a (2∆ + 1)-coloring algorithm for graphs with maximum degree ∆ in the ASYNC LOCAL model, for every ∆ ≥ 2?",index,uncertain,topic_screen,retain,"Distributed, parallel and sublinear algorithms"
TCS-2233,"Distributed, parallel and sublinear algorithms",Are there hereditary (or even monotone) classes of local complexity Ω(nc ) for c > 1?,index,uncertain,topic_screen,retain,"Distributed, parallel and sublinear algorithms"
TCS-2281,"Distributed, parallel and sublinear algorithms","We restate the open question of [59]: Given a local FO formula φ(x), i.e., a formula where φ(x) depends on a fixed-radius neighborhood of vertex […]",index,uncertain,topic_screen,retain,"Distributed, parallel and sublinear algorithms"
TCS-2283,"Distributed, parallel and sublinear algorithms","For example, which graph problems can be solved equally well in the sliding window model as in the one-pass streaming setting, and which problems are […]",index,uncertain,topic_screen,retain,"Distributed, parallel and sublinear algorithms"
TCS-2325,"Distributed, parallel and sublinear algorithms",Is there a lower bound of Ω(n log3 n) memory for solving graph connectivity in the turnstile model?,index,uncertain,topic_screen,retain,"Distributed, parallel and sublinear algorithms"
TCS-2381,"Distributed, parallel and sublinear algorithms",The same has not yet been achieved for message-passing systems: is there a consensus hierarchy based on specific broadcast abstractions?,index,uncertain,topic_screen,retain,"Distributed, parallel and sublinear algorithms"
TCS-2384,"Distributed, parallel and sublinear algorithms",Determining the exact space complexity of solving obstruction-free k-set agreement using swap objects when k > 1 remains an open problem.,index,uncertain,topic_screen,retain,"Distributed, parallel and sublinear algorithms"
TCS-2441,"Distributed, parallel and sublinear algorithms","Second, we do not know if it is possible to decide the online round complexity in polynomial time given the description of the LCL.",index,uncertain,topic_screen,retain,"Distributed, parallel and sublinear algorithms"
TCS-2470,"Distributed, parallel and sublinear algorithms","While there has been progress on solving the natural list and defective coloring variants of O(β 2 ) coloring, it is still unknown if a […]",index,uncertain,topic_screen,retain,"Distributed, parallel and sublinear algorithms"
TCS-2540,"Distributed, parallel and sublinear algorithms","Is there an MSO2 property requiring certificates of Ω(nϵ ) bits, for some ϵ > 0, on graphs of bounded clique-width?",index,uncertain,topic_screen,retain,"Distributed, parallel and sublinear algorithms"
TCS-2541,"Distributed, parallel and sublinear algorithms",Is there a practical permissionless protocol that can achieve deterministic safety and tolerate fewer than a half Byzantine nodes?,index,uncertain,topic_screen,retain,"Distributed, parallel and sublinear algorithms"
TCS-2591,"Distributed, parallel and sublinear algorithms",Is there a 2.99-approximation semi-streaming space sliding window algorithm for MM?,index,uncertain,topic_screen,retain,"Distributed, parallel and sublinear algorithms"
TCS-2688,"Distributed, parallel and sublinear algorithms",The problem of designing a rendezvous algorithm working for arbitrary connected graphs in optimal time remains open.,index,uncertain,topic_screen,retain,"Distributed, parallel and sublinear algorithms"
TCS-2689,"Distributed, parallel and sublinear algorithms","Regardless, whether there exists a protocol that achieves deterministic safety and termination in a hybrid synchronous model remains an open question.",index,uncertain,topic_screen,retain,"Distributed, parallel and sublinear algorithms"
TCS-2735,"Distributed, parallel and sublinear algorithms",We leave the understanding of the uniform complexity landscape in the regime Ω(log 1/ε) as an exciting open problem.,index,uncertain,topic_screen,retain,"Distributed, parallel and sublinear algorithms"
TCS-2753,"Distributed, parallel and sublinear algorithms",The question of whether a fully adaptive strong BA with optimal resilience exists or not remains open.,index,uncertain,topic_screen,retain,"Distributed, parallel and sublinear algorithms"
TCS-2816,"Distributed, parallel and sublinear algorithms",It remains an open question whether it is possible to implement an exact wait-free linearizable FIFO queue with worst-case logarithmic step complexity without restriction on […],index,uncertain,topic_screen,retain,"Distributed, parallel and sublinear algorithms"
TCS-2870,"Distributed, parallel and sublinear algorithms","That is, can we achieve optimality within a polylog(n) factor in both time and messages?",index,uncertain,topic_screen,retain,"Distributed, parallel and sublinear algorithms"
TCS-2896,"Distributed, parallel and sublinear algorithms",We leave it as an open problem whether a constant-factor approximation in sublinear (in n = 2k) space is possible,index,uncertain,topic_screen,retain,"Distributed, parallel and sublinear algorithms"
TCS-2921,"Distributed, parallel and sublinear algorithms",What is the space complexity of randomized streaming algorithms for hyperbolic groups?,index,uncertain,topic_screen,retain,"Distributed, parallel and sublinear algorithms"
TCS-3008,"Distributed, parallel and sublinear algorithms","Is there an efficient distributed algorithm to minimize disagreements with an approximation guarantee strictly better than 3 (in expectation), or worst-case guarantees for general graphs?",index,uncertain,topic_screen,retain,"Distributed, parallel and sublinear algorithms"
TCS-3014,"Distributed, parallel and sublinear algorithms",Can K5 -minor free graphs be certified with O(log n) bits?,index,uncertain,topic_screen,retain,"Distributed, parallel and sublinear algorithms"
TCS-3075,"Distributed, parallel and sublinear algorithms","In particular, for the list of problems with determinant-based counting in Section 1, designing RNC sampling algorithms remains open.",index,uncertain,topic_screen,retain,"Distributed, parallel and sublinear algorithms"
TCS-3119,"Distributed, parallel and sublinear algorithms","Specifically, note that Y ′ (resp., Y ′′ ) is o(1)-close to being uniformly distributed over S ′ (resp., {0, 1}ℓ+4−t ). 45 Unlike in […]",index,uncertain,topic_screen,retain,"Distributed, parallel and sublinear algorithms"
TCS-3134,"Distributed, parallel and sublinear algorithms","For example, the complexity of k-independent set detection in CONGEST remains open, whereas in the centralized setting, it is equivalent to k-clique – a correspondence […]",index,uncertain,topic_screen,retain,"Distributed, parallel and sublinear algorithms"
TCS-3192,"Distributed, parallel and sublinear algorithms","First, is it possible to obtain near singularly optimal bounds using a deterministic algorithm?",index,uncertain,topic_screen,retain,"Distributed, parallel and sublinear algorithms"
TCS-3297,"Distributed, parallel and sublinear algorithms","Second, is there a two-pass √ semistreaming algorithm for MBM that improves on the approximation factor of 2 − 2 and operates differently in the […]",index,uncertain,topic_screen,retain,"Distributed, parallel and sublinear algorithms"
TCS-3381,"Distributed, parallel and sublinear algorithms","The question of whether protocols with poly(|ϕ|) states exist for every PA formula ϕ, possibly with quantifiers, also remains open.",index,uncertain,topic_screen,retain,"Distributed, parallel and sublinear algorithms"
TCS-3384,"Distributed, parallel and sublinear algorithms","We do not know whether it is possible to compute approximate matchings, let alone set packings, using AC0 -circuits.",index,uncertain,topic_screen,retain,"Distributed, parallel and sublinear algorithms"
TCS-3390,"Distributed, parallel and sublinear algorithms","The natural questions are, if we expend more rounds, can we reduce the sample complexity?",index,uncertain,topic_screen,retain,"Distributed, parallel and sublinear algorithms"
TCS-3416,"Distributed, parallel and sublinear algorithms","As there are only non-blocking linearizable (not relaxed) queue implementations using objects with consensus number two, it is an open question if there is such […]",index,uncertain,topic_screen,retain,"Distributed, parallel and sublinear algorithms"
TCS-3436,"Distributed, parallel and sublinear algorithms","Based on this, we conjecture that probability-1 leader election using O(1) messages requires Ω(n) time to stabilize.",index,uncertain,topic_screen,retain,"Distributed, parallel and sublinear algorithms"
TCS-3490,"Distributed, parallel and sublinear algorithms","Can one design an algorithm that stores only poly(k) elements and beats 1/2 by a significant constant or, even better, gets 1 − 1/e?",index,uncertain,topic_screen,retain,"Distributed, parallel and sublinear algorithms"
TCS-3662,"Distributed, parallel and sublinear algorithms",We conjecture that in the low-dimensional setting of both (weakly-)smooth d and nonsmooth optimization the correct answer should be Ω( ln(K/γ) ln(1/ε)).,index,uncertain,topic_screen,retain,"Distributed, parallel and sublinear algorithms"
TCS-3726,"Distributed, parallel and sublinear algorithms",Is it possible to obtain a deterministic message-reduction scheme with no degradation of time?,index,uncertain,topic_screen,retain,"Distributed, parallel and sublinear algorithms"
TCS-3762,"Distributed, parallel and sublinear algorithms","What if the output is required to be perfectly random, i.e., ε = 0?",index,uncertain,topic_screen,retain,"Distributed, parallel and sublinear algorithms"
TCS-3792,"Distributed, parallel and sublinear algorithms","We conjecture that for all n > k > 2 there is no deterministic linearizable (n, k)-set agreement object that is equivalent to the (n, […]",index,uncertain,topic_screen,retain,"Distributed, parallel and sublinear algorithms"
TCS-3806,"Distributed, parallel and sublinear algorithms","Can we reduce the number of passes to poly(k), or instead show that we need passes which are superpolynomial in k if we restrict space […]",index,uncertain,topic_screen,retain,"Distributed, parallel and sublinear algorithms"
TCS-3845,"Distributed, parallel and sublinear algorithms","In other words, while there exist good multicommodity routing solutions, we do not know how to find them efficiently in a distributed fashion.",index,uncertain,topic_screen,retain,"Distributed, parallel and sublinear algorithms"
TCS-3890,"Distributed, parallel and sublinear algorithms",We conjecture that computing backup path schemes with maximal resiliency is NP-hard on general graphs.,index,uncertain,topic_screen,retain,"Distributed, parallel and sublinear algorithms"
TCS-3891,"Distributed, parallel and sublinear algorithms",But determining which model implements a given Heard-Of predicate is an open question.,index,uncertain,topic_screen,retain,"Distributed, parallel and sublinear algorithms"
TCS-3892,"Distributed, parallel and sublinear algorithms",Finding a lower bound for the construction of all-pairs spanners in the congest model is still an open question.,index,uncertain,topic_screen,retain,"Distributed, parallel and sublinear algorithms"
TCS-3894,"Distributed, parallel and sublinear algorithms",We conjecture that systems of linear inequalities can be computed by leaderless protocols with a polynomial number of states.,index,uncertain,topic_screen,retain,"Distributed, parallel and sublinear algorithms"
TCS-3910,"Distributed, parallel and sublinear algorithms","We leave as a great open question whether the complexity of clique detection in the CONGEST model is sublinear, or one needs Θ(n) e communication […]",index,uncertain,topic_screen,retain,"Distributed, parallel and sublinear algorithms"
TCS-4006,"Distributed, parallel and sublinear algorithms",Are there deterministic context-free languages where the optimal space bound (for the variable-size or the fixed-size model) is in o(n) ∩ ω((log n)2 )?,index,uncertain,topic_screen,retain,"Distributed, parallel and sublinear algorithms"
TCS-4039,"Distributed, parallel and sublinear algorithms","We leave it as an open problem to separate these two notions – i.e., find functions which have low bottleneck complexity protocols, but do not […]",index,uncertain,topic_screen,retain,"Distributed, parallel and sublinear algorithms"
TCS-4099,"Distributed, parallel and sublinear algorithms",It remains open to find a pseudo-deterministic NC algorithm for perfect matching in general (non-bipartite) graphs.,index,uncertain,topic_screen,retain,"Distributed, parallel and sublinear algorithms"
TCS-4102,"Distributed, parallel and sublinear algorithms",1 The problem of communication lower bounds for general functions under the cash-register model remains open.,index,uncertain,topic_screen,retain,"Distributed, parallel and sublinear algorithms"
TCS-4107,"Distributed, parallel and sublinear algorithms","Hence, designing an algorithm that is competitive with respect to the shortest path remains open.",index,uncertain,topic_screen,retain,"Distributed, parallel and sublinear algorithms"
TCS-4121,"Distributed, parallel and sublinear algorithms","First, can we get efficient distributed algorithms for TAP with an approximation ratio better than 2?",index,uncertain,topic_screen,retain,"Distributed, parallel and sublinear algorithms"
TCS-4143,"Distributed, parallel and sublinear algorithms","We do not know whether there exists a distributed language admitting error-sensitive proof-labeling schemes, but such that all error-sensitive proof-labeling schemes for that language use […]",index,uncertain,topic_screen,retain,"Distributed, parallel and sublinear algorithms"
TCS-4193,"Distributed, parallel and sublinear algorithms","First, can the MIS lower bounds in the Local model shown by Kuhn et al. [15] be extended to 2-ruling sets?",index,uncertain,topic_screen,retain,"Distributed, parallel and sublinear algorithms"
TCS-4210,"Distributed, parallel and sublinear algorithms",A final open question concerns routing schemes in general: what is the time needed by a data packet to travel through the graph?,index,uncertain,topic_screen,retain,"Distributed, parallel and sublinear algorithms"
TCS-4231,"Distributed, parallel and sublinear algorithms",What is the complexity of general subgraph detection?,index,uncertain,topic_screen,retain,"Distributed, parallel and sublinear algorithms"
TCS-4271,"Distributed, parallel and sublinear algorithms","Do these complexities capture all possibilities, when natural global graph problems are concerned?",index,uncertain,topic_screen,retain,"Distributed, parallel and sublinear algorithms"
TCS-4274,"Distributed, parallel and sublinear algorithms","In our view, the main open question raised by our work is the following: is there a 2-connected graph H such that H-freeness can be […]",index,uncertain,topic_screen,retain,"Distributed, parallel and sublinear algorithms"
TCS-4299,"Distributed, parallel and sublinear algorithms","It is unknown whether the capacity for collision detection improves deterministic broadcast time, as it does for randomized algorithms [12].",index,uncertain,topic_screen,retain,"Distributed, parallel and sublinear algorithms"
TCS-4763,"Distributed, parallel and sublinear algorithms",Parallel (1+e)-Approximate Multi-Commodity Min-Cost Flow in Almost Optimal Depth and Work — Open Problem 1,source,source_open,topic_screen,retain,"Distributed, parallel and sublinear algorithms"
TCS-4824,"Distributed, parallel and sublinear algorithms",Efficient Signature-Free Validated Agreement,source,source_open,topic_screen,retain,"Distributed, parallel and sublinear algorithms"
TCS-4989,"Distributed, parallel and sublinear algorithms",Robust Streaming Against Low-Memory Adversaries,source,source_open,topic_screen,retain,"Distributed, parallel and sublinear algorithms"
TCS-5127,"Distributed, parallel and sublinear algorithms",The Impossibility of Approximate Agreement on a Larger Class of Graphs,source,uncertain,topic_screen,retain,"Distributed, parallel and sublinear algorithms"
TCS-5234,"Distributed, parallel and sublinear algorithms",Distributed Subgraph Finding: Progress and Challenges (Invited Talk) — Open Problem 4.1,source,source_open,topic_screen,retain,"Distributed, parallel and sublinear algorithms"
TCS-5296,"Distributed, parallel and sublinear algorithms","Distributed Sketching Lower Bounds for k-Edge Connected Spanning Subgraphs, BFS Trees, and LCL Problems — Open Problem 1",source,source_open,topic_screen,retain,"Distributed, parallel and sublinear algorithms"
TCS-5346,"Distributed, parallel and sublinear algorithms",Depth First Search in the Semi-streaming Model,source,uncertain,topic_screen,retain,"Distributed, parallel and sublinear algorithms"
TCS-5382,"Distributed, parallel and sublinear algorithms",An Exponential Lower Bound for Spectral Density Estimation on Unweighted Graphs,source,uncertain,topic_screen,retain,"Distributed, parallel and sublinear algorithms"
TCS-5402,"Distributed, parallel and sublinear algorithms",Permutation Patterns in Streams,source,source_open,topic_screen,retain,"Distributed, parallel and sublinear algorithms"
TCS-5410,"Distributed, parallel and sublinear algorithms",Strong Linearizability Without Compare&Swap: The Case of Bags,source,uncertain,topic_screen,retain,"Distributed, parallel and sublinear algorithms"
TCS-5425,"Distributed, parallel and sublinear algorithms",Parallel and Distributed Algorithms for the Housing Allocation Problem,source,source_open,topic_screen,retain,"Distributed, parallel and sublinear algorithms"
TCS-5427,"Distributed, parallel and sublinear algorithms",New Characterizations in Turnstile Streams with Applications,source,uncertain,topic_screen,retain,"Distributed, parallel and sublinear algorithms"
TCS-5473,"Distributed, parallel and sublinear algorithms",Distributed Computation with Local Advice,source,uncertain,topic_screen,retain,"Distributed, parallel and sublinear algorithms"
TCS-5503,"Distributed, parallel and sublinear algorithms",Stabilizing Consensus Is Impossible in Lossy Iterated Immediate Snapshot Models,source,uncertain,topic_screen,retain,"Distributed, parallel and sublinear algorithms"
TCS-5537,"Distributed, parallel and sublinear algorithms",Sublinear-Round Parallel Matroid Intersection,source,uncertain,topic_screen,retain,"Distributed, parallel and sublinear algorithms"
TCS-5543,"Distributed, parallel and sublinear algorithms",Byzantine Consensus in Abstract MAC Layer,source,uncertain,topic_screen,retain,"Distributed, parallel and sublinear algorithms"
TCS-5578,"Distributed, parallel and sublinear algorithms",Make Every Word Count: Adaptive Byzantine Agreement with Fewer Words,source,source_open,topic_screen,retain,"Distributed, parallel and sublinear algorithms"
TCS-5591,"Distributed, parallel and sublinear algorithms",Explicit Space-Time Tradeoffs for Proof Labeling Schemes in Graphs with Small Separators,source,uncertain,topic_screen,retain,"Distributed, parallel and sublinear algorithms"
TCS-5670,"Distributed, parallel and sublinear algorithms",The Singular Optimality of Distributed Computation in LOCAL,source,source_open,topic_screen,retain,"Distributed, parallel and sublinear algorithms"
TCS-5677,"Distributed, parallel and sublinear algorithms",Complexity Landscape for Local Certification,source,uncertain,topic_screen,retain,"Distributed, parallel and sublinear algorithms"
TCS-5762,"Distributed, parallel and sublinear algorithms",Massively Parallel Correlation Clustering in Bounded Arboricity Graphs,source,source_open,topic_screen,retain,"Distributed, parallel and sublinear algorithms"
TCS-5794,"Distributed, parallel and sublinear algorithms",Moderate Dimension Reduction for k-Center Clustering,source,uncertain,topic_screen,retain,"Distributed, parallel and sublinear algorithms"
TCS-5795,"Distributed, parallel and sublinear algorithms",Streaming Complexity of Spanning Tree Computation,source,uncertain,topic_screen,retain,"Distributed, parallel and sublinear algorithms"
TCS-5797,"Distributed, parallel and sublinear algorithms","Local Certification of Local Properties: Tight Bounds, Trade-Offs and New Parameters — Open problem 2",source,source_open,topic_screen,retain,"Distributed, parallel and sublinear algorithms"
TCS-5939,"Distributed, parallel and sublinear algorithms",A Time and Space Optimal Stable Population Protocol Solving Exact Majority,source,source_open,topic_screen,retain,"Distributed, parallel and sublinear algorithms"
TCS-5946,"Distributed, parallel and sublinear algorithms",Edge Estimation with Independent Set Oracles,source,uncertain,topic_screen,retain,"Distributed, parallel and sublinear algorithms"
TCS-6022,"Distributed, parallel and sublinear algorithms",Sampling Arborescences in Parallel,source,source_open,topic_screen,retain,"Distributed, parallel and sublinear algorithms"
TCS-6039,"Distributed, parallel and sublinear algorithms",Local Certification of Geometric Graph Classes,source,source_open,topic_screen,retain,"Distributed, parallel and sublinear algorithms"
TCS-6075,"Distributed, parallel and sublinear algorithms",Self-Stabilizing MIS Computation in the Beeping Model,source,uncertain,topic_screen,retain,"Distributed, parallel and sublinear algorithms"
TCS-6080,"Distributed, parallel and sublinear algorithms",Quadratic and Near-Quadratic Lower Bounds for the CONGEST Model,source,source_open,topic_screen,retain,"Distributed, parallel and sublinear algorithms"
TCS-6125,"Distributed, parallel and sublinear algorithms",Locally Checkable Labelings with Small Messages,source,uncertain,topic_screen,retain,"Distributed, parallel and sublinear algorithms"
TCS-6186,"Distributed, parallel and sublinear algorithms",Fast Re-Routing in Networks: On the Complexity of Perfect Resilience,source,uncertain,topic_screen,retain,"Distributed, parallel and sublinear algorithms"
TCS-6206,"Distributed, parallel and sublinear algorithms",Detecting Cliques in CONGEST Networks,source,uncertain,topic_screen,retain,"Distributed, parallel and sublinear algorithms"
TCS-6227,"Distributed, parallel and sublinear algorithms",Singularly Near Optimal Leader Election in Asynchronous Networks,source,uncertain,topic_screen,retain,"Distributed, parallel and sublinear algorithms"
TCS-6297,"Distributed, parallel and sublinear algorithms",Kernelizing the Hitting Set Problem in Linear Sequential and Constant Parallel Time,source,source_open,topic_screen,retain,"Distributed, parallel and sublinear algorithms"
TCS-6324,"Distributed, parallel and sublinear algorithms",Hardness of Computing and Approximating Predicates and Functions with Leaderless Population Protocols,source,source_open,topic_screen,retain,"Distributed, parallel and sublinear algorithms"
TCS-6380,"Distributed, parallel and sublinear algorithms",A Simple Parallel Algorithm for Natural Joins on Binary Relations,source,uncertain,topic_screen,retain,"Distributed, parallel and sublinear algorithms"
TCS-6418,"Distributed, parallel and sublinear algorithms",Tight Bounds For Distributed MST Verification,source,uncertain,topic_screen,retain,"Distributed, parallel and sublinear algorithms"
TCS-6916,"Distributed, parallel and sublinear algorithms",Give coefficient-independent local approximation schemes for packing or covering LPs on bounded-degree graphs.,source,source_open,topic_screen,retain,"Distributed, parallel and sublinear algorithms"
TCS-6918,"Distributed, parallel and sublinear algorithms","Separate constant-time algorithms using identifier values from order-invariant algorithms, without consecutive-ID promises.",source,source_open,topic_screen,retain,"Distributed, parallel and sublinear algorithms"
TCS-7010,"Distributed, parallel and sublinear algorithms",Determine optimal linear-sketch dimension for constant-factor approximation of the nuclear norm.,source,source_open,topic_screen,retain,"Distributed, parallel and sublinear algorithms"
TCS-0521,"Distributed, parallel and sublinear algorithms",Linear LOCAL versus constant dynamic locality for a promise-free LCL,reviewed,resolved,topic_screen,retain,"Distributed, parallel and sublinear algorithms"
TCS-0520,"Distributed, parallel and sublinear algorithms",Linear dynamic versus constant online locality for a promise-free LCL,reviewed,resolved,topic_screen,retain,"Distributed, parallel and sublinear algorithms"
TCS-0008,Optimization and numerics,Does general rational linear programming have a strongly polynomial algorithm?,reviewed,uncertain,topic_screen,retain,Optimization and numerics
TCS-6574,Optimization and numerics,Is exact semidefinite feasibility in polynomial time?,reviewed,source_open,topic_screen,retain,Optimization and numerics
TCS-7227,Optimization and numerics,Does the packing property imply the max-flow min-cut property?,reviewed,source_open,topic_screen,retain,Optimization and numerics
TCS-6585,Optimization and numerics,Nearly linear-time solution of general sparse linear systems,reviewed,source_open,topic_screen,retain,Optimization and numerics
TCS-6578,Optimization and numerics,Smale’s seventh problem,source,source_open,topic_screen,retain,Optimization and numerics
TCS-6572,Optimization and numerics,Is there a polynomial-time simplex pivot rule?,reviewed,source_open,topic_screen,retain,Optimization and numerics
TCS-7226,Optimization and numerics,Woodall’s conjecture on packing directed-cut covers,reviewed,source_open,topic_screen,retain,Optimization and numerics
TCS-0491,Optimization and numerics,Can every fixed-dimensional Tarski problem be solved with O(log² n) queries?,reviewed,source_open,topic_screen,retain,Optimization and numerics
TCS-0724,Optimization and numerics,The Oracle Complexity of Convex Optimization with Limited Memory,index,uncertain,topic_screen,retain,Optimization and numerics
TCS-0728,Optimization and numerics,The Oracle Complexity of Smooth Convex Optimization in Nonstandard Settings,index,uncertain,topic_screen,retain,Optimization and numerics
TCS-0722,Optimization and numerics,Polynomial linearly-convergent method for g-convex optimization?,index,uncertain,topic_screen,retain,Optimization and numerics
TCS-0344,Optimization and numerics,Additivity of extension complexity under Cartesian products,index,uncertain,topic_screen,retain,Optimization and numerics
TCS-0719,Optimization and numerics,Anytime Convergence Rate of Gradient Descent,index,uncertain,topic_screen,retain,Optimization and numerics
TCS-0720,Optimization and numerics,Black-Box Reductions and Adaptive Gradient Methods for Nonconvex Optimization,index,uncertain,topic_screen,retain,Optimization and numerics
TCS-0038,Optimization and numerics,How much overparametrization is needed for ALS in tensor decomposition?,index,uncertain,topic_screen,retain,Optimization and numerics
TCS-0686,Optimization and numerics,Approximate Planning of POMDPs in the class of Memoryless Policies,index,uncertain,topic_screen,retain,Optimization and numerics
TCS-0687,Optimization and numerics,Best Arm Identification: Almost Instance-Wise Optimality and the Gap Entropy Conjecture,index,uncertain,topic_screen,retain,Optimization and numerics
TCS-0727,Optimization and numerics,The landscape of the loss surfaces of multilayer networks,index,uncertain,topic_screen,retain,Optimization and numerics
TCS-0725,Optimization and numerics,Second-order cone representability of semialgebraic convex hulls,index,uncertain,topic_screen,retain,Optimization and numerics
TCS-0914,Optimization and numerics,Deterministic min-cost matching with delays,index,uncertain,topic_screen,retain,Optimization and numerics
TCS-0673,Optimization and numerics,Is There a First-Order Method that Only Converges to Local Minimax Optima?,index,uncertain,topic_screen,retain,Optimization and numerics
TCS-0680,Optimization and numerics,Do Good Algorithms Necessarily Query Bad Points?,index,uncertain,topic_screen,retain,Optimization and numerics
TCS-0695,Optimization and numerics,Tightness of maximum likelihood semidefinite relaxations,index,uncertain,topic_screen,retain,Optimization and numerics
TCS-0643,Optimization and numerics,Low discrepancy sets in 2D,index,uncertain,topic_screen,retain,Optimization and numerics
TCS-0645,Optimization and numerics,Standard information versus linear information for Lp -approximation,index,uncertain,topic_screen,retain,Optimization and numerics
TCS-0721,Optimization and numerics,Convergence of single-timescale mean-field Langevin descent-ascent for two-player zero-sum games,index,uncertain,topic_screen,retain,Optimization and numerics
TCS-0703,Optimization and numerics,Searching on a path with predictions,index,uncertain,topic_screen,retain,Optimization and numerics
TCS-0706,Optimization and numerics,Stochastic Combinatorial Optimization under a Budget Constraint in Expectation,index,uncertain,topic_screen,retain,Optimization and numerics
TCS-1315,Optimization and numerics,"However, both works leave open the question of when the dynamics actually converge to a stationary state.",index,uncertain,topic_screen,retain,Optimization and numerics
TCS-1512,Optimization and numerics,"A central open question remains: can we design size-independent sparsifiers for general integer linear programs, with degree depending only on 1/p, 1/ϵ, and intrinsic structural […]",index,uncertain,topic_screen,retain,Optimization and numerics
TCS-1560,Optimization and numerics,"Then, if at least one such basis exists, for any basis A of M , is there a basis B of M with ψt (B) […]",index,uncertain,topic_screen,retain,Optimization and numerics
TCS-1715,Optimization and numerics,It is still an open problem if one can achieve their runtime of ≈ n2+1/18 via a deterministic algorithm and it is conjectured that improving […],index,uncertain,topic_screen,retain,Optimization and numerics
TCS-2273,Optimization and numerics,"We also note that our negative result leaves open the NSRL problem in the case of function approximation (Jin et al., 2020; Agarwal et al., […]",index,uncertain,topic_screen,retain,Optimization and numerics
TCS-2277,Optimization and numerics,"There exists an algorithm that on input M ∈ Zd×n such that 0 ∈ int(P ), a vector v ∈ (Q(i)× )n , and ε […]",index,uncertain,topic_screen,retain,Optimization and numerics
TCS-2313,Optimization and numerics,"To be precise: given an instance of k-means clustering on the line and an initial clustering, does there always exist a sequence of iterations of […]",index,uncertain,topic_screen,retain,Optimization and numerics
TCS-2675,Optimization and numerics,This open problem is whether there is an algorithm other than uniform sampling itself that performs uniformly no worse than uniform sampling in the fixed-budget […],index,uncertain,topic_screen,retain,Optimization and numerics
TCS-2729,Optimization and numerics,Whether the same is achievable under the independence oracle model remains open.,index,uncertain,topic_screen,retain,Optimization and numerics
TCS-2859,Optimization and numerics,"If we assume the matrix Spencer conjecture and the generalized Lax conjecture, can we prove the hyperbolic Spencer conjecture?",index,uncertain,topic_screen,retain,Optimization and numerics
TCS-3105,Optimization and numerics,"However, the question of whether Max Cut is polynomial-time solvable or NP-hard on unit interval graphs still remains open.",index,uncertain,topic_screen,retain,Optimization and numerics
TCS-3142,Optimization and numerics,Nevertheless we leave it as an open problem if there is some first-order optimization method that achieves rate of 𝑇 = 𝑂 (1/ε2 ) (see […],index,uncertain,topic_screen,retain,Optimization and numerics
TCS-3221,Optimization and numerics,"For instance, is it possible to prove running time lower bounds that grow with the depth of the network?",index,uncertain,topic_screen,retain,Optimization and numerics
TCS-3247,Optimization and numerics,Is it possible to show a logΩ(k) n query lower bound for the problem?,index,uncertain,topic_screen,retain,Optimization and numerics
TCS-3429,Optimization and numerics,We conjecture that the optimal complexity of monotone inclusion is: (i) Θ( LD 1 L LD ) when the operator is either L-Lipschitz or L […],index,uncertain,topic_screen,retain,Optimization and numerics
TCS-3443,Optimization and numerics,Our work leaves open a clear direction for future work: what is the maximum possible Global Cut Dimension for an undirected graph?,index,uncertain,topic_screen,retain,Optimization and numerics
TCS-3664,Optimization and numerics,It remains open whether smoothness is needed in two dimensions or more.,index,uncertain,topic_screen,retain,Optimization and numerics
TCS-3676,Optimization and numerics,"The exact complexity of the following variant of the problem remains open: given an MDP and a horizon encoded in binary, determine whether there exists […]",index,uncertain,topic_screen,retain,Optimization and numerics
TCS-3712,Optimization and numerics,We conjecture that this gap is fundamental and every any-time algorithm would suffer from the extra log T factor.,index,uncertain,topic_screen,retain,Optimization and numerics
TCS-3798,Optimization and numerics,"While this work focuses on sharpened convergence rate, there are still some important questions left: (i) It is still unknown whether SGD achieves a rate […]",index,uncertain,topic_screen,retain,Optimization and numerics
TCS-3912,Optimization and numerics,We summarize the results of the discussion in Figure 5 and remark that the relationship of Lmr to the models Ldc and Ledc is an […],index,uncertain,topic_screen,retain,Optimization and numerics
TCS-4293,Optimization and numerics,"We conjecture that the following problem is P LS-complete: given an instance of k-means, compute an arbitrary local minimum of the k-means method.",index,uncertain,topic_screen,retain,Optimization and numerics
TCS-4354,Optimization and numerics,"Finally, (c) in the strongly-convex case, the dependence on sample size is optimal in the optimization setting (Polyak and Tsybakov, 1990), however, the optimality of […]",index,uncertain,topic_screen,retain,Optimization and numerics
TCS-4451,Optimization and numerics,"In other words: if the input matrix M is close to a matrix with small PSD rank, can we find a low PSD-rank factorization that […]",index,uncertain,topic_screen,retain,Optimization and numerics
TCS-4661,Optimization and numerics,Then we conjecture that the following two inequalities always hold:     Yk Yk Ewo  Aij  ≤ Ewr  Aij  […],index,uncertain,topic_screen,retain,Optimization and numerics
TCS-4900,Optimization and numerics,Unsplittable Transshipments,source,source_open,topic_screen,retain,Optimization and numerics
TCS-4916,Optimization and numerics,Acceleration Meets Inverse Maintenance: Faster l_∞-Regression,source,uncertain,topic_screen,retain,Optimization and numerics
TCS-4937,Optimization and numerics,Problems on Group-Labeled Matroid Bases,source,source_open,topic_screen,retain,Optimization and numerics
TCS-5005,Optimization and numerics,Gradient Methods with Online Scaling,source,uncertain,topic_screen,retain,Optimization and numerics
TCS-5028,Optimization and numerics,On the Lower Bound of Minimizing Polyak-Łojasiewicz functions,source,uncertain,topic_screen,retain,Optimization and numerics
TCS-5052,Optimization and numerics,Tight analyses for non-smooth stochastic gradient descent,source,uncertain,topic_screen,retain,Optimization and numerics
TCS-5330,Optimization and numerics,Deterministic (2/3 - ε)-Approximation of Matroid Intersection Using Nearly-Linear Independence-Oracle Queries,source,uncertain,topic_screen,retain,Optimization and numerics
TCS-5494,Optimization and numerics,The Complexity of Making the Gradient Small in Stochastic Convex Optimization,source,uncertain,topic_screen,retain,Optimization and numerics
TCS-5612,Optimization and numerics,On the Facility Location Problem in Online and Dynamic Models,source,source_open,topic_screen,retain,Optimization and numerics
TCS-5635,Optimization and numerics,On the Complexity of Robust Markov Decision Processes and Bisimulation Metrics,source,uncertain,topic_screen,retain,Optimization and numerics
TCS-5695,Optimization and numerics,Submodular Dominance and Applications,source,source_open,topic_screen,retain,Optimization and numerics
TCS-6024,Optimization and numerics,The Niceness of Unique Sink Orientations,source,uncertain,topic_screen,retain,Optimization and numerics
TCS-6034,Optimization and numerics,"Node-Connectivity Terminal Backup, Separately-Capacitated Multiflow, and Discrete Convexity",source,uncertain,topic_screen,retain,Optimization and numerics
TCS-6283,Optimization and numerics,A Faster Algorithm for Finding Tarski Fixed Points,source,uncertain,topic_screen,retain,Optimization and numerics
TCS-6311,Optimization and numerics,Exploration of Graphs with Excluded Minors,source,uncertain,topic_screen,retain,Optimization and numerics
TCS-6319,Optimization and numerics,Maintaining Perfect Matchings at Low Cost,source,uncertain,topic_screen,retain,Optimization and numerics
TCS-6483,Optimization and numerics,Improved Lower Bounds for Submodular Function Minimization,source,source_open,topic_screen,retain,Optimization and numerics
TCS-7007,Optimization and numerics,Obtain relative spectral low-rank approximation in O(nnz(A))+n·poly(k/ε) time.,source,source_open,topic_screen,retain,Optimization and numerics
TCS-7008,Optimization and numerics,Obtain polynomial-time relative low-rank approximation in entrywise ℓ₁ error.,source,source_open,topic_screen,retain,Optimization and numerics
TCS-6579,Optimization and numerics,Crouzeix’s sharp numerical-range inequality,reviewed,resolved,topic_screen,retain,Optimization and numerics
TCS-6523,Computational geometry and metric spaces,Does every isotropic log-concave measure have a dimension-free Poincaré constant?,reviewed,source_open,topic_screen,retain,Computational geometry and metric spaces
TCS-6525,Computational geometry and metric spaces,Gupta–Newman–Rabinovich–Sinclair conjecture,reviewed,source_open,topic_screen,retain,Computational geometry and metric spaces
TCS-6528,Computational geometry and metric spaces,Unknot recognition in polynomial time,reviewed,uncertain,topic_screen,retain,Computational geometry and metric spaces
TCS-6573,Computational geometry and metric spaces,Polynomial Hirsch conjecture for edge-path diameter,reviewed,source_open,topic_screen,retain,Computational geometry and metric spaces
TCS-0318,Computational geometry and metric spaces,How many k-element subsets can a line separate from a planar point set?,reviewed,source_open,topic_screen,retain,Computational geometry and metric spaces
TCS-6524,Computational geometry and metric spaces,Lang–Plaut problem,source,source_open,topic_screen,retain,Computational geometry and metric spaces
TCS-6526,Computational geometry and metric spaces,Optimal size of weak ε-nets for convex ranges,source,source_open,topic_screen,retain,Computational geometry and metric spaces
TCS-0406,Computational geometry and metric spaces,Edge-Unfolding Convex Polyhedra,index,uncertain,topic_screen,retain,Computational geometry and metric spaces
TCS-6527,Computational geometry and metric spaces,Constant-distortion Steiner point removal,source,source_open,topic_screen,retain,Computational geometry and metric spaces
TCS-6529,Computational geometry and metric spaces,Optimal ℓ₁ distortion of planar Earth Mover Distance,source,source_open,topic_screen,retain,Computational geometry and metric spaces
TCS-7184,Computational geometry and metric spaces,The optimal complexity of Klee's measure problem in higher dimensions,source,source_open,topic_screen,retain,Computational geometry and metric spaces
TCS-0590,Computational geometry and metric spaces,Hill’s conjecture for the crossing number of complete graphs,reviewed,source_open,topic_screen,retain,Computational geometry and metric spaces
TCS-7182,Computational geometry and metric spaces,The complexity of SEFE for two graphs,source,source_open,topic_screen,retain,Computational geometry and metric spaces
TCS-0403,Computational geometry and metric spaces,Euclidean Minimum Spanning Tree,index,uncertain,topic_screen,retain,Computational geometry and metric spaces
TCS-7185,Computational geometry and metric spaces,The Gilbert–Pollak Steiner-ratio conjecture,source,source_open,topic_screen,retain,Computational geometry and metric spaces
TCS-0408,Computational geometry and metric spaces,Minimum Euclidean Matching in 2D,index,uncertain,topic_screen,retain,Computational geometry and metric spaces
TCS-0378,Computational geometry and metric spaces,Chromatic Number of the Plane,index,uncertain,topic_screen,retain,Computational geometry and metric spaces
TCS-0427,Computational geometry and metric spaces,NP certificates for homeomorphism of three-manifolds,index,uncertain,topic_screen,retain,Computational geometry and metric spaces
TCS-7183,Computational geometry and metric spaces,Find a simple closed quasigeodesic in polynomial time,source,source_open,topic_screen,retain,Computational geometry and metric spaces
TCS-7188,Computational geometry and metric spaces,Three-page book embedding with a fixed vertex order,source,source_open,topic_screen,retain,Computational geometry and metric spaces
TCS-7189,Computational geometry and metric spaces,Is minimum-weight triangulation in NP?,source,source_open,topic_screen,retain,Computational geometry and metric spaces
TCS-0410,Computational geometry and metric spaces,Output-sensitive Convex Hull in \R^d,index,uncertain,topic_screen,retain,Computational geometry and metric spaces
TCS-0973,Computational geometry and metric spaces,Sketching Earth Mover Distance,index,uncertain,topic_screen,retain,Computational geometry and metric spaces
TCS-0417,Computational geometry and metric spaces,Voronoi Diagram of Lines in 3D,index,uncertain,topic_screen,retain,Computational geometry and metric spaces
TCS-0419,Computational geometry and metric spaces,coNP certificates for three-manifold homeomorphism,index,uncertain,topic_screen,retain,Computational geometry and metric spaces
TCS-7187,Computational geometry and metric spaces,Do graphs of maximum degree four have bounded slope number?,source,source_open,topic_screen,retain,Computational geometry and metric spaces
TCS-0411,Computational geometry and metric spaces,Point Location in 3D Subdivision,index,uncertain,topic_screen,retain,Computational geometry and metric spaces
TCS-7186,Computational geometry and metric spaces,The strong Papadimitriou–Ratajczak conjecture,source,source_open,topic_screen,retain,Computational geometry and metric spaces
TCS-0402,Computational geometry and metric spaces,Distances among Point Sets in \R^2 and \R^3,index,uncertain,topic_screen,retain,Computational geometry and metric spaces
TCS-0391,Computational geometry and metric spaces,Thrackles,index,uncertain,topic_screen,retain,Computational geometry and metric spaces
TCS-0430,Computational geometry and metric spaces,NP-hardness of three-manifold homeomorphism,index,uncertain,topic_screen,retain,Computational geometry and metric spaces
TCS-0416,Computational geometry and metric spaces,Visibility Graph Recognition,index,uncertain,topic_screen,retain,Computational geometry and metric spaces
TCS-0990,Computational geometry and metric spaces,Estimating Earth-Mover Distance,index,uncertain,topic_screen,retain,Computational geometry and metric spaces
TCS-0377,Computational geometry and metric spaces,Smallest Universal Set of Points for Planar Graphs,index,uncertain,topic_screen,retain,Computational geometry and metric spaces
TCS-0423,Computational geometry and metric spaces,Efficient algorithms for multiparameter persistence,index,uncertain,topic_screen,retain,Computational geometry and metric spaces
TCS-0322,Computational geometry and metric spaces,Plane (1 + ε)-spanners in R2,index,uncertain,topic_screen,retain,Computational geometry and metric spaces
TCS-0373,Computational geometry and metric spaces,Zipper Unfoldings of Convex Polyhedra,index,uncertain,topic_screen,retain,Computational geometry and metric spaces
TCS-0405,Computational geometry and metric spaces,Vertex-Unfolding Polyhedra,index,uncertain,topic_screen,retain,Computational geometry and metric spaces
TCS-0321,Computational geometry and metric spaces,Planar Spanners,index,uncertain,topic_screen,retain,Computational geometry and metric spaces
TCS-0399,Computational geometry and metric spaces,Union of Fat Objects in 3D,index,uncertain,topic_screen,retain,Computational geometry and metric spaces
TCS-0415,Computational geometry and metric spaces,Vertical Decompositions in \R^d,index,uncertain,topic_screen,retain,Computational geometry and metric spaces
TCS-0434,Computational geometry and metric spaces,Proving guarantees for manifold reconstruction,index,uncertain,topic_screen,retain,Computational geometry and metric spaces
TCS-0326,Computational geometry and metric spaces,Similarity of Curves (Fréchet Distance),index,uncertain,topic_screen,retain,Computational geometry and metric spaces
TCS-0412,Computational geometry and metric spaces,Polygonal Curve Simplification,index,uncertain,topic_screen,retain,Computational geometry and metric spaces
TCS-0432,Computational geometry and metric spaces,Polynomial flip-distance bounds for three-manifold triangulations,index,uncertain,topic_screen,retain,Computational geometry and metric spaces
TCS-0433,Computational geometry and metric spaces,Polynomial height paths between three-manifold triangulations,index,uncertain,topic_screen,retain,Computational geometry and metric spaces
TCS-2529,Computational geometry and metric spaces,"First, is there an exact polynomial time algorithm for embedding into ultrametrics or even a PTAS?",index,uncertain,topic_screen,retain,Computational geometry and metric spaces
TCS-0348,Computational geometry and metric spaces,Fast separators in Delaunay triangulations and convex hulls,index,uncertain,topic_screen,retain,Computational geometry and metric spaces
TCS-0353,Computational geometry and metric spaces,Near-linear-time weighted planar centerpoints,index,uncertain,topic_screen,retain,Computational geometry and metric spaces
TCS-0414,Computational geometry and metric spaces,Surface Reconstruction,index,uncertain,topic_screen,retain,Computational geometry and metric spaces
TCS-0428,Computational geometry and metric spaces,NP recognition of closed hyperbolic three-manifolds,index,uncertain,topic_screen,retain,Computational geometry and metric spaces
TCS-0429,Computational geometry and metric spaces,NP recognition of small Seifert-fibred spaces,index,uncertain,topic_screen,retain,Computational geometry and metric spaces
TCS-0381,Computational geometry and metric spaces,Flip Graph Connectivity in 3D,index,uncertain,topic_screen,retain,Computational geometry and metric spaces
TCS-0382,Computational geometry and metric spaces,General Unfoldings of Nonconvex Polyhedra,index,uncertain,topic_screen,retain,Computational geometry and metric spaces
TCS-0385,Computational geometry and metric spaces,Hamiltonian Tetrahedralizations,index,uncertain,topic_screen,retain,Computational geometry and metric spaces
TCS-0435,Computational geometry and metric spaces,Subcubic representative computation in persistent homology,index,uncertain,topic_screen,retain,Computational geometry and metric spaces
TCS-0328,Computational geometry and metric spaces,Sparse (1 + ϵ)-emulator for Euclidean Point Sets,index,uncertain,topic_screen,retain,Computational geometry and metric spaces
TCS-0330,Computational geometry and metric spaces,Tree Cover for Unit Ball Graphs,index,uncertain,topic_screen,retain,Computational geometry and metric spaces
TCS-0340,Computational geometry and metric spaces,Average Distortion Embeddings,index,uncertain,topic_screen,retain,Computational geometry and metric spaces
TCS-0387,Computational geometry and metric spaces,Dynamic Planar Nearest Neighbors,index,uncertain,topic_screen,retain,Computational geometry and metric spaces
TCS-0965,Computational geometry and metric spaces,Low Expansion Encoding of Edit Distance,index,uncertain,topic_screen,retain,Computational geometry and metric spaces
TCS-0970,Computational geometry and metric spaces,Fast JL Transform for Sparse Vectors,index,uncertain,topic_screen,retain,Computational geometry and metric spaces
TCS-0413,Computational geometry and metric spaces,Simple Linear-Time Polygon Triangulation,index,uncertain,topic_screen,retain,Computational geometry and metric spaces
TCS-0339,Computational geometry and metric spaces,Why Are Polytime and NP-Hard Switched for Fréchet and Hausdorff?,index,uncertain,topic_screen,retain,Computational geometry and metric spaces
TCS-0363,Computational geometry and metric spaces,Negative cycles on surface embedded graphs,index,uncertain,topic_screen,retain,Computational geometry and metric spaces
TCS-0401,Computational geometry and metric spaces,Compatible Triangulations,index,uncertain,topic_screen,retain,Computational geometry and metric spaces
TCS-2932,Computational geometry and metric spaces,Is there a constant t ∈ N for which every intersection graph of n disks or rectangles admits t-hop spanner with O(n) edges?,index,uncertain,topic_screen,retain,Computational geometry and metric spaces
TCS-0418,Computational geometry and metric spaces,Compact monodromy descriptions from triangulated surface bundles,index,uncertain,topic_screen,retain,Computational geometry and metric spaces
TCS-0420,Computational geometry and metric spaces,Counting hyperbolic three-manifolds of bounded triangulation complexity,index,uncertain,topic_screen,retain,Computational geometry and metric spaces
TCS-0421,Computational geometry and metric spaces,Counting triangulations of the three-sphere,index,uncertain,topic_screen,retain,Computational geometry and metric spaces
TCS-0425,Computational geometry and metric spaces,Manifold dependence of triangulation flip-distance growth,index,uncertain,topic_screen,retain,Computational geometry and metric spaces
TCS-0431,Computational geometry and metric spaces,Optimal discrete Morse extensions of partial matchings,index,uncertain,topic_screen,retain,Computational geometry and metric spaces
TCS-1089,Computational geometry and metric spaces,Exists-R hardness of 2-complex embeddings in 4D,index,uncertain,topic_screen,retain,Computational geometry and metric spaces
TCS-0317,Computational geometry and metric spaces,Is Finding Positive Euler Characteristic Normal Surfaces FPT?,index,uncertain,topic_screen,retain,Computational geometry and metric spaces
TCS-0324,Computational geometry and metric spaces,Precision of continuous distance problems,index,uncertain,topic_screen,retain,Computational geometry and metric spaces
TCS-0331,Computational geometry and metric spaces,Treewidth of 3-Manifolds,index,uncertain,topic_screen,retain,Computational geometry and metric spaces
TCS-0346,Computational geometry and metric spaces,Deciding negative contractible walks on genus-two surfaces,index,uncertain,topic_screen,retain,Computational geometry and metric spaces
TCS-0354,Computational geometry and metric spaces,Recognizing Minkowski sums of zero-one polytopes,index,uncertain,topic_screen,retain,Computational geometry and metric spaces
TCS-0376,Computational geometry and metric spaces,Edge-Coloring Geometric Graphs,index,uncertain,topic_screen,retain,Computational geometry and metric spaces
TCS-0398,Computational geometry and metric spaces,Planar Euclidean Maximum TSP,index,uncertain,topic_screen,retain,Computational geometry and metric spaces
TCS-0472,Computational geometry and metric spaces,Can circle–segment reporting on connected planar graphs have additive output cost?,reviewed,source_open,topic_screen,retain,Computational geometry and metric spaces
TCS-0048,Computational geometry and metric spaces,Conjecture: Log-concavity of conic intrinsic volumes,index,uncertain,topic_screen,retain,Computational geometry and metric spaces
TCS-0049,Computational geometry and metric spaces,Cylindrical decomposition with topologically regular cells,index,uncertain,topic_screen,retain,Computational geometry and metric spaces
TCS-1397,Computational geometry and metric spaces,Is it NP-hard to find the optimal outlier set size when probabilistically embedding a given metric into HSTs with a small fixed distortion?,index,uncertain,topic_screen,retain,Computational geometry and metric spaces
TCS-1468,Computational geometry and metric spaces,Can four-sided skyline reporting match ordinary range reporting?,reviewed,open,topic_screen,retain,Computational geometry and metric spaces
TCS-1551,Computational geometry and metric spaces,"Is there a Oε (1)-light (Oε (1), 1 + ε)-tree cover for Euclidean metrics?",index,uncertain,topic_screen,retain,Computational geometry and metric spaces
TCS-1960,Computational geometry and metric spaces,Can a constant-factor approximation be computed in time O(n2−δ ) for some constant δ > 0?,index,uncertain,topic_screen,retain,Computational geometry and metric spaces
TCS-2253,Computational geometry and metric spaces,Is there a hyperbolic Steiner (1 + ε)-spanner with only O n/ε(d−1)/2 edges?,index,uncertain,topic_screen,retain,Computational geometry and metric spaces
TCS-3848,Computational geometry and metric spaces,"The parameterized complexity of embedding into trees of unbounded degree, asked in [7], still remains open.",index,uncertain,topic_screen,retain,Computational geometry and metric spaces
TCS-4194,Computational geometry and metric spaces,"More generally, does an approximate Voronoi diagram of size O(nk+1 ) exist for a set of k-dimensional flats in Rd , for d > k?",index,uncertain,topic_screen,retain,Computational geometry and metric spaces
TCS-1064,Computational geometry and metric spaces,Universality of collinearity logic,index,uncertain,topic_screen,retain,Computational geometry and metric spaces
TCS-1072,Computational geometry and metric spaces,Semialgebraic art galleries in exists-R,index,uncertain,topic_screen,retain,Computational geometry and metric spaces
TCS-1078,Computational geometry and metric spaces,Complexity of unrestricted graph slope number,index,uncertain,topic_screen,retain,Computational geometry and metric spaces
TCS-1086,Computational geometry and metric spaces,Unit-linkage hardness in arbitrary fixed dimension,index,uncertain,topic_screen,retain,Computational geometry and metric spaces
TCS-1087,Computational geometry and metric spaces,Hardness of four-dimensional simplicial-polytope realizability,index,uncertain,topic_screen,retain,Computational geometry and metric spaces
TCS-1088,Computational geometry and metric spaces,Complexity of three-dimensional Delaunay realizability,index,uncertain,topic_screen,retain,Computational geometry and metric spaces
TCS-0471,Computational geometry and metric spaces,Reporting object intersections inside half-plane queries,index,uncertain,topic_screen,retain,Computational geometry and metric spaces
TCS-0320,Computational geometry and metric spaces,Patterns in Unweighted Planar Graphs,index,uncertain,topic_screen,retain,Computational geometry and metric spaces
TCS-0323,Computational geometry and metric spaces,Polygonal representations of knots,index,uncertain,topic_screen,retain,Computational geometry and metric spaces
TCS-0327,Computational geometry and metric spaces,Simple Polygonalizations,index,uncertain,topic_screen,retain,Computational geometry and metric spaces
TCS-0335,Computational geometry and metric spaces,Flipping Spanning Trees,index,uncertain,topic_screen,retain,Computational geometry and metric spaces
TCS-0338,Computational geometry and metric spaces,Shortest Path Retaining k Obstacles,index,uncertain,topic_screen,retain,Computational geometry and metric spaces
TCS-0343,Computational geometry and metric spaces,Polyhedral Surface Approximation,index,uncertain,topic_screen,retain,Computational geometry and metric spaces
TCS-0349,Computational geometry and metric spaces,Hamiltonian cycles in first-order Delaunay graphs,index,uncertain,topic_screen,retain,Computational geometry and metric spaces
TCS-0350,Computational geometry and metric spaces,Maximum number of weighted separable planar point subsets,index,uncertain,topic_screen,retain,Computational geometry and metric spaces
TCS-0360,Computational geometry and metric spaces,Is G area-universal?,index,uncertain,topic_screen,retain,Computational geometry and metric spaces
TCS-0374,Computational geometry and metric spaces,Congruent Partitions of Polygons,index,uncertain,topic_screen,retain,Computational geometry and metric spaces
TCS-0397,Computational geometry and metric spaces,Traveling Salesman Problem in Solid Grid Graphs,index,uncertain,topic_screen,retain,Computational geometry and metric spaces
TCS-0404,Computational geometry and metric spaces,The Number of Pointed Pseudotriangulations,index,uncertain,topic_screen,retain,Computational geometry and metric spaces
TCS-0409,Computational geometry and metric spaces,Minimum-Link Path in 2D,index,uncertain,topic_screen,retain,Computational geometry and metric spaces
TCS-0311,Computational geometry and metric spaces,Approximate Simplification of Flag Filtrations,index,uncertain,topic_screen,retain,Computational geometry and metric spaces
TCS-0314,Computational geometry and metric spaces,DAG Covers for Directed Graph Classes,index,uncertain,topic_screen,retain,Computational geometry and metric spaces
TCS-1212,Computational geometry and metric spaces,The hardness of computing a minimum dilation tournament is an open problem.,index,uncertain,topic_screen,retain,Computational geometry and metric spaces
TCS-1242,Computational geometry and metric spaces,"First, does a PTAS exist for the Hitting Set problem with (f, r)-piercing regions?",index,uncertain,topic_screen,retain,Computational geometry and metric spaces
TCS-1294,Computational geometry and metric spaces,"For every triangulation K on n vertices of a connected compact surface without boundary, {1, 3, n} ∈ ∆ex (K).",index,uncertain,topic_screen,retain,Computational geometry and metric spaces
TCS-1354,Computational geometry and metric spaces,"In particular, known constructions have not been analyzed in terms of lightness, and it remains open whether one can achieve near-optimal weight while retaining asymptotically […]",index,uncertain,topic_screen,retain,Computational geometry and metric spaces
TCS-1356,Computational geometry and metric spaces,Diameter-∆ of the intersection graph of low-complexity geometric objects (regardless of the dimension) can be solved in truly-subquadratic time if the VC dimension of ∆-neighborhoods […],index,uncertain,topic_screen,retain,Computational geometry and metric spaces
TCS-1636,Computational geometry and metric spaces,"Finally, can we generalize the planar studies of distances among weighted regions [9,17,30] to R3 ?",index,uncertain,topic_screen,retain,Computational geometry and metric spaces
TCS-1679,Computational geometry and metric spaces,Does every point set admit an oriented t-spanner with t < 2?,index,uncertain,topic_screen,retain,Computational geometry and metric spaces
TCS-1734,Computational geometry and metric spaces,An equally fascinating problem is the worst-case dilation of triangulations; here we conjecture that the asymptotic dilation for regular n-gons corresponds to the worst-case dilation […],index,uncertain,topic_screen,retain,Computational geometry and metric spaces
TCS-1762,Computational geometry and metric spaces,"We conjecture that tight instances exist in these spaces, i.e., the spanner bounds obtained in [25, 22] are optimal for every stretch t.",index,uncertain,topic_screen,retain,Computational geometry and metric spaces
TCS-1793,Computational geometry and metric spaces,"Can a (truly) sub-quadratic algorithm be devised for disks, unit disks, or axis-aligned segments?",index,uncertain,topic_screen,retain,Computational geometry and metric spaces
TCS-1848,Computational geometry and metric spaces,Is there a constant cd such that Independent Set can be solved in polynomial time in Hd when r ≥ cd log n?,index,uncertain,topic_screen,retain,Computational geometry and metric spaces
TCS-1850,Computational geometry and metric spaces,"For any integers t, d ≥ 1, every n-vertex graph G ∈ Ctd has a balanced separator of size Ot,d (n1− d+1 ). 1",index,uncertain,topic_screen,retain,Computational geometry and metric spaces
TCS-1860,Computational geometry and metric spaces,Does every st-plane graph admit a planar straight-line dominance drawing?,index,uncertain,topic_screen,retain,Computational geometry and metric spaces
TCS-1861,Computational geometry and metric spaces,"Is there a linear space data structure that supports vertical slab closest pair √ queries in o( n) time, or even in O(polylog (n)) time?",index,uncertain,topic_screen,retain,Computational geometry and metric spaces
TCS-1909,Computational geometry and metric spaces,"Are there implicit geometric intersection graphs, such as unit-disk graphs or say, interval graphs, for which the exact densest subgraph can be computed in sub-quadratic […]",index,uncertain,topic_screen,retain,Computational geometry and metric spaces
TCS-1910,Computational geometry and metric spaces,"We study different variants of the following question: Given a set S of n points in a polygon P , does there always exist two […]",index,uncertain,topic_screen,retain,Computational geometry and metric spaces
TCS-1924,Computational geometry and metric spaces,The most salient remaining open problem is the one that motivated this research: is there a constant k such that all planar graphs can be […],index,uncertain,topic_screen,retain,Computational geometry and metric spaces
TCS-1932,Computational geometry and metric spaces,Is there a subquadratic algorithm for Diameter or k-Diameter for unit-disk intersection graphs?,index,uncertain,topic_screen,retain,Computational geometry and metric spaces
TCS-2016,Computational geometry and metric spaces,"However, it remains an open problem whether rational coordinates always suffice in an optimal packing.",index,uncertain,topic_screen,retain,Computational geometry and metric spaces
TCS-2055,Computational geometry and metric spaces,Every simple drawing of Kn with n ≥ 3 contains a plane Hamiltonian subdrawing on 2n − 3 edges.,index,uncertain,topic_screen,retain,Computational geometry and metric spaces
TCS-2105,Computational geometry and metric spaces,"Finally, we have only considered non-separating closed curves, and leave open the complexity of computing a shortest separating closed curve with a given topological type […]",index,uncertain,topic_screen,retain,Computational geometry and metric spaces
TCS-2317,Computational geometry and metric spaces,"An obvious open problem is to improve upon our bounds: do intersection graphs of geodesic disks admit a separator of size o(n3/4 ), either in […]",index,uncertain,topic_screen,retain,Computational geometry and metric spaces
TCS-2356,Computational geometry and metric spaces,What is the complexity of computing the treewidth of a 3-manifold?,index,uncertain,topic_screen,retain,Computational geometry and metric spaces
TCS-2364,Computational geometry and metric spaces,"Is there a lower bound of k versus Ω(nαk (n)) between the diameter and the number of edges, for all k, for Euclidean (1 + […]",index,uncertain,topic_screen,retain,Computational geometry and metric spaces
TCS-2390,Computational geometry and metric spaces,It remains an open problem whether the number of moves can be reduced to be polynomial in both k and n.,index,uncertain,topic_screen,retain,Computational geometry and metric spaces
TCS-2405,Computational geometry and metric spaces,It is an open problem is to lower the exponential dependence on d and k.,index,uncertain,topic_screen,retain,Computational geometry and metric spaces
TCS-2491,Computational geometry and metric spaces,The question of whether or not there exists an algorithm in 2D with running time fully polynomial in k remains open (for the Fréchet distance […],index,uncertain,topic_screen,retain,Computational geometry and metric spaces
TCS-2669,Computational geometry and metric spaces,Can any complete geometric graph on n vertices be partitioned into nc plane subgraphs for some constant c > 1?,index,uncertain,topic_screen,retain,Computational geometry and metric spaces
TCS-2876,Computational geometry and metric spaces,What about tsp with obstacles in higher dimensions?,index,uncertain,topic_screen,retain,Computational geometry and metric spaces
TCS-3015,Computational geometry and metric spaces,Can the Hanani-Tutte criteria for the projective plane and the torus be turned into a polynomial-time test?,index,uncertain,topic_screen,retain,Computational geometry and metric spaces
TCS-3059,Computational geometry and metric spaces,We leave as a major open question to find new algorithms for LLARP that might tackle the 50% conjecture.,index,uncertain,topic_screen,retain,Computational geometry and metric spaces
TCS-3069,Computational geometry and metric spaces,"On the other hand, it is an open problem whether the pizza cutting theorem also holds in other dimensions.",index,uncertain,topic_screen,retain,Computational geometry and metric spaces
TCS-3091,Computational geometry and metric spaces,"Therefore, exploring trade-offs between lightness and sparsity in Euclidean d-space remains an open problem.",index,uncertain,topic_screen,retain,Computational geometry and metric spaces
TCS-3097,Computational geometry and metric spaces,Ordered curve pseudo-visibility graphs can be recognized in polynomial time.,index,uncertain,topic_screen,retain,Computational geometry and metric spaces
TCS-3103,Computational geometry and metric spaces,"We leave finding such an algorithm, even for the case of Schatten-p norms with p ≥ 2, as an open problem.",index,uncertain,topic_screen,retain,Computational geometry and metric spaces
TCS-3124,Computational geometry and metric spaces,"Even for the static problem, we do not know how to get O(polylog n + k) query time with O(n polylog n) space; current techniques […]",index,uncertain,topic_screen,retain,Computational geometry and metric spaces
TCS-3138,Computational geometry and metric spaces,It remains an open problem to find the optimum dependence of ε for plane Steiner (1 + ε)-spanners; and for plane Steiner (1 + ε)-spanners […],index,uncertain,topic_screen,retain,Computational geometry and metric spaces
TCS-3194,Computational geometry and metric spaces,How hard is it to find the farthest visibility Voronoi diagram of a polygon?,index,uncertain,topic_screen,retain,Computational geometry and metric spaces
TCS-3201,Computational geometry and metric spaces,"In particular, can the union of n hypercubes in R4 be computed in O(n polylog(n) + κ) time?",index,uncertain,topic_screen,retain,Computational geometry and metric spaces
TCS-3254,Computational geometry and metric spaces,"Ideally, can we obtain query time of O(n1+ε /s1/3 ), with s storage, as in the case of ray shooting amid planes?",index,uncertain,topic_screen,retain,Computational geometry and metric spaces
TCS-3274,Computational geometry and metric spaces,"The question whether the degree can be reduced to 3 keeping t bounded, still remains open at this time; refer to [9, Problem 14] and […]",index,uncertain,topic_screen,retain,Computational geometry and metric spaces
TCS-3369,Computational geometry and metric spaces,"In contrast, we do not know whether the problem can be solved in polynomial time in the annular domain.",index,uncertain,topic_screen,retain,Computational geometry and metric spaces
TCS-3423,Computational geometry and metric spaces,"However, we conjecture that in any “reasonable” setting, (including, e.g., all the geometric scenarios discussed in Section 5, and all hypergraphs with hereditarily small -nets), […]",index,uncertain,topic_screen,retain,Computational geometry and metric spaces
TCS-3503,Computational geometry and metric spaces,Are there n-element point sets for which every 2-hop spanner has ω(n) edges?,index,uncertain,topic_screen,retain,Computational geometry and metric spaces
TCS-3537,Computational geometry and metric spaces,Is it possible to construct a linear-space data structure that supports five-dimensional dominance range reporting queries in poly-logarithmic time?,index,uncertain,topic_screen,retain,Computational geometry and metric spaces
TCS-3647,Computational geometry and metric spaces,It remains open whether the dynamic Hausdorff distance and discrete 1-center problem in dimensions d ≥ 3 can similarly be solved in sublinear time.,index,uncertain,topic_screen,retain,Computational geometry and metric spaces
TCS-3648,Computational geometry and metric spaces,"Like Gitler [20], Feo and Provan [19], and Archdeacon et al. [2], we conjecture that O(n3/2 ) facial electrical transformations suffice.",index,uncertain,topic_screen,retain,Computational geometry and metric spaces
TCS-3780,Computational geometry and metric spaces,"For example, can we obtain a sharp bound in four dimensions, similar to the bound in Sharir [14] for k-sets in R4 ?",index,uncertain,topic_screen,retain,Computational geometry and metric spaces
TCS-3825,Computational geometry and metric spaces,"Is the dependence on h in the exponent of n necessary, or is there a fixed-parameter tractable algorithm for this problem?",index,uncertain,topic_screen,retain,Computational geometry and metric spaces
TCS-3902,Computational geometry and metric spaces,"Updating an abstract Voronoi diagram, after deletion of one site, in deterministic linear time remains an open problem.",index,uncertain,topic_screen,retain,Computational geometry and metric spaces
TCS-3930,Computational geometry and metric spaces,"As we have seen already in the introduction, a 4-coloring of points wrt. disks always exists (for m = 2), however the existence of a […]",index,uncertain,topic_screen,retain,Computational geometry and metric spaces
TCS-4061,Computational geometry and metric spaces,"Does UGC imply that for all c > 1, it is hard to c-approximate 1-Homology Localization on triangulations of 2-manifolds (over Zk for k = […]",index,uncertain,topic_screen,retain,Computational geometry and metric spaces
TCS-4070,Computational geometry and metric spaces,What is the computational complexity of recognizing k-quasiplanar graphs?,index,uncertain,topic_screen,retain,Computational geometry and metric spaces
TCS-4236,Computational geometry and metric spaces,Is there an algorithm to construct or detect combinatorial immersions that have a realization in the configuration of geodesics for some hyperbolic metric?,index,uncertain,topic_screen,retain,Computational geometry and metric spaces
TCS-4248,Computational geometry and metric spaces,"This complexity of the leash has been preventing us from developing a polynomial-time algorithm, and thus it remains open whether the general case can be […]",index,uncertain,topic_screen,retain,Computational geometry and metric spaces
TCS-4269,Computational geometry and metric spaces,"What is the complexity of the following flip distance problem for labelled triangulations: Given two labelled triangulations and a number k, is there a flip […]",index,uncertain,topic_screen,retain,Computational geometry and metric spaces
TCS-4325,Computational geometry and metric spaces,"Further, the question whether any 2-connected planar graph admits a strongly monotone drawing remains open.",index,uncertain,topic_screen,retain,Computational geometry and metric spaces
TCS-4353,Computational geometry and metric spaces,"It is an open problem to decide efficiently whether a drawing of a graph H is weakly simple, i.e., whether a drawing P of H […]",index,uncertain,topic_screen,retain,Computational geometry and metric spaces
TCS-4427,Computational geometry and metric spaces,Can it be decided efficiently if a polyomino has a k-isohedral tiling?,index,uncertain,topic_screen,retain,Computational geometry and metric spaces
TCS-4454,Computational geometry and metric spaces,"Specifically, we conjecture that there exist Dp ∈ [1, ∞) such that for every finite metric space (X, dX ) we have p cPp (R3 […]",index,uncertain,topic_screen,retain,Computational geometry and metric spaces
TCS-4455,Computational geometry and metric spaces,Is it true that for every convex polygon P there is a constant m := m(P ) such that it is possible to 2-color any […],index,uncertain,topic_screen,retain,Computational geometry and metric spaces
TCS-4462,Computational geometry and metric spaces,"The general theme in our algorithm is whether local regularity implies global regularity; in other words, when sufficiently large neighborhoods of all points look the […]",index,uncertain,topic_screen,retain,Computational geometry and metric spaces
TCS-4484,Computational geometry and metric spaces,We leave open the main conjecture that the geodesic star unfolding does not overlap.,index,uncertain,topic_screen,retain,Computational geometry and metric spaces
TCS-4505,Computational geometry and metric spaces,We leave open the question whether any two straight-line drawings of the same plane graph G can be morphed so that every intermediate drawing has […],index,uncertain,topic_screen,retain,Computational geometry and metric spaces
TCS-4549,Computational geometry and metric spaces,Can a perfect colorful choice be computed in polynomial time if we have poly(d) color classes?,index,uncertain,topic_screen,retain,Computational geometry and metric spaces
TCS-4650,Computational geometry and metric spaces,Is there a linear-space data structure for halfspace range mode in Rd 2 that supports queries in o(n1−1/d ) time?,index,uncertain,topic_screen,retain,Computational geometry and metric spaces
TCS-5133,Computational geometry and metric spaces,Strong Hanani-Tutte for the Torus,source,source_open,topic_screen,retain,Computational geometry and metric spaces
TCS-5264,Computational geometry and metric spaces,Linear Time Single-Source Shortest Path Algorithms in Euclidean Graph Classes — Open Problem 2,source,source_open,topic_screen,retain,Computational geometry and metric spaces
TCS-5498,Computational geometry and metric spaces,Improved Compression of the Okamura-Seymour Metric,source,uncertain,topic_screen,retain,Computational geometry and metric spaces
TCS-5639,Computational geometry and metric spaces,Bi-Lipschitz Extensions and Outlier Embeddings into Trees,source,uncertain,topic_screen,retain,Computational geometry and metric spaces
TCS-5652,Computational geometry and metric spaces,"Computing L_∞ Hausdorff Distances Under Translations: The Interplay of Dimensionality, Symmetry and Discreteness",source,uncertain,topic_screen,retain,Computational geometry and metric spaces
TCS-5680,Computational geometry and metric spaces,Subcoloring of (Unit) Disk Graphs,source,uncertain,topic_screen,retain,Computational geometry and metric spaces
TCS-5729,Computational geometry and metric spaces,Ortho-Radial Drawing in Near-Linear Time,source,uncertain,topic_screen,retain,Computational geometry and metric spaces
TCS-5731,Computational geometry and metric spaces,The Complexity of Geodesic Spanners,source,uncertain,topic_screen,retain,Computational geometry and metric spaces
TCS-5875,Computational geometry and metric spaces,"Between Shapes, Using the Hausdorff Distance",source,uncertain,topic_screen,retain,Computational geometry and metric spaces
TCS-5881,Computational geometry and metric spaces,"Scattering and Sparse Partitions, and Their Applications",source,uncertain,topic_screen,retain,Computational geometry and metric spaces
TCS-5884,Computational geometry and metric spaces,Isometric-Universal Graphs for Trees,source,source_open,topic_screen,retain,Computational geometry and metric spaces
TCS-5891,Computational geometry and metric spaces,Coloring Intersection Hypergraphs of Pseudo-Disks,source,source_open,topic_screen,retain,Computational geometry and metric spaces
TCS-5913,Computational geometry and metric spaces,Optimal Algorithm for Geodesic Farthest-Point Voronoi Diagrams,source,uncertain,topic_screen,retain,Computational geometry and metric spaces
TCS-5927,Computational geometry and metric spaces,Simultaneous Representation of Interval Graphs in the Sunflower Case,source,source_open,topic_screen,retain,Computational geometry and metric spaces
TCS-5952,Computational geometry and metric spaces,Towards Sub-Quadratic Diameter Computation in Geometric Intersection Graphs,source,uncertain,topic_screen,retain,Computational geometry and metric spaces
TCS-5986,Computational geometry and metric spaces,Unlabeled Multi-Robot Motion Planning with Tighter Separation Bounds,source,source_open,topic_screen,retain,Computational geometry and metric spaces
TCS-6120,Computational geometry and metric spaces,Hardness Results for Laplacians of Simplicial Complexes via Sparse-Linear Equation Complete Gadgets,source,uncertain,topic_screen,retain,Computational geometry and metric spaces
TCS-6199,Computational geometry and metric spaces,Parametrized Complexity of Expansion Height,source,uncertain,topic_screen,retain,Computational geometry and metric spaces
TCS-6286,Computational geometry and metric spaces,Kernelization for H-Coloring,source,uncertain,topic_screen,retain,Computational geometry and metric spaces
TCS-6378,Computational geometry and metric spaces,Linear-Time Recognition of Map Graphs with Outerplanar Witness,source,uncertain,topic_screen,retain,Computational geometry and metric spaces
TCS-6399,Computational geometry and metric spaces,Constrained Representations of Map Graphs and Half-Squares,source,uncertain,topic_screen,retain,Computational geometry and metric spaces
TCS-6404,Computational geometry and metric spaces,Proper Coloring of Geometric Hypergraphs,source,uncertain,topic_screen,retain,Computational geometry and metric spaces
TCS-6419,Computational geometry and metric spaces,Weak 1/r-Nets for Moving Points,source,source_open,topic_screen,retain,Computational geometry and metric spaces
TCS-6427,Computational geometry and metric spaces,Orthogonal Point Location and Rectangle Stabbing Queries in 3-d,source,uncertain,topic_screen,retain,Computational geometry and metric spaces
TCS-6880,Computational geometry and metric spaces,Approximate the cut cone within constant distortion using a cone with efficient separation.,source,source_open,topic_screen,retain,Computational geometry and metric spaces
TCS-6965,Computational geometry and metric spaces,Compute maximum matchings of unit-disk or unit-square intersection graphs in near-linear time.,source,source_open,topic_screen,retain,Computational geometry and metric spaces
TCS-7006,Computational geometry and metric spaces,Achieve optimal subspace-embedding dimension with the conjectured input-sparsity running time and failure dependence.,source,source_open,topic_screen,retain,Computational geometry and metric spaces
TCS-6541,Learning theory,Does every VC class admit linear-size sample compression?,reviewed,source_open,topic_screen,retain,Learning theory
TCS-6542,Learning theory,Polynomial-time learning parity with constant random noise,reviewed,source_open,topic_screen,retain,Learning theory
TCS-6543,Learning theory,Learning Boolean juntas from uniform random examples,reviewed,source_open,topic_screen,retain,Learning theory
TCS-5358,Learning theory,Polynomial-time distribution-free PAC learning of DNF,reviewed,source_open,topic_screen,retain,Learning theory
TCS-0679,Learning theory,Linear conditional information for proper agnostic VC learning,index,uncertain,topic_screen,retain,Learning theory
TCS-6544,Learning theory,Distribution-free learning of intersections of two halfspaces,source,source_open,topic_screen,retain,Learning theory
TCS-0677,Learning theory,Properly learning decision trees in polynomial time?,index,uncertain,topic_screen,retain,Learning theory
TCS-0691,Learning theory,Recursive Teaching Dimension Versus VC Dimension,index,uncertain,topic_screen,retain,Learning theory
TCS-0694,Learning theory,The Statistical Query Complexity of Learning Sparse Halfspaces,index,uncertain,topic_screen,retain,Learning theory
TCS-0683,Learning theory,Improper learning of mixtures of Gaussians,index,uncertain,topic_screen,retain,Learning theory
TCS-0670,Learning theory,Can Local Regularization Learn All Multiclass Problems?,index,uncertain,topic_screen,retain,Learning theory
TCS-0671,Learning theory,Direct Sums in Learning Theory,index,uncertain,topic_screen,retain,Learning theory
TCS-0664,Learning theory,Is the Power of Deep Learning over Linear Models Inherently Distribution Dependent?,index,uncertain,topic_screen,retain,Learning theory
TCS-0682,Learning theory,Monotonicity of Learning,index,uncertain,topic_screen,retain,Learning theory
TCS-0674,Learning theory,Learning sparse linear concepts by priming the features,index,uncertain,topic_screen,retain,Learning theory
TCS-0676,Learning theory,Learning sequences,index,uncertain,topic_screen,retain,Learning theory
TCS-0690,Learning theory,Valid cost functions for nonlinear dimensionality reduction,index,uncertain,topic_screen,retain,Learning theory
TCS-0663,Learning theory,Is Interaction Necessary for Order-Optimal 1-bit Mean Estimation?,index,uncertain,topic_screen,retain,Learning theory
TCS-0668,Learning theory,Optimal Instance-Dependent Sample Complexity for finding Nash Equilibrium in Two Player Zero-Sum Matrix games,index,uncertain,topic_screen,retain,Learning theory
TCS-0669,Learning theory,Structure-Agnostic Minimax Risk for Partial Linear Model,index,uncertain,topic_screen,retain,Learning theory
TCS-0675,Learning theory,"log(n) factor in ""Local Glivenko-Cantelli""",index,uncertain,topic_screen,retain,Learning theory
TCS-0681,Learning theory,How fast can a multiclass test set be overfit?,index,uncertain,topic_screen,retain,Learning theory
TCS-0684,Learning theory,The Dependence of Sample Complexity Lower Bounds on Planning Horizon,index,uncertain,topic_screen,retain,Learning theory
TCS-0685,Learning theory,Meeting Times for Learning Random Automata,index,uncertain,topic_screen,retain,Learning theory
TCS-0689,Learning theory,Property Elicitation and Elicitation Complexity,index,uncertain,topic_screen,retain,Learning theory
TCS-0726,Learning theory,Restricted Eigenvalue Condition for Heavy Tailed Designs,index,uncertain,topic_screen,retain,Learning theory
TCS-1157,Learning theory,Is ERM relatively smart in the distribution-free setting?,index,uncertain,topic_screen,retain,Learning theory
TCS-1305,Learning theory,Finding the exact worst-case complexity between Ω(1/k) and O(1/ k) remains an open question.,index,uncertain,topic_screen,retain,Learning theory
TCS-1316,Learning theory,Determining the optimal computational–statistical trade-off for Sobolev spaces with invariances remains open.,index,uncertain,topic_screen,retain,Learning theory
TCS-1320,Learning theory,Two questions remain open: (1) Is teacher forcing universally optimal for general hypothesis classes?,index,uncertain,topic_screen,retain,Learning theory
TCS-1343,Learning theory,"If a concept class C is agnostically testably learnable with queries in time t over a distribution D, then it is agnostically testably learnable with […]",index,uncertain,topic_screen,retain,Learning theory
TCS-1361,Learning theory,We leave open √the problem of whether there is an efficient algorithm that uses n = Õ(dε2 κ2 ) samples when κ ⩽ d and […],index,uncertain,topic_screen,retain,Learning theory
TCS-1363,Learning theory,"We leave as an open problem whether there exist polynomial-time algorithms that achieve the optimal error rate exp(−Cd,ε /k) under the weaker condition ε2 d […]",index,uncertain,topic_screen,retain,Learning theory
TCS-1393,Learning theory,"We conjecture that this is not the case, in other words eVCdim(H) = ∞, whenever H contains even a single uncomputable hypothesis.",index,uncertain,topic_screen,retain,Learning theory
TCS-1441,Learning theory,"Likewise, is there a variant of Littlestone dimension that characterizes the optimal mistake bound against efficient online adversaries?",index,uncertain,topic_screen,retain,Learning theory
TCS-1478,Learning theory,"It remains open whether one can remove such constraints and achieve successful learning for all VC classes, which leads to the following open question:",index,uncertain,topic_screen,retain,Learning theory
TCS-1482,Learning theory,"We leave as an open question whether our npoly(L/ε) CSQ lower bound can be extended to the full SQ model, or whether our problem witnesses […]",index,uncertain,topic_screen,retain,Learning theory
TCS-1539,Learning theory,Does there exist an adversarially robust compression scheme of size O(f (dVC )) for C?,index,uncertain,topic_screen,retain,Learning theory
TCS-1541,Learning theory,"Given any hypothesis class H ⊆ [0, 1]X that has finite (γ, k)-fat shattering dimension for all γ, can we construct a list hypothesis class […]",index,uncertain,topic_screen,retain,Learning theory
TCS-1573,Learning theory,"Lastly, of course, the NP-hardness of improper learning for P/poly remains open.",index,uncertain,topic_screen,retain,Learning theory
TCS-1738,Learning theory,"In particular, we do not know if it is possible to design algorithms whose mistake bound depends polynomially on ω(G) instead of h(G) like in […]",index,uncertain,topic_screen,retain,Learning theory
TCS-1739,Learning theory,We leave as an open question whether or not there exists a polynomial time (improper) learning algorithm that obtains an O(1) volume approximation in the […],index,uncertain,topic_screen,retain,Learning theory
TCS-1877,Learning theory,"We leave as an intriguing open problem the question of whether white-box learning of polynomial, or even logarithmic-degree polynomials, also can be collapsed down to […]",index,uncertain,topic_screen,retain,Learning theory
TCS-1941,Learning theory,"For some fixed d ∈ N and ∀n ∈ N, does there exist a concept class Hdn over some instance space X in the binary […]",index,uncertain,topic_screen,retain,Learning theory
TCS-2111,Learning theory,"The existence of a fully-polynomial time algorithm remains open even for the special case of positive weights, where the best known algorithm (Diakonikolas and Kane, […]",index,uncertain,topic_screen,retain,Learning theory
TCS-2336,Learning theory,"Is it true that, for any concept class H, the optimal regret is Θ L(H)T ?",index,uncertain,topic_screen,retain,Learning theory
TCS-2339,Learning theory,"Is there a universal constant c > 0 such that, for each finite concept class C, we have that RTD(C) ≤ c · VCD(C)?",index,uncertain,topic_screen,retain,Learning theory
TCS-2422,Learning theory,It remains open whether learning sparse parities by small programs is NP-hard.,index,uncertain,topic_screen,retain,Learning theory
TCS-2454,Learning theory,"For example, can we get TILU schemes for all concept classes with VC- dimension d, whose space complexity scales as poly(d, log(n), log(|X |))?",index,uncertain,topic_screen,retain,Learning theory
TCS-2557,Learning theory,Does every 0 1 disambiguation H of H satisfy VC(H) = O(1)?,index,uncertain,topic_screen,retain,Learning theory
TCS-2626,Learning theory,"More precisely, is it possible to get an agnostic PAC learning algorithm over any not necessarily explicitly given polysize samplable distribution ensemble D from a […]",index,uncertain,topic_screen,retain,Learning theory
TCS-2654,Learning theory,"Does there exist an online learning rule that is strongly universally consistent for the family {(X, Y) : X ∈ SUOL}?",index,uncertain,topic_screen,retain,Learning theory
TCS-2655,Learning theory,"Is the set SUOL invariant to the specification of (Y, ℓ), subject to (Y, ℓ) being separable with 0 < ℓ̄ < ∞?",index,uncertain,topic_screen,retain,Learning theory
TCS-2670,Learning theory,Does there exist a hypothesis class that is properly CPAC learnable but not properly SCPAC learnable?,index,uncertain,topic_screen,retain,Learning theory
TCS-2827,Learning theory,"In the case of bounded losses, both the question of the existence of optimistically universal online learning rules, and of concisely characterizing the set SUOL, […]",index,uncertain,topic_screen,retain,Learning theory
TCS-3113,Learning theory,Whether hypothesis classes of finite VC dimension exist which are not improperly CPAC learnable in the agnostic case remains an open question.,index,uncertain,topic_screen,retain,Learning theory
TCS-3114,Learning theory,"Thus, the case that remains open concerns uncountable X and general (random) sequences X.",index,uncertain,topic_screen,retain,Learning theory
TCS-3117,Learning theory,"Any learner that tries to learn x ∈ {0, 1}n from a stream of samples of the form (a, b), where a ∈ {0, 1}n […]",index,uncertain,topic_screen,retain,Learning theory
TCS-3177,Learning theory,"In other words, does polynomial time learnability of NP/poly imply polynomial time learnability of PH/poly?",index,uncertain,topic_screen,retain,Learning theory
TCS-3290,Learning theory,We leave it as an open problem to determine whether a class that is easonline learnable w.r.t. any distribution is also strongly eas-online learnbale. (Note […],index,uncertain,topic_screen,retain,Learning theory
TCS-3391,Learning theory,"However, it is still unknown whether it is possible to learn a mixture of well-separated Gaussians in polynomial time with polynomial sample complexity.",index,uncertain,topic_screen,retain,Learning theory
TCS-3450,Learning theory,We conjecture that for some a > 0 even (na )-local queries won’t lead to efficient distribution free algorithms for these classes.,index,uncertain,topic_screen,retain,Learning theory
TCS-3689,Learning theory,"While the general relationship between NCTD and VCD remains open, it is now known that NCTD(C) is upper-bounded by VCD(C) when C is a finite […]",index,uncertain,topic_screen,retain,Learning theory
TCS-3691,Learning theory,We could not derive such bounds for distributions satisfying Dobruhsin’s condition and we do not know if such bounds apply for all classes of finite […],index,uncertain,topic_screen,retain,Learning theory
TCS-3787,Learning theory,"We leave as open whether our unlabeled compression scheme extends to ample (a.k.a. lopsided or extremal) classes, which represent a natural and far-reaching generalization of […]",index,uncertain,topic_screen,retain,Learning theory
TCS-3934,Learning theory,Conjectures and questions We conjecture that R EWEIGHTED PCA actually recovers the entire non-Gaussian subspace E with in polynomial time and sample complexity if we […],index,uncertain,topic_screen,retain,Learning theory
TCS-4031,Learning theory,"On the other hand, we do not know if AC 0 is self-learnable by quasi-polynomial size AC 0 circuits.10 A natural approach here is to […]",index,uncertain,topic_screen,retain,Learning theory
TCS-4074,Learning theory,"Classically, it is still an open question whether the log(1/ε)-factor in the upper bound of [17] for (ε, δ)-proper PAC learning is necessary.",index,uncertain,topic_screen,retain,Learning theory
TCS-4134,Learning theory,"A related question which remains open, originally posed by Ben-David and Eiron Ben-David and Eiron (1998), is that of computing the self-directed learning4 mistake bound.",index,uncertain,topic_screen,retain,Learning theory
TCS-4186,Learning theory,"In particular, is there an analogous result for learning under the uniform distribution using random examples?",index,uncertain,topic_screen,retain,Learning theory
TCS-4456,Learning theory,"Determining the exact approximation factor for comparator-learning submodular functions is an open question, as there is a gap between the Õ(n1/2 ) upper bound and […]",index,uncertain,topic_screen,retain,Learning theory
TCS-4592,Learning theory,What is the optimal time complexity for agnostically learning halfspaces on the Gaussian distribution?,index,uncertain,topic_screen,retain,Learning theory
TCS-4604,Learning theory,"However, establishing tight information theoretic lower bound on n (w.r.t. `, r) is still an open problem. 2",index,uncertain,topic_screen,retain,Learning theory
TCS-4621,Learning theory,"We conjecture that the optimal bounds are that for every class H, B-ErrrH (T ) = O(k · L(H)) a p and B-ErrH (T ) […]",index,uncertain,topic_screen,retain,Learning theory
TCS-4672,Learning theory,How large can P BI(H) be when H is a class of functions from a domain X to a range Y of cardinality k?,index,uncertain,topic_screen,retain,Learning theory
TCS-4792,Learning theory,Sample Compression Scheme Reductions — Open Problem 5,source,source_open,topic_screen,retain,Learning theory
TCS-4891,Learning theory,Open Problem: Properly learning decision trees in polynomial time? — Open Problem 1,source,source_open,topic_screen,retain,Learning theory
TCS-4972,Learning theory,"Backdoor Defense, Learnability and Obfuscation",source,source_open,topic_screen,retain,Learning theory
TCS-5017,Learning theory,Learning with Monotone Adversarial Corruptions,source,source_open,topic_screen,retain,Learning theory
TCS-5031,Learning theory,The Dimension of Self-Directed Learning,source,source_open,topic_screen,retain,Learning theory
TCS-5060,Learning theory,Learning to Control Linear Systems can be Hard,source,source_open,topic_screen,retain,Learning theory
TCS-5061,Learning theory,On characterizations of learnability with computable learners,source,uncertain,topic_screen,retain,Learning theory
TCS-5087,Learning theory,Adversarially Robust Low Dimensional Representations,source,source_open,topic_screen,retain,Learning theory
TCS-5088,Learning theory,Learning Intersections of Two Margin Halfspaces under Factorizable Distributions,source,uncertain,topic_screen,retain,Learning theory
TCS-5090,Learning theory,On the Structure of Learnability Beyond P/Poly,source,uncertain,topic_screen,retain,Learning theory
TCS-5118,Learning theory,Majority-of-Three: The Simplest Optimal Learner?,source,uncertain,topic_screen,retain,Learning theory
TCS-5119,Learning theory,Information Theoretic Optimal Learning of Gaussian Graphical Models,source,uncertain,topic_screen,retain,Learning theory
TCS-5147,Learning theory,Optimal Collusion-Free Teaching,source,source_open,topic_screen,retain,Learning theory
TCS-5148,Learning theory,Sample Compression for Real-Valued Learners,source,uncertain,topic_screen,retain,Learning theory
TCS-5153,Learning theory,"VC Classes are Adversarially Robustly Learnable, but Only Improperly",source,source_open,topic_screen,retain,Learning theory
TCS-5215,Learning theory,Reliably Learning the ReLU in Polynomial Time,source,uncertain,topic_screen,retain,Learning theory
TCS-5247,Learning theory,Learning Multinomial Logits in O(n log n) Time,source,uncertain,topic_screen,retain,Learning theory
TCS-5434,Learning theory,Agnostic Membership Query Learning with Nontrivial Savings: New Results and Techniques,source,uncertain,topic_screen,retain,Learning theory
TCS-5478,Learning theory,Reaching Goals is Hard: Settling the Sample Complexity of the Stochastic Shortest Path,source,source_open,topic_screen,retain,Learning theory
TCS-5511,Learning theory,A Theory of PAC Learnability of Partial Concept Classes,source,source_open,topic_screen,retain,Learning theory
TCS-5710,Learning theory,When can we rank well from comparisons of O(n\log(n)) non-actively chosen pairs?,source,uncertain,topic_screen,retain,Learning theory
TCS-5847,Learning theory,Open Problem: Information Complexity of VC Learning,source,uncertain,topic_screen,retain,Learning theory
TCS-5902,Learning theory,Approximate Learning of Limit-Average Automata,source,uncertain,topic_screen,retain,Learning theory
TCS-6040,Learning theory,Learning Coverage Functions and Private Release of Marginals,source,uncertain,topic_screen,retain,Learning theory
TCS-6135,Learning theory,Mitigating Covariate Shift in Misspecified Regression with Applications to Reinforcement Learning,source,source_open,topic_screen,retain,Learning theory
TCS-6829,Learning theory,Characterize when cross-validation reliably estimates generalization error beyond the established special cases.,source,source_open,topic_screen,retain,Learning theory
TCS-6830,Learning theory,Does realizable multiclass sample complexity depend on Natarajan dimension without a label-count factor?,source,source_open,topic_screen,retain,Learning theory
TCS-0023,Learning theory,Learning juntas with growing support — consolidated into TCS-6543,index,excluded,topic_screen,retain,Learning theory
TCS-6545,Cryptography,Do one-way functions imply public-key encryption in the standard model?,reviewed,source_open,topic_screen,retain,Cryptography
TCS-0022,Cryptography,Does P≠NP imply the existence of one-way functions?,reviewed,source_open,topic_screen,retain,Cryptography
TCS-6550,Cryptography,Does ordinary polynomial-hard LWE suffice for circuit obfuscation?,reviewed,source_open,topic_screen,retain,Cryptography
TCS-6551,Cryptography,Unleveled fully homomorphic encryption from LWE alone,reviewed,source_open,topic_screen,retain,Cryptography
TCS-0465,Cryptography,Smaller shares for general secret sharing,index,uncertain,topic_screen,retain,Cryptography
TCS-7167,Cryptography,Do classical one-way functions exist?,source,source_open,topic_screen,retain,Cryptography
TCS-7168,Cryptography,Does computationally secure public-key encryption exist?,source,source_open,topic_screen,retain,Cryptography
TCS-6549,Cryptography,Does public-key encryption imply oblivious transfer?,reviewed,source_open,topic_screen,retain,Cryptography
TCS-6547,Cryptography,Does one-wayness suffice for collision-resistant hashing?,reviewed,source_open,topic_screen,retain,Cryptography
TCS-6546,Cryptography,One-way permutations from one-way functions,reviewed,source_open,topic_screen,retain,Cryptography
TCS-6548,Cryptography,Chosen-ciphertext security from ordinary public-key encryption,reviewed,source_open,topic_screen,retain,Cryptography
TCS-6552,Cryptography,Noninteractive zero knowledge from one-way functions,reviewed,source_open,topic_screen,retain,Cryptography
TCS-7225,Cryptography,Does perfect zero knowledge equal statistical zero knowledge?,reviewed,source_open,topic_screen,retain,Cryptography
TCS-6454,Cryptography,Does worst-case Nearest Codeword hardness imply low-noise LPN hardness?,reviewed,source_open,topic_screen,retain,Cryptography
TCS-0461,Cryptography,Private information retrieval problems,index,uncertain,topic_screen,retain,Cryptography
TCS-0463,Cryptography,Abelian-group versus field secret sharing,index,uncertain,topic_screen,retain,Cryptography
TCS-1138,Cryptography,Polynomial-time computationally sound NP verification of #SAT,index,uncertain,topic_screen,retain,Cryptography
TCS-0460,Cryptography,Outsourcing ZK proof generation to an untrusted server,index,uncertain,topic_screen,retain,Cryptography
TCS-0450,Cryptography,Matrix challenge (for breaking obfuscation),index,uncertain,topic_screen,retain,Cryptography
TCS-1643,Cryptography,"Assuming OWF, there is a polynomially evaluatable representation class n over {0, 1} that is efficiently defendable but not efficiently PAC learnable.",index,uncertain,topic_screen,retain,Cryptography
TCS-1929,Cryptography,Are there SIPs with statistical (or even perfect) zero-knowledge?,index,uncertain,topic_screen,retain,Cryptography
TCS-2068,Cryptography,It remains an open problem to find the strongest model of editing to which undetectable watermarks can be robust.,index,uncertain,topic_screen,retain,Cryptography
TCS-2519,Cryptography,Every linear SSS has this property but it remains open whether every access structure in mP admits a randomness simulatable SSS.,index,uncertain,topic_screen,retain,Cryptography
TCS-2731,Cryptography,"Thus, the optimality of Stam’s bound remains open for an arbitrary domain hash.",index,uncertain,topic_screen,retain,Cryptography
TCS-2732,Cryptography,Is there a perfectly secure 3-server DPF with key size N o(1) ?,index,uncertain,topic_screen,retain,Cryptography
TCS-2809,Cryptography,It remains an open problem to find a similar transform (with the same properties) starting with any 2-round OT protocol satisfying only privacy against semi-honest […],index,uncertain,topic_screen,retain,Cryptography
TCS-2813,Cryptography,Improving the gap in Theorem 19 requires proving better lower-bounds of ω(n2 / log n) for secret sharing schemes – a task that remains open […],index,uncertain,topic_screen,retain,Cryptography
TCS-3025,Cryptography,"Indeed, it is an open problem whether the existence of exponentially-hard weak one-way functions is equivalent to the existence of exponentially-hard strong one-way functions [31].",index,uncertain,topic_screen,retain,Cryptography
TCS-3515,Cryptography,Can we now securely evaluate the function f while preserving the efficiency relative to the insecure protocol Π?,index,uncertain,topic_screen,retain,Cryptography
TCS-3556,Cryptography,"We note, however, that since (even publicly-verifiable) PoSW satisfying weaker notions of sequentiality (e.g., σ = T /2) are known to exist in the ROM […]",index,uncertain,topic_screen,retain,Cryptography
TCS-4703,Cryptography,Streaming Zero-Knowledge Proofs — Open problem 2,source,source_open,topic_screen,retain,Cryptography
TCS-4717,Cryptography,A New Approach to Post-Quantum Non-Malleability,source,source_open,topic_screen,retain,Cryptography
TCS-4723,Cryptography,Collusion-Resistant Constrained PRFs for Compute-&-Compare Predicates from LWE,source,uncertain,topic_screen,retain,Cryptography
TCS-4754,Cryptography,A Relativization Perspective on Meta-Complexity,source,source_open,topic_screen,retain,Cryptography
TCS-4757,Cryptography,Shuffling Cards When You Are of Very Little Brain: Low Memory Generation of Permutations,source,source_open,topic_screen,retain,Cryptography
TCS-4803,Cryptography,Limits on the Power of Private Constrained PRFs,source,uncertain,topic_screen,retain,Cryptography
TCS-4817,Cryptography,Exponentially Fewer-Server PIR from Sparser $S$-Decoding Polynomials,source,source_open,topic_screen,retain,Cryptography
TCS-4853,Cryptography,Proofs of Space with Maximal Hardness,source,uncertain,topic_screen,retain,Cryptography
TCS-4950,Cryptography,Towards Separating Computational and Statistical Differential Privacy,source,source_open,topic_screen,retain,Cryptography
TCS-4974,Cryptography,Detecting and Correcting Computationally Bounded Errors: A Simple Construction Under Minimal Assumptions,source,uncertain,topic_screen,retain,Cryptography
TCS-5013,Cryptography,Exponential Correlated Randomness Is Necessary in Communication-Optimal Perfectly Secure Two-Party Computation,source,uncertain,topic_screen,retain,Cryptography
TCS-5015,Cryptography,On the Computational Hardness Needed for Quantum Cryptography,source,uncertain,topic_screen,retain,Cryptography
TCS-5139,Cryptography,Phoenix: Secure Computation in an Unstable Network with Dropouts and Comebacks,source,uncertain,topic_screen,retain,Cryptography
TCS-5793,Cryptography,"Conspiracies Between Learning Algorithms, Circuit Lower Bounds, and Pseudorandomness",source,uncertain,topic_screen,retain,Cryptography
TCS-6076,Cryptography,"Information-Theoretic Topology-Hiding Broadcast: Wheels, Stars, Friendship, and Beyond",source,uncertain,topic_screen,retain,Cryptography
TCS-6692,Cryptography,Construct cryptographic PRGs from arbitrary one-way functions with seed length linear in input length.,source,source_open,topic_screen,retain,Cryptography
TCS-6870,Cryptography,"Obtain unbounded FHE without bootstrapping, or with substantially lighter bootstrapping.",source,source_open,topic_screen,retain,Cryptography
TCS-6871,Cryptography,Base unbounded FHE solely on worst-case complexity assumptions.,source,source_open,topic_screen,retain,Cryptography
TCS-6953,Cryptography,"Do worst-case or average-case hardness assumptions imply one-way functions, or trapdoor functions?",source,source_open,topic_screen,retain,Cryptography
TCS-6446,Quantum computation,Quantum PCP: a constant promise gap for local Hamiltonians,reviewed,source_open,topic_screen,retain,Quantum computation
TCS-0036,Quantum computation,Does BPP differ from BQP?,reviewed,source_open,topic_screen,retain,Quantum computation
TCS-6516,Quantum computation,An entanglement entropy area law for general gapped two-dimensional Hamiltonians,reviewed,source_open,topic_screen,retain,Quantum computation
TCS-6580,Quantum computation,Information-theoretic classical verification of quantum computation,reviewed,source_open,topic_screen,retain,Quantum computation
TCS-6518,Quantum computation,Does NPT bound entanglement exist?,reviewed,source_open,topic_screen,retain,Quantum computation
TCS-6515,Quantum computation,Asymptotically good quantum locally testable stabilizer codes,reviewed,source_open,topic_screen,retain,Quantum computation
TCS-6517,Quantum computation,Passive quantum memory in three dimensions — claimed resolution,reviewed,uncertain,topic_screen,retain,Quantum computation
TCS-6519,Quantum computation,Exact quantum capacity of the qubit depolarizing channel,reviewed,source_open,topic_screen,retain,Quantum computation
TCS-0037,Quantum computation,NP outside BQP,reviewed,source_open,topic_screen,retain,Quantum computation
TCS-6448,Quantum computation,Does a quantum witness have more power than a classical witness?,reviewed,source_open,topic_screen,retain,Quantum computation
TCS-6520,Quantum computation,Computability of quantum channel capacity,reviewed,source_open,topic_screen,retain,Quantum computation
TCS-7166,Quantum computation,Polynomial-time quantum algorithms for the general hidden subgroup problem,source,source_open,topic_screen,retain,Quantum computation
TCS-6521,Quantum computation,A polynomial-time quantum algorithm for the dihedral hidden subgroup problem,reviewed,uncertain,topic_screen,retain,Quantum computation
TCS-6522,Quantum computation,Graph isomorphism in BQP,reviewed,source_open,topic_screen,retain,Quantum computation
TCS-7165,Quantum computation,The no low-energy sampleable states conjecture,source,source_open,topic_screen,retain,Quantum computation
TCS-0029,Quantum computation,Maximum randomized-versus-quantum gap for total functions,index,uncertain,topic_screen,retain,Quantum computation
TCS-6449,Quantum computation,Quantum versus classical nonuniform advice,reviewed,source_open,topic_screen,retain,Quantum computation
TCS-0033,Quantum computation,Quantum query complexity versus bounded approximate degree,index,uncertain,topic_screen,retain,Quantum computation
TCS-0861,Quantum computation,Is QMA(2) in BQEXP?,index,uncertain,topic_screen,retain,Quantum computation
TCS-6447,Quantum computation,Strong quantum IOPs with polynomial communication,reviewed,source_open,topic_screen,retain,Quantum computation
TCS-0031,Quantum computation,Oracle separation of BQP from IP,index,uncertain,topic_screen,retain,Quantum computation
TCS-0034,Quantum computation,Quantum query–space tradeoffs for collisions and distinctness,index,uncertain,topic_screen,retain,Quantum computation
TCS-0862,Quantum computation,Is QRG with constant rounds in PSPACE?,index,uncertain,topic_screen,retain,Quantum computation
TCS-0866,Quantum computation,Learning Quantum Circuits with Queries,index,uncertain,topic_screen,retain,Quantum computation
TCS-0027,Quantum computation,Black-box unitary synthesis,index,uncertain,topic_screen,retain,Quantum computation
TCS-0858,Quantum computation,Complexity of the EPR Hamiltonian,index,uncertain,topic_screen,retain,Quantum computation
TCS-0860,Quantum computation,Find the complexity of Quantum Approximate Counting (QXC),index,uncertain,topic_screen,retain,Quantum computation
TCS-0030,Quantum computation,Oracle separation of BQP from efficient-prover interactive proofs,index,uncertain,topic_screen,retain,Quantum computation
TCS-0857,Quantum computation,Can the QAOA optimize the SK Hamiltonian?,index,uncertain,topic_screen,retain,Quantum computation
TCS-0028,Quantum computation,Injective quantum oracles: standard versus erasing access,index,uncertain,topic_screen,retain,Quantum computation
TCS-0035,Quantum computation,Query complexity of high-score cross-entropy sampling,index,uncertain,topic_screen,retain,Quantum computation
TCS-1259,Quantum computation,"10 In fact, it is an open problem to exactly implement FANOUT using QAC0 circuits of any size.",index,uncertain,topic_screen,retain,Quantum computation
TCS-1262,Quantum computation,The bounded-error randomized complexity of the Extremal Forrelation Problem is Ω̃(2n/2 ).,index,uncertain,topic_screen,retain,Quantum computation
TCS-1298,Quantum computation,Every element of the Clifford hierarchy is generalized semi-Clifford.,index,uncertain,topic_screen,retain,Quantum computation
TCS-1309,Quantum computation,"However, it remains open to study protocols with entangled measurements on a large number of samples (e.g. c = poly(d)).",index,uncertain,topic_screen,retain,Quantum computation
TCS-1324,Quantum computation,"A proof of the quantum games PCP conjecture was claimed by [25], but it has since been established that the proof had errors, and as […]",index,uncertain,topic_screen,retain,Quantum computation
TCS-1341,Quantum computation,"An important complexity-theoretic question is whether symmetric quantum circuits are universal for implementing symmetric operations: Given some finite group Γ, can we perform arbitrary Γ-symmetric […]",index,uncertain,topic_screen,retain,Quantum computation
TCS-1342,Quantum computation,We leave it is an interesting open problem to come up with an algorithms – even ones that run in subexponential time – for cloning […],index,uncertain,topic_screen,retain,Quantum computation
TCS-1490,Quantum computation,"Our protocol moreover relies on the no-PE assumption for soundness; if malicious provers are allowed to share unbounded prior entanglement, known techniques for instantaneous non-local […]",index,uncertain,topic_screen,retain,Quantum computation
TCS-1769,Quantum computation,Can the class of problems with a quantum asymmetric direct sum property be characterized in some generality?,index,uncertain,topic_screen,retain,Quantum computation
TCS-1882,Quantum computation,"Any algorithm that distinguishes p = ud from dTV (p, ud ) > ε with success probability at least .99 requires Ω(min{d1/3 /ε4/3 , d1/2 […]",index,uncertain,topic_screen,retain,Quantum computation
TCS-1955,Quantum computation,"Then we ask, is W≥t [F ] ∈ O(exp(−t))?",index,uncertain,topic_screen,retain,Quantum computation
TCS-1961,Quantum computation,Are OWSGs and EFI pairs (or PRSGs) equivalent?,index,uncertain,topic_screen,retain,Quantum computation
TCS-2229,Quantum computation,What is the relationship of QMA and QMA(2)?,index,uncertain,topic_screen,retain,Quantum computation
TCS-2349,Quantum computation,Is there a poly(k)-query algorithm for property testing stabilizer-extent-k states?,index,uncertain,topic_screen,retain,Quantum computation
TCS-2408,Quantum computation,"For instance, would it be possible to perform an RSP-like protocol assuming only the existence of quantum-secure one-way functions?",index,uncertain,topic_screen,retain,Quantum computation
TCS-2451,Quantum computation,It is worth mentioning that it is unknown whether the adaptive postselection can be efficiently done in PostBQP as discussed in [2].,index,uncertain,topic_screen,retain,Quantum computation
TCS-2559,Quantum computation,"Can we achieve the additive complexity, i.e., O(t+polylog(1/ϵ))?",index,uncertain,topic_screen,retain,Quantum computation
TCS-2650,Quantum computation,"Assuming QETH or QSETH, is MQCSP, UMCSP, or SMCSP quantumly hard?",index,uncertain,topic_screen,retain,Quantum computation
TCS-2671,Quantum computation,"For every n-qubit unitary transformation U , does there exists an oracle A : {0, 1}∗ → {0, 1} such that a BQPA machine can […]",index,uncertain,topic_screen,retain,Quantum computation
TCS-2707,Quantum computation,The main obstacle comes from the non-commutativity of Hamiltonians and it remains open to design a polynomial-time algorithm for such partition function assuming only zero-freeness.,index,uncertain,topic_screen,retain,Quantum computation
TCS-2950,Quantum computation,"We view the existence of a dual-mode CVQC in the QROM as evidence that our construction template is sound, and we leave constructing quantum null-iO […]",index,uncertain,topic_screen,retain,Quantum computation
TCS-3130,Quantum computation,We conjecture that there exists a constant c > 0 such that when D is √ the distribution over 2D random circuits of depth d […],index,uncertain,topic_screen,retain,Quantum computation
TCS-3140,Quantum computation,Any quantum algorithm for finding K disjoint collisions in a random function f : [M ] → [N ] with success probability 2/3 must satisfy […],index,uncertain,topic_screen,retain,Quantum computation
TCS-3275,Quantum computation,Error reduction of StoqMA remains open since this class was defined in 2006 [9] because this class does not permit amplification of gap between thresholds […],index,uncertain,topic_screen,retain,Quantum computation
TCS-3379,Quantum computation,The complexity of k-LH on a 1D line remains open for local dimension 2 ≤ d ≤ 7.,index,uncertain,topic_screen,retain,Quantum computation
TCS-3573,Quantum computation,"Can we prove the conjecture that the purified and discrete query input models are equivalent for classical distributions, with respect to the query complexity of […]",index,uncertain,topic_screen,retain,Quantum computation
TCS-3709,Quantum computation,We do not know how to lift Q or Q0 to their analogous communication measures; this is likely to be significantly harder.,index,uncertain,topic_screen,retain,Quantum computation
TCS-3881,Quantum computation,"We leave open the problem of determining the complexity of BQPO LH k,classical .",index,uncertain,topic_screen,retain,Quantum computation
TCS-4131,Quantum computation,What is the relationship between PQMA[log] and PUQMA[log] ?,index,uncertain,topic_screen,retain,Quantum computation
TCS-4238,Quantum computation,"Or, on the contrary, is the amount of certified randomness against no-signaling adversaries bounded also in the sequential scenario?",index,uncertain,topic_screen,retain,Quantum computation
TCS-4382,Quantum computation,Is it true that quantum algorithms with 2 queries are equivalent to polynomials of degree 4?,index,uncertain,topic_screen,retain,Quantum computation
TCS-4429,Quantum computation,Do multi-source extractors remain secure also in the presence of non-signalling side information?,index,uncertain,topic_screen,retain,Quantum computation
TCS-4457,Quantum computation,"We conjecture that the power of any two-qubit Hamiltonian obeys a dichotomy: either H is efficiently classicaly simulable in this model,",index,uncertain,topic_screen,retain,Quantum computation
TCS-4469,Quantum computation,Is qq-QAM contained in BP · PP?,index,uncertain,topic_screen,retain,Quantum computation
TCS-4509,Quantum computation,"A polynomial number of verifications is optimal for unconditionally secure schemes, nevertheless, a natural question that still remains open is whether we can have computationally […]",index,uncertain,topic_screen,retain,Quantum computation
TCS-4586,Quantum computation,"While the query complexity of oracle identification in terms of M and N has been fully characterized, finding an optimal quantum algorithm for oip(C) remains […]",index,uncertain,topic_screen,retain,Quantum computation
TCS-4615,Quantum computation,The difficult question of whether or not the quantum entropy satisfies inequalities beyond positivity and SSA remains open for four or more parties.,index,uncertain,topic_screen,retain,Quantum computation
TCS-4696,Quantum computation,Quantum Merkle Trees — Open Problem 2,source,source_open,topic_screen,retain,Quantum computation
TCS-4707,Quantum computation,Quantum channel coding: Approximation algorithms and strong converse exponents,source,source_open,topic_screen,retain,Quantum computation
TCS-4712,Quantum computation,Single-qubit gate teleportation provides a quantum advantage,source,source_open,topic_screen,retain,Quantum computation
TCS-4715,Quantum computation,Succinct Arguments for QMA from Standard Assumptions via Compiled Nonlocal Games,source,uncertain,topic_screen,retain,Quantum computation
TCS-4718,Quantum computation,Low-Stabilizer-Complexity Quantum States Are Not Pseudorandom,source,source_open,topic_screen,retain,Quantum computation
TCS-4720,Quantum computation,The Quantum and Classical Streaming Complexity of Quantum and Classical Max-Cut,source,uncertain,topic_screen,retain,Quantum computation
TCS-4726,Quantum computation,Lower T-count with faster algorithms,source,source_open,topic_screen,retain,Quantum computation
TCS-4734,Quantum computation,Derandomised Tensor Product Gap Amplification for Quantum Hamiltonians,source,uncertain,topic_screen,retain,Quantum computation
TCS-4737,Quantum computation,Towards a Universal Gateset for QMA1,source,uncertain,topic_screen,retain,Quantum computation
TCS-4753,Quantum computation,"Quantum Space, Ground Space Traversal, and How to Embed Multi-Prover Interactive Proofs into Unentanglement",source,source_open,topic_screen,retain,Quantum computation
TCS-4773,Quantum computation,Oracle Complexity Classes and Local Measurements on Physical Hamiltonians,source,source_open,topic_screen,retain,Quantum computation
TCS-4782,Quantum computation,Vertex-Minor Universal Graphs for Generating Entangled Quantum Subsystems,source,source_open,topic_screen,retain,Quantum computation
TCS-4789,Quantum computation,Quantum Generalizations of the Polynomial Hierarchy with Applications to QMA(2),source,uncertain,topic_screen,retain,Quantum computation
TCS-4793,Quantum computation,Query and Depth Upper Bounds for Quantum Unitaries via Grover Search,source,source_open,topic_screen,retain,Quantum computation
TCS-4800,Quantum computation,The Complexity of Quantum Disjointness,source,source_open,topic_screen,retain,Quantum computation
TCS-4811,Quantum computation,How Hard Is Deciding Trivial Versus Nontrivial in the Dihedral Coset Problem?,source,uncertain,topic_screen,retain,Quantum computation
TCS-4832,Quantum computation,Resource quantification for programming low-depth quantum circuits,source,source_open,topic_screen,retain,Quantum computation
TCS-4835,Quantum computation,A Complete Characterization of Unitary Quantum Space,source,source_open,topic_screen,retain,Quantum computation
TCS-4842,Quantum computation,Operational interpretation of the Stabilizer Entropy,source,source_open,topic_screen,retain,Quantum computation
TCS-4860,Quantum computation,On the Complexity of Unique Quantum Witnesses and Quantum Approximate Counting,source,uncertain,topic_screen,retain,Quantum computation
TCS-4862,Quantum computation,Multi-Armed Bandits and Quantum Channel Oracles,source,source_open,topic_screen,retain,Quantum computation
TCS-4878,Quantum computation,Efficient validation of Boson Sampling from binned photon-number distributions,source,source_open,topic_screen,retain,Quantum computation
TCS-4882,Quantum computation,Quantum 2-SAT on Low Dimensional Systems Is QMAsubscript{1}-Complete: Direct Embeddings and Black-Box Simulation,source,uncertain,topic_screen,retain,Quantum computation
TCS-4894,Quantum computation,Parity vs. AC0 with Simple Quantum Preprocessing,source,uncertain,topic_screen,retain,Quantum computation
TCS-4914,Quantum computation,(No) Quantum Space-Time Tradeoff for USTCON,source,source_open,topic_screen,retain,Quantum computation
TCS-4927,Quantum computation,The Classification of Reversible Bit Operations,source,uncertain,boundary_read,retain,Quantum computation
TCS-4952,Quantum computation,"Quantum Versus Randomized Communication Complexity, with Efficient Players",source,uncertain,topic_screen,retain,Quantum computation
TCS-4954,Quantum computation,The Power of One Clean Qubit in Communication Complexity,source,source_open,topic_screen,retain,Quantum computation
TCS-4977,Quantum computation,"Quantum Polynomial Hierarchies: Karp-Lipton, Error Reduction, and Lower Bounds",source,uncertain,topic_screen,retain,Quantum computation
TCS-4991,Quantum computation,"Universality of EPR Pairs in Entanglement-Assisted Communication Complexity, and the Communication Cost of State Conversion",source,uncertain,topic_screen,retain,Quantum computation
TCS-4992,Quantum computation,Bounding Quantum-Classical Separations for Classes of Nonlocal Games,source,uncertain,topic_screen,retain,Quantum computation
TCS-5020,Quantum computation,On Learning Linear Functions from Subset and Its Applications in Quantum Computing,source,uncertain,topic_screen,retain,Quantum computation
TCS-5021,Quantum computation,The Quantum Approximate Optimization Algorithm at High Depth for MaxCut on Large-Girth Regular Graphs and the Sherrington-Kirkpatrick Model,source,uncertain,topic_screen,retain,Quantum computation
TCS-5047,Quantum computation,Quantum Time-Space Tradeoff for Finding Multiple Collision Pairs,source,uncertain,topic_screen,retain,Quantum computation
TCS-5077,Quantum computation,A Parallel Repetition Theorem for All Entangled Games,source,uncertain,topic_screen,retain,Quantum computation
TCS-5078,Quantum computation,Span Programs and Quantum Space Complexity,source,uncertain,topic_screen,retain,Quantum computation
TCS-5079,Quantum computation,Pointer Quantum PCPs and Multi-Prover Games,source,uncertain,topic_screen,retain,Quantum computation
TCS-5106,Quantum computation,A Simple Protocol for Verifiable Delegation of Quantum Computation in One Round,source,uncertain,topic_screen,retain,Quantum computation
TCS-5136,Quantum computation,"Quantum Distinguishing Complexity, Zero-Error Algorithms, and Statistical Zero Knowledge",source,uncertain,topic_screen,retain,Quantum computation
TCS-5169,Quantum computation,Fooling One-Sided Quantum Protocols,source,uncertain,topic_screen,retain,Quantum computation
TCS-5170,Quantum computation,Another Subexponential-time Quantum Algorithm for the Dihedral Hidden Subgroup Problem,source,uncertain,topic_screen,retain,Quantum computation
TCS-5202,Quantum computation,Quantum-Proof Multi-Source Randomness Extractors in the Markov Model,source,uncertain,topic_screen,retain,Quantum computation
TCS-5718,Quantum computation,Complexity Classification of Conjugated Clifford Circuits,source,source_open,topic_screen,retain,Quantum computation
TCS-6459,Quantum computation,Cost of quantum secret key,source,uncertain,topic_screen,retain,Quantum computation
TCS-6461,Quantum computation,Quantum complexity phase transitions in monitored random circuits,source,source_open,topic_screen,retain,Quantum computation
TCS-6481,Quantum computation,Bosonic Quantum Computational Complexity,source,uncertain,topic_screen,retain,Quantum computation
TCS-6828,Quantum computation,Construct explicit quantum channels witnessing non-additivity of Holevo information; existence is established nonconstructively.,source,source_open,topic_screen,retain,Quantum computation
TCS-6933,Quantum computation,Classical computers cannot efficiently sample the Boson Sampling distribution in the regime described in the source.,source,source_open,topic_screen,retain,Quantum computation
TCS-6646,Computability and algorithmic information,Martin’s full conjecture for Turing-invariant functions under determinacy,reviewed,source_open,topic_screen,retain,Computability and algorithmic information
TCS-6648,Computability and algorithmic information,Kolmogorov–Loveland randomness versus Martin-Löf randomness,reviewed,source_open,topic_screen,retain,Computability and algorithmic information
TCS-6647,Computability and algorithmic information,Rigidity of the Turing degrees,reviewed,source_open,topic_screen,retain,Computability and algorithmic information
TCS-6685,Computability and algorithmic information,Determining the sixth Busy Beaver value BB(6),reviewed,source_open,topic_screen,retain,Computability and algorithmic information
TCS-6649,Computability and algorithmic information,Does Hindman’s theorem imply the ω-jump?,reviewed,source_open,topic_screen,retain,Computability and algorithmic information
TCS-6679,Computability and algorithmic information,Universality of Turing equivalence,reviewed,source_open,topic_screen,retain,Computability and algorithmic information
TCS-7193,Computability and algorithmic information,Mortality of 2×2 integer matrix semigroups,source,source_open,topic_screen,retain,Computability and algorithmic information
TCS-0284,Computability and algorithmic information,Questions on the link between Kolmogorov complexity and computational complexity classes,index,uncertain,topic_screen,retain,Computability and algorithmic information
TCS-0247,Computability and algorithmic information,Equivalence of Shannon and algorithmic network coding,index,uncertain,topic_screen,retain,Computability and algorithmic information
TCS-0289,Computability and algorithmic information,Structural questions on K-trivial degrees,index,uncertain,topic_screen,retain,Computability and algorithmic information
TCS-0288,Computability and algorithmic information,Structural questions on higher algorithmic randomness,index,uncertain,topic_screen,retain,Computability and algorithmic information
TCS-0272,Computability and algorithmic information,Density and minimality properties of the Weihrauch lattice,index,uncertain,topic_screen,retain,Computability and algorithmic information
TCS-0275,Computability and algorithmic information,Some questions around Weihrauch counterparts of ATR,index,uncertain,topic_screen,retain,Computability and algorithmic information
TCS-0287,Computability and algorithmic information,Strong extractors for infinite sequences,index,uncertain,topic_screen,retain,Computability and algorithmic information
TCS-0290,Computability and algorithmic information,van Lambalgen-type theorem for time-bounded Kolmogorov complexity,index,uncertain,topic_screen,retain,Computability and algorithmic information
TCS-0238,Computability and algorithmic information,An algorithmic Ahlswede–Körner lemma,index,uncertain,topic_screen,retain,Computability and algorithmic information
TCS-0246,Computability and algorithmic information,Efficient search using a Kolmogorov-complexity oracle,index,uncertain,topic_screen,retain,Computability and algorithmic information
TCS-0250,Computability and algorithmic information,Halving all complexities of a string tuple,index,uncertain,topic_screen,retain,Computability and algorithmic information
TCS-0254,Computability and algorithmic information,Networks characterized by information-flow inequalities,index,uncertain,topic_screen,retain,Computability and algorithmic information
TCS-0257,Computability and algorithmic information,Questions on left-c.e. reals,index,uncertain,topic_screen,retain,Computability and algorithmic information
TCS-0277,Computability and algorithmic information,Weihrauch strength of countable well-orderings,index,uncertain,topic_screen,retain,Computability and algorithmic information
TCS-0280,Computability and algorithmic information,Kolmogorov complexity and computably enumerable sets,index,uncertain,topic_screen,retain,Computability and algorithmic information
TCS-0286,Computability and algorithmic information,Relating computability and logical theories,index,uncertain,topic_screen,retain,Computability and algorithmic information
TCS-0239,Computability and algorithmic information,Axiomatic strength beyond string complexity,index,uncertain,topic_screen,retain,Computability and algorithmic information
TCS-0240,Computability and algorithmic information,Communication for algorithmic secret-key agreement,index,uncertain,topic_screen,retain,Computability and algorithmic information
TCS-0241,Computability and algorithmic information,Comparing algorithmic common-information profiles,index,uncertain,topic_screen,retain,Computability and algorithmic information
TCS-0249,Computability and algorithmic information,Finite-prefix characterization of randomness deficiency,index,uncertain,topic_screen,retain,Computability and algorithmic information
TCS-0260,Computability and algorithmic information,Reducing information-search tasks to complexity profiles,index,uncertain,topic_screen,retain,Computability and algorithmic information
TCS-0263,Computability and algorithmic information,Which Compact Metric spaces do/don’t admit polynomially admissible representations?,index,uncertain,topic_screen,retain,Computability and algorithmic information
TCS-0274,Computability and algorithmic information,Ramsey’s theorem: products versus colors,index,uncertain,topic_screen,retain,Computability and algorithmic information
TCS-0279,Computability and algorithmic information,Extraction of mutual information about two strings,index,uncertain,topic_screen,retain,Computability and algorithmic information
TCS-0264,Computability and algorithmic information,Comparing Busy Beaver runtime and one-count with shifted states,index,uncertain,topic_screen,retain,Computability and algorithmic information
TCS-0265,Computability and algorithmic information,Eventually exponential growth between consecutive Busy Beavers,index,uncertain,topic_screen,retain,Computability and algorithmic information
TCS-0266,Computability and algorithmic information,Unprovability in PA of BB(10),index,uncertain,topic_screen,retain,Computability and algorithmic information
TCS-0267,Computability and algorithmic information,Unprovability in ZF of BB(20),index,uncertain,topic_screen,retain,Computability and algorithmic information
TCS-1192,Computability and algorithmic information,"The only missing property is worst-case symmetry of information, which we leave as an interesting open problem.",index,uncertain,topic_screen,retain,Computability and algorithmic information
TCS-1270,Computability and algorithmic information,Is every sequence with multi-head finite-state dimension 1 multi-head finite-state random?,index,uncertain,topic_screen,retain,Computability and algorithmic information
TCS-1399,Computability and algorithmic information,"Can seeded extractors, condensers, or related pseudorandomness objects be lifted to transformations that increase polynomial-time dimension for typical outputs of efficiently samplable infinite sources?",index,uncertain,topic_screen,retain,Computability and algorithmic information
TCS-1581,Computability and algorithmic information,What is the degree of undecidability of the MSO[otpα ]-theory of α?,index,uncertain,topic_screen,retain,Computability and algorithmic information
TCS-1897,Computability and algorithmic information,"Similarly, if some probabilistic pushdown gambler wins against a sequence X, does there necessarily exist a deterministic pushdown gambler which wins against that same sequence […]",index,uncertain,topic_screen,retain,Computability and algorithmic information
TCS-2153,Computability and algorithmic information,"Can we extend Theorems 1, 2, or 4 to adaptive randomized Turing reductions?",index,uncertain,topic_screen,retain,Computability and algorithmic information
TCS-2202,Computability and algorithmic information,Can we show NP-hardness of computing conditional pKt in the polynomial-time regime?,index,uncertain,topic_screen,retain,Computability and algorithmic information
TCS-2590,Computability and algorithmic information,Does there exist an absolutely strong dimensioned number with finitestate strong dimension strictly between 0 and 1?,index,uncertain,topic_screen,retain,Computability and algorithmic information
TCS-2673,Computability and algorithmic information,"Is there a canonical notion of boundary ∂X for a simplicial complex X, such that (X, ∂X) always has computable type, and ∂X is minimal […]",index,uncertain,topic_screen,retain,Computability and algorithmic information
TCS-2776,Computability and algorithmic information,We leave it as an intriguing open problem to determine whether the “standard” conditional time-bounded Kolmogorov complexity (where interpreting a program as a Turing machine) […],index,uncertain,topic_screen,retain,Computability and algorithmic information
TCS-2821,Computability and algorithmic information,We conjecture that aperiodic configurations in Z3 SFTs behave similarly as in Z2 subshifts: each Z3 SFT containing aperiodic configurations seems to have “centers” of […],index,uncertain,topic_screen,retain,Computability and algorithmic information
TCS-2890,Computability and algorithmic information,"For example, are there lines in the plane such that sp(L) contains an interval of length strictly greater than 1?",index,uncertain,topic_screen,retain,Computability and algorithmic information
TCS-3583,Computability and algorithmic information,We leave open the question whether such the hardness criterion holds for classes above ∆02 in countably-based spaces. e,index,uncertain,topic_screen,retain,Computability and algorithmic information
TCS-3619,Computability and algorithmic information,We leave open the problem of showing an exponential lower bound on the complexity of deciding rKt complexity.,index,uncertain,topic_screen,retain,Computability and algorithmic information
TCS-4009,Computability and algorithmic information,"Is there a set O ⊆ {−, ∪, ∩} such that BC(O∪{+}) is undecidable?",index,uncertain,topic_screen,retain,Computability and algorithmic information
TCS-4185,Computability and algorithmic information,Are there strings that do not possess simple optimal hypotheses?,index,uncertain,topic_screen,retain,Computability and algorithmic information
TCS-4320,Computability and algorithmic information,We conjecture that weakly pspace randomness is strictly weaker than Lutz’s notion of pspace-randomness.,index,uncertain,topic_screen,retain,Computability and algorithmic information
TCS-4366,Computability and algorithmic information,Can we obtain a characterization of these properties as in the case of subrecursive classes?,index,uncertain,topic_screen,retain,Computability and algorithmic information
TCS-4463,Computability and algorithmic information,We leave the following question open: is there a Markov-computable function from the Cantor space to O(B) that is not K-computable?,index,uncertain,topic_screen,retain,Computability and algorithmic information
TCS-4519,Computability and algorithmic information,"It is unknown whether this is an inherent requirement for obtaining the statements, or one more involved arguments could dispense with.",index,uncertain,topic_screen,retain,Computability and algorithmic information
TCS-4941,Computability and algorithmic information,One-Way Functions and Polynomial-Time Dimension,source,source_open,topic_screen,retain,Computability and algorithmic information
TCS-5010,Computability and algorithmic information,Optimal Coding for Randomized Kolmogorov Complexity and Its Applications,source,source_open,topic_screen,retain,Computability and algorithmic information
TCS-5194,Computability and algorithmic information,Random Permutations in Computational Complexity,source,source_open,topic_screen,retain,Computability and algorithmic information
TCS-5906,Computability and algorithmic information,Random Subgroups of Rationals,source,uncertain,topic_screen,retain,Computability and algorithmic information
TCS-6105,Computability and algorithmic information,Semicomputable Geometry,source,uncertain,topic_screen,retain,Computability and algorithmic information
TCS-6386,Computability and algorithmic information,Decidability in the Logic of Subsequences and Supersequences,source,uncertain,topic_screen,retain,Computability and algorithmic information
TCS-6601,Proof complexity,Do some tautologies require superpolynomial Extended Frege proofs?,reviewed,source_open,topic_screen,retain,Proof complexity
TCS-6663,Proof complexity,Does Frege simulate Extended Frege with polynomial proof size?,reviewed,source_open,topic_screen,retain,Proof complexity
TCS-6602,Proof complexity,Superpolynomial AC⁰[p]-Frege lower bounds,reviewed,source_open,topic_screen,retain,Proof complexity
TCS-0025,Proof complexity,Superpolynomial lower bounds for unrestricted Frege proofs,reviewed,source_open,topic_screen,retain,Proof complexity
TCS-7162,Proof complexity,Do p-optimal propositional proof systems exist?,source,source_open,topic_screen,retain,Proof complexity
TCS-7163,Proof complexity,Does Resolution effectively polynomially simulate Extended Frege?,source,source_open,topic_screen,retain,Proof complexity
TCS-0024,Proof complexity,Frege lower bounds from circuit hardness,index,uncertain,topic_screen,retain,Proof complexity
TCS-1099,Proof complexity,Separate two levels of Buss's arithmetic hierarchy,index,uncertain,topic_screen,retain,Proof complexity
TCS-1096,Proof complexity,Unprovability of polynomial circuit upper bounds in S₂¹,index,uncertain,topic_screen,retain,Proof complexity
TCS-1097,Proof complexity,Unprovability of NP circuit upper bounds in T₂¹,index,uncertain,topic_screen,retain,Proof complexity
TCS-1098,Proof complexity,PV₁ cannot verify any polynomial-time SAT solver,index,uncertain,topic_screen,retain,Proof complexity
TCS-1100,Proof complexity,PV₁ cannot prove fixed-polynomial extended-Frege lower bounds,index,uncertain,topic_screen,retain,Proof complexity
TCS-1094,Proof complexity,PV₁ proofs of parity circuit lower bounds,index,uncertain,topic_screen,retain,Proof complexity
TCS-1095,Proof complexity,PV₁ proofs of monotone clique lower bounds,index,uncertain,topic_screen,retain,Proof complexity
TCS-0767,Proof complexity,Short resolution refutations for SAT when parameterized by treewidth,index,uncertain,topic_screen,retain,Proof complexity
TCS-1062,Proof complexity,Balancing tree-like cutting-planes proofs,index,uncertain,topic_screen,retain,Proof complexity
TCS-0071,Proof complexity,Proof systems computed by NC0 circuit families.,index,uncertain,topic_screen,retain,Proof complexity
TCS-0292,Proof complexity,Can Sherali–Adams prove the totality of rwPHP(PLS) in low degree?,index,uncertain,topic_screen,retain,Proof complexity
TCS-1191,Proof complexity,The main problem we leave open is the question of constructing efficient adversaries for all the remaining major proof complexity lower bounds.,index,uncertain,topic_screen,retain,Proof complexity
TCS-1253,Proof complexity,"Although super-polynomial lower bounds for Res[⊕] remain open, it seems conceivable that we will eventually prove such lower bounds sooner or later.",index,uncertain,topic_screen,retain,Proof complexity
TCS-1453,Proof complexity,Does clique-coloring also have polynomial size SBC− refutations?,index,uncertain,topic_screen,retain,Proof complexity
TCS-1797,Proof complexity,Can we (re)-prove Theorem A.5 for a sparse axiom polynomial?,index,uncertain,topic_screen,retain,Proof complexity
TCS-1905,Proof complexity,"That is, for suitably defined symmetric analogues of VP and VNP, would super-polynomial lower bounds against symmetric refutations of Boolean CNFs entail a separation of […]",index,uncertain,topic_screen,retain,Proof complexity
TCS-1921,Proof complexity,Can we bypass this obstacle for concrete proof systems such as tree-like Res(⊕) (resolution over linear equations mod 2) or tree-like cutting planes and obtain […],index,uncertain,topic_screen,retain,Proof complexity
TCS-2036,Proof complexity,"We leave open, whether the result itself does not hold or if it only requires a different proof.",index,uncertain,topic_screen,retain,Proof complexity
TCS-2323,Proof complexity,What is the PC degree of testing isomorphism of tensors of bounded border-rank?,index,uncertain,topic_screen,retain,Proof complexity
TCS-2346,Proof complexity,Do there exist for every t ≥ 3 graphs G and H such that G ≃Lt−1 H and G ̸≃SA t H?,index,uncertain,topic_screen,retain,Proof complexity
TCS-2380,Proof complexity,"Unfortunately, we do not know how strong the system EPC3 is, and in particular, if the degree-restriction is a true limitation.",index,uncertain,topic_screen,retain,Proof complexity
TCS-2889,Proof complexity,Is it true that CSpace ≈ log ST or MSpace ≈ log ST ?,index,uncertain,topic_screen,retain,Proof complexity
TCS-3183,Proof complexity,Do we necessarily need large coefficients in some Res-LinB refutations with a small number of lines?,index,uncertain,topic_screen,retain,Proof complexity
TCS-3411,Proof complexity,We leave it as an open question to determine the complexity of verifying a correct application of the semantic weakening in case char(R) = 3 […],index,uncertain,topic_screen,retain,Proof complexity
TCS-3560,Proof complexity,"However, for these proof systems the question of whether the conversion from small size to small degree can be achieved without blowing up the size […]",index,uncertain,topic_screen,retain,Proof complexity
TCS-3593,Proof complexity,"Most importantly, is the O( n log(s) + kw) upper bound in the degree-reduction lemma tight?",index,uncertain,topic_screen,retain,Proof complexity
TCS-3630,Proof complexity,"Finally, we leave as open one more “hard constraint” challenge that arises even in the simple context of random 3XOR or 3SAT.",index,uncertain,topic_screen,retain,Proof complexity
TCS-3733,Proof complexity,"Can we find the shortest tree-like or Dag-like proofs of an unsatisfiable Horn constraint system, if only the ADD rule is permitted?",index,uncertain,topic_screen,retain,Proof complexity
TCS-3919,Proof complexity,"That is, is it possible to prove that any SP refutation of length l can be simulated by an SP planes refutation of size poly(l, […]",index,uncertain,topic_screen,retain,Proof complexity
TCS-4187,Proof complexity,Is there a family of non-3-colourable graphs such that any polynomial calculus proof of non-3-colourability using the roots of unity encoding must require large size?,index,uncertain,topic_screen,retain,Proof complexity
TCS-4221,Proof complexity,"E.g., does the Question from Section 1 have a positive answer if the constraints x2i ≤ 1 are upgraded to x2i = 1?",index,uncertain,topic_screen,retain,Proof complexity
TCS-4528,Proof complexity,"Can every unsatisfiable CNF be refuted in CP in constant space, if the coefficients are polynomially bounded?",index,uncertain,topic_screen,retain,Proof complexity
TCS-4539,Proof complexity,Are those proof systems consistent with SETH?,index,uncertain,topic_screen,retain,Proof complexity
TCS-4585,Proof complexity,"As an example of a question about resolution space that still remains open, suppose we are given a k-CNF formula that is guaranteed to be […]",index,uncertain,topic_screen,retain,Proof complexity
TCS-4868,Proof complexity,Separations in Proof Complexity and TFNP,source,source_open,topic_screen,retain,Proof complexity
TCS-4982,Proof complexity,Learning Algorithms Versus Automatability of Frege Systems,source,uncertain,topic_screen,retain,Proof complexity
TCS-5114,Proof complexity,Representations of Monotone Boolean Functions by Linear Programs,source,uncertain,topic_screen,retain,Proof complexity
TCS-5275,Proof complexity,On the Power and Limitations of Branch and Cut,source,source_open,topic_screen,retain,Proof complexity
TCS-5292,Proof complexity,Recursive Jump Operators and Optimal Proof Systems,source,uncertain,topic_screen,retain,Proof complexity
TCS-5332,Proof complexity,Proof Complexity and Its Relations to SAT Solving (Invited Talk),source,uncertain,topic_screen,retain,Proof complexity
TCS-5333,Proof complexity,The Space Complexity of Cutting Planes Refutations,source,source_open,topic_screen,retain,Proof complexity
TCS-5413,Proof complexity,The Power of Small Symmetries,source,uncertain,topic_screen,retain,Proof complexity
TCS-5499,Proof complexity,Resolution Lower Bounds for Refutation Statements,source,uncertain,topic_screen,retain,Proof complexity
TCS-5628,Proof complexity,"SOS Lower Bounds with Hard Constraints: Think Global, Act Local",source,source_open,topic_screen,retain,Proof complexity
TCS-5933,Proof complexity,AC0[p]-Frege Cannot Efficiently Prove That Constant-Depth Algebraic Circuit Lower Bounds Are Hard,source,uncertain,topic_screen,retain,Proof complexity
TCS-6759,Proof complexity,Are resolution total-space and clause-space decision problems PSPACE-complete?,source,source_open,topic_screen,retain,Proof complexity
TCS-6764,Proof complexity,Exhibit linear-size fixed-width CNFs requiring quadratic total resolution space.,source,source_open,topic_screen,retain,Proof complexity
TCS-6765,Proof complexity,Asymptotically separate resolution clause space from polynomial-calculus-resolution space.,source,source_open,topic_screen,retain,Proof complexity
TCS-6766,Proof complexity,Does logarithmic resolution clause space imply polynomial proof length?,source,source_open,topic_screen,retain,Proof complexity
TCS-6767,Proof complexity,"Determine unavoidable length–width tradeoffs, including tight fixed-width length lower bounds.",source,source_open,topic_screen,retain,Proof complexity
TCS-6768,Proof complexity,Can constant-space refutations always be made simultaneously polynomial-length and constant-space?,source,source_open,topic_screen,retain,Proof complexity
TCS-6770,Proof complexity,Is unrestricted cutting planes strictly stronger than the polynomial-coefficient subsystem CP*?,source,source_open,topic_screen,retain,Proof complexity
TCS-6771,Proof complexity,Is linear resolution strictly weaker than general resolution?,source,source_open,topic_screen,retain,Proof complexity
TCS-6772,Proof complexity,"Is the resolution variable-space decision problem in PSPACE, closing the gap to the EXPSPACE upper bound?",source,source_open,topic_screen,retain,Proof complexity
TCS-6603,Communication complexity and Boolean function analysis,Log-rank conjecture for deterministic two-party communication,reviewed,source_open,topic_screen,retain,Communication complexity and Boolean function analysis
TCS-6604,Communication complexity and Boolean function analysis,The Fourier Entropy–Influence conjecture,reviewed,source_open,topic_screen,retain,Communication complexity and Boolean function analysis
TCS-6605,Communication complexity and Boolean function analysis,The Aaronson–Ambainis influential-variable conjecture,reviewed,source_open,topic_screen,retain,Communication complexity and Boolean function analysis
TCS-6581,Communication complexity and Boolean function analysis,Mansour’s conjecture with logarithmic accuracy dependence,reviewed,source_open,topic_screen,retain,Communication complexity and Boolean function analysis
TCS-6664,Communication complexity and Boolean function analysis,The asymptotic Gotsman–Linial conjecture,reviewed,source_open,topic_screen,retain,Communication complexity and Boolean function analysis
TCS-7219,Communication complexity and Boolean function analysis,The Aanderaa–Karp–Rosenberg evasiveness conjecture,source,source_open,topic_screen,retain,Communication complexity and Boolean function analysis
TCS-6450,Communication complexity and Boolean function analysis,A polynomial relation between classical and quantum communication for total functions,reviewed,source_open,topic_screen,retain,Communication complexity and Boolean function analysis
TCS-1043,Communication complexity and Boolean function analysis,Superlogarithmic clique-versus-independent-set communication,index,uncertain,topic_screen,retain,Communication complexity and Boolean function analysis
TCS-0220,Communication complexity and Boolean function analysis,External Information and Amortized Expected Communication,index,uncertain,topic_screen,retain,Communication complexity and Boolean function analysis
TCS-1057,Communication complexity and Boolean function analysis,Explicit polynomial-separation lower bounds,index,uncertain,topic_screen,retain,Communication complexity and Boolean function analysis
TCS-1046,Communication complexity and Boolean function analysis,Super-log-cubed three-party disjointness lower bounds,index,uncertain,topic_screen,retain,Communication complexity and Boolean function analysis
TCS-1047,Communication complexity and Boolean function analysis,Formula size versus partition complexity,index,uncertain,topic_screen,retain,Communication complexity and Boolean function analysis
TCS-1059,Communication complexity and Boolean function analysis,Linearizing arbitrary depth-two circuits efficiently,index,uncertain,topic_screen,retain,Communication complexity and Boolean function analysis
TCS-1044,Communication complexity and Boolean function analysis,Explicit matrices with large robust rectangle covers,index,uncertain,topic_screen,retain,Communication complexity and Boolean function analysis
TCS-1055,Communication complexity and Boolean function analysis,Complementation asymmetry in second-level communication complexity,index,uncertain,topic_screen,retain,Communication complexity and Boolean function analysis
TCS-0540,Communication complexity and Boolean function analysis,Communication Complexity of Max-Flow,index,uncertain,topic_screen,retain,Communication complexity and Boolean function analysis
TCS-0053,Communication complexity and Boolean function analysis,Sign-representation,index,uncertain,topic_screen,retain,Communication complexity and Boolean function analysis
TCS-0218,Communication complexity and Boolean function analysis,Cryptogenography,index,uncertain,topic_screen,retain,Communication complexity and Boolean function analysis
TCS-0222,Communication complexity and Boolean function analysis,Merlin–Arthur Communication Complexity of Connectivity,index,uncertain,topic_screen,retain,Communication complexity and Boolean function analysis
TCS-0811,Communication complexity and Boolean function analysis,Monochromatic Rectangles in Low-Rank Matrices,index,uncertain,topic_screen,retain,Communication complexity and Boolean function analysis
TCS-0464,Communication complexity and Boolean function analysis,Information leakage in distributed OR,index,uncertain,topic_screen,retain,Communication complexity and Boolean function analysis
TCS-0309,Communication complexity and Boolean function analysis,Recognizing evasive Boolean functions,index,uncertain,topic_screen,retain,Communication complexity and Boolean function analysis
TCS-1050,Communication complexity and Boolean function analysis,Explicit pairs with strong monotone approximation hardness,index,uncertain,topic_screen,retain,Communication complexity and Boolean function analysis
TCS-1061,Communication complexity and Boolean function analysis,Quadratic decision-tree bounds from block sensitivity,index,uncertain,topic_screen,retain,Communication complexity and Boolean function analysis
TCS-1146,Communication complexity and Boolean function analysis,Can Π solve k-Clique for Erdős-Rényi graphs of constant sparsity with O(log n) cost?,index,uncertain,topic_screen,retain,Communication complexity and Boolean function analysis
TCS-1540,Communication complexity and Boolean function analysis,"Is it true that every Boolean function f : {0, 1}n → {0, 1} has noisy query complexity Ω(I(f ) log I(f ))?",index,uncertain,topic_screen,retain,Communication complexity and Boolean function analysis
TCS-1614,Communication complexity and Boolean function analysis,"Concretely, could one can prove DAG-like communication lower bounds for the k-player analog SearchkBPHPm n ?",index,uncertain,topic_screen,retain,Communication complexity and Boolean function analysis
TCS-1823,Communication complexity and Boolean function analysis,"Can we construct a decision tree of height poly(d) which, on input y, outputs one of the influential coordinates of fy with high probability?",index,uncertain,topic_screen,retain,Communication complexity and Boolean function analysis
TCS-1845,Communication complexity and Boolean function analysis,What is the exact time-complexity of tt-DT?,index,uncertain,topic_screen,retain,Communication complexity and Boolean function analysis
TCS-1928,Communication complexity and Boolean function analysis,How small can the rank of M be?,index,uncertain,topic_screen,retain,Communication complexity and Boolean function analysis
TCS-1964,Communication complexity and Boolean function analysis,"Find the minimum one-way deterministic communication complexity [N ] of PromEQφ among all φ : [N ] → T ,",index,uncertain,topic_screen,retain,Communication complexity and Boolean function analysis
TCS-2263,Communication complexity and Boolean function analysis,"We leave it as an open question if such a result is possible without relying on complexity assumptions (or using weaker ones), and if quantitative […]",index,uncertain,topic_screen,retain,Communication complexity and Boolean function analysis
TCS-2334,Communication complexity and Boolean function analysis,"Is there a reasonable closure of γ2,B that is equivalent to γ2 in terms of its ability to bound functions in communication complexity?",index,uncertain,topic_screen,retain,Communication complexity and Boolean function analysis
TCS-2343,Communication complexity and Boolean function analysis,Is there a Boolean matrix MN ×N with R(M ) = O(1) and ∥M ∥γ2 = N Ω(1) ?,index,uncertain,topic_screen,retain,Communication complexity and Boolean function analysis
TCS-2513,Communication complexity and Boolean function analysis,We leave this as an open question and prove a weaker bound of O( cn) queries.,index,uncertain,topic_screen,retain,Communication complexity and Boolean function analysis
TCS-2571,Communication complexity and Boolean function analysis,Can we similarly characterize the class of communication problems corresponding to non-monotone KW games?,index,uncertain,topic_screen,retain,Communication complexity and Boolean function analysis
TCS-2658,Communication complexity and Boolean function analysis,"Is there a function η such that for every sign matrix A, we have rank± (A) ≤ η(m(A)−1 )?",index,uncertain,topic_screen,retain,Communication complexity and Boolean function analysis
TCS-2664,Communication complexity and Boolean function analysis,Are low-influence directions (almost) irrelevant?,index,uncertain,topic_screen,retain,Communication complexity and Boolean function analysis
TCS-2984,Communication complexity and Boolean function analysis,"Near-linear gadget: m = Θ(n log n) Building off the intuition from our warm-up, what happens if δ is chosen to be subconstant?",index,uncertain,topic_screen,retain,Communication complexity and Boolean function analysis
TCS-3016,Communication complexity and Boolean function analysis,"If even Conjecture 22 is false, is there an alternate way to prove the communication lower bound, perhaps adapting the technique of [17] to the […]",index,uncertain,topic_screen,retain,Communication complexity and Boolean function analysis
TCS-3146,Communication complexity and Boolean function analysis,"The linear sketching model is more powerful, in general, than the edge-probe model, and we leave open the question of e 2 /k 4 ) […]",index,uncertain,topic_screen,retain,Communication complexity and Boolean function analysis
TCS-3153,Communication complexity and Boolean function analysis,This still p leaves the following question open: do there exist Boolean functions f for which r(f ) = ω( k(f ))?,index,uncertain,topic_screen,retain,Communication complexity and Boolean function analysis
TCS-3458,Communication complexity and Boolean function analysis,Can Qk -communication game for THRkn+1 n+1 be solved in O(log n) bits of communication for k ≥ 3?,index,uncertain,topic_screen,retain,Communication complexity and Boolean function analysis
TCS-3512,Communication complexity and Boolean function analysis,What general upper bounds can we get on universal SMP in terms of weakly-universal SMP?,index,uncertain,topic_screen,retain,Communication complexity and Boolean function analysis
TCS-3694,Communication complexity and Boolean function analysis,"Our bounds are near-optimal for small k, but for large k ≥ Ω(n), we leave open a mysterious exponential gap.",index,uncertain,topic_screen,retain,Communication complexity and Boolean function analysis
TCS-3761,Communication complexity and Boolean function analysis,"In particular, can we prove non-trivial ppCDS lower-bounds for predicates that have low randomized bounded-error communication complexity like Greater-Than?",index,uncertain,topic_screen,retain,Communication complexity and Boolean function analysis
TCS-3799,Communication complexity and Boolean function analysis,Can one show that there are AC0 functions f of depth O(log(1/δ)) with deg g (f ) = Ω(n1−δ ) for ε = 1 − […],index,uncertain,topic_screen,retain,Communication complexity and Boolean function analysis
TCS-3811,Communication complexity and Boolean function analysis,"First, how can one relax the restrictions that we impose on the general asynchronous model and still prove communication complexity lower bounds in a peer-to-peer […]",index,uncertain,topic_screen,retain,Communication complexity and Boolean function analysis
TCS-3821,Communication complexity and Boolean function analysis,"For example, can our result PPADScc * PPAcc be strengthened to SoMLcc * PPAcc ?",index,uncertain,topic_screen,retain,Communication complexity and Boolean function analysis
TCS-3871,Communication complexity and Boolean function analysis,Is the same bound true for protocols with private sources of random bits?,index,uncertain,topic_screen,retain,Communication complexity and Boolean function analysis
TCS-4084,Communication complexity and Boolean function analysis,We conjecture that the INBA problem remains hard in M2 even in the unbounded-round setting.,index,uncertain,topic_screen,retain,Communication complexity and Boolean function analysis
TCS-4184,Communication complexity and Boolean function analysis,"For example, does PM ⊆ PSPACEcc hold?",index,uncertain,topic_screen,retain,Communication complexity and Boolean function analysis
TCS-4301,Communication complexity and Boolean function analysis,"Formally, we leave the resolution of the following conjecture as an open problem.",index,uncertain,topic_screen,retain,Communication complexity and Boolean function analysis
TCS-4330,Communication complexity and Boolean function analysis,"In fact, we do not know how to prove this conjecture even if the density of X in X0 is allowed to be as high […]",index,uncertain,topic_screen,retain,Communication complexity and Boolean function analysis
TCS-4419,Communication complexity and Boolean function analysis,Is it true that for any n-vertex graph H we have: (a) R(fH ) = Ω(αH · n)?,index,uncertain,topic_screen,retain,Communication complexity and Boolean function analysis
TCS-4438,Communication complexity and Boolean function analysis,"We strengthen the latter result to show that PP 6⊆ UPostBPP . (Showing PP 6⊆ UPostBPP remains open.) In our proof, we make use of […]",index,uncertain,topic_screen,retain,Communication complexity and Boolean function analysis
TCS-4522,Communication complexity and Boolean function analysis,What is the largest gap between QI=0 (f ) and RI=0 (f )?,index,uncertain,topic_screen,retain,Communication complexity and Boolean function analysis
TCS-4647,Communication complexity and Boolean function analysis,Another question that we leave open is to prove lower bounds on the degree for - approximating polynomials for depth 2 AC0 [⊕] circuits.,index,uncertain,topic_screen,retain,Communication complexity and Boolean function analysis
TCS-4664,Communication complexity and Boolean function analysis,Can we extend the D(Bipartite Matchingn ) ≤ O(n3/2 log n) bound to general graphs?,index,uncertain,topic_screen,retain,Communication complexity and Boolean function analysis
TCS-4710,Communication complexity and Boolean function analysis,Certificate Games — Open Problem 1,source,source_open,topic_screen,retain,Communication complexity and Boolean function analysis
TCS-4769,Communication complexity and Boolean function analysis,Sensitivity and Query Complexity Under Uncertainty,source,source_open,topic_screen,retain,Communication complexity and Boolean function analysis
TCS-4771,Communication complexity and Boolean function analysis,Nondeterministic and Randomized Boolean Hierarchies in Communication Complexity,source,uncertain,topic_screen,retain,Communication complexity and Boolean function analysis
TCS-4895,Communication complexity and Boolean function analysis,Certification with an NP Oracle — Open Problem 2,source,source_open,topic_screen,retain,Communication complexity and Boolean function analysis
TCS-5108,Communication complexity and Boolean function analysis,When Is Amplification Necessary for Composition in Randomized Query Complexity?,source,source_open,topic_screen,retain,Communication complexity and Boolean function analysis
TCS-5189,Communication complexity and Boolean function analysis,The Hardness of Decision Tree Complexity,source,source_open,topic_screen,retain,Communication complexity and Boolean function analysis
TCS-5253,Communication complexity and Boolean function analysis,On the Composition of Randomized Query Complexity and Approximate Degree,source,source_open,topic_screen,retain,Communication complexity and Boolean function analysis
TCS-5272,Communication complexity and Boolean function analysis,Majority is Incompressible by AC^0[p] Circuits,source,uncertain,topic_screen,retain,Communication complexity and Boolean function analysis
TCS-5304,Communication complexity and Boolean function analysis,Towards Stronger Counterexamples to the Log-Approximate-Rank Conjecture,source,source_open,topic_screen,retain,Communication complexity and Boolean function analysis
TCS-5326,Communication complexity and Boolean function analysis,"Multi-Party Protocols, Information Complexity and Privacy",source,uncertain,topic_screen,retain,Communication complexity and Boolean function analysis
TCS-5524,Communication complexity and Boolean function analysis,Communication Complexity with Small Advantage,source,uncertain,topic_screen,retain,Communication complexity and Boolean function analysis
TCS-5594,Communication complexity and Boolean function analysis,Super-Cubic Lower Bound for Generalized Karchmer-Wigderson Games,source,source_open,topic_screen,retain,Communication complexity and Boolean function analysis
TCS-5688,Communication complexity and Boolean function analysis,A Variant of the VC-Dimension with Applications to Depth-3 Circuits,source,source_open,topic_screen,retain,Communication complexity and Boolean function analysis
TCS-5711,Communication complexity and Boolean function analysis,"Limits on Representing Boolean Functions by Linear Combinations of Simple Functions: Thresholds, ReLUs, and Low-Degree Polynomials",source,uncertain,topic_screen,retain,Communication complexity and Boolean function analysis
TCS-5751,Communication complexity and Boolean function analysis,Tight Bounds on the Fourier Spectrum of AC0,source,uncertain,topic_screen,retain,Communication complexity and Boolean function analysis
TCS-5892,Communication complexity and Boolean function analysis,Lifting Theorems for Equality,source,uncertain,topic_screen,retain,Communication complexity and Boolean function analysis
TCS-5970,Communication complexity and Boolean function analysis,On Query-To-Communication Lifting for Adversary Bounds,source,uncertain,topic_screen,retain,Communication complexity and Boolean function analysis
TCS-6074,Communication complexity and Boolean function analysis,Communication Complexity of Set-Disjointness for All Probabilities,source,uncertain,topic_screen,retain,Communication complexity and Boolean function analysis
TCS-6198,Communication complexity and Boolean function analysis,The Information Complexity of Hamming Distance,source,uncertain,topic_screen,retain,Communication complexity and Boolean function analysis
TCS-6705,Communication complexity and Boolean function analysis,Does every linear threshold function have degree-at-most-one Fourier weight at least 2/π?,source,source_open,topic_screen,retain,Communication complexity and Boolean function analysis
TCS-6707,Communication complexity and Boolean function analysis,Determine the asymptotic randomized decision-tree complexity of recursive majority-of-three.,source,source_open,topic_screen,retain,Communication complexity and Boolean function analysis
TCS-6708,Communication complexity and Boolean function analysis,Must some squared Fourier coefficient be at least exp(−O(total influence))?,source,source_open,topic_screen,retain,Communication complexity and Boolean function analysis
TCS-6710,Communication complexity and Boolean function analysis,Determine tight randomized communication bounds for number-on-forehead set disjointness.,source,source_open,topic_screen,retain,Communication complexity and Boolean function analysis
TCS-6711,Communication complexity and Boolean function analysis,Determine the optimal gap between deterministic communication and logarithmic monochromatic partition size.,source,source_open,topic_screen,retain,Communication complexity and Boolean function analysis
TCS-6595,Fine-grained complexity,Does the Strong Exponential Time Hypothesis hold?,reviewed,source_open,topic_screen,retain,Fine-grained complexity
TCS-6510,Fine-grained complexity,Can exact weighted all-pairs shortest paths be computed in truly subcubic time?,reviewed,open,topic_screen,retain,Fine-grained complexity
TCS-6596,Fine-grained complexity,The Orthogonal Vectors Hypothesis,reviewed,source_open,topic_screen,retain,Fine-grained complexity
TCS-6597,Fine-grained complexity,The algebraic k-Clique Hypothesis: the leading exponent,reviewed,source_open,topic_screen,retain,Fine-grained complexity
TCS-6661,Fine-grained complexity,The Hyperclique Hypothesis,reviewed,source_open,topic_screen,retain,Fine-grained complexity
TCS-7179,Fine-grained complexity,Can exact edit distance be computed in truly subquadratic time?,source,source_open,topic_screen,retain,Fine-grained complexity
TCS-6503,Fine-grained complexity,The online Boolean matrix–vector multiplication conjecture,reviewed,open,topic_screen,retain,Fine-grained complexity
TCS-6598,Fine-grained complexity,The Min-Plus Convolution Hypothesis,source,source_open,topic_screen,retain,Fine-grained complexity
TCS-0557,Fine-grained complexity,Truly subquadratic algorithms for 3SUM,index,uncertain,topic_screen,retain,Fine-grained complexity
TCS-6599,Fine-grained complexity,The Hitting Set Conjecture,source,source_open,topic_screen,retain,Fine-grained complexity
TCS-0559,Fine-grained complexity,"Fine-grained reductions between OV, 3SUM and APSP",index,uncertain,topic_screen,retain,Fine-grained complexity
TCS-0561,Fine-grained complexity,Improving the dependence on clause width in k-SAT,index,uncertain,topic_screen,retain,Fine-grained complexity
TCS-0562,Fine-grained complexity,Refuting nondeterministic SETH,index,uncertain,topic_screen,retain,Fine-grained complexity
TCS-0560,Fine-grained complexity,Fine-grained reductions from Hitting Set to 3SUM,index,uncertain,topic_screen,retain,Fine-grained complexity
TCS-0815,Fine-grained complexity,Relation between permanent computation and SETH,index,uncertain,topic_screen,retain,Fine-grained complexity
TCS-0622,Fine-grained complexity,Fine-grained complexity of reachability in one-counter automata,index,uncertain,topic_screen,retain,Fine-grained complexity
TCS-0558,Fine-grained complexity,Fine-grained complexity as the number of OV sets grows,index,uncertain,topic_screen,retain,Fine-grained complexity
TCS-0760,Fine-grained complexity,Fine-grained complexity of Hitting Set w.r.t. VC dimension,index,uncertain,topic_screen,retain,Fine-grained complexity
TCS-0761,Fine-grained complexity,Fine-grained complexity of k-LCS,index,uncertain,topic_screen,retain,Fine-grained complexity
TCS-0563,Fine-grained complexity,Subexponential savings for balanced quantified Boolean formulas,index,uncertain,topic_screen,retain,Fine-grained complexity
TCS-0096,Fine-grained complexity,Fine-grained complexity of language emptiness for deterministic PDA,index,uncertain,topic_screen,retain,Fine-grained complexity
TCS-0097,Fine-grained complexity,Fine-grained complexity of omega-automata inclusion,index,uncertain,topic_screen,retain,Fine-grained complexity
TCS-0627,Fine-grained complexity,$o(n^2)$-time algorithm for coverability in 1-VASS,index,uncertain,topic_screen,retain,Fine-grained complexity
TCS-0631,Fine-grained complexity,The time-complexity of coverability in unary 1-VASS,index,uncertain,topic_screen,retain,Fine-grained complexity
TCS-1160,Fine-grained complexity,For which patterns H can Triangle Detection in H-free graphs be solved combinatorially in truly subcubic time?,index,uncertain,topic_screen,retain,Fine-grained complexity
TCS-1161,Fine-grained complexity,"Prove that, for some ε > 0, MAX-3-SAT can be solved in conondeterministic time O(2(1−ε)n ).",index,uncertain,topic_screen,retain,Fine-grained complexity
TCS-1326,Fine-grained complexity,"For any α, β, γ, ε > 0, there is no combinatorial algorithm for multiplying an nα × nβ matrix with an nβ × nγ […]",index,uncertain,topic_screen,retain,Fine-grained complexity
TCS-1446,Fine-grained complexity,"For example, is there an algorithm for All-Edges Sparse Triangle running in o(m4/3 ) time on m-edge graphs, assuming optimal matrix multiplication?",index,uncertain,topic_screen,retain,Fine-grained complexity
TCS-1826,Fine-grained complexity,Can we establish a d > 3 such that 3-SUM is complete for FOPZ formulas of inequality dimension at most d?,index,uncertain,topic_screen,retain,Fine-grained complexity
TCS-1899,Fine-grained complexity,"Can you give a reduction which shows that if (counting, directed) k-hypercycle in a u-uniform graph requires T (n) time then so does (counting, directed) […]",index,uncertain,topic_screen,retain,Fine-grained complexity
TCS-1944,Fine-grained complexity,"Prove or disprove: 2k-SUM ∈ AM k log2 n, no(k) .",index,uncertain,topic_screen,retain,Fine-grained complexity
TCS-2131,Fine-grained complexity,We leave it as an open problem whether Directed/Undirected Edge-C(n)-Colored Walk for C(n) ≫ no(1) is also equivalent to the above problems.,index,uncertain,topic_screen,retain,Fine-grained complexity
TCS-2205,Fine-grained complexity,Is there a fixed integer k ≥ 3 and constant δ > 0 such that k-DSP in DAGs can be solved in O(nk+1−δ ) time?,index,uncertain,topic_screen,retain,Fine-grained complexity
TCS-2486,Fine-grained complexity,"Under the SETH, there exists a fixed constant d ∈ N such that (Weighted) Dominating Set cannot be solved in (3 − ϵ)twd · nf […]",index,uncertain,topic_screen,retain,Fine-grained complexity
TCS-2604,Fine-grained complexity,"We leave it as an open problem to either improve upon the upper bound O(nd+1 ) given by the trivial algorithm, or to raise our […]",index,uncertain,topic_screen,retain,Fine-grained complexity
TCS-2717,Fine-grained complexity,We leave as an open problem whether there exists a truly subquadratic algorithm for computing all extremities in a graph.,index,uncertain,topic_screen,retain,Fine-grained complexity
TCS-2899,Fine-grained complexity,How about AP-Ver-LCA?,index,uncertain,topic_screen,retain,Fine-grained complexity
TCS-3011,Fine-grained complexity,Can RPQ-Enum be solved with O(| D |) preprocessing and O(|VD |) delay in data complexity?,index,uncertain,topic_screen,retain,Fine-grained complexity
TCS-3123,Fine-grained complexity,"6 Final Remarks It remains open whether an Õ(n2 )-time algorithm for undirected real-weighted graphs is possible if ω = 2, even with a large […]",index,uncertain,topic_screen,retain,Fine-grained complexity
TCS-3197,Fine-grained complexity,Is checking Ab-square-freeness 3SUM-hard?,index,uncertain,topic_screen,retain,Fine-grained complexity
TCS-3209,Fine-grained complexity,Can we classify which problems admit such improved algorithms for small dimensions?,index,uncertain,topic_screen,retain,Fine-grained complexity
TCS-3225,Fine-grained complexity,"Are there any 2D Grid Range problems solvable in O(n2− ) time, for some > 0, but require Ω(n3/2−o(1) ) time?",index,uncertain,topic_screen,retain,Fine-grained complexity
TCS-3362,Fine-grained complexity,Can one find tight noncombinatorial lower bounds for even cycle in arbitrary space?,index,uncertain,topic_screen,retain,Fine-grained complexity
TCS-3584,Fine-grained complexity,"We conclude by asking: is an O(nk ) algorithm waiting to be found for these problems, or does there exist a more efficient reduction which […]",index,uncertain,topic_screen,retain,Fine-grained complexity
TCS-3719,Fine-grained complexity,Can we 0 then solve all hardness-h ∃k ∀ graph properties in time O(mk−ε )?,index,uncertain,topic_screen,retain,Fine-grained complexity
TCS-3763,Fine-grained complexity,"Are there i, j, k such that `=1 vi [`] · vj [`] · vk [`] = 0?",index,uncertain,topic_screen,retain,Fine-grained complexity
TCS-3807,Fine-grained complexity,"Can we show that assuming SETH, for some constant ε > 0, no algorithm running in time n1+ε can solve 2-CP in any metric when […]",index,uncertain,topic_screen,retain,Fine-grained complexity
TCS-3836,Fine-grained complexity,We conjecture that there should be an ω(1) dimensional reduction with a more direct construction.,index,uncertain,topic_screen,retain,Fine-grained complexity
TCS-3940,Fine-grained complexity,Note however that we do not know whether these lower bounds imply general algorithmic hardness.,index,uncertain,topic_screen,retain,Fine-grained complexity
TCS-4011,Fine-grained complexity,"Is there another, “trivial-looking” trick for 3XOR, that establishes a basic approach to solve 3XOR in deterministic subquadratic time?",index,uncertain,topic_screen,retain,Fine-grained complexity
TCS-4275,Fine-grained complexity,"Can β(w) and kb[n] k2 be bounded by 2o (1)n and 2(0.5+o (1))n , respectively?",index,uncertain,topic_screen,retain,Fine-grained complexity
TCS-4317,Fine-grained complexity,We leave it as an open problem whether Feedback Vertex Set is serf reducible to 3-CNF-Sat.,index,uncertain,topic_screen,retain,Fine-grained complexity
TCS-4576,Fine-grained complexity,It is an open question whether O(|S|2−ε 2o(d) ) time is possible for some fixed ε > 0.,index,uncertain,topic_screen,retain,Fine-grained complexity
TCS-4801,Fine-grained complexity,Triangle Detection in H-Free Graphs,source,source_open,topic_screen,retain,Fine-grained complexity
TCS-4869,Fine-grained complexity,Listing 4-Cycles,source,source_open,topic_screen,retain,Fine-grained complexity
TCS-5075,Fine-grained complexity,Better Diameter Algorithms for Bounded VC-Dimension Graphs and Geometric Intersection Graphs — Open Problem 3,source,source_open,topic_screen,retain,Fine-grained complexity
TCS-5112,Fine-grained complexity,Geometric Pattern Matching Reduces to k-SUM,source,uncertain,topic_screen,retain,Fine-grained complexity
TCS-5235,Fine-grained complexity,APMF < APSP? Gomory-Hu Tree for Unweighted Graphs in Almost-Quadratic Time,source,source_open,topic_screen,retain,Fine-grained complexity
TCS-5422,Fine-grained complexity,Superlinear Lower Bounds Based on ETH,source,uncertain,topic_screen,retain,Fine-grained complexity
TCS-5691,Fine-grained complexity,Non-Boolean OMv: One More Reason to Believe Lower Bounds for Dynamic Problems,source,uncertain,topic_screen,retain,Fine-grained complexity
TCS-6025,Fine-grained complexity,Current Algorithms for Detecting Subgraphs of Bounded Treewidth Are Probably Optimal,source,source_open,topic_screen,retain,Fine-grained complexity
TCS-6935,Fine-grained complexity,For every ε>0 some clause width k precludes randomized O(2^((1−ε)n)) time for k-SAT.,source,source_open,topic_screen,retain,Fine-grained complexity
TCS-6937,Fine-grained complexity,Weighted APSP admits no randomized truly subcubic algorithm in the stated integer-weight regime.,source,source_open,topic_screen,retain,Fine-grained complexity
TCS-6940,Fine-grained complexity,Is tree edit distance fine-grained equivalent to APSP?,source,source_open,topic_screen,retain,Fine-grained complexity
TCS-6942,Fine-grained complexity,Does the Orthogonal Vectors hypothesis imply the Hitting Set hypothesis?,source,source_open,topic_screen,retain,Fine-grained complexity
TCS-6944,Fine-grained complexity,Edge-weighted Min-Weight k-Clique requires randomized n^(k−o(1)) time in the specified weight range.,source,source_open,topic_screen,retain,Fine-grained complexity
TCS-6945,Fine-grained complexity,Exact-weight k-Clique requires randomized n^(k−o(1)) time in the specified weight range.,source,source_open,topic_screen,retain,Fine-grained complexity
TCS-6946,Fine-grained complexity,Determine fine-grained relationships between APSP and 3-SUM.,source,source_open,topic_screen,retain,Fine-grained complexity
TCS-6949,Fine-grained complexity,"Circuit-SAT for the described richer representation classes, especially polynomial-size polylog-depth circuits, requires 2^(n−o(n)) time.",source,source_open,topic_screen,retain,Fine-grained complexity
TCS-6950,Fine-grained complexity,"At least one of SETH, the APSP hypothesis and the 3-SUM hypothesis is true.",source,source_open,topic_screen,retain,Fine-grained complexity
TCS-6952,Fine-grained complexity,Prove strong unconditional lower bounds for suitably space-restricted 3-SUM algorithms.,source,source_open,topic_screen,retain,Fine-grained complexity
TCS-7001,Fine-grained complexity,"Beat quadratic-time synchronizability testing over a fixed alphabet, or establish conditional barriers.",source,source_open,topic_screen,retain,Fine-grained complexity
TCS-0003,Pseudorandomness and derandomization,Can randomness always be removed from polynomial-time decision algorithms?,reviewed,uncertain,topic_screen,retain,Pseudorandomness and derandomization
TCS-6600,Pseudorandomness and derandomization,Optimal explicit pseudorandom generators for read-once branching programs,reviewed,source_open,topic_screen,retain,Pseudorandomness and derandomization
TCS-6662,Pseudorandomness and derandomization,Optimal deterministic restricted-isometry matrices,reviewed,source_open,topic_screen,retain,Pseudorandomness and derandomization
TCS-1005,Pseudorandomness and derandomization,Unconditional subexponential simulation of BPP,index,uncertain,topic_screen,retain,Pseudorandomness and derandomization
TCS-0026,Pseudorandomness and derandomization,L versus BPL,index,uncertain,topic_screen,retain,Pseudorandomness and derandomization
TCS-1018,Pseudorandomness and derandomization,Optimal generators for hardness-to-randomness transformations,index,uncertain,topic_screen,retain,Pseudorandomness and derandomization
TCS-1015,Pseudorandomness and derandomization,Seeded extraction with constant total entropy loss,index,uncertain,topic_screen,retain,Pseudorandomness and derandomization
TCS-1016,Pseudorandomness and derandomization,Extraction with log n plus constant seed length,index,uncertain,topic_screen,retain,Pseudorandomness and derandomization
TCS-1006,Pseudorandomness and derandomization,Explicit simultaneous isolation for perfect matchings,index,uncertain,topic_screen,retain,Pseudorandomness and derandomization
TCS-1021,Pseudorandomness and derandomization,Promise-BPP derandomization implying EXP circuit hardness,index,uncertain,topic_screen,retain,Pseudorandomness and derandomization
TCS-1022,Pseudorandomness and derandomization,Derandomization implying exponential nondeterministic circuit hardness,index,uncertain,topic_screen,retain,Pseudorandomness and derandomization
TCS-1125,Pseudorandomness and derandomization,Sub-log-squared seeds for width-four ordered branching programs,index,uncertain,topic_screen,retain,Pseudorandomness and derandomization
TCS-1133,Pseudorandomness and derandomization,Sub-log-squared seeds for polynomial-size CNFs and DNFs,index,uncertain,topic_screen,retain,Pseudorandomness and derandomization
TCS-1014,Pseudorandomness and derandomization,Constant-loss condensers with logarithmic seeds,index,uncertain,topic_screen,retain,Pseudorandomness and derandomization
TCS-1024,Pseudorandomness and derandomization,Extracting from low-entropy efficiently samplable sources,index,uncertain,topic_screen,retain,Pseudorandomness and derandomization
TCS-0854,Pseudorandomness and derandomization,Does derandomizing Promise-ZPP derandomize Promise-BPP?,index,uncertain,topic_screen,retain,Pseudorandomness and derandomization
TCS-1135,Pseudorandomness and derandomization,Characterize promise-AM derandomization by targeted hitting sets,index,uncertain,topic_screen,retain,Pseudorandomness and derandomization
TCS-1137,Pseudorandomness and derandomization,Derandomization from almost-everywhere uniform hardness,index,uncertain,topic_screen,retain,Pseudorandomness and derandomization
TCS-0987,Pseudorandomness and derandomization,Deterministic Heavy-Hitters & Fast Matrix Algorithms,index,uncertain,topic_screen,retain,Pseudorandomness and derandomization
TCS-1008,Pseudorandomness and derandomization,Bipartite vertex expanders with constant expansion loss,index,uncertain,topic_screen,retain,Pseudorandomness and derandomization
TCS-1009,Pseudorandomness and derandomization,Near-lossless undirected constant-degree vertex expanders,index,uncertain,topic_screen,retain,Pseudorandomness and derandomization
TCS-1013,Pseudorandomness and derandomization,Optimal-size highly unbalanced lossless expanders,index,uncertain,topic_screen,retain,Pseudorandomness and derandomization
TCS-0852,Pseudorandomness and derandomization,Exponential explicit Ramsey graphs via Li’s construction,index,uncertain,topic_screen,retain,Pseudorandomness and derandomization
TCS-1121,Pseudorandomness and derandomization,Explicit small-bias generators with additively optimal seeds,index,uncertain,topic_screen,retain,Pseudorandomness and derandomization
TCS-1124,Pseudorandomness and derandomization,Optimal PRGs for high-dimensional combinatorial rectangles,index,uncertain,topic_screen,retain,Pseudorandomness and derandomization
TCS-1134,Pseudorandomness and derandomization,Optimal seed length for read-once CNF generators,index,uncertain,topic_screen,retain,Pseudorandomness and derandomization
TCS-1019,Pseudorandomness and derandomization,Polynomial-time derandomization of randomized AC0,index,uncertain,topic_screen,retain,Pseudorandomness and derandomization
TCS-1122,Pseudorandomness and derandomization,Nontrivial PRGs for logarithmic-degree binary polynomials,index,uncertain,topic_screen,retain,Pseudorandomness and derandomization
TCS-1128,Pseudorandomness and derandomization,Linear-space Nisan–Zuckerman generators with polynomially small error,index,uncertain,topic_screen,retain,Pseudorandomness and derandomization
TCS-1131,Pseudorandomness and derandomization,Sublinear-seed generators for AC0 with parity gates,index,uncertain,topic_screen,retain,Pseudorandomness and derandomization
TCS-1132,Pseudorandomness and derandomization,Shorter seeds for arbitrary-order regular branching programs,index,uncertain,topic_screen,retain,Pseudorandomness and derandomization
TCS-1136,Pseudorandomness and derandomization,Near-linear PRGs without cryptographic hardness assumptions,index,uncertain,topic_screen,retain,Pseudorandomness and derandomization
TCS-0050,Pseudorandomness and derandomization,Determinantal Witnesses and Matchings,index,uncertain,topic_screen,retain,Pseudorandomness and derandomization
TCS-0051,Pseudorandomness and derandomization,Explicit dispersers for large quadratic-system solution sets,index,uncertain,topic_screen,retain,Pseudorandomness and derandomization
TCS-0855,Pseudorandomness and derandomization,Query efficiency of PRGs constructed from arbitrary OWFs,index,uncertain,topic_screen,retain,Pseudorandomness and derandomization
TCS-0856,Pseudorandomness and derandomization,Seed efficiency of PRGs constructed from arbitrary OWFs,index,uncertain,topic_screen,retain,Pseudorandomness and derandomization
TCS-1007,Pseudorandomness and derandomization,Universal traversal sequences under arbitrary labels,index,uncertain,topic_screen,retain,Pseudorandomness and derandomization
TCS-1104,Pseudorandomness and derandomization,Composition-space lower bounds from familiar complexity assumptions,index,uncertain,topic_screen,retain,Pseudorandomness and derandomization
TCS-1566,Pseudorandomness and derandomization,Can we show the existence of √ low-degree low-error two-source extractors for min-entropy below n?,index,uncertain,topic_screen,retain,Pseudorandomness and derandomization
TCS-1956,Pseudorandomness and derandomization,Does the existence of a demi-bit imply the existence of a super-bit?,index,uncertain,topic_screen,retain,Pseudorandomness and derandomization
TCS-2201,Pseudorandomness and derandomization,"That is, can one also use standard extractors to construct non-malleable extractors?",index,uncertain,topic_screen,retain,Pseudorandomness and derandomization
TCS-2644,Pseudorandomness and derandomization,"Is there a deterministic polynomial time algorithm for NC03 -Avoid with stretch n1+o(1) , even when an NP oracle is available?",index,uncertain,topic_screen,retain,Pseudorandomness and derandomization
TCS-2659,Pseudorandomness and derandomization,"Construct a sufficiently dense infinite family of explicit 3-uniform d-regular hypergraphs which are λ-spectral for λ ≤ √2d · (1 + dc ), where c […]",index,uncertain,topic_screen,retain,Pseudorandomness and derandomization
TCS-2663,Pseudorandomness and derandomization,Does there exist a black-box hard-function ⇒ PRG proof with: Seed length: r = (1 + o(1)) · ℓ. (Any black-box proof must have r […],index,uncertain,topic_screen,retain,Pseudorandomness and derandomization
TCS-2942,Pseudorandomness and derandomization,"We suspect that this (d/ min(p))O(d) dependence for d > 2 is not tight, and we leave the determination of the optimal dependence on d […]",index,uncertain,topic_screen,retain,Pseudorandomness and derandomization
TCS-3222,Pseudorandomness and derandomization,Does existence of a SOS-hard family solve PIT completely?,index,uncertain,topic_screen,retain,Pseudorandomness and derandomization
TCS-3268,Pseudorandomness and derandomization,"We conjecture that our seed length lower bound is tight, i.e., there is a PRG construction that eliminates the log log n factor from our […]",index,uncertain,topic_screen,retain,Pseudorandomness and derandomization
TCS-3393,Pseudorandomness and derandomization,"In light of Proposition 8, we leave as an interesting open question whether there is any barrier explaining the difficulty of proving NP-hardness of the […]",index,uncertain,topic_screen,retain,Pseudorandomness and derandomization
TCS-3514,Pseudorandomness and derandomization,"For example, is the Learning is Hard assumption of [10] equivalent to the non-existence of natural proofs under the Conjecture?",index,uncertain,topic_screen,retain,Pseudorandomness and derandomization
TCS-3617,Pseudorandomness and derandomization,Parsimonious Universal Family: Deterministic Construction We do not know how to deterministically construct small δ-parsimonious universal families.,index,uncertain,topic_screen,retain,Pseudorandomness and derandomization
TCS-3958,Pseudorandomness and derandomization,"For PRGs, can we get a nontrivial PRG for depth-2 LTF circuits with a super-linear number of gates?",index,uncertain,topic_screen,retain,Pseudorandomness and derandomization
TCS-3986,Pseudorandomness and derandomization,Do the efficient inverse-polynomial error heuristics we obtain imply any circuit lower bounds?,index,uncertain,topic_screen,retain,Pseudorandomness and derandomization
TCS-4003,Pseudorandomness and derandomization,"If using public coins, what power would the prover need?",index,uncertain,topic_screen,retain,Pseudorandomness and derandomization
TCS-4063,Pseudorandomness and derandomization,"To this end, can we exploit any of the avenues presented in this work?",index,uncertain,topic_screen,retain,Pseudorandomness and derandomization
TCS-4318,Pseudorandomness and derandomization,Note that it is an open problem to find an explicit construction of quadratic disperser or extractor over F2 with r = n − o(n).,index,uncertain,topic_screen,retain,Pseudorandomness and derandomization
TCS-4713,Pseudorandomness and derandomization,Decoding Quasi-Cyclic Quantum LDPC Codes,source,uncertain,topic_screen,retain,Pseudorandomness and derandomization
TCS-4716,Pseudorandomness and derandomization,Bounded Indistinguishability for Simple Sources,source,source_open,topic_screen,retain,Pseudorandomness and derandomization
TCS-4778,Pseudorandomness and derandomization,"A Qubit, a Coin, and an Advice String Walk into a Relational Problem",source,source_open,topic_screen,retain,Pseudorandomness and derandomization
TCS-5144,Pseudorandomness and derandomization,"Leakage Resilience, Targeted Pseudorandom Generators, and Mild Derandomization of Arthur-Merlin Protocols",source,uncertain,topic_screen,retain,Pseudorandomness and derandomization
TCS-5267,Pseudorandomness and derandomization,Instance-Wise Hardness Versus Randomness Tradeoffs for Arthur-Merlin Protocols,source,uncertain,topic_screen,retain,Pseudorandomness and derandomization
TCS-5287,Pseudorandomness and derandomization,Hardness vs Randomness for Bounded Depth Arithmetic Circuits,source,uncertain,topic_screen,retain,Pseudorandomness and derandomization
TCS-5328,Pseudorandomness and derandomization,Complete Problems for Multi-Pseudodeterministic Computations,source,uncertain,topic_screen,retain,Pseudorandomness and derandomization
TCS-5341,Pseudorandomness and derandomization,Errorless Versus Error-Prone Average-Case Complexity,source,uncertain,topic_screen,retain,Pseudorandomness and derandomization
TCS-5492,Pseudorandomness and derandomization,"Distinguishing, Predicting, and Certifying: On the Long Reach of Partial Notions of Pseudorandomness",source,source_open,topic_screen,retain,Pseudorandomness and derandomization
TCS-5618,Pseudorandomness and derandomization,Hitting Sets for Orbits of Circuit Classes and Polynomial Families,source,source_open,topic_screen,retain,Pseudorandomness and derandomization
TCS-5798,Pseudorandomness and derandomization,Bipartite Perfect Matching in Pseudo-Deterministic NC,source,source_open,topic_screen,retain,Pseudorandomness and derandomization
TCS-5930,Pseudorandomness and derandomization,On Pseudodeterministic Approximation Algorithms,source,uncertain,topic_screen,retain,Pseudorandomness and derandomization
TCS-6495,Pseudorandomness and derandomization,Fooling Constant-Depth Threshold Circuits,source,uncertain,topic_screen,retain,Pseudorandomness and derandomization
TCS-6686,Pseudorandomness and derandomization,Does P=RP?,source,source_open,topic_screen,retain,Pseudorandomness and derandomization
TCS-6689,Pseudorandomness and derandomization,Construct averaging samplers simultaneously optimal in randomness and sample count.,source,source_open,topic_screen,retain,Pseudorandomness and derandomization
TCS-6693,Pseudorandomness and derandomization,Construct subpolynomial-seed PRGs fooling AC⁰[2].,source,source_open,topic_screen,retain,Pseudorandomness and derandomization
TCS-6696,Pseudorandomness and derandomization,Derive strong uniform PRGs from EXP not contained in randomized subexponential time.,source,source_open,topic_screen,retain,Pseudorandomness and derandomization
TCS-6699,Pseudorandomness and derandomization,"Derandomize AM to NP; in particular, establish NP certificates for graph nonisomorphism.",source,source_open,topic_screen,retain,Pseudorandomness and derandomization
TCS-6729,Pseudorandomness and derandomization,Construct linear representations of transversal matroids deterministically in polynomial time.,source,source_open,topic_screen,retain,Pseudorandomness and derandomization
TCS-6879,Pseudorandomness and derandomization,Explicitly construct regular graphs with vertex expansion approaching d−2 on small sets.,source,source_open,topic_screen,retain,Pseudorandomness and derandomization
TCS-6592,Parameterized and exact algorithms,"Is k-Clique fixed-parameter tractable, equivalently FPT=W[1]?",reviewed,source_open,topic_screen,retain,Parameterized and exact algorithms
TCS-6593,Parameterized and exact algorithms,Does deterministic 3-SAT have a positive optimal exponential rate?,reviewed,source_open,topic_screen,retain,Parameterized and exact algorithms
TCS-6594,Parameterized and exact algorithms,The Set Cover Conjecture,source,source_open,topic_screen,retain,Parameterized and exact algorithms
TCS-6660,Parameterized and exact algorithms,A polynomial kernel for Edge Multiway Cut,source,source_open,topic_screen,retain,Parameterized and exact algorithms
TCS-7181,Parameterized and exact algorithms,Exact recognition of bounded clique-width,source,source_open,topic_screen,retain,Parameterized and exact algorithms
TCS-0766,Parameterized and exact algorithms,Polynomial (Turing) Kernels,index,uncertain,topic_screen,retain,Parameterized and exact algorithms
TCS-0769,Parameterized and exact algorithms,Square root phenomenon,index,uncertain,topic_screen,retain,Parameterized and exact algorithms
TCS-0787,Parameterized and exact algorithms,Lower Bounds for Computing Treewidth,index,uncertain,topic_screen,retain,Parameterized and exact algorithms
TCS-0079,Parameterized and exact algorithms,Nonbinary phylogenetic reconstruction parameterized by reticulation count,index,uncertain,topic_screen,retain,Parameterized and exact algorithms
TCS-0759,Parameterized and exact algorithms,Disjoint paths / minor testing,index,uncertain,topic_screen,retain,Parameterized and exact algorithms
TCS-0819,Parameterized and exact algorithms,The exponential complexity of some SUBSET SUM variants,index,uncertain,topic_screen,retain,Parameterized and exact algorithms
TCS-0734,Parameterized and exact algorithms,FPT Inapproximability Results Beyond Gap-ETH,index,uncertain,topic_screen,retain,Parameterized and exact algorithms
TCS-0818,Parameterized and exact algorithms,The Complexity of #k-SAT,index,uncertain,topic_screen,retain,Parameterized and exact algorithms
TCS-0796,Parameterized and exact algorithms,Achieving subexponential time for several parameterized problems in planar graphs,index,uncertain,topic_screen,retain,Parameterized and exact algorithms
TCS-0617,Parameterized and exact algorithms,Fine Grained Complexity for VAS Boundedness,index,uncertain,topic_screen,retain,Parameterized and exact algorithms
TCS-0085,Parameterized and exact algorithms,Temporal phylogenetic reconstruction parameterized by reticulations,index,uncertain,topic_screen,retain,Parameterized and exact algorithms
TCS-0763,Parameterized and exact algorithms,FPT-approximation of bandwidth,index,uncertain,topic_screen,retain,Parameterized and exact algorithms
TCS-0764,Parameterized and exact algorithms,FPT-approximation of VC dimension,index,uncertain,topic_screen,retain,Parameterized and exact algorithms
TCS-0784,Parameterized and exact algorithms,Existence of Polynomial Kernel for Edge-Disjoint Paths,index,uncertain,topic_screen,retain,Parameterized and exact algorithms
TCS-0793,Parameterized and exact algorithms,Quadratic Kernel for Planar Steiner Tree,index,uncertain,topic_screen,retain,Parameterized and exact algorithms
TCS-0604,Parameterized and exact algorithms,"Cops and Robbers, parameterized algorithms",index,uncertain,topic_screen,retain,Parameterized and exact algorithms
TCS-0762,Parameterized and exact algorithms,Fixed parameter tractability of Weighted Low Rank Approximation,index,uncertain,topic_screen,retain,Parameterized and exact algorithms
TCS-0765,Parameterized and exact algorithms,Orthogonal Vectors for Subset Sum,index,uncertain,topic_screen,retain,Parameterized and exact algorithms
TCS-0770,Parameterized and exact algorithms,Time and space complexity of k-LCS,index,uncertain,topic_screen,retain,Parameterized and exact algorithms
TCS-0772,Parameterized and exact algorithms,Faster planar Steiner Tree algorithms parameterized by terminals,index,uncertain,topic_screen,retain,Parameterized and exact algorithms
TCS-0777,Parameterized and exact algorithms,Planar Independent Set above the n/4 guarantee,index,uncertain,topic_screen,retain,Parameterized and exact algorithms
TCS-0785,Parameterized and exact algorithms,From Parity Set Cover to Parity SAT,index,uncertain,topic_screen,retain,Parameterized and exact algorithms
TCS-0801,Parameterized and exact algorithms,Directed Hamiltonicity,index,uncertain,topic_screen,retain,Parameterized and exact algorithms
TCS-0805,Parameterized and exact algorithms,Exact Counting of Linear Extensions,index,uncertain,topic_screen,retain,Parameterized and exact algorithms
TCS-0806,Parameterized and exact algorithms,Improve exponential time algorithm for Bandwidth,index,uncertain,topic_screen,retain,Parameterized and exact algorithms
TCS-0813,Parameterized and exact algorithms,Planarization by vertex deletion,index,uncertain,topic_screen,retain,Parameterized and exact algorithms
TCS-0816,Parameterized and exact algorithms,Shortest common superstring problem,index,uncertain,topic_screen,retain,Parameterized and exact algorithms
TCS-0817,Parameterized and exact algorithms,Strong Backdoor detection,index,uncertain,topic_screen,retain,Parameterized and exact algorithms
TCS-0586,Parameterized and exact algorithms,Longest Cycle Problem Parameterized Above Combinatorial Bounds,index,uncertain,topic_screen,retain,Parameterized and exact algorithms
TCS-0116,Parameterized and exact algorithms,TARGET in asynchronous shared-memory systems,index,uncertain,topic_screen,retain,Parameterized and exact algorithms
TCS-0732,Parameterized and exact algorithms,Depth-first search trees of minimum height,index,uncertain,topic_screen,retain,Parameterized and exact algorithms
TCS-0737,Parameterized and exact algorithms,Parameterized approximability of clustering problems,index,uncertain,topic_screen,retain,Parameterized and exact algorithms
TCS-0738,Parameterized and exact algorithms,Parameterized Approximation for the Santa Claus Problem,index,uncertain,topic_screen,retain,Parameterized and exact algorithms
TCS-0750,Parameterized and exact algorithms,Count k-Walks,index,uncertain,topic_screen,retain,Parameterized and exact algorithms
TCS-0751,Parameterized and exact algorithms,Counting forests with few components,index,uncertain,topic_screen,retain,Parameterized and exact algorithms
TCS-0754,Parameterized and exact algorithms,Makespan Minimization on Identical Machines (P ||Cmax ) by #job types,index,uncertain,topic_screen,retain,Parameterized and exact algorithms
TCS-0756,Parameterized and exact algorithms,Shortest Three Disjoint Path,index,uncertain,topic_screen,retain,Parameterized and exact algorithms
TCS-0758,Parameterized and exact algorithms,Better approximation of Dominating Set,index,uncertain,topic_screen,retain,Parameterized and exact algorithms
TCS-0768,Parameterized and exact algorithms,Small universal Steiner tree covers,index,uncertain,topic_screen,retain,Parameterized and exact algorithms
TCS-0778,Parameterized and exact algorithms,Planar subgraph isomorphism parameterized by vertex or edge deficit,index,uncertain,topic_screen,retain,Parameterized and exact algorithms
TCS-0780,Parameterized and exact algorithms,Weighted Max Cut parameterized by surface genus,index,uncertain,topic_screen,retain,Parameterized and exact algorithms
TCS-0790,Parameterized and exact algorithms,Open problem: Eulerian SCC Deletion,index,uncertain,topic_screen,retain,Parameterized and exact algorithms
TCS-0791,Parameterized and exact algorithms,Open problems from the tutorial on subexponential parameterized complexity of completion problems,index,uncertain,topic_screen,retain,Parameterized and exact algorithms
TCS-0792,Parameterized and exact algorithms,Parameterized Cutwidth,index,uncertain,topic_screen,retain,Parameterized and exact algorithms
TCS-0800,Parameterized and exact algorithms,Cutwidth,index,uncertain,topic_screen,retain,Parameterized and exact algorithms
TCS-0808,Parameterized and exact algorithms,Maximum Acyclic Subgraph,index,uncertain,topic_screen,retain,Parameterized and exact algorithms
TCS-0814,Parameterized and exact algorithms,Prize-collecting Steiner forest,index,uncertain,topic_screen,retain,Parameterized and exact algorithms
TCS-0831,Parameterized and exact algorithms,Structure and Recognition of k-Leaf Powers,index,uncertain,topic_screen,retain,Parameterized and exact algorithms
TCS-0597,Parameterized and exact algorithms,Parameterized complexity of the coloring problems for H-free graphs,index,uncertain,topic_screen,retain,Parameterized and exact algorithms
TCS-0602,Parameterized and exact algorithms,Connected node search number,index,uncertain,topic_screen,retain,Parameterized and exact algorithms
TCS-0795,Parameterized and exact algorithms,TSP Below Average on Digraphs,index,uncertain,topic_screen,retain,Parameterized and exact algorithms
TCS-0799,Parameterized and exact algorithms,Converting CNF to DNF,index,uncertain,topic_screen,retain,Parameterized and exact algorithms
TCS-1269,Parameterized and exact algorithms,"It remains open whether the parameterized variant p-φ-Reconfiguration on paths, or equivalently p-L-Reconfiguration for regular languages L ⊆ {0, 1}∗ , is fixed-parameter tractable.",index,uncertain,topic_screen,retain,Parameterized and exact algorithms
TCS-1335,Parameterized and exact algorithms,"We conjecture that Position Matching (and thus also 2-Visits) is FPT by the number of numbers of D, as is standard for numerical matching variants […]",index,uncertain,topic_screen,retain,Parameterized and exact algorithms
TCS-1380,Parameterized and exact algorithms,Hence we leave this family of parameterised #CSPs open for investigation in future work.,index,uncertain,topic_screen,retain,Parameterized and exact algorithms
TCS-1459,Parameterized and exact algorithms,"Is there a graph G such that hom(Fi , G) = mi for every i ∈ [k]?",index,uncertain,topic_screen,retain,Parameterized and exact algorithms
TCS-1462,Parameterized and exact algorithms,Is local search fixed-parameter tractable when parameterized by the size of the VCSP’s largest strongly connected component?,index,uncertain,topic_screen,retain,Parameterized and exact algorithms
TCS-1616,Parameterized and exact algorithms,"Can we improve the time complexity further to 2O(k) poly(n, d)?",index,uncertain,topic_screen,retain,Parameterized and exact algorithms
TCS-1792,Parameterized and exact algorithms,Can we improve the O∗ (1.7088n ) time complexity for Equal Subset Sum [16]?,index,uncertain,topic_screen,retain,Parameterized and exact algorithms
TCS-1846,Parameterized and exact algorithms,"Is Edge Coloring solvable in O∗ (1.9999m ) time, or at least in O∗ (2m−n ) time?",index,uncertain,topic_screen,retain,Parameterized and exact algorithms
TCS-1875,Parameterized and exact algorithms,"We have shown that DWRP is FPT w.r.t. vertex integrity as well as w.r.t. feedback edge set number, while it is W[1]-hard w.r.t. distance to […]",index,uncertain,topic_screen,retain,Parameterized and exact algorithms
TCS-1901,Parameterized and exact algorithms,Is there Z ⊆ V with |Z| ≤ p such that each connected component C of G − Z contains at most q terminal vertices […],index,uncertain,topic_screen,retain,Parameterized and exact algorithms
TCS-1945,Parameterized and exact algorithms,Prove no(k) time lower bound of approximating k-NCPp or its related problems to any constant factor under assumptions weaker than Gap-ETH.,index,uncertain,topic_screen,retain,Parameterized and exact algorithms
TCS-1946,Parameterized and exact algorithms,"Describe, for any fixed non-bipartite graph H, a constant cH such that: 1.",index,uncertain,topic_screen,retain,Parameterized and exact algorithms
TCS-2168,Parameterized and exact algorithms,Is the X -HitPack problem FPT in k and ℓ where X are the odd cycles in the graph?,index,uncertain,topic_screen,retain,Parameterized and exact algorithms
TCS-2219,Parameterized and exact algorithms,What about a certificate of size (k + log n)O(1) ?,index,uncertain,topic_screen,retain,Parameterized and exact algorithms
TCS-2326,Parameterized and exact algorithms,"For |Σ| > 2, can the continuous Closest String problem be solved in time O(|Σ|(1−ϵ)d poly(n)), for some ϵ > 0?",index,uncertain,topic_screen,retain,Parameterized and exact algorithms
TCS-2417,Parameterized and exact algorithms,"We conjecture that for several such cases, the complexity results will be analogue to the directed case.",index,uncertain,topic_screen,retain,Parameterized and exact algorithms
TCS-2446,Parameterized and exact algorithms,One specific question that remains open is the exact complexity of Hamiltonian Cycle√ parameterized by cutwidth (also open for treewidth).,index,uncertain,topic_screen,retain,Parameterized and exact algorithms
TCS-2471,Parameterized and exact algorithms,"We leave as an open question the computation of a (d, k)-tree model, for a given graph G, running in time f (d, k) · […]",index,uncertain,topic_screen,retain,Parameterized and exact algorithms
TCS-2474,Parameterized and exact algorithms,"For example, for the case of d-Hitting Set, we do not know how to beat O(k d ) using a lossy kernel rather than a […]",index,uncertain,topic_screen,retain,Parameterized and exact algorithms
TCS-2477,Parameterized and exact algorithms,"An easier version of the previous question, also raised in [7, Section 9.1]: can we solve k-Path in directed bipartite graphs in (2 − ε)k […]",index,uncertain,topic_screen,retain,Parameterized and exact algorithms
TCS-2489,Parameterized and exact algorithms,"While a sufficient and necessary criterion for the fixed-parameter tractability of, say #Sub(H → G), must depend on the set of forbidden subgraphs of G, […]",index,uncertain,topic_screen,retain,Parameterized and exact algorithms
TCS-2565,Parameterized and exact algorithms,Can we find for every t a pattern for which we get classes that contain W[t]-hard problems and are contained in W[t]?,index,uncertain,topic_screen,retain,Parameterized and exact algorithms
TCS-2662,Parameterized and exact algorithms,"Assuming ETH, does constant gap Max-Clique admit an algorithm in 2o(n) time?",index,uncertain,topic_screen,retain,Parameterized and exact algorithms
TCS-2804,Parameterized and exact algorithms,"No XNLP-hard problem has an algorithm that runs in nf (k) time and f (k)nc space, with f a computable function, k the parameter, n […]",index,uncertain,topic_screen,retain,Parameterized and exact algorithms
TCS-2805,Parameterized and exact algorithms,We also leave open what the correct parameterized complexity class is for Feedback Vertex Set parameterized by logarithmic pathwidth or logaritmic linear cliquewidth – we […],index,uncertain,topic_screen,retain,Parameterized and exact algorithms
TCS-2866,Parameterized and exact algorithms,"If not, is there an fpt algorithm which computes such a colouring for every r?",index,uncertain,topic_screen,retain,Parameterized and exact algorithms
TCS-2877,Parameterized and exact algorithms,Can an α-approximate algorithm running in time O∗ ((brute(α) − ε)n ) be derived from a parameterized extension β-approximation algorithm for any β > α?,index,uncertain,topic_screen,retain,Parameterized and exact algorithms
TCS-2878,Parameterized and exact algorithms,"For example, what is the complexity of the independent set reconfiguration and the dominating set reconfiguration parameterized solely by treedepth?",index,uncertain,topic_screen,retain,Parameterized and exact algorithms
TCS-2901,Parameterized and exact algorithms,"Similarly, is there a meaningful restriction of (linear) clique-width, for which Lampis’ [42] lower bound for r-Coloring already holds?",index,uncertain,topic_screen,retain,Parameterized and exact algorithms
TCS-2996,Parameterized and exact algorithms,"Can 5-coloring be solved in O˚ pp2 ´ εq q time, for some ε ą 0?",index,uncertain,topic_screen,retain,Parameterized and exact algorithms
TCS-3001,Parameterized and exact algorithms,Is the class [#paraW[1] L]≤pars equivalent to some known class?,index,uncertain,topic_screen,retain,Parameterized and exact algorithms
TCS-3049,Parameterized and exact algorithms,"We emphasize that a full classification for exact counting is established, while the complexity of approximation remains open outside of the coloured area.",index,uncertain,topic_screen,retain,Parameterized and exact algorithms
TCS-3196,Parameterized and exact algorithms,Is isomorphism testing fixed-parameter tractable on Gh parameterized by h?,index,uncertain,topic_screen,retain,Parameterized and exact algorithms
TCS-3198,Parameterized and exact algorithms,Is there a fixed-parameter algorithm for Connected Planar F -Deletion with a single-exponential dependence on k?,index,uncertain,topic_screen,retain,Parameterized and exact algorithms
TCS-3207,Parameterized and exact algorithms,Can we prove the nonexistence of disjunctive kernels for any of the WK[1]-hard problems?,index,uncertain,topic_screen,retain,Parameterized and exact algorithms
TCS-3339,Parameterized and exact algorithms,"That is, can it be solved in time f (r)(mn)O(1) for some computable function f ?",index,uncertain,topic_screen,retain,Parameterized and exact algorithms
TCS-3480,Parameterized and exact algorithms,"Can such a result be excluded, even for the apparently more demanding situation of sparsifiers for 0-Extension instances (as in Theorem 22)?",index,uncertain,topic_screen,retain,Parameterized and exact algorithms
TCS-3485,Parameterized and exact algorithms,Which other ways to enrich the recursive definition of tree-depth lead to novel algorithmic insights?,index,uncertain,topic_screen,retain,Parameterized and exact algorithms
TCS-3580,Parameterized and exact algorithms,Is there a way to prove that this behavior is unavoidable subject to some complexity assumption?,index,uncertain,topic_screen,retain,Parameterized and exact algorithms
TCS-3745,Parameterized and exact algorithms,What is the best approximation ratio we can achieve for parameterized set cover in nk− time?,index,uncertain,topic_screen,retain,Parameterized and exact algorithms
TCS-3794,Parameterized and exact algorithms,"However, it remains open whether the running time nO(q ) is asymptotically optimal or whether it is possible to design an nO(q) time algorithm for […]",index,uncertain,topic_screen,retain,Parameterized and exact algorithms
TCS-3854,Parameterized and exact algorithms,"For the One-Face case, can we make the dependence on k from exponential to polynomial or even quasipolynomial?",index,uncertain,topic_screen,retain,Parameterized and exact algorithms
TCS-3868,Parameterized and exact algorithms,Could we rule out any 2o( k) f (r)(nm)O(1) algorithm?,index,uncertain,topic_screen,retain,Parameterized and exact algorithms
TCS-3917,Parameterized and exact algorithms,"We conjecture that, more generally, the disjoint union of two easy cases is an easy case; formally, if MIS is FPT in G-free graphs and […]",index,uncertain,topic_screen,retain,Parameterized and exact algorithms
TCS-3992,Parameterized and exact algorithms,"First, is there a lower bound on the size of a metric sparsifier for s labels for Zero Extension?",index,uncertain,topic_screen,retain,Parameterized and exact algorithms
TCS-3997,Parameterized and exact algorithms,"For example, what is the optimal running time for Feedback Vertex Set, Odd Cycle Transversal, or Hamiltonian Cycle on graphs of bounded cutwidth?",index,uncertain,topic_screen,retain,Parameterized and exact algorithms
TCS-4018,Parameterized and exact algorithms,Is it possible to obtain a twO(1) m polylog(n)-time algorithm for the edge-disjoint maximum s − t flow problem?,index,uncertain,topic_screen,retain,Parameterized and exact algorithms
TCS-4041,Parameterized and exact algorithms,Two most interesting questions that still remain open form our work are following: (a) does CF-FVS admit uniform polynomial kernel on graphs of bounded expansion; […],index,uncertain,topic_screen,retain,Parameterized and exact algorithms
TCS-4054,Parameterized and exact algorithms,"For instance, is it possible to solve (IP) in time (m · n · ∆)o(m) · (kbk∞ )O(1) , or (m · n · ∆ […]",index,uncertain,topic_screen,retain,Parameterized and exact algorithms
TCS-4142,Parameterized and exact algorithms,"Additionally, even the problem of determining whether PDI admits an algorithm running in time f1 (d) · |G|f2 (d) for computable functions f1 , f2 […]",index,uncertain,topic_screen,retain,Parameterized and exact algorithms
TCS-4195,Parameterized and exact algorithms,"Is Huge n-fold IP fixed-parameter tractable for parameters r, s, t and a?",index,uncertain,topic_screen,retain,Parameterized and exact algorithms
TCS-4203,Parameterized and exact algorithms,Does there exist a 2O(k log k) · |V |O(1) -time algorithm for Cycle Packing?,index,uncertain,topic_screen,retain,Parameterized and exact algorithms
TCS-4233,Parameterized and exact algorithms,Is the problem fixed-parameter tractable?,index,uncertain,topic_screen,retain,Parameterized and exact algorithms
TCS-4289,Parameterized and exact algorithms,"Finally, we leave open the question whether Hitting Set is even W [2]-hard on set systems of bounded VC-dimension.",index,uncertain,topic_screen,retain,Parameterized and exact algorithms
TCS-4339,Parameterized and exact algorithms,Perhaps the dependence of the running time on the treewidth of G can be removed: does there exist an algorithm for subgraph isomorphism on planar […],index,uncertain,topic_screen,retain,Parameterized and exact algorithms
TCS-4340,Parameterized and exact algorithms,"Status of Feedback Vertex Set parameterized by deletion distance to a (sub)-cubic graph (a related problem) remains open, and we do not even know an […]",index,uncertain,topic_screen,retain,Parameterized and exact algorithms
TCS-4440,Parameterized and exact algorithms,Another key question that remains open after this work is whether the existence of an fpt-algorithm for the decision version of a self-contained k-witness problem […],index,uncertain,topic_screen,retain,Parameterized and exact algorithms
TCS-4637,Parameterized and exact algorithms,Does Planar Steiner Tree admit a subexponential-time algorithm with respect to the number of terminals in the instance?,index,uncertain,topic_screen,retain,Parameterized and exact algorithms
TCS-4695,Parameterized and exact algorithms,"By the celebrated result of Robertson and Seymour, every p-F-Deletion problem is FPT and our work naturally leads to the following question: does every p-F-Deletion […]",index,uncertain,topic_screen,retain,Parameterized and exact algorithms
TCS-4790,Parameterized and exact algorithms,Subset Sum Quantumly in 1.17^n,source,uncertain,topic_screen,retain,Parameterized and exact algorithms
TCS-5374,Parameterized and exact algorithms,"Exact and Approximate Pattern Counting in Degenerate Graphs: New Algorithms, Hardness Results, and Complexity Dichotomies — Open Problem 1",source,source_open,topic_screen,retain,Parameterized and exact algorithms
TCS-5474,Parameterized and exact algorithms,Maximum Reachability Orientation of Mixed Graphs,source,source_open,topic_screen,retain,Parameterized and exact algorithms
TCS-5676,Parameterized and exact algorithms,Novel Complexity Results for Temporal Separators with Deadlines,source,uncertain,topic_screen,retain,Parameterized and exact algorithms
TCS-5839,Parameterized and exact algorithms,On the Complexity of Multipacking,source,source_open,topic_screen,retain,Parameterized and exact algorithms
TCS-5965,Parameterized and exact algorithms,Rerouting shortest paths in planar graphs,source,source_open,topic_screen,retain,Parameterized and exact algorithms
TCS-6057,Parameterized and exact algorithms,Vertex Deletion into Bipartite Permutation Graphs,source,source_open,topic_screen,retain,Parameterized and exact algorithms
TCS-6059,Parameterized and exact algorithms,Tight FPT Approximations for k-Median and k-Means,source,uncertain,topic_screen,retain,Parameterized and exact algorithms
TCS-6131,Parameterized and exact algorithms,Parameterized Problems Complete for Nondeterministic FPT Time and Logarithmic Space,source,uncertain,topic_screen,retain,Parameterized and exact algorithms
TCS-6144,Parameterized and exact algorithms,Multivariate Analysis of Orthogonal Range Searching and Graph Distances,source,uncertain,topic_screen,retain,Parameterized and exact algorithms
TCS-6162,Parameterized and exact algorithms,Subexponential Time Algorithms for Embedding H-Minor Free Graphs,source,source_open,topic_screen,retain,Parameterized and exact algorithms
TCS-6191,Parameterized and exact algorithms,Parameterized Approximability for Modular Linear Equations,source,uncertain,topic_screen,retain,Parameterized and exact algorithms
TCS-6239,Parameterized and exact algorithms,Optimal Algorithms for Hitting (Topological) Minors on Graphs of Bounded Treewidth,source,uncertain,topic_screen,retain,Parameterized and exact algorithms
TCS-6327,Parameterized and exact algorithms,Sidestepping Barriers for Dominating Set in Parameterized Complexity,source,source_open,topic_screen,retain,Parameterized and exact algorithms
TCS-6367,Parameterized and exact algorithms,"H-Free Graphs, Independent Sets, and Subexponential-Time Algorithms",source,uncertain,topic_screen,retain,Parameterized and exact algorithms
TCS-6379,Parameterized and exact algorithms,Polynomial Kernels for Deletion to Classes of Acyclic Digraphs,source,uncertain,topic_screen,retain,Parameterized and exact algorithms
TCS-6397,Parameterized and exact algorithms,Finer Tight Bounds for Coloring on Clique-Width,source,uncertain,topic_screen,retain,Parameterized and exact algorithms
TCS-6435,Parameterized and exact algorithms,Canonical Decompositions in Monadically Stable and Bounded Shrubdepth Graph Classes,source,uncertain,topic_screen,retain,Parameterized and exact algorithms
TCS-6497,Parameterized and exact algorithms,A Single-Exponential Time 2-Approximation Algorithm for Treewidth,source,source_open,topic_screen,retain,Parameterized and exact algorithms
TCS-6728,Parameterized and exact algorithms,Compute chromatic number in O*(2ⁿ) time using only polynomial space.,source,source_open,topic_screen,retain,Parameterized and exact algorithms
TCS-6731,Parameterized and exact algorithms,"Separate levels of the W-hierarchy, including the Independent Set and Dominating Set levels.",source,source_open,topic_screen,retain,Parameterized and exact algorithms
TCS-6734,Parameterized and exact algorithms,Separate polynomial compression from polynomial kernelization for natural problems.,source,source_open,topic_screen,retain,Parameterized and exact algorithms
TCS-6749,Parameterized and exact algorithms,Give a deterministic polynomial kernel for Almost 2-SAT.,source,source_open,topic_screen,retain,Parameterized and exact algorithms
TCS-6814,Parameterized and exact algorithms,"Job-shop makespan: approximation scheme running in f(m,ε)poly(n)?",source,source_open,topic_screen,retain,Parameterized and exact algorithms
TCS-6974,Parameterized and exact algorithms,Beat exhaustive assignment search for general formula satisfiability.,source,source_open,topic_screen,retain,Parameterized and exact algorithms
TCS-7022,Parameterized and exact algorithms,Polynomial kernel for Planar Deletion?,source,source_open,topic_screen,retain,Parameterized and exact algorithms
TCS-7023,Parameterized and exact algorithms,Polynomial kernel for H-minor-free Deletion?,source,source_open,topic_screen,retain,Parameterized and exact algorithms
TCS-7027,Parameterized and exact algorithms,Is Perfect Deletion FPT?,source,source_open,topic_screen,retain,Parameterized and exact algorithms
TCS-7033,Parameterized and exact algorithms,Polynomial kernels for directed feedback vertex/arc set?,source,source_open,topic_screen,retain,Parameterized and exact algorithms
TCS-7035,Parameterized and exact algorithms,"Single-exponential FPT for directed feedback sets, including planar vertex deletion?",source,source_open,topic_screen,retain,Parameterized and exact algorithms
TCS-7036,Parameterized and exact algorithms,Classify directed three-terminal-pair Edge Multicut by cut size.,source,source_open,topic_screen,retain,Parameterized and exact algorithms
TCS-7040,Parameterized and exact algorithms,"Classify exact-size vertex sets with bounded edge boundary, by size or boundary.",source,source_open,topic_screen,retain,Parameterized and exact algorithms
TCS-7050,Parameterized and exact algorithms,Is deleting k arcs to make every strong component Eulerian FPT?,source,source_open,topic_screen,retain,Parameterized and exact algorithms
TCS-7059,Parameterized and exact algorithms,Polynomial kernel for geometric Flip Distance?,source,source_open,topic_screen,retain,Parameterized and exact algorithms
TCS-7138,Parameterized and exact algorithms,Approximate rank-width with parameter-dependent output width in O(c^k n³) time.,source,source_open,topic_screen,retain,Parameterized and exact algorithms
TCS-7140,Parameterized and exact algorithms,Compute linear rank-width by an FPT algorithm parameterized by rank-width.,source,source_open,topic_screen,retain,Parameterized and exact algorithms
TCS-6587,Approximation algorithms and hardness of approximation,Constant-factor approximation for Densest k-Subgraph,reviewed,source_open,topic_screen,retain,Approximation algorithms and hardness of approximation
TCS-0006,Approximation algorithms and hardness of approximation,Unique Games: is near-satisfiability NP-hard to distinguish from low value?,reviewed,source_open,topic_screen,retain,Approximation algorithms and hardness of approximation
TCS-6588,Approximation algorithms and hardness of approximation,A polynomial-time polylogarithmic approximation for Directed Steiner Tree,reviewed,source_open,topic_screen,retain,Approximation algorithms and hardness of approximation
TCS-7160,Approximation algorithms and hardness of approximation,The Small-Set Expansion Hypothesis,source,source_open,topic_screen,retain,Approximation algorithms and hardness of approximation
TCS-6589,Approximation algorithms and hardness of approximation,The 4/3 conjecture for the metric TSP subtour relaxation,reviewed,source_open,topic_screen,retain,Approximation algorithms and hardness of approximation
TCS-6659,Approximation algorithms and hardness of approximation,Can metric k-Median reach the 1+2/e threshold?,reviewed,source_open,topic_screen,retain,Approximation algorithms and hardness of approximation
TCS-6590,Approximation algorithms and hardness of approximation,The factor-2 integrality-gap conjecture for the ATSP subtour LP,source,source_open,topic_screen,retain,Approximation algorithms and hardness of approximation
TCS-6591,Approximation algorithms and hardness of approximation,Constant-factor approximation for Directed Feedback Vertex Set,source,source_open,topic_screen,retain,Approximation algorithms and hardness of approximation
TCS-0088,Approximation algorithms and hardness of approximation,Best approximation ratio for Max Di-Cut,index,uncertain,topic_screen,retain,Approximation algorithms and hardness of approximation
TCS-0479,Approximation algorithms and hardness of approximation,Can an acyclic subgraph preserve a constant fraction of the optimal reachable pairs?,reviewed,source_open,topic_screen,retain,Approximation algorithms and hardness of approximation
TCS-0443,Approximation algorithms and hardness of approximation,FPT approximation for deleting negative directed cycles,index,uncertain,topic_screen,retain,Approximation algorithms and hardness of approximation
TCS-0929,Approximation algorithms and hardness of approximation,Feedback Arc Set Problems with Near-metric Weights,index,uncertain,topic_screen,retain,Approximation algorithms and hardness of approximation
TCS-0779,Approximation algorithms and hardness of approximation,Planar two-edge-connectivity approximation schemes,index,uncertain,topic_screen,retain,Approximation algorithms and hardness of approximation
TCS-1168,Approximation algorithms and hardness of approximation,"For a constant k > 3, what is the computational complexity of coloring a 2-colorable digraph using at most k colors?",index,uncertain,topic_screen,retain,Approximation algorithms and hardness of approximation
TCS-1243,Approximation algorithms and hardness of approximation,There is a polynomial-time (log1+o(1) k)-approximation algorithm for the all-or-nothing flow problem.,index,uncertain,topic_screen,retain,Approximation algorithms and hardness of approximation
TCS-1374,Approximation algorithms and hardness of approximation,"We are not aware of a subquadratic time algorithm for this problem, and we leave this as an open problem.",index,uncertain,topic_screen,retain,Approximation algorithms and hardness of approximation
TCS-1479,Approximation algorithms and hardness of approximation,"For instance, for graphic matroids and for linear matroids given by an explicit representation, we obtain an EPTAS, while the existence of an FPTAS in […]",index,uncertain,topic_screen,retain,Approximation algorithms and hardness of approximation
TCS-1716,Approximation algorithms and hardness of approximation,"While we do not know how to design a constant factor approximation algorithm for the MinNorm version of perfect matching problem yet, we demonstrate that […]",index,uncertain,topic_screen,retain,Approximation algorithms and hardness of approximation
TCS-1720,Approximation algorithms and hardness of approximation,"Yet, it remains an open question whether there exists an approximation algorithm for MMCFS with a better quality guarantee, and whether there is a non-trivial […]",index,uncertain,topic_screen,retain,Approximation algorithms and hardness of approximation
TCS-1809,Approximation algorithms and hardness of approximation,Is ρ-GraphDD Ω(log n)-hard for every fixed constant ρ > 1?,index,uncertain,topic_screen,retain,Approximation algorithms and hardness of approximation
TCS-1811,Approximation algorithms and hardness of approximation,"Firstly, is it possible to obtain a bicriteria approximation for min-cost well-balanced orientations?",index,uncertain,topic_screen,retain,Approximation algorithms and hardness of approximation
TCS-1868,Approximation algorithms and hardness of approximation,"Perhaps this could be overcome by combining the solutions more carefully, but we leave the problem of finding a PTAS for the simultaneous case open […]",index,uncertain,topic_screen,retain,Approximation algorithms and hardness of approximation
TCS-1930,Approximation algorithms and hardness of approximation,Can we prove PIH under W[1] ̸= FPT using some appropriate form of direct product testing theorems?,index,uncertain,topic_screen,retain,Approximation algorithms and hardness of approximation
TCS-2013,Approximation algorithms and hardness of approximation,"Fully PTAS on broader matroid classes, such as graphical matroids or linear matroids, remains open.",index,uncertain,topic_screen,retain,Approximation algorithms and hardness of approximation
TCS-2044,Approximation algorithms and hardness of approximation,"More generally, it remains open whether a constant-factor approximation algorithm exists for bounded-degree network design without augmentation.",index,uncertain,topic_screen,retain,Approximation algorithms and hardness of approximation
TCS-2366,Approximation algorithms and hardness of approximation,Can we get a constant approximation algorithm (or even an optimal algorithm) with exactly ℓ-resource augmentation?,index,uncertain,topic_screen,retain,Approximation algorithms and hardness of approximation
TCS-2625,Approximation algorithms and hardness of approximation,"For all ε, η > 0, given an undirected graph G = (V, E), it is NP-hard to distinguish between: Yes case: iCol3 (G) ⩾ […]",index,uncertain,topic_screen,retain,Approximation algorithms and hardness of approximation
TCS-2646,Approximation algorithms and hardness of approximation,Is there an approximation scheme for Maximum Exact-3-Cover (or its minimization variant)?,index,uncertain,topic_screen,retain,Approximation algorithms and hardness of approximation
TCS-2971,Approximation algorithms and hardness of approximation,"In particular, for every symmetric submodular function f : 2V → R+ defined over a n-element ground set V , does ′ there exist a […]",index,uncertain,topic_screen,retain,Approximation algorithms and hardness of approximation
TCS-3277,Approximation algorithms and hardness of approximation,"We conjecture that if |E| = O(n), a constant approximation for our objectives is not possible (assuming standard complexity theoretic conjectures) if we must separate […]",index,uncertain,topic_screen,retain,Approximation algorithms and hardness of approximation
TCS-3280,Approximation algorithms and hardness of approximation,"What is the relation between the performance of the k-fold symmetric parallel repetition of a given instance of Max-Cut G, and the first k + […]",index,uncertain,topic_screen,retain,Approximation algorithms and hardness of approximation
TCS-3282,Approximation algorithms and hardness of approximation,Is there a polynomial-time algorithm for ℓp -norm-multiway-cut for any given p that achieves an approximation factor that smoothly interpolates between the best possible approximation […],index,uncertain,topic_screen,retain,Approximation algorithms and hardness of approximation
TCS-3285,Approximation algorithms and hardness of approximation,"Therefore, it is not entirely clear what one should expect: are there universal algorithms for clustering with approximation factors of the same order as the […]",index,uncertain,topic_screen,retain,Approximation algorithms and hardness of approximation
TCS-3399,Approximation algorithms and hardness of approximation,"Further, Haviv and Regev also showed that CRP is Π2 -hard to approximate to with-in a factor of 32 , and we conjecture that a […]",index,uncertain,topic_screen,retain,Approximation algorithms and hardness of approximation
TCS-3451,Approximation algorithms and hardness of approximation,Our work here was focussed on the ReLU activation and we leave open the extensions to other activation functions.,index,uncertain,topic_screen,retain,Approximation algorithms and hardness of approximation
TCS-3575,Approximation algorithms and hardness of approximation,Can we achieve a polynomial time algorithm for arbitrary small constant ε > 0 if the graph is planar or come from some other class […],index,uncertain,topic_screen,retain,Approximation algorithms and hardness of approximation
TCS-3683,Approximation algorithms and hardness of approximation,"On the other hand, while SMW hierarchy captures the intrinsic property needed by the constrained/welfare maximization, it remains open whether a small superadditive width provides […]",index,uncertain,topic_screen,retain,Approximation algorithms and hardness of approximation
TCS-3701,Approximation algorithms and hardness of approximation,It remains open whether this also holds for κ ∈ o(log2 n) and in particular for constant skeleton dimension.,index,uncertain,topic_screen,retain,Approximation algorithms and hardness of approximation
TCS-3715,Approximation algorithms and hardness of approximation,Can the hardness curves of Theorem 17 and Theorem 18 depicted in Figure 1 be matched algorithmically for every q?,index,uncertain,topic_screen,retain,Approximation algorithms and hardness of approximation
TCS-3804,Approximation algorithms and hardness of approximation,"The approaches taken for the `1 -norm in the past [16, 17, 5, 18] have been quite different from the approaches used for the `∞ […]",index,uncertain,topic_screen,retain,Approximation algorithms and hardness of approximation
TCS-3955,Approximation algorithms and hardness of approximation,Does Weighted Chordal Vertex Deletion admit a constant-factor approximation algorithm?,index,uncertain,topic_screen,retain,Approximation algorithms and hardness of approximation
TCS-3984,Approximation algorithms and hardness of approximation,"Can we show that coloring a 2-colorable 3-uniform hypergraph with ω(log log n) colors is NP-hard, or even quasi-NP-hard?",index,uncertain,topic_screen,retain,Approximation algorithms and hardness of approximation
TCS-3991,Approximation algorithms and hardness of approximation,Can we remove the restriction of planar graphs?,index,uncertain,topic_screen,retain,Approximation algorithms and hardness of approximation
TCS-4315,Approximation algorithms and hardness of approximation,"It remains open whether one is able to provide a 2-approximation algorithm for (IP), which does not need to solve linear programs.",index,uncertain,topic_screen,retain,Approximation algorithms and hardness of approximation
TCS-4321,Approximation algorithms and hardness of approximation,"Unless NP⊆RP, Max Grundy Coloring admits no PTAS [19], but it is unknown if it can be o(n)-approximated.",index,uncertain,topic_screen,retain,Approximation algorithms and hardness of approximation
TCS-4372,Approximation algorithms and hardness of approximation,"Despite efforts, we were unable to close this gap, and hence we leave it as an open problem.",index,uncertain,topic_screen,retain,Approximation algorithms and hardness of approximation
TCS-4557,Approximation algorithms and hardness of approximation,The analysis of this reduction eventually depends on a certain conjecture regarding analysis of Boolean functions that we were unable to resolve; thus we leave […],index,uncertain,topic_screen,retain,Approximation algorithms and hardness of approximation
TCS-4597,Approximation algorithms and hardness of approximation,Is there a constant factor approximation algorithm for the problem for s = 2?,index,uncertain,topic_screen,retain,Approximation algorithms and hardness of approximation
TCS-4633,Approximation algorithms and hardness of approximation,Is there a FPTAS for the KCM problem for arbitrary matroids?,index,uncertain,topic_screen,retain,Approximation algorithms and hardness of approximation
TCS-4665,Approximation algorithms and hardness of approximation,"One important open question is, can we improve the approximation factors further?",index,uncertain,topic_screen,retain,Approximation algorithms and hardness of approximation
TCS-4674,Approximation algorithms and hardness of approximation,"From the approximation perspective, we leave the possibility of obtaining an o(log k)-approximation on planar graphs as an open problem.",index,uncertain,topic_screen,retain,Approximation algorithms and hardness of approximation
TCS-4775,Approximation algorithms and hardness of approximation,On Approximating Cutwidth and Pathwidth,source,source_open,topic_screen,retain,Approximation algorithms and hardness of approximation
TCS-4936,Approximation algorithms and hardness of approximation,An O(loglog n)-Approximation for Submodular Facility Location,source,uncertain,topic_screen,retain,Approximation algorithms and hardness of approximation
TCS-5131,Approximation algorithms and hardness of approximation,Approximation Metatheorems for Classes with Bounded Expansion,source,uncertain,topic_screen,retain,Approximation algorithms and hardness of approximation
TCS-5180,Approximation algorithms and hardness of approximation,Improved Inapproximability of VC Dimension and Littlestone’s Dimension via (Unbalanced) Biclique,source,uncertain,topic_screen,retain,Approximation algorithms and hardness of approximation
TCS-5265,Approximation algorithms and hardness of approximation,Revisiting Diameter in Directed Graphs — Open Problem 2,source,source_open,topic_screen,retain,Approximation algorithms and hardness of approximation
TCS-5407,Approximation algorithms and hardness of approximation,On Maximizing Sums of Non-Monotone Submodular and Linear Functions,source,uncertain,topic_screen,retain,Approximation algorithms and hardness of approximation
TCS-5408,Approximation algorithms and hardness of approximation,An 11/6-Approximation Algorithm for Vertex Cover on String Graphs,source,uncertain,topic_screen,retain,Approximation algorithms and hardness of approximation
TCS-5442,Approximation algorithms and hardness of approximation,A Logarithmic Integrality Gap for Generalizations of Quasi-Bipartite Instances of Directed Steiner Tree,source,uncertain,topic_screen,retain,Approximation algorithms and hardness of approximation
TCS-5544,Approximation algorithms and hardness of approximation,Near-Optimal UGC-hardness of Approximating Max k-CSP_R,source,uncertain,topic_screen,retain,Approximation algorithms and hardness of approximation
TCS-5554,Approximation algorithms and hardness of approximation,An Algorithmic Bridge Between Hamming and Levenshtein Distances,source,uncertain,topic_screen,retain,Approximation algorithms and hardness of approximation
TCS-5712,Approximation algorithms and hardness of approximation,Approximating Maximum Independent Set for Rectangles in the Plane,source,uncertain,topic_screen,retain,Approximation algorithms and hardness of approximation
TCS-5787,Approximation algorithms and hardness of approximation,Inserting Multiple Edges into a Planar Graph,source,uncertain,topic_screen,retain,Approximation algorithms and hardness of approximation
TCS-5961,Approximation algorithms and hardness of approximation,A Logarithmic Integrality Gap Bound for Directed Steiner Tree in Quasi-bipartite Graphs,source,uncertain,topic_screen,retain,Approximation algorithms and hardness of approximation
TCS-6208,Approximation algorithms and hardness of approximation,"Separating MAX 2-AND, MAX DI-CUT and MAX CUT",source,uncertain,topic_screen,retain,Approximation algorithms and hardness of approximation
TCS-6309,Approximation algorithms and hardness of approximation,Constant-Factor FPT Approximation for Capacitated k-Median,source,uncertain,topic_screen,retain,Approximation algorithms and hardness of approximation
TCS-6723,Approximation algorithms and hardness of approximation,"Beat factor two for generalized Steiner tree, also called Steiner forest.",source,source_open,topic_screen,retain,Approximation algorithms and hardness of approximation
TCS-6725,Approximation algorithms and hardness of approximation,Color a promised 3-colorable graph with O(log n) colors in polynomial time.,source,source_open,topic_screen,retain,Approximation algorithms and hardness of approximation
TCS-6755,Approximation algorithms and hardness of approximation,Determine the leading constant in optimal Boolean k-CSP approximation.,source,source_open,topic_screen,retain,Approximation algorithms and hardness of approximation
TCS-6756,Approximation algorithms and hardness of approximation,Determine whether the stated general-domain k-CSP approximation is asymptotically optimal.,source,source_open,topic_screen,retain,Approximation algorithms and hardness of approximation
TCS-6757,Approximation algorithms and hardness of approximation,Can minimization-CSP algorithms match their SDP integrality gaps up to 1+ε?,source,source_open,topic_screen,retain,Approximation algorithms and hardness of approximation
TCS-6575,Online algorithms,The deterministic k-server conjecture,reviewed,source_open,topic_screen,retain,Online algorithms
TCS-6577,Online algorithms,Minimax dimension dependence in bandit convex optimization,source,source_open,topic_screen,retain,Online algorithms
TCS-6576,Online algorithms,Optimal competitive ratio for convex body chasing,source,source_open,topic_screen,retain,Online algorithms
TCS-0711,Online algorithms,Model Selection for Contextual Bandits,index,uncertain,topic_screen,retain,Online algorithms
TCS-0715,Online algorithms,Efficient Online Sparse Regression,index,uncertain,topic_screen,retain,Online algorithms
TCS-0708,Online algorithms,Order Optimal Regret Bounds for Kernel-Based Reinforcement Learning,index,uncertain,topic_screen,retain,Online algorithms
TCS-0709,Online algorithms,Finite-Time Instance Dependent Optimality for Stochastic Online Learning with Feedback Graphs,index,uncertain,topic_screen,retain,Online algorithms
TCS-0701,Online algorithms,Regret Minimization in Heavy-Tailed Bandits with Unknown Distributional Parameters,index,uncertain,topic_screen,retain,Online algorithms
TCS-0700,Online algorithms,Hardness of Correlated Prophet Inequality,index,uncertain,topic_screen,retain,Online algorithms
TCS-0702,Online algorithms,Revisiting the free-order prophet for one-dimensional parameter classes of distributions,index,uncertain,topic_screen,retain,Online algorithms
TCS-5124,Online algorithms,Online Monotone Metric Embeddings,source,source_open,topic_screen,retain,Online algorithms
TCS-0710,Online algorithms,Regret Bounds for Noise-Free Kernel-Based Bandits,index,uncertain,topic_screen,retain,Online algorithms
TCS-0713,Online algorithms,Second order regret bounds based on scaling time,index,uncertain,topic_screen,retain,Online algorithms
TCS-0717,Online algorithms,Shifting Experts on Easy Data,index,uncertain,topic_screen,retain,Online algorithms
TCS-0705,Online algorithms,Stochastic Bin Packing with Overflow,index,uncertain,topic_screen,retain,Online algorithms
TCS-0712,Online algorithms,Risk of Ruin in Multiarmed Bandits,index,uncertain,topic_screen,retain,Online algorithms
TCS-0716,Online algorithms,Online Local Learning,index,uncertain,topic_screen,retain,Online algorithms
TCS-0917,Online algorithms,Online Buffers on the Line,index,uncertain,topic_screen,retain,Online algorithms
TCS-0718,Online algorithms,Online Optimization of Piecewise-Lipschitz Functions with Applications to Data-Driven Algorithm Design,index,uncertain,topic_screen,retain,Online algorithms
TCS-1215,Online algorithms,"For some constant c ≥ 1, there exists an online coloring algorithm that achieves O(nc/g ) colors for graphs with constant odd girth g.",index,uncertain,topic_screen,retain,Online algorithms
TCS-1241,Online algorithms,"Indeed, improving on the competitive ratio of O(log n) [24, 14], even with unlimited space usage, remains open.",index,uncertain,topic_screen,retain,Online algorithms
TCS-1290,Online algorithms,It remains open whether O(log n)-competitive algorithms are possible for geometric objects of arbitrary sizes in dimensions d ≥ 3.,index,uncertain,topic_screen,retain,Online algorithms
TCS-1529,Online algorithms,"While our work establishes promising results, our initial motivating question is still wide open: does there exist an online forecasting algorithm which achieves the optimal […]",index,uncertain,topic_screen,retain,Online algorithms
TCS-1634,Online algorithms,There is a deterministic algorithm for the time-optimal k-server problem with a competitive ratio of 2k − 1 on general metric spaces.,index,uncertain,topic_screen,retain,Online algorithms
TCS-1691,Online algorithms,"Similarly, finding an algorithm with logarithmic gradual variation measured in VT and bounded worst case regret remains open problem.",index,uncertain,topic_screen,retain,Online algorithms
TCS-1696,Online algorithms,Removing the dependence on κ in the regret bounds of separation-oracle-based algorithms—or at least reducing it to logarithmic factors—remains an open and important challenge.,index,uncertain,topic_screen,retain,Online algorithms
TCS-1891,Online algorithms,"Of course, it is possible that there is a method for computing the optimal regularizer that sidesteps the need to be able to verify the […]",index,uncertain,topic_screen,retain,Online algorithms
TCS-2032,Online algorithms,"We conjecture that there exists a polynomial-time deterministic strategy achieving constant competitive ratio on graphs with edge (s, t)-cuts of bounded size.",index,uncertain,topic_screen,retain,Online algorithms
TCS-2048,Online algorithms,"It is conceivable that o 1ε -competitive algorithms are possible for m ≥ 2 identical machines, which we leave as an interesting open problem.",index,uncertain,topic_screen,retain,Online algorithms
TCS-2070,Online algorithms,"There exists a constant γ such that for any temporal feedback graph S, UB(S)/ILB(S) ≤ γ.",index,uncertain,topic_screen,retain,Online algorithms
TCS-2267,Online algorithms,"We note that our algorithm Icb has non-polynomial running time; we conjecture that without resource augmentation, achieving a subquadratic competitive ratio in polynomial time is […]",index,uncertain,topic_screen,retain,Online algorithms
TCS-2460,Online algorithms,We conjecture that bounds of order C(π ∗ ; πB )n are indeed on the regret frontier.,index,uncertain,topic_screen,retain,Online algorithms
TCS-2812,Online algorithms,"Ordinal algorithms for secretary problems were explored by [11, 17], though whether the ordinal matroid secretary problem is fundamentally more difficult than its classical (cardinal) […]",index,uncertain,topic_screen,retain,Online algorithms
TCS-2831,Online algorithms,"The more general problem of adaptive switching regret (Foster et al., 2020), where one aims to compete against any sequence of arms (as opposed to […]",index,uncertain,topic_screen,retain,Online algorithms
TCS-2862,Online algorithms,Can we surpass 1 − 1/e in the probing setting for i.d. input arrivals or for the special case of i.i.d. input arrivals?,index,uncertain,topic_screen,retain,Online algorithms
TCS-2969,Online algorithms,"Does the competitive ratio of an online (1 + ε)-spanning algorithm for n points in Rd necessarily grow proportionally with ε−f (d) · log n, […]",index,uncertain,topic_screen,retain,Online algorithms
TCS-3005,Online algorithms,Construct a probability assignment q for the VC hypothesis class that achieves O(d log n) regret.,index,uncertain,topic_screen,retain,Online algorithms
TCS-3147,Online algorithms,A general question that we leave open is whether it is possible to get a bound for adversarial losses that does not depend on the […],index,uncertain,topic_screen,retain,Online algorithms
TCS-3302,Online algorithms,"For the problem of minimizing the perimeter of the bounding box (or convex hull) with convex polygons as pieces and only translations allowed, we do […]",index,uncertain,topic_screen,retain,Online algorithms
TCS-3314,Online algorithms,"For example, is it possible to obtain a finite competitive ratio for chasing 3 arbitrary sets on the real line?",index,uncertain,topic_screen,retain,Online algorithms
TCS-3392,Online algorithms,"Further, it remains open whether constant recourse per request is sufficient for maintaining an O(1)-competitive matching on the line, as for the case of alternating […]",index,uncertain,topic_screen,retain,Online algorithms
TCS-3455,Online algorithms,"Concretely, can we get o(log k)-competitive (even randomized) algorithms with polylog(k)-recourse for general metrics?",index,uncertain,topic_screen,retain,Online algorithms
TCS-3486,Online algorithms,"For instance, for d = 2, is there a 2-competitive algorithm?",index,uncertain,topic_screen,retain,Online algorithms
TCS-3562,Online algorithms,"In this case, we conjecture that the optimal regret rate would scale with the dominating number δG of the graph, which is always smaller or […]",index,uncertain,topic_screen,retain,Online algorithms
TCS-3566,Online algorithms,"It thus remains open to obtain a ε−3 -complexity algorithm for general convex sets that does not depend on the dimension, or show that this […]",index,uncertain,topic_screen,retain,Online algorithms
TCS-3690,Online algorithms,"Regarding the adversarial bandit setting, it remains an open problem to construct an algorithm with optimal regret bounds without a priori tuning in respect to […]",index,uncertain,topic_screen,retain,Online algorithms
TCS-3878,Online algorithms,We conjecture that there is a randomized algorithm for convex-MPMD with competitive ratio O(log k) but no such algorithm with competitive ratio O(1).,index,uncertain,topic_screen,retain,Online algorithms
TCS-4132,Online algorithms,"However, quantifying the rate of regret in the important case of full permutations ? (i.e., with k “ n) remains an open problem.",index,uncertain,topic_screen,retain,Online algorithms
TCS-4393,Online algorithms,"Or, more specifically, can we eliminate the speed augmentation or replace it by a new rejection rule in the presented results?",index,uncertain,topic_screen,retain,Online algorithms
TCS-4449,Online algorithms,"As such, this construction does not imply that a log(K) adaptation price is unavoidable in all cases, and the question remains open on whether there […]",index,uncertain,topic_screen,retain,Online algorithms
TCS-4581,Online algorithms,Characterizing the set of combining functions that induce hard problems remains an open problem.,index,uncertain,topic_screen,retain,Online algorithms
TCS-4655,Online algorithms,"Furthermore, it remains open whether one can find a problem-independent regret bound that√does not depend on 1/∆i – a quantity that can be arbitrarily small.",index,uncertain,topic_screen,retain,Online algorithms
TCS-4983,Online algorithms,Randomized k-Server in Polynomial Time,source,uncertain,topic_screen,retain,Online algorithms
TCS-4985,Online algorithms,Online Metric TSP: Beyond the √n Barrier,source,uncertain,topic_screen,retain,Online algorithms
TCS-5004,Online algorithms,Regret Bounds for Robust Online Decision Making,source,uncertain,topic_screen,retain,Online algorithms
TCS-5030,Online algorithms,A Decomposition Approach to the Weighted k-Server Problem,source,uncertain,topic_screen,retain,Online algorithms
TCS-5094,Online algorithms,Online Hitting Set for Axis-Aligned Squares,source,source_open,topic_screen,retain,Online algorithms
TCS-5126,Online algorithms,A Tight Lower Bound for Online Service with Deadlines and Lazy Server,source,source_open,topic_screen,retain,Online algorithms
TCS-5158,Online algorithms,Permutation Strikes Back: The Power of Recourse in Online Metric Matching,source,uncertain,topic_screen,retain,Online algorithms
TCS-5182,Online algorithms,"Online Sorting and Online TSP: Randomized, Stochastic, and High-Dimensional",source,source_open,topic_screen,retain,Online algorithms
TCS-5184,Online algorithms,Online Multi-Level Aggregation with Delays and Stochastic Arrivals,source,source_open,topic_screen,retain,Online algorithms
TCS-5186,Online algorithms,Adversarial Online Multi-Task Reinforcement Learning,source,source_open,topic_screen,retain,Online algorithms
TCS-5217,Online algorithms,An Optimal Learning Algorithm for Online Unconstrained Submodular Maximization,source,uncertain,topic_screen,retain,Online algorithms
TCS-5220,Online algorithms,Online Paging with Heterogeneous Cache Slots,source,source_open,topic_screen,retain,Online algorithms
TCS-5221,Online algorithms,An Improved Lower Bound for Matroid Intersection Prophet Inequalities,source,source_open,topic_screen,retain,Online algorithms
TCS-5252,Online algorithms,Tight Bounds for Bandit Combinatorial Optimization,source,source_open,topic_screen,retain,Online algorithms
TCS-5349,Online algorithms,Online Learning with Low Rank Experts — Open Problem 2,source,source_open,topic_screen,retain,Online algorithms
TCS-5418,Online algorithms,Phase Transition of Regret for Logistic Regression with Large Weights,source,uncertain,topic_screen,retain,Online algorithms
TCS-5481,Online algorithms,Stochastic Constrained Contextual Bandits via Lyapunov Optimization Based Estimation to Decision Framework,source,source_open,topic_screen,retain,Online algorithms
TCS-5514,Online algorithms,Efficient Algorithms and Hardness Results for the Weighted k-Server Problem,source,uncertain,topic_screen,retain,Online algorithms
TCS-5515,Online algorithms,Complexity Analysis of a Countable-armed Bandit Problem,source,uncertain,topic_screen,retain,Online algorithms
TCS-5747,Online algorithms,Online Embedding of Metrics,source,uncertain,topic_screen,retain,Online algorithms
TCS-5779,Online algorithms,The Outer Limits of Contention Resolution on Matroids and Connections to the Secretary Problem,source,source_open,topic_screen,retain,Online algorithms
TCS-5888,Online algorithms,Open Problem: Regret Bounds for Noise-Free Kernel-Based Bandits,source,source_open,topic_screen,retain,Online algorithms
TCS-6193,Online algorithms,Towards Optimal Algorithms for Multi-Player Bandits without Collision Sensing Information,source,uncertain,topic_screen,retain,Online algorithms
TCS-6833,Online algorithms,"Obtain asymptotically optimal policies for broader nonparametric reward classes, including bounded-kurtosis distributions.",source,source_open,topic_screen,retain,Online algorithms
TCS-6834,Online algorithms,Design practical linear-bandit algorithms that are both asymptotically optimal and nearly minimax optimal.,source,source_open,topic_screen,retain,Online algorithms
TCS-6836,Online algorithms,Determine optimal regret under linear-model misspecification and for different action-set geometries.,source,source_open,topic_screen,retain,Online algorithms
TCS-6837,Online algorithms,Determine optimal dimension dependence for convex-bandit regret and computationally practical algorithms.,source,source_open,topic_screen,retain,Online algorithms
TCS-6838,Online algorithms,Match finite-time best-arm identification lower bounds and characterize instance-dependent simple regret.,source,source_open,topic_screen,retain,Online algorithms
TCS-6656,Beyond worst-case and average-case analysis,Planted clique: can polynomial time detect a clique below the square-root scale?,reviewed,source_open,topic_screen,retain,Beyond worst-case and average-case analysis
TCS-0012,Beyond worst-case and average-case analysis,Does P≠NP imply a samplable NP problem outside AvgP?,reviewed,source_open,topic_screen,retain,Beyond worst-case and average-case analysis
TCS-6657,Beyond worst-case and average-case analysis,The computational threshold for dense tensor PCA,reviewed,source_open,topic_screen,retain,Beyond worst-case and average-case analysis
TCS-6684,Beyond worst-case and average-case analysis,The computational Kesten–Stigum threshold for sparse community recovery,reviewed,source_open,topic_screen,retain,Beyond worst-case and average-case analysis
TCS-6453,Beyond worst-case and average-case analysis,Does average-case NP hardness imply infinitely-often one-way functions?,reviewed,source_open,topic_screen,retain,Beyond worst-case and average-case analysis
TCS-6658,Beyond worst-case and average-case analysis,Polynomial smoothed complexity of FLIP for Max-Cut,source,source_open,topic_screen,retain,Beyond worst-case and average-case analysis
TCS-7173,Beyond worst-case and average-case analysis,Optimal average-case complexity of Shellsort,source,source_open,topic_screen,retain,Beyond worst-case and average-case analysis
TCS-0480,Beyond worst-case and average-case analysis,Does the expected redundancy of optimal alphabetic trees with random weights converge?,reviewed,source_open,topic_screen,retain,Beyond worst-case and average-case analysis
TCS-0997,Beyond worst-case and average-case analysis,Semi-Random Streams,index,uncertain,topic_screen,retain,Beyond worst-case and average-case analysis
TCS-0355,Beyond worst-case and average-case analysis,Self-improving sorting beyond independent input distributions,index,uncertain,topic_screen,retain,Beyond worst-case and average-case analysis
TCS-0958,Beyond worst-case and average-case analysis,Principal Component Analysis with Nonnegativity Constraints,index,uncertain,topic_screen,retain,Beyond worst-case and average-case analysis
TCS-1149,Beyond worst-case and average-case analysis,"Is there such an average-case to average-case hardness amplification pheonomemon, possibly by proving reduction between different instances of Remote-Point?",index,uncertain,topic_screen,retain,Beyond worst-case and average-case analysis
TCS-1187,Beyond worst-case and average-case analysis,Is the threshold λc defined in (5) —equivalently (6)— the exact threshold above which weak recovery is possible in polynomial time?,index,uncertain,topic_screen,retain,Beyond worst-case and average-case analysis
TCS-1218,Beyond worst-case and average-case analysis,We leave it an open question if there exists an algorithm that is optimal both in the stochastic case and the adversarial case simultaneously.,index,uncertain,topic_screen,retain,Beyond worst-case and average-case analysis
TCS-1501,Beyond worst-case and average-case analysis,"Our results show that while the case k = Θ(N ) remains open for submatrices, it can be rigorously analyzed for tensors in the large […]",index,uncertain,topic_screen,retain,Beyond worst-case and average-case analysis
TCS-1699,Beyond worst-case and average-case analysis,The first one had already been posed by Feige in the original formulation of the problem: is it possible to prove any hardness result under […],index,uncertain,topic_screen,retain,Beyond worst-case and average-case analysis
TCS-1841,Beyond worst-case and average-case analysis,What are the asymptotics of ω(G)/σ(G)?,index,uncertain,topic_screen,retain,Beyond worst-case and average-case analysis
TCS-2126,Beyond worst-case and average-case analysis,"In particular, we do not know if the value iteration algorithm has polynomial smoothed complexity and we leave this problem as an open question.",index,uncertain,topic_screen,retain,Beyond worst-case and average-case analysis
TCS-2502,Beyond worst-case and average-case analysis,"For the problem of refuting q-colorability, a particular SoS formulation √ is known to fail when q ≫ n (Kothari and Manohar, 2021); however, it […]",index,uncertain,topic_screen,retain,Beyond worst-case and average-case analysis
TCS-2621,Beyond worst-case and average-case analysis,"Establishing a rigorous positive result for tensor power iteration in this regime is challenging, and we leave it as an interesting open question for future […]",index,uncertain,topic_screen,retain,Beyond worst-case and average-case analysis
TCS-2680,Beyond worst-case and average-case analysis,"For every oracle O, if DistNPO ⊆ HeurPO , then UPO ⊆ BPTIMEO [2O(n/ log n) ].",index,uncertain,topic_screen,retain,Beyond worst-case and average-case analysis
TCS-2775,Beyond worst-case and average-case analysis,"We note the interesting gap between η 3/5 and η in the exponent of the upper and lower bounds respectively, and we conjecture that there […]",index,uncertain,topic_screen,retain,Beyond worst-case and average-case analysis
TCS-2799,Beyond worst-case and average-case analysis,"There exists a poly(n, 1ε ) time algorithm A that outputs a (1 - ε)-approximate cut of a random d-regular graph G with high probability […]",index,uncertain,topic_screen,retain,Beyond worst-case and average-case analysis
TCS-3042,Beyond worst-case and average-case analysis,"The estimation error ED(s, z) in Theorem 1 can be reduced to O(ϵpn) for arbitrarily small ϵ > 0, using poly(1/ϵ) traces.",index,uncertain,topic_screen,retain,Beyond worst-case and average-case analysis
TCS-3145,Beyond worst-case and average-case analysis,"In other words, we conjecture that the use of stochastic local search (positive temperature local MCMC methods) would be necessary for success at rates close […]",index,uncertain,topic_screen,retain,Beyond worst-case and average-case analysis
TCS-3185,Beyond worst-case and average-case analysis,How about the exact case?,index,uncertain,topic_screen,retain,Beyond worst-case and average-case analysis
TCS-3335,Beyond worst-case and average-case analysis,"So far, we do not know whether the model-checking problem is hard or tractable on clustered random graphs.",index,uncertain,topic_screen,retain,Beyond worst-case and average-case analysis
TCS-3363,Beyond worst-case and average-case analysis,We leave open the question of the complexity of testing whether a given function is instance optimizable.,index,uncertain,topic_screen,retain,Beyond worst-case and average-case analysis
TCS-3366,Beyond worst-case and average-case analysis,"We conjecture that for many problems, upper-bounding the joint density of the input values suffices for smoothed-efficient algorithms to exist.",index,uncertain,topic_screen,retain,Beyond worst-case and average-case analysis
TCS-3491,Beyond worst-case and average-case analysis,A natural question arises: can we obtain constant competitive algorithms for weighted paging with fewer predictions?,index,uncertain,topic_screen,retain,Beyond worst-case and average-case analysis
TCS-4495,Beyond worst-case and average-case analysis,"Figure 2: The simple (green), hard (red), impossible (gray) regimes for recovering planted dense subgraphs, and the hardness in the blue regime remains open.",index,uncertain,topic_screen,retain,Beyond worst-case and average-case analysis
TCS-4666,Beyond worst-case and average-case analysis,Do lower bounds similar to ours hold for any sufficiently large feasible set S?,index,uncertain,topic_screen,retain,Beyond worst-case and average-case analysis
TCS-4876,Beyond worst-case and average-case analysis,Sharp Thresholds for the Overlap Gap Property: Ising p-Spin Glass and Random k-SAT,source,uncertain,topic_screen,retain,Beyond worst-case and average-case analysis
TCS-4908,Beyond worst-case and average-case analysis,Random Max-CSPs Inherit Algorithmic Hardness from Spin Glasses,source,source_open,topic_screen,retain,Beyond worst-case and average-case analysis
TCS-5011,Beyond worst-case and average-case analysis,Algorithms and Barriers in the Symmetric Binary Perceptron Model,source,source_open,topic_screen,retain,Beyond worst-case and average-case analysis
TCS-5045,Beyond worst-case and average-case analysis,Limitations of Local Quantum Algorithms on Random MAX-k-XOR and Beyond,source,source_open,topic_screen,retain,Beyond worst-case and average-case analysis
TCS-5406,Beyond worst-case and average-case analysis,The SDP Value of Random 2CSPs,source,uncertain,topic_screen,retain,Beyond worst-case and average-case analysis
TCS-5420,Beyond worst-case and average-case analysis,Is It Easier to Count Communities Than Find Them?,source,uncertain,topic_screen,retain,Beyond worst-case and average-case analysis
TCS-5453,Beyond worst-case and average-case analysis,Finding Errorless Pessiland in Error-Prone Heuristica,source,uncertain,topic_screen,retain,Beyond worst-case and average-case analysis
TCS-5610,Beyond worst-case and average-case analysis,Near-optimal fitting of ellipsoids to random points,source,uncertain,topic_screen,retain,Beyond worst-case and average-case analysis
TCS-5730,Beyond worst-case and average-case analysis,The Algorithmic Phase Transition of Random k-SAT for Low Degree Polynomials,source,source_open,topic_screen,retain,Beyond worst-case and average-case analysis
TCS-5734,Beyond worst-case and average-case analysis,The Geometry of Tree-Based Sorting,source,uncertain,topic_screen,retain,Beyond worst-case and average-case analysis
TCS-5831,Beyond worst-case and average-case analysis,On the Instance Optimality of Detecting Collisions and Subgraphs,source,uncertain,topic_screen,retain,Beyond worst-case and average-case analysis
TCS-5985,Beyond worst-case and average-case analysis,MAX CUT in Weighted Random Intersection Graphs and Discrepancy of Sparse Random Set Systems,source,uncertain,topic_screen,retain,Beyond worst-case and average-case analysis
TCS-6246,Beyond worst-case and average-case analysis,Tight Better-Than-Worst-Case Bounds for Element Distinctness and Set Intersection,source,uncertain,topic_screen,retain,Beyond worst-case and average-case analysis
TCS-6287,Beyond worst-case and average-case analysis,Global and Local Information in Clustering Labeled Block Models,source,uncertain,topic_screen,retain,Beyond worst-case and average-case analysis
TCS-6339,Beyond worst-case and average-case analysis,Local Treewidth of Random and Noisy Graphs with Applications to Stopping Contagion in Networks,source,uncertain,topic_screen,retain,Beyond worst-case and average-case analysis
TCS-6702,Beyond worst-case and average-case analysis,Obtain suitable worst-case-to-average-case reductions within NP.,source,source_open,topic_screen,retain,Beyond worst-case and average-case analysis
TCS-6703,Beyond worst-case and average-case analysis,Achieve optimal exponential-scale hardness amplification within NP.,source,source_open,topic_screen,retain,Beyond worst-case and average-case analysis
TCS-7002,Beyond worst-case and average-case analysis,Random binary automata have reset threshold Θ(√n) with high probability.,source,source_open,topic_screen,retain,Beyond worst-case and average-case analysis
TCS-7148,Beyond worst-case and average-case analysis,Extend smoothed polynomial-time simplex analysis to perturbations preserving sparsity.,source,source_open,topic_screen,retain,Beyond worst-case and average-case analysis
TCS-6621,Randomized algorithms and sampling,Rapid mixing of Glauber dynamics with Δ+2 colours,reviewed,source_open,topic_screen,retain,Randomized algorithms and sampling
TCS-6622,Randomized algorithms and sampling,The Kannan-Tetali-Vempala switch-chain conjecture,source,source_open,topic_screen,retain,Randomized algorithms and sampling
TCS-6668,Randomized algorithms and sampling,Polynomial mixing of critical three-dimensional Ising dynamics,source,source_open,topic_screen,retain,Randomized algorithms and sampling
TCS-1158,Randomized algorithms and sampling,"Given a partially observable Markov chain M = (Ω, P, O), candidate initial states a, b ∈ Ω, and hidden initial state X0 ∈ {a, […]",index,uncertain,topic_screen,retain,Randomized algorithms and sampling
TCS-1255,Randomized algorithms and sampling,"The hitting time robustness is Ω(1/∆), where ∆ denotes the diameter.",index,uncertain,topic_screen,retain,Randomized algorithms and sampling
TCS-1381,Randomized algorithms and sampling,"Is this inherent, and is Θ(log k) the optimal stretch given Properties P1 and P2?",index,uncertain,topic_screen,retain,Randomized algorithms and sampling
TCS-1693,Randomized algorithms and sampling,"For example, it remains open for the Sherrington-Kirkpatrick model, for a PI/LSI w.r.t. the Glauber Dynamics.",index,uncertain,topic_screen,retain,Randomized algorithms and sampling
TCS-1967,Randomized algorithms and sampling,We leave it as an open question to find a counterexample where the transition matrix is the simple random walk matrix of a graph.,index,uncertain,topic_screen,retain,Randomized algorithms and sampling
TCS-2076,Randomized algorithms and sampling,"If 0 ≤ β < βu or if β > βu and |η| > ηa , then the Kawasaki dynamics for µ̂G,β,η are optimally mixing: […]",index,uncertain,topic_screen,retain,Randomized algorithms and sampling
TCS-2592,Randomized algorithms and sampling,"Even more generally, can the problem of sampling graphs with given degree intervals always be reduced to the problem of sampling graphs with given degrees?",index,uncertain,topic_screen,retain,Randomized algorithms and sampling
TCS-2861,Randomized algorithms and sampling,"For example, can we efficiently sample from a WNR/NA/NR distribution for any marginals in a given matroid polytope?",index,uncertain,topic_screen,retain,Randomized algorithms and sampling
TCS-2973,Randomized algorithms and sampling,"So if one is to believe that α-fractionally log-concave distributions behave like distributions over (1/α)-sized sets, does that mean order-(1/α) marginals are sufficient to get […]",index,uncertain,topic_screen,retain,Randomized algorithms and sampling
TCS-3510,Randomized algorithms and sampling,How about ith neighbor queries?,index,uncertain,topic_screen,retain,Randomized algorithms and sampling
TCS-4599,Randomized algorithms and sampling,"For any vertex-transitive graph, is the blanket time of order nR2 for all δ > 1?",index,uncertain,topic_screen,retain,Randomized algorithms and sampling
TCS-5935,Randomized algorithms and sampling,Testing Small Set Expansion in General Graphs,source,source_open,topic_screen,retain,Randomized algorithms and sampling
TCS-6101,Randomized algorithms and sampling,On Connectivity in Random Graph Models with Limited Dependencies,source,uncertain,topic_screen,retain,Randomized algorithms and sampling
TCS-6192,Randomized algorithms and sampling,Sampling in Potts Model on Sparse Random Graphs,source,uncertain,topic_screen,retain,Randomized algorithms and sampling
TCS-6839,Randomized algorithms and sampling,Prove polynomial mixing for grid Ising Glauber dynamics with all-plus boundaries at every temperature.,source,source_open,topic_screen,retain,Randomized algorithms and sampling
TCS-6840,Randomized algorithms and sampling,Establish the proposed monotonicity of Ising spectral gaps in temperature and interaction strengths.,source,source_open,topic_screen,retain,Randomized algorithms and sampling
TCS-6843,Randomized algorithms and sampling,Do bounded-degree transitive expanders necessarily exhibit cutoff?,source,source_open,topic_screen,retain,Randomized algorithms and sampling
TCS-6846,Randomized algorithms and sampling,Is lazy transitive-graph mixing bounded by a universal constant times degree times squared diameter?,source,source_open,topic_screen,retain,Randomized algorithms and sampling
TCS-6851,Randomized algorithms and sampling,Can the exact cover time of a finite graph be computed deterministically in polynomial time?,source,source_open,topic_screen,retain,Randomized algorithms and sampling
TCS-6857,Randomized algorithms and sampling,Analyze the convergence and mixing time of the pivot chain on self-avoiding walks.,source,source_open,topic_screen,retain,Randomized algorithms and sampling
TCS-6628,Counting and enumeration,An FPRAS for perfect matchings in general graphs,reviewed,source_open,topic_screen,retain,Counting and enumeration
TCS-7221,Counting and enumeration,Does #BIS admit an FPRAS?,reviewed,source_open,topic_screen,retain,Counting and enumeration
TCS-6629,Counting and enumeration,A deterministic FPTAS for the nonnegative permanent,reviewed,source_open,topic_screen,retain,Counting and enumeration
TCS-6671,Counting and enumeration,An FPRAS for counting undirected Euler tours,source,source_open,topic_screen,retain,Counting and enumeration
TCS-0553,Counting and enumeration,Minimal dominating sets enumeration and hypergraph colorings,index,uncertain,topic_screen,retain,Counting and enumeration
TCS-1004,Counting and enumeration,Deterministic relative counting for DNF,index,uncertain,topic_screen,retain,Counting and enumeration
TCS-0555,Counting and enumeration,Output-sensitive enumeration complexity classifications,index,uncertain,topic_screen,retain,Counting and enumeration
TCS-0556,Counting and enumeration,Strong polynomial delay conjectures,index,uncertain,topic_screen,retain,Counting and enumeration
TCS-0547,Counting and enumeration,Enumeration across primal and dual representations,index,uncertain,topic_screen,retain,Counting and enumeration
TCS-0551,Counting and enumeration,Enumeration of vertex subsets with non-local properties,index,uncertain,topic_screen,retain,Counting and enumeration
TCS-0554,Counting and enumeration,Minimal separators in graphs,index,uncertain,topic_screen,retain,Counting and enumeration
TCS-0312,Counting and enumeration,Counting Polyominoes,index,uncertain,boundary_read,retain,Counting and enumeration
TCS-0548,Counting and enumeration,Enumeration of k-colorable induced subgraphs,index,uncertain,topic_screen,retain,Counting and enumeration
TCS-0584,Counting and enumeration,Counting Graphs with Vertex Cover of Size k,index,uncertain,topic_screen,retain,Counting and enumeration
TCS-1143,Counting and enumeration,What is the complexity of the counting problem #GpEpi?,index,uncertain,topic_screen,retain,Counting and enumeration
TCS-1610,Counting and enumeration,"For any ε > 0, there is no O(m2−ε )-time algorithm for computing SubH△ (G).",index,uncertain,topic_screen,retain,Counting and enumeration
TCS-1640,Counting and enumeration,For each ∆ and q ≥ 2∆ there is an FPRAS for counting the number of q-list packings of graphs of maximum degree ∆.,index,uncertain,topic_screen,retain,Counting and enumeration
TCS-2129,Counting and enumeration,This direction is still an open problem even for CQ with union [14].,index,uncertain,topic_screen,retain,Counting and enumeration
TCS-2223,Counting and enumeration,"Is there a natural extension of the uniqueness/non-uniqueness phase transition to the case where min{β, γ} < 0?",index,uncertain,topic_screen,retain,Counting and enumeration
TCS-2327,Counting and enumeration,Is there an algorithm for 4-cycle counting in time O(m ω+1 )?,index,uncertain,topic_screen,retain,Counting and enumeration
TCS-3037,Counting and enumeration,"For any computable pattern class H: If H has unbounded matching-split number, then the problem ⊕Sub(H) is ⊕W[1]-complete.",index,uncertain,topic_screen,retain,Counting and enumeration
TCS-3151,Counting and enumeration,It remains open whether the problem of enumerating equivalence classes is hard without this restriction.,index,uncertain,topic_screen,retain,Counting and enumeration
TCS-3406,Counting and enumeration,"Second, we could lift the arity restriction and work on signatures of arbitrary arity: we conjecture that PQE is still #P-hard for any unbounded UCQ∞ […]",index,uncertain,topic_screen,retain,Counting and enumeration
TCS-3609,Counting and enumeration,"In particular, we conjecture that there exists a class of conjunctive queries ∆ for which #Hom(∆) is #Wfunc [2]-equivalent.",index,uncertain,topic_screen,retain,Counting and enumeration
TCS-3635,Counting and enumeration,We do not know whether Theorem 3 holds for all classes of (bounded-arity) relational structures.,index,uncertain,topic_screen,retain,Counting and enumeration
TCS-3961,Counting and enumeration,"For instance, is computing the permanent of an orthogonal matrix modulo a prime p hard for all p 6= 2, 3?",index,uncertain,topic_screen,retain,Counting and enumeration
TCS-4369,Counting and enumeration,We conjecture tractability in this case – but this has to be proved yet.,index,uncertain,topic_screen,retain,Counting and enumeration
TCS-4401,Counting and enumeration,"On another note, can we prove C= P-completeness for other “equality-testing” versions of counting problems?",index,uncertain,topic_screen,retain,Counting and enumeration
TCS-4671,Counting and enumeration,"Is it possible to close this gap, maybe even in terms of a purely algorithmic analog of Valiant and Vazirani’s result?",index,uncertain,topic_screen,retain,Counting and enumeration
TCS-4739,Counting and enumeration,On the Enumeration of Signatures of XOR-CNF’s,source,source_open,topic_screen,retain,Counting and enumeration
TCS-5092,Counting and enumeration,Approximation via Correlation Decay When Strong Spatial Mixing Fails,source,uncertain,topic_screen,retain,Counting and enumeration
TCS-5359,Counting and enumeration,Enumeration Classes Defined by Circuits,source,source_open,topic_screen,retain,Counting and enumeration
TCS-5457,Counting and enumeration,P-Time Algorithms for Typical #EO Problems,source,uncertain,topic_screen,retain,Counting and enumeration
TCS-6068,Counting and enumeration,Approximately Counting Independent Sets of a Given Size in Bounded-Degree Graphs,source,uncertain,topic_screen,retain,Counting and enumeration
TCS-6083,Counting and enumeration,"Counting Answers to Existential Questions (Track B: Automata, Logic, Semantics, and Theory of Programming)",source,source_open,topic_screen,retain,Counting and enumeration
TCS-6820,Counting and enumeration,Can all #P counting functions be computed in polynomial time?,source,source_open,topic_screen,retain,Counting and enumeration
TCS-6821,Counting and enumeration,Would P=NP imply polynomial-time exact computation of every #P function?,source,source_open,topic_screen,retain,Counting and enumeration
TCS-7082,Counting and enumeration,"Find a natural OutputP problem outside IncP, including the proposed K_t-free domination candidate.",source,source_open,topic_screen,retain,Counting and enumeration
TCS-7084,Counting and enumeration,Conditionally separate DelayP and IncP from their polynomial-space versions.,source,source_open,topic_screen,retain,Counting and enumeration
TCS-7085,Counting and enumeration,"Separate memoryless NextP from DelayP, preferably even polynomial-space DelayP.",source,source_open,topic_screen,retain,Counting and enumeration
TCS-7086,Counting and enumeration,Enumerate binary-matroid circuits in incremental polynomial time and polynomial space.,source,source_open,topic_screen,retain,Counting and enumeration
TCS-7087,Counting and enumeration,Amortize unknown incremental delay while retaining polynomial space and polynomial delay.,source,source_open,topic_screen,retain,Counting and enumeration
TCS-7088,Counting and enumeration,Exclude strong polynomial delay for DNF-model enumeration under a standard hypothesis.,source,source_open,topic_screen,retain,Counting and enumeration
TCS-7090,Counting and enumeration,Conditionally separate strong polynomial delay from polynomial delay.,source,source_open,topic_screen,retain,Counting and enumeration
TCS-7091,Counting and enumeration,Characterize when constant amortized enumeration becomes constant worst-case delay.,source,source_open,topic_screen,retain,Counting and enumeration
TCS-7099,Counting and enumeration,Establish a finite-domain enumeration-CSP dichotomy.,source,source_open,topic_screen,retain,Counting and enumeration
TCS-7112,Counting and enumeration,Enumerate minimal hypergraph transversals in output-polynomial time.,source,source_open,topic_screen,retain,Counting and enumeration
TCS-6651,Structural graph theory,Hadwiger’s conjecture: high chromatic number forces a clique minor,reviewed,source_open,topic_screen,retain,Structural graph theory
TCS-6536,Structural graph theory,Deterministic linear-time minimum spanning tree,reviewed,source_open,topic_screen,retain,Structural graph theory
TCS-6652,Structural graph theory,The Erdős–Hajnal conjecture for every forbidden induced graph,reviewed,source_open,topic_screen,retain,Structural graph theory
TCS-6682,Structural graph theory,Reed’s χ–ω–Δ conjecture,reviewed,source_open,topic_screen,retain,Structural graph theory
TCS-6538,Structural graph theory,Almost-linear-time exact maximum matching in general graphs,reviewed,source_open,topic_screen,retain,Structural graph theory
TCS-6653,Structural graph theory,The Gyárfás–Sumner conjecture,reviewed,source_open,topic_screen,retain,Structural graph theory
TCS-6683,Structural graph theory,The optimal quantitative Excluded Grid Theorem,reviewed,source_open,topic_screen,retain,Structural graph theory
TCS-6539,Structural graph theory,Almost-linear triangle detection,reviewed,source_open,topic_screen,retain,Structural graph theory
TCS-6654,Structural graph theory,Seese’s conjecture for MSO₁ and clique-width,reviewed,source_open,topic_screen,retain,Structural graph theory
TCS-6655,Structural graph theory,Cereceda's quadratic recolouring conjecture,source,source_open,topic_screen,retain,Structural graph theory
TCS-7216,Structural graph theory,The vertex reconstruction conjecture,source,source_open,topic_screen,retain,Structural graph theory
TCS-6500,Structural graph theory,Erdős girth conjecture: is the classical spanner size bound tight?,reviewed,open,topic_screen,retain,Structural graph theory
TCS-7218,Structural graph theory,The list edge-coloring conjecture,source,source_open,topic_screen,retain,Structural graph theory
TCS-6511,Structural graph theory,Is Exact Matching on general graphs in deterministic polynomial time?,reviewed,source_open,topic_screen,retain,Structural graph theory
TCS-7180,Structural graph theory,Is graph canonization polynomial-time reducible to graph isomorphism?,source,source_open,topic_screen,retain,Structural graph theory
TCS-7217,Structural graph theory,The edge reconstruction conjecture,source,source_open,topic_screen,retain,Structural graph theory
TCS-0588,Structural graph theory,Albertson’s chromatic-number crossing conjecture,index,uncertain,topic_screen,retain,Structural graph theory
TCS-0611,Structural graph theory,Bipartite Exact Matching: deterministic polynomial time,reviewed,uncertain,topic_screen,retain,Structural graph theory
TCS-0771,Structural graph theory,Computational complexity of planar treewidth,index,uncertain,topic_screen,retain,Structural graph theory
TCS-0595,Structural graph theory,Two anticomplete paths with unrestricted terminal pairing,reviewed,source_open,topic_screen,retain,Structural graph theory
TCS-0594,Structural graph theory,Is 3-colorability polynomial-time decidable on diameter-two graphs?,reviewed,source_open,topic_screen,retain,Structural graph theory
TCS-0587,Structural graph theory,Polylogarithmic bounds on treewidth,index,uncertain,topic_screen,retain,Structural graph theory
TCS-0592,Structural graph theory,Logarithmic degree and logarithmic treewidth,index,uncertain,topic_screen,retain,Structural graph theory
TCS-0773,Structural graph theory,Near-linear algorithms for many-terminal vertex-disjoint surface paths,index,uncertain,topic_screen,retain,Structural graph theory
TCS-0775,Structural graph theory,Optimal exact-distance labels for planar graphs,index,uncertain,topic_screen,retain,Structural graph theory
TCS-0612,Structural graph theory,Order-based labels for directed reachability,index,uncertain,topic_screen,retain,Structural graph theory
TCS-0315,Structural graph theory,Fat Minors,index,uncertain,topic_screen,retain,Structural graph theory
TCS-0342,Structural graph theory,Twin-width of String Graphs,index,uncertain,topic_screen,retain,Structural graph theory
TCS-0606,Structural graph theory,Kelly-width,index,uncertain,topic_screen,retain,Structural graph theory
TCS-0608,Structural graph theory,Ratio of monotonicity,index,uncertain,topic_screen,retain,Structural graph theory
TCS-0117,Structural graph theory,3-decomposition Conjecture,index,uncertain,boundary_read,retain,Structural graph theory
TCS-0369,Structural graph theory,Small Path Covers in Planar Graphs,index,uncertain,topic_screen,retain,Structural graph theory
TCS-1139,Structural graph theory,What is the optimal normalized spectral gap for graphs with degrees 2 and 3 and average degree 2 + ε?,index,uncertain,topic_screen,retain,Structural graph theory
TCS-1186,Structural graph theory,The main conjecture in this area remains open: does every triangulation on n vertices admit a polychromatic 2-coloring with discrepancy at most n3 ?,index,uncertain,topic_screen,retain,Structural graph theory
TCS-1206,Structural graph theory,Every monadically stable graph class is structurally nowhere dense.,index,uncertain,topic_screen,retain,Structural graph theory
TCS-1246,Structural graph theory,The class of Eulerian digraphs is well-quasi-ordered by weak immersion.,index,uncertain,topic_screen,retain,Structural graph theory
TCS-1250,Structural graph theory,"Alternatively, is there a graph operation that multiplies the mim-width of any graph by a constant factor?",index,uncertain,topic_screen,retain,Structural graph theory
TCS-1538,Structural graph theory,Do graphs with bounded mixed number have bounded queue number?,index,uncertain,topic_screen,retain,Structural graph theory
TCS-1607,Structural graph theory,We do not know whether the string graphs have a finite or infinite number of subcubic obstacles.,index,uncertain,topic_screen,retain,Structural graph theory
TCS-1612,Structural graph theory,"There are functions f, g : N → N such that for every graph G holds obstruction-depth(G) ⩽ f SC-depth(G) ⩽ g obstruction-depth(G) .",index,uncertain,topic_screen,retain,Structural graph theory
TCS-1639,Structural graph theory,Every hereditary small class of graphs has neighborhood complexity O(n).,index,uncertain,topic_screen,retain,Structural graph theory
TCS-1755,Structural graph theory,"This mismatch was conjectured to never happen [9, Conjecture 4], but it remains an open question.",index,uncertain,topic_screen,retain,Structural graph theory
TCS-1791,Structural graph theory,The question of improving the upper bound also remains for capped graphs; do capped graphs admit O(n log2 n)-size biclique covers?,index,uncertain,topic_screen,retain,Structural graph theory
TCS-1825,Structural graph theory,What if we desire vertex disjoint paths?,index,uncertain,topic_screen,retain,Structural graph theory
TCS-2002,Structural graph theory,The class of k-independent crossing graphs admits product structure.,index,uncertain,topic_screen,retain,Structural graph theory
TCS-2089,Structural graph theory,"For every graph H, there exists a minor-monotone graph parameter EPH such that MH has the Erdős-Pósa property in a minor-closed graph class G if […]",index,uncertain,topic_screen,retain,Structural graph theory
TCS-2245,Structural graph theory,Can we show that F is homomorphism-distinguishing closed?,index,uncertain,topic_screen,retain,Structural graph theory
TCS-2371,Structural graph theory,We leave it as an intriguing open problem to determine whether expanding Ramanujan graphs exist.,index,uncertain,topic_screen,retain,Structural graph theory
TCS-2401,Structural graph theory,We leave as an open question whether a similar characterization of monadically NIP classes exists.,index,uncertain,topic_screen,retain,Structural graph theory
TCS-2448,Structural graph theory,Every triangle-free planar graph is POSH.,index,uncertain,topic_screen,retain,Structural graph theory
TCS-2783,Structural graph theory,"However, M2k+2 (n) ∈ Ω n1+ k has only been proven for k = 1, 2, 3, 5; for other k it remains an open […]",index,uncertain,topic_screen,retain,Structural graph theory
TCS-2935,Structural graph theory,What is the asymptotic behavior of the k-th weak coloring numbers of planar graphs?,index,uncertain,topic_screen,retain,Structural graph theory
TCS-3054,Structural graph theory,"Hence, we do not know how close the graphs have to be in the pseudometric for their homomorphism densities to be close and vice versa.",index,uncertain,topic_screen,retain,Structural graph theory
TCS-3373,Structural graph theory,"For ` ě 5, we do not know whether we can express `-leaf powers in monadic second-order logic.",index,uncertain,topic_screen,retain,Structural graph theory
TCS-3571,Structural graph theory,"Is it possible to show that any k-edge-connected graph of diameter D, for some constant k ≥ 3, has at least two edge-disjoint trees of […]",index,uncertain,topic_screen,retain,Structural graph theory
TCS-3779,Structural graph theory,What can we say about the chromatic number of Kk -free families of disjointness graphs of segments or convex sets?,index,uncertain,topic_screen,retain,Structural graph theory
TCS-3915,Structural graph theory,"On the other hand, it remains an open question to characterize classes of relational structures, rather than just graphs, which are transductions of bounded expansion […]",index,uncertain,topic_screen,retain,Structural graph theory
TCS-4336,Structural graph theory,"We conjecture that the converse of Theorem 20 holds, in the sense that any hereditary graph class having a large TAR reconfiguration threshold must contain […]",index,uncertain,topic_screen,retain,Structural graph theory
TCS-4404,Structural graph theory,"In particular, is there a cylindrical grid minor of size Ω(h)?",index,uncertain,topic_screen,retain,Structural graph theory
TCS-5475,Structural graph theory,Polynomial Bounds for the Graph Minor Structure Theorem,source,source_open,topic_screen,retain,Structural graph theory
TCS-5770,Structural graph theory,Space-Stretch Tradeoff in Routing Revisited,source,uncertain,topic_screen,retain,Structural graph theory
TCS-5771,Structural graph theory,Computing Homomorphisms in Hereditary Graph Classes: The Peculiar Case of the 5-Wheel and Graphs with No Long Claws,source,source_open,topic_screen,retain,Structural graph theory
TCS-5859,Structural graph theory,Transforming Stacks into Queues: Mixed and Separated Layouts of Graphs,source,source_open,topic_screen,retain,Structural graph theory
TCS-6082,Structural graph theory,Flip-Width: Cops and Robber on Dense Graphs,source,source_open,topic_screen,retain,Structural graph theory
TCS-6409,Structural graph theory,"Faster Deciding MSO Properties of Trees of Fixed Height, and Some Consequences",source,uncertain,topic_screen,retain,Structural graph theory
TCS-6874,Structural graph theory,Do arbitrarily large d-regular Ramanujan graphs exist for every d≥3?,source,source_open,topic_screen,retain,Structural graph theory
TCS-6875,Structural graph theory,Find two-lifts or adjacency signings with the stated two-sided Ramanujan spectral bounds.,source,source_open,topic_screen,retain,Structural graph theory
TCS-7136,Structural graph theory,Can the quadratic rank-width bound on Boolean-width be replaced by a linear bound?,source,source_open,topic_screen,retain,Structural graph theory
TCS-7142,Structural graph theory,Excluding any fixed vertex-minor defines a χ-bounded graph class.,source,source_open,topic_screen,retain,Structural graph theory
TCS-7143,Structural graph theory,Large rank-width forces every fixed bipartite circle graph as a pivot-minor.,source,source_open,topic_screen,retain,Structural graph theory
TCS-7144,Structural graph theory,Does sufficiently large linear rank-width force every fixed tree as a vertex-minor?,source,source_open,topic_screen,retain,Structural graph theory
TCS-7145,Structural graph theory,Are all graphs well-quasi-ordered by pivot-minors?,source,source_open,topic_screen,retain,Structural graph theory
TCS-6625,Dynamic graph algorithms,Deterministic fully dynamic connectivity with polylogarithmic worst-case updates,reviewed,source_open,topic_screen,retain,Dynamic graph algorithms
TCS-6627,Dynamic graph algorithms,Fully dynamic near-optimal matching with polylogarithmic updates,reviewed,source_open,topic_screen,retain,Dynamic graph algorithms
TCS-6626,Dynamic graph algorithms,Polylogarithmic worst-case updates for exact dynamic minimum spanning forests,reviewed,source_open,topic_screen,retain,Dynamic graph algorithms
TCS-6670,Dynamic graph algorithms,Polylogarithmic maintenance of the exact global minimum cut,reviewed,source_open,topic_screen,retain,Dynamic graph algorithms
TCS-0478,Dynamic graph algorithms,Can exact fully dynamic APSP have edge-linear amortized updates and polylogarithmic queries?,reviewed,source_open,topic_screen,retain,Dynamic graph algorithms
TCS-0542,Dynamic graph algorithms,Dynamic Derandomization,index,uncertain,topic_screen,retain,Dynamic graph algorithms
TCS-0543,Dynamic graph algorithms,Dynamic Maximal Matching,index,uncertain,topic_screen,retain,Dynamic graph algorithms
TCS-0541,Dynamic graph algorithms,Dynamic Complexity of Low-Stretch Spanning Trees,index,uncertain,topic_screen,retain,Dynamic graph algorithms
TCS-0536,Dynamic graph algorithms,An Open Problem in Dynamic Edge Coloring,index,uncertain,topic_screen,retain,Dynamic graph algorithms
TCS-0537,Dynamic graph algorithms,Open Problem: Dynamic Brooks’ Theorem,index,uncertain,topic_screen,retain,Dynamic graph algorithms
TCS-0545,Dynamic graph algorithms,Reducing weighted matching to unweighted matching,index,uncertain,topic_screen,retain,Dynamic graph algorithms
TCS-0544,Dynamic graph algorithms,Polylog query time for a dynamic all-pairs problem in plane directed graphs,index,uncertain,topic_screen,retain,Dynamic graph algorithms
TCS-0538,Dynamic graph algorithms,Open Problem: Low-Degree Spanning Tree,index,uncertain,topic_screen,retain,Dynamic graph algorithms
TCS-1001,Dynamic graph algorithms,Minimal complexity of MaxFlow on dynamic graphs,index,uncertain,topic_screen,retain,Dynamic graph algorithms
TCS-1382,Dynamic graph algorithms,We leave it open to close this gap and achieve a polynomial dependence on λ.,index,uncertain,topic_screen,retain,Dynamic graph algorithms
TCS-2558,Dynamic graph algorithms,"For example, do there exist decremental algorithms achieving comparable guarantees to the ones we obtained in the incremental setting?",index,uncertain,topic_screen,retain,Dynamic graph algorithms
TCS-4211,Dynamic graph algorithms,Can one design a strategy with δσ = o(α log n)?,index,uncertain,topic_screen,retain,Dynamic graph algorithms
TCS-4885,Dynamic graph algorithms,Dynamic Deterministic Constant-Approximate Distance Oracles with n^{ε} Worst-Case Update Time,source,source_open,topic_screen,retain,Dynamic graph algorithms
TCS-5209,Dynamic graph algorithms,Deterministic Partially Dynamic Single Source Shortest Paths in Weighted Graphs,source,uncertain,topic_screen,retain,Dynamic graph algorithms
TCS-5575,Dynamic graph algorithms,Dynamic PageRank: Algorithms and Lower Bounds,source,uncertain,topic_screen,retain,Dynamic graph algorithms
TCS-5852,Dynamic graph algorithms,Fully Dynamic Spanners with Worst-Case Update Time,source,uncertain,topic_screen,retain,Dynamic graph algorithms
TCS-6477,Dynamic graph algorithms,Deterministic Fully Dynamic SSSP and More — Open Problem 2,source,source_open,topic_screen,retain,Dynamic graph algorithms
TCS-6623,String algorithms and bioinformatics,Polynomial-sample worst-case trace reconstruction,reviewed,source_open,topic_screen,retain,String algorithms and bioinformatics
TCS-6624,String algorithms and bioinformatics,Constant-factor edit-distance approximation in O(n polylog n) time,reviewed,source_open,topic_screen,retain,String algorithms and bioinformatics
TCS-7220,String algorithms and bioinformatics,A (1+ε)-approximation for edit distance in truly subquadratic time,reviewed,source_open,topic_screen,retain,String algorithms and bioinformatics
TCS-6669,String algorithms and bioinformatics,Breaking factor two for sum-of-pairs multiple sequence alignment,source,source_open,topic_screen,retain,String algorithms and bioinformatics
TCS-6513,String algorithms and bioinformatics,Does the smallest grammar problem admit a constant-factor approximation?,reviewed,source_open,topic_screen,retain,String algorithms and bioinformatics
TCS-0467,String algorithms and bioinformatics,Can LZ77 random access use linear compressed space and logarithmic query time?,reviewed,source_open,topic_screen,retain,String algorithms and bioinformatics
TCS-0086,String algorithms and bioinformatics,Tree-child networks displaying three or more binary trees,index,uncertain,topic_screen,retain,String algorithms and bioinformatics
TCS-0468,String algorithms and bioinformatics,Can pattern matching run in linear time in the LZ77 input size?,reviewed,source_open,topic_screen,retain,String algorithms and bioinformatics
TCS-0470,String algorithms and bioinformatics,Can grammar random access use O(g log g) bits with logarithmic query time?,reviewed,source_open,topic_screen,retain,String algorithms and bioinformatics
TCS-0466,String algorithms and bioinformatics,Can a supplied Karp–Rabin fingerprint be verified in near-linear time?,reviewed,source_open,topic_screen,retain,String algorithms and bioinformatics
TCS-0827,String algorithms and bioinformatics,Fixed Parameter Tractability of Protein Folding,index,uncertain,topic_screen,retain,String algorithms and bioinformatics
TCS-0356,String algorithms and bioinformatics,Subquadratic preprocessing for substring-LCS comparison queries,index,uncertain,topic_screen,retain,String algorithms and bioinformatics
TCS-1199,String algorithms and bioinformatics,"While v = o(z) for even Fibonacci words, it is unknown if v = O(z) in general.",index,uncertain,topic_screen,retain,String algorithms and bioinformatics
TCS-1301,String algorithms and bioinformatics,"Probably the most interesting theoretical problem we leave open is the existence, or non-existence, of an O(n)-time k-mer set union algorithm.",index,uncertain,topic_screen,retain,String algorithms and bioinformatics
TCS-1402,String algorithms and bioinformatics,"Second, which kinds of graphs admit polynomial-size Wheelerizations with the same k-mer set?",index,uncertain,topic_screen,retain,String algorithms and bioinformatics
TCS-1704,String algorithms and bioinformatics,"It remains an open problem if there exists a linear-time algorithm for pattern matching on iterative straight-line programs [25], which are a further extension of […]",index,uncertain,topic_screen,retain,String algorithms and bioinformatics
TCS-2060,String algorithms and bioinformatics,The complexity remains open for binary networks (i.e. with in+out degree=3 for every node).,index,uncertain,topic_screen,retain,String algorithms and bioinformatics
TCS-2122,String algorithms and bioinformatics,"We leave the quest of discovering a robust approximation algorithm for ∆edit as an open question, which falls outside the scope of this paper.",index,uncertain,topic_screen,retain,String algorithms and bioinformatics
TCS-2378,String algorithms and bioinformatics,We conjecture that such a family exists and the coding is necessary.,index,uncertain,topic_screen,retain,String algorithms and bioinformatics
TCS-3010,String algorithms and bioinformatics,Does there exist a string index of O(r) words supporting locate queries in optimal time for any alphabet size?,index,uncertain,topic_screen,retain,String algorithms and bioinformatics
TCS-3038,String algorithms and bioinformatics,"We leave it as an open question whether there exists a linear space finger search data structure, supporting access(i) and movefinger(i) in O(log d) time.",index,uncertain,topic_screen,retain,String algorithms and bioinformatics
TCS-3126,String algorithms and bioinformatics,"Regarding variants of tree edit distance, it remains an open question to get faster algorithms for the harder problem of unrooted tree edit distance [24, […]",index,uncertain,topic_screen,retain,String algorithms and bioinformatics
TCS-3266,String algorithms and bioinformatics,"It is an open question whether our techniques could be used for the computation of runs on tries, where the best known algorithms require super-linear […]",index,uncertain,topic_screen,retain,String algorithms and bioinformatics
TCS-3328,String algorithms and bioinformatics,"The breakpoint distance is static, and we leave open the question for solving or approximating CNPC with dynamic rearrangement distance such as reversal, duplication+deletion, etc.",index,uncertain,topic_screen,retain,String algorithms and bioinformatics
TCS-3520,String algorithms and bioinformatics,Does every class C with unbounded grid-width contain arbitrarily large connected monotone grid subclasses?,index,uncertain,boundary_read,move,Miscellaneous
TCS-3596,String algorithms and bioinformatics,We leave an open question if the LCCF problem can also be solved in linear time.,index,uncertain,topic_screen,retain,String algorithms and bioinformatics
TCS-3598,String algorithms and bioinformatics,"Finally, we conjecture that the inequality m < 2z holds for any string.",index,uncertain,topic_screen,retain,String algorithms and bioinformatics
TCS-3657,String algorithms and bioinformatics,"Finding a general polynomial-time algorithm for the ϕ-MCPS problem, however, remains an open problem.",index,uncertain,topic_screen,retain,String algorithms and bioinformatics
TCS-3669,String algorithms and bioinformatics,We leave open the questions of whether the runs of a string (or other information sufficient for answering 2-Period Queries in Õ(1) time) can be […],index,uncertain,topic_screen,retain,String algorithms and bioinformatics
TCS-3722,String algorithms and bioinformatics,We have the following open problem: can we achieve the conversion from RLBWT into LZ77 in O(n) time and O(r) space?,index,uncertain,topic_screen,retain,String algorithms and bioinformatics
TCS-3879,String algorithms and bioinformatics,6 Final Remark Computing the longest unbordered factor in o(n log n) time for integer alphabets remains an open question.,index,uncertain,topic_screen,retain,String algorithms and bioinformatics
TCS-3928,String algorithms and bioinformatics,"But the general case of arbitrary alphabets with bounds expressed in terms of the parameters n, z, σ remains open (see Table 1 in the […]",index,uncertain,topic_screen,retain,String algorithms and bioinformatics
TCS-4150,String algorithms and bioinformatics,"We leave two interesting open problems outstanding, namely finding lower bounds for the time needed to decide whether a pattern is k-local, and for matching […]",index,uncertain,topic_screen,retain,String algorithms and bioinformatics
TCS-4208,String algorithms and bioinformatics,Can LCWIS be solved in time O n2−f (|Σ|) for some decreasing function f that yields strongly subquadratic-time algorithms for any constant alphabet size |Σ|?,index,uncertain,topic_screen,retain,String algorithms and bioinformatics
TCS-4963,String algorithms and bioinformatics,LZBE: An LZ-Style Compressor Supporting O(log n)-Time Random Access,source,uncertain,topic_screen,retain,String algorithms and bioinformatics
TCS-5025,String algorithms and bioinformatics,Substring Complexity in Sublinear Space,source,uncertain,topic_screen,retain,String algorithms and bioinformatics
TCS-5113,String algorithms and bioinformatics,A Sub-Quadratic Algorithm for the Longest Common Increasing Subsequence Problem,source,uncertain,topic_screen,retain,String algorithms and bioinformatics
TCS-5208,String algorithms and bioinformatics,Approximate Similarity Search Under Edit Distance Using Locality-Sensitive Hashing,source,uncertain,topic_screen,retain,String algorithms and bioinformatics
TCS-5270,String algorithms and bioinformatics,Lempel-Ziv Factorization May Be Harder Than Computing All Runs,source,source_open,topic_screen,retain,String algorithms and bioinformatics
TCS-5288,String algorithms and bioinformatics,Entropy Lower Bounds for Dictionary Compression,source,source_open,topic_screen,retain,String algorithms and bioinformatics
TCS-5490,String algorithms and bioinformatics,The Tandem Duplication Distance Is NP-Hard,source,uncertain,topic_screen,retain,String algorithms and bioinformatics
TCS-5802,String algorithms and bioinformatics,Co-Linear Chaining on Pangenome Graphs,source,uncertain,topic_screen,retain,String algorithms and bioinformatics
TCS-5851,String algorithms and bioinformatics,Faster Algorithms for Bounded Tree Edit Distance,source,source_open,topic_screen,retain,String algorithms and bioinformatics
TCS-5936,String algorithms and bioinformatics,Hardness of RNA Folding Problem With Four Symbols,source,uncertain,topic_screen,retain,String algorithms and bioinformatics
TCS-6476,String algorithms and bioinformatics,Faster Algorithms for Text-to-Pattern Hamming Distances,source,source_open,topic_screen,retain,String algorithms and bioinformatics
TCS-6920,String algorithms and bioinformatics,"Support fast random access to a string using O(r) words, where r counts BWT runs.",source,source_open,topic_screen,retain,String algorithms and bioinformatics
TCS-6928,String algorithms and bioinformatics,"Can every string be represented in O(γ) words, where γ is its smallest attractor size? Can the O(γ log n) scale always be improved asymptotically?",source,source_open,topic_screen,retain,String algorithms and bioinformatics
TCS-6929,String algorithms and bioinformatics,"What is the smallest reachable repetitiveness measure supporting efficient access or indexing? Specifically, obtain access in O(z_no) space and indexing in O(z_no) or O(v) space.",source,source_open,topic_screen,retain,String algorithms and bioinformatics
TCS-6930,String algorithms and bioinformatics,"Develop efficient repetitive indexes supporting arbitrary text modifications, beyond appending/prepending and the restricted practical performance of existing constructions.",source,source_open,topic_screen,retain,String algorithms and bioinformatics
TCS-6638,Scheduling and packing,A constant improvement over factor 2 for unrelated-machine makespan,reviewed,source_open,topic_screen,retain,Scheduling and packing
TCS-6640,Scheduling and packing,Constant additive error for one-dimensional bin packing,reviewed,source_open,topic_screen,retain,Scheduling and packing
TCS-6676,Scheduling and packing,Breaking factor two for precedence-constrained makespan,reviewed,source_open,topic_screen,retain,Scheduling and packing
TCS-0924,Scheduling and packing,Precedence-Constrained Scheduling on Identical Machines to minimize weighted completion time,index,uncertain,topic_screen,retain,Scheduling and packing
TCS-0935,Scheduling and packing,Unit-job precedence scheduling complexity,index,uncertain,topic_screen,retain,Scheduling and packing
TCS-0922,Scheduling and packing,Generalized assignment,index,uncertain,topic_screen,retain,Scheduling and packing
TCS-0927,Scheduling and packing,"Stochastic and Multi-Dimensional Scheduling, Generalized Min-Sum Set Cover",index,uncertain,topic_screen,retain,Scheduling and packing
TCS-0925,Scheduling and packing,Scheduling and Load Balancing with Recourse,index,uncertain,topic_screen,retain,Scheduling and packing
TCS-0928,Scheduling and packing,Wireless Scheduling (2016 formulation),index,uncertain,topic_screen,retain,Scheduling and packing
TCS-0933,Scheduling and packing,Wireless Scheduling,index,uncertain,topic_screen,retain,Scheduling and packing
TCS-0921,Scheduling and packing,Flow Time Scheduling on a Line Network,index,uncertain,topic_screen,retain,Scheduling and packing
TCS-0934,Scheduling and packing,Equal-length job scheduling with windows,index,uncertain,topic_screen,retain,Scheduling and packing
TCS-0915,Scheduling and packing,"Algorithmic Problems Combining Network Design, Routing, and Scheduling",index,uncertain,topic_screen,retain,Scheduling and packing
TCS-0932,Scheduling and packing,Scheduling with Buffering on the Line,index,uncertain,topic_screen,retain,Scheduling and packing
TCS-1145,Scheduling and packing,Is there a function f : N → N such that all ℓ-system CBGT instances admit an f (ℓ)-height schedule?,index,uncertain,topic_screen,retain,Scheduling and packing
TCS-1938,Scheduling and packing,"Is there a constant c such that every Decision Poly Scheduling instance Pd = (P, R, f ) with poly density h̄∗ (Pd ) ≤ […]",index,uncertain,topic_screen,retain,Scheduling and packing
TCS-2367,Scheduling and packing,"√ We conjecture that GMP admits an O( log n) approximation, based on suitably rounding the configuration LP.",index,uncertain,topic_screen,retain,Scheduling and packing
TCS-2406,Scheduling and packing,"In particular, does the existence of a c-sparsifier of degree 1/p imply a contention resolution scheme with balance c?",index,uncertain,topic_screen,retain,Scheduling and packing
TCS-2677,Scheduling and packing,"Unfortunately, we do not know how to find the perfect matching in polynomial time even though its existence is implied by Theorem 2.",index,uncertain,topic_screen,retain,Scheduling and packing
TCS-2763,Scheduling and packing,"For the k-robot patrolling problem with min-max latency, there is a cyclic solution that is optimal.",index,uncertain,topic_screen,retain,Scheduling and packing
TCS-3499,Scheduling and packing,What is the complexity for smaller numbers of job types?,index,uncertain,topic_screen,retain,Scheduling and packing
TCS-4582,Scheduling and packing,"We leave the computational complexity of the robust appointment scheduling and ordering problem as an open problem, and note that it is also unknown whether […]",index,uncertain,topic_screen,retain,Scheduling and packing
TCS-6078,Scheduling and packing,Hardness and Fixed Parameter Tractability for Pinwheel Scheduling Problems,source,uncertain,topic_screen,retain,Scheduling and packing
TCS-6721,Scheduling and packing,Pack using OPT+1 bins; a constant additive error is a highlighted intermediate goal.,source,source_open,topic_screen,retain,Scheduling and packing
TCS-6724,Scheduling and packing,Give a constant approximation for precedence-constrained scheduling on related machines.,source,source_open,topic_screen,retain,Scheduling and packing
TCS-6632,"Algorithmic game theory, mechanism design and fair division",Constant-factor universally truthful auctions for submodular bidders,reviewed,source_open,topic_screen,retain,"Algorithmic game theory, mechanism design and fair division"
TCS-0011,"Algorithmic game theory, mechanism design and fair division",Existence of complete EFX allocations for additive valuations,index,uncertain,topic_screen,retain,"Algorithmic game theory, mechanism design and fair division"
TCS-6639,"Algorithmic game theory, mechanism design and fair division",A constant-factor approximation for general Santa Claus allocation,reviewed,source_open,topic_screen,retain,"Algorithmic game theory, mechanism design and fair division"
TCS-6674,"Algorithmic game theory, mechanism design and fair division",The power of randomization in truthful unrelated-machine scheduling,reviewed,source_open,topic_screen,retain,"Algorithmic game theory, mechanism design and fair division"
TCS-6633,"Algorithmic game theory, mechanism design and fair division",Polynomial query complexity of exact envy-free cake cutting,reviewed,source_open,topic_screen,retain,"Algorithmic game theory, mechanism design and fair division"
TCS-6634,"Algorithmic game theory, mechanism design and fair division",The optimal randomized metric distortion in social choice,source,source_open,topic_screen,retain,"Algorithmic game theory, mechanism design and fair division"
TCS-7196,"Algorithmic game theory, mechanism design and fair division",Polynomial-time EFX for three additive agents,source,source_open,topic_screen,retain,"Algorithmic game theory, mechanism design and fair division"
TCS-7197,"Algorithmic game theory, mechanism design and fair division",The optimal polynomial-time approximation of EFX,source,source_open,topic_screen,retain,"Algorithmic game theory, mechanism design and fair division"
TCS-7200,"Algorithmic game theory, mechanism design and fair division",The optimal multiplicative MMS guarantee for chores,source,source_open,topic_screen,retain,"Algorithmic game theory, mechanism design and fair division"
TCS-7207,"Algorithmic game theory, mechanism design and fair division",Competitive equilibrium for almost all budgets with two additive agents,source,source_open,topic_screen,retain,"Algorithmic game theory, mechanism design and fair division"
TCS-1116,"Algorithmic game theory, mechanism design and fair division",Optimal universal approximation factor for EFX,index,uncertain,topic_screen,retain,"Algorithmic game theory, mechanism design and fair division"
TCS-7199,"Algorithmic game theory, mechanism design and fair division",Deciding whether an exact MMS allocation exists,source,source_open,topic_screen,retain,"Algorithmic game theory, mechanism design and fair division"
TCS-7201,"Algorithmic game theory, mechanism design and fair division",The optimal ordinal MMS guarantee for goods,source,source_open,topic_screen,retain,"Algorithmic game theory, mechanism design and fair division"
TCS-7203,"Algorithmic game theory, mechanism design and fair division",Bounded protocols for connected envy-free proportional cake cutting,source,source_open,topic_screen,retain,"Algorithmic game theory, mechanism design and fair division"
TCS-7198,"Algorithmic game theory, mechanism design and fair division",Do EFkX allocations exist for a universal constant k?,source,source_open,topic_screen,retain,"Algorithmic game theory, mechanism design and fair division"
TCS-7202,"Algorithmic game theory, mechanism design and fair division",Envy-free proportional cake cutting with free disposal,source,source_open,topic_screen,retain,"Algorithmic game theory, mechanism design and fair division"
TCS-0056,"Algorithmic game theory, mechanism design and fair division",Best α for α-MMS existence,index,uncertain,topic_screen,retain,"Algorithmic game theory, mechanism design and fair division"
TCS-7204,"Algorithmic game theory, mechanism design and fair division",Minimum cuts for finite envy-free cake-cutting protocols,source,source_open,topic_screen,retain,"Algorithmic game theory, mechanism design and fair division"
TCS-1115,"Algorithmic game theory, mechanism design and fair division",Polynomial-time EF1 and Pareto-optimal goods allocation,index,uncertain,topic_screen,retain,"Algorithmic game theory, mechanism design and fair division"
TCS-1109,"Algorithmic game theory, mechanism design and fair division",EF1 and Pareto optimality for additive mixed items,index,uncertain,topic_screen,retain,"Algorithmic game theory, mechanism design and fair division"
TCS-1108,"Algorithmic game theory, mechanism design and fair division",EF1 existence for arbitrary mixed-item utilities,index,uncertain,topic_screen,retain,"Algorithmic game theory, mechanism design and fair division"
TCS-1119,"Algorithmic game theory, mechanism design and fair division",Existence of pairwise maximin-share allocations,index,uncertain,topic_screen,retain,"Algorithmic game theory, mechanism design and fair division"
TCS-0076,"Algorithmic game theory, mechanism design and fair division",Polynomial-time equilibrium computation for all monotone utility classes,index,uncertain,topic_screen,retain,"Algorithmic game theory, mechanism design and fair division"
TCS-0072,"Algorithmic game theory, mechanism design and fair division",Complexity of equilibria in asymmetric two-player network congestion games,index,uncertain,topic_screen,retain,"Algorithmic game theory, mechanism design and fair division"
TCS-0073,"Algorithmic game theory, mechanism design and fair division",Complexity of mixed equilibria in identical-payoff polymatrix games,index,uncertain,topic_screen,retain,"Algorithmic game theory, mechanism design and fair division"
TCS-0074,"Algorithmic game theory, mechanism design and fair division",Equilibrium hardness using only non-monotone utilities,index,uncertain,topic_screen,retain,"Algorithmic game theory, mechanism design and fair division"
TCS-1090,"Algorithmic game theory, mechanism design and fair division",Pareto-optimal equilibrium hardness in win-lose games,index,uncertain,topic_screen,retain,"Algorithmic game theory, mechanism design and fair division"
TCS-1091,"Algorithmic game theory, mechanism design and fair division",Consensus-halving hardness for polynomial valuations,index,uncertain,topic_screen,retain,"Algorithmic game theory, mechanism design and fair division"
TCS-0566,"Algorithmic game theory, mechanism design and fair division",Memory requirements of subgame perfect equilibria in reachability games,index,uncertain,topic_screen,retain,"Algorithmic game theory, mechanism design and fair division"
TCS-0568,"Algorithmic game theory, mechanism design and fair division",Strong subgame perfect equilibria,index,uncertain,topic_screen,retain,"Algorithmic game theory, mechanism design and fair division"
TCS-0571,"Algorithmic game theory, mechanism design and fair division",Positional Nash Equilibria,index,uncertain,topic_screen,retain,"Algorithmic game theory, mechanism design and fair division"
TCS-0067,"Algorithmic game theory, mechanism design and fair division",Tractability frontier of justice criteria under submodular valuations,index,uncertain,topic_screen,retain,"Algorithmic game theory, mechanism design and fair division"
TCS-0059,"Algorithmic game theory, mechanism design and fair division",Fair Division in Metric Spaces,index,uncertain,topic_screen,retain,"Algorithmic game theory, mechanism design and fair division"
TCS-0064,"Algorithmic game theory, mechanism design and fair division",Condorcet outcome for m independent binary issues,index,uncertain,topic_screen,retain,"Algorithmic game theory, mechanism design and fair division"
TCS-0066,"Algorithmic game theory, mechanism design and fair division",Optimizing over Serial Dictatorships – Lower bound for optimal matching,index,uncertain,topic_screen,retain,"Algorithmic game theory, mechanism design and fair division"
TCS-1714,"Algorithmic game theory, mechanism design and fair division","Besides some open questions in Table 1, the main problem we leave open for further research is whether it is possible to find a stable […]",index,uncertain,topic_screen,retain,"Algorithmic game theory, mechanism design and fair division"
TCS-2014,"Algorithmic game theory, mechanism design and fair division",We leave as an immediate open problem whether it can give an O(1)-approximation for the weighted Nash Social Welfare problem with submodular valuations.,index,uncertain,topic_screen,retain,"Algorithmic game theory, mechanism design and fair division"
TCS-2427,"Algorithmic game theory, mechanism design and fair division",Whether it is possible to compute an (exact or approximate) NE in even zero-sum TBSGs with an increasing discount factor remains open [2].,index,uncertain,topic_screen,retain,"Algorithmic game theory, mechanism design and fair division"
TCS-2685,"Algorithmic game theory, mechanism design and fair division","While one can approximately evaluate the fixpoint numerically, we do not know how to characterize the complexity of the decision problem.",index,uncertain,topic_screen,retain,"Algorithmic game theory, mechanism design and fair division"
TCS-2744,"Algorithmic game theory, mechanism design and fair division","Most results, however, are negative and fundamental problems, including proving that the value of the game always exists, remain open.",index,uncertain,topic_screen,retain,"Algorithmic game theory, mechanism design and fair division"
TCS-2815,"Algorithmic game theory, mechanism design and fair division","The use of finite-horizon objectives simplifies the analysis (note that the existence of infinite-horizon NE for CSGs is an open problem [7], and the verification […]",index,uncertain,topic_screen,retain,"Algorithmic game theory, mechanism design and fair division"
TCS-2891,"Algorithmic game theory, mechanism design and fair division","In particular, does Fair Matching remain fixedparameter tractable with respect to k?",index,uncertain,topic_screen,retain,"Algorithmic game theory, mechanism design and fair division"
TCS-2897,"Algorithmic game theory, mechanism design and fair division",Do pairwise stable states exist for all connected host networks H and α?,index,uncertain,topic_screen,retain,"Algorithmic game theory, mechanism design and fair division"
TCS-2953,"Algorithmic game theory, mechanism design and fair division","Note that the existing construction of [24] implies a Ω(log1−ϵ p) lower bound with respect to this parameter, but we do not know whether this […]",index,uncertain,topic_screen,retain,"Algorithmic game theory, mechanism design and fair division"
TCS-3231,"Algorithmic game theory, mechanism design and fair division",Is the problem of designing the optimal mechanism when the ex-post utilities also depend on the actions of the other buyers tractable?,index,uncertain,topic_screen,retain,"Algorithmic game theory, mechanism design and fair division"
TCS-3352,"Algorithmic game theory, mechanism design and fair division","Does a proportionally fair clustering always exist for trees when M ⊂ V , or for general graphs when N = M ⊂ V ?",index,uncertain,topic_screen,retain,"Algorithmic game theory, mechanism design and fair division"
TCS-3487,"Algorithmic game theory, mechanism design and fair division","What about two-action tree polymatrix games, or path-polymatrix games with more than two actions?",index,uncertain,topic_screen,retain,"Algorithmic game theory, mechanism design and fair division"
TCS-3857,"Algorithmic game theory, mechanism design and fair division",We instead address the following question: can cardinal mechanisms with low distortion be very different from ordinal mechanisms?,index,uncertain,topic_screen,retain,"Algorithmic game theory, mechanism design and fair division"
TCS-3867,"Algorithmic game theory, mechanism design and fair division","However, we do not know whether or not polynomial running time can be guaranteed.",index,uncertain,topic_screen,retain,"Algorithmic game theory, mechanism design and fair division"
TCS-4116,"Algorithmic game theory, mechanism design and fair division","In order to use a similar technique for CS-TNGs, we first establish PLS-hardness for acyclic CS-NGs, which is an open problem.",index,uncertain,topic_screen,retain,"Algorithmic game theory, mechanism design and fair division"
TCS-4151,"Algorithmic game theory, mechanism design and fair division","Also, while we know that non-integral strategies may be better than integral ones, we do not know whether strategies that use rational numbers are as […]",index,uncertain,topic_screen,retain,"Algorithmic game theory, mechanism design and fair division"
TCS-4249,"Algorithmic game theory, mechanism design and fair division","At the moment, it remains open whether every input admits a committee that provides this form of justified representation; it is known that PAV may […]",index,uncertain,topic_screen,retain,"Algorithmic game theory, mechanism design and fair division"
TCS-4515,"Algorithmic game theory, mechanism design and fair division","Contrarily to quantitative reachability games, we do not know if a weak SPE always exists for games in this class.",index,uncertain,topic_screen,retain,"Algorithmic game theory, mechanism design and fair division"
TCS-4584,"Algorithmic game theory, mechanism design and fair division","In fact, even the existence of Nash equilibria in such games is an open problem: it was believed until recently that there are two-player games […]",index,uncertain,topic_screen,retain,"Algorithmic game theory, mechanism design and fair division"
TCS-4945,"Algorithmic game theory, mechanism design and fair division",Open Problem: Optimal Instance-Dependent Sample Complexity for finding Nash Equilibrium in Two Player Zero-Sum Matrix games,source,source_open,topic_screen,retain,"Algorithmic game theory, mechanism design and fair division"
TCS-5195,"Algorithmic game theory, mechanism design and fair division",Tight SoS-Degree Bounds for Approximate Nash Equilibria,source,uncertain,topic_screen,retain,"Algorithmic game theory, mechanism design and fair division"
TCS-5399,"Algorithmic game theory, mechanism design and fair division",Tree Polymatrix Games Are PPAD-Hard,source,uncertain,topic_screen,retain,"Algorithmic game theory, mechanism design and fair division"
TCS-5400,"Algorithmic game theory, mechanism design and fair division",A Characterization of Complexity in Public Goods Games,source,uncertain,topic_screen,retain,"Algorithmic game theory, mechanism design and fair division"
TCS-5941,"Algorithmic game theory, mechanism design and fair division",Sequential Decision Making With Information Asymmetry (Invited Talk),source,uncertain,topic_screen,retain,"Algorithmic game theory, mechanism design and fair division"
TCS-6113,"Algorithmic game theory, mechanism design and fair division",Finding Clearing Payments in Financial Networks with Credit Default Swaps is PPAD-complete,source,uncertain,topic_screen,retain,"Algorithmic game theory, mechanism design and fair division"
TCS-6117,"Algorithmic game theory, mechanism design and fair division",Infinite-Duration Bidding Games,source,uncertain,topic_screen,retain,"Algorithmic game theory, mechanism design and fair division"
TCS-6957,"Algorithmic game theory, mechanism design and fair division",Characterize domains where affine maximizers are the only implementable allocation rules.,source,source_open,topic_screen,retain,"Algorithmic game theory, mechanism design and fair division"
TCS-6958,"Algorithmic game theory, mechanism design and fair division",Can efficient algorithmic implementation approximate better than every efficient dominant-strategy implementation?,source,source_open,topic_screen,retain,"Algorithmic game theory, mechanism design and fair division"
TCS-6959,"Algorithmic game theory, mechanism design and fair division",Bound the local connection game’s price of anarchy by a constant for all edge-cost parameters.,source,source_open,topic_screen,retain,"Algorithmic game theory, mechanism design and fair division"
TCS-6961,"Algorithmic game theory, mechanism design and fair division",Determine tight equilibrium-efficiency bounds for undirected global connection and generalized cost-sharing games.,source,source_open,topic_screen,retain,"Algorithmic game theory, mechanism design and fair division"
TCS-0007,Algebraic computation,Is the matrix multiplication exponent equal to two?,reviewed,source_open,topic_screen,retain,Algebraic computation
TCS-6611,Algebraic computation,Does the permanent require determinants of superpolynomial dimension?,reviewed,source_open,topic_screen,retain,Algebraic computation
TCS-6666,Algebraic computation,The Shub–Smale τ-conjecture: polynomially many integer roots from short arithmetic programs,reviewed,source_open,topic_screen,retain,Algebraic computation
TCS-6612,Algebraic computation,VP versus VBP over the complex numbers,reviewed,source_open,topic_screen,retain,Algebraic computation
TCS-0005,Algebraic computation,Does the permanent have polynomial-size arithmetic circuits?,reviewed,source_open,topic_screen,retain,Algebraic computation
TCS-6613,Algebraic computation,Polynomial-size arithmetic formulas for the determinant,reviewed,source_open,topic_screen,retain,Algebraic computation
TCS-6641,Algebraic computation,The uniform word problem for one-relation monoids,reviewed,source_open,topic_screen,retain,Algebraic computation
TCS-6614,Algebraic computation,Deterministic polynomial-time factorization over finite fields,reviewed,source_open,topic_screen,retain,Algebraic computation
TCS-6642,Algebraic computation,The conjugacy problem for one-relator groups,reviewed,source_open,topic_screen,retain,Algebraic computation
TCS-6677,Algebraic computation,The isomorphism problem for one-relator groups,reviewed,source_open,topic_screen,retain,Algebraic computation
TCS-7174,Algebraic computation,The optimal bit complexity of integer multiplication,source,source_open,topic_screen,retain,Algebraic computation
TCS-6615,Algebraic computation,Polynomial-time finite-group isomorphism in the Cayley-table model,source,source_open,topic_screen,retain,Algebraic computation
TCS-7175,Algebraic computation,Unrestricted arithmetic lower bounds for the discrete Fourier transform,source,source_open,topic_screen,retain,Algebraic computation
TCS-6616,Algebraic computation,Breaking the 2^n barrier for exact permanent computation,source,source_open,topic_screen,retain,Algebraic computation
TCS-0481,Algebraic computation,Do single-pair shortest paths require cubic-size min-plus circuits?,reviewed,source_open,topic_screen,retain,Algebraic computation
TCS-7223,Algebraic computation,Does integer multiplication have linear-size Boolean circuits?,reviewed,source_open,topic_screen,retain,Algebraic computation
TCS-1058,Algebraic computation,Explicit rigidity at rank n over log log n,index,uncertain,topic_screen,retain,Algebraic computation
TCS-0055,Algebraic computation,Sum of Square Roots,index,uncertain,topic_screen,retain,Algebraic computation
TCS-0010,Algebraic computation,Superlinear constant-degree arithmetic circuit lower bounds,index,uncertain,topic_screen,retain,Algebraic computation
TCS-1103,Algebraic computation,Containment of border VP in VNP over arbitrary fields,index,uncertain,topic_screen,retain,Algebraic computation
TCS-0054,Algebraic computation,Tensor Decompositions: Algorithms up to the Uniqueness Threshold?,index,uncertain,topic_screen,retain,Algebraic computation
TCS-7224,Algebraic computation,Can the shortest addition-chain length be computed in polynomial time?,reviewed,source_open,topic_screen,retain,Algebraic computation
TCS-0009,Algebraic computation,Explicit univariate arithmetic circuit lower bounds,index,uncertain,topic_screen,retain,Algebraic computation
TCS-0046,Algebraic computation,Complexity of solving tropical or min-plus linear systems,index,uncertain,topic_screen,retain,Algebraic computation
TCS-1101,Algebraic computation,VP factor closure in positive characteristic,index,uncertain,topic_screen,retain,Algebraic computation
TCS-1102,Algebraic computation,VBP factor closure in positive characteristic,index,uncertain,topic_screen,retain,Algebraic computation
TCS-0047,Algebraic computation,Complexity of testing membership to Kronecker polytopes,index,uncertain,topic_screen,retain,Algebraic computation
TCS-0633,Algebraic computation,Eventual non-negativity of Matrices,index,uncertain,topic_screen,retain,Algebraic computation
TCS-0095,Algebraic computation,Efficient LRS evaluation,index,uncertain,topic_screen,retain,Algebraic computation
TCS-0040,Algebraic computation,Deciding whether a finitely generated subgroup has finite index,index,uncertain,topic_screen,retain,Algebraic computation
TCS-0042,Algebraic computation,Is there an algorithm to compute the stable image of an endomorphism of a free group?,index,uncertain,topic_screen,retain,Algebraic computation
TCS-0043,Algebraic computation,Membership problems for groups of unitriangular matrices,index,uncertain,topic_screen,retain,Algebraic computation
TCS-0052,Algebraic computation,Lower bounds for sums of powers of degree 1 univariate polynomials,index,uncertain,topic_screen,retain,Algebraic computation
TCS-1066,Algebraic computation,Exists-R hardness of affine polynomial projection,index,uncertain,topic_screen,retain,Algebraic computation
TCS-1067,Algebraic computation,Exists-R hardness of affine matrix-rank minimization,index,uncertain,topic_screen,retain,Algebraic computation
TCS-1068,Algebraic computation,Exists-R hardness of symmetric tensor eigenvalues,index,uncertain,topic_screen,retain,Algebraic computation
TCS-1069,Algebraic computation,Complexity of testing Zariski-closure membership,index,uncertain,topic_screen,retain,Algebraic computation
TCS-1093,Algebraic computation,Rational roots in specified polynomial intervals,index,uncertain,topic_screen,retain,Algebraic computation
TCS-0127,Algebraic computation,Transformation monoid minimisation,index,uncertain,topic_screen,retain,Algebraic computation
TCS-0044,Algebraic computation,Open problems for integral matrix groups,index,uncertain,topic_screen,retain,Algebraic computation
TCS-0316,Algebraic computation,Fixed points of compositions of monotone polynomials,index,uncertain,topic_screen,retain,Algebraic computation
TCS-1151,Algebraic computation,"Is it decidable whether a given ETP over K has a zero on a given bounded interval [0, T ] with rational endpoints?",index,uncertain,topic_screen,retain,Algebraic computation
TCS-1178,Algebraic computation,Does the membership problem exhibit a qAC0 vs. NL-complete dichotomy?,index,uncertain,topic_screen,retain,Algebraic computation
TCS-1254,Algebraic computation,The question of proving such lower bounds for general circuits remains open.,index,uncertain,topic_screen,retain,Algebraic computation
TCS-1424,Algebraic computation,"That is, can formulas be efficiently simulated using bounded-width ABPs over R and R+ ?",index,uncertain,topic_screen,retain,Algebraic computation
TCS-1428,Algebraic computation,"Is the existential theory of special linear matrices ∃R-hard, too?",index,uncertain,topic_screen,retain,Algebraic computation
TCS-1544,Algebraic computation,Give a classification of the varieties of finite semigroups in terms of their complexity for the membership problem.,index,uncertain,topic_screen,retain,Algebraic computation
TCS-1641,Algebraic computation,We leave open the problem of proving a “basis independent” lower bound (where false can correspond to any value in R).,index,uncertain,topic_screen,retain,Algebraic computation
TCS-1646,Algebraic computation,For all d ≥ 1 it holds that σ(Td ) = 1.,index,uncertain,topic_screen,retain,Algebraic computation
TCS-1750,Algebraic computation,"To the best of our knowledge, the generic semistability problem remains open for general acyclic quivers.",index,uncertain,topic_screen,retain,Algebraic computation
TCS-1904,Algebraic computation,Can one obtain a construction with separating polynomials of degree at most q 1+oq (q) in Gn = GLn or Gn = Un with sets […],index,uncertain,topic_screen,retain,Algebraic computation
TCS-1935,Algebraic computation,Is TISL contained in TI?,index,uncertain,topic_screen,retain,Algebraic computation
TCS-2010,Algebraic computation,We leave it as an open question to achieve an exponential lower bound on the permanent assuming the τ -conjecture.,index,uncertain,topic_screen,retain,Algebraic computation
TCS-2039,Algebraic computation,"Of course, it also remains open whether the freeness problem for automaton groups [19, 7.2 b)] is decidable.",index,uncertain,topic_screen,retain,Algebraic computation
TCS-2047,Algebraic computation,We leave open the question whether immc2 is polynomially related to approximate algebraic formula complexity over fields of characteristic 2.,index,uncertain,topic_screen,retain,Algebraic computation
TCS-2077,Algebraic computation,It is still an open question to test in deterministic polynomial time if a quadratic polynomial (or any non-linear polynomial whose total degree is upper […],index,uncertain,topic_screen,retain,Algebraic computation
TCS-2134,Algebraic computation,"It is unclear if graded complete p-families for VP or for VNP exist, and we leave this as an open question.",index,uncertain,topic_screen,retain,Algebraic computation
TCS-2156,Algebraic computation,"Over C, does there exist a t-parity representation of dimension 2(0.5+o(1))t ?",index,uncertain,topic_screen,retain,Algebraic computation
TCS-2181,Algebraic computation,Would we be able to factor polynomials efficiently if we could construct irreducible polynomials?,index,uncertain,topic_screen,retain,Algebraic computation
TCS-2322,Algebraic computation,"Given a non-commutative monomial α, can addition gates help to compute α?",index,uncertain,topic_screen,retain,Algebraic computation
TCS-2342,Algebraic computation,Prove exponential lower bounds for constant-depth arithmetic formulas.,index,uncertain,topic_screen,retain,Algebraic computation
TCS-2403,Algebraic computation,"We conjecture that unary diameter is ΠP2 -complete for input instances (A, k), where A generates the full symmetric group Sn .",index,uncertain,topic_screen,retain,Algebraic computation
TCS-2447,Algebraic computation,The class of rational recursive sequences coincides with the class of simple rational recursive sequences.,index,uncertain,topic_screen,retain,Algebraic computation
TCS-2506,Algebraic computation,"However, we do not know whether this containment is strict or not.",index,uncertain,topic_screen,retain,Algebraic computation
TCS-2572,Algebraic computation,Can we exactly characterize (up to a polynomial-size equivalence) the expressive power of linear pencil representations for some sub-class of rational circuits?,index,uncertain,topic_screen,retain,Algebraic computation
TCS-2693,Algebraic computation,Here we should emphasize that it is an open problem whether some fixed dimension of WL represents a complete invariant.,index,uncertain,topic_screen,retain,Algebraic computation
TCS-2718,Algebraic computation,Can we hope for an O(|D| e · polylog(M )) time algorithm for f -Convolution for some ϵ > 0?,index,uncertain,topic_screen,retain,Algebraic computation
TCS-2882,Algebraic computation,"For n even we have sr(Sn,d ) = n2 + 2 and, consequently, n+2 Bhom (Sn,d ) ≥ (d − 1) + 2. 2",index,uncertain,topic_screen,retain,Algebraic computation
TCS-2958,Algebraic computation,"While this question remains open for VP, our result shows that this additional restriction on the coefficients is essentially vital for the existence of efficiently […]",index,uncertain,topic_screen,retain,Algebraic computation
TCS-2987,Algebraic computation,"Closely related to the above, but for higher-order and unbalanced formats, what is the exact value of the generic subrank Q(n1 , . . . […]",index,uncertain,topic_screen,retain,Algebraic computation
TCS-3007,Algebraic computation,"Is it true that for infinitely many r there exists a matrix A ∈ Cr (Q, 2) with RQ (A, r) = r2 ?",index,uncertain,topic_screen,retain,Algebraic computation
TCS-3024,Algebraic computation,Many interesting problems in computational invariant theory remain open in the non-commutative case.,index,uncertain,topic_screen,retain,Algebraic computation
TCS-3056,Algebraic computation,We leave it as an open problem whether similarly efficient deterministic algorithms exist under the presence of negative entries.,index,uncertain,topic_screen,retain,Algebraic computation
TCS-3076,Algebraic computation,The more general question of computing permanent over arbitrary commutative rings of characteristic 2k for k ≥ 2 still remains open.,index,uncertain,topic_screen,retain,Algebraic computation
TCS-3178,Algebraic computation,"In particular, can we give an efficient hittingset construction for the orbits of general commutative ROABPs and constant-width ROABPs?",index,uncertain,topic_screen,retain,Algebraic computation
TCS-3184,Algebraic computation,Does Theorem 6 hold in the border sense?,index,uncertain,topic_screen,retain,Algebraic computation
TCS-3317,Algebraic computation,"In particular, is the word problem for the Grigorchuk group LOGSPACE-complete?",index,uncertain,topic_screen,retain,Algebraic computation
TCS-3318,Algebraic computation,"It remains an open problem to show that if g(x)p has a small circuit, then g(x) has a small circuit.",index,uncertain,topic_screen,retain,Algebraic computation
TCS-3395,Algebraic computation,An important problem that continues to remain open is to prove a lower bound of the form Ω(n1+ε ) for some constant ε > 0 […],index,uncertain,topic_screen,retain,Algebraic computation
TCS-3414,Algebraic computation,"Indeed, constructing an explicit class of groups with superpolynomial graph embedding complexity is still an open problem, although a conjecture of Babai states that the […]",index,uncertain,topic_screen,retain,Algebraic computation
TCS-3432,Algebraic computation,Yet another question which is natural in the context of this work and remains open is to prove stronger lower bounds for ABPs.,index,uncertain,topic_screen,retain,Algebraic computation
TCS-3731,Algebraic computation,How crucial is the notion of inseparable degree in the context of testing algebraic independence?,index,uncertain,topic_screen,retain,Algebraic computation
TCS-3756,Algebraic computation,"If not, can one show a complexity theoretic hardness of evaluating the commutative determinant polynomial?",index,uncertain,topic_screen,retain,Algebraic computation
TCS-3866,Algebraic computation,Is there a polynomial bound on the number of slide moves necessary to transform two graphs of groups with isomorphic fundamental groups into each?,index,uncertain,topic_screen,retain,Algebraic computation
TCS-3959,Algebraic computation,Can we solve AnnAtZero (or APS) in AM for fields of characteristic zero assuming GRH [22]?,index,uncertain,topic_screen,retain,Algebraic computation
TCS-4002,Algebraic computation,"In particular, can they be expanded to the use of non-linear mappings L, possibly of low degree?",index,uncertain,topic_screen,retain,Algebraic computation
TCS-4073,Algebraic computation,We leave it as an open problem whether the inclusion VPwst 2 ⊆ VPw2 is strict.,index,uncertain,topic_screen,retain,Algebraic computation
TCS-4110,Algebraic computation,Can the algorithm be generalized to 3 or more variables?,index,uncertain,topic_screen,retain,Algebraic computation
TCS-4202,Algebraic computation,Can we reduce the group isomorphism problem to the isomorphism problem for asymmetric groups?,index,uncertain,topic_screen,retain,Algebraic computation
TCS-4347,Algebraic computation,"The more difficult case is that of games of imperfect information: corresponding matrix games no longer have a simple structure (independent row uncertainty), and we […]",index,uncertain,topic_screen,retain,Algebraic computation
TCS-4350,Algebraic computation,"The problem is that we do not know whether the uniform compressed word problem for graph groups (where the input is an independence alphabet (A, […]",index,uncertain,topic_screen,retain,Algebraic computation
TCS-4490,Algebraic computation,We leave as a challenging open problem the complexity of PosMatPow in higher dimensions.,index,uncertain,topic_screen,retain,Algebraic computation
TCS-4523,Algebraic computation,What is the complexity of computing dimension expansion?,index,uncertain,topic_screen,retain,Algebraic computation
TCS-4551,Algebraic computation,Can we prove super-polynomial lower bounds for multi-k-ic formulas?,index,uncertain,topic_screen,retain,Algebraic computation
TCS-4866,Algebraic computation,Discreteness of Asymptotic Tensor Ranks (Extended Abstract),source,source_open,topic_screen,retain,Algebraic computation
TCS-4867,Algebraic computation,Efficient Compression in Semigroups,source,source_open,topic_screen,retain,Algebraic computation
TCS-4898,Algebraic computation,Polynomial Identity Testing via Evaluation of Rational Functions,source,source_open,topic_screen,retain,Algebraic computation
TCS-4949,Algebraic computation,Open Problem: Tensor Decompositions: Algorithms up to the Uniqueness Threshold? — Open Problem 4,source,source_open,topic_screen,retain,Algebraic computation
TCS-5100,Algebraic computation,Shadows of Newton Polytopes — Open Problem 3,source,source_open,topic_screen,retain,Algebraic computation
TCS-5173,Algebraic computation,Deterministic Factorization of Constant-Depth Algebraic Circuits in Subexponential Time,source,uncertain,topic_screen,retain,Algebraic computation
TCS-5240,Algebraic computation,Algebraic Hardness Versus Randomness in Low Characteristic,source,uncertain,topic_screen,retain,Algebraic computation
TCS-5260,Algebraic computation,Fourier and Circulant Matrices Are Not Rigid,source,uncertain,topic_screen,retain,Algebraic computation
TCS-5268,Algebraic computation,Multivariate to Bivariate Reduction for Noncommutative Polynomial Factorization,source,uncertain,topic_screen,retain,Algebraic computation
TCS-5269,Algebraic computation,Compressing Permutation Groups into Grammars and Polytopes. A Graph Embedding Approach,source,source_open,topic_screen,retain,Algebraic computation
TCS-5329,Algebraic computation,New Lower Bounds Against Homogeneous Non-Commutative Circuits — Open Problem 1,source,source_open,topic_screen,retain,Algebraic computation
TCS-5432,Algebraic computation,A Lower Bound on Determinantal Complexity,source,uncertain,topic_screen,retain,Algebraic computation
TCS-5520,Algebraic computation,PosSLP and Sum of Squares,source,source_open,topic_screen,retain,Algebraic computation
TCS-5523,Algebraic computation,Circuit Equivalence in 2-Nilpotent Algebras,source,source_open,topic_screen,retain,Algebraic computation
TCS-5571,Algebraic computation,Equivalence of Systematic Linear Data Structures and Matrix Rigidity,source,uncertain,topic_screen,retain,Algebraic computation
TCS-5739,Algebraic computation,On Rational Recursive Sequences,source,uncertain,topic_screen,retain,Algebraic computation
TCS-5777,Algebraic computation,Monotone Complexity of Spanning Tree Polynomial Re-Visited,source,uncertain,topic_screen,retain,Algebraic computation
TCS-5816,Algebraic computation,A Characterization of Wreath Products Where Knapsack Is Decidable,source,source_open,topic_screen,retain,Algebraic computation
TCS-5921,Algebraic computation,On Reachability Problems for Low-Dimensional Matrix Semigroups,source,uncertain,topic_screen,retain,Algebraic computation
TCS-5968,Algebraic computation,Improved Low-Depth Set-Multilinear Circuit Lower Bounds,source,uncertain,topic_screen,retain,Algebraic computation
TCS-6007,Algebraic computation,Separating ABPs and Some Structured Formulas in the Non-Commutative Setting,source,uncertain,topic_screen,retain,Algebraic computation
TCS-6026,Algebraic computation,Automatic Equivalence Structures of Polynomial Growth,source,uncertain,topic_screen,retain,Algebraic computation
TCS-6133,Algebraic computation,A Polynomial-Time Randomized Reduction from Tournament Isomorphism to Tournament Asymmetry,source,source_open,topic_screen,retain,Algebraic computation
TCS-6401,Algebraic computation,The finiteness of a group generated by a 2-letter invertible-reversible Mealy automaton is decidable,source,uncertain,topic_screen,retain,Algebraic computation
TCS-6493,Algebraic computation,"Complexity Theory of Orbit Closure Intersection for Tensors: Reductions, Completeness, and Graph Isomorphism Hardness",source,uncertain,topic_screen,retain,Algebraic computation
TCS-6882,Algebraic computation,Separate homogeneous and unrestricted formulas superpolynomially.,source,source_open,topic_screen,retain,Algebraic computation
TCS-6883,Algebraic computation,Separate multilinear and general circuits superpolynomially.,source,source_open,topic_screen,retain,Algebraic computation
TCS-6884,Algebraic computation,Separate semantic and syntactic multilinear circuits superpolynomially.,source,source_open,topic_screen,retain,Algebraic computation
TCS-6885,Algebraic computation,Compute all second derivatives with constant-factor circuit overhead.,source,source_open,topic_screen,retain,Algebraic computation
TCS-6886,Algebraic computation,Prove superpolynomial depth-four lower bounds outside characteristic two.,source,source_open,topic_screen,retain,Algebraic computation
TCS-6888,Algebraic computation,Prove superpolynomial arithmetic-formula lower bounds.,source,source_open,topic_screen,retain,Algebraic computation
TCS-6890,Algebraic computation,Prove superpolynomial noncommutative-circuit lower bounds.,source,source_open,topic_screen,retain,Algebraic computation
TCS-6891,Algebraic computation,Prove superpolynomial ΣΠΣ lower bounds over infinite fields.,source,source_open,topic_screen,retain,Algebraic computation
TCS-6893,Algebraic computation,Prove superpolynomial multilinear-circuit lower bounds.,source,source_open,topic_screen,retain,Algebraic computation
TCS-6895,Algebraic computation,Construct explicit three-dimensional tensors with superlinear rank.,source,source_open,topic_screen,retain,Algebraic computation
TCS-6897,Algebraic computation,Does efficient PIT for a circuit class imply permanent lower bounds for that class?,source,source_open,topic_screen,retain,Algebraic computation
TCS-6898,Algebraic computation,Derandomize black-box depth-four PIT.,source,source_open,topic_screen,retain,Algebraic computation
TCS-6903,Algebraic computation,Derandomize PIT for noncommutative circuits.,source,source_open,topic_screen,retain,Algebraic computation
TCS-6912,Algebraic computation,Does learning a circuit class imply permanent lower bounds against it?,source,source_open,topic_screen,retain,Algebraic computation
TCS-6914,Algebraic computation,Deterministically factor multivariate polynomials efficiently; does PIT derandomization suffice?,source,source_open,topic_screen,retain,Algebraic computation
TCS-6985,Algebraic computation,Determine polycyclic conjugacy-search complexity.,source,source_open,topic_screen,retain,Algebraic computation
TCS-7113,Algebraic computation,Derandomize identity testing for explicitly represented arithmetic circuits.,source,source_open,topic_screen,retain,Algebraic computation
TCS-6571,Lattices and computational number theory,Is rational solvability of polynomial equations decidable?,reviewed,source_open,topic_screen,retain,Lattices and computational number theory
TCS-6667,Lattices and computational number theory,"Polynomial-time, polynomial-factor approximation of Euclidean SVP",reviewed,source_open,topic_screen,retain,Lattices and computational number theory
TCS-6617,Lattices and computational number theory,Can a classical randomized algorithm factor every integer in polynomial time?,reviewed,source_open,topic_screen,retain,Lattices and computational number theory
TCS-6618,Lattices and computational number theory,Are discrete logarithms in prime fields in randomized polynomial time?,reviewed,source_open,topic_screen,retain,Lattices and computational number theory
TCS-6619,Lattices and computational number theory,Exact Euclidean SVP in single-exponential time and polynomial space,reviewed,source_open,topic_screen,retain,Lattices and computational number theory
TCS-6620,Lattices and computational number theory,Vinogradov's least quadratic nonresidue conjecture,source,source_open,topic_screen,retain,Lattices and computational number theory
TCS-7169,Lattices and computational number theory,Can a quantum algorithm solve exact Euclidean SVP in polynomial time?,source,source_open,topic_screen,retain,Lattices and computational number theory
TCS-0658,Lattices and computational number theory,Standard-assumption hardness for cryptographic-factor SVP,index,uncertain,topic_screen,retain,Lattices and computational number theory
TCS-0659,Lattices and computational number theory,Stronger worst-case reductions to SIS and LWE,index,uncertain,topic_screen,retain,Lattices and computational number theory
TCS-0656,Lattices and computational number theory,Reducing factoring or discrete logarithms to approximate SVP,index,uncertain,topic_screen,retain,Lattices and computational number theory
TCS-7171,Lattices and computational number theory,Is there a composite number passing the Baillie–PSW test?,source,source_open,topic_screen,retain,Lattices and computational number theory
TCS-0651,Lattices and computational number theory,Deterministic NP-hardness reductions for Euclidean SVP,index,uncertain,topic_screen,retain,Lattices and computational number theory
TCS-0655,Lattices and computational number theory,Polynomial-factor SVP hardness from standard assumptions,index,uncertain,topic_screen,retain,Lattices and computational number theory
TCS-7170,Lattices and computational number theory,The Scholz–Brauer addition-chain conjecture,source,source_open,topic_screen,retain,Lattices and computational number theory
TCS-0652,Lattices and computational number theory,Dimension-preserving search-to-decision reductions for SVP,index,uncertain,topic_screen,retain,Lattices and computational number theory
TCS-0648,Lattices and computational number theory,Constant-gap hardness of unique SVP,index,uncertain,topic_screen,retain,Lattices and computational number theory
TCS-0661,Lattices and computational number theory,SVP hardness for fixed-rank module lattices,index,uncertain,topic_screen,retain,Lattices and computational number theory
TCS-0662,Lattices and computational number theory,Unconditional exponential hardness for cryptographic lattice problems,index,uncertain,topic_screen,retain,Lattices and computational number theory
TCS-0657,Lattices and computational number theory,Smaller-factor coNP or coAM certificates for SVP,index,uncertain,topic_screen,retain,Lattices and computational number theory
TCS-0660,Lattices and computational number theory,Sub-square-root approximation in coMA for SVP,index,uncertain,topic_screen,retain,Lattices and computational number theory
TCS-0647,Lattices and computational number theory,Beyond-base-two lower bounds for lattice problems,index,uncertain,topic_screen,retain,Lattices and computational number theory
TCS-0653,Lattices and computational number theory,Explicit quantum exponential-time lower bounds for Euclidean SVP,index,uncertain,topic_screen,retain,Lattices and computational number theory
TCS-0646,Lattices and computational number theory,All-constant-factor parameterized approximation hardness of SVP in l1,index,uncertain,topic_screen,retain,Lattices and computational number theory
TCS-1170,Lattices and computational number theory,"Prove that for any p ∈ [1, 2], there exists a constant γ > 1 such that assuming ETH there are no sub-exponential time algorithms […]",index,uncertain,topic_screen,retain,Lattices and computational number theory
TCS-3943,Lattices and computational number theory,"To the best of our knowledge, it is unknown whether this dependency is necessary.",index,uncertain,topic_screen,retain,Lattices and computational number theory
TCS-5242,Lattices and computational number theory,One-Sided-Error Parameterized Reductions for the Minimum Distance and Shortest Vector Problems,source,uncertain,topic_screen,retain,Lattices and computational number theory
TCS-5317,Lattices and computational number theory,Hardness of the Binary Covering Radius Problem in Large l_p Norms,source,uncertain,topic_screen,retain,Lattices and computational number theory
TCS-5395,Lattices and computational number theory,Downward Self-Reducibility in TFNP,source,source_open,topic_screen,retain,Lattices and computational number theory
TCS-6466,Lattices and computational number theory,A gentle introduction to lattice-based cryptography,source,source_open,topic_screen,retain,Lattices and computational number theory
TCS-6861,Lattices and computational number theory,Classically obtain the full worst-case LWE hardness guarantees of the quantum reduction.,source,source_open,topic_screen,retain,Lattices and computational number theory
TCS-6863,Lattices and computational number theory,"Do ideal-lattice algorithms outperform general-lattice algorithms, including attacks on ring-SIS/LWE?",source,source_open,topic_screen,retain,Lattices and computational number theory
TCS-6864,Lattices and computational number theory,Give a meaningful classical worst-case reduction for ring-LWE.,source,source_open,topic_screen,retain,Lattices and computational number theory
TCS-6868,Lattices and computational number theory,Give worst-case or search-to-decision reductions for NTRU-like problems.,source,source_open,topic_screen,retain,Lattices and computational number theory
TCS-6606,Coding and information theory,The exact capacity region of the two-user Gaussian interference channel,reviewed,uncertain,topic_screen,retain,Coding and information theory
TCS-1010,Coding and information theory,The optimal asymptotic binary rate–distance tradeoff,reviewed,source_open,topic_screen,retain,Coding and information theory
TCS-6665,Coding and information theory,The capacity region of a general two-receiver broadcast channel,reviewed,source_open,topic_screen,retain,Coding and information theory
TCS-6584,Coding and information theory,The Li–Li undirected multiple-unicast conjecture,reviewed,source_open,topic_screen,retain,Coding and information theory
TCS-6607,Coding and information theory,The exact capacity of the binary deletion channel,reviewed,source_open,topic_screen,retain,Coding and information theory
TCS-6608,Coding and information theory,Decidability of unconditional Shannon information inequalities,reviewed,source_open,topic_screen,retain,Coding and information theory
TCS-7210,Coding and information theory,The capacity region of the general two-user interference channel,source,source_open,topic_screen,retain,Coding and information theory
TCS-6609,Coding and information theory,Constant-rate binary locally decodable codes with logarithmic query complexity,source,source_open,topic_screen,retain,Coding and information theory
TCS-7214,Coding and information theory,The rate-distortion region for distributed lossy source coding,source,source_open,topic_screen,retain,Coding and information theory
TCS-6610,Coding and information theory,The Shannon capacity of C7,source,source_open,topic_screen,retain,Coding and information theory
TCS-7211,Coding and information theory,The capacity region of the general two-way channel,source,source_open,topic_screen,retain,Coding and information theory
TCS-7215,Coding and information theory,Is the Shannon capacity of a finite graph computable?,source,source_open,topic_screen,retain,Coding and information theory
TCS-1020,Coding and information theory,Polynomial-length constant-query locally decodable codes,index,uncertain,topic_screen,retain,Coding and information theory
TCS-0013,Coding and information theory,Efficient explicit constant-rate tree codes,index,uncertain,topic_screen,retain,Coding and information theory
TCS-1012,Coding and information theory,Explicit efficiently decoded binary codes beyond Gilbert–Varshamov,index,uncertain,topic_screen,retain,Coding and information theory
TCS-1011,Coding and information theory,Full-length Reed–Solomon list decoding beyond Johnson,index,uncertain,topic_screen,retain,Coding and information theory
TCS-0196,Coding and information theory,Polyhedrality of linear-rank inequality cones,index,uncertain,topic_screen,retain,Coding and information theory
TCS-6456,Coding and information theory,Higher-dimensional product expansion for structured Reed–Solomon codes,reviewed,source_open,topic_screen,retain,Coding and information theory
TCS-0178,Coding and information theory,Bounded-alphabet approximation of entropy-region faces,index,uncertain,topic_screen,retain,Coding and information theory
TCS-0189,Coding and information theory,Finite versus countable-support entropy regions,index,uncertain,topic_screen,retain,Coding and information theory
TCS-0184,Coding and information theory,Entropic matroid approximations approaching unit ratio,index,uncertain,topic_screen,retain,Coding and information theory
TCS-0187,Coding and information theory,Field dependence of linear-rank inequalities,index,uncertain,topic_screen,retain,Coding and information theory
TCS-0453,Coding and information theory,Sparse matrices for LPN,index,uncertain,topic_screen,retain,Coding and information theory
TCS-0188,Coding and information theory,Finite inference systems for structural semigraphoids,index,uncertain,topic_screen,retain,Coding and information theory
TCS-0194,Coding and information theory,Maximum entropy versus the Copy lemma,index,uncertain,topic_screen,retain,Coding and information theory
TCS-0195,Coding and information theory,Non-entropic extreme entropy-cone rays,index,uncertain,topic_screen,retain,Coding and information theory
TCS-0198,Coding and information theory,Rational certificates for max-linear information inequalities,index,uncertain,topic_screen,retain,Coding and information theory
TCS-0205,Coding and information theory,The infimum of the Ingleton score,index,uncertain,topic_screen,retain,Coding and information theory
TCS-1159,Coding and information theory,"Does there exist a prime power q = pℓ and a family of function fields Fi /Fq with ngii = Θq (1), such that each […]",index,uncertain,topic_screen,retain,Coding and information theory
TCS-1337,Coding and information theory,"However, it remains an open problem to design a list decoding algorithm for any subclasses of Reed–Solomon codes capable of correcting adversarial errors beyond the […]",index,uncertain,topic_screen,retain,Coding and information theory
TCS-1443,Coding and information theory,Could one get a similar result for the list decoding setting?,index,uncertain,topic_screen,retain,Coding and information theory
TCS-1444,Coding and information theory,Can we find suitable choices to improve the MRRW bound?,index,uncertain,topic_screen,retain,Coding and information theory
TCS-1753,Coding and information theory,Whether this is because the protocol is suboptimal or because the upper bound is not tight remains open for further investigation.,index,uncertain,topic_screen,retain,Coding and information theory
TCS-1771,Coding and information theory,What is the optimal output-list size for random linear codes and Reed–Solomon codes?,index,uncertain,topic_screen,retain,Coding and information theory
TCS-1912,Coding and information theory,Can we show that this lower bound actually applies to every q-ary linear code?,index,uncertain,topic_screen,retain,Coding and information theory
TCS-2534,Coding and information theory,"In addition, are there any barriers to such constructions, as in, would such constructions imply progress on some other explicit construction challenge?",index,uncertain,topic_screen,retain,Coding and information theory
TCS-2948,Coding and information theory,"To this end, the binary InsDel channel offers a more comprehensive model and it remains an open question whether the methods described here can be […]",index,uncertain,topic_screen,retain,Coding and information theory
TCS-3224,Coding and information theory,"More generally, is it possible to come up with non-black-box techniques that circumvent the limitations?",index,uncertain,topic_screen,retain,Coding and information theory
TCS-3347,Coding and information theory,"The implication problem for Conditional Independence statements has been extensively studied in the literature, but its complexity remains an open problem.",index,uncertain,topic_screen,retain,Coding and information theory
TCS-3457,Coding and information theory,How can we obtain near optimal linear codes?,index,uncertain,topic_screen,retain,Coding and information theory
TCS-3513,Coding and information theory,"Given any adversarial channel, when we are “below the Plotkin point” (i.e., there are non-confusable CP distributions), can we construct explicit codes of positive rate?",index,uncertain,topic_screen,retain,Coding and information theory
TCS-3835,Coding and information theory,"We conjecture that analogous results, and in particular list-decoding random linear codes with list size C/ε for C < 1, hold over larger alphabets.",index,uncertain,topic_screen,retain,Coding and information theory
TCS-4524,Coding and information theory,"For binary codes, what is the supremum p∗ of all fractions p of adversarial deletions for which one can have positive rate?",index,uncertain,topic_screen,retain,Coding and information theory
TCS-4572,Coding and information theory,"Assuming it is combinatorially feasible, can we give an efficient algorithm to list-decode Gabidulin codes without using subcodes or special evaluation points?",index,uncertain,topic_screen,retain,Coding and information theory
TCS-4776,Coding and information theory,Maximally Extendable Product Codes are Good Coboundary Expanders,source,uncertain,topic_screen,retain,Coding and information theory
TCS-4802,Coding and information theory,Binary Codes with Resilience Beyond 1/4 via Interaction,source,uncertain,topic_screen,retain,Coding and information theory
TCS-4823,Coding and information theory,Good Locally Testable Codes with Small Alphabet and Small Query Size,source,uncertain,topic_screen,retain,Coding and information theory
TCS-4924,Coding and information theory,"Spanoids - An Abstraction of Spanning Structures, and a Barrier for LCCs",source,uncertain,topic_screen,retain,Coding and information theory
TCS-4968,Coding and information theory,A Complete Linear Programming Hierarchy for Linear Codes,source,source_open,topic_screen,retain,Coding and information theory
TCS-5034,Coding and information theory,Dimension Reduction for Polynomials over Gaussian Space and Applications,source,source_open,topic_screen,retain,Coding and information theory
TCS-6738,Coding and information theory,Determine existence of linear-length locally testable codes and proofs.,source,source_open,topic_screen,retain,Coding and information theory
TCS-6739,Coding and information theory,Separate lengths achievable by locally decodable and relaxed locally decodable codes.,source,source_open,topic_screen,retain,Coding and information theory
TCS-6859,Coding and information theory,"Construct the inner linear codes on the Gilbert–Varshamov bound in time polynomial in their own dimension, eliminating the exhaustive search.",source,source_open,topic_screen,retain,Coding and information theory
TCS-6630,Property testing and distribution learning,Effective classification of polynomially testable hereditary graph properties,reviewed,source_open,topic_screen,retain,Property testing and distribution learning
TCS-1033,Property testing and distribution learning,Does polynomial testability imply polynomial distance estimation for dense graph properties?,reviewed,source_open,topic_screen,retain,Property testing and distribution learning
TCS-6672,Property testing and distribution learning,Sublinear testing of bounded-degree graph isomorphism,source,source_open,topic_screen,retain,Property testing and distribution learning
TCS-1030,Property testing and distribution learning,Characterizing polynomial-query dense graph properties,index,uncertain,topic_screen,retain,Property testing and distribution learning
TCS-1029,Property testing and distribution learning,Sharp graph-removal bounds for fixed patterns,index,uncertain,topic_screen,retain,Property testing and distribution learning
TCS-1026,Property testing and distribution learning,Characterizing near-optimal monotonicity path testers,index,uncertain,topic_screen,retain,Property testing and distribution learning
TCS-0837,Property testing and distribution learning,Vertex-Distribution-Free Graph Testing,index,uncertain,topic_screen,retain,Property testing and distribution learning
TCS-0838,Property testing and distribution learning,Dense Graph Property Testing “Tradeoffs”,index,uncertain,topic_screen,retain,Property testing and distribution learning
TCS-0848,Property testing and distribution learning,Testing Submodularity,index,uncertain,topic_screen,retain,Property testing and distribution learning
TCS-0839,Property testing and distribution learning,AM vs. NP for Proofs of Proximity in Distribution Testing,index,uncertain,topic_screen,retain,Property testing and distribution learning
TCS-0841,Property testing and distribution learning,Equivalence Testing with Conditional Samples,index,uncertain,topic_screen,retain,Property testing and distribution learning
TCS-0951,Property testing and distribution learning,Rényi Entropy Estimation,index,uncertain,topic_screen,retain,Property testing and distribution learning
TCS-0842,Property testing and distribution learning,Instance-Specific Hellinger Testing,index,uncertain,topic_screen,retain,Property testing and distribution learning
TCS-0843,Property testing and distribution learning,Correcting Independence of Distributions,index,uncertain,topic_screen,retain,Property testing and distribution learning
TCS-0847,Property testing and distribution learning,Testing Acyclicity,index,uncertain,topic_screen,retain,Property testing and distribution learning
TCS-1027,Property testing and distribution learning,Subquadratic proximity dependence for dense bipartiteness,index,uncertain,topic_screen,retain,Property testing and distribution learning
TCS-1028,Property testing and distribution learning,Preserving bipartiteness distance by vertex sampling,index,uncertain,topic_screen,retain,Property testing and distribution learning
TCS-0672,Property testing and distribution learning,Tight Characterization of Instance-Optimal Identity Testing,index,uncertain,topic_screen,retain,Property testing and distribution learning
TCS-3175,Property testing and distribution learning,What is the query complexity of tolerant EMD testing when we have samples without replacement from the unknown multi-set?,index,uncertain,topic_screen,retain,Property testing and distribution learning
TCS-1025,Property testing and distribution learning,Exact homomorphism-test rejection versus distance,index,uncertain,topic_screen,retain,Property testing and distribution learning
TCS-0952,Property testing and distribution learning,Sample Stretching,index,uncertain,topic_screen,retain,Property testing and distribution learning
TCS-0840,Property testing and distribution learning,Beyond Identity Testing,index,uncertain,topic_screen,retain,Property testing and distribution learning
TCS-0844,Property testing and distribution learning,Open Problems in $L_p$-Testing,index,uncertain,topic_screen,retain,Property testing and distribution learning
TCS-2337,Property testing and distribution learning,Is there a computationally efficient algorithm for learning any low rank distribution given access to a conditional sampling oracle?,index,uncertain,topic_screen,retain,Property testing and distribution learning
TCS-2535,Property testing and distribution learning,"For every Lipschitz function f : [0, 1]n → R, it holds that",index,uncertain,topic_screen,retain,Property testing and distribution learning
TCS-2665,Property testing and distribution learning,"(a key challenge, relaxed formulation):5 For which label-invariant properties of distributions does it hold that testing them in the DoHO model has query complexity poly(1/ϵ) […]",index,uncertain,topic_screen,retain,Property testing and distribution learning
TCS-3003,Property testing and distribution learning,"Is it the case that for every GSF-local property P = ∪n∈N Pn , there is a sequence F = (Fn )n∈N that is non-propagating […]",index,uncertain,topic_screen,retain,Property testing and distribution learning
TCS-3017,Property testing and distribution learning,"We leave open an interesting question posed also in [12]: is it possible to test for uniformity in the scarce regime, and if so – […]",index,uncertain,topic_screen,retain,Property testing and distribution learning
TCS-3110,Property testing and distribution learning,"We conjecture that the lower bound on n∗ (s, b, d) is tight, and the non-interactive schemes can be further improved.",index,uncertain,topic_screen,retain,Property testing and distribution learning
TCS-3162,Property testing and distribution learning,We conjecture that this second phase transition is inherent (and not an artifact of our techniques).,index,uncertain,topic_screen,retain,Property testing and distribution learning
TCS-3717,Property testing and distribution learning,Can O(1)-round algorithms solve the problem with poly(k/ ) queries?,index,uncertain,topic_screen,retain,Property testing and distribution learning
TCS-3808,Property testing and distribution learning,The foregoing motivates the problem of testing linearity of non-signaling functions with low error: how do we ensure that F̂ is sufficiently close to a […],index,uncertain,topic_screen,retain,Property testing and distribution learning
TCS-3853,Property testing and distribution learning,We leave it as an open question whether there exists a simple construction admitting both direct product testability and distance amplification.,index,uncertain,topic_screen,retain,Property testing and distribution learning
TCS-3906,Property testing and distribution learning,What is the optimal sample complexity for identity testing on symmetric Markov chains?,index,uncertain,topic_screen,retain,Property testing and distribution learning
TCS-3945,Property testing and distribution learning,Does this exist a property Π that has an MAP with complexity O( n) but every AMP for Π must have complexity Ω(n)?,index,uncertain,topic_screen,retain,Property testing and distribution learning
TCS-3960,Property testing and distribution learning,"In particular, does there exist an earthmover resilient property that is testable but not tolerantly testable?",index,uncertain,topic_screen,retain,Property testing and distribution learning
TCS-4030,Property testing and distribution learning,"In particular, is the log-concave MLE sample-optimal for d ≥ 4?",index,uncertain,topic_screen,retain,Property testing and distribution learning
TCS-4259,Property testing and distribution learning,"Can one obtain a general round-reduction upper bound for 0 ≤ ` < k of the form q` ≤ φ(qk , `, k), improving on […]",index,uncertain,topic_screen,retain,Property testing and distribution learning
TCS-4376,Property testing and distribution learning,Which graph properties are testable with sub-linear query complexity?,index,uncertain,topic_screen,retain,Property testing and distribution learning
TCS-4948,Property testing and distribution learning,Open Problem: Tight Characterization of Instance-Optimal Identity Testing,source,source_open,topic_screen,retain,Property testing and distribution learning
TCS-5085,Property testing and distribution learning,Unbounded-Width CSPs Are Untestable in a Sublinear Number of Queries,source,source_open,topic_screen,retain,Property testing and distribution learning
TCS-5179,Property testing and distribution learning,Learning GMMs with Nearly Optimal Robustness Guarantees,source,uncertain,topic_screen,retain,Property testing and distribution learning
TCS-5210,Property testing and distribution learning,Strongly Sublinear Algorithms for Testing Pattern Freeness,source,uncertain,topic_screen,retain,Property testing and distribution learning
TCS-5334,Property testing and distribution learning,Learning and Testing Latent-Tree Ising Models Efficiently,source,uncertain,topic_screen,retain,Property testing and distribution learning
TCS-5356,Property testing and distribution learning,Testing k-Monotonicity,source,uncertain,topic_screen,retain,Property testing and distribution learning
TCS-5426,Property testing and distribution learning,Testing Distributions of Huge Objects — Open Problem 1.7,source,source_open,topic_screen,retain,Property testing and distribution learning
TCS-5440,Property testing and distribution learning,The Subgraph Testing Model,source,source_open,topic_screen,retain,Property testing and distribution learning
TCS-5443,Property testing and distribution learning,Mixtures of Gaussians are Privately Learnable with a Polynomial Number of Samples,source,uncertain,topic_screen,retain,Property testing and distribution learning
TCS-5632,Property testing and distribution learning,Support Size Estimation: The Power of Conditioning,source,source_open,topic_screen,retain,Property testing and distribution learning
TCS-6043,Property testing and distribution learning,Learning and Testing Junta Distributions,source,uncertain,topic_screen,retain,Property testing and distribution learning
TCS-6393,Property testing and distribution learning,A Chasm Between Identity and Equivalence Testing with Conditional Queries,source,uncertain,topic_screen,retain,Property testing and distribution learning
TCS-6736,Property testing and distribution learning,Establish nearly quadratic adaptive versus nonadaptive testing gaps.,source,source_open,topic_screen,retain,Property testing and distribution learning
TCS-6737,Property testing and distribution learning,Test minor-closed bounded-degree graph properties with polynomial dependence on degree and proximity.,source,source_open,topic_screen,retain,Property testing and distribution learning
TCS-6744,Property testing and distribution learning,"Complete the characterization of bounded-degree graph properties admitting constant-query one-sided proximity-oblivious testers, removing the stated combinatorial-conjecture dependency.",source,source_open,topic_screen,retain,Property testing and distribution learning
TCS-6631,Differential privacy,Optimal Euclidean error for pure-DP statistical-query release,source,source_open,topic_screen,retain,Differential privacy
TCS-0506,Differential privacy,Is private PAC sample complexity polynomial in VC dimension and log-star Littlestone dimension?,reviewed,source_open,topic_screen,retain,Differential privacy
TCS-6673,Differential privacy,Optimal error for pure-DP continual counting,source,source_open,topic_screen,retain,Differential privacy
TCS-0510,Differential privacy,Do you pay for Privacy in Online learning?,index,uncertain,topic_screen,retain,Differential privacy
TCS-0507,Differential privacy,Optimal Rates for Stochastic Decision-Theoretic Online Learning Under Differentially Privacy,index,uncertain,topic_screen,retain,Differential privacy
TCS-0508,Differential privacy,What is the Complexity of Joint Differential Privacy in Linear Contextual Bandits?,index,uncertain,topic_screen,retain,Differential privacy
TCS-0509,Differential privacy,Better Differentially Private Learning Algorithms with Margin Guarantees,index,uncertain,topic_screen,retain,Differential privacy
TCS-6451,Differential privacy,Optimal private selection using only Gaussian queries,reviewed,source_open,topic_screen,retain,Differential privacy
TCS-6452,Differential privacy,Optimal private selection using only Laplace queries,reviewed,source_open,topic_screen,retain,Differential privacy
TCS-0947,Differential privacy,Locally Private Heavy Hitters and Other Problems in Streaming,index,uncertain,topic_screen,retain,Differential privacy
TCS-1962,Differential privacy,Is there a polynomial Pd (m) whose degree ⋆ (H) ≤ P (m) for every m?,index,uncertain,topic_screen,retain,Differential privacy
TCS-2063,Differential privacy,Designing a private and computationally efficient density estimator for GMMs remains an open problem even in the one-dimensional setting.,index,uncertain,topic_screen,retain,Differential privacy
TCS-2069,Differential privacy,"However, the question of whether generic learners can be designed remains open.",index,uncertain,topic_screen,retain,Differential privacy
TCS-3312,Differential privacy,The main question that we leave open is whether there exists a differentially private algorithm for this task which is polynomial in n and d?,index,uncertain,topic_screen,retain,Differential privacy
TCS-3361,Differential privacy,"Alternately, can we prove any non-trivial lower bound that holds also with interaction?",index,uncertain,topic_screen,retain,Differential privacy
TCS-5141,Differential privacy,Privately Estimating Graph Parameters in Sublinear Time,source,source_open,topic_screen,retain,Differential privacy
TCS-5152,Differential privacy,Sample-Optimal Locally Private Hypothesis Selection and the Provable Benefits of Interactivity,source,uncertain,topic_screen,retain,Differential privacy
TCS-5197,Differential privacy,Data Reconstruction: When You See It and When You Don't,source,uncertain,topic_screen,retain,Differential privacy
TCS-5236,Differential privacy,Necessary Conditions in Multi-Server Differential Privacy,source,uncertain,topic_screen,retain,Differential privacy
TCS-5384,Differential privacy,Nearly Linear-Time User-Level DP-SCO with Optimal Rates,source,source_open,topic_screen,retain,Differential privacy
TCS-6825,Differential privacy,Can computational privacy improve achievable utility in the trusted-curator model?,source,source_open,topic_screen,retain,Differential privacy
TCS-6635,Constraint satisfaction,Does every finite-template decision promise CSP have a P/NP-hard dichotomy?,reviewed,source_open,topic_screen,retain,Constraint satisfaction
TCS-6636,Constraint satisfaction,The Bodirsky–Pinsker infinite-domain CSP dichotomy,reviewed,source_open,topic_screen,retain,Constraint satisfaction
TCS-6637,Constraint satisfaction,Constant-colour polynomial-time colouring of 3-colourable graphs,reviewed,source_open,topic_screen,retain,Constraint satisfaction
TCS-6675,Constraint satisfaction,Search-to-decision equivalence for finite promise CSPs,reviewed,source_open,topic_screen,retain,Constraint satisfaction
TCS-1978,Constraint satisfaction,"It is unknown whether it is always true that a PCSP(A, B) that is solvable by BLP is also polynomially solvable in its search variant.",index,uncertain,topic_screen,retain,Constraint satisfaction
TCS-0441,Constraint satisfaction,Characterizing CSP languages with linear non-redundancy,index,uncertain,topic_screen,retain,Constraint satisfaction
TCS-0504,Constraint satisfaction,Uniform algorithms across tractable CSPs,index,uncertain,topic_screen,retain,Constraint satisfaction
TCS-0444,Constraint satisfaction,Polynomial kernels for Boolean MinCSP,index,uncertain,topic_screen,retain,Constraint satisfaction
TCS-0440,Constraint satisfaction,Beating meet-in-the-middle for partial-Maltsev SAT,index,uncertain,topic_screen,retain,Constraint satisfaction
TCS-0445,Constraint satisfaction,SETH lower bounds for partial-near-unanimity SAT,index,uncertain,topic_screen,retain,Constraint satisfaction
TCS-0446,Constraint satisfaction,Sub-base-two algorithms for symmetric Boolean CSPs,index,uncertain,topic_screen,retain,Constraint satisfaction
TCS-1173,Constraint satisfaction,"Assuming P ̸= NP, does there exist an NP-intermediate ω-categorical CSP?",index,uncertain,topic_screen,retain,Constraint satisfaction
TCS-1238,Constraint satisfaction,What is the complexity of deciding whether a given structure has an abelian Maltsev polymorphism?,index,uncertain,topic_screen,retain,Constraint satisfaction
TCS-1377,Constraint satisfaction,"Based on this, we conjecture that Monotone-CSP(Γ) is FPT if and only if Γ has the connector property.",index,uncertain,topic_screen,retain,Constraint satisfaction
TCS-1555,Constraint satisfaction,"In particular, is VCSP(A) in P whenever A does not pp-construct K3 ?",index,uncertain,topic_screen,retain,Constraint satisfaction
TCS-1807,Constraint satisfaction,Do finite-domain RCSPs (with possibly infinite restriction) exhibit a P vs. NP-hard dichotomy?,index,uncertain,topic_screen,retain,Constraint satisfaction
TCS-1907,Constraint satisfaction,"Is there a universal algorithm that would solve all tractable PCSPs stemming from Theorem 10, even when Ab = (Q ≀ A)̸= is replaced by […]",index,uncertain,topic_screen,retain,Constraint satisfaction
TCS-2240,Constraint satisfaction,"Given a constraint language, can one decide if it is (uniformly) blockwise decomposable?",index,uncertain,topic_screen,retain,Constraint satisfaction
TCS-2351,Constraint satisfaction,"Then, does ∆ also have short pp-definitions?",index,uncertain,topic_screen,retain,Constraint satisfaction
TCS-2428,Constraint satisfaction,"Take any Max-CSP and consider the associated spin glass SGξ , where ξ is defined as in Equation (1).",index,uncertain,topic_screen,retain,Constraint satisfaction
TCS-3053,Constraint satisfaction,"In particular the algebraic structure of the Promise CSP and CSPs over infinite domains have received much attention recently, although major questions remain open.",index,uncertain,topic_screen,retain,Constraint satisfaction
TCS-3287,Constraint satisfaction,"For example, which (P, Q), (̸=, ̸=), with P a subset of ≤ r-in-s and Q a superset of ≤ (2r − 1)-in-s, give rise […]",index,uncertain,topic_screen,retain,Constraint satisfaction
TCS-3585,Constraint satisfaction,"Although we were able to get rid of the latter assumption in several cases, there is still a gap in this classification: does improving the […]",index,uncertain,topic_screen,retain,Constraint satisfaction
TCS-3646,Constraint satisfaction,What other non-Boolean languages are s-tractable and `-tractable?,index,uncertain,topic_screen,retain,Constraint satisfaction
TCS-3678,Constraint satisfaction,"It is still an open question whether an analogue of Theorem 16 holds for crisp languages, i.e. whether solvability of a given core crisp language […]",index,uncertain,topic_screen,retain,Constraint satisfaction
TCS-3770,Constraint satisfaction,"Thus, given a set of relations Γ, what is the correct notion of a “polymorphism” of a upp-definable relation over Γ?",index,uncertain,topic_screen,retain,Constraint satisfaction
TCS-4267,Constraint satisfaction,"For example, is it the case that CSP(Γ) is not solvable in subexponential time whenever CSP(Γ) is NP-complete and the primal treewidth of an instance […]",index,uncertain,topic_screen,retain,Constraint satisfaction
TCS-4506,Constraint satisfaction,"We do not know whether Theorem 3 remains valid for ω-categorical structures Γ, that is, whether the isomorphism type of the polymorphism clone of Γ […]",index,uncertain,topic_screen,retain,Constraint satisfaction
TCS-4679,Constraint satisfaction,"However, we leave open the question of whether strong balance is equivalent to graph isomorphism or whether more efficient algorithms exist.",index,uncertain,topic_screen,retain,Constraint satisfaction
TCS-5225,Constraint satisfaction,Identifying Tractable Quantified Temporal Constraints Within Ord-Horn,source,source_open,topic_screen,retain,Constraint satisfaction
TCS-5441,Constraint satisfaction,Universal Factor Graphs for Every NP-Hard Boolean CSP,source,uncertain,topic_screen,retain,Constraint satisfaction
TCS-6002,Constraint satisfaction,Robust Approximation of Temporal CSP,source,uncertain,topic_screen,retain,Constraint satisfaction
TCS-6748,Constraint satisfaction,Classify the complexity of Boolean decision-Holant problems.,source,source_open,topic_screen,retain,Constraint satisfaction
TCS-7116,Constraint satisfaction,Is every NP problem polynomial-time equivalent to an ω-categorical-template CSP?,source,source_open,topic_screen,retain,Constraint satisfaction
TCS-7117,Constraint satisfaction,Can every CSP in SNP be represented by an ω-categorical template?,source,source_open,topic_screen,retain,Constraint satisfaction
TCS-7124,Constraint satisfaction,Which CSPs in NP are definable in SNP?,source,source_open,topic_screen,retain,Constraint satisfaction
TCS-6562,Automated reasoning and unification,Are word equations with linear length constraints decidable?,reviewed,source_open,topic_screen,retain,Automated reasoning and unification
TCS-6643,Automated reasoning and unification,Decidability of unification in the basic modal logic K,source,source_open,topic_screen,retain,Automated reasoning and unification
TCS-6650,Automated reasoning and unification,Deterministic polynomial-time equivalence testing for d-DNNFs,source,source_open,topic_screen,retain,Automated reasoning and unification
TCS-6644,Automated reasoning and unification,Decidability of termination for one-rule string rewriting,source,source_open,topic_screen,retain,Automated reasoning and unification
TCS-7194,Automated reasoning and unification,Singly exponential shortest solutions of word equations,source,source_open,topic_screen,retain,Automated reasoning and unification
TCS-0163,Automated reasoning and unification,Complexity of satisfiable word equations,index,uncertain,topic_screen,retain,Automated reasoning and unification
TCS-0171,Automated reasoning and unification,What is the exact complexity of word unification?,index,uncertain,topic_screen,retain,Automated reasoning and unification
TCS-0169,Automated reasoning and unification,Is unification modulo the theory of allegories decidable?,index,uncertain,topic_screen,retain,Automated reasoning and unification
TCS-0173,Automated reasoning and unification,Is unification of patterns modulo any set of variable-preserving equations decidable?,index,uncertain,topic_screen,retain,Automated reasoning and unification
TCS-0176,Automated reasoning and unification,Is satisfiability of lpo or rpo ordering constraints decidable in case of non-total precedences?,index,uncertain,topic_screen,retain,Automated reasoning and unification
TCS-0114,Automated reasoning and unification,Satisfiability of String Constraints with Subsequence relation,index,uncertain,topic_screen,retain,Automated reasoning and unification
TCS-0306,Automated reasoning and unification,Efficient negation of d-DNNFs,index,uncertain,topic_screen,retain,Automated reasoning and unification
TCS-0905,Automated reasoning and unification,Is there a finite term-rewriting system of some kind for free lattices?,index,uncertain,topic_screen,retain,Automated reasoning and unification
TCS-0891,Automated reasoning and unification,Can completion always be made terminating when limiting the depth of occurrences of critical pairs?,index,uncertain,topic_screen,retain,Automated reasoning and unification
TCS-1226,Automated reasoning and unification,Deduction is decidable for VBFD equational theories.,index,uncertain,topic_screen,retain,Automated reasoning and unification
TCS-1562,Automated reasoning and unification,Is there a polynomial-time algorithm for the satisfiability problem of systems of weak linear inequalities where the coefficients of the inequalities are of the form […],index,uncertain,topic_screen,retain,Automated reasoning and unification
TCS-1595,Automated reasoning and unification,"While β-matching at order 4 is decidable [14], decidability at order 5 remains an open question.",index,uncertain,topic_screen,retain,Automated reasoning and unification
TCS-1992,Automated reasoning and unification,"It remains open whether Presburger arithmetic with the primes predicate (P ) is decidable; see, e.g., [31, 93].",index,uncertain,topic_screen,retain,Automated reasoning and unification
TCS-2438,Automated reasoning and unification,"Note however, that we do not know how to check a given formula for robustness.",index,uncertain,topic_screen,retain,Automated reasoning and unification
TCS-2667,Automated reasoning and unification,Does there exist a finite nilpotent Malcev algebra with tractable PolSat and intractable CSat?,index,uncertain,topic_screen,retain,Automated reasoning and unification
TCS-2972,Automated reasoning and unification,Is there a polynomial time deterministic algorithm solving ProgramSatpGq and ListPolSatpGq for G such that there is a prime p and a normal p-subgroup Gp […],index,uncertain,topic_screen,retain,Automated reasoning and unification
TCS-3079,Automated reasoning and unification,"Likewise, we do not know whether the NEXP upper bounds for p-existence can be improved.",index,uncertain,topic_screen,retain,Automated reasoning and unification
TCS-3484,Automated reasoning and unification,Is the satisfiability problem of word equations in NP?,index,uncertain,topic_screen,retain,Automated reasoning and unification
TCS-3552,Automated reasoning and unification,"While weak definability is an interesting problem in its own right, another motivation for our work stems from the fact it is an open problem […]",index,uncertain,topic_screen,retain,Automated reasoning and unification
TCS-4040,Automated reasoning and unification,"Natural attempts to simulate this construction with smaller alphabets, e.g. by replacing each letter with a random sequence, do not seem to work, and we […]",index,uncertain,topic_screen,retain,Automated reasoning and unification
TCS-4177,Automated reasoning and unification,"However, we conjecture that using techniques from [8], we can obtain similar decidability results, for this subclass for rational/real cases.",index,uncertain,topic_screen,retain,Automated reasoning and unification
TCS-4294,Automated reasoning and unification,"We conjecture an NExptime-upper bound for rank 1 restricted unification, in which variables are substituted by intersections of simple types.",index,uncertain,topic_screen,retain,Automated reasoning and unification
TCS-5314,Automated reasoning and unification,An Improved Version of Hmelevskii’s Theorem on Three-Variable Word Equations,source,uncertain,topic_screen,retain,Automated reasoning and unification
TCS-5539,Automated reasoning and unification,Knowledge Problems vs Unification and Matching: Dichotomy Results,source,uncertain,topic_screen,retain,Automated reasoning and unification
TCS-5603,Automated reasoning and unification,On the Complexity Dichotomy for the Satisfiability of Systems of Term Equations over Finite Algebras,source,uncertain,topic_screen,retain,Automated reasoning and unification
TCS-5697,Automated reasoning and unification,Solving Word Equations (And Other Unification Problems) by Recompression (Invited Talk),source,uncertain,topic_screen,retain,Automated reasoning and unification
TCS-6016,Automated reasoning and unification,Weak MSO+U over infinite trees,source,uncertain,topic_screen,retain,Automated reasoning and unification
TCS-7125,Automated reasoning and unification,Is unification modulo two-sided distributivity together with a multiplicative unit decidable?,source,source_open,topic_screen,retain,Automated reasoning and unification
TCS-7126,Automated reasoning and unification,Determine tight complexity for unification with constants modulo two-sided distributivity.,source,source_open,topic_screen,retain,Automated reasoning and unification
TCS-7134,Automated reasoning and unification,Is equivalence testing polynomial-time for free binary decision diagrams?,source,source_open,topic_screen,retain,Automated reasoning and unification
TCS-7135,Automated reasoning and unification,Are deterministic DNNF and smooth deterministic DNNF closed under polynomial-time negation?,source,source_open,topic_screen,retain,Automated reasoning and unification
TCS-6678,Database theory and finite model theory,FO model checking on hereditary monadically dependent graph classes,reviewed,source_open,topic_screen,retain,Database theory and finite model theory
TCS-6645,Database theory and finite model theory,The full constant-delay conjunctive-query classification,reviewed,source_open,topic_screen,retain,Database theory and finite model theory
TCS-7195,Database theory and finite model theory,Is there a logic capturing polynomial time on unordered structures?,source,source_open,topic_screen,retain,Database theory and finite model theory
TCS-6680,Database theory and finite model theory,Decidability of conjunctive-query entailment in SROIQ,reviewed,source_open,topic_screen,retain,Database theory and finite model theory
TCS-0492,Database theory and finite model theory,Is containment of conjunctive queries under bag semantics decidable?,reviewed,source_open,topic_screen,retain,Database theory and finite model theory
TCS-0488,Database theory and finite model theory,Computability of entropic query-size bounds,index,uncertain,topic_screen,retain,Database theory and finite model theory
TCS-0482,Database theory and finite model theory,Does naive evaluation over p-stable semirings converge in O((p+1)n) rounds?,reviewed,uncertain,topic_screen,retain,Database theory and finite model theory
TCS-0487,Database theory and finite model theory,Complexity of polymatroid query-size bounds,index,uncertain,topic_screen,retain,Database theory and finite model theory
TCS-0494,Database theory and finite model theory,Finite controllability from bounded derivation,index,uncertain,topic_screen,retain,Database theory and finite model theory
TCS-0497,Database theory and finite model theory,Path-query determinacy from union views,index,uncertain,topic_screen,retain,Database theory and finite model theory
TCS-0499,Database theory and finite model theory,Query evaluation with treewidth parameter,index,uncertain,topic_screen,retain,Database theory and finite model theory
TCS-0496,Database theory and finite model theory,Necessary size of query lineages,index,uncertain,topic_screen,retain,Database theory and finite model theory
TCS-0500,Database theory and finite model theory,Recognizing safe probabilistic queries,index,uncertain,topic_screen,retain,Database theory and finite model theory
TCS-0502,Database theory and finite model theory,Tractable probability versus tractable lineage,index,uncertain,topic_screen,retain,Database theory and finite model theory
TCS-0490,Database theory and finite model theory,Proof length for Shannon-flow inequalities,index,uncertain,topic_screen,retain,Database theory and finite model theory
TCS-0486,Database theory and finite model theory,A question about representatability of probabilistic databases,index,uncertain,topic_screen,retain,Database theory and finite model theory
TCS-0505,Database theory and finite model theory,Uniform reliability of homomorphism-closed queries,index,uncertain,topic_screen,retain,Database theory and finite model theory
TCS-0489,Database theory and finite model theory,Find C3-equivalent graphs with a factor-2 gap in the size of their minimum vertex covers,index,uncertain,topic_screen,retain,Database theory and finite model theory
TCS-1201,Database theory and finite model theory,Is it possible to classify the computational complexity of the model-checking problem for all quantifier-free formulas of dependence logic D?,index,uncertain,topic_screen,retain,Database theory and finite model theory
TCS-1251,Database theory and finite model theory,"Although there is an output-sensitive algorithm for listing triangles [6], it remains open whether it can be extended to arbitrary cyclic queries.",index,uncertain,topic_screen,retain,Database theory and finite model theory
TCS-1435,Database theory and finite model theory,Is the characterisation based on one-boundedness still sound and complete?,index,uncertain,topic_screen,retain,Database theory and finite model theory
TCS-1514,Database theory and finite model theory,Are there other natural counting versions that are of interest – for instance in database repair – under which the complexity of RM⊗ ⊗ arb […],index,uncertain,topic_screen,retain,Database theory and finite model theory
TCS-1520,Database theory and finite model theory,"Secondly, can we use our methods to shed light on the polynomial time solvability of {∪, ×}- HOM(A, _)?",index,uncertain,topic_screen,retain,Database theory and finite model theory
TCS-1586,Database theory and finite model theory,We therefore leave the question of whether extension preservation holds over graphs of cliquewidth 3 open.,index,uncertain,topic_screen,retain,Database theory and finite model theory
TCS-1624,Database theory and finite model theory,It is still an open question to find the right balance between the granularity (and type) of statistics and the efficiency of a join algorithm.,index,uncertain,topic_screen,retain,Database theory and finite model theory
TCS-1626,Database theory and finite model theory,"It remains open whether oblivious, worst-case optimal join algorithms can be developed without requiring all join results to be written back to disk.",index,uncertain,topic_screen,retain,Database theory and finite model theory
TCS-1707,Database theory and finite model theory,"As discussed in §2, it remains an open question whether the quantifier-rank blow-up can be eliminated or significantly reduced in either Theorem 2.1 or 2.3 […]",index,uncertain,topic_screen,retain,Database theory and finite model theory
TCS-1718,Database theory and finite model theory,"While it is an open problem to produce a WCOJ algorithm relative to CBComb (Q, DC), any such algorithm now immediately results in a WCOJ […]",index,uncertain,topic_screen,retain,Database theory and finite model theory
TCS-1906,Database theory and finite model theory,Is it possible to construct from D in time |D| · f (d) an equivalent apex SLP D′ of size |D| · f (d) for […],index,uncertain,topic_screen,retain,Database theory and finite model theory
TCS-2008,Database theory and finite model theory,Is the amalgamation meta-problem decidable in EXPSPACE?,index,uncertain,topic_screen,retain,Database theory and finite model theory
TCS-2019,Database theory and finite model theory,We also leave open the problem of filling in the two remaining gaps in Table 1.,index,uncertain,topic_screen,retain,Database theory and finite model theory
TCS-2324,Database theory and finite model theory,Can membership in all context-free languages be maintained under changes of non-constant size?,index,uncertain,topic_screen,retain,Database theory and finite model theory
TCS-2402,Database theory and finite model theory,"Finding emb(Km,n ) and subw(Km,n ) in the most general case is still an open question.",index,uncertain,topic_screen,retain,Database theory and finite model theory
TCS-2411,Database theory and finite model theory,"A more detailed analysis of the complexity of PQER (Q, k) in terms of k remains open as well.",index,uncertain,topic_screen,retain,Database theory and finite model theory
TCS-2413,Database theory and finite model theory,It is an open question to syntactically characterize the self-join-free conjunctive queries that admit parsimonious counting under such a relaxed definition.,index,uncertain,topic_screen,retain,Database theory and finite model theory
TCS-2432,Database theory and finite model theory,"It is still an open question whether, in analogy to Hanf’s theorem, Gaifman normal forms exist over all fully idempotent semirings.",index,uncertain,topic_screen,retain,Database theory and finite model theory
TCS-2467,Database theory and finite model theory,"We do not know whether the structures Aev od n (G) and An (G) can be separated by a PTIME- computable CSP-quantifier, but, in any […]",index,uncertain,topic_screen,retain,Database theory and finite model theory
TCS-2514,Database theory and finite model theory,We conjecture a negative answer to this question for both Θ and ΘDP .,index,uncertain,topic_screen,retain,Database theory and finite model theory
TCS-2609,Database theory and finite model theory,"In general, we conjecture that this bound (under memory constraints) is not attainable when graphs are not RPQ-bipartite; solving this problem opens up an interesting […]",index,uncertain,topic_screen,retain,Database theory and finite model theory
TCS-2715,Database theory and finite model theory,"According to Lemma 23, p-OMQ(Qk ) is fpt, but we do not know how to compute Qk .",index,uncertain,topic_screen,retain,Database theory and finite model theory
TCS-2716,Database theory and finite model theory,"We leave the complexity of Rewr(CCQ, ACQ, ACQ) as an open problem.",index,uncertain,topic_screen,retain,Database theory and finite model theory
TCS-3032,Database theory and finite model theory,A question that remains open is what exactly is the threshold of “fineness” of a preorder where the orbit size changes from super-polynomial to polynomial.,index,uncertain,topic_screen,retain,Database theory and finite model theory
TCS-3120,Database theory and finite model theory,"We do not know, however, whether for even n > 2, the extension closed properties in Σn can all be expressed in Πn or even […]",index,uncertain,topic_screen,retain,Database theory and finite model theory
TCS-3331,Database theory and finite model theory,Can ParityExists be maintained with first-order updates rules?,index,uncertain,topic_screen,retain,Database theory and finite model theory
TCS-3557,Database theory and finite model theory,"While it is known that Sp-Datalog(6=) ⊆ E [3], to the best of our knowledge, it is still an open question ? whether Str-Datalog(6=) ∩ […]",index,uncertain,topic_screen,retain,Database theory and finite model theory
TCS-3623,Database theory and finite model theory,Do we even have JCTsk std ∀ K 6= JCT∀∀ (poly)K?,index,uncertain,topic_screen,retain,Database theory and finite model theory
TCS-3631,Database theory and finite model theory,It remains open whether the concepts used in CLogspace can be used to obtain a stronger logic that could capture all queries in Logspace.,index,uncertain,topic_screen,retain,Database theory and finite model theory
TCS-3970,Database theory and finite model theory,"For instance, can we improve, in the context of inexpressibility, on the 1.36-inapproximability for vertex cover from the NP-hardness result of Dinur and Safra [14]?",index,uncertain,topic_screen,retain,Database theory and finite model theory
TCS-4083,Database theory and finite model theory,"More generally, is it true that W (C) = O(W ∗ (C)) for all first-order definable graph properties?",index,uncertain,topic_screen,retain,Database theory and finite model theory
TCS-4155,Database theory and finite model theory,"We conjecture that FO model checking is FPT for circle graphs additionally parameterized by the maximum clique size, visibility graphs of weak visibility polygons additionally […]",index,uncertain,topic_screen,retain,Database theory and finite model theory
TCS-4206,Database theory and finite model theory,What is the complexity of deciding Datalog-rewritability in the afore-mentioned languages?,index,uncertain,topic_screen,retain,Database theory and finite model theory
TCS-4307,Database theory and finite model theory,"It remains open whether the answer relation of ECRPQs can be maintained on general graphs, even when only insertions are allowed.",index,uncertain,topic_screen,retain,Database theory and finite model theory
TCS-4365,Database theory and finite model theory,"Our proofs there work for the case of injective homomorphisms, but not for strong homomorphisms or embeddings, and the decidability of these cases remain open.",index,uncertain,topic_screen,retain,Database theory and finite model theory
TCS-4407,Database theory and finite model theory,Are there structural properties that characterize when a sequence of GLAV mappings has an SO tgd as a pointwise limit?,index,uncertain,topic_screen,retain,Database theory and finite model theory
TCS-4458,Database theory and finite model theory,"This prompts for further generalisation in two ways: First, can we close the gap between plain first-order logic and its successor-invariant counterpart?",index,uncertain,topic_screen,retain,Database theory and finite model theory
TCS-4535,Database theory and finite model theory,How hard is model checking conjunctive positive queries on finite groups?,index,uncertain,topic_screen,retain,Database theory and finite model theory
TCS-4553,Database theory and finite model theory,Can we find a prefix class whose reduction closure is P?,index,uncertain,topic_screen,retain,Database theory and finite model theory
TCS-4563,Database theory and finite model theory,"Although it is not clear how to extend the techniques presented in this paper to containment of Datalog in regular queries, we conjecture that this […]",index,uncertain,topic_screen,retain,Database theory and finite model theory
TCS-4995,Database theory and finite model theory,The Quest for Faster Join Algorithms (Invited Talk),source,source_open,topic_screen,retain,Database theory and finite model theory
TCS-5086,Database theory and finite model theory,Query Languages for Machine-Learning Models (Invited Talk),source,source_open,topic_screen,retain,Database theory and finite model theory
TCS-5145,Database theory and finite model theory,It's All a Matter of Degree: Using Degree Information to Optimize Multiway Joins,source,source_open,topic_screen,retain,Database theory and finite model theory
TCS-6089,Database theory and finite model theory,On the Relationship between Consistent Query Answering and Constraint Satisfaction Problems,source,source_open,topic_screen,retain,Database theory and finite model theory
TCS-6157,Database theory and finite model theory,Asymptotic Determinacy of Path Queries using Union-of-Paths Views,source,uncertain,topic_screen,retain,Database theory and finite model theory
TCS-6291,Database theory and finite model theory,What Makes a Variant of Query Determinacy (Un)Decidable? (Invited Talk),source,uncertain,topic_screen,retain,Database theory and finite model theory
TCS-6299,Database theory and finite model theory,A Trichotomy for Regular Trail Queries,source,uncertain,topic_screen,retain,Database theory and finite model theory
TCS-6372,Database theory and finite model theory,Definability of Cai-Fürer-Immerman Problems in Choiceless Polynomial Time,source,uncertain,topic_screen,retain,Database theory and finite model theory
TCS-6406,Database theory and finite model theory,FO Model Checking of Geometric Graphs,source,source_open,topic_screen,retain,Database theory and finite model theory
TCS-6443,Database theory and finite model theory,A Logic for Document Spanners,source,source_open,topic_screen,retain,Database theory and finite model theory
TCS-7127,Database theory and finite model theory,"Determine enumeration complexity under bag semantics, retaining multiplicities of witnesses and supporting aggregate queries.",source,source_open,topic_screen,retain,Database theory and finite model theory
TCS-7128,Database theory and finite model theory,Prove unconditional constant-delay enumeration lower bounds for natural queries such as the distance-two query.,source,source_open,topic_screen,retain,Database theory and finite model theory
TCS-7222,Miscellaneous,Is graph isomorphism solvable in polynomial time?,reviewed,source_open,boundary_read,move,Structural graph theory
