sequence,id,name,original_title,category,state,reason_code,reason,duplicate_of,related_retained_ids,saved_question,source,url
1,TCS-0032,Finding the entire glued-tree path,Quantum hardness of finding an entire glued-tree path,Quantum computation,quarantined,individual_review,"Kvantová výhoda na glued trees je důležitá, ale požadavek vypsat celou cestu je zvláštní výstupní varianta; obecnou hranici kvantového zrychlení nevystihuje.",,,Quantum hardness of finding an entire glued-tree path,Open Problems Related to Quantum Query Complexity,https://www.scottaaronson.com/papers/open.pdf
2,TCS-0859,Position of a fanout gate in QAC0,Does the position of a fanout gate affect the power of QAC0?,Quantum computation,quarantined,individual_review,"Řeší umístění jedné brány v konkrétním obvodovém modelu. Přednost má obecná síla QAC0 a implementovatelnost fanoutu, které zůstávají zastoupené.",,,Does the position of a fanout gate affect the power of QAC0?,TCS Open Problems,https://tcsopenproblems.com/problem/10
3,TCS-0863,Errors during non-Clifford logical gates,Errors during Non-Clifford Logical Gates,Quantum computation,quarantined,individual_review,"Záznam označuje oblast chyb při logických branách, ale nevymezuje konkrétní práh, nemožnost ani úlohu. Samostatné místo v žebříčku mu nelze věcně zdůvodnit.",,,Errors during Non-Clifford Logical Gates,Quantum Error Correction Meets ZX-Calculus,https://doi.org/10.4230/DagRep.15.9.58
4,TCS-1230,Full abstraction with non-affine classical control,"We conjecture that full abstraction extends to a language with arbitrary (non-affine) classical control, with respect to the equivalence induced by possible measurement outcomes.",Quantum computation,quarantined,individual_review,Rozšiřuje plnou abstrakci jedné sémantiky stabilizátorových programů o další řídicí konstrukce; nepředkládá obecnou překážku sémantiky kvantových jazyků.,,,"We conjecture that full abstraction extends to a language with arbitrary (non-affine) classical control, with respect to the equivalence induced by possible measurement outcomes.",Denotational Semantics for Stabiliser Quantum Programs,https://doi.org/10.4230/LIPIcs.FSCD.2026.8
5,TCS-1543,Proper learning of QAC0 circuits,"Given the learned unitary Csew , which is 1/poly(n)-close to QAC0 circuit C, does there exist a quasi-polynomial time algorithm to learn a QAC0 circuit […]",Quantum computation,quarantined,individual_review,Jde o převedení již naučené aproximace zpět do požadované třídy obvodů. Obecný problém učení kvantových obvodů má pro atlas větší dosah.,,,"Given the learned unitary Csew , which is 1/poly(n)-close to QAC0 circuit C, does there exist a quasi-polynomial time algorithm to learn a QAC0 circuit […]",Learning shallow quantum circuits with many-qubit gates,https://proceedings.mlr.press/v291/vasconcelos25a.html
6,TCS-1681,Embedded PermInv with in-place queries,Embedded PermInv requires at least Ω(N ) queries to an in-place oracle.,Quantum computation,quarantined,individual_review,Dolní mez se týká vložené inverze permutace a speciálního přístupu k orákulu; významnější je obecné porovnání standardních a mazacích kvantových orákul.,,,Embedded PermInv requires at least Ω(N ) queries to an in-place oracle.,Quantum Search with In-Place Queries,https://doi.org/10.4230/LIPIcs.TQC.2025.1
7,TCS-1735,Tight repetition bound for a quantum cloning game,"The tightness of Theorem 8 remains an open question, either by showing a strategy attaining n the value (11), or if strong parallel repetition holds […]",Quantum computation,quarantined,individual_review,"Zpřesnění hodnoty opakování jedné klonovací hry je užší než obecný problém paralelního opakování provázaných her, který ponechávám.",,,"The tightness of Theorem 8 remains an open question, either by showing a strategy attaining n the value (11), or if strong parallel repetition holds […]",A Quantum Cloning Game with Applications to Quantum Position Verification,https://doi.org/10.4230/LIPIcs.TQC.2025.2
8,TCS-1773,Public-coin proofs inside QIPUL,"For example, does QIPU L contain space-bounded classical interactive proofs with ω(log n) public coins, as studied in [20, 28, 11]?",Quantum computation,quarantined,individual_review,"Otázka kombinuje prostorové omezení, konkrétní kvantovou třídu a nadlogaritmický počet veřejných mincí. Pro samostatné místo je příliš závislá na této kombinaci modelů.",,,"For example, does QIPU L contain space-bounded classical interactive proofs with ω(log n) public coins, as studied in [20, 28, 11]?",Space-Bounded Quantum Interactive Proof Systems,https://doi.org/10.4230/LIPIcs.CCC.2025.17
9,TCS-1800,Additive-gap HGP distance in coNP,"Do there exist an 1/2 < ϵ ≤ 1 and a 0 < τ < 1 for which AddGapHGPDistτ,ϵ is in coNP?",Quantum computation,quarantined,individual_review,Hledá vhodné konstanty pro certifikaci vzdálenosti specifické rodiny kvantových kódů. Základní konstrukční a testovatelnostní problémy kvantových kódů mají přednost.,,,"Do there exist an 1/2 < ϵ ≤ 1 and a 0 < τ < 1 for which AddGapHGPDistτ,ϵ is in coNP?",On the Hardness of Approximating Distances of Quantum Codes,https://doi.org/10.4230/LIPIcs.FSTTCS.2025.34
10,TCS-1864,Quantum testing in sparse directed graphs,"We leave this question open, and conjecture that a similar result holds in the quantum setting with a 1 lower bound of Ω N 2 […]",Quantum computation,quarantined,individual_review,Přenáší konkrétní dolní mez testování řídkých orientovaných grafů do kvantového modelu; samostatný zásadní důsledek nad rámec tohoto přenosu v záznamu není.,,,"We leave this question open, and conjecture that a similar result holds in the quantum setting with a 1 lower bound of Ω N 2 […]",Quantum Property Testing in Sparse Directed Graphs,https://doi.org/10.4230/LIPIcs.APPROX/RANDOM.2025.32
11,TCS-1881,Quantum catalytic space with imperfect resetting,"This interesting model resembles classical catalytic space classes with small errors in resetting, and we leave it as an open question to determine how it […]",Quantum computation,quarantined,individual_review,"Zkoumá variantu katalytické paměti s chybami při obnově. Nejprve má být zastoupena obecná síla katalytického prostoru, ne další volba jeho chybového modelu.",,,"This interesting model resembles classical catalytic space classes with small errors in resetting, and we leave it as an open question to determine how it […]",Quantum Catalytic Space,https://doi.org/10.4230/LIPIcs.TQC.2025.11
12,TCS-1950,Information-theoretic characterization of channel learning,Establish a quantum information-theoretic characterization of the performance in learning quantum-to-quantum channels in a query input model.,Quantum computation,quarantined,individual_review,"Požaduje obecnou informačněteoretickou charakterizaci učení kanálů, ale neurčuje kandidátní veličinu ani testovatelné tvrzení; je to výzkumný program místo jedné otázky.",,,Establish a quantum information-theoretic characterization of the performance in learning quantum-to-quantum channels in a query input model.,Information-theoretic generalization bounds for learning from quantum data,https://proceedings.mlr.press/v247/caro24a.html
13,TCS-2200,Constant hierarchy level for a Quantum Max-Cut relation,Does the optimal such relation (i.e. one precisely describing the feasible space) arise at a constant level k (with respect to d)?,Quantum computation,quarantined,individual_review,"Řeší, zda konkrétní relaci popíše konstantní úroveň relaxační hierarchie. To je pomocná geometrie jedné aproximační metody, nikoli samotná aproximační hranice Quantum Max-Cut.",,,Does the optimal such relation (i.e. one precisely describing the feasible space) arise at a constant level k (with respect to d)?,An Improved Quantum Max Cut Approximation via Maximum Matching,https://doi.org/10.4230/LIPIcs.ICALP.2024.105
14,TCS-2221,Other families with tuned pseudoentanglement,Do other families of quantum states achieve tightly tuned pseudoentanglement across any cut?,Quantum computation,quarantined,individual_review,Žádá další rodiny stavů s již sledovaným typem pseudoentanglementu. Bez nové bariéry nebo silnějšího cíle jde o rozšíření repertoáru konstrukcí.,,,Do other families of quantum states achieve tightly tuned pseudoentanglement across any cut?,Quantum Pseudoentanglement,https://doi.org/10.4230/LIPIcs.ITCS.2024.2
15,TCS-2398,Small-error entanglement-assisted equality,We also leave open the optimal communication complexity of equality with small error in the entanglement-assisted setting.,Quantum computation,quarantined,individual_review,Optimalizuje závislost na malé chybě u equality v modelu se sdíleným provázáním; obecné separace kvantové a klasické komunikace představují výrazně větší problém.,,,We also leave open the optimal communication complexity of equality with small error in the entanglement-assisted setting.,Tight Bounds for the Randomized and Quantum Communication Complexities of Equality with Small Error,https://doi.org/10.4230/LIPIcs.FSTTCS.2023.32
16,TCS-2481,Quantum queries for a tournament king variant,"We suspect that Q(MODn ) = Θ(n3/2 ), but we leave open the problem of closing the gap between the upper and lower bounds in […]",Quantum computation,quarantined,individual_review,Uzavírá exponentovou mezeru pro konkrétní turnajovou úlohu. Nejde o obecnou charakterizaci kvantových dotazů ani o centrální grafový algoritmický problém.,,,"We suspect that Q(MODn ) = Θ(n3/2 ), but we leave open the problem of closing the gap between the upper and lower bounds in […]",Randomized and Quantum Query Complexities of Finding a King in a Tournament,https://doi.org/10.4230/LIPIcs.FSTTCS.2023.30
17,TCS-2678,An algorithm making T quantum queries,"Consider a quantum algorithm Q that makes T queries to x ∈ {0, 1}N .",Quantum computation,quarantined,individual_review,"Uložená věta pouze zavádí algoritmus, vstup a počet dotazů. Neobsahuje otázku ani domněnku, takže ji nelze počítat jako samostatný problém.",,,"Consider a quantum algorithm Q that makes T queries to x ∈ {0, 1}N .",The Acrobatics of BQP,https://doi.org/10.4230/LIPIcs.CCC.2022.20
18,TCS-2768,Exact Clifford+T synthesis for qutrits,"We conjecture that, as in the qubit case [13], any qutrit unitary with entries in T[ζ] can be exactly synthesised over Clifford+T .",Quantum computation,quarantined,individual_review,Rozšiřuje přesnou syntézu na qutrity s koeficienty v určeném okruhu. Pro výběr zásadních bariér je tato aritmeticky omezená syntéza příliš specifická.,,,"We conjecture that, as in the qubit case [13], any qutrit unitary with entries in T[ζ] can be exactly synthesised over Clifford+T .",Qutrit Metaplectic Gates Are a Subset of Clifford+T,https://doi.org/10.4230/LIPIcs.TQC.2022.12
19,TCS-2913,Tight bounds on quantum speed-ups,Can we prove tight bounds on quantum speed-ups?,Quantum computation,quarantined,individual_review,"Samotné přání těsných mezí neurčuje úlohu, model ani mezeru. Konkrétní problémy kvantového zrychlení už atlas obsahuje a jsou vhodnějšími jednotkami výběru.",,,Can we prove tight bounds on quantum speed-ups?,Limits of Quantum Speed-Ups for Computational Geometry and Other Problems: Fine-Grained Complexity via Quantum Walks,https://doi.org/10.4230/LIPIcs.ITCS.2022.31
20,TCS-3083,Randomized communication lower bound for ABC,It remains an open problem to derive a matching lower bound for the randomized communication complexity of ABC. ?,Quantum computation,quarantined,individual_review,Jde o dorovnání dolní meze pro konkrétní úlohu ABC. Obecnou sílu komunikace s jedním čistým qubitem zastupuje širší separační otázka.,,,It remains an open problem to derive a matching lower bound for the randomized communication complexity of ABC. ?,The Power of One Clean Qubit in Communication Complexity,https://doi.org/10.4230/LIPIcs.MFCS.2021.69
21,TCS-3218,Memory-hard functions in the parallel QROM,Would it be possible to establish the post-quantum security of memory hard functions through a similar reduction in the parallel quantum random oracle model?,Quantum computation,quarantined,individual_review,Žádá přenos určité bezpečnostní redukce do paralelního kvantového orákulového modelu. Zásadnost bezpečnosti paměťově náročných funkcí sama nedává této metodické variantě samostatnou prioritu.,,,Would it be possible to establish the post-quantum security of memory hard functions through a similar reduction in the parallel quantum random oracle model?,On the Security of Proofs of Sequential Work in a Post-Quantum World,https://doi.org/10.4230/LIPIcs.ITC.2021.22
22,TCS-3257,Claw finding with a small range,Can we show that Q Clawn→n2/3 = Ω n2/3 ?,Quantum computation,quarantined,individual_review,Zpřesňuje dotazovou dolní mez při konkrétní velikosti oboru hodnot; obecné kolizní a časoprostorové hranice mají podstatně širší význam.,,,Can we show that Q Clawn→n2/3 = Ω n2/3 ?,A Note About Claw Function with a Small Range,https://doi.org/10.4230/LIPIcs.TQC.2021.6
23,TCS-3483,A group word problem for 2QCFA,Can WZ∗Z2 be recognized by a 2QCFA with bounded error?,Quantum computation,quarantined,individual_review,Rozhodnutelnost slovního problému konkrétní grupy jedním kvantovým automatem je úzký klasifikační případ; nenahrazuje obecnou charakterizaci síly tohoto modelu.,,,Can WZ∗Z2 be recognized by a 2QCFA with bounded error?,The Power of a Single Qubit: Two-Way Quantum Finite Automata and the Word Problem,https://doi.org/10.4230/LIPIcs.ICALP.2020.139
24,TCS-3608,Category equivalence in graphical quantum completeness,In particular we do not know if the theorem still applies if F is merely an equivalence of categories.,Quantum computation,quarantined,individual_review,Ptá se na oslabení předpokladu o funktoru v konkrétní větě o úplnosti. Jde o technické rozšíření existujícího výsledku.,,,In particular we do not know if the theorem still applies if F is merely an equivalence of categories.,"Completeness of Graphical Languages for Mixed States Quantum Mechanics (Track B: Automata, Logic, Semantics, and Theory of Programming)",https://doi.org/10.4230/LIPIcs.ICALP.2019.108
25,TCS-4344,Supplementarity and additional ZX fragments,"As a consequence, the completeness of the ZX-calculus augmented with the supplementarity is an open question for any fragment which does not contain rational multiples […]",Quantum computation,quarantined,individual_review,Úplnost s jedním přidaným pravidlem pro další fragmenty ZX-kalkulu je lokálnější než obecná axiomatizace kvantového uvažování; další samostatné místo jí nedávám.,,,"As a consequence, the completeness of the ZX-calculus augmented with the supplementarity is an open question for any fragment which does not contain rational multiples […]",Supplementarity is Necessary for Quantum Diagram Reasoning,https://doi.org/10.4230/LIPIcs.MFCS.2016.76
26,TCS-4579,Classical GHZ simulation for arbitrary measurements,"Could we simulate arbitrary von Neumann measurements as efficiently as the case of equatorial measurements, i.e. with O(n log n) bits of communication?",Quantum computation,quarantined,individual_review,Rozšiřuje komunikačně efektivní simulaci z ekvatoriálních na obecná projektivní měření jednoho typu stavu. Obecné náklady klasické simulace provázání mají přednost.,,,"Could we simulate arbitrary von Neumann measurements as efficiently as the case of equatorial measurements, i.e. with O(n log n) bits of communication?",Exact Classical Simulation of the GHZ Distribution,https://doi.org/10.4230/LIPIcs.TQC.2014.7
27,TCS-4595,One time-traveling qubit,What is the computational power conferred by 1 time-traveling qubit?,Quantum computation,quarantined,individual_review,Výpočetní síla modelu s časovou smyčkou je modelová kuriozita vůči standardní kvantové výpočetní složitosti; do přísného výběru tisíce problémů ji nezařazuji.,,,What is the computational power conferred by 1 time-traveling qubit?,One Time-traveling Bit is as Good as Logarithmically Many,https://doi.org/10.4230/LIPIcs.FSTTCS.2014.469
28,TCS-4602,Necessary resource-state conditions for DQC1 MBQC,Which is a necessary condition for a family of MBQC resource states to be universal for the DQC1 computation?,Quantum computation,quarantined,individual_review,Hledá pouze nutnou podmínku pro univerzalitu zdrojových stavů v omezené variantě měřením řízených výpočtů; cíl je příliš dílčí.,,,Which is a necessary condition for a family of MBQC resource states to be universal for the DQC1 computation?,Blindness and Verification of Quantum Computation with One Pure Qubit,https://doi.org/10.4230/LIPIcs.TQC.2014.176
29,TCS-4642,Verifying a given hidden shift,What is the query complexity of verifying a given shift?,Quantum computation,quarantined,individual_review,Ověřování již navrženého posunu je pomocná úloha k hidden shift. Zásadnější je samotné nalezení posunu a jeho kvantová algoritmická složitost.,,,What is the query complexity of verifying a given shift?,Easy and Hard Functions for the Boolean Hidden Shift Problem,https://doi.org/10.4230/LIPIcs.TQC.2013.50
30,TCS-4697,Single-copy lower bounds for a learned stabilizer subspace,Efficient Learning of Quantum States Prepared With Few Non-Clifford Gates — Question 10.2,Quantum computation,quarantined,individual_review,Dolní mez je navázána na podprostor vymezený konkrétní větou a omezení na jednotlivé kopie. Jde o optimalitu dílčího kroku specializovaného učení.,,,Are exp(t) many single-copy measurements necessary to learn a subspace S that satisfies the conditions of Theorem 6.4?,Efficient Learning of Quantum States Prepared With Few Non-Clifford Gates,https://doi.org/10.22331/q-2025-11-06-1907
31,TCS-4701,Hermitian extension of black-box spectral lower bounds,Spectral Gaps with Quantum Counting Queries and Oblivious State Preparation — Unresolved-question passage on page 20,Quantum computation,quarantined,individual_review,Uložená otázka žádá analogii již odvozených dolních mezí pro hermitovské matice; nevymezuje novou obecnou bariéru spektrálních výpočtů.,,,Whether analogous black-box lower bounds hold for Hermitian matrices remains an open question.,Spectral Gaps with Quantum Counting Queries and Oblivious State Preparation,https://doi.org/10.22331/q-2026-04-15-2067
32,TCS-4702,An SU(d) protocol for multivariate quantum signal processing,An adversary bound for quantum signal processing — Conjecture 4.15,Quantum computation,quarantined,individual_review,"Domněnka propojuje dvě konkrétní formalizace vícerozměrného zpracování signálu. Je to otázka implementace uvnitř jedné techniky, nikoli obecná mez kvantových algoritmů.",,,Every τ (z) of dimension d constructible by MQSP allows a M-QSP protocol over SU (d).,An adversary bound for quantum signal processing,https://doi.org/10.22331/q-2026-03-13-2025
33,TCS-4704,Information-theoretic characterization of shadow tomography,Information-theoretic generalization bounds for learning from quantum data — Open Problem 1,Quantum computation,quarantined,individual_review,"Záznam žádá charakterizaci výkonnosti bez konkrétního tvrzení či cílové složitosti. Zásadní je samotná vzorková a výpočetní náročnost tomografie, nikoli tato neurčená formulace.",,,Establish a quantum information-theoretic characterization of the performance of learners for shadow tomography.,Information-theoretic generalization bounds for learning from quantum data,https://proceedings.mlr.press/v247/caro24a.html
34,TCS-4708,Optimal joint measurements for Majorana observables,Optimal Fermionic Joint Measurements for Estimating Non-Commuting Majorana Observables — Unresolved-question passage on page 15,Quantum computation,quarantined,individual_review,Optimalizuje společné měření a robustnost nekompatibility určité rodiny fermionových observablí. Širší bariéry kvantového měření jsou pro atlas důležitější.,,,"A full characterization of the incompatibility robustness, as well as an optimal joint measurement for every system size, also remains open.",Optimal Fermionic Joint Measurements for Estimating Non-Commuting Majorana Observables,https://doi.org/10.22331/q-2025-11-17-1914
35,TCS-4709,Real versus complex Gaussian tensor norm limits,Estimating the entanglement of random multipartite quantum states — Conjecture 1,Quantum computation,quarantined,individual_review,Rovnost asymptotických limit pro dvě náhodné tensorové rodiny zpřesňuje konkrétní model náhodného provázání; nepředstavuje obecnou algoritmickou nebo složitostní hranici.,,,The asymptotic limits of the injective norms for corresponding (same order and symmetry) real and complex Gaussian tensors are identical.,Estimating the entanglement of random multipartite quantum states,https://doi.org/10.22331/q-2025-10-01-1870
36,TCS-4724,Gadget restrictions making quantum walks nonuniversal,Two-particle scattering on general graphs — Unresolved-question passage on page 20,Quantum computation,quarantined,individual_review,"Pouhá existence nějakého omezení vedoucího k neuniverzalitě neurčuje netriviální hranici. Chybí konkrétní rodina omezení, jejíž klasifikace by byla zásadní.",,,Is there a restricted set of gadgets which makes quantum walks nonuniversal?,Two-particle scattering on general graphs,https://doi.org/10.22331/q-2026-03-23-2038
37,TCS-4728,Short-output pseudorandom states implying OWSGs,On the Computational Hardness of Quantum One-Wayness — Explicit open question on PDF page 7,Quantum computation,quarantined,individual_review,Řeší úzké okno logaritmické délky výstupu. Obecné vztahy mezi pseudonáhodnými stavy a kvantovou jednosměrností ponechávám jako důležitější otázky.,,,"This leaves the question open of whether a PRS with m ∈ (c log n, log n] output qubits imply the existence of OWSGs.",On the Computational Hardness of Quantum One-Wayness,https://doi.org/10.22331/q-2025-03-27-1679
38,TCS-4732,Polynomial-time agnostic tomography of stabilizer product states,Agnostic Tomography of Stabilizer Product States — Unresolved-question passage on page 14,Quantum computation,quarantined,individual_review,"Zrychlení z kvazipolynomiálního na polynomiální čas je skutečný algoritmický cíl, ale zde pro omezenou třídu součinových stabilizátorových stavů; širší tomografické bariéry mají přednost.",,,"Can the runtime of Algorithm 1 be improved to polynomial in n and 1/τ , rather than quasipolynomial?",Agnostic Tomography of Stabilizer Product States,https://doi.org/10.22331/q-2026-03-13-2027
39,TCS-4742,Dynamic-regret lower bounds for quantum-state learning,Adaptive Online Learning of Quantum States — Unresolved-question passage on page 13,Quantum computation,quarantined,individual_review,Doplňuje dolní mez pro dvě specializované varianty regretu. Obecná naučitelnost kvantových stavů a optimální online učení mají větší samostatný dosah.,,,Can we prove an Ω( n) lower bound for dynamic regret or adaptive regret of online learning of quantum states?,Adaptive Online Learning of Quantum States,https://doi.org/10.22331/q-2024-09-12-1471
40,TCS-4761,Disentanglers stronger than a particular theorem,On the Pure Quantum Polynomial Hierarchy and Quantified Hamiltonian Complexity — Unresolved-question passage on page 21,Quantum computation,quarantined,individual_review,"Požadavek silnějších záruk než ve větě 18 nespecifikuje cílovou sílu. Obecný problém existence účinných disentanglerů tím nezpochybňuji, vyřazuji neurčený další krok.",,,Can one construct disentanglers with guarantees stronger than those in Theorem 18?,On the Pure Quantum Polynomial Hierarchy and Quantified Hamiltonian Complexity,https://doi.org/10.4230/LIPIcs.ICALP.2026.103
41,TCS-4762,Gap amplification for internally separable QMA proofs,Quantum Merlin-Arthur with an Internally Separable Proof — Unresolved-question passage on page 9,Quantum computation,quarantined,individual_review,"Amplifikace je zde požadována pro speciálně omezené interně separabilní svědky. Standardní QMA, QMA(2) a StoqMA mají přednost před další odvozenou třídou.",,,"As a starting point, does the complexity class QMAIS exhibit gap amplification?",Quantum Merlin-Arthur with an Internally Separable Proof,https://doi.org/10.4230/LIPIcs.TQC.2026.5
42,TCS-4770,Quantum decoding of more code classes,Noisy Decoding by Shallow Circuits with Parities: Classical and Quantum (Extended Abstract) — Unresolved-question passage on page 7,Quantum computation,quarantined,individual_review,"Výzva dekódovat další třídy kódů neuvádí konkrétní rodinu ani požadovaný práh. Je to směr rozšiřování výsledků, ne jednotlivý zásadní problém.",,,"Our results leave open the problem of decoding more general classes of error correcting codes by shallow quantum circuits, or by efficient quantum algorithms.",Noisy Decoding by Shallow Circuits with Parities: Classical and Quantum (Extended Abstract),https://doi.org/10.4230/LIPIcs.ITCS.2024.21
43,TCS-4796,One-query state synthesis with exponentially small error,Quantum Search-To-Decision Reductions and the State Synthesis Problem — Unresolved-question passage on page 17,Quantum computation,quarantined,individual_review,Zpřísňuje přesnost jednorázové orákulové syntézy. Pro atlas má větší prioritu obecná realizovatelnost a složitost syntézy stavů.,,,Is there a one-query algorithm for state synthesis that also achieves inverse exponential error?,Quantum Search-To-Decision Reductions and the State Synthesis Problem,https://doi.org/10.4230/LIPIcs.CCC.2022.5
44,TCS-4798,Disorder-independent state sets for sparse SYK,Optimizing Sparse SYK — Conjecture 4.7,Quantum computation,quarantined,individual_review,Domněnka se týká velikosti sad stavů nezávislých na náhodné realizaci jednoho Hamiltoniánového modelu. Dopad je užší než obecná složitost základních stavů.,,,"With probability exponentially close to 1 over the draw of the Hamiltonian, any disorder-independent set of states S containing a state which achieves energy t […]",Optimizing Sparse SYK,https://doi.org/10.22331/q-2026-03-16-2029
45,TCS-4813,Saturating measurement bounds in coherence distillation,The coherent measurement cost of coherence distillation — Conjecture 2,Quantum computation,quarantined,individual_review,Hledá asymptotické dosažení konkrétní meze jednotlivými měřeními při IO destilaci; jde o jemnou optimalitu jedné úlohy resource theory.,,,"For any ρ, there exists a sequence En of maximally-distilling IO channels with all but an asymptotically-vanishing fraction of measurements individually attaining the bound of […]",The coherent measurement cost of coherence distillation,https://doi.org/10.22331/q-2025-04-15-1707
46,TCS-4815,Classical mathematical applications of fermionic 2-SAT,Complexity of Fermionic 2-SAT — Unresolved-question passage on page 26,Quantum computation,quarantined,individual_review,"Ptá se, zda existují zajímavé matematické aplikace formalismu. Kritérium zajímavosti není definováno a formulace neudává rozhodovací ani konstrukční problém.",,,"It is an open question whether there are interesting classical mathematical problems which can be formulated as a question about Accepted in Quantum 2025-10-24, click […]",Complexity of Fermionic 2-SAT,https://doi.org/10.22331/q-2025-10-31-1900
47,TCS-4857,Single-check PureSuperQMA characterization,The Pure-State Consistency of Local Density Matrices Problem: In PSPACE and Complete for a Class Between QMA and QMA(2) — Explicit open question on PDF page 8,Quantum computation,quarantined,individual_review,Uložený výrok popisuje rovnost tříd pro jedinou kontrolu jako dosaženou skutečnost; žádná samostatná otevřená otázka v něm není vymezena.,,,"It can be shown that with a single check PureSuperQMA(1, poly , 0) = 5 QMA as there is no single check passed by a […]",The Pure-State Consistency of Local Density Matrices Problem: In PSPACE and Complete for a Class Between QMA and QMA(2),https://doi.org/10.4230/LIPIcs.ITCS.2026.83
48,TCS-4863,Regret comparisons across quantum online-learning models,Quantum Learning Theory Beyond Batch Binary Classification — Unresolved-question passage on page 34,Quantum computation,quarantined,individual_review,Porovnává několik konkrétních adversariálních modelů z jednoho článku. Bez obecnější charakterizace jde o sjednocení lokálních regretových odhadů.,,,"Would the expected regret bounds for the canonical classical online model (Section 4.1), classical adversary-provides-a-distribution model (Sections 4.2 and 4.3), and the quantum online model […]",Quantum Learning Theory Beyond Batch Binary Classification,https://doi.org/10.22331/q-2025-07-29-1813
49,TCS-4883,Oracle separation of NP from DQP,PDQMA = DQMA = NEXP: QMA with Hidden Variables and Non-Collapsing Measurements — Explicit open question on PDF page 3,Quantum computation,quarantined,individual_review,Separace se týká modelu s nestandardním přístupem ke kvantovým trajektoriím. Oproti zásadním separacím standardní BQP má pro tento atlas nižší prioritu.,,,"He claimed to give an oracle relative to which NP ̸⊂ DQP, although his proof had a bug [8] and the existence of such an […]",PDQMA = DQMA = NEXP: QMA with Hidden Variables and Non-Collapsing Measurements,https://doi.org/10.4230/LIPIcs.FSTTCS.2025.3
50,TCS-4892,PPA background for Another Hamiltonian Cycle,Another Hamiltonian Cycle in Bipartite Pfaffian Graphs — Explicit open question on PDF page 3,Quantum computation,quarantined,individual_review,Výňatek pouze připomíná zavedení PPA a známé zařazení úlohy. Neformuluje nový problém; důležitost PPA není důvod počítat historické pozadí jako další položku.,,,Papadimitriou [24] popularized the Another Hamiltonian Cycle problem and Thomason’s algorithm by introducing the complexity class PPA and showed the containment of the problem in […],Another Hamiltonian Cycle in Bipartite Pfaffian Graphs,https://doi.org/10.4230/LIPIcs.ICALP.2024.26
51,TCS-4926,An oracle with P = NP and BQP = EXP,The Acrobatics of BQP — Explicit open question on PDF page 9,Quantum computation,quarantined,individual_review,Hledá silnější kombinaci kolapsu a kvantového zrychlení v umělém orákulovém světě. Přednost mají samotné standardní separace a základní relativizační bariéry.,,,"We conjecture that Theorem 10 could be extended yet further, to give an oracle relative to which P = NP and yet BQP = EXP, […]",The Acrobatics of BQP,https://doi.org/10.4230/LIPIcs.CCC.2022.20
52,TCS-4930,Sequential unambiguous discrimination of pure states,Bounds in Sequential Unambiguous Discrimination of Multiple Pure Quantum States — Unresolved-question passage on page 13,Quantum computation,quarantined,individual_review,Optimalizuje vzorky při zvláštním požadavku jednoznačného sekvenčního rozlišování. Obecná diskriminace a tomografie pokrývají důležitější informační hranice.,,,"Despite these findings, an important question remains unresolved: namely, what is the optimal scaling of the expected number of samples as a function of the […]",Bounds in Sequential Unambiguous Discrimination of Multiple Pure Quantum States,https://doi.org/10.22331/q-2025-11-20-1919
53,TCS-4951,Coherence time of one proposed quantum-memory system,Robust Quantum Entanglement at (Nearly) Room Temperature — Explicit open question on PDF page 6,Quantum computation,quarantined,individual_review,Odhad životnosti konkrétní konstrukce je podproblém výzkumu samokorekce. Obecnou existenci samokorekční paměti ve třech rozměrech atlas ponechává.,,,"In addition, it would be insightful to understand the actual coherence time of such a system as a self-correcting quantum memory - we conjecture that […]",Robust Quantum Entanglement at (Nearly) Room Temperature,https://doi.org/10.4230/LIPIcs.ITCS.2021.49
54,TCS-5044,Packing overlapping qubits in a narrow overlap regime,Overlapping Qubits — Explicit open question on PDF page 3,Quantum computation,quarantined,individual_review,Otázka vyplňuje malé parametrické okno překryvů ve specifickém balicím modelu; obecné meze reprezentace kvantové informace mají větší dosah.,,,"For the range of overlaps 1/n . . (log n)/n, we do not know whether strictly more than n qubits can be packed into 2n […]",Overlapping Qubits,https://doi.org/10.4230/LIPIcs.ITCS.2017.48
55,TCS-5204,Exact quantum advantage factor for polynomial interpolation,Optimal Quantum Algorithm for Polynomial Interpolation — Explicit open question on PDF page 4,Quantum computation,quarantined,individual_review,"Hledá přesný faktor úspory dotazů při interpolaci. To je jemná optimalita konkrétního algoritmického primitiva, ne obecná bariéra kvantového zrychlení.",,,We conjecture that the quantum query complexity of this problem is smaller than the classical query complexity by a factor of n + 1.,Optimal Quantum Algorithm for Polynomial Interpolation,https://doi.org/10.4230/LIPIcs.ICALP.2016.16
56,TCS-5533,Nearest logical Pauli error variants,On the Hardness of Approximating Distances of Quantum Codes — Unresolved-question passage on page 16,Quantum computation,quarantined,individual_review,Navrhuje varianty vzdálenostních úloh formulované přes Pauliho chyby. Záznam nepřidává samostatnou hlavní domněnku nad rámec obecné složitosti vzdálenosti a dekódování kvantových kódů.,,,"These questions would not be about codewords per se, but about Pauli error operators, e.g. given a Pauli error, what is the closest logical error […]",On the Hardness of Approximating Distances of Quantum Codes,https://doi.org/10.4230/LIPIcs.FSTTCS.2025.34
57,TCS-6823,Relationships of BQP with BPP and NP,"Determine the relationships between BQP and classical classes, particularly NP and BPP.",Quantum computation,quarantined,individual_review,"Jde o společný zastřešující záznam pro otázky BPP versus BQP a NP mimo BQP, které již mají vlastní položky TCS-0036 a TCS-0037.",,TCS-0036 | TCS-0037,"Determine the relationships between BQP and classical classes, particularly NP and BPP.",Computational Complexity: A Modern Approach,https://theory.cs.princeton.edu/complexity/
58,TCS-0325,Strongly hyperbolic uniform disk graph recognition,Recognition of Strongly Hyperbolic Uniform Disk Graphs,Computational geometry and metric spaces,quarantined,individual_review,Rozpoznávání kombinuje uniformní disky s dalším silným hyperbolickým omezením; obecné rozpoznávání geometrických průnikových grafů má větší dosah.,,,Recognition of Strongly Hyperbolic Uniform Disk Graphs,Precision in Geometric Algorithms,https://doi.org/10.4230/DagRep.15.9.21
59,TCS-0329,Sub-alpha-complexes in high dimension,Sub-Alpha-Complex in High Dimension,Computational geometry and metric spaces,quarantined,individual_review,"Záznam vymezuje specializovanou variantu geometrického komplexu, ale nehlavní bariéru rekonstrukce či persistence; bez takového spojení mu nedávám samostatné místo.",,,Sub-Alpha-Complex in High Dimension,Computational Geometry,https://doi.org/10.4230/DagRep.15.5.64
60,TCS-0332,Turning planar triangulations inside out,Turning Planar Triangulations Inside Out,Computational geometry and metric spaces,quarantined,individual_review,"Specifická transformační operace je užší než obecná dosažitelnost a vzdálenost v grafech triangulací, které zůstávají zastoupené.",,,Turning Planar Triangulations Inside Out,Computational Geometry,https://doi.org/10.4230/DagRep.15.5.64
61,TCS-0336,Largest precise subset,Largest Precise Subset (Making Points Precise),Computational geometry and metric spaces,quarantined,individual_review,Optimalizuje zvláštní model zpřesňování neurčitých bodů; obecná robustní geometrie má větší význam než tato konkrétní výběrová úloha.,,,Largest Precise Subset (Making Points Precise),Computational Geometry,https://doi.org/10.4230/DagRep.13.5.165
62,TCS-0341,Expected volume of a stochastic bounding box,Expected Volume of Stochastic Bounding Box,Computational geometry and metric spaces,quarantined,individual_review,Výpočet očekávaného objemu jednoho obalového objektu je specializovaná statistickogeometrická úloha; nepředstavuje hlavní bariéru pravděpodobnostní geometrie.,,,Expected Volume of Stochastic Bounding Box,Computational Geometry,https://doi.org/10.4230/DagRep.11.4.1
63,TCS-0345,Recognizing perfect plane grid embeddings of trees,Complexity of recognizing perfect plane grid embeddings of trees,Computational geometry and metric spaces,quarantined,individual_review,Dodatečná dokonalost a mřížka z této úlohy dělají úzkou variantu kreslení stromů; obecné geometrické realizace mají přednost.,,,Complexity of recognizing perfect plane grid embeddings of trees,Computational Geometry,https://doi.org/10.4230/DagRep.9.4.107
64,TCS-0347,Perfect plane grid embeddings of subcubic trees,Do subcubic trees always admit perfect plane grid embeddings?,Computational geometry and metric spaces,quarantined,individual_review,Ještě omezuje předchozí otázku na stromy stupně nejvýše tři; samostatná položka by přeceňovala jediný model vkládání.,,,Do subcubic trees always admit perfect plane grid embeddings?,Computational Geometry,https://doi.org/10.4230/DagRep.9.4.107
65,TCS-0352,Motion planning with symmetric disconnected direction cones,Motion planning with symmetric disconnected direction cones,Computational geometry and metric spaces,quarantined,individual_review,Zkoumá jednu neobvyklou sadu směrových omezení. Obecné plánování pohybu a koordinace robotů jsou pro výběr zásadnější.,,,Motion planning with symmetric disconnected direction cones,Computational Geometry,https://doi.org/10.4230/DagRep.9.4.107
66,TCS-0358,Two-edge-colorings minimizing geometric crossings,Two-edge-colorings minimizing monochromatic geometric crossings,Computational geometry and metric spaces,quarantined,individual_review,"Optimalizace jednobarevných křížení při právě dvou barvách je vedlejší varianta geometrického kreslení, bez doloženého širšího algoritmického důsledku.",,,Two-edge-colorings minimizing monochromatic geometric crossings,Computational Geometry,https://doi.org/10.4230/DagRep.9.4.107
67,TCS-0361,Minimum k-dimensional cut of a polytope,Minimum k dimensional cut of an n dimensional polytope,Computational geometry and metric spaces,quarantined,individual_review,"Samotný indexový název nevymezuje, co se minimalizuje ani jak je řez zadán; nedává samostatnou hodnotitelnou bariéru oproti standardním polyedrickým problémům.",,,Minimum k dimensional cut of an n dimensional polytope,Computational Geometry,https://doi.org/10.4230/DagRep.7.4.107
68,TCS-0364,Stability of topological graph signatures,Stability of Topological Signatures of Graphs,Computational geometry and metric spaces,quarantined,individual_review,"Není určena signatura, perturbace ani požadovaná stabilita. Důležité téma topologické stability tu vystupuje jako neurčený výzkumný směr.",,,Stability of Topological Signatures of Graphs,Computational Geometry,https://doi.org/10.4230/DagRep.7.4.107
69,TCS-0368,Self-approaching networks on planar point sets,Self-approaching Networks on Planar Point Sets,Computational geometry and metric spaces,quarantined,individual_review,Dodatečný požadavek samopřibližování vymezuje specifický síťový model; obecné geometrické spannery a navigace mají přednost.,,,Self-approaching Networks on Planar Point Sets,Drawing Graphs and Maps with Curves,https://doi.org/10.4230/DagRep.3.4.34
70,TCS-0372,Slicing axis-parallel rectangles,Slicing Axes-Parallel Rectangles,Computational geometry and metric spaces,quarantined,individual_review,Izolovaná úloha dělení osově rovnoběžných obdélníků nemá v záznamu doloženou vazbu na zásadní aproximační či složitostní bariéru.,,,Slicing Axes-Parallel Rectangles,The Open Problems Project,https://topp.openproblem.net/p74
71,TCS-0383,Reflexivity of point sets,Reflexivity of Point Sets,Computational geometry and metric spaces,quarantined,individual_review,"Jde o specifickou extremální charakteristiku polygonalizací; základní problémy triangulací, viditelnosti a spannerů mají větší dosah.",,,Reflexivity of Point Sets,The Open Problems Project,https://topp.openproblem.net/p66
72,TCS-0390,Lines tangent to four unit balls,Lines Tangent to Four Unit Balls,Computational geometry and metric spaces,quarantined,individual_review,Přesná geometrie tečen ke čtyřem shodným koulím je konečná speciální konfigurace; obtížnost sama jí nezajišťuje místo mezi hlavními TCS problémy.,,,Lines Tangent to Four Unit Balls,The Open Problems Project,https://topp.openproblem.net/p61
73,TCS-0393,Volume-maximizing convex shape,Volume Maximizing Convex Shape,Computational geometry and metric spaces,quarantined,individual_review,"Chybějí přípustné tvary i omezující podmínky, takže název sám nevymezuje jednu optimalizační otázku pro atlas.",,,Volume Maximizing Convex Shape,The Open Problems Project,https://topp.openproblem.net/p62
74,TCS-0426,Monotonicity of Euclidean metric magnitude,Monotonicity of Euclidean metric magnitude,Computational geometry and metric spaces,quarantined,individual_review,"Domněnka o konkrétním metrickém invariantu má slabší přímý výpočetní dosah než vložitelnost, distorze a algoritmy nad metrikami.",,,Monotonicity of Euclidean metric magnitude,Applied and Combinatorial Topology,https://doi.org/10.4230/DagRep.14.2.206
75,TCS-0438,Pattern matching on braids,Pattern-Matching on Braids,Computational geometry and metric spaces,quarantined,individual_review,Jde o specifickou kombinatorickou reprezentaci a operaci hledání vzoru; obecné algoritmické problémy grup a řetězců mají přednost.,,,Pattern-Matching on Braids,Computation and Reconfiguration in Low-Dimensional Topological Spaces,https://doi.org/10.4230/DagRep.12.2.17
76,TCS-0439,Polygon-contact representations in 3D,Representing Graphs by Polygon Contact in 3D,Computational geometry and metric spaces,quarantined,individual_review,Klasifikace jednoho kontaktního modelu je užší než obecné otázky geometrické realizovatelnosti grafů a jejich složitosti.,,,Representing Graphs by Polygon Contact in 3D,Computation and Reconfiguration in Low-Dimensional Topological Spaces,https://doi.org/10.4230/DagRep.12.2.17
77,TCS-1065,Connected convex RCC8 inference,Connected convex RCC8 inference in exists-R,Computational geometry and metric spaces,quarantined,individual_review,Kombinuje konkrétní prostorový kalkul s konvexitou a souvislostí. Pro top 1000 je to příliš úzká varianta existenční reálné složitosti.,,,Connected convex RCC8 inference in exists-R,The Existential Theory of the Reals as a Complexity Class: A Compendium,https://arxiv.org/abs/2407.18006
78,TCS-1070,Crossing-free directional-walk realizability,Crossing-free directional-walk realizability hardness,Computational geometry and metric spaces,quarantined,individual_review,Tvrdost specifické reprezentace směrových procházek má nižší prioritu než základní realizační problémy orientovaných matroidů a geometrických grafů.,,,Crossing-free directional-walk realizability hardness,The Existential Theory of the Reals as a Complexity Class: A Compendium,https://arxiv.org/abs/2407.18006
79,TCS-1071,Crossing thresholds for pseudosegment stretchability,Crossing thresholds for hard pseudosegment stretchability,Computational geometry and metric spaces,quarantined,individual_review,Hledá přesný práh dodatečného omezení křížení v již ústřední realizační úloze; jde o jemnou hranici speciálního případu.,,,Crossing thresholds for hard pseudosegment stretchability,The Existential Theory of the Reals as a Complexity Class: A Compendium,https://arxiv.org/abs/2407.18006
80,TCS-1073,Boundary-only guarding hardness,Exists-R hardness of boundary-only guarding,Computational geometry and metric spaces,quarantined,individual_review,Omezení stráží na hranici vytváří variantu art gallery. Obecné střežení a jeho aproximační složitost mají přednost před další polohovou restrikcí.,,,Exists-R hardness of boundary-only guarding,The Existential Theory of the Reals as a Complexity Class: A Compendium,https://arxiv.org/abs/2407.18006
81,TCS-1076,Hyperbolic convex-set intersection graph recognition,Recognizing hyperbolic convex-set intersection graphs,Computational geometry and metric spaces,quarantined,individual_review,Přenáší rozpoznávání průnikových grafů do hyperbolického prostředí; samostatný hlavní důsledek této geometrické varianty není doložen.,,,Recognizing hyperbolic convex-set intersection graphs,The Existential Theory of the Reals as a Complexity Class: A Compendium,https://arxiv.org/abs/2407.18006
82,TCS-1080,Exists-R hardness of plane covers in 3D,Exists-R hardness of three-dimensional plane covers,Computational geometry and metric spaces,quarantined,individual_review,Zařazení jedné konkrétní pokrývací úlohy do existenční reálné složitosti je menší cíl než základní struktura samotné třídy a hlavní realizační problémy.,,,Exists-R hardness of three-dimensional plane covers,The Existential Theory of the Reals as a Complexity Class: A Compendium,https://arxiv.org/abs/2407.18006
83,TCS-1155,Linear-time SSSP for thick cubical neighborhood systems,Is there a linear time SSSP algorithm for the intersection graph of a κ-thick cubical neighborhood system in Rd ?,Computational geometry and metric spaces,quarantined,individual_review,"Lineární čas pro specifickou geometrickou rodinu je užitečný, ale obecné nejkratší cesty a hlavní geometrické grafové modely mají větší prioritu.",,,Is there a linear time SSSP algorithm for the intersection graph of a κ-thick cubical neighborhood system in Rd ?,Linear Time Single-Source Shortest Path Algorithms in Euclidean Graph Classes,https://doi.org/10.4230/LIPIcs.SoCG.2026.55
84,TCS-1222,Approximating Small GD-Cover,"Finally, we note that the existence of an approximation algorithm for Small GD-Cover remains open.",Computational geometry and metric spaces,quarantined,individual_review,Aproximace pokrytí polygonu geodetickými jednotkovými koulemi je úzce definovaná pokrývací varianta; obecné geometrické pokrývání je silnější kandidát.,,,"Finally, we note that the existence of an approximation algorithm for Small GD-Cover remains open.",Decomposing a Simple Polygon with Geodesic Unit-Balls,https://doi.org/10.4230/LIPIcs.ESA.2026.67
85,TCS-1289,Minimum-sum two-watchman routes,"Finally, the computational complexity of the min-sum two-watchman route problem in simple polygons remains open.",Computational geometry and metric spaces,quarantined,individual_review,"Přesně dva hlídači a součtová účelová funkce vymezují dílčí variantu hlídkových tras, nikoli obecnou hranici plánování nebo střežení.",,,"Finally, the computational complexity of the min-sum two-watchman route problem in simple polygons remains open.",Improved Approximation of Two Watchmen’s Routes in Simple Polygons,https://doi.org/10.4230/LIPIcs.SWAT.2026.11
86,TCS-1323,Stretch windows for bichromatic spanners,"It remains an open to obtain upper bounds for stretch 3 ≤ t < 7 on the line, and for any t > 3 in […]",Computational geometry and metric spaces,quarantined,individual_review,Doplňuje meze v určitých intervalech stretch parametru barevně omezených spannerů; obecná existence řídkých geometrických spannerů má přednost.,,,"It remains an open to obtain upper bounds for stretch 3 ≤ t < 7 on the line, and for any t > 3 in […]",Bichromatic Geometric Spanners,https://doi.org/10.4230/LIPIcs.APPROX/RANDOM.2026.6
87,TCS-1359,Step 3 of a hyperbolic-manifold census,"Furthermore, although successful for censuses with at most 9 tetrahedra, it is unknown whether step 3 will separate all cases within a computable scope, or […]",Computational geometry and metric spaces,quarantined,individual_review,Úplnost konkrétního kroku katalogizačního postupu je implementačně-metodická otázka; obecné rozpoznávání a homeomorfismus variet jsou zásadnější.,,,"Furthermore, although successful for censuses with at most 9 tetrahedra, it is unknown whether step 3 will separate all cases within a computable scope, or […]",The Complete 10-Tetrahedra Census of Orientable Cusped Hyperbolic 3-Manifolds,https://doi.org/10.4230/LIPIcs.SoCG.2026.73
88,TCS-1405,Minimum WSPD on the line,Is the minimum WSPD problem NP-Hard in R?,Computational geometry and metric spaces,quarantined,individual_review,"Tvrdost nejmenšího rozkladu dvojic již na přímce je specifická optimalita pomocné datové reprezentace, ne hlavní geometrický problém.",,,Is the minimum WSPD problem NP-Hard in R?,On Small Pair Decompositions for Point Sets,https://doi.org/10.4230/LIPIcs.ESA.2026.102
89,TCS-1431,Parameterized Ulam-metric 1-center,Is it possible to solve Ulam Metric 1-Center for k = 1 in dO(d) · (nm)O(1) time similarly to Closest String?,Computational geometry and metric spaces,quarantined,individual_review,"Řeší jeden střed, jednu metriku permutací a konkrétní parametrickou závislost; širší klasifikace geometrického shlukování má přednost.",,,Is it possible to solve Ulam Metric 1-Center for k = 1 in dO(d) · (nm)O(1) time similarly to Closest String?,Clustering Permutations Under the Ulam Metric: A Parameterized Complexity Study,https://doi.org/10.4230/LIPIcs.ICALP.2026.19
90,TCS-1449,Linear confinement bounds for the escaping ant,"Is there a function f such that Sk,n ≤ f (k) n for all k ∈ N?",Computational geometry and metric spaces,quarantined,individual_review,Jde o růst jedné geometrické procházkové konstrukce. Bez širší algoritmické bariéry je to spíše samostatná geometrická hádanka.,,,"Is there a function f such that Sk,n ≤ f (k) n for all k ∈ N?",How Long Can The Escaping Ant Be Confined?,https://doi.org/10.4230/LIPIcs.MFCS.2026.49
91,TCS-1533,Edge density with one forbidden drawing cell,"Is the edge density of simple graphs that admit a (simple, non-homotopic) 4 -free drawing quadratic in n?",Computational geometry and metric spaces,quarantined,individual_review,Extremální hustota při zákazu konkrétního typu buňky je úzká kombinatorika kreslení; obecné meze křížení mají větší dosah.,,,"Is the edge density of simple graphs that admit a (simple, non-homotopic) 4 -free drawing quadratic in n?",Edge Densities of Drawings of Graphs with One Forbidden Cell,https://doi.org/10.4230/LIPIcs.GD.2025.33
92,TCS-1547,Exact crossing extremum for 3-planar graphs,Are there 3-planar n-vertex graphs G with cr(G) = 5.5(n − 2)?,Computational geometry and metric spaces,quarantined,individual_review,Ptá se na dosažení konkrétní lineární konstanty v omezené třídě kreslení; hlavní crossing-number problémy ponechávám.,,,Are there 3-planar n-vertex graphs G with cr(G) = 5.5(n − 2)?,Crossing Number of Simple 3-Plane Drawings,https://doi.org/10.4230/LIPIcs.GD.2025.15
93,TCS-1654,Point guards with maximum dispersion,"While research has focused on the problem with vertex guards, the variant involving point guards remains an open question.",Computational geometry and metric spaces,quarantined,individual_review,Změna vrcholových stráží na bodové při další podmínce rozptýlení je vícenásobně omezená varianta art gallery.,,,"While research has focused on the problem with vertex guards, the variant involving point guards remains an open question.",Guarding Offices with Maximum Dispersion,https://doi.org/10.4230/LIPIcs.MFCS.2025.46
94,TCS-1675,Extremal degree-one persistence of flag filtrations,The extremal filtrations described in Section 7 achieve the maximal total persistence over any edgewise filtration of flag complexes in homology degree 1.,Computational geometry and metric spaces,quarantined,individual_review,Optimalita jedné rodiny filtrací v jednom homologickém stupni má menší dosah než obecná složitost persistence a jejích reprezentací.,,,The extremal filtrations described in Section 7 achieve the maximal total persistence over any edgewise filtration of flag complexes in homology degree 1.,Extremal Betti Numbers and Persistence in Flag Complexes,https://doi.org/10.4230/LIPIcs.SoCG.2025.14
95,TCS-1677,Triangles in intersecting pseudocircle arrangements,Every pairwise intersecting arrangement of n ⩾ 3 pseudocircles has at least n − 1 triangles.,Computational geometry and metric spaces,quarantined,individual_review,Počet trojúhelníků v konkrétní rodině uspořádání je čistě extremální podotázka bez zásadního výpočetního cíle v uložené formulaci.,,,Every pairwise intersecting arrangement of n ⩾ 3 pseudocircles has at least n − 1 triangles.,The Maximum Number of Digons Formed by Pairwise Intersecting Pseudocircles,https://doi.org/10.4230/LIPIcs.SoCG.2025.2
96,TCS-1731,Network Diversion parameterized by crossing number,"Is it possible to solve Network Diversion in time f (c) · nO(1) for some function f , where c is the crossing number of […]",Computational geometry and metric spaces,quarantined,individual_review,Spojuje specifickou síťovou úlohu s jedním geometrickým parametrem; obecné otázky parametrizovaných řezů a cest mají přednost.,,,"Is it possible to solve Network Diversion in time f (c) · nO(1) for some function f , where c is the crossing number of […]",Planar Network Diversion,https://doi.org/10.4230/LIPIcs.SEA.2025.6
97,TCS-1802,Flip distance between odd geometric matchings,What is the complexity of finding shortest flip sequences between odd matchings in convex point sets?,Computational geometry and metric spaces,quarantined,individual_review,Paritní omezení párování a konvexní poloha bodů vytvářejí úzkou reconfigurační variantu; hlavní flip-distance problémy zůstávají.,,,What is the complexity of finding shortest flip sequences between odd matchings in convex point sets?,Flipping Odd Matchings in Geometric and Combinatorial Settings,https://doi.org/10.4230/LIPIcs.GD.2025.12
98,TCS-1849,Approximating bounded-treewidth minimum-dilation spanners,Can we efficiently approximate the minimum-dilation spanner of tree-width k in terms of its dilation within a factor better than O(n/k d/d−1 )?,Computational geometry and metric spaces,quarantined,individual_review,"Kombinace pevné stromové šířky, geometrie a konkrétního aproximačního faktoru je příliš specializovaná proti obecným spannerovým bariérám.",,,Can we efficiently approximate the minimum-dilation spanner of tree-width k in terms of its dilation within a factor better than O(n/k d/d−1 )?,Geometric Spanners of Bounded Tree-Width,https://doi.org/10.4230/LIPIcs.SoCG.2025.26
99,TCS-1854,Pandichotomous realizations of degenerate bipartite graphs,"Given d ≥ 3, is there a bipartite d-degenerate graph that is not pandichotomous in Rd−1 ?",Computational geometry and metric spaces,quarantined,individual_review,Domněnka se týká zvláštní realizační vlastnosti a souběhu několika restrikcí grafu; její širší TCS důsledky nejsou v záznamu vymezeny.,,,"Given d ≥ 3, is there a bipartite d-degenerate graph that is not pandichotomous in Rd−1 ?",Geometric Realizations of Dichotomous Ordinal Graphs,https://doi.org/10.4230/LIPIcs.SoCG.2025.9
100,TCS-1987,Lower-envelope bounds beyond a cross-section assumption,We conjecture that the bound should resemble the bound O(nλs+2 (n)) shown in [37] under the favorable cross section assumption.,Computational geometry and metric spaces,quarantined,individual_review,Požaduje přenos konkrétní asymptotické meze po odstranění technického předpokladu; jde o navazující zpřesnění jedné analýzy.,,,We conjecture that the bound should resemble the bound O(nλs+2 (n)) shown in [37] under the favorable cross section assumption.,Lower Envelopes of Surface Patches in 3-Space,https://doi.org/10.4230/LIPIcs.ESA.2024.6
101,TCS-2004,Hamiltonicity of a colorful-triangulation flip graph,We conjecture that the graph HN has a Hamilton cycle for all N ≥ 9 that are divisible by 3.,Computational geometry and metric spaces,quarantined,individual_review,Hamiltonovskost jedné pomocné rodiny grafů při aritmetické podmínce na velikost je užší než obecná reconfigurace triangulací.,,,We conjecture that the graph HN has a Hamilton cycle for all N ≥ 9 that are divisible by 3.,Flips in Colorful Triangulations,https://doi.org/10.4230/LIPIcs.GD.2024.30
102,TCS-2067,Nonmetric MST with weak and strong oracles,We leave it as an open question for future work to determine the exact query complexity of non-metric MST in the weak-strong oracle model.,Computational geometry and metric spaces,quarantined,individual_review,Optimalita počtu dotazů v hybridním orákulovém modelu je další varianta MST; standardní geometrické MST má přednost.,,,We leave it as an open question for future work to determine the exact query complexity of non-metric MST in the weak-strong oracle model.,Metric Clustering and MST with Strong and Weak Distance Oracles,https://proceedings.mlr.press/v247/bateni24a.html
103,TCS-2207,Distributions enabling efficient selectivity reconstruction,What properties should the data and query distribution satisfy so that the running time is polynomial in d as well?,Computational geometry and metric spaces,quarantined,individual_review,"Ptá se, jaké podmínky by měly distribuce splňovat, aniž určí kandidátní charakterizaci. Jde o otevřené hledání vhodného modelu.",,,What properties should the data and query distribution satisfy so that the running time is polynomial in d as well?,Computing Data Distribution from Query Selectivities,https://doi.org/10.4230/LIPIcs.ICDT.2024.18
104,TCS-2226,APX-hardness with arbitrarily chosen disk radii,"If we have t arbitrary radii as in DC, does the problem become APX-hard?",Computational geometry and metric spaces,quarantined,individual_review,Změna dovolených poloměrů sleduje jednu větev klasifikace geometrického pokrytí; nedává jí samostatnou prioritu vedle hlavních pokrývacích otázek.,,,"If we have t arbitrary radii as in DC, does the problem become APX-hard?",Geometric Covering via Extraction Theorem,https://doi.org/10.4230/LIPIcs.ITCS.2024.7
105,TCS-2239,Infinity-safe paths for MFDSC and MIFD,"For the problem variants MFDSC and MIFD, can we find all ∞-safe paths in polynomial time?",Computational geometry and metric spaces,quarantined,individual_review,"Bezpečné cesty ve dvou specifických variantách rozkladu toku jsou pomocnou optimalizační úlohou, ne obecnou bariérou tokových algoritmů.",,,"For the problem variants MFDSC and MIFD, can we find all ∞-safe paths in polynomial time?",Accelerating ILP Solvers for Minimum Flow Decompositions Through Search Space and Dimensionality Reductions,https://doi.org/10.4230/LIPIcs.SEA.2024.14
106,TCS-2251,Sparser convex combinations in a Tverberg construction,Can a sparser convex-combination of points be computed efficiently?,Computational geometry and metric spaces,quarantined,individual_review,Požadavek řidší kombinace neuvádí cílovou podporu ani zásadní nemožnost; jde o optimalizaci konkrétní konstrukce.,,,Can a sparser convex-combination of points be computed efficiently?,No-Dimensional Tverberg Partitions Revisited,https://doi.org/10.4230/LIPIcs.SWAT.2024.26
107,TCS-2355,Lens-space triangulations without core edges,Is there a lens space other than the 3-sphere that admits infinitely many triangulations with no core edges?,Computational geometry and metric spaces,quarantined,individual_review,Hledá zvláštní nekonečnou rodinu triangulací v konkrétních varietách. Obecné transformační a rozhodovací otázky trojrozměrné topologie mají přednost.,,,Is there a lens space other than the 3-sphere that admits infinitely many triangulations with no core edges?,Finding Large Counterexamples by Selectively Exploring the Pachner Graph,https://doi.org/10.4230/LIPIcs.SoCG.2023.21
108,TCS-2363,A red-blue segment configuration for geometric thickness,"Given an arrangement of 3k disjoint red straight-line segments and 3k disjoint blue straight-line segments, where each red segment crosses each blue segment, are there […]",Computational geometry and metric spaces,quarantined,individual_review,Izolovaná konfigurace navzájem se křížících barevných úseček je pomocná extremální domněnka; samotná geometrická tloušťka má širší význam.,,,"Given an arrangement of 3k disjoint red straight-line segments and 3k disjoint blue straight-line segments, where each red segment crosses each blue segment, are there […]",On the Geometric Thickness of 2-Degenerate Graphs,https://doi.org/10.4230/LIPIcs.SoCG.2023.44
109,TCS-2387,Oriented-dilation triangulations for nonconvex point sets,"Thus, the quest for a triangulation of small oriented dilation for non-convex point sets remains open.",Computational geometry and metric spaces,quarantined,individual_review,Rozšiřuje orientovanou dilataci z jednodušších poloh bodů na další případ; obecné spannerové otázky reprezentují oblast lépe.,,,"Thus, the quest for a triangulation of small oriented dilation for non-convex point sets remains open.",Oriented Spanners,https://doi.org/10.4230/LIPIcs.ESA.2023.26
110,TCS-2465,RangeCount lower bounds for sublinear facility location,We leave it as an open problem whether such a polynomial lower bound on the number of RangeCount queries exists for any randomized sublinear algorithm […],Computational geometry and metric spaces,quarantined,individual_review,Dolní mez je vázána na zvláštní dotazové rozhraní. Obecné sublineární shlukování a facility location mají přednost před optimalitou tohoto přístupu.,,,We leave it as an open problem whether such a polynomial lower bound on the number of RangeCount queries exists for any randomized sublinear algorithm […],Facility Location in the Sublinear Geometric Model,https://doi.org/10.4230/LIPIcs.APPROX/RANDOM.2023.6
111,TCS-2556,Minimum layers in ortho-radial drawings,"Given an ortho-radial representation, can we find an ortho-radial drawing with the smallest number of layers (i.e., the number of concentric circles) in polynomial time?",Computational geometry and metric spaces,quarantined,individual_review,Minimalizuje počet soustředných kružnic při již dané reprezentaci; jde o optimalizaci jednoho kreslicího formalismu.,,,"Given an ortho-radial representation, can we find an ortho-radial drawing with the smallest number of layers (i.e., the number of concentric circles) in polynomial time?",Ortho-Radial Drawing in Near-Linear Time,https://doi.org/10.4230/LIPIcs.ICALP.2023.35
112,TCS-2608,Clique phase transitions in high-dimensional GIRGs,"As our work indicates that this phase transition vanishes as d = ω(log(n))), we conjecture that in this regime cliques of all sizes are √ […]",Computational geometry and metric spaces,quarantined,individual_review,Upřesňuje chování klik v jedné náhodné geometrické rodině při určitém dimenzionálním režimu; obecné průměrné algoritmické bariéry jsou zásadnější.,,,"As our work indicates that this phase transition vanishes as d = ω(log(n))), we conjecture that in this regime cliques of all sizes are √ […]",Cliques in High-Dimensional Geometric Inhomogeneous Random Graphs,https://doi.org/10.4230/LIPIcs.ICALP.2023.62
113,TCS-2651,Memory-limited cooperative polygon guarding,"Is it possible to construct O(poly(D)) time algorithms where D is the hop diameter of the polygon, when agents have limited persistent memory?",Computational geometry and metric spaces,quarantined,individual_review,"Kombinuje omezenou paměť agentů, polygon s děrami a čas měřený hop-průměrem; je to specifický distribuovaný hlídkový model.",,,"Is it possible to construct O(poly(D)) time algorithms where D is the hop diameter of the polygon, when agents have limited persistent memory?",Brief Announcement: Cooperative Guarding in Polygons with Holes,https://doi.org/10.4230/LIPIcs.SAND.2022.21
114,TCS-2879,PTAS for intersecting convex polytopes in 3D,Is there a polynomial-time approximation scheme for the minimum volume or minimum surface area convex intersecting polytope of convex polytopes in R3 ?,Computational geometry and metric spaces,quarantined,individual_review,Objem či povrch konvexního objektu protínajícího zadané polytopy je úzká geometrická optimalizace; hlavní aproximační bariéry mají větší dosah.,,,Is there a polynomial-time approximation scheme for the minimum volume or minimum surface area convex intersecting polytope of convex polytopes in R3 ?,Computing Smallest Convex Intersecting Polygons,https://doi.org/10.4230/LIPIcs.ESA.2022.9
115,TCS-2919,Schelling equilibria on grids with arbitrary tolerances,"For instance, do equilibria exist when the topology is a grid (4-grid or 8-grid) or a regular graph, for every tolerance vector?",Computational geometry and metric spaces,quarantined,individual_review,"Existence rovnováhy na mřížce pro jednu parametrizaci segregace je specifická herní varianta, nikoli obecný problém rovnováh.",,,"For instance, do equilibria exist when the topology is a grid (4-grid or 8-grid) or a regular graph, for every tolerance vector?",Not All Strangers Are the Same: The Impact of Tolerance in Schelling Games,https://doi.org/10.4230/LIPIcs.MFCS.2022.60
116,TCS-2978,Projective crossing families,Is the maximum size T p (n) of a projective crossing family in a set of n points from RP 2 in general position in […],Computational geometry and metric spaces,quarantined,individual_review,Extremální velikost křížících se rodin v projektivní rovině je spíše specializovaná diskrétní geometrie; zásadní algoritmický důsledek zde chybí.,,,Is the maximum size T p (n) of a projective crossing family in a set of n points from RP 2 in general position in […],Erdős-Szekeres-Type Problems in the Real Projective Plane,https://doi.org/10.4230/LIPIcs.SoCG.2022.10
117,TCS-2979,Radial densities for a degree-Rips example,"Finally, a reviewer posed the following question: is there a density on the disc that is rotationally invariant and monotone in the radius such that […]",Computational geometry and metric spaces,quarantined,individual_review,"Hledá vhodnou hustotu pro konkrétní topologický příklad. To je konstrukční doplnění analýzy, ne hlavní problém topologické analýzy dat.",,,"Finally, a reviewer posed the following question: is there a density on the disc that is rotationally invariant and monotone in the radius such that […]",The Degree-Rips Complexes of an Annulus with Outliers,https://doi.org/10.4230/LIPIcs.SoCG.2022.58
118,TCS-3098,Completeness of the density fingerprint of periodic sets,"Short of proving completeness beyond the generic case, we leave the completeness of the density fingerprint map for all periodic sets as an open question.",Computational geometry and metric spaces,quarantined,individual_review,Úplnost jednoho zvoleného invariantu je užší než obecná efektivní klasifikace periodických struktur; další samostatné místo jí nedávám.,,,"Short of proving completeness beyond the generic case, we leave the completeness of the density fingerprint map for all periodic sets as an open question.",The Density Fingerprint of a Periodic Point Set,https://doi.org/10.4230/LIPIcs.SoCG.2021.32
119,TCS-3100,The 4/3 guillotine-knapsack profit ratio,We conjecture that the worst-case ratio between the optimal profit of 2GGK and 2GK is 4/3.,Computational geometry and metric spaces,quarantined,individual_review,Přesný poměr dvou omezených balicích optim je jemná strukturální konstanta; obecné aproximační hranice geometrického knapsacku mají přednost.,,,We conjecture that the worst-case ratio between the optimal profit of 2GGK and 2GK is 4/3.,On Guillotine Separable Packings for the Two-Dimensional Geometric Knapsack Problem,https://doi.org/10.4230/LIPIcs.SoCG.2021.48
120,TCS-3272,Tight motion-planning bounds for throwing a sofa,"One such direction is to show that the near-quartic upper bound, established in Section 8, on the cost of the general motion planning problem for […]",Computational geometry and metric spaces,quarantined,individual_review,Dorovnání téměř kvartické meze v konkrétním pohybovém scénáři je příliš lokální vůči obecným bariérám plánování pohybu.,,,"One such direction is to show that the near-quartic upper bound, established in Section 8, on the cost of the general motion planning problem for […]",Throwing a Sofa Through the Window,https://doi.org/10.4230/LIPIcs.SoCG.2021.41
121,TCS-3283,Covering-MEB versus radius-MEB lower bounds,"In particular, can we provide a lower bound for the complexity of computing covering approximate MEB, as the lower bound result for radius approximate MEB […]",Computational geometry and metric spaces,quarantined,individual_review,Hledá analogii dolní meze po změně definice aproximace nejmenší koule; jde o technické rozlišení dvou variant.,,,"In particular, can we provide a lower bound for the complexity of computing covering approximate MEB, as the lower bound result for radius approximate MEB […]",Stability Yields Sublinear Time Algorithms for Geometric Optimization in Machine Learning,https://doi.org/10.4230/LIPIcs.ESA.2021.38
122,TCS-3367,Pathwidth of 1-planar layered drawings,What is the pathwidth of a graph that has a 1-planar h-layer drawing?,Computational geometry and metric spaces,quarantined,individual_review,"Vztah dvou parametrů pod dodatečnou podmínkou kreslení je úzká strukturální podotázka, ne hlavní šířková charakterizace grafů.",,,What is the pathwidth of a graph that has a 1-planar h-layer drawing?,Layered Fan-Planar Graph Drawings,https://doi.org/10.4230/LIPIcs.MFCS.2020.14
123,TCS-3422,Staircodes versus interval-decomposable barcodes,"We conjecture that if the zeroth homology of the Rips bifiltration of an augmented metric space is interval decomposable, then the barcode must coincide with […]",Computational geometry and metric spaces,quarantined,individual_review,Porovnává dva invarianty za speciální rozložitelnosti v nulté homologii; obecná vícerozměrná persistence má podstatně větší dosah.,,,"We conjecture that if the zeroth homology of the Rips bifiltration of an augmented metric space is interval decomposable, then the barcode must coincide with […]",Elder-Rule-Staircodes for Augmented Metric Spaces,https://doi.org/10.4230/LIPIcs.SoCG.2020.26
124,TCS-3535,Recognizing self-overlapping curves on the sphere,How fast can one decide self-overlappingness of a curve on the sphere?,Computational geometry and metric spaces,quarantined,individual_review,Efektivní rozpoznávání jedné třídy sférických křivek je užší než hlavní topologické rozhodovací a homotopické problémy.,,,How fast can one decide self-overlappingness of a curve on the sphere?,Combinatorial Properties of Self-Overlapping Curves and Interior Boundaries,https://doi.org/10.4230/LIPIcs.SoCG.2020.41
125,TCS-3650,Circumscribing segments with two slopes,We conjecture that disjoint segments with two distinct slopes still admit a circumscribing polygon.,Computational geometry and metric spaces,quarantined,individual_review,Domněnka přidává konkrétní dvousměrovou rodinu úseček k existujícím polygonalizačním výsledkům; jde o omezený konstrukční případ.,,,We conjecture that disjoint segments with two distinct slopes still admit a circumscribing polygon.,Circumscribing Polygons and Polygonizations for Disjoint Line Segments,https://doi.org/10.4230/LIPIcs.SoCG.2019.9
126,TCS-3755,Stabbing number for packing unequal-sized objects,What is the precise impact of the stabbing number on the complexity of packing if objects are not similarly sized?,Computational geometry and metric spaces,quarantined,individual_review,Žádá doplnění parametrické analýzy po vypuštění podobnosti velikostí; obecné packingové bariéry jsou významnější samostatní kandidáti.,,,What is the precise impact of the stabbing number on the complexity of packing if objects are not similarly sized?,How Does Object Fatness Impact the Complexity of Packing in d Dimensions?,https://doi.org/10.4230/LIPIcs.ISAAC.2019.36
127,TCS-3777,FPRAS for Euclidean-MST Shapley values,Is there also a FPRAS for computing the Shapley values of the game defined using the Euclidean MST?,Computational geometry and metric spaces,quarantined,individual_review,Aproximace Shapleyho hodnot jedné geometrické koaliční hry kombinuje dva specifické modely; obecné výpočetní otázky kooperativních her mají přednost.,,,Is there also a FPRAS for computing the Shapley values of the game defined using the Euclidean MST?,Computing Shapley Values in the Plane,https://doi.org/10.4230/LIPIcs.SoCG.2019.20
128,TCS-3816,Two tetrahedra in a crossing Tverberg configuration,"Can we guarantee the existence of a pair of vertex-disjoint tetrahedra {S, S 0 } that both contain the origin and such that the boundary […]",Computational geometry and metric spaces,quarantined,individual_review,Existence zvláštní dvojice tetraedrů je úzký geometrický podproblém; obecný Tverbergův a barevný Carathéodoryho rámec má větší prioritu.,,,"Can we guarantee the existence of a pair of vertex-disjoint tetrahedra {S, S 0 } that both contain the origin and such that the boundary […]",The Crossing Tverberg Theorem,https://doi.org/10.4230/LIPIcs.SoCG.2019.38
129,TCS-4023,Realizing indecomposables over tame commutative grids,"More generally, for representation tame commutative grids, could we realize parametrized families that generate all indecomposables?",Computational geometry and metric spaces,quarantined,individual_review,Konstrukce úplných parametrických rodin v omezené reprezentační třídě je specializovaná algebraická podotázka persistence.,,,"More generally, for representation tame commutative grids, could we realize parametrized families that generate all indecomposables?",Realizations of Indecomposable Persistence Modules of Arbitrarily Large Dimension,https://doi.org/10.4230/LIPIcs.SoCG.2018.15
130,TCS-4024,Critical disk separation for bounded-stretch motion,What is the critical separability of disks for which constant stretch can be achieved?,Computational geometry and metric spaces,quarantined,individual_review,Hledá přesný separační práh v jednom víceagentním modelu; obecná složitost koordinovaného pohybu je zásadnější.,,,What is the critical separability of disks for which constant stretch can be achieved?,Coordinated Motion Planning: Reconfiguring a Swarm of Labeled Robots with Bounded Stretch,https://doi.org/10.4230/LIPIcs.SoCG.2018.29
131,TCS-4156,Conflict-free coloring of unit-square graphs,"In addition to closing the worst-case gap for unit disks (and proving Conjecture 6), the worst-case conflict-free chromatic number for unit square graphs also remains […]",Computational geometry and metric spaces,quarantined,individual_review,Doplňuje nejhorší mez pro další rodinu geometrických průnikových grafů; obecné barvicí a hypergrafové bariéry mají přednost.,,,"In addition to closing the worst-case gap for unit disks (and proving Conjecture 6), the worst-case conflict-free chromatic number for unit square graphs also remains […]",Conflict-Free Coloring of Intersection Graphs,https://doi.org/10.4230/LIPIcs.ISAAC.2017.31
132,TCS-4212,Crossing-number approximation at bounded pathwidth,Can we approximate cr(G) for arbitrary (not maximal) pathwidth-w-graphs?,Computational geometry and metric spaces,quarantined,individual_review,Aproximace po současném omezení stromové struktury a odstranění maximality je úzká větev crossing-number problémů.,,,Can we approximate cr(G) for arbitrary (not maximal) pathwidth-w-graphs?,Crossing Number for Graphs with Bounded~Pathwidth,https://doi.org/10.4230/LIPIcs.ISAAC.2017.13
133,TCS-4252,Weak unit-square visibility graph recognition,"The hardness of Rec(USVw ) is still open (note that in our reduction, we heavily used the argument that certain constellations yield forbidden edges, which […]",Computational geometry and metric spaces,quarantined,individual_review,Rozpoznávání slabé varianty viditelnosti jednotkových čtverců přidává další speciální reprezentační model bez doloženého širšího dopadu.,,,"The hardness of Rec(USVw ) is still open (note that in our reduction, we heavily used the argument that certain constellations yield forbidden edges, which […]",Combinatorial Properties and Recognition of Unit Square Visibility Graphs,https://doi.org/10.4230/LIPIcs.MFCS.2017.30
134,TCS-4313,Counting weakly simple polygons from fixed segments,It is an open problem to count exactly how many weakly simple polygons can be obtained from the same set of line segments.,Computational geometry and metric spaces,quarantined,individual_review,Počítá rekonstruované polygony při dané množině hran; obecné počítání triangulací a realizací jsou silnější kandidáti.,,,It is an open problem to count exactly how many weakly simple polygons can be obtained from the same set of line segments.,Reconstruction of Weakly Simple Polygons from their Edges,https://doi.org/10.4230/LIPIcs.ISAAC.2016.10
135,TCS-4348,Exists-R hardness for multiplayer win-lose games,It remains open whether or not the established ∃R-hardness survives the restriction to r-player win-lose games with r ≥ 3; we note that the corresponding […],Computational geometry and metric spaces,quarantined,individual_review,Testuje zachování tvrdosti po binarizaci užitků; obecné otázky výpočtu rovnováh mají větší význam než další restrikční varianta.,,,It remains open whether or not the established ∃R-hardness survives the restriction to r-player win-lose games with r ≥ 3; we note that the corresponding […],A Catalog of EXISTS-R-Complete Decision Problems About Nash Equilibria in Multi-Player Games,https://doi.org/10.4230/LIPIcs.STACS.2016.17
136,TCS-4363,Stochastic spherical-shell coresets,This is unlike the deterministic setting. 2 We leave the problem of finding small coresets for the spherical shell problem as an interesting open problem.,Computational geometry and metric spaces,quarantined,individual_review,Hledá malý coreset pro konkrétní objekt v modelu náhodných bodů; obecné meze coresetů mají větší dosah.,,,This is unlike the deterministic setting. 2 We leave the problem of finding small coresets for the spherical shell problem as an interesting open problem.,epsilon-Kernel Coresets for Stochastic Points,https://doi.org/10.4230/LIPIcs.ESA.2016.50
137,TCS-4390,Enriched categories as a nice model of infinity-categories,"Are topologically partially enriched categories a nice model of (∞, 1)-categories ?",Computational geometry and metric spaces,quarantined,individual_review,"Slovo „nice“ nevymezuje požadované vlastnosti ani větu. Záznam není dost určitý, aby tvořil jeden zásadní problém.",,,"Are topologically partially enriched categories a nice model of (∞, 1)-categories ?",The Directed Homotopy Hypothesis,https://doi.org/10.4230/LIPIcs.CSL.2016.9
138,TCS-4426,Faster hyperplane separability of probabilistic points,"In particular, can the hyperplane separability problem be solved with running time Õ(nd(d+1)/2e ), instead of O(nd )?",Computational geometry and metric spaces,quarantined,individual_review,Zpřesňuje exponent algoritmu pro specifický pravděpodobnostní vstupní model; širší geometrické rozhodovací bariéry mají přednost.,,,"In particular, can the hyperplane separability problem be solved with running time Õ(nd(d+1)/2e ), instead of O(nd )?",Hyperplane Separability and Convexity of Probabilistic Point Sets,https://doi.org/10.4230/LIPIcs.SoCG.2016.38
139,TCS-4501,Round-bounded verification for full DataPDL,"We leave open whether round-bounded model checking can deal with full DataPDL, or with properties of the form ∀rings ∃run ∀m ϕ, which are branching-time […]",Computational geometry and metric spaces,quarantined,individual_review,Rozšiřuje existující ověřovací metodu na další logické konstrukce; jde o navazující expresivní rozšíření jednoho formalismu.,,,"We leave open whether round-bounded model checking can deal with full DataPDL, or with properties of the form ∀rings ∃run ∀m ϕ, which are branching-time […]",An Automata-Theoretic Approach to the Verification of Distributed Algorithms,https://doi.org/10.4230/LIPIcs.CONCUR.2015.340
140,TCS-4552,Automorphism groups of circular-arc graphs,What is Aut(CIRCULAR-ARC)?,Computational geometry and metric spaces,quarantined,individual_review,Klasifikace automorfismových grup jedné geometrické grafové třídy je specializovanější než obecná izomorfie a symetrie grafů.,,,What is Aut(CIRCULAR-ARC)?,Automorphism Groups of Geometrically Represented Graphs,https://doi.org/10.4230/LIPIcs.STACS.2015.540
141,TCS-5401,Treewidth lower bounds from a JSJ decomposition graph,On the Width of Complicated JSJ Decompositions — Question 1,Computational geometry and metric spaces,quarantined,individual_review,Vztah šířky variety k jedné konkrétní dekompozici je pomocný strukturální odhad; obecná algoritmická topologie má přednost.,,,Is there a lower bound for tw(M) in terms of tw(Γ(D))?,On the Width of Complicated JSJ Decompositions,https://doi.org/10.4230/LIPIcs.SoCG.2023.42
142,TCS-5598,Optimal constants for translated EMD in L1 and Linfinity,Fine-Grained Complexity of Earth Mover’s Distance Under Translation — Unresolved-question passage on page 4,Computational geometry and metric spaces,quarantined,individual_review,Hledá přesnou konstantu v konkrétních metrikách a transformační variantě EMD; základní aproximační a vložitelnostní otázky EMD jsou zásadnější.,,,For the L1 and L∞ metric in dimension d ⩾ 2 we leave open to determine the optimal constant c > 0 such that the […],Fine-Grained Complexity of Earth Mover’s Distance Under Translation,https://doi.org/10.4230/LIPIcs.SoCG.2024.25
143,TCS-5812,Two Sets Cut-Uncut on fat intersection graphs,Small Independent Sets Versus Small Separator in Geometric Intersection Graphs — Unresolved-question passage on page 14,Computational geometry and metric spaces,quarantined,individual_review,"Kombinace jedné řezové úlohy, neohodnocenosti a podobně velkých tlustých objektů vytváří úzký speciální případ.",,,What is the complexity of Two Sets Cut–Uncut on intersection graphs of similarly sized β-fat objects in Rd in the unweighted case?,Small Independent Sets Versus Small Separator in Geometric Intersection Graphs,https://doi.org/10.4230/LIPIcs.ESA.2026.137
144,TCS-5830,Polynomial confinement of the escaping ant,How Long Can The Escaping Ant Be Confined? — Unresolved-question passage on page 16,Computational geometry and metric spaces,quarantined,individual_review,Zlepšuje faktoriální odhad jedné geometrické procházky. Ani společně s TCS-1449 to netvoří hlavní algoritmickou bariéru pro atlas.,,,Can the factorial bound be improved to a polynomial bound in n?,How Long Can The Escaping Ant Be Confined?,https://doi.org/10.4230/LIPIcs.MFCS.2026.49
145,TCS-5833,Other metrics admitting linear-size ABC,On Small Pair Decompositions for Point Sets — Unresolved-question passage on page 16,Computational geometry and metric spaces,quarantined,individual_review,Žádost o další metrické prostory pro konkrétní rozklad dvojic je rozšířením použitelnosti jedné techniky bez stanovené centrální třídy.,,,"Which metric spaces, other than Rd , admit a linear-size ABC?",On Small Pair Decompositions for Point Sets,https://doi.org/10.4230/LIPIcs.ESA.2026.102
146,TCS-5838,Subquadratic-space oriented spanners below stretch two,Sparse Oriented Spanners in Metric Spaces — Unresolved-question passage on page 16,Computational geometry and metric spaces,quarantined,individual_review,Optimalizuje prostor při konkrétním směrovém omezení a prahu dilatace; obecné prostorové meze geometrických struktur mají přednost.,,,Can we compute a sparse oriented spanner with dilation less than 2 using subquadratic space?,Sparse Oriented Spanners in Metric Spaces,https://doi.org/10.4230/LIPIcs.ESA.2026.117
147,TCS-5848,A class completely characterized by a staircode,Elder-Rule-Staircodes for Augmented Metric Spaces — Unresolved-question passage on page 16,Computational geometry and metric spaces,quarantined,individual_review,"Existence nějaké třídy s úplností invariantu nevymezuje netriviální rozsah. Potřebovala by konkrétní významnou třídu, aby šlo o zásadní otázku.",,,Is there any class of aug-MSs X such that E(X ) completely characterizes X ?,Elder-Rule-Staircodes for Augmented Metric Spaces,https://doi.org/10.4230/LIPIcs.SoCG.2020.26
148,TCS-5971,Geometric configurations for explanation lower bounds,Proofs as Explanations: Short Certificates for Reliable Predictions — Open Question 1,Computational geometry and metric spaces,quarantined,individual_review,Hledá specifickou konfiguraci bodů pro dolní mez certifikátů vysvětlení; hlavní otázky spolehlivých predikcí mají větší dosah než tento pomocný příklad.,,,"Can one construct a set S of Ω(d2 ) points in Rd , and a test point x, such that: (1) no matter which point […]",Proofs as Explanations: Short Certificates for Reliable Predictions,https://proceedings.mlr.press/v291/blum25a.html
149,TCS-5981,Fractional coloring of triangle-free V-shape disjointness graphs,Disjointness Graphs of Short Polygonal Chains — Unresolved-question passage on page 11,Computational geometry and metric spaces,quarantined,individual_review,"Současná omezení na tvar, trojúhelníky a zlomkovou barevnost tvoří úzkou extremální kombinatoriku bez hlavního algoritmického cíle.",,,Do there exist triangle-free disjointness graphs of V-shapes with arbitrarily large fractional chromatic number?,Disjointness Graphs of Short Polygonal Chains,https://doi.org/10.4230/LIPIcs.SoCG.2022.56
150,TCS-6027,Constant-workspace tangents for nondisjoint polygons,Outer Common Tangents and Nesting of Convex Hulls in Linear Time and Constant Workspace — Explicit open question on PDF page 3,Computational geometry and metric spaces,quarantined,individual_review,Rozšiřuje lineární algoritmus s konstantní pamětí na překrývající se polygony; jde o konkrétní technický zbývající případ.,,,It remains open whether an outer common tangent of two polygons that are not disjoint can be found in linear time using constant workspace.,Outer Common Tangents and Nesting of Convex Hulls in Linear Time and Constant Workspace,https://doi.org/10.4230/LIPIcs.ESA.2016.4
151,TCS-6051,Binary curves with a ternary mean,On the Hardness of Computing an Average Curve — Unresolved-question passage on page 15,Computational geometry and metric spaces,quarantined,individual_review,"Změna abecedy středu při pevné binární vstupní abecedě je jemná klasifikace average-curve problému, nikoli obecná geometrická bariéra.",,,"Can a mean be found in polynomial time if the input is binary, but the center restricted to be ternary?",On the Hardness of Computing an Average Curve,https://doi.org/10.4230/LIPIcs.SWAT.2020.19
152,TCS-6066,Euclidean MSD hardness in intermediate dimensions,Novel Properties of Hierarchical Probabilistic Partitions and Their Algorithmic Applications — Unresolved-question passage on page 43,Computational geometry and metric spaces,quarantined,individual_review,Vyplňuje dimenzionální interval jedné úlohy; obecné meze metrického shlukování a dimenzionální závislosti jsou silnější kandidáti.,,,We note that the question of NP-hardness for Euclidean MSD when the dimension d lies between 3 and log n i.e. 3 ≤ d < […],Novel Properties of Hierarchical Probabilistic Partitions and Their Algorithmic Applications,https://doi.org/10.1109/FOCS61266.2024.00107
153,TCS-6149,An inverse-Ackermann bound for maximum empty boxes,On the Number of Maximum Empty Boxes Amidst n Points — Unresolved-question passage on page 12,Computational geometry and metric spaces,quarantined,individual_review,Zpřesňuje velmi jemný asymptotický faktor v jednom extremálním odhadu; hlavní geometrické algoritmické mezery mají přednost.,,,Can an upper bound X2 (n) = O(n 2α(n) ) be deduced?,On the Number of Maximum Empty Boxes Amidst n Points,https://doi.org/10.4230/LIPIcs.SoCG.2016.36
154,TCS-6152,Anisohedral polyominoes with translations and half-turns,A Quasilinear-Time Algorithm for Tiling the Plane Isohedrally with a Polyomino — Unresolved-question passage on page 13,Computational geometry and metric spaces,quarantined,individual_review,Existence při přesně omezené množině pohybů je specializovaný dlaždicový případ; obecné rozhodovací problémy dláždění mají větší dosah.,,,Does there exist a polyomino P that has a tiling containing only translations and 180◦ rotations of P and every such tiling is anisohedral?,A Quasilinear-Time Algorithm for Tiling the Plane Isohedrally with a Polyomino,https://doi.org/10.4230/LIPIcs.SoCG.2016.50
155,TCS-6264,Differentiability of paths in constructive-dimension level sets,On the Constructive Dimension Spectrum of Polynomials — Unresolved-question passage on page 12,Computational geometry and metric spaces,quarantined,individual_review,"Jde o jemnou analytickou regularitu úrovňových množin, bez jasného hlavního algoritmického důsledku pro tento TCS výběr.",,,"If every dimension level set in Euclidean space is path-connected, are such paths differentiable almost everywhere, or are there dimension level sets where every continuous […]",On the Constructive Dimension Spectrum of Polynomials,https://doi.org/10.4230/LIPIcs.ICALP.2026.183
156,TCS-6366,Classifying barycentric hyperplanes in one configuration,Barycentric Cuts Through a Convex Body — Explicit open question on PDF page 7,Computational geometry and metric spaces,quarantined,individual_review,"Přesný seznam barycentrických rovin relativně k danému geometrickému objektu je úzká klasifikační domněnka, ne obecná geometrická bariéra.",,,"More concretely, we conjecture that the only barycentric hyperplanes are the following: three planes perpendicular to T which meet T in lines realizing the depth […]",Barycentric Cuts Through a Convex Body,https://doi.org/10.4230/LIPIcs.SoCG.2020.62
157,TCS-6966,Near-linear bichromatic unit-disk matching,Obtain near-linear maximum matching for bichromatic unit disks or squares.,Computational geometry and metric spaces,quarantined,individual_review,Obecný near-linear matching jednotkových disků a čtverců zůstává v TCS-6965; jeho bichromatický podmodel nyní nepočítám jako další hlavní položku.,,TCS-6965,Obtain near-linear maximum matching for bichromatic unit disks or squares.,Some Open Problems in Computational Geometry,https://drops.dagstuhl.de/entities/document/10.4230/LIPIcs.MFCS.2020.2
158,TCS-0070,Prefix diversity bounds for Boolean languages,Prefix diversity bounds for Boolean languages,Computational complexity,quarantined,individual_review,Meze jedné pomocné míry jazyků mají menší dosah než obecné obvodové a formulové dolní meze; v záznamu není uveden zásadní důsledek pro ně.,,,Prefix diversity bounds for Boolean languages,"Circuits, Logic and Games",https://doi.org/10.4230/DagRep.5.9.105
159,TCS-0299,Direct sum of the fork relation,The direct sum of the fork relation,Computational complexity,quarantined,individual_review,"Přímý součet jedné konkrétní relace je užší než obecné direct-sum a kompoziční otázky, které oblast reprezentují lépe.",,,The direct sum of the fork relation,Computational Complexity of Discrete Problems,https://doi.org/10.4230/DagRep.7.3.45
160,TCS-1172,Subgroups collapsing under variable identifications,"Describe subgroups Γ ≤ Sn such that under the following restrictions: setting variables equal to each other, setting variables as 1, the group collapses to […]",Computational complexity,quarantined,individual_review,Klasifikace podgrup při určených substitucích je pomocný algebraický krok jedné metody obvodových dolních mezí; samotné dolní meze mají přednost.,,,"Describe subgroups Γ ≤ Sn such that under the following restrictions: setting variables equal to each other, setting variables as 1, the group collapses to […]",On CC⁰ Lower Bounds for AND via Torus Polynomials,https://doi.org/10.4230/LIPIcs.MFCS.2026.62
161,TCS-1556,Quantum time against a PSPACE-random permutation,"If π is a pspace-random permutation and T (n) = o(2n/3 ), is NLINπ ∩coNLINπ not contained in BQTIMEπ (T (n))?",Computational complexity,quarantined,individual_review,"Separace kombinuje konkrétní náhodné orákulum, lineární nedeterminismus a přesný časový režim; standardní kvantově-klasické separace jsou zásadnější.",,,"If π is a pspace-random permutation and T (n) = o(2n/3 ), is NLINπ ∩coNLINπ not contained in BQTIMEπ (T (n))?",Random Permutations in Computational Complexity,https://doi.org/10.4230/LIPIcs.MFCS.2025.58
162,TCS-1953,NP membership of a temporal QCSP fragment,Is QCSP(B) in NP whenever B is a temporal structure contained in the ππ fragment?,Computational complexity,quarantined,individual_review,"Členství v NP pro konkrétní ππ fragment časových struktur je dílčí případ klasifikace QCSP, nikoli hlavní dichotomická otázka.",,,Is QCSP(B) in NP whenever B is a temporal structure contained in the ππ fragment?,Identifying Tractable Quantified Temporal Constraints Within Ord-Horn,https://doi.org/10.4230/LIPIcs.ICALP.2024.151
163,TCS-2213,Transversal hardness of Roman hitting extensions,How tight is transversal hardness linked to the NP-hardness of a related extension problem?,Computational complexity,quarantined,individual_review,Vazba tvrdosti na jednu rozšiřovací variantu Roman hitting funkcí je příliš specifická vůči obecnému hitting set a enumeraci transverzál.,,,How tight is transversal hardness linked to the NP-hardness of a related extension problem?,Roman Hitting Functions,https://doi.org/10.4230/LIPIcs.IPEC.2024.24
164,TCS-2329,Recognizing cross-free 1-planar drawings,Is it NP-hard to test whether a given graph has a 1-planar drawing without ×-crossing?,Computational complexity,quarantined,individual_review,Dodatečný zákaz jednoho typu křížení vytváří úzkou variantu rozpoznávání 1-planárnosti; obecné realizační bariéry mají přednost.,,,Is it NP-hard to test whether a given graph has a 1-planar drawing without ×-crossing?,On Computing the Vertex Connectivity of 1-Plane Graphs,https://doi.org/10.4230/LIPIcs.ICALP.2023.23
165,TCS-2418,Branchwidth hardness on cubic graphs,"An easier open problem might be the complexity of Branchwidth for graphs of bounded degree, and we conjecture that Branchwidth is NP-complete on cubic graphs.",Computational complexity,quarantined,individual_review,Tvrdost po omezení stupně na tři je klasifikační doplnění; obecná složitost šířkových parametrů je pro atlas důležitější.,,,"An easier open problem might be the complexity of Branchwidth for graphs of bounded degree, and we conjecture that Branchwidth is NP-complete on cubic graphs.",Treewidth Is NP-Complete on Cubic Graphs,https://doi.org/10.4230/LIPIcs.IPEC.2023.7
166,TCS-2517,Computing convex rank of a sequence,It remains open if we can compute the convex rank exactly in polynomial time or if this problem is NP-hard.,Computational complexity,quarantined,individual_review,"Jde o výpočet pomocného parametru navrženého pro skoro konvexní konvoluce, nikoli obecnou bariéru konvoluce nebo obvodové složitosti.",,,It remains open if we can compute the convex rank exactly in polynomial time or if this problem is NP-hard.,Fast Convolutions for Near-Convex Sequences,https://doi.org/10.4230/LIPIcs.ISAAC.2023.16
167,TCS-2613,The hunter number with recontamination,"Although our results establish that computing mh(G) is NP-hard, the computational complexity of computing/deciding h(G) remains open, even if G is restricted to be a […]",Computational complexity,quarantined,individual_review,Složitost jedné grafové hry se zvláštními pravidly opětovné kontaminace má menší dosah než základní paměťové a vyhledávací bariéry.,,,"Although our results establish that computing mh(G) is NP-hard, the computational complexity of computing/deciding h(G) remains open, even if G is restricted to be a […]",Recontamination Helps a Lot to Hunt a Rabbit,https://doi.org/10.4230/LIPIcs.MFCS.2023.42
168,TCS-2645,Sweeping-line block pushing,Is it NP-complete to decide whether a given unlabeled sparse configuration can be pushed into a given compact configuration?,Computational complexity,quarantined,individual_review,"Neoznačené bloky, řídký počátek a kompaktní cíl vymezují specifické puzzle; obecné plánování pohybu má přednost.",,,Is it NP-complete to decide whether a given unlabeled sparse configuration can be pushed into a given compact configuration?,Pushing Blocks by Sweeping Lines,https://doi.org/10.4230/LIPIcs.FUN.2022.1
169,TCS-2762,Dominating and independent sets on degree-three proximity graphs,"It remains open whether DS or IS can be solved in polynomial time when restricted to RCGs, RNGs, or GGs with maximum degree 3.",Computational complexity,quarantined,individual_review,Současná omezení geometrické reprezentace a stupně tvoří zbytkové speciální případy dvou standardních grafových úloh.,,,"It remains open whether DS or IS can be solved in polynomial time when restricted to RCGs, RNGs, or GGs with maximum degree 3.",Most Classic Problems Remain NP-Hard on Relative Neighborhood Graphs and Their Relatives,https://doi.org/10.4230/LIPIcs.SWAT.2022.29
170,TCS-3026,Linear pseudodeterministic query bounds for FIND1 and SC,We conjecture that the bound for both FIND1 and SC can be improved to Ω(n) for pseudodetermnistic query complexity.,Computational complexity,quarantined,individual_review,Zpřesňuje dolní meze dvou testovacích úloh v jednom modelu; obecné separace pseudodeterminismu a náhody mají větší význam.,,,We conjecture that the bound for both FIND1 and SC can be improved to Ω(n) for pseudodetermnistic query complexity.,On the Pseudo-Deterministic Query Complexity of NP Search Problems,https://doi.org/10.4230/LIPIcs.CCC.2021.36
171,TCS-3235,Other lower bounds from black-box hypotheses,What Other Lower Bounds Are Implied by Black-Box Hypotheses?,Computational complexity,quarantined,individual_review,Neurčuje hypotézu ani cílovou dolní mez; je to výzva k dalším aplikacím výzkumné metody.,,,What Other Lower Bounds Are Implied by Black-Box Hypotheses?,Black-Box Hypotheses and Lower Bounds,https://doi.org/10.4230/LIPIcs.MFCS.2021.29
172,TCS-3288,Covering multigraphs without semi-edges,"Do there exist graphs H1 and H2 , both without semi-edges, such that H1 covers H2 , and such that the H1 -Cover is polynomial-time […]",Computational complexity,quarantined,individual_review,Hledá dvojici grafů se specifickým rozdílem ve složitosti pokrytí; jde o úzkou klasifikaci jednoho reprezentačního formalismu.,,,"Do there exist graphs H1 and H2 , both without semi-edges, such that H1 covers H2 , and such that the H1 -Cover is polynomial-time […]",Computational Complexity of Covering Multigraphs with Semi-Edges: Small Cases,https://doi.org/10.4230/LIPIcs.MFCS.2021.21
173,TCS-3644,Orientation width versus negation width,The question of how (if at all) the orientation width of DeMorgan circuits is related to their negation width remains open.,Computational complexity,quarantined,individual_review,Porovnává dvě pomocné míry obvodů bez určeného cílového vztahu; hlavní dolní meze pro obvody s omezenou negací mají přednost.,,,The question of how (if at all) the orientation width of DeMorgan circuits is related to their negation width remains open.,Lower Bounds for DeMorgan Circuits of Bounded Negation Width,https://doi.org/10.4230/LIPIcs.STACS.2019.41
174,TCS-3765,Coloring claw-free graphs of bounded diameter,"Does there exist an integer d such that Colouring is NP-complete for K1,3 -free graphs of diameter d?",Computational complexity,quarantined,individual_review,"Kombinace zákazu drápu a omezeného průměru je další restrikční větev klasifikace barvení, ne hlavní barvicí bariéra.",,,"Does there exist an integer d such that Colouring is NP-complete for K1,3 -free graphs of diameter d?",Colouring H-Free Graphs of Bounded Diameter,https://doi.org/10.4230/LIPIcs.MFCS.2019.14
175,TCS-3809,Low-space strategies in generalized mirror games,"Does either Alice or Bob ever have a low-space winning strategy for any (a, b) game when a and b are both larger than 1 […]",Computational complexity,quarantined,individual_review,Paměťová složitost hry při zvláštních počtech tahů obou hráčů je příliš modelově specifická proti obecným prostorovým separacím.,,,"Does either Alice or Bob ever have a low-space winning strategy for any (a, b) game when a and b are both larger than 1 […]",The Space Complexity of Mirror Games,https://doi.org/10.4230/LIPIcs.ITCS.2019.36
176,TCS-3967,Interesting logics between FPR and P,Can such restricted symmetries give rise to interesting logics in between FPR and P?,Computational complexity,quarantined,individual_review,Hledání „zajímavých“ mezilehlých logik nemá jednoznačné kritérium úspěchu; konkrétní otázky zachycení P jsou silnější kandidáti.,,,Can such restricted symmetries give rise to interesting logics in between FPR and P?,Symmetric Circuits for Rank Logic,https://doi.org/10.4230/LIPIcs.CSL.2018.20
177,TCS-3985,Geodesic obstacle representations with a given host graph,"For graph metrics, given two graphs G and H, is it NP-hard to decide if G has an H-obstacle representation?",Computational complexity,quarantined,individual_review,Tvrdost realizace v zadané hostitelské metrice je specializovaná varianta geometrického rozpoznávání.,,,"For graph metrics, given two graphs G and H, is it NP-hard to decide if G has an H-obstacle representation?",Geodesic Obstacle Representation of Graphs,https://doi.org/10.4230/LIPIcs.ICALP.2018.23
178,TCS-4013,Maximum-area anchored rectangle packing hardness,"Is it NP-hard to compute the maximum area anchored rectangle packing of a given set S ⊂ [0, 1]2 ?",Computational complexity,quarantined,individual_review,Ukotvené obdélníky představují úzký balicí model; obecné geometrické packingové a aproximační hranice mají přednost.,,,"Is it NP-hard to compute the maximum area anchored rectangle packing of a given set S ⊂ [0, 1]2 ?",Maximum Area Axis-Aligned Square Packings,https://doi.org/10.4230/LIPIcs.MFCS.2018.77
179,TCS-4160,Two-level majority with fan-in n minus two,"Currently, we do not know how to construct MAJk ◦ MAJk circuits computing MAJn on all inputs even for k = n − 2 (though […]",Computational complexity,quarantined,individual_review,Řeší velmi konkrétní deficit fan-inu u dvouvrstvého výpočtu majority. Obecné prahové obvodové bariéry zůstávají důležitější.,,,"Currently, we do not know how to construct MAJk ◦ MAJk circuits computing MAJn on all inputs even for k = n − 2 (though […]",Computing Majority by Constant Depth Majority Circuits with Low Fan-in Gates,https://doi.org/10.4230/LIPIcs.STACS.2017.49
180,TCS-4226,Recognizing Stable(D) at a degree threshold,Is Stable(D∆−2 ) NP-complete for graphs of maximum degree ∆ + 1?,Computational complexity,quarantined,individual_review,Tvrdost jedné téměř bipartitní grafové třídy při přesném stupňovém prahu je dílčí klasifikační případ.,,,Is Stable(D∆−2 ) NP-complete for graphs of maximum degree ∆ + 1?,Recognizing Graphs Close to Bipartite Graphs,https://doi.org/10.4230/LIPIcs.MFCS.2017.70
181,TCS-4361,A logical hierarchy inside a counting fragment,Does this circuit hierarchy lead to a logical hierarchy within #Πsk 1 ?,Computational complexity,quarantined,individual_review,Převádí jednu obvodovou hierarchii do specifického logického počítacího fragmentu; jde o lokální korespondenci formalismů.,,,Does this circuit hierarchy lead to a logical hierarchy within #Πsk 1 ?,Descriptive Complexity of #AC^0 Functions,https://doi.org/10.4230/LIPIcs.CSL.2016.20
182,TCS-4418,Two-truth-table autoreducibility of NP-complete sets,Are the 2-tt-complete sets for NP 2-tt-autoreducible?,Computational complexity,quarantined,individual_review,Přesně dvoudotazová autoredukovatelnost je jemná strukturální vlastnost redukcí; obecná NP-izomorfie a seberedukovatelnost mají přednost.,,,Are the 2-tt-complete sets for NP 2-tt-autoreducible?,Autoreducibility of NP-Complete Sets,https://doi.org/10.4230/LIPIcs.STACS.2016.42
183,TCS-4543,XP algorithms for b-Chromatic Number,Does there exist an XP algorithm for b-Chromatic Number?,Computational complexity,quarantined,individual_review,Parametrizovaná složitost varianty barevnosti s dominantními vrcholy je užší než hlavní grafové a parametrizované algoritmické problémy.,,,Does there exist an XP algorithm for b-Chromatic Number?,B-Chromatic Number: Beyond NP-Hardness,https://doi.org/10.4230/LIPIcs.IPEC.2015.389
184,TCS-4641,Subexponential local search for fill-in,Can it be that k-LS-FI is solvable in time O(2o(k) nc ) for some small constant c?,Computational complexity,quarantined,individual_review,Subexponenciální závislost na velikosti lokální změny řeší jednu variantu zlepšování fill-inu; obecné triangulační a šířkové bariéry jsou zásadnější.,,,Can it be that k-LS-FI is solvable in time O(2o(k) nc ) for some small constant c?,Searching for better fill-in,https://doi.org/10.4230/LIPIcs.STACS.2013.8
185,TCS-5174,Matching cuts on H-subgraph-free graphs,Matching Cuts in Graphs of High Girth and H-Free Graphs — Open Problem 1,Computational complexity,quarantined,individual_review,"Úplná klasifikace dvou úloh přes zakázaný podgraf je rozsáhlý program, ale převážně soubor restrikčních případů, nikoli jedna hlavní otázka.",,,Classify the computational complexity of Matching Cut and Disconnected Perfect Matching for H-subgraph-free graphs.,Matching Cuts in Graphs of High Girth and H-Free Graphs,https://doi.org/10.4230/LIPIcs.ISAAC.2023.31
186,TCS-5175,Structure of maximum nonclashing teaching classes,"Tournaments, Johnson Graphs and NC-Teaching — Open Problem 1",Computational complexity,quarantined,individual_review,Hledá blíže neurčené společné vlastnosti speciálních extremálních výukových tříd; cílová charakterizace ani zásadní důsledek nejsou určeny.,,,Find structural properties which are shared by all NC-maximum classes of NCTD d ≥ 2.,"Tournaments, Johnson Graphs and NC-Teaching",https://proceedings.mlr.press/v201/simon23a.html
187,TCS-5344,Internal characterization of GMSNP containment complexity,Containment for Guarded Monotone Strict NP — Explicit open question on PDF page 7,Computational complexity,quarantined,individual_review,Požadavek odvodit složitost „uvnitř“ určitého formalismu omezuje metodu důkazu; samotná sémantická otázka containmentu je významnější.,,,We leave it as an open question whether the precise complexity of containment for GMSNP can be determined purely from within the GMSNP framework.,Containment for Guarded Monotone Strict NP,https://doi.org/10.4230/LIPIcs.ICALP.2025.140
188,TCS-5366,A natural geometric measure of space complexity,Quantifiying the Robustness of Dynamical Systems. Relating Time and Space to Length and Precision — Explicit open question on PDF page 4,Computational complexity,quarantined,individual_review,"Přirozenost míry není formálně určena. Jde o návrh vhodného popisu výpočtu, nikoli jeden rozhodnutelný matematický cíl.",,,"The question of a natural measure for space complexity remains open, despite some very recent characterisations of (F )P SP ACE using ODEs [7].",Quantifiying the Robustness of Dynamical Systems. Relating Time and Space to Length and Precision,https://doi.org/10.4230/LIPIcs.CSL.2024.17
189,TCS-5455,Is hardness magnification a plausible route to P versus NP?,One-Tape Turing Machine and Branching Program Lower Bounds for MCSP — Explicit open question on PDF page 2,Computational complexity,quarantined,individual_review,Posuzování slibnosti výzkumné cesty není pravdivostní matematický problém. Konkrétní magnifikační věty a dolní meze jsou vhodnější položky.,,,Are hardness magnification phenomena plausible approaches for resolving the P versus NP question?,One-Tape Turing Machine and Branching Program Lower Bounds for MCSP,https://doi.org/10.4230/LIPIcs.STACS.2021.23
190,TCS-5489,Max Cut on unit interval graphs — second record,U-Bubble Model for Mixed Unit Interval Graphs and Its Applications: The MaxCut Problem Revisited — Explicit open question on PDF page 3,Computational complexity,quarantined,duplicate,Stejnou otázku polynomiální řešitelnosti versus NP-tvrdosti již výslovně obsahuje TCS-3105; tento záznam nepřidává další problém.,TCS-3105,TCS-3105,The question whether the MaxCut problem is polynomial-time solvable or NP-hard in unit interval graphs still remains open.,U-Bubble Model for Mixed Unit Interval Graphs and Its Applications: The MaxCut Problem Revisited,https://doi.org/10.4230/LIPIcs.MFCS.2020.57
191,TCS-5521,Hardness of H-clique-width outside trivial cases,H-Clique-Width and a Hereditary Analogue of Product Structure — Unresolved-question passage on page 14,Computational complexity,quarantined,individual_review,Vymezení výjimek jako „podobně triviálních“ neudává uzavřenou domněnku; navíc jde o klasifikaci odvozeného šířkového parametru.,,,Is it true that computing H-clique-width exactly is NP-hard for every fixed family H except in “similarly trivial” cases?,H-Clique-Width and a Hereditary Analogue of Product Structure,https://doi.org/10.4230/LIPIcs.MFCS.2024.61
192,TCS-5561,Infinitely-often linear Sigma2 circuits in an oracle world,Bounded Relativization — Unresolved-question passage on page 41,Computational complexity,quarantined,individual_review,"Kombinuje relativizaci, nekonečně mnoho délek a přesně lineární obvody; hlavní nerelativizované obvodové separace mají přednost.",,,"Finally, is there an oracle world under which Σp2 has linear-size circuits on infinitely many input lengths?",Bounded Relativization,https://doi.org/10.4230/LIPIcs.CCC.2023.6
193,TCS-5789,Truth-table completeness without bounded autoreducibility,Autoreducibility of NP-Complete Sets — Unresolved-question passage on page 11,Computational complexity,quarantined,individual_review,"Jde o jemné rozlišení několika redukčních režimů uvnitř NP-úplnosti, nikoli o hlavní bariéru úplnosti nebo izomorfie.",,,"For some k, is there a k-tt-complete set for NP that is not btt-autoreducible?",Autoreducibility of NP-Complete Sets,https://doi.org/10.4230/LIPIcs.STACS.2016.42
194,TCS-5844,A 2^n algorithm for b-Chromatic Number,B-Chromatic Number: Beyond NP-Hardness — Unresolved-question passage on page 12,Computational complexity,quarantined,individual_review,Dorovnává exponenciální základ u varianty barevnosti; obecné přesné algoritmické bariéry pro standardní úlohy mají větší význam.,,,Is there an algorithm for b-Chromatic Number running in time 2n nO(1) ?,B-Chromatic Number: Beyond NP-Hardness,https://doi.org/10.4230/LIPIcs.IPEC.2015.389
195,TCS-5963,NP-complete classes of homomorphism reconstruction,The Complexity of Homomorphism Reconstruction Revisited — Explicit open question on PDF page 11,Computational complexity,quarantined,individual_review,Formulace hledá nějakou třídu s tvrdostí bez konkrétní významné rodiny; pro samostatný top problém je cílový rozsah neurčený.,,,"It remains open, whether there are classes for which this problem is NP-complete.",The Complexity of Homomorphism Reconstruction Revisited,https://doi.org/10.4230/LIPIcs.STACS.2026.45
196,TCS-6065,A satisfying theory of TFPSPACE,Strategy-Stealing Is Non-Constructive — Unresolved-question passage on page 9,Computational complexity,quarantined,individual_review,"Ucelená teorie může být velmi důležitá, ale „satisfying theory“ nemá jedno kritérium vyřešení; jde o výzkumný program.",,,"Is there a satisfying theory of TFPSPACE, in analogy with TFNP?",Strategy-Stealing Is Non-Constructive,https://doi.org/10.4230/LIPIcs.ITCS.2020.21
197,TCS-6102,MAP lower bounds for Permutation,An Exponential Separation Between MA and AM Proofs of Proximity — Unresolved-question passage on page 12,Computational complexity,quarantined,individual_review,Optimalita důkazů blízkosti pro jedinou testovací vlastnost je užší než obecná síla a separace proximity proof modelů.,,,Does every MAP for Permutation have complexity Ω̃( n)?,An Exponential Separation Between MA and AM Proofs of Proximity,https://doi.org/10.4230/LIPIcs.ICALP.2018.73
198,TCS-6167,Elimination distance to bounded degree with mixed parameters,Elimination Distance to Bounded Degree on Planar Graphs — Unresolved-question passage on page 11,Computational complexity,quarantined,individual_review,"Kombinuje eliminaci, cílový stupeň a vstupní maximální stupeň; je to specifická parametrická varianta obecnějších vzdálenostních problémů.",,,"Is there an algorithm that, on input integers k, d, ∆ and an n-vertex graph graph G of maximum degree at most ∆, tests whether […]",Elimination Distance to Bounded Degree on Planar Graphs,https://doi.org/10.4230/LIPIcs.MFCS.2020.65
199,TCS-6698,Improve directed-reachability space or its time-space tradeoff,"Improve deterministic directed-reachability space, or achieve polynomial time with subpolynomial space.",Computational complexity,quarantined,individual_review,Zastřešující dvojice směrů se překrývá s L versus NL v TCS-0004 a polynomiálně časovým polylogaritmickým prostorem v TCS-6817; samostatné místo nepřidávám.,,TCS-0004 | TCS-6817,"Improve deterministic directed-reachability space, or achieve polynomial time with subpolynomial space.",Pseudorandomness,https://people.seas.harvard.edu/~salil/pseudorandomness/
200,TCS-6822,Explicit functions with strong general circuit lower bounds,Construct explicit Boolean functions with strong general circuit lower bounds.,Computational complexity,quarantined,individual_review,"Obecný požadavek silných mezí již zastupují konkrétní cíle TCS-0015, TCS-0016 a TCS-0021; tento záznam neudává další odlišný práh.",,TCS-0015 | TCS-0016 | TCS-0021,Construct explicit Boolean functions with strong general circuit lower bounds.,Computational Complexity: A Modern Approach,https://theory.cs.princeton.edu/complexity/
201,TCS-6975,The GCT LP/integer-feasibility correspondence,Establish the GCT program’s proposed polynomial-time LP/integer-feasibility correspondence.,Computational complexity,quarantined,individual_review,Je to konkrétní technický pilíř navrženého GCT programu; pro atlas mají přednost hlavní separační a obstrukční otázky před každým krokem jedné strategie.,,,Establish the GCT program’s proposed polynomial-time LP/integer-feasibility correspondence.,The Status of the P versus NP Problem,https://lance.fortnow.com/papers/files/pnp-cacm.pdf
202,TCS-6976,Feasibility algorithms for GCT polytopes,Find the required combinatorial feasibility algorithm and prove universal feasibility for the GCT polytopes.,Computational complexity,quarantined,individual_review,Kombinuje hledání algoritmu s univerzální proveditelností objektů jedné důkazové strategie; samostatně by rozmělňoval hlavní GCT problém do metodických podúkolů.,,,Find the required combinatorial feasibility algorithm and prove universal feasibility for the GCT polytopes.,The Status of the P versus NP Problem,https://lance.fortnow.com/papers/files/pnp-cacm.pdf
203,TCS-1152,Upper Clique Transversal on permutation graphs,"Is Upper Clique Transversal polynomial-time solvable on permutation graphs or, more generally, on graphs of (linear) mim-width 1?",Algorithms & data structures,quarantined,individual_review,Jedna maximalizační varianta transverzály v omezené grafové třídě má menší dosah než obecné transverzální a grafové algoritmické bariéry.,,,"Is Upper Clique Transversal polynomial-time solvable on permutation graphs or, more generally, on graphs of (linear) mim-width 1?",Upper Clique Transversal on Interval Graphs and Beyond,https://doi.org/10.4230/LIPIcs.MFCS.2026.99
204,TCS-1154,Subexponential Face Cover by solution size,"Is there an algorithm that solves Face Cover in 2O( k) time, where k is the face cover number?",Algorithms & data structures,quarantined,individual_review,Zpřesňuje parametrickou závislost u specifického pokrývání stěn; obecné planární parametrizované problémy jsou silnější kandidáti.,,,"Is there an algorithm that solves Face Cover in 2O( k) time, where k is the face cover number?",A Polynomial Kernel for Face Cover on Non-Embedded Planar Graphs,https://doi.org/10.4230/LIPIcs.STACS.2026.50
205,TCS-1232,Worst-case updates in weak binary search trees,It is an open question whether WST can be updated in O(log n) worst-case time per insert or delete operation.,Algorithms & data structures,quarantined,individual_review,Optimalizuje aktualizace jedné alternativní stromové reprezentace; hlavní otevřené otázky adaptivity a optimality vyhledávacích stromů mají přednost.,,,It is an open question whether WST can be updated in O(log n) worst-case time per insert or delete operation.,Weak Binary Search Trees,https://doi.org/10.4230/LIPIcs.FUN.2026.28
206,TCS-1347,Bounded iterations of multiobjective temporal label correction,"As a consequence, it remains open whether a label correcting algorithm can guarantee termination within a predefined number of iterations in general while still identifying […]",Algorithms & data structures,quarantined,individual_review,Požadavek omezuje konkrétní algoritmickou metodu v současně vícecílovém a časovém modelu; obecná složitost cest je zásadnější.,,,"As a consequence, it remains open whether a label correcting algorithm can guarantee termination within a predefined number of iterations in general while still identifying […]",Label Correcting Algorithms for the Multiobjective Temporal Shortest Path Problem,https://doi.org/10.4230/LIPIcs.SAND.2026.17
207,TCS-1483,Limited future information for random-hypergraph independent sets,"This naturally raises the following question: can algorithms with limited future information outperform the (1 + ϵ)αrCOMP threshold for Hr (n, p) and the (1 […]",Algorithms & data structures,quarantined,individual_review,Zkoumá překročení konkrétního prahu přidáním dílčí znalosti budoucnosti; jde o další informační variantu jedné náhodné úlohy.,,,"This naturally raises the following question: can algorithms with limited future information outperform the (1 + ϵ)αrCOMP threshold for Hr (n, p) and the (1 […]",Algorithmic Phase Transition for Large Independent Sets in Dense Hypergraphs,https://doi.org/10.4230/LIPIcs.APPROX/RANDOM.2026.68
208,TCS-1561,Trading parameters in low-sensitivity hopsets,"Observe that Theorem 4 shows that Theorem 3 is tight up to polylogarithmic factors, but it remains open whether we can explicitly trade between the […]",Algorithms & data structures,quarantined,individual_review,Uložená otázka ladí kompromis parametrů již téměř těsné konstrukce. Základní velikostní a délkové bariéry hopsetů mají větší prioritu.,,,"Observe that Theorem 4 shows that Theorem 3 is tight up to polylogarithmic factors, but it remains open whether we can explicitly trade between the […]",Low Sensitivity Hopsets,https://doi.org/10.4230/LIPIcs.ITCS.2025.13
209,TCS-1637,Worst-case errors for consecutive-interval amortized LDCs,"We construct t-consecutive interval querying, ideal Hamming aLDCs in private-key and resource-bounded settings and leave a construction for worst-case Hamming errors as an open question.",Algorithms & data structures,quarantined,individual_review,Přenáší konstrukci specifických amortizovaných lokálních kódů do dalšího chybového režimu; obecné LDC bariéry jsou důležitější.,,,"We construct t-consecutive interval querying, ideal Hamming aLDCs in private-key and resource-bounded settings and leave a construction for worst-case Hamming errors as an open question.",Amortized Locally Decodable Codes for Insertions and Deletions,https://doi.org/10.4230/LIPIcs.ITC.2025.1
210,TCS-1658,Split and Merge in a lazy-B-tree gap structure,"It remains an open problem to design a gap structure, which allows for efficiently supporting Split and Merge.",Algorithms & data structures,quarantined,individual_review,Rozšiřuje podpůrnou strukturu o dvě operace; samostatné místo by z obecného problému datových struktur udělalo seznam implementačních podúloh.,,,"It remains an open problem to design a gap structure, which allows for efficiently supporting Split and Merge.",Lazy B-Trees,https://doi.org/10.4230/LIPIcs.MFCS.2025.87
211,TCS-1667,Less space for two-dimensional LCE,"Also, can the space for a data structure for LCE queries be improved?",Algorithms & data structures,quarantined,individual_review,"Záznam žádá méně prostoru, ale neudává cílovou mez; obecné LCE a kompresní hranice jsou lépe vymezené problémy.",,,"Also, can the space for a data structure for LCE queries be improved?",Two-Dimensional Longest Common Extension Queries in Compact Space,https://doi.org/10.4230/LIPIcs.STACS.2025.38
212,TCS-1671,Polynomial kernels for Prison-free Edge Editing,We also leave open the question of a polynomial kernel for Prison-free Edge Editing.,Algorithms & data structures,quarantined,individual_review,"Jedna zakázaná konfigurace vymezuje další položku katalogu edge-editing kernelů, nikoli hlavní kompresní bariéru parametrizované složitosti.",,,We also leave open the question of a polynomial kernel for Prison-free Edge Editing.,Polynomial Kernel and Incompressibility for Prison-Free Edge Deletion and Completion,https://doi.org/10.4230/LIPIcs.STACS.2025.52
213,TCS-1939,The optimal modularity-expansion function,What is the optimal function f for which is it true that for any graph G we have q ∗ (G) ≤ 1 − f […],Algorithms & data structures,quarantined,individual_review,Přesné propojení dvou grafových měr je jemná strukturální otázka; základní algoritmické problémy komunit a řezů mají větší dosah.,,,What is the optimal function f for which is it true that for any graph G we have q ∗ (G) ≤ 1 − f […],Modularity and Graph Expansion,https://doi.org/10.4230/LIPIcs.ITCS.2024.78
214,TCS-1958,Hard half-space separation at Carathéodory number two,"Find a natural (graph) convexity with Carathéodory number 2 (e.g. triangle-path convexity [5]) where half-space separation is hard, or show that for all such convexities, […]",Algorithms & data structures,quarantined,individual_review,"Hledá vhodnou „přirozenou“ grafovou konvexitu s konkrétním parametrem; cílem je speciální modelový příklad, ne obecná geometrická bariéra.",,,"Find a natural (graph) convexity with Carathéodory number 2 (e.g. triangle-path convexity [5]) where half-space separation is hard, or show that for all such convexities, […]",Half-Space Separation in Monophonic Convexity,https://doi.org/10.4230/LIPIcs.MFCS.2024.51
215,TCS-1966,Stable matching under two-sided uncertainty,All other questions regarding finding a stable or stable and optimal matching remain open under two-sided uncertainty.,Algorithms & data structures,quarantined,individual_review,Formulace otevírá všechny zbývající varianty stabilního i optimálního párování. Bez konkrétní úlohy a informačního cíle jde o výzkumný program.,,,All other questions regarding finding a stable or stable and optimal matching remain open under two-sided uncertainty.,Competitive Query Minimization for Stable Matching with One-Sided Uncertainty,https://doi.org/10.4230/LIPIcs.APPROX/RANDOM.2024.17
216,TCS-1999,Different steady-state throughputs in splitter networks,Is there a network with two steady-states having different throughputs on their inputs and outputs?,Algorithms & data structures,quarantined,individual_review,Existence dvou propustností v jednom síťovém formalismu má užší dosah než obecné tokové a dynamické síťové otázky.,,,Is there a network with two steady-states having different throughputs on their inputs and outputs?,The Steady-States of Splitter Networks,https://doi.org/10.4230/LIPIcs.FUN.2024.9
217,TCS-2009,Subexponential Two-Sets Cut-Uncut,"Finally, is it possible to solve Two-Sets Cut-Uncut in subexponential time (in |S|+|T |)?",Algorithms & data structures,quarantined,individual_review,Zpřesňuje závislost na počtu terminálů u zvláštní řezové úlohy; hlavní parametrizované řezy mají přednost.,,,"Finally, is it possible to solve Two-Sets Cut-Uncut in subexponential time (in |S|+|T |)?",Two-Sets Cut-Uncut on Planar Graphs,https://doi.org/10.4230/LIPIcs.ICALP.2024.22
218,TCS-2088,Parameterized Matching Match Puzzle,"That is, is there an algorithm that runs in O(f (c) · poly(n)) for some graph classes of graphs of n vertices with c color, […]",Algorithms & data structures,quarantined,individual_review,Výběr grafových tříd a počet barev parametrizují konkrétní puzzle; to nesplňuje požadovanou zásadnost pro top 1000.,,,"That is, is there an algorithm that runs in O(f (c) · poly(n)) for some graph classes of graphs of n vertices with c color, […]",Computational Complexity of Matching Match Puzzle,https://doi.org/10.4230/LIPIcs.FUN.2024.17
219,TCS-2096,Unit d-interval versus disjoint balanced representations,"In particular, for d > 2, it is still unknown whether the class of unit d-interval graphs is contained in the class of disjoint balanced […]",Algorithms & data structures,quarantined,individual_review,Porovnání dvou omezených geometrických reprezentací je specializovaný klasifikační problém bez hlavního algoritmického důsledku v záznamu.,,,"In particular, for d > 2, it is still unknown whether the class of unit d-interval graphs is contained in the class of disjoint balanced […]",Generalizing Roberts' Characterization of Unit Interval Graphs,https://doi.org/10.4230/LIPIcs.MFCS.2024.12
220,TCS-2157,Higher-degree SoS bounds on noisy Johnson graphs,Can we get higher degree SoS lower bounds for UG using non-globally hypercontractive graphs such as the Johnson graph in the o(1)-noise regime?,Algorithms & data structures,quarantined,individual_review,Hledá další vhodné instance pro jednu důkazovou techniku. Obecné Unique Games a SoS bariéry mají přednost před konkrétní rodinou svědků.,,,Can we get higher degree SoS lower bounds for UG using non-globally hypercontractive graphs such as the Johnson graph in the o(1)-noise regime?,Solving Unique Games over Globally Hypercontractive Graphs,https://doi.org/10.4230/LIPIcs.CCC.2024.3
221,TCS-2172,A LOCAL implementation of a sparse edge-coloring theorem,"Is it possible to implement a version of Theorem 1 in the LOCAL model using only poly(∆, log n) rounds?",Algorithms & data structures,quarantined,individual_review,Přenáší konkrétní sekvenční výsledek do distribuovaného modelu s určenou závislostí na stupni; jde o navazující algoritmické rozšíření.,,,"Is it possible to implement a version of Theorem 1 in the LOCAL model using only poly(∆, log n) rounds?",Edge-Coloring Sparse Graphs with Δ Colors in Quasilinear Time,https://doi.org/10.4230/LIPIcs.ESA.2024.81
222,TCS-2262,Monotonicity penalty in arc diagrams,"It remains open whether there exists a “monotonicity penalty” in this problem, but we ruled out the probably most prominent class of non-Hamiltonian maximal planar […]",Algorithms & data structures,quarantined,individual_review,Zkoumá cenu dalšího kreslicího omezení pro jednu reprezentaci; obecné otázky grafových kreslení jsou zásadnější.,,,"It remains open whether there exists a “monotonicity penalty” in this problem, but we ruled out the probably most prominent class of non-Hamiltonian maximal planar […]",Monotone Arc Diagrams with Few Biarcs,https://doi.org/10.4230/LIPIcs.GD.2024.11
223,TCS-2265,Parameters of multilabel periodic temporal realization,"While our hardness results exclude FPT algorithms for Multi- Label Periodic TGR parameterized by the vertex cover number alone (unless P = NP), the question […]",Algorithms & data structures,quarantined,individual_review,"Souběh periodicity, více časových značek a parametru vertex cover vytváří příliš úzkou realizační variantu.",,,"While our hardness results exclude FPT algorithms for Multi- Label Periodic TGR parameterized by the vertex cover number alone (unless P = NP), the question […]",Parameterized Algorithms for Multi-Label Periodic Temporal Graph Realization,https://doi.org/10.4230/LIPIcs.SAND.2024.12
224,TCS-2341,Fault thresholds for odd-stretch emulators,"For odd k, what is the largest constant ck such that, for every n-node graph and parameter f = O(nck ), there is an f […]",Algorithms & data structures,quarantined,individual_review,Hledá přesný exponent dovoleného počtu chyb při lichém stretch parametru; obecné fault-tolerant sparsifikace mají přednost.,,,"For odd k, what is the largest constant ck such that, for every n-node graph and parameter f = O(nck ), there is an f […]",Epic Fail: Emulators Can Tolerate Polynomially Many Edge Faults for Free,https://doi.org/10.4230/LIPIcs.ITCS.2023.20
225,TCS-2410,Shortest disjoint-path reconfiguration on two faces,It is an open problem whether a shortest reconfiguration sequence can be found in polynomial time for Disjoint Paths Reconfiguration restricted to planar two-face instances.,Algorithms & data structures,quarantined,individual_review,Optimalizuje délku přestavby v planárních instancích s terminály na dvou stěnách; hlavní dosažitelnostní otázky reconfigurace mají větší dosah.,,,It is an open problem whether a shortest reconfiguration sequence can be found in polynomial time for Disjoint Paths Reconfiguration restricted to planar two-face instances.,Rerouting Planar Curves and Disjoint Paths,https://doi.org/10.4230/LIPIcs.ICALP.2023.81
226,TCS-2449,Factorial succinctness of coSafety-LTL over past LTL,We conjecture that coSafety-LTL can be n! (n factorial) more succinct than F(pLTL).,Algorithms & data structures,quarantined,individual_review,Jde o přesný faktor velikosti mezi dvěma omezenými syntaxemi; obecné expresivní a rozhodovací bariéry logik jsou důležitější.,,,We conjecture that coSafety-LTL can be n! (n factorial) more succinct than F(pLTL).,"LTL over Finite Words Can Be Exponentially More Succinct Than Pure-Past LTL, and vice versa",https://doi.org/10.4230/LIPIcs.TIME.2023.2
227,TCS-2484,Shapley values for length-three regular-path queries,The case where there are words of length three but not longer remains an open problem (as opposed to the case of edges where we […],Algorithms & data structures,quarantined,individual_review,Zbytkový případ maximální délky slova tři je jemná hranice jedné databázové koaliční úlohy.,,,The case where there are words of length three but not longer remains an open problem (as opposed to the case of edges where we […],The Complexity of the Shapley Value for Regular Path Queries,https://doi.org/10.4230/LIPIcs.ICDT.2023.11
228,TCS-2561,Single-exponential overlapping cluster editing,Does there exist a 2O(k) · poly(n)-time algorithm for CEVS?,Algorithms & data structures,quarantined,individual_review,Ladí parametrickou závislost varianty cluster editingu s překryvem komunit; obecné editovací a kernelizační bariéry mají přednost.,,,Does there exist a 2O(k) · poly(n)-time algorithm for CEVS?,Cluster Editing with Overlapping Communities,https://doi.org/10.4230/LIPIcs.IPEC.2023.2
229,TCS-2576,Matching TOWER hardness for one TeamLTL result,"Can the result (iii) of Theorem 17 be accompanied by an matching lower bound (i.e., TOWER(poly)-hardness result)?",Algorithms & data structures,quarantined,individual_review,Doplňuje dolní mez konkrétního výsledku uvnitř jednoho týmového sémantického formalismu; nejde o obecnou logickou bariéru.,,,"Can the result (iii) of Theorem 17 be accompanied by an matching lower bound (i.e., TOWER(poly)-hardness result)?",Set Semantics for Asynchronous TeamLTL: Expressivity and Complexity,https://doi.org/10.4230/LIPIcs.MFCS.2023.60
230,TCS-2594,Minimum arc deletions to an orchard network,"That is, what is the minimum number of reticulate arc deletions needed to make a network orchard?",Algorithms & data structures,quarantined,individual_review,Optimalizace převodu fylogenetické sítě do jedné zvláštní třídy je úzká biologická strukturální varianta.,,,"That is, what is the minimum number of reticulate arc deletions needed to make a network orchard?",Making a Network Orchard by Adding Leaves,https://doi.org/10.4230/LIPIcs.WABI.2023.7
231,TCS-2653,Monotone lion clearing with one additional lion,"Given a k-clearable graph G = (V, E), is it always monotonically clearable with k + 1 lions?",Algorithms & data structures,quarantined,individual_review,Přesná aditivní cena monotónnosti v konkrétním kontaminačním modelu je specializovanější než obecná složitost grafového hledání.,,,"Given a k-clearable graph G = (V, E), is it always monotonically clearable with k + 1 lions?",Lions and Contamination: Monotone Clearings,https://doi.org/10.4230/LIPIcs.SWAT.2022.17
232,TCS-2719,Isometric Path Cover on interval graphs,We also leave the complexity of Isometric Path Cover on interval graphs open.,Algorithms & data structures,quarantined,individual_review,Řeší jeden zbytkový průnik úlohy a grafové třídy; obecné pokrytí cestami má větší samostatný dosah.,,,We also leave the complexity of Isometric Path Cover on interval graphs open.,Complexity and Algorithms for ISOMETRIC PATH COVER on Chordal Graphs and Beyond,https://doi.org/10.4230/LIPIcs.ISAAC.2022.12
233,TCS-2725,Drone delivery on a path without initial positions,"For the case without initial positions, the complexity of both DDC and DDT on a path remains open.",Algorithms & data structures,quarantined,individual_review,Po odstranění počátečních pozic zbývá konkrétní model doručování na cestě; nejde o hlavní plánovací nebo síťovou bariéru.,,,"For the case without initial positions, the complexity of both DDC and DDT on a path remains open.",Package Delivery Using Drones with Restricted Movement Areas,https://doi.org/10.4230/LIPIcs.ISAAC.2022.49
234,TCS-2741,Upward-planar L-drawing recognition,We remark that the complexity of testing for the existence of upward-planar L-drawings in general also remains open.,Algorithms & data structures,quarantined,individual_review,Rozpoznává jeden zvláštní styl kreslení orientovaných grafů; obecná geometrická realizovatelnost má přednost.,,,We remark that the complexity of testing for the existence of upward-planar L-drawings in general also remains open.,On Upward-Planar L-Drawings of Graphs,https://doi.org/10.4230/LIPIcs.MFCS.2022.10
235,TCS-2747,Listing avoidable vertices when omega equals two,"An interesting problem would be, when m = o(n2 ) and ω = 2, can we do better than Ω(nm)?",Algorithms & data structures,quarantined,individual_review,Podmíněná optimalita výpisu jedné speciální vlastnosti vrcholů je příliš vzdálená hlavním grafovým algoritmickým cílům.,,,"An interesting problem would be, when m = o(n2 ) and ω = 2, can we do better than Ω(nm)?",New Lower Bounds and Upper Bounds for Listing Avoidable Vertices,https://doi.org/10.4230/LIPIcs.MFCS.2022.41
236,TCS-2759,Dense graph partitioning at bounded treewidth,"It was proved to be polynomial-time solvable on trees, but the complexity on graphs of bounded treewidth remains open.",Algorithms & data structures,quarantined,individual_review,"Jde o doplnění klasifikace konkrétního dělení grafu mezi stromy a omezenou šířkou, nikoli o obecnou šířkovou bariéru.",,,"It was proved to be polynomial-time solvable on trees, but the complexity on graphs of bounded treewidth remains open.",Dense Graph Partitioning on Sparse and Dense Graphs,https://doi.org/10.4230/LIPIcs.SWAT.2022.13
237,TCS-2800,Parameter policies in galloping merge sorts,"By contrast, we conjecture that no choice policy for the parameters t would provide us with (1 + o(1))nH∗ + O(n) upper bounds on the […]",Algorithms & data structures,quarantined,individual_review,Domněnka o nemožnosti optimality určité parametrizační politiky hodnotí rodinu konkrétních algoritmů; obecné adaptivní třídění má větší dosah.,,,"By contrast, we conjecture that no choice policy for the parameters t would provide us with (1 + o(1))nH∗ + O(n) upper bounds on the […]",Galloping in Fast-Growth Natural Merge Sorts,https://doi.org/10.4230/LIPIcs.ICALP.2022.68
238,TCS-2920,Age thresholds in temporal-connectivity labeling,"For which values of an upper age bound a, where d ≤ a ≤ 2r, can κ(G, a) computed efficiently?",Algorithms & data structures,quarantined,individual_review,Zkoumá interval dovolených časových stáří jedné značkovací úlohy; je to jemná parametrická klasifikace.,,,"For which values of an upper age bound a, where d ≤ a ≤ 2r, can κ(G, a) computed efficiently?",The Complexity of Computing Optimum Labelings for Temporal Connectivity,https://doi.org/10.4230/LIPIcs.MFCS.2022.62
239,TCS-3000,Sublinear kernels for Clique plus IS Deletion,Is there an O(k 1−ε ) kernel for Clique + IS Deletion for some ε > 0?,Algorithms & data structures,quarantined,individual_review,Zlepšení kernelu pod lineární mocninu v jedné editovací úloze je příliš specifické proti obecným kompresním bariérám.,,,Is there an O(k 1−ε ) kernel for Clique + IS Deletion for some ε > 0?,(Sub)linear Kernels for Edge Modification Problems Towards Structured Graph Classes,https://doi.org/10.4230/LIPIcs.IPEC.2021.8
240,TCS-3047,A clean representation of crossing matching cuts,Whether there is a clean representation that also captures all small and crossing matching cuts is an open problem.,Algorithms & data structures,quarantined,individual_review,Požadavek „čisté“ reprezentace není přesný velikostní či algoritmický cíl; jde o hledání vhodného formalismu pro jednu rodinu řezů.,,,Whether there is a clean representation that also captures all small and crossing matching cuts is an open problem.,The Structure of Minimum Vertex Cuts,https://doi.org/10.4230/LIPIcs.ICALP.2021.105
241,TCS-3068,Recoverable assignment with unbounded costs,The case with costs c2 that are not polynomially bounded remains open.,Algorithms & data structures,quarantined,individual_review,Rozšiřuje konkrétní robustní přiřazovací model za polynomiálně omezené ceny; obecné robustní optimalizační problémy mají přednost.,,,The case with costs c2 that are not polynomially bounded remains open.,An Investigation of the Recoverable Robust Assignment Problem,https://doi.org/10.4230/LIPIcs.IPEC.2021.19
242,TCS-3242,Three transversal problems on P1+P4-free graphs,Is each of the three problems is polynomial-time solvable for (P1 + P4 )-free graphs?,Algorithms & data structures,quarantined,individual_review,"Trojice standardních úloh při jednom malém zakázaném podgrafu je restrikční doplnění katalogu, nikoli nová hlavní bariéra.",,,Is each of the three problems is polynomial-time solvable for (P1 + P4 )-free graphs?,Feedback Vertex Set and Even Cycle Transversal for H-Free Graphs: Finding Large Block Graphs,https://doi.org/10.4230/LIPIcs.MFCS.2021.82
243,TCS-3343,Hardness of colored hitting-set games,"However, we do not know whether the corresponding Hitting Set games are hard.",Algorithms & data structures,quarantined,individual_review,Přenáší tvrdost do herní varianty konkrétní pokrývací úlohy; obecné kombinatorické hry jsou významnější kandidáti.,,,"However, we do not know whether the corresponding Hitting Set games are hard.",Colored Cut Games,https://doi.org/10.4230/LIPIcs.FSTTCS.2020.30
244,TCS-3372,Recognizing max/min well-behaved clustering graphs,We leave as an open problem the complexity of deciding if a graph is max or min well-behaved.,Algorithms & data structures,quarantined,individual_review,Rozpoznává pomocnou vlastnost grafu definovanou jedním hierarchickým shlukovacím formalismem; obecná optimalita shlukování má větší dosah.,,,We leave as an open problem the complexity of deciding if a graph is max or min well-behaved.,Hierarchical Clusterings of Unweighted Graphs,https://doi.org/10.4230/LIPIcs.MFCS.2020.47
245,TCS-3409,Simultaneous succinct-tree operations,How and if level-order rank/select and generating a word of BP or DFUDS can be simultaneously supported to run in constant time remains an open […],Algorithms & data structures,quarantined,individual_review,"Souběžná podpora level-order rank/select a výstupu BP či DFUDS je jemná kombinace rozhraní, nikoli obecná mez komprimovaných stromů.",,,How and if level-order rank/select and generating a word of BP or DFUDS can be simultaneously supported to run in constant time remains an open […],Distance Oracles for Interval Graphs via Breadth-First Rank/Select in Succinct Trees,https://doi.org/10.4230/LIPIcs.ISAAC.2020.25
246,TCS-3410,Dominating-set TAR connectivity on planar graphs,We leave the question whether Rk (G) is connected if G is planar and k ≥ Γ(G) + 2 as an open problem (see Conjecture […],Algorithms & data structures,quarantined,individual_review,Přesný práh vzhledem k hornímu dominačnímu číslu v jednom přestavbovém modelu je úzká reconfigurační otázka.,,,We leave the question whether Rk (G) is connected if G is planar and k ≥ Γ(G) + 2 as an open problem (see Conjecture […],Linear Transformations Between Dominating Sets in the TAR-Model,https://doi.org/10.4230/LIPIcs.ISAAC.2020.37
247,TCS-3465,Linear-time binary DTW mean for fixed k,"Can one solve BDTW-Mean in linear time for every constant k (that is, f (k) · n time for some function f )?",Algorithms & data structures,quarantined,individual_review,Pevný počet binárních řetězců a lineární čas vymezují specializovanou optimalitu; obecné DTW a curve-mean bariéry mají přednost.,,,"Can one solve BDTW-Mean in linear time for every constant k (that is, f (k) · n time for some function f )?",Faster Binary Mean Computation Under Dynamic Time Warping,https://doi.org/10.4230/LIPIcs.CPM.2020.28
248,TCS-3471,Linear-time verification of LexDFS orderings,"In particular, is it possible to check in linear time whether a given vertex ordering or a search tree belongs to LexDFS?",Algorithms & data structures,quarantined,individual_review,Zrychluje kontrolu výstupu konkrétní grafové prohledávací procedury; jde o algoritmický detail vůči hlavním problémům procházení grafů.,,,"In particular, is it possible to check in linear time whether a given vertex ordering or a search tree belongs to LexDFS?",Linear Time LexDFS on Chordal Graphs,https://doi.org/10.4230/LIPIcs.ESA.2020.13
249,TCS-3497,The structure of almost two-dimensional posets,What is the structure of almost two-dimensional posets?,Algorithms & data structures,quarantined,individual_review,"Bez definovaného cílového strukturního tvrzení jde o obecnou výzvu porozumět jedné třídě, ne jednotlivý problém.",,,What is the structure of almost two-dimensional posets?,Vertex Deletion into Bipartite Permutation Graphs,https://doi.org/10.4230/LIPIcs.IPEC.2020.5
250,TCS-3519,A meaningful hierarchy between parity and mean-payoff games,Is there a meaningful hierarchy between parity and mean payoff games?,Algorithms & data structures,quarantined,individual_review,"Hierarchie může být užitečná, ale její „smysluplnost“ není kritériem řešení. Konkrétní složitost obou typů her ponechávám.",,,Is there a meaningful hierarchy between parity and mean payoff games?,Value Iteration Using Universal Graphs and the Complexity of Mean Payoff Games,https://doi.org/10.4230/LIPIcs.MFCS.2020.34
251,TCS-3529,3-WL amenability at color multiplicity four,Can the amenability to 3-WL be decided in polynomial time on input graphs with the largest color multiplicity 4?,Algorithms & data structures,quarantined,individual_review,Pevná dimenze WL a přesně omezená barevná násobnost vytvářejí úzký případ obecné grafové identifikovatelnosti.,,,Can the amenability to 3-WL be decided in polynomial time on input graphs with the largest color multiplicity 4?,Identifiability of Graphs with Small Color Classes by the Weisfeiler-Leman Algorithm,https://doi.org/10.4230/LIPIcs.STACS.2020.43
252,TCS-3597,Rearrangement distance on bounded-degree labeled trees,The computational complexity of the rearrangement distance in the case of bounded degree trees remains an open problem.,Algorithms & data structures,quarantined,individual_review,Další stupňová restrikce jedné stromové vzdálenosti je příliš specializovaná proti hlavním tree-edit a fylogenetickým bariérám.,,,The computational complexity of the rearrangement distance in the case of bounded degree trees remains an open problem.,A Rearrangement Distance for Fully-Labelled Trees,https://doi.org/10.4230/LIPIcs.CPM.2019.28
253,TCS-3643,Source Cover on balanced graphs,"Motivated by the example in Figure 2b we leave as an open question, whether Source Cover on balanced graphs admits a polynomial-time algorithm.",Algorithms & data structures,quarantined,individual_review,Rozšiřuje traktabilitu jedné pomocné úlohy zabezpečení párování na specifickou grafovou třídu.,,,"Motivated by the example in Figure 2b we leave as an open question, whether Source Cover on balanced graphs admits a polynomial-time algorithm.",How to Secure Matchings Against Edge Failures,https://doi.org/10.4230/LIPIcs.STACS.2019.38
254,TCS-3749,Optimal I/Os for categorical reporting with approximate frequencies,"First, can we obtain a data structure that answers one-dimensional color reporting queries with approximate frequencies in optimal O(1 + K/B) I/Os?",Algorithms & data structures,quarantined,individual_review,Přesné odstranění režie dotazu při současném odhadu frekvencí je jemná optimalita jednoho external-memory rozhraní.,,,"First, can we obtain a data structure that answers one-dimensional color reporting queries with approximate frequencies in optimal O(1 + K/B) I/Os?",Categorical Range Reporting with Frequencies,https://doi.org/10.4230/LIPIcs.ICDT.2019.9
255,TCS-3838,Other tractable graph monoids for bounded context switching,"However, we leave open whether there are other graph monoids for which the problem is in P.",Algorithms & data structures,quarantined,individual_review,Hledá další monoidy pro již používanou metodu bez konkrétní hlavní cílové třídy; jde o rozšíření katalogu případů.,,,"However, we leave open whether there are other graph monoids for which the problem is in P.",Bounded Context Switching for Valence Systems,https://doi.org/10.4230/LIPIcs.CONCUR.2018.12
256,TCS-3852,Linear-time MLL+Mix sequentialization,We do not know how to compute MLL+Mix sequentializations in linear time.,Algorithms & data structures,quarantined,individual_review,Zrychluje jednu převodní operaci mezi proof nets a důkazy konkrétní logiky; obecné důkazové a sémantické bariéry mají přednost.,,,We do not know how to compute MLL+Mix sequentializations in linear time.,Unique perfect matchings and proof nets,https://doi.org/10.4230/LIPIcs.FSCD.2018.25
257,TCS-3913,Two-bitprobe storage of two elements,"The lower bound for the problem where n = 2 and t = 2, conjectured by Radhakrishnan et al. [6] to be Ω(m2/3 ), still […]",Algorithms & data structures,quarantined,individual_review,Přesný exponent prostoru pro množinu dvou prvků při dvou dotazech je velmi jemný konečný režim; obecné statické cell-probe dolní meze ponechávám.,,,"The lower bound for the problem where n = 2 and t = 2, conjectured by Radhakrishnan et al. [6] to be Ω(m2/3 ), still […]",Space Complexity of Two Adaptive Bitprobe Schemes Storing Three Elements,https://doi.org/10.4230/LIPIcs.FSTTCS.2018.12
258,TCS-3918,Recolorability with degree-three transition graphs,"However, the complexity status remains open for the case where a connected recolorability graph R is of maximum degree three and has at most one […]",Algorithms & data structures,quarantined,individual_review,Dodatečné omezení grafu povolených změn barev vytváří zbytkový případ jedné přebarvovací klasifikace.,,,"However, the complexity status remains open for the case where a connected recolorability graph R is of maximum degree three and has at most one […]",Algorithms for Coloring Reconfiguration Under Recolorability Constraints,https://doi.org/10.4230/LIPIcs.ISAAC.2018.37
259,TCS-3927,Coloring C4-free graphs without certain long paths,"We gave an almost complete dichotomy for Colouring restricted to (C4 , Pt )-free graphs and leave open only the cases when 7 ≤ t […]",Algorithms & data structures,quarantined,individual_review,"Článek sám vymezuje několik zbývajících délek zakázané cesty; vyřazuji tuto lokální mezeru, nikoli obecné barvicí problémy.",,,"We gave an almost complete dichotomy for Colouring restricted to (C4 , Pt )-free graphs and leave open only the cases when 7 ≤ t […]",Colouring Square-Free Graphs without Long Induced Paths,https://doi.org/10.4230/LIPIcs.STACS.2018.35
260,TCS-3969,Succinctness of modal team logic versus two-variable logic,How do MTLk and FO2k (∼) differ in terms of succinctness?,Algorithms & data structures,quarantined,individual_review,Porovnává velikost zápisu dvou parametrizovaných fragmentů; samostatný širší důsledek nad rámec této překladové otázky není vymezen.,,,How do MTLk and FO2k (∼) differ in terms of succinctness?,Canonical Models and the Complexity of Modal Team Logic,https://doi.org/10.4230/LIPIcs.CSL.2018.30
261,TCS-4004,Near-linear effective-resistance decomposition,Can the decomposition in Theorem 3 be computed in near linear time?,Algorithms & data structures,quarantined,individual_review,Zrychluje výpočet konkrétní dekompozice z jedné věty; hlavní spektrální a řezové algoritmické bariéry mají přednost.,,,Can the decomposition in Theorem 3 be computed in near linear time?,Graph Clustering using Effective Resistance,https://doi.org/10.4230/LIPIcs.ITCS.2018.41
262,TCS-4022,Two-colorable-set reconfiguration on chordal graphs,"In particular, what is the complexity of CSRTAR with c = 2 for chordal graphs?",Algorithms & data structures,quarantined,individual_review,Pevné dvě barvy a chordální vstup tvoří úzkou větev reconfigurace barevných množin.,,,"In particular, what is the complexity of CSRTAR with c = 2 for chordal graphs?",Reconfiguration of Colorable Sets in Classes of Perfect Graphs,https://doi.org/10.4230/LIPIcs.SWAT.2018.27
263,TCS-4055,Recognition for pairs of permutation avoidance classes,"What is the complexity of (C D)-recognition when C and D are any two (possibly identical) classes from the set {Av(2413, 3142), Av(213), Av(231), Av(132), […]",Algorithms & data structures,quarantined,individual_review,Kombinuje malé konkrétní zakázané permutační vzory do katalogu dvojic; obecné algoritmické otázky permutací mají větší dosah.,,,"What is the complexity of (C D)-recognition when C and D are any two (possibly identical) classes from the set {Av(2413, 3142), Av(213), Av(231), Av(132), […]",Generalized Coloring of Permutations,https://doi.org/10.4230/LIPIcs.ESA.2018.50
264,TCS-4088,Hamiltonian AUSO paths under Zadeh's rule,"Moreover, it remains open to decide if Zadeh’s rule admits Hamiltonian paths on AUSO, a direction suggested by the authors of [1].",Algorithms & data structures,quarantined,individual_review,Hledá speciální extrémní chování jedné pivotovací strategie na abstraktní krychli; obecná složitost simplexových metod je zásadnější.,,,"Moreover, it remains open to decide if Zadeh’s rule admits Hamiltonian paths on AUSO, a direction suggested by the authors of [1].",Exponential Lower Bounds for History-Based Simplex Pivot Rules on Abstract Cubes,https://doi.org/10.4230/LIPIcs.ESA.2017.69
265,TCS-4154,Domination kernels with a treedepth-two modulator,"On the other hand, for c = 2, in view of Theorem 15 only the existence of polynomial kernels for DS/2-tdmod on 2-degenerate and 3-degenerate […]",Algorithms & data structures,quarantined,individual_review,Zbytkové případy degenerace dva a tři při dalším modulátorovém omezení jsou příliš úzce parametrizované.,,,"On the other hand, for c = 2, in view of Theorem 15 only the existence of polynomial kernels for DS/2-tdmod on 2-degenerate and 3-degenerate […]",How Much Does a Treedepth Modulator Help to Obtain Polynomial Kernels Beyond Sparse Graphs?,https://doi.org/10.4230/LIPIcs.IPEC.2017.10
266,TCS-4198,Advice for quadratic-time graph exploration,"What is the smallest advice, given by a map oracle, permitting exploration of n-node graphs in time O(n2 )?",Algorithms & data structures,quarantined,individual_review,Optimalizuje velikost nápovědy při jednom předem určeném časovém rozpočtu; obecné paměťové hranice průzkumu mají vyšší prioritu.,,,"What is the smallest advice, given by a map oracle, permitting exploration of n-node graphs in time O(n2 )?",Deterministic Graph Exploration with Advice,https://doi.org/10.4230/LIPIcs.ICALP.2017.132
267,TCS-4215,Equal-length shortcuts for a circle,"In general, what is the diameter achievable with k shortcuts of equal length?",Algorithms & data structures,quarantined,individual_review,Přesný průměr kružnice po přidání stejně dlouhých zkratek je geometrický modelový problém s omezeným algoritmickým dosahem.,,,"In general, what is the diameter achievable with k shortcuts of equal length?",Shortcuts for the Circle,https://doi.org/10.4230/LIPIcs.ISAAC.2017.9
268,TCS-4388,Entropy of sorted versus unsorted 2D top-k queries,Is the effective entropy of unsorted Top-k queries smaller than the effective entropy of sorted Top-k queries on 2D arrays?,Algorithms & data structures,quarantined,individual_review,Porovnává informační náklady dvou výstupních konvencí jednoho rozhraní; obecné range-query dolní meze mají přednost.,,,Is the effective entropy of unsorted Top-k queries smaller than the effective entropy of sorted Top-k queries on 2D arrays?,Encoding Two-Dimensional Range Top-k Queries,https://doi.org/10.4230/LIPIcs.CPM.2016.3
269,TCS-4408,Quadratic kernels for Independent Feedback Vertex Set,Does Independent Feedback Vertex Set admit a kernel of size O(k 2 )?,Algorithms & data structures,quarantined,individual_review,Zpřesňuje velikost kernelu v dodatečně nezávislé variantě FVS; hlavní kernelizační bariéry jsou širší.,,,Does Independent Feedback Vertex Set admit a kernel of size O(k 2 )?,Improved Algorithms and Combinatorial Bounds for Independent Feedback Vertex Set,https://doi.org/10.4230/LIPIcs.IPEC.2016.2
270,TCS-4410,Matching Cut at diameter three,What is the computational complexity of Matching Cut in graphs of diameter 3?,Algorithms & data structures,quarantined,individual_review,"Pevný malý průměr je další restrikční případ specifické řezové úlohy, nikoli hlavní grafový problém.",,,What is the computational complexity of Matching Cut in graphs of diameter 3?,On the Complexity of Matching Cut in Graphs of Fixed Diameter,https://doi.org/10.4230/LIPIcs.ISAAC.2016.50
271,TCS-4421,Splay trees as mergeable dictionaries,"In particular, is the splay tree [17] a mergeable dictionary with such a property?",Algorithms & data structures,quarantined,individual_review,"Ptá se, zda jedna existující struktura zvládne další rozhraní; dynamická optimalita splay trees je zásadnější samostatná otázka.",,,"In particular, is the splay tree [17] a mergeable dictionary with such a property?",A Simple Mergeable Dictionary,https://doi.org/10.4230/LIPIcs.SWAT.2016.7
272,TCS-4598,Connected graph editing with degree congruences,"Can G be (S, k)-modified into a connected graph H with dH (v) ≡ δ(v) (mod `) for each v ∈ V (H)?",Algorithms & data structures,quarantined,individual_review,"Současné editovací, souvislostní a modulární podmínky tvoří specializovanou variantu eulerovských úprav.",,,"Can G be (S, k)-modified into a connected graph H with dH (v) ≡ δ(v) (mod `) for each v ∈ V (H)?",Editing to Eulerian Graphs,https://doi.org/10.4230/LIPIcs.FSTTCS.2014.97
273,TCS-4649,Match width versus braid width for XPath,The content of the conjecture is therefore the other implication: is it the case that unbounded match width means unbounded braid width?,Algorithms & data structures,quarantined,individual_review,Rovnocennost dvou pomocných šířek je dílčí strukturální krok jedné rozhodnutelnostní analýzy dokumentů.,,,The content of the conjecture is therefore the other implication: is it the case that unbounded match width means unbounded braid width?,Decidable classes of documents for XPath,https://doi.org/10.4230/LIPIcs.FSTTCS.2012.99
274,TCS-4981,Induced disjoint paths on string-graph subclasses,Induced Disjoint Paths Without an Induced Minor — Unresolved-question passage on page 4,Algorithms & data structures,quarantined,individual_review,Přidává dvě geometricky omezené třídy ke klasifikaci indukovaných cest; hlavní obecné disjoint-paths otázky mají přednost.,,,"We leave open the complexity of Induced k-Disjoint Paths in 1-string graphs, and also in segment intersection graphs (a further restriction to 1-string graphs).",Induced Disjoint Paths Without an Induced Minor,https://doi.org/10.4230/LIPIcs.ICALP.2025.4
275,TCS-5266,Linear kernels for Face Cover Number,A Polynomial Kernel for Face Cover on Non-Embedded Planar Graphs — Open Question 1,Algorithms & data structures,quarantined,individual_review,Lineární místo polynomiálního kernelu je jemná optimalita stejného specifického problému jako TCS-1154.,,,Does there exist a linear kernel for Face Cover Number?,A Polynomial Kernel for Face Cover on Non-Embedded Planar Graphs,https://doi.org/10.4230/LIPIcs.STACS.2026.50
276,TCS-5286,2-Cut on claw-free graphs,Finding d-Cuts in Claw-Free Graphs — Open Problem 1,Algorithms & data structures,quarantined,individual_review,"Pevný řezový parametr a zákaz drápu vytvářejí úzký klasifikační případ, ne hlavní řezovou bariéru.",,,What is the complexity of 2-Cut for claw-free graphs?,Finding d-Cuts in Claw-Free Graphs,https://doi.org/10.4230/LIPIcs.ISAAC.2025.4
277,TCS-5320,Probabilistic universality of minimum-size temporal spanners,Sharp Thresholds in Random Simple Temporal Graphs — Explicit open question on PDF page 3,Algorithms & data structures,quarantined,individual_review,Žádá další vlastnost při přesně optimálním počtu hran; obecná existence řídkých časových spannerů je důležitější.,,,"Finally, whether optimal size spanners (i.e., spanners of size 2n − 4) are probabilistically universal remains open.",Sharp Thresholds in Random Simple Temporal Graphs,https://doi.org/10.1109/FOCS52979.2021.00040
278,TCS-5325,Star 4-Colouring on subcubic graphs,"Complexity Framework for Forbidden Subgraphs II: Edge Subdivision and the ""H""-Graphs — Open Problem 5",Algorithms & data structures,quarantined,individual_review,"Právě čtyři barvy, hvězdicové barvení a stupeň tři tvoří velmi specifickou kombinaci omezení.",,,What is the complexity of Star 4-Colouring for subcubic graphs?,"Complexity Framework for Forbidden Subgraphs II: Edge Subdivision and the ""H""-Graphs",https://doi.org/10.4230/LIPIcs.ISAAC.2024.47
279,TCS-5370,Linear temporal-clique spanners — second record,Temporal Connectivity Augmentation — Explicit open question on PDF page 3,Algorithms & data structures,quarantined,duplicate,Stejnou otázku existence lineárních spannerů ve všech časových klikách už obsahuje TCS-1664; druhý zdroj není další problém.,TCS-1664,TCS-1664,The question of whether a linear spanner exists in all temporal cliques remains open.,Temporal Connectivity Augmentation,https://doi.org/10.4230/LIPIcs.SAND.2025.3
280,TCS-5460,Multistage 2-coloring under combined parameters,Bipartite Temporal Graphs and the Parameterized Complexity of Multistage 2-Coloring — Explicit open question on PDF page 3,Algorithms & data structures,quarantined,individual_review,Řeší jednu kombinaci parametrů časového dvoubarvení; takové zbytkové kombinace nemají samostatnou top-1000 prioritu.,,,"Another interesting example is MS2C parameterized by dccU +τ , for which we do not know whether it is contained in XP or para-NP-hard.",Bipartite Temporal Graphs and the Parameterized Complexity of Multistage 2-Coloring,https://doi.org/10.4230/LIPIcs.SAND.2022.16
281,TCS-5526,Kernels for an E4E multistage path variant,Multistage s-t Path: Confronting Similarity with Dissimilarity in Temporal Graphs — Explicit open question on PDF page 13,Algorithms & data structures,quarantined,individual_review,Polynomiální kernel při součtu konkrétního matchingového parametru a počtu vrstev je úzce vymezený podmodel časových cest.,,,We leave open whether E4E- MstP allows for a problem kernel of size polynomial in ν↓ + τ .,Multistage s-t Path: Confronting Similarity with Dissimilarity in Temporal Graphs,https://doi.org/10.4230/LIPIcs.ISAAC.2020.43
282,TCS-5572,Longest heapable subsequence — introductory record,Fixed-Parameter Algorithms for Longest Heapable Subsequence and Maximum Binary Tree — Explicit open question on PDF page 1,Algorithms & data structures,quarantined,individual_review,Uložený výňatek pouze představuje zobecnění rostoucí podposloupnosti; neobsahuje konkrétní otevřenou otázku ani požadovanou mez.,,,"Finding a longest heapable subsequence of a given sequence was proposed by Byers, Heeringa, Mitzenmacher, and Zervas (ANALCO 2011) as a generalization of the well-studied […]",Fixed-Parameter Algorithms for Longest Heapable Subsequence and Maximum Binary Tree,https://doi.org/10.4230/LIPIcs.IPEC.2020.7
283,TCS-0696,Boosting lower bounds with Hadamard matrices,Lower bounds for Boosting with Hadamard Matrices,Learning theory,quarantined,individual_review,Předepisuje konkrétní konstrukci pro dolní mez; obecná optimální složitost boostingu je důležitější než úspěch jedné důkazové cesty.,,,Lower bounds for Boosting with Hadamard Matrices,COLT / PMLR,https://proceedings.mlr.press/v30/Nie13.html
284,TCS-0697,Does AdaBoost always cycle?,Does AdaBoost Always Cycle?,Learning theory,quarantined,individual_review,"Asymptotický cyklus konkrétní aktualizační procedury je zajímavá dynamika algoritmu, ale slabší kandidát než obecná naučitelnost a vzorková složitost.",,,Does AdaBoost Always Cycle?,COLT / PMLR,https://proceedings.mlr.press/v23/rudin12.html
285,TCS-1310,Choosing robustness notions for linear reconstruction,"Identifying the right robustness notions for the linear reconstruction game, and determining the corresponding optimal error and rates of convergence, remain open.",Learning theory,quarantined,individual_review,Nejprve žádá zvolit správnou definici robustnosti; bez ní není určena jedna otázka ani kritérium jejího vyřešení.,,,"Identifying the right robustness notions for the linear reconstruction game, and determining the corresponding optimal error and rates of convergence, remain open.",Optimal Reconstruction from Linear Queries,https://proceedings.mlr.press/v336/filmus26a.html
286,TCS-1360,Accelerating constrained non-Euclidean star-convex optimization,"For the constrained non-convex case, since evaluating the direction of the constrained proximal step becomes a challenge, it is unknown if accelerated convergence rates are […]",Learning theory,quarantined,individual_review,Přenáší zrychlení do kombinace dalších geometrických a omezujících předpokladů; obecná optimalita nekonvexní optimalizace má přednost.,,,"For the constrained non-convex case, since evaluating the direction of the constrained proximal step becomes a challenge, it is unknown if accelerated convergence rates are […]",Accelerated Mirror Descent for Non-Euclidean Star-convex Functions,https://proceedings.mlr.press/v313/lezane26a.html
287,TCS-1542,Reweighting for short prediction certificates,"Can we construct general-purpose reweighting schemes (possibly employing some form of iterated multiplicative weights like AdaBoost) that do not require knowing D, but implicitly converge […]",Learning theory,quarantined,individual_review,Hledá obecnou reweightingovou metodu pro jednu aplikaci vysvětlování predikcí; nezadává konkrétní hlavní naučitelnostní bariéru.,,,"Can we construct general-purpose reweighting schemes (possibly employing some form of iterated multiplicative weights like AdaBoost) that do not require knowing D, but implicitly converge […]",Proofs as Explanations: Short Certificates for Reliable Predictions,https://proceedings.mlr.press/v291/blum25a.html
288,TCS-1942,Extremal dual VC dimension of extremal classes,Is it true that for every d ∈ N there exists an extremal class C with vc(C) = d and vc⋆ (C) = 2d + […],Learning theory,quarantined,individual_review,Přesné dosažení meze duální dimenze je pomocná strukturální otázka pro jednu cestu ke kompresi; samotná kompresní domněnka zůstává.,,,Is it true that for every d ∈ N there exists an extremal class C with vc(C) = d and vc⋆ (C) = 2d + […],Dual VC Dimension Obstructs Sample Compression by Embeddings,https://proceedings.mlr.press/v247/chase24a.html
289,TCS-1943,The optimal constant with a consistent learning oracle,"What is the minimal C > 0 such that for all d there exists an online learning algorithm in the model with consistent oracle, making […]",Learning theory,quarantined,individual_review,Hledá nejmenší konstantu v počtu chyb specifického orákulového modelu; obecná online naučitelnost má větší dosah.,,,"What is the minimal C > 0 such that for all d there exists an online learning algorithm in the model with consistent oracle, making […]",Simple online learning with consistent oracle,https://proceedings.mlr.press/v247/kozachinskiy24a.html
290,TCS-2064,Dimension-free barycenters in positive-curvature CAT spaces,We do not know whether a dimension free bound can be achieved in CAT(κ) spaces for κ > 0.,Learning theory,quarantined,individual_review,Rozšiřuje koncentrační odhad do konkrétního geometrického režimu; obecné statistické a metrické učicí bariéry mají přednost.,,,We do not know whether a dimension free bound can be achieved in CAT(κ) spaces for κ > 0.,Concentration of empirical barycenters in metric spaces,https://proceedings.mlr.press/v237/brunel24a.html
291,TCS-2115,Local SGD beating mini-batch SGD in one regime,"Local SGD can dominate mini-batch SGD over the problem class PτH,Q,B,σ ∩ PζH,B,σ ⋆ in the regime when τ, QB ≪ H and σ, ζ⋆ […]",Learning theory,quarantined,individual_review,Porovnává dvě metody při souběhu konkrétních hladkostních a heterogenních parametrů; jde o lokální algoritmický kompromis.,,,"Local SGD can dominate mini-batch SGD over the problem class PτH,Q,B,σ ∩ PζH,B,σ ⋆ in the regime when τ, QB ≪ H and σ, ζ⋆ […]",The Limits and Potentials of Local SGD for Distributed Heterogeneous Learning with Intermittent Communication,https://proceedings.mlr.press/v247/patel24a.html
292,TCS-2255,Score-estimation rates above Holder smoothness one,Determining the optimal rate of estimating β-Hölder scores with β > 1 remains an open question. 2,Learning theory,quarantined,individual_review,Doplňuje hladkostní režim jedné neparametrické odhadové úlohy; obecné výpočetně-statistické bariéry mají větší prioritu.,,,Determining the optimal rate of estimating β-Hölder scores with β > 1 remains an open question. 2,Optimal score estimation via empirical Bayes smoothing,https://proceedings.mlr.press/v247/wibisono24a.html
293,TCS-2269,Exact local Glivenko-Cantelli deviations,"Exact non-asymptotic bounds would be of particular interest, but to the best of our knowledge even characterizing the asymptotic behavior of the maximum deviation for […]",Learning theory,quarantined,individual_review,Další přesná asymptotika maximální odchylky má menší dosah než hlavní vzorkové meze a obecná uniformní konvergence.,,,"Exact non-asymptotic bounds would be of particular interest, but to the best of our knowledge even characterizing the asymptotic behavior of the maximum deviation for […]",Tight Bounds for Local Glivenko-Cantelli,https://proceedings.mlr.press/v237/blanchard24a.html
294,TCS-2275,VC bounds for a disagreement construction,"However, the technique in the proof of Theorem 3 does not seem sufficient to establish this, and we leave open the question of whether VC(D(C)) […]",Learning theory,quarantined,individual_review,Zpřesňuje pomocný vztah mezi dimenzemi jedné transformační konstrukce; hlavní vazby dimenzí na naučitelnost jsou zásadnější.,,,"However, the technique in the proof of Theorem 3 does not seem sufficient to establish this, and we leave open the question of whether VC(D(C)) […]",The Star Number and Eluder Dimension: Elementary Observations About the Dimensions of Disagreement,https://proceedings.mlr.press/v247/hanneke24a.html
295,TCS-2461,Generalization-bound limitations for smooth SCO subclasses,It is an open question to show that such limitations exist for the subclasses of SCO problems with smooth or strongly-convex loss functions.,Learning theory,quarantined,individual_review,Rozšiřuje omezení jedné analytické metody na další podtřídy funkcí; nejde o samotnou statistickou nebo výpočetní nemožnost učení.,,,It is an open question to show that such limitations exist for the subclasses of SCO problems with smooth or strongly-convex loss functions.,Limitations of Information-Theoretic Generalization Bounds for Gradient Descent Methods in Stochastic Convex Optimization,https://proceedings.mlr.press/v201/haghifam23a.html
296,TCS-2462,Unknown variances in fixed-budget best-arm identification,"Finally, in the fixed-budget setting, characterizing the impact of not knowing the variances on the probability of misidentifying the best-arm is still an open problem.",Learning theory,quarantined,individual_review,Doplňuje informační cenu jedné neznalosti v jednom rozpočtovém modelu; hlavní instance-optimal best-arm otázky ponechávám.,,,"Finally, in the fixed-budget setting, characterizing the impact of not knowing the variances on the probability of misidentifying the best-arm is still an open problem.",Dealing with Unknown Variances in Best-Arm Identification,https://proceedings.mlr.press/v201/jourdan23a.html
297,TCS-2573,Other natural PLC-complete problems,What other natural problems belong to PLC or are PLC-complete?,Learning theory,quarantined,individual_review,"Žádá další příklady úplných problémů bez konkrétního kandidáta; to je budování repertoáru třídy, nikoli jedna zásadní domněnka.",,,What other natural problems belong to PLC or are PLC-complete?,"Extremal Combinatorics, Iterated Pigeonhole Arguments and Generalizations of PPP",https://doi.org/10.4230/LIPIcs.ITCS.2023.88
298,TCS-2622,Randomized extension of PL-function lower bounds,"We conjecture that our results can be extended to randomized algorithms, using the same technique in Nemirovskij and Yudin (1983) and explicit construction in Woodworth […]",Learning theory,quarantined,individual_review,Přenáší existující dolní mez do randomizovaného modelu navrženou technikou; jde o navazující rozšíření konkrétní analýzy.,,,"We conjecture that our results can be extended to randomized algorithms, using the same technique in Nemirovskij and Yudin (1983) and explicit construction in Woodworth […]",On the Lower Bound of Minimizing Polyak-Łojasiewicz functions,https://proceedings.mlr.press/v195/yue23a.html
299,TCS-2829,Structure of DPP maximum-likelihood kernels,"If the cardinality of every subset in a training set is at most k ≥ 1, then every optimal maximum likelihood marginal kernel for the […]",Learning theory,quarantined,individual_review,Omezená velikost tréninkových podmnožin vede k technické domněnce o optimálním kernelu; obecná efektivní naučitelnost DPP má přednost.,,,"If the cardinality of every subset in a training set is at most k ≥ 1, then every optimal maximum likelihood marginal kernel for the […]",Hardness of Maximum Likelihood Learning of DPPs,https://proceedings.mlr.press/v178/grigorescu22a.html
300,TCS-2833,Hierarchical locality breaking neural approximation dimensionality,"We conjecture that hierarchical localities are also the key ingredient to break the curse of dimensionality for approximation in finite-width neural networks, bringing down the […]",Learning theory,quarantined,individual_review,"Tvrzení, že určitý princip je klíčový, bez přesně určené rodiny a meze není samostatná rozhodnutelná matematická otázka.",,,"We conjecture that hierarchical localities are also the key ingredient to break the curse of dimensionality for approximation in finite-width neural networks, bringing down the […]",Eigenspace Restructuring: A Principle of Space and Frequency in Neural Networks,https://proceedings.mlr.press/v178/xiao22a.html
301,TCS-3109,Tight k-cover times for irreducible chains,"We leave the tight characterization of k-cover time for irreducible chains as an open problem, but we conjecture the lower bound to be tight.",Learning theory,quarantined,individual_review,Přesné pokrytí jednoho typu náhodné procházky je pomocná pravděpodobnostní veličina; hlavní bariéry učení Markovových modelů mají větší dosah.,,,"We leave the tight characterization of k-cover time for irreducible chains as an open problem, but we conjecture the lower bound to be tight.",Learning and Testing Irreducible Markov Chains via the $k$-Cover Time,https://proceedings.mlr.press/v132/chan21a.html
302,TCS-3303,Minimum translational-embedding dimension of a DAG,What characterization can be given for the minimum dimension of a translational embedding of a dag?,Learning theory,quarantined,individual_review,Klasifikuje jednu reprezentaci relací v eukleidovském prostoru; obecná dimenzionální a reprezentační složitost má přednost.,,,What characterization can be given for the minimum dimension of a translational embedding of a dag?,What relations are reliably embeddable in Euclidean space?,https://proceedings.mlr.press/v117/bhattacharjee20a.html
303,TCS-3388,The strongest optimality notion in general environments,"Finding the strongest notion of optimality attainable in general environments is an open problem (Hutter, 2009a).",Learning theory,quarantined,individual_review,Hledání nejsilnější vhodné definice optimality nemá předem stanovené kritérium řešení; jde o výzkumný program.,,,"Finding the strongest notion of optimality attainable in general environments is an open problem (Hutter, 2009a).",Pessimism About Unknown Unknowns Inspires Conservatism,https://proceedings.mlr.press/v125/cohen20a.html
304,TCS-3587,Noiseless sorted top-k after more than two rounds,Get tight (up to a constant factor) sample complexity bounds for the noiseless case when r > 2.,Learning theory,quarantined,individual_review,Zbývající počet kol a přesná vzorková optimalita jedné pořadové úlohy jsou příliš specifické pro tento výběr.,,,Get tight (up to a constant factor) sample complexity bounds for the noiseless case when r > 2.,Sorted Top-k in Rounds,https://proceedings.mlr.press/v99/braverman19a.html
305,TCS-3666,Efficient reinforcement-learning baselines,"Designing efficient baselines is still an open problem in RL, and understanding limiting behavior of different estimators could lead to new insights.",Learning theory,quarantined,individual_review,Návrh dobrých baseline estimátorů není jediný vymezený problém s cílovou mezí; obecné RL sample-complexity otázky jsou vhodnější.,,,"Designing efficient baselines is still an open problem in RL, and understanding limiting behavior of different estimators could lead to new insights.",The Gap Between Model-Based and Model-Free Methods on the Linear Quadratic Regulator: An Asymptotic Viewpoint,https://proceedings.mlr.press/v99/tu19a.html
306,TCS-3692,Robust proper-learning gaps for interesting neural classes,"It remains open to establish whether such gaps actually exist for specific interesting neural net classes (e.g., functions representable by a specific architecture, possibly with […]",Learning theory,quarantined,individual_review,Bez konkrétní architektury a cílové separace jde o výzvu hledat další příklady obecného jevu.,,,"It remains open to establish whether such gaps actually exist for specific interesting neural net classes (e.g., functions representable by a specific architecture, possibly with […]","VC Classes are Adversarially Robustly Learnable, but Only Improperly",https://proceedings.mlr.press/v99/montasser19a.html
307,TCS-4136,Automatic learning from restricted text presentations,"However it is an open problem whether all automatic families satisfying Angluin’s tell-tale condition are automatically learnable from one-one texts, balanced texts and exponential texts.",Learning theory,quarantined,individual_review,"One-one, balanced a exponential texty jsou speciální prezentační modely; obecná automatická naučitelnost má přednost.",,,"However it is an open problem whether all automatic families satisfying Angluin’s tell-tale condition are automatically learnable from one-one texts, balanced texts and exponential texts.",Automatic Learning from Repetitive Texts,https://proceedings.mlr.press/v76/h%C3%B6lzl17a.html
308,TCS-4496,H-mixability versus S-alpha-mixability,"For example, are there losses that are H-mixable but not Sα -mixable, or vice-versa?",Learning theory,quarantined,individual_review,Porovnává dvě zvláštní entropické podmínky pro ztráty; hlavní charakterizace dosažitelného regretu jsou zásadnější.,,,"For example, are there losses that are H-mixable but not Sα -mixable, or vice-versa?",Generalized Mixability via Entropic Duality,https://proceedings.mlr.press/v40/Reid15.html
309,TCS-4629,Convergence rates in an approachability subframework,"In this last framework, determining even slow (or worst case) convergence rates is still an open problem.",Learning theory,quarantined,individual_review,Uložený cíl je navázán na poslední model jednoho článku a neurčuje požadovanou rychlost; obecná approachability je širší problém.,,,"In this last framework, determining even slow (or worst case) convergence rates is still an open problem.","Approachability, fast and slow",https://proceedings.mlr.press/v30/Perchet13.html
310,TCS-4651,Mind-change speedups for natural automatic classes,Yet the general problem of whether there are wide natural automatic classes for which mind change speed-up is possible remains open.,Learning theory,quarantined,individual_review,Hledá nějaké „široké přirozené“ třídy bez stanovené cílové rodiny; jde o program hledání příkladů.,,,Yet the general problem of whether there are wide natural automatic classes for which mind change speed-up is possible remains open.,Mind Change Speed-up for Learning Languages from Positive Data,https://doi.org/10.4230/LIPIcs.STACS.2012.350
311,TCS-4807,Improving direct-sum bounds for some classes and distributions,Open problem: Direct Sums in Learning Theory — Open Question 1,Learning theory,quarantined,individual_review,Obecný problém direct sums zůstává v TCS-0671; tato položka žádá zlepšení u blíže neurčených speciálních případů.,,TCS-0671,Can the upper bound be asymptotically improved for some concept classes C and marginal distributions D?,Open problem: Direct Sums in Learning Theory,https://proceedings.mlr.press/v247/hanneke24c.html
312,TCS-4912,A probability assignment for general sequential log-loss classes,Sequential prediction under log-loss with side information — Open Problem 2,Learning theory,quarantined,individual_review,Výzva sestrojit a analyzovat prediktor neuvádí v uložené otázce cílovou redundanci nebo regret; nevymezuje další hlavní bariéru.,,,Construct and analyze a probability assignment q for the case when F is a general hypothesis class.,Sequential prediction under log-loss with side information,https://proceedings.mlr.press/v132/bhatt21a.html
313,TCS-5003,Nesterov acceleration under deep-ReLU GD assumptions,Provable Accelerated Convergence of Nesterov’s Momentum for Deep ReLU Neural Networks — Explicit open question on PDF page 1,Learning theory,quarantined,individual_review,Přenáší konvergenci z gradient descent na momentum při předpokladech jedné analýzy; obecné konvergenční bariéry neuronových sítí mají přednost.,,,"While gradient descent converges linearly under such conditions, it remains an open question whether Nesterov’s momentum enjoys accelerated convergence under similar settings and assumptions.",Provable Accelerated Convergence of Nesterov’s Momentum for Deep ReLU Neural Networks,https://proceedings.mlr.press/v237/liao24a.html
314,TCS-5155,How about PAC learnability?,A Unified Characterization of Private Learnability via Graph Theory — Unresolved-question passage on page 13,Learning theory,quarantined,individual_review,"Výňatek pouze odkazuje na PAC naučitelnost a konečnou VC dimenzi, ale neříká, jaká otevřená vlastnost se má dokázat.",,,How about PAC learnability (which is equivalent to finite VC dimension)?,A Unified Characterization of Private Learnability via Graph Theory,https://proceedings.mlr.press/v247/alon24a.html
315,TCS-5156,The maximum poisoning range for bounded attackers,Can Adversarially Robust Learning LeverageComputational Hardness? — Explicit open question on PDF page 12,Learning theory,quarantined,individual_review,Zpřesňuje parametrický rozsah útoku v jednom výpočetně omezeném adversariálním modelu; obecná robustní naučitelnost má větší dosah.,,,Finding the maximum range of μ for which computationally bounded attackers can increase the error to 1 − 1/ poly(n) remains open.,Can Adversarially Robust Learning LeverageComputational Hardness?,https://proceedings.mlr.press/v98/mahloujifar19a.html
316,TCS-5167,Distribution dependence of deep-learning power — second record,Invited Open Problem: Is the Power of Deep Learning over Linear Models Inherently Distribution Dependent? — Open Question 1,Learning theory,quarantined,duplicate,Tentýž otevřený problém je již reprezentován TCS-0664; další výňatek stejného zdroje samostatné místo nevyžaduje.,TCS-0664,TCS-0664,"Is there a constant C such that for all H ⊆ {±1}X over X = {±1}n , and ε < 1/4, if there exists a […]",Invited Open Problem: Is the Power of Deep Learning over Linear Models Inherently Distribution Dependent?,https://proceedings.mlr.press/v336/feldman26a.html
317,TCS-5214,Maximum separation for extended learning graphs,Extended Learning Graphs for Triangle Finding — Explicit open question on PDF page 1,Learning theory,quarantined,individual_review,Optimalizuje sílu konkrétní kvantové algoritmické techniky; obecné dotazové separace mají přednost před mezerou uvnitř tohoto formalismu.,,,"But surprisingly, the best possible gap is still an open question, even if it was improved for both models very recently [3, 1].",Extended Learning Graphs for Triangle Finding,https://doi.org/10.4230/LIPIcs.STACS.2017.20
318,TCS-5248,A parity threshold in the bipartite SBM,Spectral thresholds in the bipartite stochastic block model — Explicit open question on PDF page 8,Learning theory,quarantined,individual_review,Přesný detekční práh jedné speciální distribuce v bipartitním modelu je užší než hlavní planted-model a learning-parity bariéry.,,,"In particular, in the case of the parity distribution we conjecture that there is a sharp threshold for detection.",Spectral thresholds in the bipartite stochastic block model,https://proceedings.mlr.press/v49/florescu16.html
319,TCS-5336,Selective-sampling rates for Holder extrema,Estimation of Extreme Values and Associated Level Sets of a Regression Function via Selective Sampling — Explicit open question on PDF page 7,Learning theory,quarantined,individual_review,Zpřesňuje minimaxový exponent odhadu extrémů při kombinaci hladkostních a geometrických parametrů; pro tento atlas je to příliš specifická statistická úloha.,,,"Whenever β − 0 < β ≤ 1 and βγ < d, we conjecture that the optimal rate is n 2β+d−βγ .",Estimation of Extreme Values and Associated Level Sets of a Regression Function via Selective Sampling,https://proceedings.mlr.press/v30/Minsker13.html
320,TCS-5337,Lower-bound techniques for a stronger mean-estimation oracle,Dealing with Range Anxiety in Mean Estimation via Statistical Queries — Explicit open question on PDF page 3,Learning theory,quarantined,individual_review,"Uložená formulace popisuje nedostatek dosavadních technik, ale nezadává konkrétní požadovanou dolní mez; není to samostatný hlavní problém.",,,"However, it is unknown how to obtain lower bounds against this stronger oracle using existing analysis techniques (e.g.",Dealing with Range Anxiety in Mean Estimation via Statistical Queries,https://proceedings.mlr.press/v76/feldman17b.html
321,TCS-5381,Gap-entropy best-arm conjecture — second record,Open Problem: Best Arm Identification: Almost Instance-Wise Optimality and the Gap Entropy Conjecture — Conjecture 3.2,Learning theory,quarantined,individual_review,Konkrétní formulace ze stejného otevřeného problému doplňuje již ponechaný TCS-0687; druhý import nepočítám samostatně.,,TCS-0687,"There is an algorithm for B EST-1-A RM with sample complexity O(L(I, δ) + ∆−2 −1 2 ln ln ∆2 ),",Open Problem: Best Arm Identification: Almost Instance-Wise Optimality and the Gap Entropy Conjecture,https://proceedings.mlr.press/v49/chen16b.html
322,TCS-5510,Infinitely conservative iterated vector fields,"Iterated Vector Fields and Conservatism, with Applications to Federated Learning — Explicit open question on PDF page 6",Learning theory,quarantined,individual_review,"Charakterizace speciálních vektorových polí je pomocná analytická otázka motivovaná federovaným učením, nikoli hlavní learning bariéra.",,,"While f ∈ G⊥ (Rn , R) implies that ∇f is ∞-conservative, exactly characterizing the set of ∞-conservative vector fields in ∇G(Rn , R) remains […]","Iterated Vector Fields and Conservatism, with Applications to Federated Learning",https://proceedings.mlr.press/v167/charles22a.html
323,TCS-5531,Multiclass test-set overfitting — second record,Open Problem: How fast can a multiclass test set be overfit? — Open Problem 2.1,Learning theory,quarantined,duplicate,Stejnou otázku již obsahuje TCS-0681; druhý záznam stejného COLT problému pouze opakuje jeho formulaci.,TCS-0681,TCS-0681,"Show whether there exists an algorithm that, for any distribution P over labeled examples with m classes, submits k accuracy queries to the test set […]",Open Problem: How fast can a multiclass test set be overfit?,https://proceedings.mlr.press/v99/feldman19b.html
324,TCS-5545,A candidate counterexample to computable PAC learning,Open Problem: Are all VC-classes CPAC learnable? — Unresolved-question passage on page 4,Learning theory,quarantined,individual_review,"Zkoumá konkrétní navržený svědek. Hlavní otázku existence nenaučitelné konečně-VC třídy ponechává TCS-3113, takže kandidáta nepočítám zvlášť.",,TCS-3113,In the next subsection we then provide a description of a candidate hypothesis which is decidable and has finite VC dimension and which we conjecture […],Open Problem: Are all VC-classes CPAC learnable?,https://proceedings.mlr.press/v134/open-problem-agarwal21b.html
325,TCS-5547,Structure-agnostic partial-linear risk — second record,Open Problem: Structure-Agnostic Minimax Risk for Partial Linear Model — Explicit open question on PDF page 1,Learning theory,quarantined,duplicate,Jde o další import stejného problému jako TCS-0669; nepřidává odlišnou statistickou otázku.,TCS-0669,TCS-0669,"This note claims that whether double machine learning is optimal for black-box machine learning models remains open, even for the simplest linear coefficient estimation in […]",Open Problem: Structure-Agnostic Minimax Risk for Partial Linear Model,https://proceedings.mlr.press/v291/gu25b.html
326,TCS-5788,Vanilla robust PCA on particular model instances,A Combinatorial Approach to Robust PCA — Unresolved-question passage on page 20,Learning theory,quarantined,individual_review,Ptá se na úspěch jednoho konkrétního algoritmu v nastaveních článku; obecná robustní nízkohodnostní rekonstrukce má přednost.,,,"Taking one more step back, without directly modeling the Gaussianity of the data, does the “vanilla” robust PCA algorithm succeed for the setups in this […]",A Combinatorial Approach to Robust PCA,https://doi.org/10.4230/LIPIcs.ITCS.2024.70
327,TCS-5956,Using matrix structure for optimal probability reconstruction,Recovering Structured Probability Matrices — Explicit open question on PDF page 1,Learning theory,quarantined,individual_review,"Bez určení struktury matice a cílové meze je to obecný návrh výzkumného směru, nikoli jedna zásadní otázka.",,,How can structural properties of the underlying matrix B be leveraged to yield computationally efficient and information theoretically optimal reconstruction algorithms?,Recovering Structured Probability Matrices,https://doi.org/10.4230/LIPIcs.ITCS.2018.46
328,TCS-6831,Finite-size compression for finite-VC classes,Does every finite-VC-dimension class admit a finite-size sample-compression scheme?,Learning theory,quarantined,individual_review,Ponechaný TCS-6541 formuluje silný lineární kompresní cíl; tento slabší zastřešující záznam nepočítám jako další hlavní kompresní problém.,,TCS-6541,Does every finite-VC-dimension class admit a finite-size sample-compression scheme?,Understanding Machine Learning: From Theory to Algorithms,https://www.cs.huji.ac.il/~shais/UnderstandingMachineLearning/
329,TCS-7151,Explain fast neural-network optimization,Explain rapid local or global convergence of neural-network optimization using realistic input structure.,Learning theory,quarantined,individual_review,"Význam tématu je zásadní, ale vysvětlení rychlosti bez pevného modelu dat, algoritmu a meze nemá jedno kritérium vyřešení.",,,Explain rapid local or global convergence of neural-network optimization using realistic input structure.,Beyond Worst-Case Analysis,https://arxiv.org/abs/1806.09817
330,TCS-7152,Explain generalization of overparameterized networks,"Explain why overparameterized networks generalize, accounting for both data and training algorithms.",Learning theory,quarantined,individual_review,"Nejde o jednu domněnku: chybí třída distribucí, trénovací pravidlo a požadovaná generalizační záruka. Do atlasu patří konkrétní bariéry tohoto programu.",,,"Explain why overparameterized networks generalize, accounting for both data and training algorithms.",Beyond Worst-Case Analysis,https://arxiv.org/abs/1806.09817
331,TCS-0448,Algebraic digit extraction,Algebraic digit extraction,Cryptography,quarantined,individual_review,Jde o aritmetické primitivum pro konkrétní kryptografické implementace; záznam nevymezuje obecnou existenční nebo bezpečnostní bariéru.,,,Algebraic digit extraction,0xPARC research workshops,https://notes.0xparc.org/problems/algebraic-digit-extraction/
332,TCS-0449,Amplifier polynomials for FHE,Amplifier polynomials for FHE,Cryptography,quarantined,individual_review,Hledání vhodných polynomů optimalizuje vnitřní součást homomorfního šifrování; základní předpoklady a možnosti FHE mají přednost.,,,Amplifier polynomials for FHE,0xPARC research workshops,https://notes.0xparc.org/problems/amplifier-polynomials-fhe/
333,TCS-0451,Parallelizing blind rotation,Parallelizing blind rotation,Cryptography,quarantined,individual_review,"Paralelizace jedné bootstrappingové operace je důležitá pro výkon, ale je implementačním cílem uvnitř existujícího kryptosystému.",,,Parallelizing blind rotation,0xPARC research workshops,https://notes.0xparc.org/problems/parallelizing-blind-rotation/
334,TCS-0457,Fast polynomial multiplication and decomposition,Fast polynomial multiplication and decomposition,Cryptography,quarantined,individual_review,Dvojice obecných aritmetických optimalizací bez cílové meze nevymezuje samostatnou hlavní kryptografickou otázku.,,,Fast polynomial multiplication and decomposition,0xPARC research workshops,https://notes.0xparc.org/problems/multiplication-decomposition/
335,TCS-1437,More unclonable primitives in MicroCrypt,What other unclonable cryptography primitives can be instantiated in MicroCrypt?,Cryptography,quarantined,individual_review,Ptá se na další primitiva v jednom prostředí bez konkrétního cílového primitiva; jde o rozšiřování repertoáru konstrukcí.,,,What other unclonable cryptography primitives can be instantiated in MicroCrypt?,"Cloning Games, Black Holes and Cryptography",https://doi.org/10.4230/LIPIcs.ITCS.2026.109
336,TCS-1727,Sampling nondegenerate interior-format tensors,"The obvious question we leave open is if there is a polynomial time algorithm to sample non degenerate interior format tensors, even when restricted to […]",Cryptography,quarantined,individual_review,Zajišťuje konkrétní vlastnost klíčů jednoho tensorového kryptosystému; obecná tvrdost tensorové izomorfie má větší dosah.,,,"The obvious question we leave open is if there is a polynomial time algorithm to sample non degenerate interior format tensors, even when restricted to […]",Strong Keys for Tensor Isomorphism Cryptography,https://doi.org/10.4230/LIPIcs.MFCS.2025.78
337,TCS-3004,A local extractor for one delegation architecture,"Design IT-secure, locally computable extractor Ext for the sound implementation of the basic delegation architecture.",Cryptography,quarantined,individual_review,Extraktor je pomocnou komponentou konkrétního návrhu delegace; vyřešení by primárně dokončilo tuto konstrukční cestu.,,,"Design IT-secure, locally computable extractor Ext for the sound implementation of the basic delegation architecture.","Doubly-Affine Extractors, and Their Applications",https://doi.org/10.4230/LIPIcs.ITC.2021.13
338,TCS-4111,Using obfuscation to resolve the Black-Box Hypothesis,Is it possible to use indistinguishability obfuscators for proving or disproving BBH?,Cryptography,quarantined,individual_review,Otázka předepisuje nástroj k řešení jiné domněnky; samotnou Black-Box Hypothesis tím není důvod počítat ještě jednou.,,,Is it possible to use indistinguishability obfuscators for proving or disproving BBH?,Does Looking Inside a Circuit Help?,https://doi.org/10.4230/LIPIcs.MFCS.2017.1
339,TCS-4777,OWSG versus EFI or PRSG — second record,One-Wayness in Quantum Cryptography — Explicit open question on PDF page 3,Cryptography,quarantined,duplicate,Stejný vztah kvantových primitiv již obsahuje TCS-1961 v kvantové kategorii; tento záznam stejného zdroje je opakování.,TCS-1961,TCS-1961,"In quantum cryptography, on the other hand, we do not know whether OWSGs and EFI pairs (or PRSGs) are equivalent or not.",One-Wayness in Quantum Cryptography,https://doi.org/10.4230/LIPIcs.TQC.2024.4
340,TCS-4805,Proofs of useful work from more standard assumptions,Proofs of Useful Work from Arbitrary Matrix Multiplication (Invited Talk) — Unresolved-question passage on page 13,Cryptography,quarantined,individual_review,Neurčuje konkrétní užitečnou úlohu ani pevný předpoklad; jde o hledání další konstrukce aplikačního primitiva.,,,"Is there a PoUW scheme for useful operations from more standard or well-studied assumptions (e.g., program obfuscation)?",Proofs of Useful Work from Arbitrary Matrix Multiplication (Invited Talk),https://doi.org/10.4230/LIPIcs.ESA.2026.2
341,TCS-4830,Two randomized reducibilities for random-string complexity,Kolmogorov Complexity Characterizes Statistical Zero Knowledge — Unresolved-question passage on page 16,Cryptography,quarantined,individual_review,Jemné rozlišení redukcí pro jednu Kolmogorovovu množinu má menší dosah než obecné vztahy metakomplexity a kryptografie.,,,Is it the case that ≤BPP bf and BPP ≤circ reducibilities differ for RK ?,Kolmogorov Complexity Characterizes Statistical Zero Knowledge,https://doi.org/10.4230/LIPIcs.ITCS.2023.3
342,TCS-4840,A signature-dependent cohomological parameter,Cohomology in Constraint Satisfaction and Structure Isomorphism — Question 14,Cryptography,quarantined,individual_review,"Uložený výňatek obsahuje kvantifikátory nad signaturami a strukturami, ale chybí vlastní tvrzená vlastnost; samostatnou otázku nevymezuje.",,,"For every signature σ does there exists a k such that for all σ-structures A, B",Cohomology in Constraint Satisfaction and Structure Isomorphism,https://doi.org/10.4230/LIPIcs.MFCS.2022.75
343,TCS-4901,Probe-optimal reusable information-theoretic encryption,"Doubly-Affine Extractors, and Their Applications — Open Problem 1",Cryptography,quarantined,individual_review,Požaduje přesný probe-overhead v současně bezstavovém a opakovaně použitelném modelu; hlavní existenční a předpokladové bariéry mají přednost.,,,"Design practical, stateless and reusable IT-secure encryption schemes of m-bit messages with n-bit key and probe complexity p = m/β + o(m), where (1 − […]","Doubly-Affine Extractors, and Their Applications",https://doi.org/10.4230/LIPIcs.ITC.2021.13
344,TCS-4910,Hash-family failure at particular word sizes,"A Hash Table Without Hash Functions, and How to Get the Most Out of Your Random Bits — Explicit open question on PDF page 6",Cryptography,quarantined,individual_review,Zpřesňuje pravděpodobnost selhání jedné hashovací konstrukční otázky v konkrétním slovním režimu; obecné hashovací a kryptografické bariéry jsou širší.,,,"We conjecture that no such family of hash functions exists, and moreover, that a sub-polynomial failure probability is not possible for word sizes w = […]","A Hash Table Without Hash Functions, and How to Get the Most Out of Your Random Bits",https://doi.org/10.1109/FOCS54457.2022.00097
345,TCS-5074,Writable versus read-only card-based protocols,Barrington Plays Cards: The Complexity of Card-Based Protocols — Unresolved-question passage on page 11,Cryptography,quarantined,individual_review,Separace manipulací s fyzickými kartami je specializovaný model; standardní bezpečný výpočet má pro atlas podstatně větší prioritu.,,,We give examples of functions that can be computed by protocols modifying their input which we conjecture are outside of the read-only protocol class with […],Barrington Plays Cards: The Complexity of Card-Based Protocols,https://doi.org/10.4230/LIPIcs.STACS.2021.26
346,TCS-5137,Linear-resistant versus hinting PRGs,Randomness Recoverable Secret Sharing Schemes — Unresolved-question passage on page 20,Cryptography,quarantined,individual_review,"Vztah dvou odvozených primitiv je motivován jednou variantou secret sharingu; hlavní vztahy PRG, OWF a veřejnoklíčové kryptografie mají přednost.",,,"Despite the similarity between linear-resistant PRG and hinting PRG, the relationship between these primitives remains open, as is the (im)possibility of constructing linear-resistant PRG from […]",Randomness Recoverable Secret Sharing Schemes,https://doi.org/10.4230/LIPIcs.ITC.2023.12
347,TCS-5166,General access structures in probabilistic secret sharing,Probabilistic Secret Sharing — Explicit open question on PDF page 3,Cryptography,quarantined,individual_review,"Formulace pouze říká, že obecný případ není znám, ale neurčuje míru, bezpečnost ani cílovou velikost; konkrétní share-size bariéry jsou vhodnější.",,,"Unfortunately, for general access structures what can be done is still an open problem: for many access structures the known constructions deliver to the users […]",Probabilistic Secret Sharing,https://doi.org/10.4230/LIPIcs.MFCS.2018.64
348,TCS-6951,Further cryptography from fine-grained assumptions,"Construct further cryptographic primitives, including one-way functions, from fine-grained assumptions.",Cryptography,quarantined,individual_review,Bez konkrétní hypotézy a primitiva jde o výzkumný program. Jednotlivé přesné implikace by bylo možné hodnotit samostatně.,,,"Construct further cryptographic primitives, including one-way functions, from fine-grained assumptions.",On Some Fine-Grained Questions in Algorithms and Complexity,https://people.csail.mit.edu/virgi/
349,TCS-6986,Polycyclic conjugacy decision and a particular algorithm,"Determine polycyclic conjugacy-decision complexity, including the Eick–Ostheimer algorithm.",Cryptography,quarantined,individual_review,Mísí obecný rozhodovací problém s analýzou Eickova–Ostheimerova postupu; vedle ponechaného conjugacy-search cíle TCS-6985 mu další prioritu nedávám.,,TCS-6985,"Determine polycyclic conjugacy-decision complexity, including the Eick–Ostheimer algorithm.",Aspects of Nonabelian Group Based Cryptography: A Survey and Open Problems,https://arxiv.org/abs/1103.4093
350,TCS-6987,Complexity of polycyclic collection algorithms,Determine collection-algorithm complexity for polycyclic normal forms.,Cryptography,quarantined,individual_review,Analyzuje normalizační proceduru uvnitř konkrétní grupové reprezentace; obecná tvrdost základních grupových úloh má větší význam.,,,Determine collection-algorithm complexity for polycyclic normal forms.,Aspects of Nonabelian Group Based Cryptography: A Survey and Open Problems,https://arxiv.org/abs/1103.4093
351,TCS-0979,Modeling distributed computation,Modeling of Distributed Computation,"Distributed, parallel and sublinear algorithms",quarantined,individual_review,Samotné modelování oblasti není jedna vymezená otázka. Konkrétní separace modelů a zdrojové dolní meze atlas již obsahuje.,,,Modeling of Distributed Computation,Sublinear.info,https://sublinear.info/index.php?title=Open_Problems:27
352,TCS-0961,Clifford-algebra applications in graph streams,Applications of Clifford Algebras in Graph Streams,"Distributed, parallel and sublinear algorithms",quarantined,individual_review,Hledání aplikací konkrétní algebraické techniky je výzkumný směr; neurčuje grafovou úlohu ani cílovou prostorovou mez.,,,Applications of Clifford Algebras in Graph Streams,Sublinear.info,https://sublinear.info/index.php?title=Open_Problems:55
353,TCS-0971,Graph frequency vectors,Graph Frequency Vectors,"Distributed, parallel and sublinear algorithms",quarantined,individual_review,"Název označuje reprezentaci dat, ale nepožadovanou operaci, chybu nebo zdrojovou hranici; není z něj samostatný hodnotitelný problém.",,,Graph Frequency Vectors,Sublinear.info,https://sublinear.info/index.php?title=Open_Problems:42
354,TCS-0972,Rank lower bound,Rank Lower Bound,"Distributed, parallel and sublinear algorithms",quarantined,individual_review,"Bez určení matice, modelu nebo požadované meze nelze odlišit tuto položku od řady zásadních, ale již konkrétně zastoupených rankových otázek.",,,Rank Lower Bound,Sublinear.info,https://sublinear.info/index.php?title=Open_Problems:43
355,TCS-0999,The massive unordered distributed-data model,"The Massive, Unordered, Distributed-Data Model","Distributed, parallel and sublinear algorithms",quarantined,individual_review,Záznam představuje výpočetní model místo jedné otázky o jeho síle; do benchmarku mají patřit přesné separace a algoritmické cíle.,,,"The Massive, Unordered, Distributed-Data Model",Sublinear.info,https://sublinear.info/index.php?title=Open_Problems:17
356,TCS-1244,Streaming four length-three permutation patterns,"The space complexity of π-PPMn is Θ( e √n) for π ∈ {312, 132, 213, 231}.","Distributed, parallel and sublinear algorithms",quarantined,individual_review,Čtveřice konkrétních vzorů a odmocninová prostorová mez tvoří úzký případ; obecná klasifikace streamingových vzorů má přednost.,,,"The space complexity of π-PPMn is Θ( e √n) for π ∈ {312, 132, 213, 231}.",Permutation Patterns in Streams,https://doi.org/10.4230/LIPIcs.ICALP.2026.25
357,TCS-1417,Catalytic exact heavy hitters in constant passes,Can heavy hitters be computed exactly using a constant number of passes in the catalytic model?,"Distributed, parallel and sublinear algorithms",quarantined,individual_review,"Kombinuje katalytickou paměť, přesnost a konstantní počet průchodů; standardní heavy-hitters a katalytické prostorové bariéry jsou zásadnější.",,,Can heavy hitters be computed exactly using a constant number of passes in the catalytic model?,Streaming with Catalytic Memory,https://doi.org/10.4230/LIPIcs.ESA.2026.70
358,TCS-1772,Definition principles linking output length to time,Are there definition principles that relate the length |f (α)| to the number of steps it takes to compute f (α)?,"Distributed, parallel and sublinear algorithms",quarantined,individual_review,Hledání definic pro jednu koinduktivní reprezentaci neudává tvrzení ani cílovou složitost; jde o návrh formalismu.,,,Are there definition principles that relate the length |f (α)| to the number of steps it takes to compute f (α)?,A Coinductive Representation of Computable Functions,https://doi.org/10.4230/LIPIcs.CALCO.2025.7
359,TCS-1779,Faster radio MIS at optimal energy,Can we improve the round complexity in the CD model while getting the optimal O(log n) energy bound?,"Distributed, parallel and sublinear algorithms",quarantined,individual_review,Žádá další zrychlení při pevné energetické záruce v modelu s detekcí kolizí; hlavní MIS a radio-network bariéry mají přednost.,,,Can we improve the round complexity in the CD model while getting the optimal O(log n) energy bound?,Energy-Efficient Maximal Independent Sets in Radio Networks,https://doi.org/10.4230/LIPIcs.DISC.2025.14
360,TCS-1834,Gossip time with optimally short labels,What is the time of the fastest gossiping algorithm using a labeling scheme of optimal length O(log ∆)?,"Distributed, parallel and sublinear algorithms",quarantined,individual_review,Optimalita času při přesně omezené délce dodatečných značek je specifický kompromis jednoho rádiového modelu.,,,What is the time of the fastest gossiping algorithm using a labeling scheme of optimal length O(log ∆)?,Optimal-Length Labeling Schemes for Fast Deterministic Communication in Radio Networks,https://doi.org/10.4230/LIPIcs.OPODIS.2025.14
361,TCS-1937,Log-k optimality of colorability certificates,Is Θ(log k) optimal for k-colorability certification?,"Distributed, parallel and sublinear algorithms",quarantined,individual_review,Přesná závislost certifikátu na počtu barev je jemnější než obecná síla a prostorová složitost distribuovaných důkazů.,,,Is Θ(log k) optimal for k-colorability certification?,"Local Certification of Local Properties: Tight Bounds, Trade-Offs and New Parameters",https://doi.org/10.4230/LIPIcs.STACS.2024.21
362,TCS-2117,Termination of content-oblivious ring leader election,"Our content-oblivious leader election for non-oriented rings does not terminate, and we conjecture that this is inherent to the model.","Distributed, parallel and sublinear algorithms",quarantined,individual_review,Nemožnost ukončení je vázána na obsahovou slepotu a neorientovaný kruh; obecné leader-election bariéry mají větší dosah.,,,"Our content-oblivious leader election for non-oriented rings does not terminate, and we conjecture that this is inherent to the model.",Content-Oblivious Leader Election on Rings,https://doi.org/10.4230/LIPIcs.DISC.2024.26
363,TCS-2235,Light colors for crash-tolerant robot exploration,What is the minimum number of colors to achieve perpetual exploration with optimal number of robots?,"Distributed, parallel and sublinear algorithms",quarantined,individual_review,Minimalizace světelných stavů robotů na kruhu při optimálním počtu agentů je vysoce specializovaný robotický model.,,,What is the minimum number of colors to achieve perpetual exploration with optimal number of robots?,Crash-Tolerant Perpetual Exploration with Myopic Luminous Robots on Rings,https://doi.org/10.4230/LIPIcs.OPODIS.2024.12
364,TCS-2469,Finite-memory stabilization of FGC and FR,It is an open problem whether a stabilizing algorithm for FGC or FR can use a finite amount of memory with no knowledge of T […],"Distributed, parallel and sublinear algorithms",quarantined,individual_review,"Kombinuje anonymitu, dynamickou nesouvislost a neznámý časový parametr; jde o konkrétní režim dvou síťových úloh.",,,It is an open problem whether a stabilizing algorithm for FGC or FR can use a finite amount of memory with no knowledge of T […],Optimal Computation in Leaderless and Multi-Leader Disconnected Anonymous Dynamic Networks,https://doi.org/10.4230/LIPIcs.DISC.2023.18
365,TCS-2632,Some cost of the consensus binding property,"An intriguing open question is whether there is an inherent cost for satisfying the binding property: is there some measure, perhaps time, in which solving […]","Distributed, parallel and sublinear algorithms",quarantined,individual_review,Otázka ani nevolí měřený zdroj. Hledání nějaké ceny vlastnosti není jedna přesně stanovená konsenzuální bariéra.,,,"An intriguing open question is whether there is an inherent cost for satisfying the binding property: is there some measure, perhaps time, in which solving […]",Multi-Valued Connected Consensus: A New Perspective on Crusader Agreement and Adopt-Commit,https://doi.org/10.4230/LIPIcs.OPODIS.2023.6
366,TCS-2902,Streaming distance to a fixed number of cliques,What is the streaming complexity of computing Distance to ℓ Cliques?,"Distributed, parallel and sublinear algorithms",quarantined,individual_review,"Vzdálenost k právě danému počtu klik je specifická parametrická grafová úloha, nikoli hlavní streamingový problém.",,,What is the streaming complexity of computing Distance to ℓ Cliques?,Parameterized Complexity of Streaming Diameter and Connectivity Problems,https://doi.org/10.4230/LIPIcs.IPEC.2022.24
367,TCS-2945,Optimal line formation by population protocols,"We conjecture that our line formation protocol is optimal, i.e., no population protocol can construct a line containing all agents in parallel time o(n log […]","Distributed, parallel and sublinear algorithms",quarantined,individual_review,Dorovnává čas jedné self-assembly konstrukce; obecná výpočetní síla a hlavní časoprostorové bariéry population protocols mají přednost.,,,"We conjecture that our line formation protocol is optimal, i.e., no population protocol can construct a line containing all agents in parallel time o(n log […]","Brief Announcement: New Clocks, Fast Line Formation and Self-Replication Population Protocols",https://doi.org/10.4230/LIPIcs.DISC.2022.44
368,TCS-2998,Testable nonsymmetric cellular rules without shift convergence,Are there any non-symmetric rules that do not ultimately converge up to a shift and are poly(1/ϵ)-testable?,"Distributed, parallel and sublinear algorithms",quarantined,individual_review,Hledá příklad splňující několik zvláštních dynamických a testovacích podmínek; obecná testovatelnost dynamických systémů je širší.,,,Are there any non-symmetric rules that do not ultimately converge up to a shift and are poly(1/ϵ)-testable?,Testing Dynamic Environments: Back to Basics,https://doi.org/10.4230/LIPIcs.ICALP.2021.98
369,TCS-3020,A stencil separating visible rank over every field,"In other words, does there exist a stencil 𝐻 such that rkF (𝐻) > Υ(𝐻) for every field F?","Distributed, parallel and sublinear algorithms",quarantined,individual_review,Konkrétní matriční vzor je pomocnou konstrukcí pro jednu rankovou míru; obecné rankové a kódové bariéry mají větší význam.,,,"In other words, does there exist a stencil 𝐻 such that rkF (𝐻) > Υ(𝐻) for every field F?",Visible Rank and Codes with Locality,https://doi.org/10.4230/LIPIcs.APPROX/RANDOM.2021.57
370,TCS-3240,P-completeness of a power-circuit Baumslag word problem,Is the word problem of the Baumslag group with power circuit representations as input P-complete?,"Distributed, parallel and sublinear algorithms",quarantined,individual_review,Závisí na konkrétní grupě a komprimovaném kódování vstupu; obecná paralelní složitost algebraických úloh má přednost.,,,Is the word problem of the Baumslag group with power circuit representations as input P-complete?,Parallel Algorithms for Power Circuits and the Word Problem of the Baumslag Group,https://doi.org/10.4230/LIPIcs.MFCS.2021.74
371,TCS-3245,Gatherable initial configurations on an asynchronous torus,What is the exact set of initial configurations that are gatherable?,"Distributed, parallel and sublinear algorithms",quarantined,individual_review,Klasifikace startovních konfigurací v jednom robotickém prostoru je příliš modelově specifická pro tento výběr.,,,What is the exact set of initial configurations that are gatherable?,Asynchronous Gathering in a Torus,https://doi.org/10.4230/LIPIcs.OPODIS.2021.9
372,TCS-3305,Inclusions among weak asynchronous subclasses,Are Dasf or DAsf included in dAsF?,"Distributed, parallel and sublinear algorithms",quarantined,individual_review,"Porovnává konkrétní kombinace slabé detekce a férovosti; hlavní separace synchronních, asynchronních a paměťových modelů jsou zásadnější.",,,Are Dasf or DAsf included in dAsF?,A Classification of Weak Asynchronous Models of Distributed Computing,https://doi.org/10.4230/LIPIcs.CONCUR.2020.10
373,TCS-3320,Adding yesterday to a local trace temporal logic,"It is unknown whether the logic LocTL[Si ] is as expressive as LocTL[Yi , Si ].","Distributed, parallel and sublinear algorithms",quarantined,individual_review,Expresivita po přidání jedné modality do konkrétní trace logiky je dílčí formalistická otázka.,,,"It is unknown whether the logic LocTL[Si ] is as expressive as LocTL[Yi , Si ].",Wreath/Cascade Products and Related Decomposition Results for the Concurrent Setting of Mazurkiewicz Traces,https://doi.org/10.4230/LIPIcs.CONCUR.2020.19
374,TCS-3353,Unary-filter SO-CEL versus MSO,"For unary filters, we conjecture that SO-CEL+ has the same expressive power as MSO over unary filters.","Distributed, parallel and sublinear algorithms",quarantined,individual_review,Rovnost jednoho event-recognition jazyka s MSO při unárních filtrech je úzká expresivní klasifikace.,,,"For unary filters, we conjecture that SO-CEL+ has the same expressive power as MSO over unary filters.",On the Expressiveness of Languages for Complex Event Recognition,https://doi.org/10.4230/LIPIcs.ICDT.2020.15
375,TCS-3375,FPT of a globally congested disjoint-path relaxation,"In other words, is the (s)-DEDP problem FPT for fixed d?","Distributed, parallel and sublinear algorithms",quarantined,individual_review,Parametrická složitost jedné relaxace cest s fixovaným dodatečným parametrem má menší dosah než hlavní disjoint-paths otázky.,,,"In other words, is the (s)-DEDP problem FPT for fixed d?",A Relaxation of the Directed Disjoint Paths Problem: A Global Congestion Metric Helps,https://doi.org/10.4230/LIPIcs.MFCS.2020.68
376,TCS-3468,Optimal-agent polynomial-time grid exploration,Is there a protocol that achieves both an optimal number of agents and polynomial time exploration?,"Distributed, parallel and sublinear algorithms",quarantined,individual_review,Souběh minimálního počtu agentů a polynomiálního času ve vysokodimenzionální mřížce je specifický robotický kompromis.,,,Is there a protocol that achieves both an optimal number of agents and polynomial time exploration?,Tight Bounds for Deterministic High-Dimensional Grid Exploration,https://doi.org/10.4230/LIPIcs.DISC.2020.13
377,TCS-3521,Time complexity of uniform population bipartition,What is the time complexity of the uniform bipartition problem?,"Distributed, parallel and sublinear algorithms",quarantined,individual_review,Jedna vyrovnávací úloha v modelu libovolného komunikačního grafu má menší samostatný význam než obecná efektivita populačních výpočtů.,,,What is the time complexity of the uniform bipartition problem?,Uniform Bipartition in the Population Protocol Model with Arbitrary Communication Graphs,https://doi.org/10.4230/LIPIcs.OPODIS.2020.33
378,TCS-3612,One-round dynamic triangle-membership bandwidth,What is the 1-round bandwidth complexity of MemDetect(K3 ) under edge insertions?,"Distributed, parallel and sublinear algorithms",quarantined,individual_review,"Přesně jedno kolo, membership výstup a pouze vkládání hran tvoří úzkou dynamickou variantu detekce trojúhelníků.",,,What is the 1-round bandwidth complexity of MemDetect(K3 ) under edge insertions?,Distributed Detection of Cliques in Dynamic Networks,https://doi.org/10.4230/LIPIcs.ICALP.2019.132
379,TCS-3640,Checking condition SC for local-broadcast consensus,The following question is also open: does there exist an efficient algorithm to check if a given directed graph satisfies condition SC?,"Distributed, parallel and sublinear algorithms",quarantined,individual_review,Jde o algoritmické ověření pomocné grafové podmínky jednoho konsenzuálního modelu; hlavní odolnostní hranice mají přednost.,,,The following question is also open: does there exist an efficient algorithm to check if a given directed graph satisfies condition SC?,Exact Byzantine Consensus on Arbitrary Directed Graphs Under Local Broadcast Model,https://doi.org/10.4230/LIPIcs.OPODIS.2019.30
380,TCS-3774,Uniform k-partition under weak fairness,What is the time complexity of the uniform k-partition problem?,"Distributed, parallel and sublinear algorithms",quarantined,individual_review,Rozdělení populace při konkrétní férovosti je další specializovaná úloha; pro hlavní výběr má nižší prioritu než obecné časoprostorové charakterizace.,,,What is the time complexity of the uniform k-partition problem?,Uniform Partition in Population Protocol Model Under Weak Fairness,https://doi.org/10.4230/LIPIcs.OPODIS.2019.8
381,TCS-3972,Superlinear certificate scaling for diameter,Is there a proof-labeling scheme for diam that scales by a factor greater than t in all graphs where b(t) t?,"Distributed, parallel and sublinear algorithms",quarantined,individual_review,Optimalizuje škálování konkrétního proof-labeling schématu v podmíněném režimu růstu okolí; obecná distribuovaná certifikace má přednost.,,,Is there a proof-labeling scheme for diam that scales by a factor greater than t in all graphs where b(t) t?,Redundancy in Distributed Proofs,https://doi.org/10.4230/LIPIcs.DISC.2018.24
382,TCS-3983,Tradeoffs for Byzantine robot gathering,"What are the trade-offs among the ratio good/Byzantine agents, the time complexity and the amount of global knowledge to solve f -Byzantine gathering?","Distributed, parallel and sublinear algorithms",quarantined,individual_review,"Poměr vadných robotů, čas a globální znalost tvoří několik otevřených směrů v jednom specifickém modelu, nikoli jednu hlavní otázku.",,,"What are the trade-offs among the ratio good/Byzantine agents, the time complexity and the amount of global knowledge to solve f -Byzantine gathering?",Byzantine Gathering in Polynomial Time,https://doi.org/10.4230/LIPIcs.ICALP.2018.147
383,TCS-4118,Face-to-face evacuation of an equilateral triangle,Finding tight bounds for the evacuation time in the face-to-face model remains an open problem.,"Distributed, parallel and sublinear algorithms",quarantined,individual_review,Přesný čas evakuace jednoho tvaru při zvláštním způsobu komunikace je geometrická hledací hádanka s omezeným širším dosahem.,,,Finding tight bounds for the evacuation time in the face-to-face model remains an open problem.,Evacuating an Equilateral Triangle in the Face-to-Face Model,https://doi.org/10.4230/LIPIcs.OPODIS.2017.11
384,TCS-4120,Exact state bounds for population bipartition,To clarify the matching lower and upper bounds of the number of states is an open problem.,"Distributed, parallel and sublinear algorithms",quarantined,individual_review,Dorovnává počet stavů jedné rozdělovací úlohy; další samostatné místo vedle obecných population-protocol bariér mu nedávám.,,,To clarify the matching lower and upper bounds of the number of states is an open problem.,Constant-Space Population Protocols for Uniform Bipartition,https://doi.org/10.4230/LIPIcs.OPODIS.2017.19
385,TCS-4145,Certifying stretch-three name-independent routing,"We do not know whether there exists a stretch-3 name-independent routing scheme, with tables of size O( e √n) bits, that can be verified using […]","Distributed, parallel and sublinear algorithms",quarantined,individual_review,"Kombinuje konkrétní stretch, velikost tabulek a požadavek certifikovatelnosti; je to jemná dodatečná vlastnost routovacího schématu.",,,"We do not know whether there exists a stretch-3 name-independent routing scheme, with tables of size O( e √n) bits, that can be verified using […]",Certification of Compact Low-Stretch Routing Schemes,https://doi.org/10.4230/LIPIcs.DISC.2017.6
386,TCS-4255,Anonymous PRAM Monte Carlo algorithms with restricted memory,It is an open problem to develop Monte Carlo algorithms for Arbitrary and Common PRAMs for the case when the amount of shared memory is […],"Distributed, parallel and sublinear algorithms",quarantined,individual_review,Omezená sdílená paměť a anonymita procesorů vymezují zvláštní variantu; standardní paralelní algoritmické bariéry jsou zásadnější.,,,It is an open problem to develop Monte Carlo algorithms for Arbitrary and Common PRAMs for the case when the amount of shared memory is […],Anonymous  Processors with Synchronous Shared Memory:  Monte Carlo Algorithms,https://doi.org/10.4230/LIPIcs.OPODIS.2017.15
387,TCS-4518,The cost of anonymity in G(1-IC),It is unknown if handling anonymity in G(1-IC) requires this exponential cost.,"Distributed, parallel and sublinear algorithms",quarantined,individual_review,Přesná cena anonymity v jednom dynamickém síťovém formalismu má menší dosah než obecná distribuovaná identifikace a konsenzus.,,,It is unknown if handling anonymity in G(1-IC) requires this exponential cost.,Non Trivial Computations in Anonymous Dynamic Networks,https://doi.org/10.4230/LIPIcs.OPODIS.2015.33
388,TCS-5378,Constant-round compressed net trees in MPC,Fully Scalable MPC Algorithms for WSPD in Doubling and Euclidean Spaces — Explicit open question on PDF page 4,"Distributed, parallel and sublinear algorithms",quarantined,individual_review,Zrychluje tvorbu podpůrné geometrické struktury v jedné MPC architektuře; hlavní MPC konektivita a geometrické algoritmy mají přednost.,,,"While its uncompressed variant can be built in O(1) rounds [6], it remains open whether the compressed net tree, which is essential for handling point […]",Fully Scalable MPC Algorithms for WSPD in Doubling and Euclidean Spaces,https://doi.org/10.4230/LIPIcs.ESA.2026.88
389,TCS-5504,Subquadratic asynchronous mobile-agent dispersion,Near-Linear Time Dispersion of Mobile Agents — Explicit open question on PDF page 4,"Distributed, parallel and sublinear algorithms",quarantined,individual_review,Doplňuje asynchronní variantu konkrétního rozmisťovacího algoritmu; není to obecná asynchronní výpočetní bariéra.,,,It is still an open question whether there exists a o(k 2 )-time algorithm that accommodates asynchronicity.,Near-Linear Time Dispersion of Mobile Agents,https://doi.org/10.4230/LIPIcs.DISC.2024.38
390,TCS-5605,Induced five-cycle detection in CONGEST,Lower Bounds for Induced Cycle Detection in Distributed Computing — Explicit open question on PDF page 4,"Distributed, parallel and sublinear algorithms",quarantined,individual_review,Jde o konkrétní délku a indukovanou variantu subgraph detection; obecné klasifikace a hlavní cyklové problémy mají přednost.,,,"For instance, we do not know if induced 5-cycle detection can be solved in Õ(n) rounds.",Lower Bounds for Induced Cycle Detection in Distributed Computing,https://doi.org/10.4230/LIPIcs.ISAAC.2021.58
391,TCS-5671,Faster coloring of virtual graphs,Decentralized Distributed Graph Coloring II: Degree+1-Coloring Virtual Graphs — Unresolved-question passage on page 16,"Distributed, parallel and sublinear algorithms",quarantined,individual_review,Zpřesňuje závislost na congestion a dilation v podpůrném virtual-graph modelu; hlavní distribuované barvení má větší význam.,,,Can we color virtual graphs in O((c + d) poly(log log n)) rounds?,Decentralized Distributed Graph Coloring II: Degree+1-Coloring Virtual Graphs,https://doi.org/10.4230/LIPIcs.DISC.2024.24
392,TCS-5727,Optimal convergence for dynamic population-size counting,Dynamic Size Counting in Population Protocols — Unresolved-question passage on page 15,"Distributed, parallel and sublinear algorithms",quarantined,individual_review,Ladí čas konvergence jednoho dynamického odhadového protokolu; obecné populační výpočetní bariéry jsou zásadnější.,,,Is there a protocol with optimal convergence time O(log nnext )?,Dynamic Size Counting in Population Protocols,https://doi.org/10.4230/LIPIcs.SAND.2022.13
393,TCS-5803,Which predicates are time- and space-efficient?,Message Complexity of Population Protocols — Unresolved-question passage on page 16,"Distributed, parallel and sublinear algorithms",quarantined,individual_review,"Bez určení rozpočtů a modelových parametrů jde o zastřešující klasifikační program, nikoli jednu vymezenou otázku.",,,What predicates can be computed time- and space-efficiently?,Message Complexity of Population Protocols,https://doi.org/10.4230/LIPIcs.DISC.2020.6
394,TCS-5856,Polylogarithmic-round MIS — historical broad record,Distributed Set Cover Approximation: Primal-Dual with Optimal Locality — Explicit open question on PDF page 3,"Distributed, parallel and sublinear algorithms",quarantined,individual_review,Slabší historický cíl je zastoupen přesnými silnějšími otázkami TCS-6499 a TCS-6506; tento obecný výňatek proto nepočítám zvlášť.,,TCS-6499 | TCS-6506,"This includes computing a Maximal Independent Set in poly log n number of rounds, which is an open question by Linial since the 80’s [20].",Distributed Set Cover Approximation: Primal-Dual with Optimal Locality,https://doi.org/10.4230/LIPIcs.DISC.2018.22
395,TCS-5900,General weighted quartet consensus,On the Weighted Quartet Consensus Problem — Unresolved-question passage on page 12,"Distributed, parallel and sublinear algorithms",quarantined,individual_review,Zbývající parametrický režim jedné fylogenetické konsenzuální úlohy má menší dosah než hlavní distribuované nebo biologické algoritmické bariéry.,,,"Our reduction can be extended to show that hardness holds for high enough p, but the complexity of the general case remains open.",On the Weighted Quartet Consensus Problem,https://doi.org/10.4230/LIPIcs.CPM.2017.28
396,TCS-6124,Log-log MPC time for one shared-randomness example,Shared Randomness Helps with Local Distributed Problems — Explicit open question on PDF page 5,"Distributed, parallel and sublinear algorithms",quarantined,individual_review,Cíl se týká konkrétního pomocného problému Π použitého k modelové separaci; obecná síla sdílené náhody má přednost.,,,"More precisely, we conjecture that our problem Π can be √ solved in O(log log n) rounds in the MPC model, while it is known […]",Shared Randomness Helps with Local Distributed Problems,https://doi.org/10.4230/LIPIcs.ICALP.2025.16
397,TCS-6205,Separable cost-sharing reductions with additional delays,Efficient Black-Box Reductions for Separable Cost Sharing — Explicit open question on PDF page 4,"Distributed, parallel and sublinear algorithms",quarantined,individual_review,Rozšiřuje záruku času jedné redukce na diskrétně konkávní a hráčsky specifické ceny; jde o navazující technické rozšíření.,,,"The reduction also applies to discrete-concave cost functions and player-specific delays, however, we do not know if polynomial running time is guaranteed. n-series-parallel graphs have […]",Efficient Black-Box Reductions for Separable Cost Sharing,https://doi.org/10.4230/LIPIcs.ICALP.2018.154
398,TCS-6241,Set-consensus numbers for reasonable shared-memory systems,Set-Consensus Collections are Decidable — Explicit open question on PDF page 3,"Distributed, parallel and sublinear algorithms",quarantined,individual_review,"Samotný zdroj uvádí, že „reasonable“ ještě není přesně definováno; tvrzení proto nemá uzavřený model a kritérium řešení.",,,"We conjecture that the ability of any “reasonable” (yet to be defined precisely) shared-memory system to solve set consensus, captured by its j-set-consensus numbers, for […]",Set-Consensus Collections are Decidable,https://doi.org/10.4230/LIPIcs.OPODIS.2016.7
399,TCS-6242,XP for DDPC-2 in general digraphs,A Relaxation of the Directed Disjoint Paths Problem: A Global Congestion Metric Helps — Explicit open question on PDF page 2,"Distributed, parallel and sublinear algorithms",quarantined,individual_review,Konkrétní relaxace disjunktních cest a její asymetrická varianta mají menší prioritu než základní směrované disjoint-paths bariéry.,,,"To the best of our knowledge, the existence of an XP algorithm in general digraphs for the DDPC-2 problem, or even for its asymmetric version, […]",A Relaxation of the Directed Disjoint Paths Problem: A Global Congestion Metric Helps,https://doi.org/10.4230/LIPIcs.MFCS.2020.68
400,TCS-6917,Natural packing problems with local approximations,Find natural combinatorial packing problems admitting nontrivial deterministic local approximation.,"Distributed, parallel and sublinear algorithms",quarantined,individual_review,"Žádá vhodné příklady bez pevné úlohy či faktoru; jde o výzkumný směr, nikoli jednu domněnku.",,,Find natural combinatorial packing problems admitting nontrivial deterministic local approximation.,Survey of Local Algorithms,https://www.cs.helsinki.fi/local-survey/
401,TCS-6919,Polynomial versus polylogarithmic degree dependence,"Determine the dependence of local running time on maximum degree, closing polynomial versus polylogarithmic gaps.","Distributed, parallel and sublinear algorithms",quarantined,individual_review,"Neurčuje, pro kterou lokální úlohu se má mez uzavřít. Konkrétní barvicí, matchingové a LLL otázky již atlas obsahuje.",,,"Determine the dependence of local running time on maximum degree, closing polynomial versus polylogarithmic gaps.",Survey of Local Algorithms,https://www.cs.helsinki.fi/local-survey/
402,TCS-0103,Relative degree for rational series,Relative degree for rational series,Automata and formal languages,quarantined,individual_review,"Zkoumá odvozenou míru racionálních řad; obecná ekvivalence, nulovost a determinace vážených automatů mají podstatně větší dosah.",,,Relative degree for rational series,Automata Exchange,https://automata.exchange/25.3-relative-degree-for-rational-series/
403,TCS-0108,Extending asynchronous binary-session subtyping,Extending asynchronous subtyping for binary session types,Automata and formal languages,quarantined,individual_review,Záznam požaduje rozšíření konkrétního subtypovacího formalismu; obecné hranice rozhodnutelnosti asynchronních protokolů jsou silnější cíle.,,,Extending asynchronous subtyping for binary session types,Automata Exchange,https://automata.exchange/24.14-extending-asynchronous-subtyping-for-binary-session-types/
404,TCS-0119,Completing partial DFAs to synchronizing DFAs,Completing Partial DFAs to Synchronizing DFAs,Automata and formal languages,quarantined,individual_review,Volba chybějících přechodů je specializovaná konstrukční varianta synchronizace; obecná délka resetovacích slov má větší prioritu.,,,Completing Partial DFAs to Synchronizing DFAs,Automata Exchange,https://automata.exchange/22.06-completing-partial-dfas-to-synchronizing-dfas/
405,TCS-0132,Program synthesis for unambiguous devices,Program synthesis for unambiguous devices,Automata and formal languages,quarantined,individual_review,"Bez vymezení specifikace, zařízení a cílové rozhodnutelnosti jde o zastřešující syntézní směr, nikoli jednu otázku.",,,Program synthesis for unambiguous devices,Unambiguity in Automata Theory,https://doi.org/10.4230/DagRep.11.10.57
406,TCS-0142,Regular antichains inside iterated regular languages,Regular antichain subset of the iteration of a regular language,Automata and formal languages,quarantined,individual_review,"Kombinuje regularitu, antichain podmínku a jazykovou iteraci; jde o úzkou uzávěrovou konstrukci proti hlavním automata-theoretic bariérám.",,,Regular antichain subset of the iteration of a regular language,Automata Exchange,https://automata.exchange/20.05-antichain/
407,TCS-0153,SafeLTL,SafeLTL,Automata and formal languages,quarantined,individual_review,"Samotný název logiky neudává vlastnost, problém ani cílovou složitost; nelze mu přidělit samostatnou prioritu za význam širší oblasti.",,,SafeLTL,Automata Exchange,https://automata.exchange/19.02-safeltl/
408,TCS-0160,Problems inspired by Dejean's conjecture,Some open problems inspired by Dejean’s conjecture,Automata and formal languages,quarantined,individual_review,Zastřešuje několik neurčených navazujících otázek; není to jeden nezávislý problém s kritériem vyřešení.,,,Some open problems inspired by Dejean’s conjecture,Combinatorial and Algorithmic Aspects of Sequence Processing,https://doi.org/10.4230/DagRep.1.2.47
409,TCS-1194,Register complexity of discounted-sum monitoring,The register complexity for a general s > 0 and r > 0 remains open.,Automata and formal languages,quarantined,individual_review,Přesný počet registrů při kombinaci parametrů jednoho monitorovacího modelu je dílčí zdrojová optimalita.,,,The register complexity for a general s > 0 and r > 0 remains open.,Monitoring Discounted Sum Properties,https://doi.org/10.4230/LIPIcs.CONCUR.2026.22
410,TCS-1388,Characterizing the UDynSigma1 fragment,The most important fragment of DynFO for which a characterization remains open is UDynΣ1 (see also the discussion in the full version of this paper).,Automata and formal languages,quarantined,individual_review,Jde o konkrétní zbývající fragment dynamické logiky; obecné udržování jazyků a hlavní logické charakterizace mají přednost.,,,The most important fragment of DynFO for which a characterization remains open is UDynΣ1 (see also the discussion in the full version of this paper).,Algebraic Characterizations of Classes of Regular Languages in DynFO,https://doi.org/10.4230/LIPIcs.STACS.2026.9
411,TCS-1401,Efficient decomposition of aperiodic languages,Are there efficient decomposition algorithms for aperiodic languages?,Automata and formal languages,quarantined,individual_review,Uložená otázka neudává cílovou složitost ani požadovanou podobu rozkladu; jde o obecné zlepšení jedné transformační techniky.,,,Are there efficient decomposition algorithms for aperiodic languages?,Decomposition of Automata Recognizing Ideals,https://doi.org/10.4230/LIPIcs.CONCUR.2026.16
412,TCS-1545,Characterizing V-intersections in automatic relations,"Given a class of regular languages V, can we characterize (and decide) all languages of the form L ∩ Ω for some L ∈ V?",Automata and formal languages,quarantined,individual_review,Pro libovolnou jazykovou třídu žádá soubor charakterizací; tento parametrizovaný program není jedna hlavní konkrétní domněnka.,,,"Given a class of regular languages V, can we characterize (and decide) all languages of the form L ∩ Ω for some L ∈ V?",The Algebras for Automatic Relations,https://doi.org/10.4230/LIPIcs.CSL.2025.21
413,TCS-1546,Separating two automatic complexities on one word,Does there exist x ∈ Σ∗ for which AN e (x) < AN (x)?,Automata and formal languages,quarantined,individual_review,Hledá svědka nerovnosti dvou jemně odlišených měr automatické složitosti; hlavní stavové a transformační mezery mají větší dosah.,,,Does there exist x ∈ Σ∗ for which AN e (x) < AN (x)?,Languages of Words of Low Automatic Complexity Are Hard to Compute,https://doi.org/10.4230/LIPIcs.FSTTCS.2025.24
414,TCS-1655,State passing in lexicographic transductions,"However, we conjecture that the version with state-passing can recognize non-regular languages, and hence is too expressive.",Automata and formal languages,quarantined,individual_review,"Testuje, zda jedna přidaná konstrukce překročí regularitu; jde o lokální expresivní kontrolu nového formalismu.",,,"However, we conjecture that the version with state-passing can recognize non-regular languages, and hence is too expressive.",Lexicographic Transductions of Finite Words,https://doi.org/10.4230/LIPIcs.MFCS.2025.50
415,TCS-1672,Depth-one lambda-transducers and MSO compositions,!-depth 1 λ-transducer ◦ MSO relabeling ≡ MSOT ◦ MSOT-S.,Automata and formal languages,quarantined,individual_review,"Přesná korespondence několika omezených transdukčních konstrukcí je technická klasifikace, nikoli obecná ekvivalenční nebo rozhodnutelnostní bariéra.",,,!-depth 1 λ-transducer ◦ MSO relabeling ≡ MSOT ◦ MSOT-S.,Slightly Non-Linear Higher-Order Tree Transducers,https://doi.org/10.4230/LIPIcs.STACS.2025.68
416,TCS-1816,The best language for factorized query results,"Given a query and a database, what is the best formal language for representing the result?",Automata and formal languages,quarantined,individual_review,"„Nejlepší“ reprezentační jazyk není určen podle velikosti, času či operací; jde o návrh modelu, ne uzavřenou matematickou otázku.",,,"Given a query and a database, what is the best formal language for representing the result?",A Formal Language Perspective on Factorized Representations,https://doi.org/10.4230/LIPIcs.ICDT.2025.20
417,TCS-1994,Two-clock execution-time opacity variants,"Also, a number of problems remain open in Table 1, notably the 2-clock case, already notoriously difficult for reachability emptiness [2, 21].",Automata and formal languages,quarantined,individual_review,Zbývající případy jedné opacity analýzy kombinují počet hodin a parametrické časování; obecné timed-automata bariéry mají přednost.,,,"Also, a number of problems remain open in Table 1, notably the 2-clock case, already notoriously difficult for reachability emptiness [2, 21].",Execution-Time Opacity Problems in One-Clock Parametric Timed Automata,https://doi.org/10.4230/LIPIcs.FSTTCS.2024.3
418,TCS-2090,Recognizing unary primes with positive backreferences,"For example, we conjecture that REWB(+) cannot recognize the language Lprime = {an : n is a prime number}.3 It is known that the language […]",Automata and formal languages,quarantined,individual_review,Jedna konkrétní aritmetická testovací řeč v omezené regex syntaxi je užší než obecná síla a rozhodovací složitost backreferences.,,,"For example, we conjecture that REWB(+) cannot recognize the language Lprime = {an : n is a prime number}.3 It is known that the language […]",Regular Expressions with Backreferences and Lookaheads Capture NLOG,https://doi.org/10.4230/LIPIcs.ICALP.2024.155
419,TCS-2435,An MSO fragment for positive nominal automata,"Identifying a suitable syntactic fragment of MSO∼,+ that captures precisely the positive NOFA-recognizable languages remains an open problem.",Automata and formal languages,quarantined,individual_review,Hledá syntaktické zachycení jedné pozitivní podtřídy datových jazyků; obecná logická definovatelnost nad nekonečnými abecedami je širší.,,,"Identifying a suitable syntactic fragment of MSO∼,+ that captures precisely the positive NOFA-recognizable languages remains an open problem.",Positive Data Languages,https://doi.org/10.4230/LIPIcs.MFCS.2023.48
420,TCS-2497,Lower bounds for sweeping-vectorial circuits,We conjecture that no Sweeping-vectorial circuit of polynomial size exists and believe that it is an interesting open question to provide lowerbounds for those circuit […],Automata and formal languages,quarantined,individual_review,Dolní mez se týká specifického pomocného obvodového modelu; hlavní automatové transformační a obecné obvodové bariéry mají přednost.,,,We conjecture that no Sweeping-vectorial circuit of polynomial size exists and believe that it is an interesting open question to provide lowerbounds for those circuit […],An Algebraic Approach to Vectorial Programs,https://doi.org/10.4230/LIPIcs.STACS.2023.51
421,TCS-2755,Optimal thin rectangles in noncooperative tile automata,"In Tile Automata without cooperative binding, is it possible to optimally construct k × n thin rectangles?",Automata and formal languages,quarantined,individual_review,Přesné stavové náklady jednoho tvaru v jednom self-assembly modelu jsou příliš specializované.,,,"In Tile Automata without cooperative binding, is it possible to optimally construct k × n thin rectangles?",Building Squares with Optimal State Complexity in Restricted Active Self-Assembly,https://doi.org/10.4230/LIPIcs.SAND.2022.6
422,TCS-2922,Learning visibly pushdown automata by copying stacks,Is active learning in polynomial time possible if the stack content can be only copied between runs?,Automata and formal languages,quarantined,individual_review,Omezuje přístup k zásobníku na kopírování mezi běhy; jde o další variantu učicího rozhraní pro jednu třídu automatů.,,,Is active learning in polynomial time possible if the stack content can be only copied between runs?,Learning Deterministic Visibly Pushdown Automata Under Accessible Stack,https://doi.org/10.4230/LIPIcs.MFCS.2022.74
423,TCS-3078,Separating EK from BAK keyboards,"We conjecture that EK is not included in BAK, but we do not have a proof.",Automata and formal languages,quarantined,individual_review,Separace dvou tříd nového klávesnicového výpočetního modelu má menší prioritu než standardní automaty a jejich hlavní ekvivalenční problémy.,,,"We conjecture that EK is not included in BAK, but we do not have a proof.",Keyboards as a New Model of Computation,https://doi.org/10.4230/LIPIcs.MFCS.2021.49
424,TCS-3086,Fixed-k origin-close tree-transducer equivalence,We do not know whether k-equivalence is decidable for a given k ≥ 0.,Automata and formal languages,quarantined,individual_review,"Ekvivalence při konkrétně omezeném původu výstupu je užší než obecná ekvivalence stromových transduktorů, kterou ponechávám.",,,We do not know whether k-equivalence is decidable for a given k ≥ 0.,Decision Problems for Origin-Close Top-Down Tree Transducers,https://doi.org/10.4230/LIPIcs.MFCS.2021.90
425,TCS-3179,Ordered-algebra categories as varieties,For example Pos: can one characterize (finitary) varieties of ordered algebras in a similar way?,Automata and formal languages,quarantined,individual_review,Abstraktní kategoriální charakterizace má slabší přímý výpočetní cíl než hlavní rozhodnutelnostní problémy jazykových variet.,,,For example Pos: can one characterize (finitary) varieties of ordered algebras in a similar way?,Which Categories Are Varieties? ((Co)algebraic pearls),https://doi.org/10.4230/LIPIcs.CALCO.2021.6
426,TCS-3371,Nonelementary synchronization complexity of DPBCAs,"However, we leave it as an open question if the synchronization complexity of DPBCAs is non-elementary.",Automata and formal languages,quarantined,individual_review,Dorovnává složitost specificky omezené zásobníkové synchronizace; obecná synchronizace a základní pushdown rozhodnutelnost mají přednost.,,,"However, we leave it as an open question if the synchronization complexity of DPBCAs is non-elementary.",Synchronizing Deterministic Push-Down Automata Can Be Really Hard,https://doi.org/10.4230/LIPIcs.MFCS.2020.33
427,TCS-3606,Two-way Parikh-automaton succinctness,"We conjecture that 2DPA are exponentially more succinct than PA, witnessed by the language Ln of Section 2.",Automata and formal languages,quarantined,individual_review,Přesné exponenciální zhuštění jedné odvozené třídy je menší cíl než hlavní dvoucestná determinace automatů.,,,"We conjecture that 2DPA are exponentially more succinct than PA, witnessed by the language Ln of Section 2.",Two-Way Parikh Automata,https://doi.org/10.4230/LIPIcs.FSTTCS.2019.40
428,TCS-3607,Affine cyclic proofs and subsequential transductions,"We conjecture that in the affine case, we obtain exactly the subsequential transductions [17], i.e. transductions definable by deterministic 1-way transducers.",Automata and formal languages,quarantined,individual_review,Rovnost v afinním fragmentu propojuje dva formalismy; jde o dílčí reprezentační korespondenci.,,,"We conjecture that in the affine case, we obtain exactly the subsequential transductions [17], i.e. transductions definable by deterministic 1-way transducers.",Cyclic Proofs and Jumping Automata,https://doi.org/10.4230/LIPIcs.FSTTCS.2019.45
429,TCS-3611,Automaton semigroups with fraction-group envelopes,"The question remains open for those automaton semigroups whose enveloping group is a group of fractions, see Problem C below.",Automata and formal languages,quarantined,individual_review,Zbývající případ je vymezen další algebraickou vlastností obalové grupy; obecné rozhodovací problémy automatových grup a semigrup mají přednost.,,,"The question remains open for those automaton semigroups whose enveloping group is a group of fractions, see Problem C below.","Automatic Semigroups vs Automaton Semigroups (Track B: Automata, Logic, Semantics, and Theory of Programming)",https://doi.org/10.4230/LIPIcs.ICALP.2019.124
430,TCS-3674,Minimal timeline planning with one or two variables,"As for future work, we shall study the strong minimal TP problem when just one or two state variables are used, whose decidability remains an […]",Automata and formal languages,quarantined,individual_review,Pevný malý počet stavových proměnných v jedné silně minimální plánovací variantě je příliš úzký zbytkový případ.,,,"As for future work, we shall study the strong minimal TP problem when just one or two state variables are used, whose decidability remains an […]",Taming the Complexity of Timeline-Based Planning over Dense Temporal Domains,https://doi.org/10.4230/LIPIcs.FSTTCS.2019.34
431,TCS-3840,A universal property of Wasserstein lifting,What is a universal property for the canonical Wasserstein lifting?,Automata and formal languages,quarantined,individual_review,Hledá kategoriální popis již používané konstrukce; nevymezuje samostatnou algoritmickou nebo rozhodnutelnostní překážku.,,,What is a universal property for the canonical Wasserstein lifting?,Up-To Techniques for Behavioural Metrics via Fibrations,https://doi.org/10.4230/LIPIcs.CONCUR.2018.17
432,TCS-3856,Bounded MSO versus rational resynchronizers,We conjecture that the bounded MSO resynchronizers defined here strictly capture the rational resynchronizers introduced in [15].,Automata and formal languages,quarantined,individual_review,Přísné zahrnutí dvou formálních mechanismů původu výstupu je lokální expresivní otázka oproti hlavním transduktorovým problémům.,,,We conjecture that the bounded MSO resynchronizers defined here strictly capture the rational resynchronizers introduced in [15].,Origin-Equivalence of Two-Way Word Transducers Is in PSPACE,https://doi.org/10.4230/LIPIcs.FSTTCS.2018.22
433,TCS-4472,Maximal Partition Logic versus one weighted-MSO fragment,"We conjecture that MP is not contained in WMSO[⊕x ⊙1x ], such a result would complete the diagram.",Automata and formal languages,quarantined,individual_review,Domněnka doplňuje jednu šipku v diagramu formalismů; obecná logická charakterizace a rozhodnutelnost cost-register automatů mají přednost.,,,"We conjecture that MP is not contained in WMSO[⊕x ⊙1x ], such a result would complete the diagram.",Maximal Partition Logic: Towards a Logical Characterization of Copyless Cost Register Automata,https://doi.org/10.4230/LIPIcs.CSL.2015.144
434,TCS-4532,J-trivial transducers versus BSigma1 transductions,"For example, are J -trivial transducers equivalent to BΣ1 transductions ?",Automata and formal languages,quarantined,individual_review,"Jde o konkrétní úroveň logicko-algebraické korespondence, nikoli hlavní rozhodnutelnost celé transdukční hierarchie.",,,"For example, are J -trivial transducers equivalent to BΣ1 transductions ?",Aperiodic Two-way Transducers and FO-Transductions,https://doi.org/10.4230/LIPIcs.CSL.2015.160
435,TCS-4594,Counting to n with sub-square-root counter-automaton states,Can nondeterministic or universal counter automata count to n with o( n) states?,Automata and formal languages,quarantined,individual_review,Přesný stavový exponent pro jednu čítací úlohu je jemná deskriptivní optimalita; obecné stavové blowupy jsou silnější kandidáti.,,,Can nondeterministic or universal counter automata count to n with o( n) states?,Notes on Counting with Finite Machines,https://doi.org/10.4230/LIPIcs.FSTTCS.2014.339
436,TCS-4613,Jumping mu-automata capturing a strategy logic,"We conjecture that jumping µ automata capture ; Lµ , but the other direction deserves further investigations.",Automata and formal languages,quarantined,individual_review,Expresivní korespondence jednoho automatu s jednou navrženou logikou je navazující formalistická otázka.,,,"We conjecture that jumping µ automata capture ; Lµ , but the other direction deserves further investigations.",Jumping Automata for Uniform Strategies,https://doi.org/10.4230/LIPIcs.FSTTCS.2013.287
437,TCS-5806,Dynamic resources for maintaining context-free languages,Algebraic Characterizations of Classes of Regular Languages in DynFO — Unresolved-question passage on page 18,Automata and formal languages,quarantined,individual_review,Výčet možných zdrojů bez jednoho konkrétního rozpočtu je klasifikační program; přesné dynamic-membership cíle mají přednost.,,,"Which dynamic resources (quantifier-alterations, arity of auxiliary relations,. . . ) are required for maintaining context-free languages?",Algebraic Characterizations of Classes of Regular Languages in DynFO,https://doi.org/10.4230/LIPIcs.STACS.2026.9
438,TCS-5862,Minimizing every factorized-query representation formalism,A Formal Language Perspective on Factorized Representations — Unresolved-question passage on page 16,Automata and formal languages,quarantined,individual_review,"Ptá se současně na minimum několika formalismů, aniž vybere hlavní model; nejde o jednu nezávislou otázku.",,,What is the complexity of minimizing a representation of each formalism?,A Formal Language Perspective on Factorized Representations,https://doi.org/10.4230/LIPIcs.ICDT.2025.20
439,TCS-6028,Nonfinitary varieties as monadic categories,Which Categories Are Varieties? ((Co)algebraic pearls) — Unresolved-question passage on page 14,Automata and formal languages,quarantined,individual_review,Abstraktní rozšíření charakterizace variet nemá v záznamu zásadní algoritmický cíl odpovídající TCS benchmarku.,,,"Another direction of research are non-finitary varieties: what is an abstract characterization of categories monadic over SetS , or over Pos?",Which Categories Are Varieties? ((Co)algebraic pearls),https://doi.org/10.4230/LIPIcs.CALCO.2021.6
440,TCS-6047,EXPTIME for real-time energy automata,An omega-Algebra for Real-Time Energy Problems — Explicit open question on PDF page 3,Automata and formal languages,quarantined,individual_review,Dorovnává horní mez při kombinaci reálného času a energetických omezení; hlavní rozhodnutelnost kvantitativních automatů má větší dosah.,,,We conjecture that reachability and Büchi acceptance in real-time energy automata can be decided in exponential time.,An omega-Algebra for Real-Time Energy Problems,https://doi.org/10.4230/LIPIcs.FSTTCS.2015.394
441,TCS-6177,Non-erasing pattern equivalence with lengths — second record,The Equivalence Problem of E-Pattern Languages with Length Constraints Is Undecidable — Unresolved-question passage on page 15,Automata and formal languages,quarantined,duplicate,Stejnou otázku ze stejného zdroje už obsahuje TCS-1559; druhý import nepřidává nový problém.,TCS-1559,TCS-1559,"As mentioned at the end of Section 3, similar to [26], the decidability of the equivalence problem for non-erasing pattern languages with length constraints remains […]",The Equivalence Problem of E-Pattern Languages with Length Constraints Is Undecidable,https://doi.org/10.4230/LIPIcs.CPM.2025.4
442,TCS-6271,Decidability for sweeping and bounded two-way counter nets,Two-Way One-Counter Nets Revisited — Unresolved-question passage on page 15,Automata and formal languages,quarantined,individual_review,Doplňuje omezené pohybové varianty jednoho modelu; obecné protipříklady a rozhodnutelnost dvoucestných čítačových automatů mají přednost.,,,We conjecture that this problem is decidable for sweeping and bounded 2-OCN.,Two-Way One-Counter Nets Revisited,https://doi.org/10.4230/LIPIcs.CSL.2025.19
443,TCS-6313,Factoring bounded edit distance between transducers,Edit Distance of Finite State Transducers — Unresolved-question passage on page 18,Automata and formal languages,quarantined,individual_review,Hledá konkrétní faktorizační vlastnost blízkých funkcí; obecná ekvivalence a optimální aproximace transdukcí jsou zásadnější.,,,"An interesting question is: given two functional transducers T1 and T2 with bounded distance, does there exist a transducer T such that T2 is equivalent […]",Edit Distance of Finite State Transducers,https://doi.org/10.4230/LIPIcs.ICALP.2024.125
444,TCS-6326,Minimizing Rabin pairs without increasing states,On the Size of Good-For-Games Rabin Automata and Its Link with the Memory in Muller Games — Explicit open question on PDF page 14,Automata and formal languages,quarantined,individual_review,Optimalizuje jednu složku popisu při fixované jiné složce; obecná minimalizace a determinace omega-automatů mají větší dosah.,,,"However, even this latter option is not always optimal and we conjecture that minimising the number of Rabin pairs without increasing the size of the […]",On the Size of Good-For-Games Rabin Automata and Its Link with the Memory in Muller Games,https://doi.org/10.4230/LIPIcs.ICALP.2022.117
445,TCS-6363,A 2^n algorithm in a random-automaton learning problem,Open Problem: Meeting Times for Learning Random Automata — Explicit open question on PDF page 2,Automata and formal languages,quarantined,individual_review,Zlepšuje exponenciální prohledávání jednoho modelu; hlavní polynomiální naučitelnost automatů je podstatně zásadnější hranice.,,,"Note that there are Õ(2n log n ) DFAs on n states, so merely improving to an algorithm that takes O(2n ) time remains an […]",Open Problem: Meeting Times for Learning Random Automata,https://proceedings.mlr.press/v65/fish17a.html
446,TCS-6444,A stronger equivalence route to parity-index decidability,Deciding the weak definability of Büchi definable tree languages — Unresolved-question passage on page 12,Automata and formal languages,quarantined,individual_review,"Formuluje možnou cestu důkazu jiné hlavní otázky; pro atlas má přednost samotná rozhodnutelnost parity indexu, nikoli každý navržený mezikrok.",,,"One route to proving the decidability of the full parity index problem would be to prove a more general decidability result for ≈, for arbitrary […]",Deciding the weak definability of Büchi definable tree languages,https://doi.org/10.4230/LIPIcs.CSL.2013.215
447,TCS-7003,Expected reset threshold of random binary automata,Random binary automata have expected reset threshold Θ(√n).,Automata and formal languages,quarantined,individual_review,"Ponechávám vysokopravděpodobnostní otázku TCS-7002; očekávanou hodnotu stejné rodiny nyní beru jako navazující variantu. Netvrdím, že ji samotná vysokopravděpodobnostní mez implikuje.",,TCS-7002,Random binary automata have expected reset threshold Θ(√n).,Synchronizing Automata: Open Problems,https://arxiv.org/abs/2608.24245
448,TCS-0641,Variants of one-counter universality,Variants of one-counter systems universality,"Semantics, logic and verification",quarantined,individual_review,"Záznam zastřešuje neurčené varianty, místo aby vybral jednu hranici modelu; konkrétní univerzalitní a ekvivalenční otázky již atlas obsahuje.",,,Variants of one-counter systems universality,Automata Exchange,https://automata.exchange/19.10-variants-of-one-counter-systems-universality/
449,TCS-0888,Sufficient conditions for modular confluence,What are sufficient condition for the modularity of confluence?,"Semantics, logic and verification",quarantined,individual_review,Libovolné nové postačující podmínky nemají jedno kritérium úplného řešení; jde o široký program dílčích vět.,,,What are sufficient condition for the modularity of confluence?,RTA Open Problems,https://www.cs.tau.ac.il/~nachum/rtaloop/problems/59.html
450,TCS-0890,Decidable confluence conditions for graph rewriting,What sufficient conditions make confluence of general (hyper-)graph rewriting decidable?,"Semantics, logic and verification",quarantined,individual_review,Hledá další postačující podmínky bez určené hlavní třídy; konkrétní rozhodnutelnost konfluence je vhodnější jednotka výběru.,,,What sufficient conditions make confluence of general (hyper-)graph rewriting decidable?,RTA Open Problems,https://www.cs.tau.ac.il/~nachum/rtaloop/problems/75.html
451,TCS-0895,Decidable Church-Rosser criteria for left-linear rewriting,Give decidable criteria for left-linear rewriting systems to be Church-Rosser.,"Semantics, logic and verification",quarantined,individual_review,"Nežádá úplnou charakterizaci ani konkrétní kritérium, takže záznam může pokrývat neomezené množství navazujících výsledků.",,,Give decidable criteria for left-linear rewriting systems to be Church-Rosser.,RTA Open Problems,https://www.cs.tau.ac.il/~nachum/rtaloop/problems/13.html
452,TCS-0908,Complexities of various term-ordering problems,What are the complexities of various term ordering decision problems?,"Semantics, logic and verification",quarantined,individual_review,Souhrn několika neurčených rozhodovacích úloh není jeden samostatný zásadní problém.,,,What are the complexities of various term ordering decision problems?,RTA Open Problems,https://www.cs.tau.ac.il/~nachum/rtaloop/problems/30.html
453,TCS-1204,A two-clock extension of parametric disjunctive networks,"Also, whether extending the decidable case of Theorem 20 to two clocks preserves decidability remains open too.","Semantics, logic and verification",quarantined,individual_review,Rozšiřuje konkrétní rozhodnutelný případ o jednu hodinu; hlavní timed-network a parametric-verification bariéry mají přednost.,,,"Also, whether extending the decidable case of Theorem 20 to two clocks preserves decidability remains open too.",Parametric Disjunctive Timed Networks,https://doi.org/10.4230/LIPIcs.CSL.2026.31
454,TCS-1227,Inhabitation complexity of system R,Determining the precise complexity of inhabitation in the setting of system R remains an open and challenging problem.,"Semantics, logic and verification",quarantined,individual_review,Přesná složitost jednoho bounded-parallel intersection systému je specializovanější než hlavní typová inhabitační a normalizační otázka.,,,Determining the precise complexity of inhabitation in the setting of system R remains an open and challenging problem.,A Bounded Parallel Intersection Type System,https://doi.org/10.4230/LIPIcs.FSCD.2026.17
455,TCS-1519,Lafont exponentials in web models,We conjecture that the exponential of our web models is always Lafont (see,"Semantics, logic and verification",quarantined,individual_review,Zkoumá jednu kategoriální vlastnost konstrukce konkrétního modelu lineární logiky; obecná úplnost a výpočetní interpretace jsou zásadnější.,,,We conjecture that the exponential of our web models is always Lafont (see,Absolute Convergence and Taylor Expansion in Web Based Models of Linear Logic,https://doi.org/10.4230/LIPIcs.FSCD.2026.29
456,TCS-1597,Residual classes of lambda-calculus filter models,"However we leave open a complete answer for filter models which are neither lazy, set-like nor →-sound.","Semantics, logic and verification",quarantined,individual_review,Zbývající kombinace modelových vlastností doplňují lokální klasifikaci; hlavní otázku modelové úplnosti lambda kalkulu ponechávám.,,,"However we leave open a complete answer for filter models which are neither lazy, set-like nor →-sound.",Unsolvable Terms in Filter Models (Invited Talk),https://doi.org/10.4230/LIPIcs.FSCD.2025.3
457,TCS-1682,Inhabitation in a fuzzy intersection type system,We conjecture that the inhabitation problem ⊢Q∩ ? :d A should be decidable.,"Semantics, logic and verification",quarantined,individual_review,Jde o rozhodnutelnost nově zvoleného fuzzy typového formalismu; standardní typové systémy a jejich hlavní bariéry mají přednost.,,,We conjecture that the inhabitation problem ⊢Q∩ ? :d A should be decidable.,Towards Fuzzy Constructive Type Theories,https://doi.org/10.4230/LIPIcs.TYPES.2025.7
458,TCS-1683,Pullbacks in perfect operator categories,"It is an open problem to characterize all perfect operator categories that have all pullbacks, or whose class of monomorphisms is stable under pullbacks.","Semantics, logic and verification",quarantined,individual_review,"Klasifikace pomocných kategorií podle stability monomorfismů a pullbacků je technický konstrukční problém, ne hlavní sémantická bariéra.",,,"It is an open problem to characterize all perfect operator categories that have all pullbacks, or whose class of monomorphisms is stable under pullbacks.",Kleisli Categories with Display Maps,https://doi.org/10.4230/LIPIcs.TYPES.2025.9
459,TCS-1701,Finite axioms between ready simulation and failures,"Additionally, for the behavioural equivalences between ready simulation and failures, in the case of |A| = ∞, it is unknown whether finite, sound and ground-complete […]","Semantics, logic and verification",quarantined,individual_review,Souběh konkrétního úseku behaviorální hierarchie a nekonečné abecedy je úzké rozšíření konečné axiomatizace.,,,"Additionally, for the behavioural equivalences between ready simulation and failures, in the case of |A| = ∞, it is unknown whether finite, sound and ground-complete […]",From Bisimulation to Traces: The Impact of Parallel Composition on Finite Bases,https://doi.org/10.4230/LIPIcs.CONCUR.2025.35
460,TCS-1794,An operational account of one lambda theory,Is there an operational characterization of the λ-theory induced by E?,"Semantics, logic and verification",quarantined,individual_review,Hledá operacionalizaci teorie indukované konkrétním modelem E; obecná korespondence operační a denotační sémantiky má větší dosah.,,,Is there an operational characterization of the λ-theory induced by E?,Ohana Trees and Taylor Expansion for the λI-Calculus: No variable gets left behind or forgotten!,https://doi.org/10.4230/LIPIcs.FSCD.2025.12
461,TCS-1993,"FO[<,E] inside simple GHyperLTL","It remains an open question whether FO[<,E] is subsumed by simple GHyperLTLS+C .","Semantics, logic and verification",quarantined,individual_review,Jedno zahrnutí mezi specifickými hyperlogickými fragmenty je dílčí expresivní otázka.,,,"It remains an open question whether FO[<,E] is subsumed by simple GHyperLTLS+C .",Unifying Asynchronous Logics for Hyperproperties,https://doi.org/10.4230/LIPIcs.FSTTCS.2024.14
462,TCS-2082,Larger realizability algebras for large cardinals,"On the other hand, it remains an open problem to determine what would happen for a larger realizability algebra (equipotent with the large cardinal considered […]","Semantics, logic and verification",quarantined,individual_review,Otázka „co se stane“ po zvětšení algebry neurčuje konkrétní konzistenční nebo interpretační tvrzení; jde o výzkumný směr.,,,"On the other hand, it remains an open problem to determine what would happen for a larger realizability algebra (equipotent with the large cardinal considered […]",Realizability Models for Large Cardinals,https://doi.org/10.4230/LIPIcs.CSL.2024.28
463,TCS-2174,Which termination orders suffice for a reachability analysis?,"Are polynomial orders or KBOs without unary function symbol of weight zero sufficient, or are more powerful approaches for showing termination needed?","Semantics, logic and verification",quarantined,individual_review,Volí mezi důkazovými technikami pro konkrétní analýzu; samotná složitost term-reachability je významnější než úspěch vybraného uspořádání.,,,"Are polynomial orders or KBOs without unary function symbol of weight zero sufficient, or are more powerful approaches for showing termination needed?",On the Complexity of the Small Term Reachability Problem for Terminating Term Rewriting Systems,https://doi.org/10.4230/LIPIcs.FSCD.2024.16
464,TCS-2320,Composition of strongly finitary metric endofunctors,Are all strongly finitary endofunctors on Met closed under composition?,"Semantics, logic and verification",quarantined,individual_review,"Uzávěr jedné technické funktorové třídy je stavební lemma pro sémantický formalismus, s užším dosahem než hlavní modelové otázky.",,,Are all strongly finitary endofunctors on Met closed under composition?,Strongly Finitary Monads for Varieties of Quantitative Algebras,https://doi.org/10.4230/LIPIcs.CALCO.2023.10
465,TCS-2436,"Finite-variable, finite-occurrence FO fragments","19) – for example, is the k-atomic-predicate-occurrence fragment of the m-variable fragment of first-order logic with equality decidable?","Semantics, logic and verification",quarantined,individual_review,Kombinuje několik syntaktických omezení v jedné rozhodnutelnostní variantě; hlavní fragmenty logiky mají přednost.,,,"19) – for example, is the k-atomic-predicate-occurrence fragment of the m-variable fragment of first-order logic with equality decidable?",On the Finite Variable-Occurrence Fragment of the Calculus of Relations with Bounded Dot-Dagger Alternation,https://doi.org/10.4230/LIPIcs.MFCS.2023.69
466,TCS-2443,Easier winning-strategy gadgets,Are there any gadgets for which finding a winning strategy is provably easier?,"Semantics, logic and verification",quarantined,individual_review,Hledá nějaké jednodušší gadgety bez určení významné rodiny; nejde o jednu konkrétní herní bariéru.,,,Are there any gadgets for which finding a winning strategy is provably easier?,"Complexity of Motion Planning of Arbitrarily Many Robots: Gadgets, Petri Nets, and Counter Machines",https://doi.org/10.4230/LIPIcs.SAND.2023.5
467,TCS-2581,WPO classes equating friendly and maximal order types,Can we define a class of wpos where friendly order type always coincides with mot?,"Semantics, logic and verification",quarantined,individual_review,"Existence vhodné třídy bez požadavku na její rozsah je otevřené hledání příkladů, nikoli vymezená hlavní charakterizace.",,,Can we define a class of wpos where friendly order type always coincides with mot?,Ordinal Measures of the Set of Finite Multisets,https://doi.org/10.4230/LIPIcs.MFCS.2023.87
468,TCS-2641,Exact tower height for FO on bounded pathwidth,"Can the height of the tower in our case can be made pw + O(1), or is FO model checking on bounded pathwidth truly harder […]","Semantics, logic and verification",quarantined,individual_review,Zpřesnění výšky věže na parametr plus konstantu je jemnější cíl než základní parametrizovaná traktabilita model checkingu.,,,"Can the height of the tower in our case can be made pw + O(1), or is FO model checking on bounded pathwidth truly harder […]",First Order Logic on Pathwidth Revisited Again,https://doi.org/10.4230/LIPIcs.ICALP.2023.132
469,TCS-2682,EXPSPACE at invariant parameter b at least two,"We have shown PSPACE-completeness for b = 1, and we conjecture that the problem is already EXPSPACE-complete for all b ≥ 2.","Semantics, logic and verification",quarantined,individual_review,Doplňuje hranici jednoho invariantového formalismu po nejmenším parametru; obecné otázky efektivního ověřování mají větší dosah.,,,"We have shown PSPACE-completeness for b = 1, and we conjecture that the problem is already EXPSPACE-complete for all b ≥ 2.",Regular Model Checking Upside-Down: An Invariant-Based Approach,https://doi.org/10.4230/LIPIcs.CONCUR.2022.23
470,TCS-2854,Generalized circuits in an effect-typed language,The last problem that we deliberately leave open concerns the notion of generalized circuits used in this paper.,"Semantics, logic and verification",quarantined,individual_review,"Uložená věta pouze oznamuje, že zbývá problém o zobecněných obvodech; vlastní otázku neformuluje.",,,The last problem that we deliberately leave open concerns the notion of generalized circuits used in this paper.,On Dynamic Lifting and Effect Typing in Circuit Description Languages,https://doi.org/10.4230/LIPIcs.TYPES.2022.3
471,TCS-2937,Chronicle representations of TPTL formulas,It also raises the question of the equivalence with TPTL: would it be possible to find an equivalent collection of chronicles for a TPTL formula?,"Semantics, logic and verification",quarantined,individual_review,Překlad do jedné konkrétní událostní reprezentace je užší než obecná rozhodnutelnost a expresivita časových logik.,,,It also raises the question of the equivalence with TPTL: would it be possible to find an equivalent collection of chronicles for a TPTL formula?,Logical Forms of Chronicles,https://doi.org/10.4230/LIPIcs.TIME.2022.7
472,TCS-2985,List-encoded model checking of ordered logics,"What is the complexity of the model checking problem for ordered logics, if we use list encoding to encode our structures?","Semantics, logic and verification",quarantined,individual_review,Změna vstupního kódování v konkrétním logickém modelu je technická varianta složitosti.,,,"What is the complexity of the model checking problem for ordered logics, if we use list encoding to encode our structures?",Towards a Model Theory of Ordered Logics: Expressivity and Interpolation,https://doi.org/10.4230/LIPIcs.MFCS.2022.15
473,TCS-3022,Signals and conditions in BCP,"We leave it as an open problem, whether or not signals and conditions add to the expressive power of BCP.","Semantics, logic and verification",quarantined,individual_review,Přidání dvou syntaktických mechanismů do jednoho procesového kalkulu je lokální expresivní rozšíření.,,,"We leave it as an open problem, whether or not signals and conditions add to the expressive power of BCP.",Pushdown Automata and Context-Free Grammars in Bisimulation Semantics,https://doi.org/10.4230/LIPIcs.CALCO.2021.8
474,TCS-3319,Nonregular robustness languages for discounted-sum transducers,"4.3 Discounted sum measure For DSum-transducer, we conjecture that RobT (ν, L) is in general non-regular.","Semantics, logic and verification",quarantined,individual_review,Hledá protipříklad regularity v jedné metrice a typu transduktoru; obecná robustní verifikace má větší dosah.,,,"4.3 Discounted sum measure For DSum-transducer, we conjecture that RobT (ν, L) is in general non-regular.",Weighted Transducers for Robustness Verification,https://doi.org/10.4230/LIPIcs.CONCUR.2020.17
475,TCS-3370,Exact complexity of the BE interval fragment,"The problem of determining the exact complexity of the fragment BE, which is known to be EXPSPACE-hard and subsumes BD, [2], remains open.","Semantics, logic and verification",quarantined,individual_review,Dorovnává složitost jednoho fragmentu intervalové logiky; hlavní rozhodnutelnostní hranice logik mají přednost.,,,"The problem of determining the exact complexity of the fragment BE, which is known to be EXPSPACE-hard and subsumes BD, [2], remains open.",On a Temporal Logic of Prefixes and Infixes,https://doi.org/10.4230/LIPIcs.MFCS.2020.21
476,TCS-3466,Differential objects in co-Eilenberg-Moore categories,Can one characterize the differential objects in a coEilenberg-Moore category of a differential category?,"Semantics, logic and verification",quarantined,individual_review,"Charakterizace objektů konkrétní kategoriální konstrukce je technický sémantický podproblém, nikoli samostatná hlavní TCS bariéra.",,,Can one characterize the differential objects in a coEilenberg-Moore category of a differential category?,Tangent Categories from the Coalgebras of Differential Categories,https://doi.org/10.4230/LIPIcs.CSL.2020.17
477,TCS-3542,Termination of one predicate-subtyping encoding,"Second, is the confluent rewrite system used in the encoding terminating?","Semantics, logic and verification",quarantined,individual_review,Ověřuje terminační vlastnost konkrétního kódování; jde o dokončení metateorie jedné implementační cesty.,,,"Second, is the confluent rewrite system used in the encoding terminating?",Encoding of Predicate Subtyping with Proof Irrelevance in the λΠ-Calculus Modulo Theory,https://doi.org/10.4230/LIPIcs.TYPES.2020.6
478,TCS-3591,Adding signals to capture pushdown processes,We conjecture that extending TSP; (A) with propositional signals suffices to facilitate the definability of all pushdown processes.,"Semantics, logic and verification",quarantined,individual_review,Další syntaktický mechanismus má doplnit expresivitu konkrétního kalkulu; hlavní pushdown sémantické bariéry jsou širší.,,,We conjecture that extending TSP; (A) with propositional signals suffices to facilitate the definability of all pushdown processes.,Sequencing and Intermediate Acceptance: Axiomatisation and Decidability of Bisimilarity,https://doi.org/10.4230/LIPIcs.CALCO.2019.11
479,TCS-3769,Model classes characterized by two-variable term-modal logic,What kind of accessibility relations or model classes can be characterized by 2-variable TML?,"Semantics, logic and verification",quarantined,individual_review,Neurčuje kandidátní charakterizaci ani hlavní třídu rámců; jde o obecný program klasifikace jednoho fragmentu.,,,What kind of accessibility relations or model classes can be characterized by 2-variable TML?,Two variable fragment of Term Modal Logic,https://doi.org/10.4230/LIPIcs.MFCS.2019.30
480,TCS-3855,Fixed-K layeredness in Hyper Partial Order Logic,"So far, we do not know whether K−layeredness is decidable for a fixed K.","Semantics, logic and verification",quarantined,individual_review,Rozhodnutelnost pomocné vrstvenosti jednoho hyperlogického formalismu má menší dosah než obecné model-checking otázky.,,,"So far, we do not know whether K−layeredness is decidable for a fixed K.",Hyper Partial Order Logic,https://doi.org/10.4230/LIPIcs.FSTTCS.2018.20
481,TCS-3963,Metric completeness under Kantorovich lifting,A related question is the following: does the Kantorovich lifting preserve completeness of metrics?,"Semantics, logic and verification",quarantined,individual_review,Zachování úplnosti jednou konstrukcí je pomocné analytické lemma pro sémantické modely; hlavní behaviorální ekvivalence mají přednost.,,,A related question is the following: does the Kantorovich lifting preserve completeness of metrics?,(Metric) Bisimulation Games and Real-Valued Modal Logics for Coalgebras,https://doi.org/10.4230/LIPIcs.CONCUR.2018.37
482,TCS-3977,Strict ordinal levels of decreasing diagrams,What inclusions DCα ⊆ DCβ are strict for ω ≤ α < β?,"Semantics, logic and verification",quarantined,individual_review,Jemné rozlišení transfinitních úrovní jedné konfluencové techniky je užší než hlavní konfluence a normalizace.,,,What inclusions DCα ⊆ DCβ are strict for ω ≤ α < β?,Decreasing Diagrams with Two Labels Are Complete for Confluence of Countable Systems,https://doi.org/10.4230/LIPIcs.FSCD.2018.14
483,TCS-4243,AAHorn and discrete infinite interval extensions,"The problems that remain open include the status of AAHorn , as well as extending our results to the discrete infinite case (e.g., N or […]","Semantics, logic and verification",quarantined,individual_review,Spojuje několik zbývajících fragmentů a domén jednoho reasoneru; jde o navazující rozšíření klasifikace.,,,"The problems that remain open include the status of AAHorn , as well as extending our results to the discrete infinite case (e.g., N or […]",Fast(er) Reasoning in Interval Temporal Logic,https://doi.org/10.4230/LIPIcs.CSL.2017.17
484,TCS-4396,Other Petri-net restrictions with robust observability,Are there infinite-state restrictions of Petri nets other than 1-VASS whose observability semantics is robust?,"Semantics, logic and verification",quarantined,individual_review,Hledá další vhodné podmodely bez konkrétní cílové třídy; hlavní pozorovatelnostní a rozhodovací bariéry mají přednost.,,,Are there infinite-state restrictions of Petri nets other than 1-VASS whose observability semantics is robust?,One-Counter Automata with Counter Observability,https://doi.org/10.4230/LIPIcs.FSTTCS.2016.20
485,TCS-4473,"PSPACE-completeness of HS[A,A,B,E]","As for the other HS fragments, we showed that HS[A, A, B, E] is in PSPACE, and we conjecture that it is PSPACE-complete.","Semantics, logic and verification",quarantined,individual_review,Přesná dolní mez jednoho syntakticky omezeného intervalového fragmentu je menší cíl než hlavní logické bariéry.,,,"As for the other HS fragments, we showed that HS[A, A, B, E] is in PSPACE, and we conjecture that it is PSPACE-complete.",A Model Checking Procedure for Interval Temporal Logics based on Track Representatives,https://doi.org/10.4230/LIPIcs.CSL.2015.193
486,TCS-4617,Residual kernels at lambda equal to one half,"The only cases in which the polynomial kernel question remains open are those in which λ = 21 and either Π is not hereditary, or […]","Semantics, logic and verification",quarantined,individual_review,Zdroj výslovně vymezuje zbývající parametrické případy jedné kernelizační věty; nejde o nezávislou hlavní kompresní otázku.,,,"The only cases in which the polynomial kernel question remains open are those in which λ = 21 and either Π is not hereditary, or […]",Polynomial Kernels for lambda-extendible Properties Parameterized Above the Poljak-Turzik Bound,https://doi.org/10.4230/LIPIcs.FSTTCS.2013.43
487,TCS-5146,Safety-LTL succinctness versus pure-past fragments,"LTL over Finite Words Can Be Exponentially More Succinct Than Pure-Past LTL, and vice versa — Unresolved-question passage on page 11","Semantics, logic and verification",quarantined,individual_review,Je to další přesný velikostní vztah stejné úzké rodiny jako TCS-2449; obecné expresivní a transformační otázky LTL mají přednost.,,,"To the best of our knowledge, it is still an open question whether coSafety-LTL (resp., Safety-LTL) can be exponentially more succinct than F(pLTL) (resp., G(pLTL)).","LTL over Finite Words Can Be Exponentially More Succinct Than Pure-Past LTL, and vice versa",https://doi.org/10.4230/LIPIcs.TIME.2023.2
488,TCS-5912,Characterizing predicative type theories,Conservativity of Type Theory over Higher-Order Arithmetic — Unresolved-question passage on page 16,"Semantics, logic and verification",quarantined,individual_review,"Bez určení hledané vlastnosti nebo srovnávací teorie je to široký metateoretický program, nikoli jedna domněnka.",,,Can we find a characterisation for predicative type theories?,Conservativity of Type Theory over Higher-Order Arithmetic,https://doi.org/10.4230/LIPIcs.CSL.2024.44
489,TCS-5920,Two-way resynchronizer synthesis — second record,On Synthesis of Resynchronizers for Transducers — Unresolved-question passage on page 14,"Semantics, logic and verification",quarantined,duplicate,Stejné otevřené funkční i nefunkční dvoucestné případy již obsahuje TCS-3636 ze stejného zdroje.,TCS-3636,TCS-3636,"In the two-way setting, the decidability status remains open already when the transducers are not unambiguous (be them functional or not).",On Synthesis of Resynchronizers for Transducers,https://doi.org/10.4230/LIPIcs.MFCS.2019.69
490,TCS-6032,Removing function extensionality — second record,"Parametricity, Automorphisms of the Universe, and Excluded Middle — Explicit open question on PDF page 3","Semantics, logic and verification",quarantined,duplicate,Otázku nutnosti funkční extensionality pro obrácenou implikaci stejné věty již obsahuje TCS-4461.,TCS-4461,TCS-4461,We do not know whether the converse direction of Theorem 1 is provable without function extensionality.,"Parametricity, Automorphisms of the Universe, and Excluded Middle",https://doi.org/10.4230/LIPIcs.TYPES.2016.7
491,TCS-6062,Input-bounded FIFO complexity with fixed channel count,Bounded Reachability Problems Are Decidable in FIFO Machines — Unresolved-question passage on page 14,"Semantics, logic and verification",quarantined,individual_review,Přidává pevný počet kanálů k balíku úloh již zastoupenému obecnějším TCS-3462; jde o další restrikční variantu.,,TCS-3462,What is the precise complexity of the five problems for input-bounded FIFO machines with a fixed number of channels?,Bounded Reachability Problems Are Decidable in FIFO Machines,https://doi.org/10.4230/LIPIcs.CONCUR.2020.49
492,TCS-6253,Infinite-horizon stochastic-game equilibria — second record,Probabilistic Model Checking for Strategic Equilibria-Based Decision Making: Advances and Challenges (Invited Talk) — Explicit open question on PDF page 8,"Semantics, logic and verification",quarantined,duplicate,Stejnou otázku existence rovnováh při nekonečném horizontu ze stejného přehledu již obsahuje TCS-2815.,TCS-2815,TCS-2815,"Furthermore, because we include infinite-horizon objectives, where the existence of NE is an open problem [7], we will in some cases use ε-NE, which do […]",Probabilistic Model Checking for Strategic Equilibria-Based Decision Making: Advances and Challenges (Invited Talk),https://doi.org/10.4230/LIPIcs.MFCS.2022.4
493,TCS-6261,MSO+U completeness background,Countdown μ-Calculus — Explicit open question on PDF page 2,"Semantics, logic and verification",quarantined,individual_review,"Výňatek popisuje známou definiční sílu logiky a začíná její důsledek, ale žádnou samostatnou otevřenou otázku neuvádí.",,,"Since MSO + U defines a Σ1n -complete language for every n < ω [12, Theorem 2.1], [15, Theorem 7], it follows that some MSO […]",Countdown μ-Calculus,https://doi.org/10.4230/LIPIcs.MFCS.2022.64
494,TCS-6384,Sup/inf-complete categorical embeddings,"Towards Concept Analysis in Categories: Limit Inferior as Algebra, Limit Superior as Coalgebra — Explicit open question on PDF page 1","Semantics, logic and verification",quarantined,individual_review,Abstraktní dokončení kategorií v jednom zobecnění konceptové analýzy nemá vymezený hlavní výpočetní cíl pro tento atlas.,,,It is an open problem whether there exists a sup- and inf-complete category A0000 with a sup- and inf-dense embedding A → − A0000 in […],"Towards Concept Analysis in Categories: Limit Inferior as Algebra, Limit Superior as Coalgebra",https://doi.org/10.4230/LIPIcs.CALCO.2015.130
495,TCS-6408,Optimal slimming of Petri boxes,Slimming down Petri Boxes: Compact Petri Net Models of Control Flows — Explicit open question on PDF page 12,"Semantics, logic and verification",quarantined,individual_review,Optimalizuje velikost jedné reprezentace control flow přes pomocný problém na cografech; obecná verifikace Petriho sítí má přednost.,,,"As was explained before, computing an optimal slimming is equivalent to solving peccp on a cograph – to our knowledge it is still an open […]",Slimming down Petri Boxes: Compact Petri Net Models of Control Flows,https://doi.org/10.4230/LIPIcs.CONCUR.2022.8
496,TCS-7155,Effective Diophantine bounds for recurrence algorithms,Make the relevant transcendental Diophantine-approximation bounds effective enough for recurrence decision procedures.,"Semantics, logic and verification",quarantined,individual_review,"Jde o široký návrh důkazové cesty bez jedné konkrétní efektivní nerovnosti; samotné Skolem, Positivity a termination problémy zůstávají.",,,Make the relevant transcendental Diophantine-approximation bounds effective enough for recurrence decision procedures.,On Linear Recurrence Sequences and Loop Termination,https://people.mpi-sws.org/~joel/publications/lrs-survey15abs.html
497,TCS-1175,Index-based pivot rules with many memory states,Is there a super-polynomial lower bound on the running time of index-based pivot rules when at least Ω(n/ log n) memory states are available?,Optimization and numerics,quarantined,individual_review,Dolní mez je vázána na konkrétní paměťově omezenou rodinu pivotovacích pravidel; obecný polynomiální simplex zůstává hlavní otázkou.,,,Is there a super-polynomial lower bound on the running time of index-based pivot rules when at least Ω(n/ log n) memory states are available?,Lower Bounds for Ranking-Based Pivot Rules,https://doi.org/10.4230/LIPIcs.STACS.2026.31
498,TCS-1219,A 3/2-competitive incremental vertex cover on forests,There exists an integral 3/2-competitive algorithm for incremental vertex cover on forests.,Optimization and numerics,quarantined,individual_review,Přesný faktor pro lesy a inkrementální vstup je úzká online varianta; hlavní obecné vertex-cover a online optimalizační bariéry mají přednost.,,,There exists an integral 3/2-competitive algorithm for incremental vertex cover on forests.,Online and Incremental Fractional Vertex Cover on Trees,https://doi.org/10.4230/LIPIcs.ESA.2026.158
499,TCS-1267,Greedy packet forwarding on a line,"5 Open Problem We conjecture that Greedy has a constant competitive ratio, possibly 2, for online packet routing even when packet lengths are unbounded.",Optimization and numerics,quarantined,individual_review,Konstantní konkurenceschopnost jednoho greedy postupu při neomezené délce paketů je optimalita konkrétní heuristiky ve specifické síti.,,,"5 Open Problem We conjecture that Greedy has a constant competitive ratio, possibly 2, for online packet routing even when packet lengths are unbounded.",Forwarding Packets Greedily on the Line,https://doi.org/10.4230/LIPIcs.MFCS.2026.42
500,TCS-1362,Conditions for efficient bilinear saddle-point solving,"On the other hand, one question we leave open for future work is under what conditions we can efficiently solve the bilinear saddle-point problem in […]",Optimization and numerics,quarantined,individual_review,"Hledá vhodné podmínky pro subrutinu swap-regret algoritmu, ale neurčuje konkrétní hlavní třídu ani mez.",,,"On the other hand, one question we leave open for future work is under what conditions we can efficiently solve the bilinear saddle-point problem in […]",Swap Regret Minimization Through Response-Based Approachability,https://proceedings.mlr.press/v336/anagnostides26a.html
501,TCS-1394,Optimality across FTPL perturbation schemes,Whether this rate is tight for F TPL introduced by any perturbation scheme remains an open question.,Optimization and numerics,quarantined,individual_review,Porovnává dosažitelné rychlosti uvnitř jedné algoritmické rodiny; obecný minimaxový regret má větší samostatný dosah.,,,Whether this rate is tight for F TPL introduced by any perturbation scheme remains an open question.,Self-Concordant Perturbations for Linear Bandits,https://proceedings.mlr.press/v336/levy26a.html
502,TCS-1416,Adversarial min-prophet with few expected choices,"Does there exist an algorithm for adversarial order that achieves a constant competitive ratio with O(min{ln ln M, lnnn }) choices in expectation?",Optimization and numerics,quarantined,individual_review,"Počet výběrů, adversariální pořadí a minimální prophet cíl vytvářejí velmi specifický kompromis online modelu.",,,"Does there exist an algorithm for adversarial order that achieves a constant competitive ratio with O(min{ln ln M, lnnn }) choices in expectation?",Multi Choice Min Prophet,https://doi.org/10.4230/LIPIcs.ESA.2026.55
503,TCS-1810,Online base packing without knowing f(N),Is it possible to achieve polylogarithmic competitive ratio without knowledge of f (N )?,Optimization and numerics,quarantined,individual_review,Rozšiřuje algoritmus po odstranění jedné předchozí informace; hlavní online matroidové a stromové balicí problémy mají přednost.,,,Is it possible to achieve polylogarithmic competitive ratio without knowledge of f (N )?,Online Disjoint Spanning Trees and Polymatroid Bases,https://doi.org/10.4230/LIPIcs.ICALP.2025.44
504,TCS-1919,Loopless metabolic flux analysis with enzyme constraints,"This opens the interesting question of their tractability: under suitable assumptions, is the ll-FBA with enzyme constraints hard?",Optimization and numerics,quarantined,individual_review,Konkrétní biologický optimalizační model navíc ponechává předpoklady neurčené; nevymezuje hlavní obecnou optimalizační bariéru.,,,"This opens the interesting question of their tractability: under suitable assumptions, is the ll-FBA with enzyme constraints hard?",Mixed-Integer Optimization for Loopless Flux Distributions in Metabolic Networks,https://doi.org/10.4230/LIPIcs.SEA.2025.26
505,TCS-2086,Competitive bounds for a weighted-k-server subproblem,We do not know any non-trivial bounds on the competitive ratio of WkS-SPC and it is not even clear whether it is easier or harder […],Optimization and numerics,quarantined,individual_review,Pomocný dekompoziční model má nižší prioritu než samotný weighted k-server a rozdíl mezi náhodnými a deterministickými algoritmy.,,,We do not know any non-trivial bounds on the competitive ratio of WkS-SPC and it is not even clear whether it is easier or harder […],A Decomposition Approach to the Weighted k-Server Problem,https://doi.org/10.4230/LIPIcs.FSTTCS.2024.6
506,TCS-2100,Self-concordance of log trace inverse,It should be noted that whether generalized self-concordance holds for the logarithm of the trace inverse (potentially limited to a subset of its domain) is […],Optimization and numerics,quarantined,individual_review,Analytická vlastnost jedné účelové funkce podporuje konkrétní metodu experimentálního návrhu; nejde o obecnou optimalizační hranici.,,,It should be noted that whether generalized self-concordance holds for the logarithm of the trace inverse (potentially limited to a subset of its domain) is […],Solving the Optimal Experiment Design Problem with Mixed-Integer Convex Methods,https://doi.org/10.4230/LIPIcs.SEA.2024.16
507,TCS-2338,Maximum entropy for Bayesian swap regret,"Is it possible to efficiently (in poly(K, C) time) evaluate the maximum entropy ̃ for the problem of Bayesian swap regret?",Optimization and numerics,quarantined,individual_review,Efektivní vyhodnocení konkrétní pomocné veličiny je subrutina jedné approachability metody; hlavní regretové bariéry mají přednost.,,,"Is it possible to efficiently (in poly(K, C) time) evaluate the maximum entropy ̃ for the problem of Bayesian swap regret?",Pseudonorm Approachability and Applications to Regret Minimization,https://proceedings.mlr.press/v201/dann23a.html
508,TCS-2362,The 2k-minus-one All-or-One paging ratio,"For deterministic All-or-One Paging, we conjecture that the optimal ratio is 2k − 1. (For k = 2 we can show an upper bound of […]",Optimization and numerics,quarantined,individual_review,Přesný faktor specifického modelu heterogenních cache slotů je užší než hlavní pagingové a k-server otázky.,,,"For deterministic All-or-One Paging, we conjecture that the optimal ratio is 2k − 1. (For k = 2 we can show an upper bound of […]",Online Paging with Heterogeneous Cache Slots,https://doi.org/10.4230/LIPIcs.STACS.2023.23
509,TCS-2544,Beating 0.745 in non-iid threshold testing,Can we obtain a ratio strictly larger than 0.745 also for non-i.i.d. threshold testing?,Optimization and numerics,quarantined,individual_review,Přenáší konkrétní aproximační práh do dalšího rozdělovacího režimu jedné semi-online prophet varianty.,,,Can we obtain a ratio strictly larger than 0.745 also for non-i.i.d. threshold testing?,Threshold Testing and Semi-Online Prophet Inequalities,https://doi.org/10.4230/LIPIcs.ESA.2023.62
510,TCS-2549,Rent minimization versus machine minimization,Is the Rent Minimization problem strictly harder than the Machine Minimization problem?,Optimization and numerics,quarantined,individual_review,"Rozlišení dvou nákladových cílů při jednotkových úlohách je úzká schedulingová varianta, nikoli hlavní online optimalizační bariéra.",,,Is the Rent Minimization problem strictly harder than the Machine Minimization problem?,Improved Algorithms for Online Rent Minimization Problem Under Unit-Size Jobs,https://doi.org/10.4230/LIPIcs.ESA.2023.97
511,TCS-2570,Lower bounds against partition-based secretary algorithms,On the negative side: can we prove a lower bound against the following class of partition-based algorithms?,Optimization and numerics,quarantined,individual_review,Omezuje cíl na jednu rodinu kandidátních algoritmů; samotný matroid secretary problém má větší význam než eliminace konkrétní strategie.,,,On the negative side: can we prove a lower bound against the following class of partition-based algorithms?,Matroid Partition Property and the Secretary Problem,https://doi.org/10.4230/LIPIcs.ITCS.2023.2
512,TCS-2737,Exact completeness at level n of a coding LP hierarchy,We conjecture that at level n the hierarchy would have exact completeness.,Optimization and numerics,quarantined,individual_review,Ověřuje přesnou sílu jedné navržené hierarchie; obecné dekódovací a LP-relaxační bariéry jsou zásadnější.,,,We conjecture that at level n the hierarchy would have exact completeness.,A Complete Linear Programming Hierarchy for Linear Codes,https://doi.org/10.4230/LIPIcs.ITCS.2022.51
513,TCS-2751,Line search with unknown target direction,It also remains open to find tight bounds for the case where the direction of movement of the target is unknown.,Optimization and numerics,quarantined,individual_review,Přesné meze jedné pohybující se cílové konfigurace jsou modelová hledací otázka s omezeným širším dosahem.,,,It also remains open to find tight bounds for the case where the direction of movement of the target is unknown.,Line Search for an Oblivious Moving Target,https://doi.org/10.4230/LIPIcs.OPODIS.2022.12
514,TCS-2857,Dimension dependence of Thompson sampling for LQR,It remains an open problem whether this polynomial dimension dependency in regret can be achieved via TS in general LQRs.,Optimization and numerics,quarantined,individual_review,Ladí dimenzionální závislost jedné metody v konkrétním řídicím modelu; obecná efektivní adaptivní kontrola má přednost.,,,It remains an open problem whether this polynomial dimension dependency in regret can be achieved via TS in general LQRs.,Thompson Sampling Achieves $\tilde{O}(\sqrt{T})$ Regret in Linear Quadratic Control,https://proceedings.mlr.press/v178/kargin22a.html
515,TCS-3174,Secretary matching without rankability,"That is, what competitive ratio can be achieved without the rankable assumption?",Optimization and numerics,quarantined,individual_review,Rozšiřuje jeden probing-with-commitment model po odstranění strukturálního předpokladu; jde o navazující modelovou variantu.,,,"That is, what competitive ratio can be achieved without the rankable assumption?",Secretary Matching Meets Probing with Commitment,https://doi.org/10.4230/LIPIcs.APPROX/RANDOM.2021.13
516,TCS-3239,Structural obstacles to online domination,What are the main structural obstacles in graphs that prohibit online algorithms with small competitive ratios?,Optimization and numerics,quarantined,individual_review,Neurčuje kandidátní charakterizaci ani cílový competitive ratio; jde o výzkumný program hledání překážek.,,,What are the main structural obstacles in graphs that prohibit online algorithms with small competitive ratios?,Online Domination: The Value of Getting to Know All Your Neighbors,https://doi.org/10.4230/LIPIcs.MFCS.2021.57
517,TCS-3387,Logarithmic regret for a reparameterized expert method,We conjecture that O(log n) regret bounds are not possible for the reparameterized version of the expert algorithm when the loss components are log losses.,Optimization and numerics,quarantined,individual_review,"Otázka hodnotí konkrétní změnu parametrizace jedné metody, nikoli obecně dosažitelný regret.",,,We conjecture that O(log n) regret bounds are not possible for the reparameterized version of the expert algorithm when the loss components are log losses.,Winnowing with Gradient Descent,https://proceedings.mlr.press/v125/amid20a.html
518,TCS-3505,The 2k-plus-one k-server-with-delays ratio,Is there a 2k + 1-competitive deterministic algorithm for the k-server problem with delays on any finite metric space?,Optimization and numerics,quarantined,individual_review,Přidává prodlevy a přesný faktor k již zásadnímu k-server tématu; obecnou k-server domněnku ponechávám jako silnější prioritu.,,,Is there a 2k + 1-competitive deterministic algorithm for the k-server problem with delays on any finite metric space?,The k-Server Problem with Delays on the Uniform Metric Space,https://doi.org/10.4230/LIPIcs.ISAAC.2020.61
519,TCS-3638,Optimal line chasing with memory,6 Final Comments Establishing the optimal competitive ratio for line chasing with memory remains an open problem.,Optimization and numerics,quarantined,individual_review,Přesná konkurenceschopnost v úzkém lineárním paměťovém modelu má menší dosah než hlavní convex-body chasing bariéra.,,,6 Final Comments Establishing the optimal competitive ratio for line chasing with memory remains an open problem.,Better Bounds for Online Line Chasing,https://doi.org/10.4230/LIPIcs.MFCS.2019.8
520,TCS-3663,Beta dependence of Thompson sampling on logistic bandits,"However, previous analyses leave open the possibility that the convergence time increases exponentially with the parameter β, which seems counterintuitive.",Optimization and numerics,quarantined,individual_review,Vyjasňuje jeden parametr analýzy konkrétního algoritmu; obecný optimální regret a adaptivita banditů jsou zásadnější.,,,"However, previous analyses leave open the possibility that the convergence time increases exponentially with the parameter β, which seems counterintuitive.",On the Performance of Thompson Sampling on Logistic Bandits,https://proceedings.mlr.press/v99/dong19a.html
521,TCS-3775,Diamond-cactus subgraphs via matroid parity,"For instance, are diamond-cactus subgraphs captured by matroid parity?",Optimization and numerics,quarantined,individual_review,Jde o zachycení specifické grafové podstruktury jedním algoritmickým primitivem; hlavní matroidové problémy mají přednost.,,,"For instance, are diamond-cactus subgraphs captured by matroid parity?",A Tight Extremal Bound on the Lovász Cactus Number in Planar Graphs,https://doi.org/10.4230/LIPIcs.STACS.2019.19
522,TCS-3815,Optimality without knowing future resources,"For example, which problems can be solved optimally or almost optimally without knowledge of the amount of resources available in the future (as in the […]",Optimization and numerics,quarantined,individual_review,Hledá vhodné problémy a modely budoucích zdrojů bez jednoho konkrétního cíle; je to klasifikační program.,,,"For example, which problems can be solved optimally or almost optimally without knowledge of the amount of resources available in the future (as in the […]",Paging with Dynamic Memory Capacity,https://doi.org/10.4230/LIPIcs.STACS.2019.56
523,TCS-3893,Recognizing minimal Dantzig-Wolfe reformulations,Are we able to (efficiently) recognize that a DW reformulation is minimal once we have optimally solved it?,Optimization and numerics,quarantined,individual_review,Kontrola minimálnosti již vyřešené reformulace je technická optimalita jednoho modelovacího postupu.,,,Are we able to (efficiently) recognize that a DW reformulation is minimal once we have optimally solved it?,A Computational Investigation on the Strength of Dantzig-Wolfe Reformulations,https://doi.org/10.4230/LIPIcs.SEA.2018.11
524,TCS-4106,The meta-algorithm behind Physarum dynamics,"From a broader perspective, as pointed out in the introduction, a full characterization of the meta-algorithm behind the Physarum dynamics remains open.",Optimization and numerics,quarantined,individual_review,Žádá obecné vysvětlení jedné dynamické metody; konkrétní konvergenční a LP-složitostní otázky jsou vhodnější samostatné problémy.,,,"From a broader perspective, as pointed out in the introduction, a full characterization of the meta-algorithm behind the Physarum dynamics remains open.",On the Convergence Time of a Natural Dynamics for Linear Programming,https://doi.org/10.4230/LIPIcs.ISAAC.2017.17
525,TCS-4377,AUSO outside a particular layering bound,"Are there AUSO that are not (2 , O( n/ log n))-layered?",Optimization and numerics,quarantined,individual_review,Hledá příklad porušující technický vrstevnatostní odhad; obecná složitost optimalizace na unique-sink orientacích má přednost.,,,"Are there AUSO that are not (2 , O( n/ log n))-layered?",The Niceness of Unique Sink Orientations,https://doi.org/10.4230/LIPIcs.APPROX-RANDOM.2016.30
526,TCS-4487,Advice for weighted minASG,"Thus, it remains an open problem if O(n/c) bits of advice suffice to achieve a competitive ratio of c for the weighted version of minASG.",Optimization and numerics,quarantined,individual_review,Přesná nápověda pro jednu abstraktní online úlohu je užší než obecné advice-complexity a prediction-augmented bariéry.,,,"Thus, it remains an open problem if O(n/c) bits of advice suffice to achieve a competitive ratio of c for the weighted version of minASG.",Advice Complexity for a Class of Online Problems,https://doi.org/10.4230/LIPIcs.STACS.2015.116
527,TCS-4852,Circuits of worst-case combinatorial resultant trees,Combinatorial Resultants in the Algebraic Rigidity Matroid — Open Problem 3,Optimization and numerics,quarantined,individual_review,Charakterizuje výstupy jedné algebraické eliminační konstrukce; hlavní resultantové a algebraické výpočetní otázky mají větší dosah.,,,Characterize the circuits produced by the worst-case size of the combinatorial resultant tree.,Combinatorial Resultants in the Algebraic Rigidity Matroid,https://doi.org/10.4230/LIPIcs.SoCG.2021.52
528,TCS-4943,ALS overparameterization lower bounds — companion record,Open Problem: How much overparametrization is needed for ALS in tensor decomposition? — Open Problem 3,Optimization and numerics,quarantined,individual_review,Jde o formulaci dolní meze uvnitř stejného COLT problému jako TCS-0038; další samostatné místo tématu nepřidávám.,,TCS-0038,Can one prove that there exists a universal constant c ą 0 such that ALS and gradient descent (and other iterative methods) require overparametrization of […],Open Problem: How much overparametrization is needed for ALS in tensor decomposition?,https://proceedings.mlr.press/v336/arvanitakis26a.html
529,TCS-5024,Polynomial-time recognition of instance optimizability,Instance Complexity and Unlabeled Certificates in the Decision Tree Model — Unresolved-question passage on page 33,Optimization and numerics,quarantined,individual_review,Konkrétní polynomiální cíl se týká stejného rozhodovacího problému jako TCS-3363; nepočítám ho jako další samostatnou otázku.,,TCS-3363,It remains open if we can test if a given function is instance optimizable in time polynomial in the size of the truth table.,Instance Complexity and Unlabeled Certificates in the Decision Tree Model,https://doi.org/10.4230/LIPIcs.ITCS.2020.56
530,TCS-5049,A Lipschitz-normalization condition for piecewise optimization,Invited Open Problem: Online Optimization of Piecewise-Lipschitz Functions with Applications to Data-Driven Algorithm Design — Open Question 2,Optimization and numerics,quarantined,individual_review,Navrhuje příklad možného postačujícího předpokladu bez pevné domněnky; jde o hledání vhodného modelového zobecnění.,,,"We conjecture that a simple condition—e.g., bounding the Lipschitz constant of the normalized function F (θ)/∥F (θ)∥2 —may suffice to play the role that fixing […]",Invited Open Problem: Online Optimization of Piecewise-Lipschitz Functions with Applications to Data-Driven Algorithm Design,https://proceedings.mlr.press/v336/balcan26a.html
531,TCS-5051,MPH versus supermodular-width valuation classes,Capturing Complementarity in Set Functions by Going Beyond Submodularity/Subadditivity — Explicit open question on PDF page 6,Optimization and numerics,quarantined,individual_review,Jemné zahrnutí mezi odvozenými třídami valuací má menší dosah než hlavní optimalizační hranice submodularity a komplementarity.,,,It remains open whether MPH-(d + 1) – which subsumes SD-d as a subset – contains SMW-d.,Capturing Complementarity in Set Functions by Going Beyond Submodularity/Subadditivity,https://doi.org/10.4230/LIPIcs.ITCS.2019.24
532,TCS-5066,Littlestone-dimension regret — second record,Multiclass Online Learning and Uniform Convergence — Explicit open question on PDF page 12,Optimization and numerics,quarantined,duplicate,Stejnou otázku optimálního regretu pro libovolnou třídu již obsahuje TCS-2336 ze stejného zdroje.,TCS-2336,TCS-2336,"As stated in Open Problemp 1, it remains an open problem to determine whether the optimal regret is always of the form Θ( L(H)T ).",Multiclass Online Learning and Uniform Convergence,https://proceedings.mlr.press/v195/hanneke23b.html
533,TCS-5080,Unknown-parameter heavy-tailed bandits — second record,Open Problem: Regret Minimization in Heavy-Tailed Bandits with Unknown Distributional Parameters — Open Question 1,Optimization and numerics,quarantined,duplicate,Tentýž COLT problém již zastupuje TCS-0701; druhý import jeho formulace nepřidává další bariéru.,TCS-0701,TCS-0701,What is the best regret rate that can be incurred in the HTMAB problem without any knowledge on ε and u and without any additional […],Open Problem: Regret Minimization in Heavy-Tailed Bandits with Unknown Distributional Parameters,https://proceedings.mlr.press/v291/genalti25a.html
534,TCS-5185,Adaptive bandit regret without knowing change count,Adaptively Tracking the Best Bandit Arm with an Unknown Number of Distribution Changes — Explicit open question on PDF page 5,Optimization and numerics,quarantined,duplicate,Stejný otevřený cíl neznámého počtu změn již obsahuje TCS-3690 ze stejného článku.,TCS-3690,TCS-3690,It is an open problem if optimal regret can be achieved in the adversarial setting without knowing L.,Adaptively Tracking the Best Bandit Arm with an Unknown Number of Distribution Changes,https://proceedings.mlr.press/v99/auer19a.html
535,TCS-5300,Energy tradeoffs for constant-memory search robots,Energy Consumption of Group Search on a Line — Explicit open question on PDF page 2,Optimization and numerics,quarantined,individual_review,"Kombinuje energetický kompromis, konstantní paměť a skupinové hledání na přímce; jde o velmi specifický robotický model.",,,"In fact, we conjecture that this trade-off is impossible for any group search strategy that uses only constant memory robots.",Energy Consumption of Group Search on a Line,https://doi.org/10.4230/LIPIcs.ICALP.2019.137
536,TCS-5301,Constant-competitive online matching on the line,Online Minimum Cost Matching with Recourse on the Line — Unresolved-question passage on page 14,Optimization and numerics,quarantined,duplicate,Stejný základní cíl bez recourse již obsahuje TCS-5158; další formulaci nepočítám jako nový problém.,TCS-5158,TCS-5158,Does there exist an O(1)- competitive algorithm for online matching on the line without any recourse?,Online Minimum Cost Matching with Recourse on the Line,https://doi.org/10.4230/LIPIcs.APPROX/RANDOM.2020.37
537,TCS-5535,Contextual-bandit model selection — second record,Open Problem: Model Selection for Contextual Bandits — Open Problem 2,Optimization and numerics,quarantined,duplicate,Konkrétní formulace ze stejného otevřeného COLT problému doplňuje již ponechaný TCS-0711.,TCS-0711,TCS-0711,"For some value α ∈ [1/2, 1), design an algorithm for contextual bandits that for any sequence F1 ⊂ F2 ⊂ ⋯FM = F, whenever […]",Open Problem: Model Selection for Contextual Bandits,https://proceedings.mlr.press/v125/foster20a.html
538,TCS-5552,Chosen-order versus random-arrival secretary with predictions,The Secretary Problem with Predictions and a Chosen Order — Explicit open question on PDF page 7,Optimization and numerics,quarantined,individual_review,Porovnává dvě informační varianty již rozšířeného secretary modelu; obecné secretary bariéry mají větší prioritu.,,,"A separation has now been established for prophet inequalities [21], but in our setting, the relationship remains open: the best upper bound for the random-arrival […]",The Secretary Problem with Predictions and a Chosen Order,https://doi.org/10.4230/LIPIcs.ITCS.2026.86
539,TCS-5570,Physarum meta-algorithm — another program record,On the Convergence Time of a Natural Dynamics for Linear Programming — Explicit open question on PDF page 2,Optimization and numerics,quarantined,individual_review,"Opakuje požadavek vysvětlit meta-algoritmus z TCS-4106; oba záznamy vyřazuji jako neurčený metodický program, nikoli dvě domněnky.",,,"A full characterization of the meta-algorithm behind the dynamics remains open; we believe it deserves to be investigated, due to its potential to suggest a […]",On the Convergence Time of a Natural Dynamics for Linear Programming,https://doi.org/10.4230/LIPIcs.ISAAC.2017.17
540,TCS-5588,Linear-space optimal puppy-chasing strategies,Chasing Puppies: Mobile Beacon Routing on Closed Curves — Unresolved-question passage on page 16,Optimization and numerics,quarantined,individual_review,Prostorový popis optimální strategie člověka a majáku na křivce je specifická geometrická hledací konstrukce.,,,We conjecture that an optimal strategy can be described in only O(n) space by listing only the human’s initial direction and the sequence of points […],Chasing Puppies: Mobile Beacon Routing on Closed Curves,https://doi.org/10.4230/LIPIcs.SoCG.2021.5
541,TCS-5599,Conditions for positive geodesic exponential kernels,Open Problem: Kernel methods on manifolds and metric spaces. What is the probability of a positive definite geodesic exponential kernel? — Conjecture 1,Optimization and numerics,quarantined,individual_review,Žádá nějaké podmínky napříč několika parametry geometrie a dat; bez jedné vymezené rodiny a pravděpodobnostního cíle jde o program.,,,"There exist conditions on the geometry of the data space X, the spread of the data, the exponent q ≤ 2, the PD range of […]",Open Problem: Kernel methods on manifolds and metric spaces. What is the probability of a positive definite geodesic exponential kernel?,https://proceedings.mlr.press/v49/feragen16.html
542,TCS-6136,Constant upper/lower gap for temporal-feedback regret,Adversarial Online Learning with Temporal Feedback Graphs — Unresolved-question passage on page 12,Optimization and numerics,quarantined,duplicate,Stejnou konstantní mezeru mezi UB a ILB pro časové feedback grafy již formuluje TCS-2070.,TCS-2070,TCS-2070,We conjecture that this gap is at most a universal constant (thus showing that both Algorithm 1 and this lower bound are optimal up to […],Adversarial Online Learning with Temporal Feedback Graphs,https://proceedings.mlr.press/v247/gatmiry24b.html
543,TCS-6400,A modified haystack dimension for stochastic queries,"Bandits, Query Learning, and the Haystack Dimension — Explicit open question on PDF page 15",Optimization and numerics,quarantined,individual_review,"Navrhuje upravit pomocnou dimenzi tak, aby lépe vystihovala informace; definice výsledné míry ani přesná charakterizace zatím nejsou zadány.",,,We suspect that a modified version of the haystack dimension which better accounts for the “information value” of a query under stochasticity (i.e. that uses […],"Bandits, Query Learning, and the Haystack Dimension",https://proceedings.mlr.press/v19/amin11a.html
