title,authors,year,url,pdf_url,locator
The P versus NP Problem,Stephen Cook,,https://www.claymath.org/wp-content/uploads/2022/06/pvsnp.pdf,,"Official problem description, Sections 1–2; historical algorithmic examples elsewhere in this document are not treated as current records"
Mathematics and Computation (2018 draft),Avi Wigderson,2018,https://www.math.ias.edu/files/mathandcomp.pdf,https://www.math.ias.edu/files/mathandcomp.pdf#page=206,Open Problem 15.34
Algebrization: A New Barrier in Complexity Theory,Scott Aaronson; Avi Wigderson,2009,https://www.scottaaronson.com/papers/alg.pdf,,Introduction and formal algebrization results; journal DOI 10.1145/1490270.1490272
Nonuniform ACC Circuit Lower Bounds,Ryan Williams,2014,https://people.csail.mit.edu/rrw/acc-lbs-journal-final.pdf,,"JACM 61(1), Article 2; Theorems 1.1–1.2 in the author version; CCC 2011 precursor; the PDF retains placeholder journal metadata"
P vs NP — Millennium Prize Problem,Clay Mathematics Institute,,https://www.claymath.org/millennium/p-vs-np/,,"Current unsolved listing, checked 11 September 2026"
Introduction to Property Testing (April 2017 manuscript),Oded Goldreich,2017,https://www.wisdom.weizmann.ac.il/~oded/pt-intro.html,https://www.wisdom.weizmann.ac.il/~oded/PDF/pt-v3.pdf#page=268,Open Problem 9.26; PDF page 268
Computational Complexity: A Modern Approach,Sanjeev Arora; Boaz Barak,2007,https://theory.cs.princeton.edu/complexity/,https://theory.cs.princeton.edu/complexity/book.pdf#page=202,§9.4; PDF page 202
On Some Fine-Grained Questions in Algorithms and Complexity,Virginia Vassilevska Williams,2018,https://people.csail.mit.edu/virgi/,https://people.csail.mit.edu/virgi/eccentri.pdf#page=19,"§6, disjunction of hypotheses; PDF page 19"
Mathematics and Computation,Avi Wigderson,2019,https://www.math.ias.edu/avi/book,https://www.math.ias.edu/files/Book-online-Aug0619.pdf#page=60,Open Problem 4.6; PDF page 60
The Status of the P versus NP Problem,Lance Fortnow,2009,https://lance.fortnow.com/papers/files/pnp-cacm.pdf,https://lance.fortnow.com/papers/files/pnp-cacm.pdf#page=4,§5.4; PDF page 4
Mathematics and Computation,Avi Wigderson,2019,https://www.math.ias.edu/files/Book-online-Aug0619.pdf,,"Sections on circuit satisfiability, nontrivial algorithms and circuit lower bounds."
Alternation,Ashok K. Chandra; Dexter C. Kozen; Larry J. Stockmeyer,1981,https://doi.org/10.1145/322234.322243,,"JACM 28(1), 114–133; polynomial-time alternation equals polynomial space; quantified-game viewpoint also explained in Wigderson Section 4.1"
\(\mathrm{IP} = \mathrm{PSPACE}\),Adi Shamir,1992,https://doi.org/10.1145/146585.146609,,Journal of the ACM 39(4):869–877; unrestricted-prover interactive-proof characterization
Simulating Time With Square-Root Space,R. Ryan Williams,2025,https://arxiv.org/abs/2502.17779v1,,"STOC 2025; multitape time-space and Boolean-circuit evaluation bounds; JACM 73(3), Article 16 (2026), DOI 10.1145/3798104"
Some Recent Developments in Space Complexity,R. Ryan Williams,2026,https://doi.org/10.4230/LIPIcs.MFCS.2026.3,,"MFCS 2026 invited talk, published 21 August 2026; one-page survey abstract"
Limits to Parallel Computation: P-Completeness Theory,Raymond Greenlaw; H. James Hoover; Walter L. Ruzzo,1995,https://homes.cs.washington.edu/~ruzzo/papers/limits.pdf,,"Preface; Chapter 2, especially Definition 2.3.7 and Lemma 2.4.2; Theorem 4.2.2 and Chapter 6"
Undirected Connectivity in Log-Space,Omer Reingold,2008,https://omereingold.wordpress.com/wp-content/uploads/2014/10/sl.pdf,,"Author manuscript; JACM 55(4), DOI 10.1145/1391289.1391291"
Logarithmic Space,Eric Blais,2026,https://cs.uwaterloo.ca/~eblais/cs365/w26/L-and-NL,,"University of Waterloo CS 365, Winter 2026, Chapter 18; machine model, L⊆NL⊆P, and unknown strictness"
Bootstrapping Results for Threshold Circuits “Just Beyond” Known Lower Bounds,Lijie Chen; Roei Tell,2019,https://eccc.weizmann.ac.il/report/2018/199/,,"ECCC TR18-199; STOC 2019; lower-bound implication for NC¹-complete Boolean formula evaluation, S_5 word problem and width-five connectivity"
Uniform constant-depth threshold circuits for division and iterated multiplication,William Hesse; Eric Allender; David A. Mix Barrington,2002,https://doi.org/10.1016/S0022-0000(02)00025-9,,"Journal of Computer and System Sciences 65(4), 695–716; DLOGTIME-uniform TC⁰ upper bounds"
Characterizing \(\mathrm{NC}^{1}\) with Typed Monoids,Anuj Dawar; Aidan T. Evans,2025,https://doi.org/10.4230/LIPIcs.FSTTCS.2025.26,,"FSTTCS 2025, 26:1–26:19; §§1–2 explicitly fix uniform classes; §4 algebraic characterization"
Super-quadratic Lower Bounds for Depth-2 Linear Threshold Circuits,"Lijie Chen, Avishay Tal and Yichuan Wang",2026,https://eccc.weizmann.ac.il/report/2026/039/,,"14 March 2026, full PDF introduction and Theorem 1.1: for every ε∈(0,1), an E^NP function requires more than n^(2.5−ε) gates at depth two. The hard function may depend on ε."
On Isomorphisms and Density of NP and Other Complete Sets,Leonard C. Berman; Juris Hartmanis,1977,https://epubs.siam.org/doi/10.1137/0206023,,"SIAM Journal on Computing 6(2), 305–322; original conjecture and padding theorem"
The ismorphism conjecture fails relative to a random oracle,Stuart A. Kurtz; Stephen R. Mahaney; James S. Royer,1989,https://doi.org/10.1145/73007.73022,,"STOC 1989, 157–166; title spelling follows the ACM proceedings record; journal version discussed in the 2022 column"
The Isomorphism Conjecture Holds Relative to an Oracle,Stephen Fenner; Lance Fortnow; Stuart A. Kurtz,1996,https://epubs.siam.org/doi/10.1137/S0097539793248305,,SIAM Journal on Computing; symmetric perfect generic oracles
Reductions in Circuit Complexity: An Isomorphism Theorem and a Gap Theorem,Manindra Agrawal; Eric Allender; Steven Rudich,1998,https://www.cse.iitk.ac.in/users/manindra/isomorphism/non-uniform-ac0-iso.pdf,,"Journal of Computer and System Sciences 57(2), 127–143, October 1998; explicitly nonuniform AC⁰ results"
One-Way Functions and the Isomorphism Conjecture,Manindra Agrawal; Osamu Watanabe,2009,https://eccc.weizmann.ac.il/report/2009/019/,,TR09-019; regular one-way functions and additional easy-cylinder hypothesis yield nonuniform statements
Open Problems by or Inspired by Juris Hartmanis,Eric Allender; Jin-Yi Cai; Lance Fortnow; William Gasarch; Neil Immerman; Stuart Kurtz; James Royer; Ryan Williams,2022,https://www.cs.umd.edu/~gasarch/open/juris.pdf,,"SIGACT News 53(4), December 2022; §§5.1–5.3, manuscript pp. 6–8"
The Isomorphism Conjecture for NP,Manindra Agrawal,2009,https://cse.iitk.ac.in/users/manindra/survey/Isomorphism-Conjecture.pdf,,"Manuscript dated 19 December 2009, despite newer web indexing; Definitions 2.1–2.4 and §3"
"Recovery Reductions, Conjectures, and Barriers",Tejas Nareddy; Abhishek Mishra,2025,https://eccc.weizmann.ac.il/report/2025/157/,,"ECCC TR25-157; Conjecture 1 and Theorem 3, manuscript p. 5; recovery consequence assumes the isomorphism conjecture."
The Polynomial-Time Hierarchy,Larry J. Stockmeyer,1976,https://research.ibm.com/publications/the-polynomial-time-hierarchy,,"Theoretical Computer Science 3(1), 1–22; DOI 10.1016/0304-3975(76)90061-X"
"The Polynomial Hierarchy, Random Oracles, and Boolean Circuits",Benjamin Rossman; Rocco A. Servedio; Li-Yang Tan,2015,https://www.cs.columbia.edu/~rocco/Public/sigact15.pdf,,"SIGACT News 46(4), 50–68; Sections 1–2, formal hierarchy and relativized history"
An Average-Case Depth Hierarchy Theorem for Boolean Circuits,Benjamin Rossman; Rocco A. Servedio; Li-Yang Tan,2015,https://arxiv.org/abs/1504.03398,,"FOCS 2015, 1030–1048; probability-one random-oracle hierarchy theorem"
Upper and Lower Bounds for the Linear Ordering Principle,Edward Hirsch; Ilya Volkovich,2026,https://eccc.weizmann.ac.il/report/2025/142/,,"ECCC TR25-142, Revision 1 accepted 30 March 2026; conditional collapse and circuit-lower-bound context"
Natural Proofs,Alexander A. Razborov; Steven Rudich,1997,https://doi.org/10.1006/jcss.1997.1494,,"Journal of Computer and System Sciences 55(1), 24–35; conditional obstruction to natural general-circuit lower bounds"
The Relative Efficiency of Propositional Proof Systems,Stephen A. Cook; Robert A. Reckhow,1979,https://www.cs.toronto.edu/~sacook/homepage/cook_reckhow.pdf,,"Journal of Symbolic Logic 44(1), 36–50; §§1–3"
"Circuits, Communication, and Proofs","Arkadev Chattopadhyay; Meena Mahajan, organizers",2026,https://www.icts.res.in/program/ccp,,"ICTS program, 10–21 August 2026; description of the Cook–Reckhow program"
\(3.1n -  o(n)\) Circuit Lower Bounds for Explicit Functions,Jiatu Li; Tianqi Yang,2022,https://eccc.weizmann.ac.il/report/2021/023/,,"February 2021 preprint; STOC 2022, pages 1180–1193; general B₂ circuits for affine dispersers"
Boolean Circuit Complexity and Two-Dimensional Cover Problems,Bruno P. Cavalar; Igor C. Oliveira,2025,https://eccc.weizmann.ac.il/report/2025/033/,,"Submitted 18 March, published 21 March; §1 and §§3–4; random cover lower bounds and explicit-construction obstacles"
Convergent Gate Elimination and Constructive Circuit Lower Bounds,Marco Carmosino; Ngu Dang; Tim Jackman,2026,https://arxiv.org/abs/2602.17942,,"v1, 20 February; convergence for selected bases, failure of a similar formalization for B₂ and U₂, and a constructive classical parity lower bound"
A Note on Natural-Proofs for Super-Linear Lower Bounds for Linear Functions,Ran Raz,2026,https://eccc.weizmann.ac.il/report/2026/008/,,"Revision 1, 23 July; matrix representation, Corollary 1 and the additional CCS 2025-based conditional barrier; assumptions and proof-strategy restrictions are essential"
Which Problems Have Strongly Exponential Complexity?,Russell Impagliazzo; Ramamohan Paturi; Francis Zane,2001,https://cseweb.ucsd.edu/~paturi/myPapers/pubs/ImpagliazzoPaturiZane_2001_jcss.pdf,,Journal of Computer and System Sciences 63:512–530; sparsification lemma and subexponential reduction families; DOI 10.1006/jcss.2001.1774
A Better Analysis For PPSZ For 3-SAT,Tao Jiang; Shaowei Cai,2026,https://arxiv.org/abs/2607.10697,,"v1, 12 July; Theorem 1.1 is Unique-3-SAT and Corollary 1.2 lifts to general 3-SAT; randomized upper bounds, not a subexponential algorithm"
Computational Complexity: A Modern Approach (Internet draft),Sanjeev Arora; Boaz Barak,2007,https://theory.cs.princeton.edu/complexity/book.pdf,,"January 2007 internet draft: §4.3 (TQBF completeness), §5.2 (PH), Claim 5.7 and Remark 5.8 (completeness forces collapse), Theorem 5.12 (AP=PSPACE). Full source checked."
Wikipedia: Polynomial hierarchy,Wikipedia contributors,,https://en.wikipedia.org/wiki/Polynomial_hierarchy,,Discovery source; retrieved 2026-09-11. Evidence locator: PH is contained
Wikipedia revision used for discovery,Wikipedia contributors,,https://en.wikipedia.org/w/index.php?oldid=1356064152,,Revision timestamp: 2026-05-25T14:40:36Z
Completeness in the Polynomial Hierarchy and PSPACE for many natural problems derived from NP,"Christoph Grüne, Berit Johannes, James B. Orlin and Lasse Wulf",2026,https://arxiv.org/abs/2602.12350,,"12 February 2026 abstract: completeness results for bounded and unbounded levels of multilevel optimization, not class separations."
The SPARSE-Relativization Framework and Applications to Optimal Proof Systems,Fabian Egidy,2026,https://arxiv.org/abs/2602.02294,,"2 February 2026; full introduction, Q1 and §1.1 distinguish ordinary and p-optimality and state the oracle scope of the new results."
\(\mathrm{PH} = \mathrm{PSPACE}\),Valerii Sopin,2022,https://arxiv.org/abs/1411.0628v20,,"Historical preprint claim, first posted 2014 and revised 2022; not treated as an established theorem in this review. Metadata checked, proof not audited."
The Polynomial Hierarchy does not collapse,Reiner Czerwinski,2024,https://arxiv.org/abs/2405.18439,,"Historical preprint claim; not treated as an established separation. Metadata checked, proof not audited."
Non-Uniform ACC Circuit Lower Bounds,Ryan Williams,2011,https://doi.org/10.1109/CCC.2011.36,,CCC 2011. Author’s conference PDF checked: Theorem 1.1 separates nondeterministic exponential time from polynomial-size ACC circuits; it does not separate TC⁰.
Wikipedia: Circuit complexity,Wikipedia contributors,,https://en.wikipedia.org/wiki/Circuit_complexity,,Discovery source; retrieved 2026-09-11. Evidence locator: NEXPTIME
Wikipedia revision used for discovery,Wikipedia contributors,,https://en.wikipedia.org/w/index.php?oldid=1328197464,,Revision timestamp: 2025-12-18T12:57:27Z
Non-Uniform ACC Circuit Lower Bounds,Ryan Williams,2011,https://people.csail.mit.edu/rrw/acc-lbs-ccc.pdf,,"Author’s conference version, abstract and Theorem 1.1; ACC uses AND, OR, NOT and fixed-modulus gates."
Almost-Everywhere Near-Cubic Wire Lower Bounds for SYM ∘ THR and \(\mathrm{THR} \circ  \mathrm{THR}\),Dev Nag,2026,https://eccc.weizmann.ac.il/report/2026/167/,,"6 September 2026 abstract and Oded Goldreich’s 9 September comment. Near-cubic wire lower bounds claimed for E^NP at depth two. Unverified preprint; the comment raises readability and attribution concerns, not a formal refutation."
Near-Maximum Circuit Lower Bounds for Exponential Time with Merlin-Arthur Queries,Hanlin Ren and Ryan Williams,2026,https://eccc.weizmann.ac.il/report/2026/118/,,"Revision 1, 12 July 2026 abstract: near-maximum unrestricted lower bounds for E^(prMA) with one bit of advice, not an ordinary NEXP lower bound."
Making Nondeterminism Unambiguous,Klaus Reinhardt; Eric Allender,2000,https://people.cs.rutgers.edu/~allender/papers/nlul.pdf,,"FOCS 1997 precursor; manuscript 31 March 1999; SIAM Journal on Computing 29(4), 1118–1131, 2000; min-isolation and NL/poly=UL/poly"
Derandomizing Isolation in Space-Bounded Settings,Dieter van Melkebeek; Gautam Prakriya,2019,https://pages.cs.wisc.edu/~dieter/Papers/r-ul-sicomp.pdf,,"CCC 2017 precursor; SIAM Journal on Computing 48(3), 979–1021, published electronically 9 May 2019; polynomial time and O(log^{3/2} N) unambiguous space"
"When Connectivity Is Hard, Random Walks Are Easy With Non-Determinism",Dean Doron; Edward Pyne; Roei Tell; Ryan Williams,2025,https://eccc.weizmann.ac.il/report/2025/077/download,,18 June 2025; Theorem 6 specifies the conditional linear-space simulation; Theorem 4.11 develops isolation tools; inherited reference
Using Hardness vs Randomness to Design Low-Space Algorithms,Edward Pyne; Roei Tell,2026,https://eccc.weizmann.ac.il/report/2026/045/,,"Manuscript dated 30 March 2026; Bulletin of the EATCS 148; Section 3.4.3, Theorems 3.12–3.13 distinguish logspace equality and linear-space simulation"
Derandomizing Isolation In Catalytic Logspace,V. Arvind; Srijan Chakraborty; Samir Datta,2026,https://arxiv.org/abs/2512.09374,,"First posted 10 December 2025; checked v3, 6 February 2026; reachability in a polynomial-time catalytic model with O(log² n) catalytic bits and UL oracle access"
"Deterministic, Oblivious Isolation for Space-Bounded Computation Requires Large Weights",William M. Hoza,2026,https://eccc.weizmann.ac.il/report/2026/124/,,Manuscript 23 July 2026; Sections 1.1–1.3 define graph-dependent and oblivious isolation; lower bound concerns a single weight function for every graph of given width and length
Relationships between nondeterministic and deterministic tape complexities,Walter J. Savitch,1970,https://doi.org/10.1016/S0022-0000(70)80006-X,,"Journal of Computer and System Sciences 4(2), 177–192"
Nondeterministic Space is Closed under Complementation,Neil Immerman,1988,https://doi.org/10.1137/0217058,,"SIAM Journal on Computing 17(5), 935–938; independently proved by Róbert Szelepcsényi"
"When Connectivity Is Hard, Random Walks Are Easy with Non-determinism",Dean Doron; Edward Pyne; Roei Tell; R. Ryan Williams,2025,https://doi.org/10.1145/3717823.3718303,,"STOC 2025, Theorem 1 and introduction; open author version https://people.csail.mit.edu/rrw/NL_vs_BPL-3.pdf"
Reachability in graphs having linear 2-arboricity two is NL-hard,Ronak Bhadra; Raghunath Tewari,2026,https://doi.org/10.1016/j.ipl.2025.106611,,"Information Processing Letters 192, article 106611; February 2026 issue, abstract"
Polynomially Low Error PCPs with polyloglog n Queries via Modular Composition,Irit Dinur; Prahladh Harsha; Guy Kindler,2015,https://arxiv.org/abs/1505.06362,,"Abstract and introduction, inverse-polynomial-soundness sliding-scale conjecture."
A survey on real structural complexity theory,Klaus Meer; Christian Michaux,1997,https://www.emis.de/journals/BBMS/Bulletin/bul971/meer.pdf,,"Section 2: real machines, P_ℝ, NP_ℝ and completeness."
Florent Capelli — Habilitation manuscript,,,https://capelli.me/publi/hdr.pdf,https://capelli.me/publi/hdr.pdf,"Open question 1, printed pp. 17–18"
The Complexity of Gradient Descent: CLS = PPAD ∩ PLS,John Fearnley; Paul W. Goldberg; Alexandros Hollender; Rahul Savani,2021,https://arxiv.org/abs/2011.01929,,"Definitions of ContinuousLocalOpt, CLS and the main equality theorem."
Boolean Function Complexity: Advances and Frontiers (author's early draft),Stasys Jukna,2012,https://web.vu.lt/mif/s.jukna/boolean/index.html,https://web.vu.lt/mif/s.jukna/boolean/bool-V7.pdf#page=394,13.34 Research Problem; PDF page 394
On the (Non) NP-Hardness of Computing Circuit Complexity,"Murray, Cody D.; Williams, R. Ryan",2015,https://doi.org/10.4230/LIPIcs.CCC.2015.365,https://drops.dagstuhl.de/storage/00lipics/lipics-vol033-ccc2015/LIPIcs.CCC.2015.365/LIPIcs.CCC.2015.365.pdf#page=4,Explicit open question on PDF page 4
On the (Non) NP-Hardness of Computing Circuit Complexity,Cody D. Murray; R. Ryan Williams,2017,https://theoryofcomputing.org/articles/v013a004/,,Section 4 and conclusion: consequences of polynomial-time NP-hardness; compare the stronger EXP circuit-lower-bound conjecture.
On the computational complexity of algebraic numbers: the Hartmanis–Stearns problem revisited,Boris Adamczewski; Julien Cassaigne; Marion Le Gonidec,2020,https://arxiv.org/abs/1601.02771,,"Published 2020; arXiv revision 2, 14 November 2017 read: Introduction, Problem HS, Remark 1.1, Theorems 1.2–1.3 and §5.2. The pushdown result uses a digit-index transducer, not an unrestricted constant-delay multitape enumerator."
Wikipedia: Hartmanis–Stearns conjecture,Wikipedia contributors,,https://en.wikipedia.org/wiki/Hartmanis%E2%80%93Stearns_conjecture,,Discovery source; retrieved 2026-09-11. Evidence locator: real-time
Wikipedia revision used for discovery,Wikipedia contributors,,https://en.wikipedia.org/w/index.php?oldid=1302947231,,Revision timestamp: 2025-07-28T07:38:57Z
Time-Restricted Sequence Generation,"Patrick C. Fischer, Albert R. Meyer and Arnold L. Rosenberg",1970,https://people.csail.mit.edu/meyer/time-restricted-sequence-generation-jcss.pdf,,"JCSS 4(1), 50–73; DOI 10.1016/S0022-0000(70)80012-5. Introduction, sequence-generation conventions and §2.1 Corollary to Theorem 2.1 read: linear-time and real-time generation coincide for multitape Turing machines."
On Transcendence of Numbers Related to Sturmian and Arnoux-Rauzy Words,"Pavol Kebis, Florian Luca, Joël Ouaknine, Andrew Scoones and James Worrell",2024,https://drops.dagstuhl.de/entities/document/10.4230/LIPIcs.ICALP.2024.144,,"ICALP 2024, article 144. Full Introduction read: explicitly states Hartmanis–Stearns remains open and records its consequence for integer multiplication. New transcendence results concern particular infinite-word classes."
Computing the base-b representation of quadratic irrationals using automata,"Aaron Barnoff, Curtis Bright and Jeffrey Shallit",2026,https://doi.org/10.1016/j.tcs.2026.115843,,"Theoretical Computer Science 1071, 115843, 2 May 2026. Publisher abstract and Introduction and full author-PDF Introduction read at https://cs.curtisbright.com/reports/digits-automata.pdf. The automaton receives b^n in an Ostrowski representation; the paper expressly does not claim an efficient general digit-generation algorithm."
Résultats autour de la conjecture d’Hartmanis et Stearns,Nicolas Georis,2026,https://matheo.uliege.be/handle/2268.2/25528,,"University of Liège master’s thesis defended 24–25 June 2026. Full repository abstract read via HTTP; calls the general conjecture still open and describes restrictions to weaker machines. Thesis body not reviewed; this is recent exposition, not independent verification of a theorem."
"Linear-size circuits for stable \(0,1 < 2\) sorting?",Kenneth W. Regan,2007,https://www.openproblemgarden.org/op/linear_size_circuits_for_stable_0_1_2_sorting,,Problem statement: stability of the two non-dummy symbols
Sorting Short Keys in Circuits of Size \(o(n \log  n)\),"Asharov, Gilad; Lin, Wei-Kai; Shi, Elaine",2021,https://arxiv.org/abs/2010.09884,,"SODA 2021; introduction: stable versus unstable compaction and Boolean-circuit model; preprint v2, 26 October 2020"
"Time, Space, and Energy in Reversible Computing",Paul Vitányi,2005,https://homepages.cwi.nl/~paulv/papers/wrc05.pdf,,"Sections 2 and 4; main open problem, PDF page 5"
Time/Space Trade-Offs for Reversible Computation,Charles H. Bennett,1989,https://doi.org/10.1137/0218053,,SIAM Journal on Computing 18(4):766–776; input-preserving reversible simulations
Time and Space Bounds for Reversible Simulation,Harry Buhrman; John Tromp; Paul Vitányi,2001,https://arxiv.org/abs/quant-ph/0101133,,ICALP 2001; simulation tradeoff and lower bounds
Towards a Doubly Efficient \(\mathrm{IP}=\mathrm{PSPACE}\),Liyan Chen; Matthew M. Hong; Yael Tauman Kalai; Zoe Xi,2026,https://eccc.weizmann.ac.il/report/2026/102/,https://eccc.weizmann.ac.il/report/2026/102/revision/1/download/,Revision 1; Introduction
Noise Threshold for Universality of Two-Input Gates,Falk Unger,2008,https://ir.cwi.nl/pub/13657,,"IEEE Transactions on Information Theory 54(8):3693–3698; Theorem 1, Section II, and the circuit conjecture; full text https://ir.cwi.nl/pub/13657/13657D.pdf"
Tight Limits on Nonlocality from Nontrivial Communication Complexity; a.k.a. Reliable Computation with Asymmetric Gate Noise,Noah Shutty; Mary Wootters; Patrick Hayden,2023,https://arxiv.org/abs/1809.09748v5,,"Version 5, 1 May 2023; introduction, noise-model definitions, and Section 3 related work"
Antoine Amarilli: research questions,Antoine Amarilli,,https://a3nm.net/work/research/questions/#ptime-complementation-of-d-dnnf,,ptime-complementation-of-d-dnnf
Structured d-DNNF Is Not Closed under Negation,Harry Vinall-Smeeth,2024,https://www.ijcai.org/proceedings/2024/398,,"IJCAI 2024, pp. 3593–3601; separation for structured representations"
On the Complexity of Language Membership for Probabilistic Words,Antoine Amarilli; Mikaël Monet; Paul Raphaël; Sylvain Salvati,2026,https://drops.dagstuhl.de/entities/document/10.4230/LIPIcs.STACS.2026.5,,"Section 7, conclusion: succinctness of circuits with complement gates and open d-DNNF complementation"
Atlas companion question: Efficient negation of d-DNNFs,Atlas,2026,https://vaclavrozhon.github.io/atlas/#TCS-0306,,"Related benchmark target, not independent literature evidence"
SIGACT Open Problems Column,,2016,https://www.cs.umd.edu/~gasarch/open/lbfornp.pdf,https://www.cs.umd.edu/~gasarch/open/lbfornp.pdf#page=1,Problem 1
Towards Stronger Depth Lower Bounds,"Gabriel Bathie, R. Ryan Williams",2024,https://drops.dagstuhl.de/entities/document/10.4230/LIPIcs.ITCS.2024.10,https://eccc.weizmann.ac.il/report/2023/184/download,"ITCS 2024, Article 10; ECCC TR23-184 full version (26 November 2023). Full abstract and opening introduction, including the distinction between depth and formula-size lower bounds, read. The unconditional 3.603 log₂ n result concerns NAND depth, not unrestricted De Morgan formula size."
"Improving SPACE versus NSPACE via Tree Evaluation, in Computational Complexity of Discrete Problems",Ian Mertz,2025,https://doi.org/10.4230/DagRep.15.3.56,https://drops.dagstuhl.de/storage/04dagstuhl-reports/volume15/issue03/25111/DagRep.15.3.56/DagRep.15.3.56.pdf,"Dagstuhl Seminar 25111, 9–14 March 2025; report published 10 October 2025, Section 4.2, printed pp. 74–75. Full section read in the original full-issue PDF. The displayed target is NSPACE[s]⊆SPACE[o(s²)]; the proposed circuit/tree-evaluation route is not part of the card’s success condition. Standard at-least-logarithmic space-constructible bounds and little-o class semantics are made explicit here."
Tree Evaluation Is in Space \(O(\log  n \cdot  \log  \log  n)\),"James Cook, Ian Mertz",2024,https://doi.org/10.1145/3618260.3649664,https://wrap.warwick.ac.uk/id/eprint/185307/8/3618260.3649664.pdf,"STOC 2024, pp. 1268–1278; full author-deposited abstract and publication metadata read at Warwick Research Archive, https://wrap.warwick.ac.uk/id/eprint/185307/. This is the tree-evaluation result cited by the source, not a general NSPACE simulation theorem."
"When Connectivity Is Hard, Random Walks Are Easy With Non-Determinism","Dean Doron, Edward Pyne, Roei Tell, Ryan Williams",2025,https://eccc.weizmann.ac.il/report/2025/077/,,"ECCC TR25-077, 18 June 2025; full abstract read. Reports conditional and disjunctive improvements involving directed connectivity and derandomization, not the unconditional universal containment requested here."
A Space-space Trade-off for Directed st-Connectivity,Roman Edenhofer,2026,https://arxiv.org/abs/2602.21088,https://arxiv.org/pdf/2602.21088,"arXiv:2602.21088v1, 24 February 2026; full abstract and version metadata read. The trade-off allows additional catalytic memory and does not establish a bound on total ordinary workspace of o(log² n)."
Is this problem on unambiguous DNFs hard?,Mikaël Monet,2024,https://cstheory.stackexchange.com/questions/53733/is-this-problem-on-unambiguous-dnfs-hard,,"Original author’s formulation, 4 January 2024; binary weights and optimization/decision versions"
"Representation, Provenance, and Explanations in Database Theory and Logic (Dagstuhl Seminar 24032)",Mikaël Monet (problem contributor),2024,https://doi.org/10.4230/DagRep.14.1.49,,Section 6.1 points to the original question
List of open questions: Weighted falsifiability for unambiguous DNFs,"Antoine Amarilli, with formulation assistance from Mikaël Monet",2026,https://a3nm.net/work/research/questions/#weighted-falsifiability-for-unambiguous-dnfs,,"Maintained problem and partial observations, accessed 10 September 2026"
Complexity of Linear Boolean Operators,Stasys Jukna; Igor Sergeev,2013,https://web.vu.lt/mif/s.jukna/Knizka/index.html,https://web.vu.lt/mif/s.jukna/Knizka/linear.pdf#page=121,Problem 7.11; PDF page 121
SIGACT Open Problems Column,,2021,https://www.cs.umd.edu/~gasarch/open/oracles.pdf,https://www.cs.umd.edu/~gasarch/open/oracles.pdf#page=8,Conjecture 6.2
Hardness of Finding Kings and Strong Kings,"Ismaili Alaoui, Ziad; Mande, Nikhil",2025,https://doi.org/10.4230/LIPIcs.FSTTCS.2025.36,https://drops.dagstuhl.de/storage/00lipics/lipics-vol360-fsttcs2025/LIPIcs.FSTTCS.2025.36/LIPIcs.FSTTCS.2025.36.pdf#page=11,Unresolved-question passage on page 11; PDF page 11
"A Qubit, a Coin, and an Advice String Walk into a Relational Problem","Aaronson, Scott; Buhrman, Harry; Kretschmer, William",2024,https://doi.org/10.4230/LIPIcs.ITCS.2024.1,https://drops.dagstuhl.de/storage/00lipics/lipics-vol287-itcs2024/LIPIcs.ITCS.2024.1/LIPIcs.ITCS.2024.1.pdf#page=21,Unresolved-question passage on page 21
The Existential Theory of the Reals with Summation Operators,"Bläser, Markus; Dörfler, Julian; Liśkiewicz, Maciej; van der Zander, Benito",2024,https://doi.org/10.4230/LIPIcs.ISAAC.2024.13,https://drops.dagstuhl.de/storage/00lipics/lipics-vol322-isaac2024/LIPIcs.ISAAC.2024.13/LIPIcs.ISAAC.2024.13.pdf#page=17,Unresolved-question passage on page 17; PDF page 17
Downward Self-Reducibility in TFNP,"Harsha, Prahladh; Mitropolsky, Daniel; Rosen, Alon",2023,https://doi.org/10.4230/LIPIcs.ITCS.2023.67,https://drops.dagstuhl.de/storage/00lipics/lipics-vol251-itcs2023/LIPIcs.ITCS.2023.67/LIPIcs.ITCS.2023.67.pdf#page=15,"Definition 2.17, factoring discussion and Corollary 1.4; open questions."
Kolmogorov Complexity Characterizes Statistical Zero Knowledge,"Allender, Eric; Hirahara, Shuichi; Tirumala, Harsha",2023,https://doi.org/10.4230/LIPIcs.ITCS.2023.3,https://drops.dagstuhl.de/storage/00lipics/lipics-vol251-itcs2023/LIPIcs.ITCS.2023.3/LIPIcs.ITCS.2023.3.pdf#page=11,Unresolved-question passage on page 11; PDF page 11
Synergy Between Circuit Obfuscation and Circuit Minimization,"Impagliazzo, Russell; Kabanets, Valentine; Volkovich, Ilya",2023,https://doi.org/10.4230/LIPIcs.APPROX/RANDOM.2023.31,https://drops.dagstuhl.de/storage/00lipics/lipics-vol275-approx-random2023/LIPIcs.APPROX-RANDOM.2023.31/LIPIcs.APPROX-RANDOM.2023.31.pdf#page=3,Explicit open question on PDF page 3
Further Collapses in TFNP,"Göös, Mika; Hollender, Alexandros; Jain, Siddhartha; Maystre, Gilbert; Pires, William; Robere, Robert; Tao, Ran",2022,https://doi.org/10.4230/LIPIcs.CCC.2022.33,https://drops.dagstuhl.de/storage/00lipics/lipics-vol234-ccc2022/LIPIcs.CCC.2022.33/LIPIcs.CCC.2022.33.pdf#page=12,"CCC 2022, article 33: Theorem 1 (EOPL=PLS∩PPAD) and conclusion on p. 12. The circuit-class equality question is distinct from the proposed black-box separation."
Unique End of Potential Line,"John Fearnley, Spencer Gordon, Ruta Mehta, Rahul Savani",2020,https://doi.org/10.1016/j.jcss.2020.05.007,https://arxiv.org/pdf/1811.03841,"Full version, Section 2, Definitions 9 and 12, pp. 11–13, and Figure 2. The UV3 display omits V around S(x); the surrounding explanation and Figure 2 explicitly give V(x)<V(y)<V(S(x))."
Separations in Proof Complexity and TFNP,"Mika Göös, Alexandros Hollender, Siddhartha Jain, Gilbert Maystre, William Pires, Robert Robere, Ran Tao",2024,https://doi.org/10.1145/3663758,https://www.osti.gov/pages/servlets/purl/2582805,"JACM 71(4), article 26: Theorem 5 and Section 8.3 establish EOPL^dt not contained in UEOPL^dt; Section 2 explains the resulting oracle separation. This does not separate the ordinary circuit-defined classes."
"Tarski’s Theorem, Supermodular Games, and the Complexity of Equilibria","Etessami, Kousha; Papadimitriou, Christos; Rubinstein, Aviad; Yannakakis, Mihalis",2020,https://doi.org/10.4230/LIPIcs.ITCS.2020.18,https://drops.dagstuhl.de/storage/00lipics/lipics-vol151-itcs2020/LIPIcs.ITCS.2020.18/LIPIcs.ITCS.2020.18.pdf#page=17,Unresolved-question passage on page 17; PDF page 17
Cubic Formula Size Lower Bounds Based on Compositions with Majority,"Gál, Anna; Tal, Avishay; Trejo Nuñez, Adrian",2019,https://doi.org/10.4230/LIPIcs.ITCS.2019.35,https://drops.dagstuhl.de/storage/00lipics/lipics-vol124-itcs2019/LIPIcs.ITCS.2019.35/LIPIcs.ITCS.2019.35.pdf#page=12,"Sections 2.1–2.3, raw truth-table input and De Morgan leaf count; Theorem 3.1, worst-case bound; Section 5, conjectured uniform average-case hardness."
Cubic Formula Size Lower Bounds Based on Compositions with Majority,Anna Gál; Avishay Tal; Adrian Trejo Nuñez,2018,https://eccc.weizmann.ac.il/report/2018/160/,https://eccc.weizmann.ac.il/report/2018/160/download/,Original September 2018 preprint; same raw truth-table definition and concluding average-case claim.
Brief Announcement: Zero-Knowledge Protocols for Search Problems,"Berger, Ben; Brakerski, Zvika",2018,https://doi.org/10.4230/LIPIcs.ICALP.2018.105,https://drops.dagstuhl.de/storage/00lipics/lipics-vol107-icalp2018/LIPIcs.ICALP.2018.105/LIPIcs.ICALP.2018.105.pdf#page=3,Unresolved-question passage on page 3; PDF page 3
Quantum Generalizations of the Polynomial Hierarchy with Applications to \(\mathrm{QMA}(2)\),"Gharibian, Sevag; Santha, Miklos; Sikora, Jamie; Sundaram, Aarthi; Yirka, Justin",2018,https://doi.org/10.4230/LIPIcs.MFCS.2018.58,https://drops.dagstuhl.de/storage/00lipics/lipics-vol117-mfcs2018/LIPIcs.MFCS.2018.58/LIPIcs.MFCS.2018.58.pdf#page=6,Explicit open question on PDF page 6
Separating Decision Tree Complexity from Subcube Partition Complexity,"Kothari, Robin; Racicot-Desloges, David; Santha, Miklos",2015,https://doi.org/10.4230/LIPIcs.APPROX-RANDOM.2015.915,https://drops.dagstuhl.de/storage/00lipics/lipics-vol040-approx-random2015/LIPIcs.APPROX-RANDOM.2015.915/LIPIcs.APPROX-RANDOM.2015.915.pdf#page=15,Unresolved-question passage on page 15; PDF page 15
Enumerating Error Bounded Polytime Algorithms Through Arithmetical Theories,"Antonelli, Melissa; Dal Lago, Ugo; Davoli, Davide; Oitavem, Isabel; Pistone, Paolo",2024,https://doi.org/10.4230/LIPIcs.CSL.2024.10,https://drops.dagstuhl.de/storage/00lipics/lipics-vol288-csl2024/LIPIcs.CSL.2024.10/LIPIcs.CSL.2024.10.pdf#page=2,Explicit open question on PDF page 2
Simple Circuit Extensions for XOR in PTIME,"Carmosino, Marco; Dang, Ngu; Jackman, Tim",2026,https://doi.org/10.4230/LIPIcs.STACS.2026.23,https://drops.dagstuhl.de/storage/00lipics/lipics-vol364-stacs2026/LIPIcs.STACS.2026.23/LIPIcs.STACS.2026.23.pdf#page=2,Explicit open question on PDF page 2
Sum-Of-Squares Lower Bounds for the Minimum Circuit Size Problem,"Austrin, Per; Risse, Kilian",2023,https://doi.org/10.4230/LIPIcs.CCC.2023.31,https://drops.dagstuhl.de/storage/00lipics/lipics-vol264-ccc2023/LIPIcs.CCC.2023.31/LIPIcs.CCC.2023.31.pdf#page=1,Explicit open question on PDF page 1
Theoretical Limitations of Multi-Layer Transformer,"Lijie Chen (UC Berkeley, United States), Binghui Peng (Google research, United States), Hongxun Wu (UC Berkeley, United States)",2025,https://doi.org/10.1109/FOCS63196.2025.00136,https://ieee-focs.org/FOCS-2025-Papers/pdfs/FOCS2025-4pLZMZRP5BPG9n0GSua5T9/713200c634/713200c634.pdf#page=9,Open Question 2
"An Oracle with no UP-Complete Sets, but \(\mathrm{NP} = \mathrm{PSPACE}\)","Dingel, David; Egidy, Fabian; Glaßer, Christian",2024,https://doi.org/10.4230/LIPIcs.MFCS.2024.50,https://drops.dagstuhl.de/storage/00lipics/lipics-vol306-mfcs2024/LIPIcs.MFCS.2024.50/LIPIcs.MFCS.2024.50.pdf#page=3,Explicit open question on PDF page 3
Does Looking Inside a Circuit Help?,"Impagliazzo, Russell; Kabanets, Valentine; Kolokolova, Antonina; McKenzie, Pierre; Romani, Shadab",2017,https://doi.org/10.4230/LIPIcs.MFCS.2017.1,https://drops.dagstuhl.de/storage/00lipics/lipics-vol083-mfcs2017/LIPIcs.MFCS.2017.1/LIPIcs.MFCS.2017.1.pdf#page=4,Explicit open question on PDF page 4
A Subexponential Algorithm for ARRIVAL,"Gärtner, Bernd; Haslebacher, Sebastian; Hoang, Hung P.",2021,https://doi.org/10.4230/LIPIcs.ICALP.2021.69,https://drops.dagstuhl.de/storage/00lipics/lipics-vol198-icalp2021/LIPIcs.ICALP.2021.69/LIPIcs.ICALP.2021.69.pdf#page=4,Explicit open question on PDF page 4
NP-hardness of Minimum Circuit Size Problem for OR-AND-MOD Circuits,"Hirahara, Shuichi; Oliveira, Igor C.; Santhanam, Rahul",2018,https://doi.org/10.4230/LIPIcs.CCC.2018.5,https://drops.dagstuhl.de/storage/00lipics/lipics-vol102-ccc2018/LIPIcs.CCC.2018.5/LIPIcs.CCC.2018.5.pdf#page=3,Explicit open question on PDF page 3
A Note on the Advice Complexity of Multipass Randomized Logspace,"Dixon, Peter; Mandal, Debasis; Pavan, A.; Vinodchandran, N. V.",2016,https://doi.org/10.4230/LIPIcs.MFCS.2016.31,https://drops.dagstuhl.de/storage/00lipics/lipics-vol058-mfcs2016/LIPIcs.MFCS.2016.31/LIPIcs.MFCS.2016.31.pdf#page=2,Explicit open question on PDF page 2
"Depth-First Search in Directed Planar Graphs, Revisited","Allender, Eric; Chauhan, Archit; Datta, Samir",2021,https://doi.org/10.4230/LIPIcs.MFCS.2021.7,https://drops.dagstuhl.de/storage/00lipics/lipics-vol202-mfcs2021/LIPIcs.MFCS.2021.7/LIPIcs.MFCS.2021.7.pdf#page=3,Explicit open question on PDF page 3
Winning the War by (Strategically) Losing Battles: Settling the Complexity of Grundy-Values in Undirected Geography,"Kyle W. Burke (Plymouth State University, USA), Matthew T. Ferland (University of Southern California, USA), Shang-Hua Teng (University of Southern California, USA)",2021,https://doi.org/10.1109/FOCS52979.2021.00119,https://ieee-focs.org/FOCS-2021-Papers/pdfs/FOCS2021-5stbVHiOp5jRHWlSl41FkR/205500b217/205500b217.pdf#page=2,Open Question 4
Communication Complexity (early author draft),Anup Rao; Amir Yehudayoff,,https://yehudayoff.net.technion.ac.il/files/2016/03/book.pdf,https://yehudayoff.net.technion.ac.il/files/2016/03/book.pdf#page=21,Open Problem 1.12; PDF page 21
Antoine Amarilli: research questions,Antoine Amarilli,,https://a3nm.net/work/research/questions/#conciseness-gap-between-formulae-and-circuits,,conciseness-gap-between-formulae-and-circuits
Understanding Machine Learning: From Theory to Algorithms,Shai Shalev-Shwartz; Shai Ben-David,2014,https://www.cs.huji.ac.il/~shais/UnderstandingMachineLearning/,https://www.cs.huji.ac.il/~shais/UnderstandingMachineLearning/understanding-machine-learning-theory-algorithms.pdf#page=112,"§8.1, randomized computation; PDF page 112"
Sampling and Certifying Symmetric Functions,"Filmus, Yuval; Leigh, Itai; Riazanov, Artur; Sokolov, Dmitry",2023,https://doi.org/10.4230/LIPIcs.APPROX/RANDOM.2023.36,https://drops.dagstuhl.de/storage/00lipics/lipics-vol275-approx-random2023/LIPIcs.APPROX-RANDOM.2023.36/LIPIcs.APPROX-RANDOM.2023.36.pdf#page=2,"RANDOM 2023, article 36: Section 1 and Conjecture 1 read. Recovered the omitted conclusion, all six distributions and the d-local sampling model."
Locally Sampleable Uniform Symmetric Distributions,"Daniel M. Kane, Anthony Ostuni, Kewen Wu",2025,https://arxiv.org/abs/2411.08183,,"Published at STOC 2025; arXiv v2, 26 February 2025: Conjecture 1.1, Theorem 1.2, Theorem 4.1 and Remark 4.2 read. The approximation constant is independent of locality, and the theorem permits n₀ depending only on locality. Publication checked against the official STOC 2025 program."
When Is Amplification Necessary for Composition in Randomized Query Complexity?,"Ben-David, Shalev; Göös, Mika; Kothari, Robin; Watson, Thomas",2020,https://doi.org/10.4230/LIPIcs.APPROX/RANDOM.2020.28,https://drops.dagstuhl.de/storage/00lipics/lipics-vol176-approx-random2020/LIPIcs.APPROX-RANDOM.2020.28/LIPIcs.APPROX-RANDOM.2020.28.pdf#page=13,"Section 1, worst-case randomized query cost and Equation (1); Section 4, Open Question 12 (XOR or majority); Section 2, majority ties accepted."
Optimal Separation and Strong Direct Sum for Randomized Query Complexity,Eric Blais; Joshua Brody,2019,https://doi.org/10.4230/LIPIcs.CCC.2019.29,https://cs.uwaterloo.ca/~eblais/assets/pdf/strong_direct_sum.pdf,"Theorem 1, total functions requiring logarithmic error reduction in expected query cost; its input-length/error regime."
A Strong XOR Lemma for Randomized Query Complexity,Joshua Brody; Jae Tak Kim; Peem Lerdputtipongporn; Hariharan Srinivasulu,2023,https://doi.org/10.4086/toc.2023.v019a011,https://theoryofcomputing.org/articles/v019a011/v019a011.pdf,"Theory of Computing 19(11), published 31 December 2023; Sections 1.1–1.2, Theorem 1.1 and Corollary 1.3. First preprint July 2020."
Integer sorting in \(O(n\sqrt{\log  \log  n})\) expected time and linear space,Yijie Han; Mikkel Thorup,2002,https://doi.org/10.1109/SFCS.2002.1181890,,"FOCS 2002, 135–144; result and word-length dependence also summarized in the introduction of the author-hosted SWAT 2014 paper"
Deterministic sorting in \(O(n \log  \log  n)\) time and linear space,Yijie Han,2004,https://www.sciencedirect.com/science/article/pii/S019667740300155X,,"Journal of Algorithms 50(1), 96–105; preliminary version STOC 2002"
Expected Linear Time Sorting for Word Size \(\Omega (\log ^{2} n \log  \log  n)\),Djamal Belazzougui; Gerth Stølting Brodal; Jesper Sindahl Nielsen,2014,https://cs.au.dk/~gerth/papers/swat14sort.pdf,,"SWAT 2014, 26–37; introduction, §2 Las Vegas conversion, and §6 arbitrary word lengths"
Integer models of computation and integer sorting,"Carnegie Mellon University, 15-451 course staff",2025,https://www.cs.cmu.edu/~15451-s25/slides/lecture03.pdf,,"Spring 2025, Lecture 3; word-RAM model and slide 26 explicit open question"
The Open Problems Project,Erik D. Demaine; Joseph S. B. Mitchell; Joseph O’Rourke (editors),2006,https://topp.openproblem.net/p41,,Problem 41
How good is the information theory bound in sorting?,Michael L. Fredman,1976,https://www.sciencedirect.com/science/article/pii/0304397576900785,,"Theoretical Computer Science 1(4), 355–361; quadratic comparison bound for sorting pairwise sums"
A pseudo-algorithmic separation of lines from pseudo-lines,William Steiger; Ileana Streinu,1995,https://archive.dimacs.rutgers.edu/TechnicalReports/abstracts/1994/9411.abs,,"DIMACS report 94-11; journal version Information Processing Letters 53(6), 295–299 (1995); quadratic comparisons with O(n² log n) total time"
"Necklaces, Convolutions, and \(X + Y\)",David Bremner; Timothy M. Chan; Erik D. Demaine; Jeff Erickson; Ferran Hurtado; John Iacono; Stefan Langerman; Mihai Pătraşcu; Perouz Taslakian,2014,https://jeffe.cs.illinois.edu/pubs/pdf/necklace.pdf,,"Algorithmica 69, 294–314; introduction explicitly distinguishes the real-RAM quadratic-time question from decision-tree and convolution results"
Near-optimal linear decision trees for k-SUM and related problems,Daniel M. Kane; Shachar Lovett; Shay Moran,2018,https://arxiv.org/abs/1705.01720,https://arxiv.org/pdf/1705.01720,Preprint 4 May 2017; STOC 2018; §1.1.2 and Theorem 1.2: O(n log² n) depth with 8-sparse linear queries
Problem 91: Cut-Sparsification of Hypergraphs,Robert Krauthgamer,2018,https://sublinear.info/index.php?title=Open_Problems:91,,"Warwick 2018 problem contributed by Robert Krauthgamer; allows a weighted hypergraph on the same vertices, without requiring a subhypergraph"
Near-linear Size Hypergraph Cut Sparsifiers,Yu Chen; Sanjeev Khanna; Ansh Nagda,2020,https://arxiv.org/abs/2009.04992,,"FOCS 2020, Theorem 1: O(n log n/ε²) retained hyperedges"
Twice-Ramanujan Sparsifiers,Joshua Batson; Daniel A. Spielman; Nikhil Srivastava,2012,https://arxiv.org/abs/0808.0163,,"SIAM Journal on Computing 41(6); graph spectral sparsifiers with O(n/ε²) edges, hence graph cut sparsifiers"
Near-optimal Size Linear Sketches for Hypergraph Cut Sparsifiers,Sanjeev Khanna; Aaron Putterman; Madhu Sudan,2024,https://arxiv.org/abs/2407.03934,,FOCS 2024; sketch bit complexity and near-linear output size with logarithmic factors
Nearly Space-Optimal Graph and Hypergraph Sparsification in Insertion-Only Data Streams,"Cohen-Addad, Vincent; Woodruff, David P.; Xie, Shenghao; Zhou, Samson",2026,https://arxiv.org/abs/2510.18180,,"2025 preprint, ICLR 2026; streaming space bounds retain logarithmic factors"
Revisiting Diameter in Directed Graphs,"Ben Bals, Joakim Blikstad, Daniel Dadush, Yasamin Nazari, and Jonas Schmidt",2026,https://doi.org/10.4230/LIPIcs.ESA.2026.59,,"Definition in the introduction; Corollary 5, Theorems 7 and 9, Open Problem 1"
Graph spanners: a tutorial review,Reyan Ahmed; Greg Bodwin; Faryad Darabi Sahneh; Keaton Hamm; Mohammad Javad Latifi Jebelli; Stephen Kobourov; Richard Spence,2020,https://arxiv.org/abs/1909.03152,https://arxiv.org/pdf/1909.03152#page=11,"§2.5, item 2; PDF page 11"
"Finding 4-Additive Spanners: Faster, Stronger, and Simpler",Chuhan Qi,2025,https://arxiv.org/abs/2510.17262,,20 October 2025 abstract and construction: deterministic 4-additive spanners with the existing soft-O(n^{7/5}) edge bound.
The \(4/3\) Additive Spanner Exponent is Tight,Amir Abboud; Greg Bodwin,2015,https://arxiv.org/abs/1511.00700,,General additive-spanner exponent barrier; separate from the +4 upper-bound gap.
Algorithms for Optimization Problems in Planar Graphs,Jeff Erickson,2013,https://doi.org/10.4230/DagRep.3.10.36,https://drops.dagstuhl.de/storage/04dagstuhl-reports/volume03/issue10/DagRep.3.10/DagRep.3.10.pdf#page=58,"Seminar 13421, section 4.13"
Multiplicative Error Set System Sparsification: A Simpler Proof via Chain Length Contraction,"Brakensiek, Joshua; Guruswami, Venkatesan; Putterman, Aaron",2026,https://doi.org/10.4230/LIPIcs.ICALP.2026.44,https://drops.dagstuhl.de/storage/00lipics/lipics-vol374-icalp2026/LIPIcs.ICALP.2026.44/LIPIcs.ICALP.2026.44.pdf#page=13,"ICALP 2026, article 44. Introduction and Theorem 2, Section 2.1’s sparsifier and chain definitions (especially Definition 6), and Conjecture 23 on p. 44:13 read. The conjecture asks for an existential support bound, not an efficient construction."
Redundancy Is All You Need (for CSP Sparsification),"Joshua Brakensiek, Venkatesan Guruswami",2026,https://eccc.weizmann.ac.il/report/2026/077/,,"ECCC TR26-077, 15 May 2026. Full abstract read. It describes set-family/CSP characterizations up to polylogarithmic and accuracy factors, and does not claim the logarithm-free bound of Conjecture 23."
Induced Disjoint Paths Without an Induced Minor,"Aboulker, Pierre; Bonnet, Édouard; Picavet, Timothé; Trotignon, Nicolas",2025,https://doi.org/10.4230/LIPIcs.ICALP.2025.4,https://drops.dagstuhl.de/storage/00lipics/lipics-vol334-icalp2025/LIPIcs.ICALP.2025.4/LIPIcs.ICALP.2025.4.pdf#page=4,Conjecture 5; PDF page 4
Cut Sparsification and Succinct Representation of Submodular Hypergraphs,"Kenneth, Yotam; Krauthgamer, Robert",2024,https://doi.org/10.4230/LIPIcs.ICALP.2024.97,https://drops.dagstuhl.de/storage/00lipics/lipics-vol297-icalp2024/LIPIcs.ICALP.2024.97/LIPIcs.ICALP.2024.97.pdf#page=9,Conjecture 1.14; PDF page 9
Detours in Directed Graphs,"Fomin, Fedor V.; Golovach, Petr A.; Lochet, William; Sagunov, Danil; Simonov, Kirill; Saurabh, Saket",2022,https://doi.org/10.4230/LIPIcs.STACS.2022.29,https://drops.dagstuhl.de/storage/00lipics/lipics-vol219-stacs2022/LIPIcs.STACS.2022.29/LIPIcs.STACS.2022.29.pdf#page=12,"STACS 2022, article 29: definitions of Longest Detour and the concluding k=1 question. The target is a simple path strictly longer than the shortest path between the same specified endpoints."
Detours in directed graphs — journal version,"Fedor V. Fomin, Petr A. Golovach, William Lochet, Danil Sagunov, Saket Saurabh, Kirill Simonov",2023,https://doi.org/10.1016/j.jcss.2023.05.001,https://fedorvf.github.io/articles/2023/2023c.pdf,"JCSS 137, pp. 66–86; online 22 May 2023. Section 5 retains the k=1 classification question and records subsequent planar and disjoint-path-class improvements. Theorem 1 and Proposition 4 concern distinct targets."
Simpler and faster algorithms for detours in planar digraphs,"Meike Hatzel, Konrad Majewski, Michał Pilipczuk, Marek Sokołowski",2023,https://arxiv.org/abs/2301.02421,,"SOSA 2023, pp. 156–165; abstract and the JCSS follow-up discussion checked. Gives O(n²) time for Directed Detour on planar digraphs and explicitly distinguishes the unresolved general-digraph question."
Using a Geometric Lens to Find k Disjoint Shortest Paths,"Bentert, Matthias; Nichterlein, André; Renken, Malte; Zschoche, Philipp",2021,https://doi.org/10.4230/LIPIcs.ICALP.2021.26,https://drops.dagstuhl.de/storage/00lipics/lipics-vol198-icalp2021/LIPIcs.ICALP.2021.26/LIPIcs.ICALP.2021.26.pdf#page=13,"Section 1 (undirected, unweighted, vertex-disjoint model and fixed k); Section 6, final paragraph, p. 26:13."
Packing Short Cycles,Matthias Bentert; Fedor V. Fomin; Petr A. Golovach; Tuukka Korhonen; William Lochet; Fahad Panolan; M. S. Ramanujan; Saket Saurabh; Kirill Simonov,2025,https://doi.org/10.1145/3765285,https://fedorvf.github.io/articles/2025/2025f.pdf,"Published 7 October 2025, ACM Transactions on Algorithms 22(1), article 8. Introduction and Section 1.2: Min-Sum Disjoint Paths remains open already for k=3."
Shortest Disjoint Paths on a Grid,Mathieu Mari; Anish Mukherjee; Michał Pilipczuk; Piotr Sankowski,2024,https://doi.org/10.1137/1.9781611977912.14,,"SODA 2024, pp. 346–365; publisher abstract checked for the infinite rectangular-grid restriction."
Planar Disjoint Shortest Paths is Fixed-Parameter Tractable,Michał Pilipczuk; Giannos Stamoulis; Michał Włodarczyk,2025,https://arxiv.org/abs/2505.03353,,"Preprint v1, 6 May 2025; abstract explicitly requires each path to be shortest for its own terminal pair, rather than minimizing arbitrary total length."
Graph Isomorphism in Quasipolynomial Time Parameterized by Treewidth,"Wiebking, Daniel",2020,https://doi.org/10.4230/LIPIcs.ICALP.2020.103,https://drops.dagstuhl.de/storage/00lipics/lipics-vol168-icalp2020/LIPIcs.ICALP.2020.103/LIPIcs.ICALP.2020.103.pdf#page=9,Unresolved-question passage on page 9; PDF page 9
Bottleneck Paths and Trees and Deterministic Graphical Games,"Chechik, Shiri; Kaplan, Haim; Thorup, Mikkel; Zamir, Or; Zwick, Uri",2016,https://doi.org/10.4230/LIPIcs.STACS.2016.27,https://drops.dagstuhl.de/storage/00lipics/lipics-vol047-stacs2016/LIPIcs.STACS.2016.27/LIPIcs.STACS.2016.27.pdf#page=12,"Introduction and Section 1.1 define directed BP/BST and the comparison model; Theorem 3, Section 4 reductions, Section 5 word-RAM result, and first question in Section 7."
Bottleneck Paths Reduce to Deterministic Graphical Games and a Counterexample to a Claimed Linear-Time Algorithm,Egor Gorbachev,2026,https://arxiv.org/abs/2608.04279,https://arxiv.org/pdf/2608.04279v2,"Preprint v2, 6 August 2026, first submitted 4 August. Introduction retains the comparison-based BP question; Section 2 corrects the claimed DGG algorithm in the 2016 paper, and Theorem 3.1/Corollary 3.2 give the BP-to-DGG reduction. Title follows the v2 PDF."
Tight Bounds on Adjacency Labels for Monotone Graph Classes,"Bonnet, Édouard; Duron, Julien; Sylvester, John; Zamaraev, Viktor; Zhukovskii, Maksim",2024,https://doi.org/10.4230/LIPIcs.ICALP.2024.31,https://drops.dagstuhl.de/storage/00lipics/lipics-vol297-icalp2024/LIPIcs.ICALP.2024.31/LIPIcs.ICALP.2024.31.pdf#page=4,Explicit open question on PDF page 4
Efficient Recognition of Subgraphs of Planar Cubic Bridgeless Graphs,"Goetze, Miriam; Jungeblut, Paul; Ueckerdt, Torsten",2022,https://doi.org/10.4230/LIPIcs.ESA.2022.62,https://drops.dagstuhl.de/storage/00lipics/lipics-vol244-esa2022/LIPIcs.ESA.2022.62/LIPIcs.ESA.2022.62.pdf#page=13,Unresolved-question passage on page 13
A Local-To-Global Theorem for Congested Shortest Paths,"Akmal, Shyan; Wein, Nicole",2023,https://doi.org/10.4230/LIPIcs.ESA.2023.8,https://drops.dagstuhl.de/storage/00lipics/lipics-vol274-esa2023/LIPIcs.ESA.2023.8/LIPIcs.ESA.2023.8.pdf#page=5,Explicit open question on PDF page 5
Max Weight Independent Set in Graphs with No Long Claws: An Analog of the Gyárfás' Path Argument,"Majewski, Konrad; Masařík, Tomáš; Novotná, Jana; Okrasa, Karolina; Pilipczuk, Marcin; Rzążewski, Paweł; Sokołowski, Marek",2022,https://doi.org/10.4230/LIPIcs.ICALP.2022.93,https://drops.dagstuhl.de/storage/00lipics/lipics-vol229-icalp2022/LIPIcs.ICALP.2022.93/LIPIcs.ICALP.2022.93.pdf#page=3,Explicit open question on PDF page 3
Max Weight Independent Set in Sparse Graphs with No Long Claws,"Abrishami, Tara; Chudnovsky, Maria; Pilipczuk, Marcin; Rzążewski, Paweł",2024,https://doi.org/10.4230/LIPIcs.STACS.2024.4,https://drops.dagstuhl.de/storage/00lipics/lipics-vol289-stacs2024/LIPIcs.STACS.2024.4/LIPIcs.STACS.2024.4.pdf#page=10,"STACS 2024, article 4: graph/weight conventions in Section 1, Theorems 1–2 and Conjecture 10 read. S_{t,t,t} is excluded as an induced subgraph. The proved theorem additionally excludes a fixed biclique as a subgraph."
A Simple Algorithm for Graph Reconstruction,"Mathieu, Claire; Zhou, Hang",2021,https://doi.org/10.4230/LIPIcs.ESA.2021.68,https://drops.dagstuhl.de/storage/00lipics/lipics-vol204-esa2021/LIPIcs.ESA.2021.68/LIPIcs.ESA.2021.68.pdf#page=5,Explicit open question on PDF page 5
Towards an Isomorphism Dichotomy for Hereditary Graph Classes,"Schweitzer, Pascal",2015,https://doi.org/10.4230/LIPIcs.STACS.2015.689,https://drops.dagstuhl.de/storage/00lipics/lipics-vol030-stacs2015/LIPIcs.STACS.2015.689/LIPIcs.STACS.2015.689.pdf#page=2,Explicit open question on PDF page 2
Connected Partitions via Connected Dominating Sets,"Niklanovits, Aikaterini; Simonov, Kirill; Verma, Shaily; Zeif, Ziena",2025,https://doi.org/10.4230/LIPIcs.ESA.2025.10,https://drops.dagstuhl.de/storage/00lipics/lipics-vol351-esa2025/LIPIcs.ESA.2025.10/LIPIcs.ESA.2025.10.pdf#page=1,Explicit open question on PDF page 1
A Survey of Parameterized Algorithms and the Complexity of Edge Modification,Christophe Crespelle; Pål Grønås Drange; Fedor V. Fomin; Petr A. Golovach,2020,https://arxiv.org/abs/2001.06867,https://arxiv.org/pdf/2001.06867#page=19,Open problem 3.4; PDF page 19
Rank-width: Algorithmic and Structural Results,Sang-il Oum,2016,https://arxiv.org/abs/1601.03800,https://arxiv.org/pdf/1601.03800#page=11,Question 6; PDF page 11
Synchronizing Automata: Open Problems,Marek Szykuła,2026,https://arxiv.org/abs/2608.24245,https://arxiv.org/pdf/2608.24245#page=2,Conjecture 1; PDF page 2
Synchronization of finite automata,Mikhail V. Volkov,2022,https://doi.org/10.4213/rm10005e,,"Russian Mathematical Surveys 77(5), 819–891; general synchronization survey"
List of Results on the Černý Conjecture and Reset Thresholds for Synchronizing Automata,Mikhail V. Volkov,2026,https://arxiv.org/abs/2508.15655,,"Version 4, 13 January 2026; §1.2 and catalogue of special classes; original Černý family and bound"
Improving the Upper Bound on the Length of the Shortest Reset Word,Marek Szykuła,2018,https://drops.dagstuhl.de/entities/document/10.4230/LIPIcs.STACS.2018.56,,"STACS 2018, 56:1–56:13; avoidance and compression upper bound"
An Improvement to a Recent Upper Bound for Synchronizing Words of Finite Automata,Yaroslav Shitov,2019,https://doi.org/10.25596/jalc-2019-367,,"Journal of Automata, Languages and Combinatorics 24(2–4), 367–373; refined cubic upper bound"
The Černý Conjecture for One-Cluster Automata via Annular Spectral Descent,Yinfeng Zhu,2026,https://arxiv.org/abs/2607.19675,,"Version 1, 22 July 2026; abstract and §1; restricted-class preprint claim, not a general resolution"
Nondeterminism and the size of two way finite automata,William J. Sakoda; Michael Sipser,1978,https://doi.org/10.1145/800133.804357,,"STOC 1978, 275–286; original state-complexity questions, also documented in the cited survey"
Two-Way Finite Automata: Old and Recent Results,Giovanni Pighizzini,2013,https://arxiv.org/abs/1208.2755,,"2012 conference survey, EPTCS 90:3–20, especially §§4–6 and Theorem 5.2; expanded journal version Fundamenta Informaticae 126(2–3):225–246, DOI 10.3233/FI-2013-879"
Two-way automata versus logarithmic space,Christos A. Kapoutsis,2014,https://www.andrew.cmu.edu/user/cak/reads/2014-TOCS/main.pdf,,Theory of Computing Systems 55(2):421–447; abstract and main equivalences for length≤s and length≤2^s; DOI 10.1007/s00224-013-9465-0
Two-Way Automata and Bounded Languages,Alessandro Clerici Lorenzini; Giovanni Pighizzini; Luca Prigioniero,2025,https://air.unimi.it/handle/2434/1183476,,"CIAA 2025, LNCS 15981:73–85; letter-bounded-language normal form; DOI 10.1007/978-3-032-02602-6_6"
Polynomial Complementation of Nondeterministic Two-Way Finite Automata by 1-Limited Automata,Bruno Guillon; Luca Prigioniero; Javad Taheri,2026,https://doi.org/10.4230/LIPIcs.STACS.2026.48,,"STACS 2026, 48:1–48:18; §1 open determinization/complementation questions and Theorem 4.1 for the stronger annotated model"
A quadratic lower bound for 2DFAs against one-way liveness,Kehinde Adeogun; Christos Kapoutsis,2026,https://arxiv.org/abs/2602.24279v2,,"Revision 6 July 2026; abstract, introduction and main quadratic lower bound; SOFSEM 2026 conference version."
The star-height problem,Jean-Éric Pin,2013,https://www.irif.fr/~jep/Problemes/starheight.html,,"Author problem page, last modified 8 August 2013; definitions and distinct generalized versus restricted questions"
Some results on the generalized star-height problem,Jean-Éric Pin; Howard Straubing; Denis Thérien,1992,https://hal.science/hal-00019978,,"Information and Computation 101(2), 219–250; author PDF dated May 2002 and HAL deposit March 2006 are later versions/hosting dates"
On the star-height of factor counting languages and their relationship to Rees zero-matrix semigroups,Tom Bourne; Nik Ruškuc,2016,https://arxiv.org/abs/1603.06236,,"v2, 27 September; §§1–3; PDF title uses subword counting, explicitly meaning contiguous factors"
Classes of languages generated by the Kleene star of a word,Laure Daviaud; Charles Paperman,2018,https://wrap.warwick.ac.uk/id/eprint/104953/,,"Information and Computation 262, 90–109; introduction and effective equational characterizations; MFCS 2015 precursor"
Data Compression Meets Automata Theory,Nicola Cotumaccio,2025,https://bulletin.eatcs.org/index.php/beatcs/article/view/824,,"Bulletin of the EATCS 145, Algorithmics Column; closing discussion links automata characterizations to the open generalized star-height problem"
"Dot-depth three, return of the J-class",Thomas Place; Marc Zeitoun,2024,https://arxiv.org/abs/2401.16195,,"Inherited reference; introduction and Sections 3, 5–6; four-language basis and membership-to-covering reduction yield full level three"
Generic Results for Concatenation Hierarchies,Thomas Place; Marc Zeitoun,2017,https://arxiv.org/abs/1710.04313,,"2017 preprint; journal version in Theory of Computing Systems 63(4), 849–901 (2019), online 2018; general hierarchy definitions and separation/covering transfer methods"
Separation for dot-depth two,Thomas Place; Marc Zeitoun,2021,https://lmcs.episciences.org/8489,,Logical Methods in Computer Science 17(3); decidability of separation and covering for dot-depth two
The Alternation Hierarchy of First-Order Logic on Words is Decidable — withdrawn,Corentin Barloy; Michaël Cadilhac; Charles Paperman; Howard Straubing,2025,https://arxiv.org/abs/2501.14899v2,,"Posted 24 January, withdrawn 31 January 2025; author comment states a fatal flaw in Lemma 19; not a valid resolution"
In Orbit with MeSCaL: Higher in Concatenation and Navigational Hierarchies of Regular Languages,Thomas Place; Marc Zeitoun,2025,https://www.labri.fr/perso/zeitoun/research/pdf/pzmescal2.pdf,,"CIAA 2025, 299–315; abstract and introduction state scope of implemented levels and the remaining open membership problem"
"A Family of Effective Methods for Decompiling Canonical Acceptors, Instantiated for Languages of Dot-Depth One and Tier-Based Extensions",Dakotah Lambert,2026,https://aclanthology.org/2026.scil-main.3/,,"SCiL 2026, July, 25–36; restricted decompilation applications rather than arbitrary-level decidability"
Deciding origin equivalence of weakly self-nesting macro tree transducers,Sebastian Maneth; Helmut Seidl,2023,https://doi.org/10.1016/j.ipl.2022.106332,,"Inherited reference; Information Processing Letters 180, Article 106332, February 2023; origin equivalence is distinguished from ordinary equivalence"
Equivalence Problems for Tree Transducers: A Brief Survey,Sebastian Maneth,2014,https://arxiv.org/abs/1405.5597,,"AFL 2014, EPTCS 151, 74–93; Definition 1 and call-by-value semantics in Section 3; Lemma 1 gives effective regular inverse images and domains"
Equivalence of Deterministic Top-Down Tree-to-String Transducers is Decidable,Helmut Seidl; Sebastian Maneth; Gregor Kemper,2018,https://arxiv.org/abs/1503.09163,,"2015 preprint, revised January 2017; Journal of the ACM 65(4), Article 21, 2018; polynomial-ideal invariants for the stated tree-to-string model"
Shape Preserving Tree Transducers,Paul Gallot; Sebastian Maneth,2025,https://arxiv.org/abs/2506.22047,,27 June 2025; shape-preservation decidability includes compositions of total deterministic macro tree transducers
The structure of polynomial growth for tree automata/transducers and MSO set queries,Paul Gallot; Nathan Lhote; Lê Thành Dũng Nguyên,2026,https://arxiv.org/abs/2501.10270v4,,"First posted January 2025; revision 6 January 2026; polynomial size-to-height increase and exact degree, distinct from pairwise equivalence"
Tree transducers of linear size-to-height increase (and the additive conjunction of linear logic),Luc Dartois; Lê Thành Dũng Nguyên; Charles Peyrat,2026,https://arxiv.org/abs/2605.03928,,5 May 2026; expressiveness and closure results for linear size-to-height classes; equivalence of models rather than an unrestricted equivalence checker
Collapsible Pushdown Automata and Recursion Schemes,Matthew Hague; Andrzej S. Murawski; C.-H. Luke Ong; Olivier Serre,2017,https://www.cs.rhul.ac.uk/home/uxac009/files/papers/tocl17.pdf,,"Inherited author manuscript; ACM Transactions on Computational Logic 18(3), article 25; DOI 10.1145/3091122; definitions and final open direction (2), manuscript p. 40"
Higher-Order Recursion Schemes and Collapsible Pushdown Automata: Logical Properties,Christopher H. Broadbent; Arnaud Carayol; C.-H. Luke Ong; Olivier Serre,2021,https://arxiv.org/abs/2010.06366v2,,"Posted October 2020, revised 2 March 2021; effective model checking, reflection and selection"
Reducing Higher-order Recursion Scheme Equivalence to Coinductive Higher-order Constrained Horn Clauses,Jerome Jochems,2021,https://arxiv.org/abs/2109.04632,,"HCVS 2021, EPTCS 344, pp. 36–64; §2.2 defines semantics and the ⊥-free transform; §4 gives a conditional route via open semidecidability"
Polyregular equivalence is undecidable in higher-order types,Mikołaj Bojańczyk; Grzegorz Fabiański; Rafał Stefański,2026,https://arxiv.org/abs/2604.11935,,"13 April 2026; §§1–3, higher-order extensional equivalence for a list-processing λ-calculus, a different model"
On Higher-Order Probabilistic Verification via the Weighted Relational Model of Linear Logic,Ugo Dal Lago; Guido Fiorillo; Paolo Pistone,2026,https://drops.dagstuhl.de/entities/document/10.4230/LIPIcs.LICS.2026.34,,LICS 2026; arXiv:2604.27986 posted 30 April 2026; almost-sure termination for a subclass defined using bounded exponentials
Tree Languages Defined in First-Order Logic with One Quantifier Alternation,Mikołaj Bojańczyk and Luc Segoufin,2010,https://lmcs.episciences.org/699,,"Logical Methods in Computer Science 6(4:1), 20 October 2010. Full introduction and §2: finite unranked ordered trees, ancestor/lexicographic signatures and finite forest algebras. The effective result is for Δ₂, not all first-order sentences."
Mikołaj Bojańczyk: publications,Mikołaj Bojańczyk,,https://www.mimuw.edu.pl/~bojan/paper,,"Inherited author bibliography pointer, not a dated theorem or current-status certification."
Some Remarks on First-Order Definable Tree Languages,Achim Blumensath,2024,https://arxiv.org/abs/2407.01169,,"1 July 2024 preprint; full introduction, §2 and stated results Corollary 6.8, Corollary 7.5 and Proposition 7.7. Ranked-tree algebra setting; effective necessary and sufficient tests separately, not a complete decision criterion."
An Automaton-based Characterisation of First-Order Logic over Infinite Trees,"Massimo Benerecetti, Dario Della Monica, Angelo Matteo, Fabio Mogavero and Gabriele Puppis",2025,https://arxiv.org/abs/2509.14090,,"17 September 2025 abstract; unordered infinite trees and equivalent classes of automata, a different domain from finite ordered trees."
Deciding the Common Fragment of CTL with past and LTL,"Massimo Benerecetti, Dario Della Monica, Angelo Matteo, Fabio Mogavero and Gabriele Puppis",2026,https://drops.dagstuhl.de/entities/document/10.4230/LIPIcs.MFCS.2026.29,,"MFCS 2026, published 21 August 2026. Decidability of the common fragment of LTL and CTL with past; not unrestricted FO-definability for finite ordered tree languages."
Reachability in Two-Parametric Timed Automata with one Parameter is EXPSPACE-Complete,Stefan Göller; Mathieu Hilaire,2023,https://link.springer.com/article/10.1007/s00224-023-10121-3,,Definitions and concluding open question on arbitrarily many parameters.
Antoine Amarilli: research questions,Antoine Amarilli,,https://a3nm.net/work/research/questions/#equivalence-of-unambiguous-context-free-grammars,,equivalence-of-unambiguous-context-free-grammars
Minimization of Symbolic Automata,Loris D’Antoni; Margus Veanes,2014,https://cseweb.ucsd.edu/~ldantoni/papers/popl14.pdf,,Introduction and classical DFA minimization comparison; the word-RAM target is an explicit editorial model convention.
Automata Exchange,Lorenzo Clemente,2019,https://automata.exchange/19.05-on-unambiguous-grammars/,,19.5
Unambiguity in Automata Theory,Guillermo Alberto Perez,2021,https://doi.org/10.4230/DagRep.11.10.57,https://drops.dagstuhl.de/storage/04dagstuhl-reports/volume11/issue10/DagRep.11.10/DagRep.11.10.pdf#page=71,"Seminar 21452, section 5.7"
Antoine Amarilli: research questions,Antoine Amarilli,,https://a3nm.net/work/research/questions/#context-freeness-of-primitive-words,,context-freeness-of-primitive-words
Automata Exchange,Lorenzo Clemente,2020,https://automata.exchange/20.02-deterministic-separability-of-nondeterministic-timed-languages/,,20.2
A Superpolynomial Lower Bound for the Size of Non-Deterministic Complement of an Unambiguous Automaton,"Raskin, Mikhail",2018,https://doi.org/10.4230/LIPIcs.ICALP.2018.138,https://drops.dagstuhl.de/storage/00lipics/lipics-vol107-icalp2018/LIPIcs.ICALP.2018.138/LIPIcs.ICALP.2018.138.pdf#page=10,Unresolved-question passage on page 10; PDF page 10
Automata Exchange,Wojciech Czerwiński,2019,https://automata.exchange/19.04-separating-words-problem/,,19.4
RTA Open Problems,Hitoshi Ohsaki [ OT02 ],2002,https://www.cs.tau.ac.il/~nachum/rtaloop/problems/101.html,,Problem 101
The \(\mathrm{AC}^{0}\)-Complexity of Visibly Pushdown Languages,"Göller, Stefan; Grosshans, Nathan",2024,https://doi.org/10.4230/LIPIcs.STACS.2024.38,https://drops.dagstuhl.de/storage/00lipics/lipics-vol289-stacs2024/LIPIcs.STACS.2024.38/LIPIcs.STACS.2024.38.pdf#page=16,Unresolved-question passage on page 16; PDF page 16
Decidability and Periodicity of Low Complexity Tilings,"Kari, Jarkko; Moutot, Etienne",2020,https://doi.org/10.4230/LIPIcs.STACS.2020.14,https://drops.dagstuhl.de/storage/00lipics/lipics-vol154-stacs2020/LIPIcs.STACS.2020.14/LIPIcs.STACS.2020.14.pdf#page=11,Unresolved-question passage on page 11; PDF page 11
When is Containment Decidable for Probabilistic Automata?,"Daviaud, Laure; Jurdzinski, Marcin; Lazic, Ranko; Mazowiecki, Filip; Pérez, Guillermo A.; Worrell, James",2018,https://doi.org/10.4230/LIPIcs.ICALP.2018.121,https://drops.dagstuhl.de/storage/00lipics/lipics-vol107-icalp2018/LIPIcs.ICALP.2018.121/LIPIcs.ICALP.2018.121.pdf#page=12,Unresolved-question passage on page 12; PDF page 12
Quantitative Games with Interval Objectives,"Hunter, Paul; Raskin, Jean-Francois",2014,https://doi.org/10.4230/LIPIcs.FSTTCS.2014.365,https://drops.dagstuhl.de/storage/00lipics/lipics-vol029-fsttcs2014/LIPIcs.FSTTCS.2014.365/LIPIcs.FSTTCS.2014.365.pdf#page=10,Unresolved-question passage on page 10; PDF page 10
Two-variable first order logic with modular predicates over words,"Dartois, Luc; Paperman, Charles",2013,https://doi.org/10.4230/LIPIcs.STACS.2013.329,https://drops.dagstuhl.de/storage/00lipics/lipics-vol020-stacs2013/LIPIcs.STACS.2013.329/LIPIcs.STACS.2013.329.pdf#page=11,Unresolved-question passage on page 11; PDF page 11
The Determinacy of Context-Free Games,"Finkel, Olivier",2012,https://doi.org/10.4230/LIPIcs.STACS.2012.555,https://drops.dagstuhl.de/storage/00lipics/lipics-vol014-stacs2012/LIPIcs.STACS.2012.555/LIPIcs.STACS.2012.555.pdf#page=11,"Section 4: Wadge games; Section 5, page 565: the separate open determinacy question for Muller automata on infinite trees."
The Determinacy of Context-Free Games — journal version,Olivier Finkel,2013,https://doi.org/10.2178/jsl.7804050,https://arxiv.org/pdf/1312.3412,"Journal of Symbolic Logic 78(4):1115–1134, December 2013; Cambridge online record dated 12 March 2014. Full author version, Section 5, retains the tree question."
On the topological complexity of tree languages,André Arnold; Jacques Duparc; Filip Murlak; Damian Niwiński,2008,https://www.mimuw.edu.pl/~niwinski/Prace/lobo_d.pdf,,"Logic and Automata: History and Perspectives, pages 9–28. Author manuscript Section 4, Lemma 4.1: tree-level Wadge game and continuous reduction; Theorem 4.2: Borel case. Some earlier bibliographies date the manuscript 2007."
Wadge-Wagner Hierarchy of Regular Tree Languages,Jacques Duparc; Kevin Fournier,2016,https://www.ims.uni-stuttgart.de/events/TTATT2016/proceedings.pdf,,"TTATT 2016 workshop proceedings, pages 13–20. Introduction and footnote 1 construct a long hierarchy without a determinacy assumption; this is not a determinacy theorem for all pairs."
Data Monoids,"Bojanczyk, Mikolaj",2011,https://doi.org/10.4230/LIPIcs.STACS.2011.105,https://drops.dagstuhl.de/storage/00lipics/lipics-vol009-stacs2011/LIPIcs.STACS.2011.105/LIPIcs.STACS.2011.105.pdf#page=12,Unresolved-question passage on page 12; PDF page 12
Word Automata with Limited Nondeterminism (Invited Talk),"Li, Yong; Paul, Soumyajit; Schewe, Sven; Tang, Qiyi",2026,https://doi.org/10.4230/LIPIcs.CONCUR.2026.3,https://drops.dagstuhl.de/storage/00lipics/lipics-vol391-concur2026/LIPIcs.CONCUR.2026.3/LIPIcs.CONCUR.2026.3.pdf#page=16,Unresolved-question passage on page 16
Regular Separability in Büchi VASS,"Baumann, Pascal; Meyer, Roland; Zetzsche, Georg",2023,https://doi.org/10.4230/LIPIcs.STACS.2023.9,https://drops.dagstuhl.de/storage/00lipics/lipics-vol254-stacs2023/LIPIcs.STACS.2023.9/LIPIcs.STACS.2023.9.pdf#page=1,Explicit open question on PDF page 1
Separating Automatic Relations,"Barceló, Pablo; Figueira, Diego; Morvan, Rémi",2023,https://doi.org/10.4230/LIPIcs.MFCS.2023.17,https://drops.dagstuhl.de/storage/00lipics/lipics-vol272-mfcs2023/LIPIcs.MFCS.2023.17/LIPIcs.MFCS.2023.17.pdf#page=13,Conjecture 7.1
Resolving Nondeterminism with Randomness,"Henzinger, Thomas A.; Prakash, Keya; Thejaswini, K. S.",2025,https://doi.org/10.4230/LIPIcs.MFCS.2025.57,https://drops.dagstuhl.de/storage/00lipics/lipics-vol345-mfcs2025/LIPIcs.MFCS.2025.57/LIPIcs.MFCS.2025.57.pdf#page=16,Unresolved-question passage on page 16
Safety and Liveness of Quantitative Automata,"Boker, Udi; Henzinger, Thomas A.; Mazzocchi, Nicolas; Saraç, N. Ege",2023,https://doi.org/10.4230/LIPIcs.CONCUR.2023.17,https://drops.dagstuhl.de/storage/00lipics/lipics-vol279-concur2023/LIPIcs.CONCUR.2023.17/LIPIcs.CONCUR.2023.17.pdf#page=7,Explicit open question on PDF page 7
What Can Oracles Teach Us About the Ultimate Fate of Life?,"Salo, Ville; Törmä, Ilkka",2022,https://doi.org/10.4230/LIPIcs.ICALP.2022.131,https://drops.dagstuhl.de/storage/00lipics/lipics-vol229-icalp2022/LIPIcs.ICALP.2022.131/LIPIcs.ICALP.2022.131.pdf#page=5,Explicit open question on PDF page 5
Construction of mu-Limit Sets of Two-dimensional Cellular Automata,"Delacourt, Martin; Hellouin de Ménibus, Benjamin",2015,https://doi.org/10.4230/LIPIcs.STACS.2015.262,https://drops.dagstuhl.de/storage/00lipics/lipics-vol030-stacs2015/LIPIcs.STACS.2015.262/LIPIcs.STACS.2015.262.pdf#page=1,Explicit open question on PDF page 1
"Probabilistic cellular automata, invariant measures, and perfect sampling","Busic, Ana; Mairesse, Jean; Marcovici, Irene",2011,https://doi.org/10.4230/LIPIcs.STACS.2011.296,https://drops.dagstuhl.de/storage/00lipics/lipics-vol009-stacs2011/LIPIcs.STACS.2011.296/LIPIcs.STACS.2011.296.pdf#page=5,Explicit open question on PDF page 5
Automata Exchange,Shaull Almagor,2022,https://automata.exchange/22.05-decidability-of-min-plus-weighted-automata-determinization/,,"Question 22.5, posted 1 July 2022; asks existence of an equivalent deterministic weighted automaton, including the unrestricted ambiguity case."
Determinization of Min-Plus Weighted Automata is Decidable,Shaull Almagor; Guy Arbel; Sarai Sheinvald,2025,https://arxiv.org/abs/2503.23826v1,,"Version 1, 31 March 2025; Sections 1–2, Section 8 and Remark 8.1 on model variants, Theorem 20.5 on decidability; full paper consulted for the model and theorem scope, not independently proof-audited."
Determinization of Min-Plus Weighted Automata is Decidable,Shaull Almagor; Guy Arbel; Sarai Sheinvald,2026,https://epubs.siam.org/doi/10.1137/1.9781611978971.11,,"SODA 2026, pp. 247–257; publisher abstract and bibliographic record, published online 7 January 2026. Full source version is reference solution."
A Complexity Bound for Determinisation of Min-Plus Weighted Automata,Shaull Almagor; Guy Arbel; Sarai Sheinvald,2026,https://drops.dagstuhl.de/entities/document/10.4230/LIPIcs.LICS.2026.5,,"LICS 2026, paper 5, published 9 July 2026; abstract, Section 1, Theorems 8.1–8.2 and Section 8.1. Gives a primitive-recursive upper bound and cites the SODA resolution; relevant full PDF sections read."
Computing Measures of Weak-MSO Definable Sets of Trees,"Niwiński, Damian; Przybyłko, Marcin; Skrzypczak, Michał",2020,https://doi.org/10.4230/LIPIcs.ICALP.2020.136,https://drops.dagstuhl.de/storage/00lipics/lipics-vol168-icalp2020/LIPIcs.ICALP.2020.136/LIPIcs.ICALP.2020.136.pdf#page=17,"Problem 1 and Theorem 2; Section 2, trees and branching processes; concluding extension beyond weak automata."
The Probabilistic Rabin Tree Theorem,Damian Niwiński; Paweł Parys; Michał Skrzypczak,2023,https://doi.org/10.1109/LICS56636.2023.10175800,,LICS 2023; full regular-tree measure computability theorem.
On the Computability of Measures of Regular Sets of Infinite Trees,Damian Niwiński; Paweł Parys; Michał Skrzypczak,2024,https://arxiv.org/abs/2304.12158,https://arxiv.org/pdf/2304.12158,"Version 2, 21 November 2024; Theorem 1.2, Corollary 1.3, Section 2 and Section 13. Full version of LICS 2023."
On the Computability of Measures of Regular Sets of Infinite Trees,Damian Niwiński; Paweł Parys; Michał Skrzypczak,2026,https://doi.org/10.1145/3819061,,Journal of the ACM; publisher-deposited Crossref metadata records online publication on 11 August 2026. The theorem and model were checked in the authors’ full version.
Collapse Operation Increases Expressive Power of Deterministic Higher Order Pushdown Automata,"Parys, Pawel",2011,https://doi.org/10.4230/LIPIcs.STACS.2011.603,https://drops.dagstuhl.de/storage/00lipics/lipics-vol009-stacs2011/LIPIcs.STACS.2011.603/LIPIcs.STACS.2011.603.pdf#page=11,Section 2: deterministic automata; Theorem 1: order-two separation; Section 5: stronger question against every noncollapsible order.
On the Significance of the Collapse Operation,Paweł Parys,2012,https://doi.org/10.1109/LICS.2012.62,,"LICS 2012, pages 521–530. Conference predecessor identified by the full 2020 journal article."
On the Expressive Power of Higher-Order Pushdown Systems,Paweł Parys,2020,https://lmcs.episciences.org/6723,https://lmcs.episciences.org/6723/pdf,"Logical Methods in Computer Science 16(3:11):1–69, published 20 August 2020; DOI 10.23638/LMCS-16(3:11)2020. Theorem 1.2 is the finite-word all-orders separation; Sections 2 and 2.1 define the model; Section 4 defines the separating language. Theorem 1.1 is its tree consequence."
A Survey of the Skolem and Positivity Problems for Linear Recurrence Sequences,Piotr Bacik; Toghrul Karimov; Florian Luca; Joris Nieuwveld; Joël Ouaknine; David Purser; James Worrell,2026,https://people.mpi-sws.org/~joel/publications/skolem_and_positivity_survey26abs.html,,"Manuscript dated 26 July 2026; §1, §7 Problems 44–45 and Theorem 52, §8.4 concrete positivity example"
Positivity Problems for Low-Order Linear Recurrence Sequences,Joël Ouaknine; James Worrell,2014,https://arxiv.org/abs/1307.2779,,"SODA 2014; preprint v2, 9 October 2013; positivity through order five and order-six Diophantine hardness"
On the Positivity Problem for Simple Linear Recurrence Sequences,Joël Ouaknine; James Worrell,2014,https://arxiv.org/abs/1309.1550,,"ICALP 2014; preprint v3, 28 April 2014; simple recurrences of order at most nine"
Ultimate Positivity is Decidable for Simple Linear Recurrence Sequences,Joël Ouaknine; James Worrell,2014,https://arxiv.org/abs/1309.1914,,"ICALP 2014; latest preprint v4, 5 April 2017; arbitrary-order simple sequences and ineffective growth bounds"
Positivity Problems for Reversible Linear Recurrence Sequences,George Kenison; Joris Nieuwveld; Joël Ouaknine; James Worrell,2023,https://drops.dagstuhl.de/entities/document/10.4230/LIPIcs.ICALP.2023.130,,"ICALP 2023, 130:1–17; reversible order eleven and simple reversible order seventeen"
On Linear Recurrence Sequences and Loop Termination,Joël Ouaknine; James Worrell,2015,https://people.mpi-sws.org/~joel/publications/lrs-survey15abs.html,https://people.mpi-sws.org/~joel/publications/lrs-survey15.pdf#page=8,"§4, linear constraint loops; PDF page 8"
The Complexity of Stochastic Games,Anne Condon,1992,https://www.sciencedirect.com/science/article/pii/089054019290048K,,Information and Computation 96(2):203–224; DOI 10.1016/0890-5401(92)90048-K; game values and NP∩coNP membership
A Subexponential Randomized Algorithm for the Simple Stochastic Game Problem,Walter Ludwig,1995,https://www.sciencedirect.com/science/article/pii/S0890540185710358,,Information and Computation 117(1):151–155; DOI 10.1006/inco.1995.1035
A Direct Reduction from Stochastic Parity Games to Simple Stochastic Games,Raphaël Berthon; Joost-Pieter Katoen; Zihan Zhou,2025,https://drops.dagstuhl.de/entities/document/10.4230/LIPIcs.CONCUR.2025.9,,"CONCUR 2025, 9:1–21; §4.3, Theorems 12–13 distinguish known encoding equivalences and the new direct reduction"
Sound Value Iteration for Simple Stochastic Games,Muqsit Azeem; Jan Kretinsky; Maximilian Weininger,2025,https://arxiv.org/abs/2509.14112,,"GandALF 2025, EPTCS 428:29–44; §§3–4 certified bounds and end components"
Sinks and Ladders: ARRIVAL and SSG with Two Vertices per Level,Bernd Gärtner; Sebastian Haslebacher; Hung P. Hoang,2026,https://drops.dagstuhl.de/storage/00lipics/lipics-vol366-fun2026/html/LIPIcs.FUN.2026.19/LIPIcs.FUN.2026.19.html,,"FUN 2026, 19:1–16; §1 open status, §2 ladder/stopping definitions, §4 SSG algorithm; Theorem 10 concerns ARRIVAL, not SSG"
Computing Fixpoints of Learned Functions: Chaotic Iteration and Simple Stochastic Games,Paolo Baldan; Sebastian Gurke; Barbara König; Florian Wittbold,2026,https://arxiv.org/abs/2601.16142,,"22 January 2026; Section 4.1, simple stochastic games and the convergence theorem."
On the Role of Semisimplicial Types,Nicolai Kraus,2018,https://nicolaikraus.github.io/docs/on_semisimplicial_types.pdf,,"Inherited reference; TYPES 2018 talk abstract, pp. 1–2; explicitly asks for one N-indexed family rather than separately constructed finite stages"
Homotopy Type Theory: Univalent Foundations of Mathematics,The Univalent Foundations Program,2013,https://homotopytypetheory.org/book/,,"Chapters 1–2, 5–6 and Appendix A; rules for the constructors explicitly selected in the theory T on this card"
Two-level type theory and applications,Danil Annenkov; Paolo Capriotti; Nicolai Kraus; Christian Sattler,2023,https://www.cambridge.org/core/journals/mathematical-structures-in-computer-science/article/twolevel-type-theory-and-applications/4914DB4F8E8305DFC68F9CDCA9D0C8D0,,"Inherited reference; Mathematical Structures in Computer Science 33, 688–743; introduction and Reedy-diagram constructions"
Two-Level Type Theory and Applications — revised manuscript,Danil Annenkov; Paolo Capriotti; Nicolai Kraus; Christian Sattler,2026,https://arxiv.org/abs/1705.03307v5,,"First posted 2017, journal 2023; v5 dated 26 May 2026, described as a typo fix and reference update; introduction distinguishes inner and outer indexing"
Displayed type theory and semi-simplicial types,Astra Kolomatskaia; Michael Shulman,2025,https://doi.org/10.1017/S096012952510025X,,"MSCS 35, e34, published online 17 December 2025; arXiv:2311.18781v2, 1 February 2024; display primitive, coinductive definition and semantic correctness"
Internal Constructions in Homotopical Type Theory,Joshua Chen,2025,https://www.joshchen.io/pdf/thesis-phd.pdf,,"PhD thesis; Sections 4.4, 6.1 and 6.3; 4.4*17 retains the open problem, 6.1*2–3 mark the construction a sketch and delimit its scope"
Continuously complete CPO models with minimal theory — TLCA Problem 22,Furio Honsell,2007,https://tlca.di.unito.it/opltlca/opltlcasu29.html,,Submitted 20 April 2007; continuous completeness and the λβ / λβη alternatives. This card retains the λβ alternative.
Lambda theories of effective lambda models,Chantal Berline; Giulio Manzonetto; Antonino Salibra,2007,https://arxiv.org/abs/math/0701684,,"Version 2, 31 May 2007; Sections 1–3, reflexive-object definition and Theorem 4(iv)."
Unsolvable Terms in Filter Models,Mariangiola Dezani-Ciancaglini; Paola Giannini; Furio Honsell,2025,https://drops.dagstuhl.de/entities/document/10.4230/LIPIcs.FSCD.2025.3,,FSCD 2025; interpretation of unsolvables and definitions of filter models.
Lambda Galore,Mariangiola Dezani-Ciancaglini; Besik Dundua; Furio Honsell,2026,https://link.springer.com/chapter/10.1007/978-3-032-22730-0_13,,"FoSSaCS 2026, 262–284, published 15 April 2026; Definition 10 and Section 6, sensible models not extending Böhm-tree theory."
Weak versus strong normalization for pure type systems — TLCA Problem 9,Morten Heine Sørensen,2014,https://tlca.di.unito.it/opltlca/problem9.pdf,,"Problem dated 1993; list updated 4 February 2014; statement, attribution and restricted 1997/2001 results."
An Irrelevancy-Eliminating Translation of Pure Type Systems,Nathan Mull,2023,https://drops.dagstuhl.de/entities/document/10.4230/LIPIcs.TYPES.2022.7,,"TYPES 2022 proceedings published 28 July 2023, 7:1–7:21; Section 2 defines arbitrary PTSs; Sections 3–5 give restricted transfers."
Normalization in Lambda-Calculus and Type Theory,Morten Heine Sørensen,1997,https://di.ku.dk/forskning/Publikationer/tekniske_rapporter/tekniske-rapporter-1997/97-27.pdf,,"PhD dissertation submitted April 1997; hosted revised edition with April 1998 preface; Chapter 3, generalized non-dependent PTS results and technical hypotheses."
The Model-Theoretic Expressiveness of Propositional Proof Systems,"Grädel, Erich; Pago, Benedikt; Pakusa, Wied",2017,https://doi.org/10.4230/LIPIcs.CSL.2017.27,https://drops.dagstuhl.de/storage/00lipics/lipics-vol082-csl2017/LIPIcs.CSL.2017.27/LIPIcs.CSL.2017.27.pdf#page=15,Unresolved-question passage on page 15; PDF page 15
Deciding Parity Games in Quasipolynomial Time,Cristian S. Calude; Sanjay Jain; Bakhadyr Khoussainov; Wei Li; Frank Stephan,2017,https://www.cs.auckland.ac.nz/~cristian/crispapers/paritygame-stoc.pdf,,"Definitions, complexity background and quasipolynomial algorithm"
Universal trees grow inside separating automata: Quasi-polynomial lower bounds for parity games,Wojciech Czerwiński; Laure Daviaud; Nathanaël Fijalkow; Marcin Jurdziński; Ranko Lazić; Paweł Parys,2018,https://arxiv.org/abs/1807.10546,,"Abstract and main theorem: separating automata, not unrestricted algorithmic hardness"
Attractors Is All You Need: Parity Games In Polynomial Time,Rick van der Heijden,2025,https://arxiv.org/abs/2511.03752v1,,"4 November 2025; claimed polynomial-time solution, independently unverified in this review"
On the Complexity of Robust Markov Decision Processes and Bisimulation Metrics,Marnix Suilen; Guillermo A. Pérez,2026,https://arxiv.org/abs/2604.26748,,29 April 2026; abstract still calls polynomial-time parity-game solving open
Skolem Meets Schanuel,"Bilu, Yuri; Luca, Florian; Nieuwveld, Joris; Ouaknine, Joël; Purser, David; Worrell, James",2022,https://doi.org/10.4230/LIPIcs.MFCS.2022.20,https://drops.dagstuhl.de/storage/00lipics/lipics-vol241-mfcs2022/LIPIcs.MFCS.2022.20/LIPIcs.MFCS.2022.20.pdf#page=1,Explicit open question on PDF page 1
On the Complexity of the Skolem Problem at Low Orders,Piotr Bacik; Joël Ouaknine; James Worrell,2026,https://arxiv.org/abs/2507.11234v3,,Revision of 17 July 2026; abstract and main results distinguish bounded Skolem and order at most four
Conjectural Decidability of the Skolem Problem,Florian Luca; Joël Ouaknine; James Worrell,2026,https://arxiv.org/abs/2607.15510,,Abstract: strengthened Cramér assumption for decidability; unconditional large-zero density result
The complexity of mean payoff games,Uri Zwick; Michael S. Paterson,1995,https://link.springer.com/chapter/10.1007/BFb0030814,,"COCOON 1995, LNCS 959:1–10; expanded journal version: The complexity of mean payoff games on graphs, TCS 158(1–2):343–359, 1996; publisher digitization date is not the conference year"
Faster Algorithms for Mean-Payoff Games,Luboš Brim; Jakub Chaloupka; Laurent Doyen; Raffaella Gentilini; Jean-François Raskin,2011,https://lsv.ens-paris-saclay.fr/~doyen/papers/Faster_Algorithms_for_Mean-Payoff_Games.pdf,,Formal Methods in System Design 38(2):97–118; DOI 10.1007/s10703-010-0105-x; Table 1 and energy-game decision algorithm; author manuscript dated 10 May 2011
Value Iteration Using Universal Graphs and the Complexity of Mean Payoff Games,Nathanaël Fijalkow; Paweł Gawrychowski; Pierre Ohlmann,2020,https://drops.dagstuhl.de/entities/document/10.4230/LIPIcs.MFCS.2020.34,,"MFCS 2020, 34:1–15; upper and lower bounds apply to algorithms using universal graphs"
Smoothed Analysis of Deterministic Discounted and Mean-Payoff Games,Bruno Loff; Mateusz Skomra,2024,https://drops.dagstuhl.de/entities/document/10.4230/LIPIcs.ICALP.2024.147,,"ICALP 2024, 147:1–16; Theorems 1–2 and §2.1 ergodic-graph restriction; use published version rather than unrestricted wording in arXiv:2402.03975v1 abstract"
"Strategy Improvement, the Simplex Algorithm and Lopsidedness",Matthew Maat,2025,https://arxiv.org/abs/2509.16075,,"Preprint v1, 19 September 2025; direct algorithmic correspondence under nondegeneracy assumptions"
Set-defined graph classes: \(\chi\)-boundedness meets tropical algebra,Sarosh Adenwalla; Samuel Braunfeld; Tomáš Hons; John Sylvester; Viktor Zamaraev,2026,https://arxiv.org/abs/2607.23754,,"Preprint v1, 26 July 2026; §3.7.2 states the open polynomial bit-complexity problem; §7 uses succinctly represented path clauses and functional constraints"
On the elementary theory of the real exponential field,Alessandro Berarducci; Francesco Gallinaro,2026,https://arxiv.org/abs/2603.08365v2,,Revised 23 June 2026; abstract and introduction distinguish full conditional and restricted unconditional statements
The Big-O Problem for Labelled Markov Chains and Weighted Automata,"Chistikov, Dmitry; Kiefer, Stefan; Murawski, Andrzej S.; Purser, David",2020,https://doi.org/10.4230/LIPIcs.CONCUR.2020.41,https://drops.dagstuhl.de/storage/00lipics/lipics-vol171-concur2020/LIPIcs.CONCUR.2020.41/LIPIcs.CONCUR.2020.41.pdf#page=12,Unresolved-question passage on page 12; PDF page 12
The continuous Skolem-Pisot problem,Paul C. Bell; Jean-Charles Delvenne; Raphaël M. Jungers; Vincent D. Blondel,2010,https://perso.uclouvain.be/vincent.blondel/publications/10BDJ.pdf,,"Theoretical Computer Science 411, 3625–3634; matrix-exponential, differential-equation and zero-testing formulations"
On the Skolem Problem for Continuous Linear Dynamical Systems,Ventsislav Chonev; Joël Ouaknine; James Worrell,2016,https://arxiv.org/abs/1506.00695,,"v3, 10 May; ICALP 2016, article 100; bounded decidability assumes Schanuel, and the input definition permits real algebraic coefficients"
On Recurrent Reachability for Continuous Linear Dynamical Systems,Ventsislav Chonev; Joël Ouaknine; James Worrell,2016,https://arxiv.org/abs/1507.03632,,"LICS 2016, pp. 515–524; infinite-zeros and effective cutoff results are distinct from unconditional existence-of-a-zero decisions"
Axiomatization of Compact Initial Value Problems: Open Properties,André Platzer; Long Qian,2025,https://publikationen.bibliothek.kit.edu/1000188295/170660770,,"Journal of the ACM 72(6), article 41, November; p. 41:7, Continuous Skolem limitations; DOI 10.1145/3763228"
A Survey of the Skolem and Positivity Problems for Linear Recurrence Sequences,Piotr Bacik; Toghrul Karimov; Florian Luca; Joris Nieuwveld; Joël Ouaknine; David Purser; James Worrell,2026,https://people.mpi-sws.org/~joel/publications/skolem_and_positivity_survey26.pdf,,"Manuscript 26 July; closing discussion, Continuous-time analogues; its main results concern discrete sequences"
On the Reachability Problem for Two-Dimensional Branching VASS,Clotilde Bizière; Thibault Hilaire; Jérôme Leroux; Grégoire Sutre,2025,https://drops.dagstuhl.de/storage/00lipics/lipics-vol345-mfcs2025/html/LIPIcs.MFCS.2025.22/LIPIcs.MFCS.2025.22.html,,"MFCS 2025, paper 22, abstract and Section 1; inter-reducibility with MELL and the two-dimensional restriction; DOI 10.4230/LIPIcs.MFCS.2025.22"
Wikipedia: Linear logic,Wikipedia contributors,,https://en.wikipedia.org/wiki/Linear_logic,,Discovery source; retrieved 2026-09-11. Evidence locator: decidability itself
Wikipedia revision used for discovery,Wikipedia contributors,,https://en.wikipedia.org/w/index.php?oldid=1368881129,,Revision timestamp: 2026-08-11T16:25:56Z
Handbook of Linear Logic,The LLHandbook project,2026,https://ll-handbook.pages.math.cnrs.fr/book/ll-handbook-public.pdf,,"Draft dated 6 March 2026, Section 1.3.5, Table 1.4, and Section 1.4; used for standard propositional syntax, units and one-sided inference rules. The handbook labels itself an incomplete early draft."
On the Decision Problem for MELL,Lutz Straßburger,2019,https://www.lix.polytechnique.fr/~lutz/papers/OnDeciMELL.pdf,,"Sections 1–2 and 4; Section 2 gives the unit-free calculus. Theoretical Computer Science 768, 91–98, DOI 10.1016/j.tcs.2019.02.022."
Solving the Reachability Problem for Branching Vector Addition Systems via Semilinear Inductive Invariants,Clotilde Bizière; Jérôme Leroux; Grégoire Sutre,2026,https://arxiv.org/abs/2607.09558v1,,"Version 1, 10 July 2026; Introduction, especially page 4 on the MELL consequence; Section 3, Theorem 3.3; Section 8. Definitions and theorem scope read in the full PDF; proof not independently audited."
On Decidability of Time-Bounded Reachability in CTMDPs,Rupak Majumdar; Mahmoud Salamati; Sadegh Soudjani,2020,https://drops.dagstuhl.de/entities/document/10.4230/LIPIcs.ICALP.2020.133,,"Model definition, threshold problem and conditional decidability theorem."
Automata Exchange,Łukasz Orlikowski,2025,https://automata.exchange/25.9-reachability-in-low-dimensional-vass/,,25.9
Automata Exchange,Ismaël Jecker,2022,https://automata.exchange/22.01-complexity-fixed-vas-reachability/,,22.1
Shortest runs in 3-D VASS,Wojciech Czerwiński,2019,https://automata.exchange/19.11-shortest-runs-in-3-d-vass/,,"Automata Exchange problem 19.11, posted 1 July 2019; full question read. The finite-reachability-set discussion is a suggested route, not an input promise."
Reachability in 3-VASS is Elementary,"Wojciech Czerwiński, Ismaël Jecker, Sławomir Lasota, Łukasz Orlikowski",2025,https://arxiv.org/abs/2502.13916,https://arxiv.org/pdf/2502.13916,"arXiv:2502.13916v2, 28 April 2025; ICALP 2025. Abstract, introduction including Theorem 1 and Lemma 2, and opening of Section 7 read. The latter explicitly asks whether binary 3-VASS have single-exponential shortest runs; it also asks for stronger lower bounds. This supplies the encoding convention for the 2019 question."
3-VASS Reachability is in EXPSPACE,"Weijun Chen, Bo Fu, Yuxi Fu, Huan Long, Chengfeng Xue, Qizhe Yang, Yangluo Zheng",2026,https://arxiv.org/abs/2607.14983,https://arxiv.org/pdf/2607.14983,"arXiv:2607.14983v1, 16 July 2026. Full abstract, introduction through Theorem 1.1 and Proposition 1.2, and explicit binary/unary model conventions read. States a doubly-exponential shortest-run bound and EXPSPACE membership for either encoding. Proofs not independently audited."
RTA Open Problems,Henk Barendregt [ Bar75 ],1975,https://www.cs.tau.ac.il/~nachum/rtaloop/problems/97.html,,Problem 97
A Lambda Calculus Satellite (Invited Talk),"Manzonetto, Giulio",2023,https://doi.org/10.4230/LIPIcs.FSCD.2023.3,https://drops.dagstuhl.de/storage/00lipics/lipics-vol260-fscd2023/LIPIcs.FSCD.2023.3/LIPIcs.FSCD.2023.3.pdf#page=5,Explicit open question on PDF page 5
RTA Open Problems,J. R. Kennaway,1991,https://www.cs.tau.ac.il/~nachum/rtaloop/problems/10.html,,Problem 10
RTA Open Problems,Max Dauchet,1991,https://www.cs.tau.ac.il/~nachum/rtaloop/problems/21.html,,Problem 21
Automata Exchange,V.R. Sathiyanarayana,2025,https://automata.exchange/25.19-complete-techniques-for-deducing-fair-almost-sure-termination/,,25.19
On the Reachability Problem for Two-Dimensional Branching VASS,"Bizière, Clotilde; Hilaire, Thibault; Leroux, Jérôme; Sutre, Grégoire",2025,https://doi.org/10.4230/LIPIcs.MFCS.2025.22,https://drops.dagstuhl.de/storage/00lipics/lipics-vol345-mfcs2025/LIPIcs.MFCS.2025.22/LIPIcs.MFCS.2025.22.pdf#page=16,Unresolved-question passage on page 16; PDF page 16
On Piecewise Affine Reachability with Bellman Operators,"Varonka, Anton; Watanabe, Kazuki",2025,https://doi.org/10.4230/LIPIcs.MFCS.2025.92,https://drops.dagstuhl.de/storage/00lipics/lipics-vol345-mfcs2025/LIPIcs.MFCS.2025.92/LIPIcs.MFCS.2025.92.pdf#page=2,Explicit open question on PDF page 2
Challenges of the Reachability Problem in Infinite-State Systems (Invited Paper),"Czerwiński, Wojciech",2024,https://doi.org/10.4230/LIPIcs.MFCS.2024.2,https://drops.dagstuhl.de/storage/00lipics/lipics-vol306-mfcs2024/LIPIcs.MFCS.2024.2/LIPIcs.MFCS.2024.2.pdf#page=7,Unresolved-question passage on page 7; PDF page 7
Church’s Thesis and Related Axioms in Coq’s Type Theory,"Forster, Yannick",2021,https://doi.org/10.4230/LIPIcs.CSL.2021.21,https://drops.dagstuhl.de/storage/00lipics/lipics-vol183-csl2021/LIPIcs.CSL.2021.21/LIPIcs.CSL.2021.21.pdf#page=10,Unresolved-question passage on page 10; PDF page 10
Reachability in Dynamical Systems with Rounding,"Baier, Christel; Funke, Florian; Jantsch, Simon; Karimov, Toghrul; Lefaucheux, Engel; Ouaknine, Joël; Pouly, Amaury; Purser, David; Whiteland, Markus A.",2020,https://doi.org/10.4230/LIPIcs.FSTTCS.2020.36,https://drops.dagstuhl.de/storage/00lipics/lipics-vol182-fsttcs2020/LIPIcs.FSTTCS.2020.36/LIPIcs.FSTTCS.2020.36.pdf#page=14,Unresolved-question passage on page 14; PDF page 14
"For Finitary Induction-Induction, Induction Is Enough","Kaposi, Ambrus; Kovács, András; Lafont, Ambroise",2019,https://doi.org/10.4230/LIPIcs.TYPES.2019.6,https://drops.dagstuhl.de/storage/00lipics/lipics-vol175-types2019/LIPIcs.TYPES.2019.6/LIPIcs.TYPES.2019.6.pdf#page=29,Unresolved-question passage on page 29; PDF page 29
On the Positive Calculus of Relations with Transitive Closure,"Pous, Damien",2018,https://doi.org/10.4230/LIPIcs.STACS.2018.3,https://drops.dagstuhl.de/storage/00lipics/lipics-vol096-stacs2018/LIPIcs.STACS.2018.3/LIPIcs.STACS.2018.3.pdf#page=15,Unresolved-question passage on page 15; PDF page 15
Model Checking and Strategy Synthesis for Stochastic Games: From Theory to Practice (Invited Talk),"Kwiatkowska, Marta Z.",2016,https://doi.org/10.4230/LIPIcs.ICALP.2016.4,https://drops.dagstuhl.de/storage/00lipics/lipics-vol055-icalp2016/LIPIcs.ICALP.2016.4/LIPIcs.ICALP.2016.4.pdf#page=10,Unresolved-question passage on page 10; PDF page 10
Domain Theory in Constructive and Predicative Univalent Foundations,"de Jong, Tom; Escardó, Martín Hötzel",2021,https://doi.org/10.4230/LIPIcs.CSL.2021.28,https://drops.dagstuhl.de/storage/00lipics/lipics-vol183-csl2021/LIPIcs.CSL.2021.28/LIPIcs.CSL.2021.28.pdf#page=5,Explicit open question on PDF page 5
From Cubes to Twisted Cubes via Graph Morphisms in Type Theory,"Pinyo, Gun; Kraus, Nicolai",2019,https://doi.org/10.4230/LIPIcs.TYPES.2019.5,https://drops.dagstuhl.de/storage/00lipics/lipics-vol175-types2019/LIPIcs.TYPES.2019.5/LIPIcs.TYPES.2019.5.pdf#page=2,Explicit open question on PDF page 2
About Decisiveness of Dynamic Probabilistic Models,"Finkel, Alain; Haddad, Serge; Ye, Lina",2023,https://doi.org/10.4230/LIPIcs.CONCUR.2023.14,https://drops.dagstuhl.de/storage/00lipics/lipics-vol279-concur2023/LIPIcs.CONCUR.2023.14/LIPIcs.CONCUR.2023.14.pdf#page=3,Explicit open question on PDF page 3
Two Lower Bounds for BPA,"Huang, Mingzhang; Yin, Qiang",2017,https://doi.org/10.4230/LIPIcs.CONCUR.2017.20,https://drops.dagstuhl.de/storage/00lipics/lipics-vol085-concur2017/LIPIcs.CONCUR.2017.20/LIPIcs.CONCUR.2017.20.pdf#page=1,Explicit open question on PDF page 1
Invariants for Continuous Linear Dynamical Systems,"Almagor, Shaull; Kelmendi, Edon; Ouaknine, Joël; Worrell, James",2020,https://doi.org/10.4230/LIPIcs.ICALP.2020.107,https://drops.dagstuhl.de/storage/00lipics/lipics-vol168-icalp2020/LIPIcs.ICALP.2020.107/LIPIcs.ICALP.2020.107.pdf#page=4,Explicit open question on PDF page 4
"Cubical Assemblies, a Univalent and Impredicative Universe and a Failure of Propositional Resizing","Uemura, Taichi",2018,https://doi.org/10.4230/LIPIcs.TYPES.2018.7,https://drops.dagstuhl.de/storage/00lipics/lipics-vol130-types2018/LIPIcs.TYPES.2018.7/LIPIcs.TYPES.2018.7.pdf#page=16,Unresolved-question passage on page 16
Involved VASS Zoo (Invited Talk),"Czerwiński, Wojciech",2022,https://doi.org/10.4230/LIPIcs.CONCUR.2022.5,https://drops.dagstuhl.de/storage/00lipics/lipics-vol243-concur2022/LIPIcs.CONCUR.2022.5/LIPIcs.CONCUR.2022.5.pdf#page=3,Explicit open question on PDF page 3
"Guarded Kleene Algebra with Tests: Coequations, Coinduction, and Completeness","Schmid, Todd; Kappé, Tobias; Kozen, Dexter; Silva, Alexandra",2021,https://doi.org/10.4230/LIPIcs.ICALP.2021.142,https://drops.dagstuhl.de/storage/00lipics/lipics-vol198-icalp2021/LIPIcs.ICALP.2021.142/LIPIcs.ICALP.2021.142.pdf#page=12,Explicit open question on PDF page 12
On Decidability of Concurrent Kleene Algebra,"Brunet, Paul; Pous, Damien; Struth, Georg",2017,https://doi.org/10.4230/LIPIcs.CONCUR.2017.28,https://drops.dagstuhl.de/storage/00lipics/lipics-vol085-concur2017/LIPIcs.CONCUR.2017.28/LIPIcs.CONCUR.2017.28.pdf#page=2,Explicit open question on PDF page 2
Mortality of Iterated Piecewise Affine Functions over the Integers: Decidability and Complexity (Extended Abstract),"Ben-Amram, Amir M.",2013,https://doi.org/10.4230/LIPIcs.STACS.2013.514,https://drops.dagstuhl.de/storage/00lipics/lipics-vol020-stacs2013/LIPIcs.STACS.2013.514/LIPIcs.STACS.2013.514.pdf#page=11,"Definition 3, page 516: integer piecewise-affine model; Section 7, page 524: already-known reachability classification and subsequent, distinct open mortality questions."
Polynomial Vector Addition Systems With States,"Leroux, Jérôme",2018,https://doi.org/10.4230/LIPIcs.ICALP.2018.134,https://drops.dagstuhl.de/storage/00lipics/lipics-vol107-icalp2018/LIPIcs.ICALP.2018.134/LIPIcs.ICALP.2018.134.pdf#page=1,"ICALP 2018, article 134. Introduction, p. 134:1, asks the elementary-upper-bound question for general VAS; Section 2.1, p. 134:3, defines the reachability problem. These passages were read in the published PDF. The polynomial-VASS restriction elsewhere in the paper is not part of this extracted question."
The Reachability Problem for Petri Nets Is Not Elementary,Wojciech Czerwiński; Sławomir Lasota; Ranko Lazić; Jérôme Leroux; Filip Mazowiecki,2021,https://doi.org/10.1145/3422822,https://wrap.warwick.ac.uk/id/eprint/142884/1/WRAP-Reachability-problem-petri-nets-is-not-elementary-Lazic-2020.pdf,"Journal of the ACM 68(1), article 7 (2021); earlier STOC 2019 version, DOI 10.1145/3313276.3316369. Read the author-deposited accepted manuscript: Section 1 gives the equivalent state-free VAS problem; Theorem 6 in Section 5 states Tower hardness. Publisher full text unavailable; repository identifies this as the accepted version."
Reachability in Vector Addition Systems is Ackermann-complete,Wojciech Czerwiński; Łukasz Orlikowski,2021,https://arxiv.org/abs/2104.13866v4,https://arxiv.org/pdf/2104.13866v4,"FOCS 2021 result, DOI 10.1109/FOCS52979.2021.00120. Read arXiv version 4, submitted 25 October 2022: Introduction, Theorem 1, Corollary 2 and Section 2 definitions, including polynomial interreducibility of VAS and VASS. Corollary 2 combines the lower bound with the earlier Ackermann upper bound; an independent lower bound by Leroux is acknowledged."
On the Reachability Problem for Two-Dimensional Branching VASS,Clotilde Bizière; Thibault Hilaire; Jérôme Leroux; Grégoire Sutre,2025,https://drops.dagstuhl.de/entities/document/10.4230/LIPIcs.MFCS.2025.22,,"MFCS 2025, article 22. Abstract and introduction confirm that ordinary VASS reachability has a settled complexity classification, separately from branching VASS. The bibliography cites the 2021 non-elementarity journal result. Used as subsequent context, not as the original lower-bound proof."
The circuit value problem is log space complete for P,Richard E. Ladner,1975,https://doi.org/10.1145/990518.990519,,"SIGACT News 7(1), 18–20; proof also developed in Chapter 6 of Limits to Parallel Computation"
Separation of the monotone NC hierarchy,Ran Raz; Pierre McKenzie,1999,https://weizmann.esploro.exlibrisgroup.com/esploro/outputs/journalArticle/Separation-of-the-monotone-NC-hierarchy/993263130303596,,"Combinatorica 19(3), 403–435; DOI 10.1007/s004930050062"
Monotone Circuit Complexity of Matching,Bruno Cavalar; Mika Göös; Artur Riazanov; Anastasia Sofronova; Dmitry Sokolov,2026,https://arxiv.org/abs/2507.16105v2,,"Revision 6 November 2025; STOC 2026, 1128–1132, DOI 10.1145/3798129.3800824; monotone size lower bound"
Recent Advances in Multi-Pass Graph Streaming Lower Bounds,Sepehr Assadi,2023,https://par.nsf.gov/servlets/purl/10488812,,"Inherited reference; ACM SIGACT News 54(3), September 2023; discussion of pointer chasing, set chasing, and the directed reachability gap"
Superlinear lower bounds for multipass graph processing,Venkatesan Guruswami; Krzysztof Onak,2016,https://eccc.weizmann.ac.il/report/2013/002/revision/3/download/,,"ECCC TR13-002, revision 3, February 2016; introduction gives Ω(n^{1+1/(2p+2)}/(p^{20}log^{3/2}n)); CCC 2013 precursor"
Parallel Reachability in Almost Linear Work and Square Root Depth,"Arun Jambulapati, Yang P. Liu, and Aaron Sidford",2019,https://arxiv.org/abs/1905.08841,,FOCS 2019; main theorem
Semi-Streaming Bipartite Matching in Fewer Passes and Optimal Space,Sepehr Assadi; Arun Jambulapati; Yujia Jin; Aaron Sidford; Kevin Tian,2022,https://arxiv.org/abs/2011.03495,,"SODA 2022, 627–669; Proposition 4 and its subsequent implementation argument explicitly give semi-streaming directed reachability/path finding"
Almost Optimal Super-Constant-Pass Streaming Lower Bounds for Reachability,Lijie Chen; Gillat Kol; Dmitry Paramonov; Raghuvansh R. Saxena; Zhao Song; Huacheng Yu,2021,https://par.nsf.gov/servlets/purl/10315017,,"STOC 2021, Theorem 1.1 and introduction; near-quadratic space for o(√log n) passes"
Streaming Algorithms for Monotonicity Testing,Amir Azarmehr; Soheil Behnezhad; Lily Chung; Alma Ghafari; Jane Lange; Ronitt Rubinfeld,2026,https://arxiv.org/abs/2608.07073v2,,First posted 7 August; revision 9 September 2026; introduction following Theorem 1 and Theorem 9 record the current reachability benchmark and reduction
The Matching Problem in General Graphs Is in Quasi-NC,Ola Svensson and Jakub Tarnawski,2017,https://doi.org/10.1109/FOCS.2017.70,https://ieee-focs.org/FOCS-2017-Papers/3464a696.pdf,FOCS 2017; main theorem and matching-polytope framework
Bipartite Matching is in NC,"Abhranil Chatterjee, Sumanta Ghosh, Rohit Gurjar, Roshan Raj, and Thomas Thierauf",2026,https://eccc.weizmann.ac.il/report/2026/100/,,"ECCC TR26-100, revision 2, 15 July 2026; search and weighted bipartite matching, weighted/search linear matroid intersection; June 15 revision corrected part of Theorem 5.2"
Maximum Matching and Related Problems in Catalytic Logspace,Srijan Chakraborty; Samir Datta; Aryan Kusre; Partha Mukhopadhyay; Amit Sinhababu,2026,https://eccc.weizmann.ac.il/report/2026/080/,,"Revision 1, 1 June; general matching construction in CLP, not an almost-linear time bound"
"Sublogarithmic Distributed Algorithms for Lovász Local Lemma, and the Complexity Hierarchy",Manuela Fischer; Mohsen Ghaffari,2017,https://arxiv.org/abs/1705.04840,https://arxiv.org/pdf/1705.04840,"§1.1, Chang–Pettie conjecture and its low-degree footnote; Theorem 1.1 and deterministic LLL discussion"
On the Locality of the Lovász Local Lemma,Peter Davies-Peck,2025,https://arxiv.org/abs/2502.11690,https://arxiv.org/pdf/2502.11690,"STOC 2025; Theorem 3: node-averaged LOCAL complexity, with a separate worst-case complexity; Theorems 4–5 concern other models"
Improved Distributed Algorithms for the Lovász Local Lemma and Edge Coloring,Peter Davies,2023,https://arxiv.org/abs/2208.08701,https://arxiv.org/pdf/2208.08701,"Preprint 2022; SODA 2023, 4273–4295; Theorems 2 and 19, and the polynomial-slack regime"
A Lower Bound for the Distributed Lovász Local Lemma,Sebastian Brandt; Orr Fischer; Juho Hirvonen; Barbara Keller; Tuomo Lempiäinen; Joel Rybicki; Jukka Suomela; Jara Uitto,2016,https://jukkasuomela.fi/lll-lb/,https://arxiv.org/pdf/1511.00900,STOC 2016; sinkless-orientation lower bound and transfer to LLL; keep the criterion hypotheses of the transfer theorem
Triangle-Free Coloring in LOCAL via Resilient Lovász Local Lemma,Peter Davies-Peck; Xusheng Zhang,2026,https://arxiv.org/abs/2608.13357,https://arxiv.org/pdf/2608.13357,"Posted 13 August; manuscript 14 August 2026; §§1.3, 2.2 and 6.1 distinguish bounded degree, resilient applications and general LLL"
Polylogarithmic time algorithms for shortest path forests in programmable matter,Andreas Padalkin; Christian Scheideler,2026,https://link.springer.com/article/10.1007/s00446-026-00505-2,,"Published 18 April 2026; §1.2 related work summarizes CONGEST bounds. Its own theorems concern the geometric amoebot model with reconfigurable circuits, not this card’s network model"
Single-source shortest paths in the CONGEST model with improved bounds,Shiri Chechik; Doron Mukhtar,2022,https://link.springer.com/article/10.1007/s00446-021-00412-8,,"PODC 2020 precursor; Distributed Computing 35(4), 357–374; abstract: Õ(√n D^{1/4}+D) exact randomized bound"
Parallel Exact Shortest Paths in Almost Linear Work and Square Root Depth,Nairen Cao; Jeremy T. Fineman,2023,https://nairenc.github.io/nairenc_files/parallelexactsspsqrt.pdf,https://nairenc.github.io/nairenc_files/parallelexactsspsqrt.pdf,"SODA 2023, 4354–4372; Theorem 1.3 and §5.2: Õ((n^{2/5+o(1)}D^{2/5}+√n+D) log W) CONGEST exact-distance bound"
Distributed Verification and Hardness of Distributed Approximation,Atish Das Sarma; Stephan Holzer; Liah Kor; Amos Korman; Danupon Nanongkai; Gopal Pandurangan; David Peleg; Roger Wattenhofer,2012,https://arxiv.org/abs/1011.3049,https://arxiv.org/pdf/1011.3049,"STOC 2011; SIAM Journal on Computing 41(5), 1235–1265; randomized lower bounds and §7 s-source distance reduction, with bandwidth/logarithmic factors"
Undirected \((1+\varepsilon )\)-Shortest Paths via Minor-Aggregates: Near-Optimal Deterministic Parallel & Distributed Algorithms,Václav Rozhoň; Christoph Grunau; D. Ellis Hershkowitz; Bernhard Haeupler; Jason Li,2022,https://arxiv.org/abs/2204.05874,,STOC 2022; approximation guarantees and dependence on ε; this is not exact SSSP
On the Power of the Congested Clique Model,"Andrew Drucker, Fabian Kuhn and Rotem Oshman",2014,https://people.csail.mit.edu/andyd/cong_clique_podc14.pdf,https://people.csail.mit.edu/andyd/cong_clique_podc14.pdf,"PODC 2014, DOI 10.1145/2611462.2611493. Full introduction and circuit-simulation discussion: unicast versus broadcast, logarithmic bandwidth and explicit-lower-bound barriers."
Towards a complexity theory for the congested clique,Janne H. Korhonen and Jukka Suomela,2018,https://jukkasuomela.fi/doc/clique-complexity.pdf,https://jukkasuomela.fi/doc/clique-complexity.pdf,"Full author PDF, arXiv:1705.03284v3, 24 April 2018; §3 model and §4 Theorem 2. Node-labeled graph predicates need not be isomorphism-invariant; time-hierarchy construction does not establish centralized polynomial time."
What Can We Compute in a Single Round of the Congested Clique?,Peter Robinson,2023,https://arxiv.org/abs/2210.02638v4,,"PODC 2023; revision 4, 31 January 2024 abstract. One-round MST algorithms require Ω(log³ n) link bandwidth, hence at least two rounds with O(log n) messages; a constant lower bound and a multi-edge output task."
Parallel Reachability and Shortest Paths on Non-Sparse Digraphs: Near-Linear Work and Sub-Square-Root Depth,"Vikrant Ashvinkumar, Aaron Bernstein, Maximilian Probst Gutenberg, and Thatchaphol Saranurak",2026,https://doi.org/10.4230/LIPIcs.ICALP.2026.15,,Introduction and Theorem 1
Õ(1)-Depth Parallel Reachability Faster than Transitive Closure,Shimon Kogan and Merav Parter,2026,https://arxiv.org/abs/2608.13231,,"Theorem 1.1; August 2026 preprint, accepted at FOCS 2026"
A random NC algorithm for depth first search,A. Aggarwal; R. J. Anderson,1988,https://doi.org/10.1007/BF02122548,,"Combinatorica 8(1), pp. 1–12 (1988). Direct publisher access failed; the randomized NC result is explicitly described in Chauhan, Datta and Praveen (2025), Section 1, reference [1]."
Wikipedia: Depth-first search,Wikipedia contributors,,https://en.wikipedia.org/wiki/Depth-first_search,,Discovery source; retrieved 2026-09-11. Evidence locator: deterministic parallel algorithm
Wikipedia revision used for discovery,Wikipedia contributors,,https://en.wikipedia.org/w/index.php?oldid=1363174330,,Revision timestamp: 2026-07-08T14:39:37Z
Parallel Complexity of Depth-First-Search and Maximal Path in Restricted Graph Classes,Archit Chauhan; Samir Datta; M. Praveen,2025,https://drops.dagstuhl.de/entities/document/10.4230/LIPIcs.FSTTCS.2025.23,https://arxiv.org/pdf/2506.14974v2,"FSTTCS 2025, volume 360, article 23, published 9 December 2025. Full introduction, Theorem 1 and circuit definitions in Section 2 read in arXiv version 2 (7 October 2025); published abstract and metadata checked. General deterministic NC remains open in this source."
Nearly Work-Efficient Parallel DFS in Undirected Graphs,Mohsen Ghaffari; Christoph Grunau; Jiahao Qu,2023,https://arxiv.org/abs/2304.09774,,"Abstract states depth Õ(√n) and work Õ(m+n); the 2025 paper explicitly identifies this algorithm as randomized. Abstract and later paper’s statement checked, not the proof."
Open problems related to locality in distributed graph algorithms,Jukka Suomela,2026,https://jukkasuomela.fi/open/#quantum-local,,"Updated 23 February 2026; Coloring cycles, sub-log-star and constant-round questions"
Locality in Distributed Graph Algorithms,Nathan Linial,1992,https://doi.org/10.1137/0221015,,"SIAM Journal on Computing 21(1), 193–201; cycle-coloring lower bound and matching prior upper bound. Randomized lower bound is cited separately below."
A Lower Bound on Probabilistic Algorithms for Distributive Ring Coloring,Moni Naor,1991,https://doi.org/10.1137/0404036,,"SIAM Journal on Discrete Mathematics 4(3), 409–412; randomized ring-coloring lower bound"
Finitely Dependent Coloring,Alexander E. Holroyd; Thomas M. Liggett,2016,https://doi.org/10.1017/fmp.2016.7,,"Forum of Mathematics, Pi 4, e9; finite-dependence constructions; the August 2026 paper discusses their cycle-coloring consequence"
No Distributed Quantum Advantage for 3-Coloring Rooted Trees and 2-Coloring Even Cycles,Pierre Fraigniaud; Frédéric Magniez; Isabella Ziccardi,2026,https://arxiv.org/abs/2607.04852v2,,11 July 2026; Section 1.1.1 explains why the growing-degree rooted-tree result does not give a bounded-degree or cycle lower bound
Distributed Quantum Algorithms Cannot Color Cycles with Probability 1,Xavier Coiteux-Roy; Maxime Flin; Carlos de Gois; Marc-Olivier Renou; Jukka Suomela; Isadora Veeren,2026,https://arxiv.org/abs/2608.11720v1,,"12 August 2026; Theorem 1, Table 1, and Section 1.4 Open Questions; finite-qubit anonymous quantum-PN, success exactly 1"
Breaking Barriers for Distributed MIS by Faster Degree Reduction,Seri Khoury and Aaron Schild,2025,https://arxiv.org/abs/2505.15652,,"Introduction, Open Question 1 and Theorem 1"
An Improved Distributed Algorithm for Maximal Independent Set,Mohsen Ghaffari,2016,https://arxiv.org/abs/1506.05093,,SODA 2016; local-complexity theorem and global consequence
Round Elimination via Self-Reduction: Closing Gaps for Distributed Maximal Matching,Seri Khoury and Aaron Schild,2025,https://arxiv.org/abs/2505.15654,,Introduction and Theorem 1
"\(O(1)\)-Round MPC Algorithms for Multi-Dimensional Grid Graph Connectivity, Euclidean MST and DBSCAN","Junhao Gan, Anthony Wirth, and Zhuo Zhang",2025,https://doi.org/10.4230/LIPIcs.ICDT.2025.7,,"Introduction, p. 7:2: precise 2-CYCLE conjecture"
Equivalence classes and conditional hardness in massively parallel computations,Danupon Nanongkai and Michele Scquizzato,2022,https://doi.org/10.1007/s00446-021-00418-2,,Model definition and equivalence theorems
"Near-Optimal Deterministic Network Decomposition and Ruling Set, and Improved MIS",Mohsen Ghaffari and Christoph Grunau,2024,https://arxiv.org/abs/2410.19516,,FOCS 2024; Section 1.4 and Theorem 1.3
Lower Bounds for Maximal Matchings and Maximal Independent Sets,"Alkida Balliu, Sebastian Brandt, Juho Hirvonen, Dennis Olivetti, Mikaël Rabie, and Jukka Suomela",2019,https://arxiv.org/abs/1901.02441,,FOCS 2019; deterministic corollary
Polylogarithmic-Time Deterministic Network Decomposition and Distributed Derandomization,Václav Rozhoň and Mohsen Ghaffari,2020,https://arxiv.org/abs/1907.10937,,STOC 2020; main theorem and MIS consequence
Faster Distributed Delta-Coloring via a Reduction to MIS,"Yann Bourreau, Sebastian Brandt, and Alexandre Nolin",2026,https://doi.org/10.1137/1.9781611978971.162,,Introduction: existing Delta+1-coloring bound
Sublinear.info,D. Sivakumar,2006,https://sublinear.info/index.php?title=Open_Problems:19,,Problem 19
Seeing Far vs. Seeing Wide: Volume Complexity of Local Graph Problems,Will Rosenbaum; Jukka Suomela,2020,https://arxiv.org/abs/1907.08160v2,,"17 February 2020; PODC 2020; Sections 1 and 2, connected deterministic volume model"
The randomized local computation complexity of the Lovász local lemma,Sebastian Brandt; Christoph Grunau; Václav Rozhoň,2021,https://arxiv.org/abs/2103.16251v2,,Revision 3 December 2021; abstract and main lower-bound/speedup results
The Landscape of Distributed Complexities on Trees and Beyond,Christoph Grunau; Václav Rozhoň; Sebastian Brandt,2022,https://arxiv.org/abs/2202.04724v2,,"PODC 2022; Section 1.3, contribution concerning VOLUME"
Open problems related to locality in distributed graph algorithms,Jukka Suomela,2026,https://jukkasuomela.fi/open/#volume,,"Updated 23 February 2026; VOLUME model, Maximal matching"
New Complexity Classes in Locally Checkable Labeling for Local Computation Algorithms,Sijin Peng,2026,https://arxiv.org/abs/2607.09626v1,,10 July 2026; Section 1.1 distinguishes the open deterministic gap from Theorems 1–2 for randomized algorithms
Timed Prediction Problem for Sandpile Models,Pablo Concha-Vega; Kévin Perrot,2025,https://arxiv.org/abs/2506.21084v1,,"Section 2: finite stable configurations on Z^2 and N-PRED, distinct from N-TIMED-PRED"
The Computational Complexity of Sandpiles,Cristopher Moore; Martin Nilsson,1999,https://arxiv.org/abs/cond-mat/9808183,,Journal of Statistical Physics 96:205–224; preprint 1998; dimension-dependent prediction bounds
Non-Uniform and Weighted Crossing Gates in Two-Dimensional Sandpiles,Pablo Concha-Vega; Antonin Loubière; Kévin Perrot,2026,https://arxiv.org/abs/2606.26943v1,,"Version 1, 25 June 2026; abstract and introduction distinguish unresolved planar prediction from weighted/nonuniform extensions"
Sublinear.info,Sudipto Guha and Piotr Indyk,2006,https://sublinear.info/index.php?title=Open_Problems:5,,Problem 5
Adaptive and Scalable Data Structures (Dagstuhl Seminar 25191),Gonzalo Navarro (problem contributor),2025,https://doi.org/10.4230/DagRep.15.5.1,,Section 5.9
On the Power of the Congested Clique Model,Andrew Drucker; Fabian Kuhn; Rotem Oshman,2014,https://www.cs.tau.ac.il/~roshman/papers/podc14_clique.pdf,,PODC 2014; model definitions and circuit-simulation results
Truly Tight-in-\(\Delta\) Bounds for Bipartite Maximal Matching and Variants,Sebastian Brandt; Dennis Olivetti,2020,https://arxiv.org/abs/2002.08216v1,,"19 February 2020; PODC 2020; introduction, supplied two-coloring, and LOCAL lower bounds. Exact additive constants in anonymous round models are not claimed for VOLUME."
SIGACT Open Problems Column,Noah G. Singer,2025,https://www.cs.umd.edu/~gasarch/open/streamapprox.pdf,,Conjecture 5
Distributed Subgraph Finding — ADGA 2025,Keren Censor-Hillel,2025,https://adga-workshop.org/2025/keren.pdf,,Slides 46–50: triangles in CONGEST
Distributed Triangle Detection is Hard in Few Rounds,Sepehr Assadi; Janani Sundaresan,2025,https://arxiv.org/abs/2504.01802,https://arxiv.org/pdf/2504.01802v2,"First submitted 2 April 2025; v2, 13 August 2025. Introduction, Result 1; Section 2.2, communication model; Theorem 1. The Ω(log log n) lower bound concerns deterministic and randomized CONGEST detection, not only listing."
Near-optimal Distributed Triangle Enumeration via Expander Decompositions,"Yi-Jun Chang, Seth Pettie, Thatchaphol Saranurak, and Hengjie Zhang",2021,https://doi.org/10.1145/3446330,,Main theorem; author manuscript https://par.nsf.gov/servlets/purl/10297722
Sublinear.info,Piotr Indyk,2009,https://sublinear.info/index.php?title=Open_Problems:24,,Problem 24
When MIS and Maximal Matching are Easy in the Congested Clique,"Keren Censor-Hillel, Tomer Even, Maxime Flin, and Magnús M. Halldórsson",2025,https://arxiv.org/abs/2502.21031,,"SIROCCO 2025; Introduction, Corollary 3.3 and Section 5"
"Improved Massively Parallel Computation Algorithms for MIS, Matching, and Vertex Cover","Mohsen Ghaffari, Themis Gouleakis, Christian Konrad, Slobodan Mitrović, and Ronitt Rubinfeld",2018,https://arxiv.org/abs/1802.08237,,PODC 2018; MIS algorithm and Congested Clique implementation
Time and Space Optimal Massively Parallel Algorithm for the 2-Ruling Set Problem,"Mélanie Cambus, Fabian Kuhn, Shreyas Pai, and Jara Uitto",2023,https://doi.org/10.4230/LIPIcs.DISC.2023.11,,Abstract and main result
Sublinear.info,Andrew McGregor,2006,https://sublinear.info/index.php?title=Open_Problems:16,,Problem 16
Open problems related to locality in distributed graph algorithms,Jukka Suomela,2026,https://jukkasuomela.fi/open/#local,,Updated 23 February 2026; vertex coloring
Local Conflict Coloring Revisited: Linial for Lists,Yannic Maus and Tigran Tonoyan,2020,https://arxiv.org/abs/2007.15251,,DISC 2020; degree-plus-one list-coloring corollary
Sublinear.info,Grigory Yaroslavtsev,2017,https://sublinear.info/index.php?title=Open_Problems:78,,Problem 78
Sublinear.info,Martin Strauss,2012,https://sublinear.info/index.php?title=Open_Problems:51,,Problem 51
Sublinear.info,Andrew McGregor,2006,https://sublinear.info/index.php?title=Open_Problems:14,,Problem 14
Sublinear.info,Krzysztof Onak,2016,https://sublinear.info/index.php?title=Open_Problems:71,,Problem 71
Sublinear.info,Amit Chakrabarti,2011,https://sublinear.info/index.php?title=Open_Problems:44,,Problem 44
Sublinear.info,Rina Panigrahy,2009,https://sublinear.info/index.php?title=Open_Problems:22,,Problem 22
Sublinear.info,Graham Cormode,2006,https://sublinear.info/index.php?title=Open_Problems:3,,Problem 3
Sublinear.info,Sumit Ganguly,2006,https://sublinear.info/index.php?title=Open_Problems:4,,Problem 4
Sublinear.info,C. Seshadhri,2019,https://sublinear.info/index.php?title=Open_Problems:98,,Problem 98
Sublinear.info,Oliver Gebhard,2019,https://sublinear.info/index.php?title=Open_Problems:95,,Problem 95
Sublinear.info,Ely Porat,2009,https://sublinear.info/index.php?title=Open_Problems:33,,Problem 33
Sublinear.info,Yuichi Yoshida,2014,https://sublinear.info/index.php?title=Open_Problems:68,,Problem 68
Robust Predicate and Function Computation in Continuous Chemical Reaction Networks,"Calabrese, Kim; Doty, David; Latifi, Mina",2025,https://doi.org/10.4230/LIPIcs.DISC.2025.19,https://drops.dagstuhl.de/storage/00lipics/lipics-vol356-disc2025/LIPIcs.DISC.2025.19/LIPIcs.DISC.2025.19.pdf#page=15,Unresolved-question passage on page 15; PDF page 15
Local Certification of Geometric Graph Classes,"Defrain, Oscar; Esperet, Louis; Lagoutte, Aurélie; Morin, Pat; Raymond, Jean-Florent",2024,https://doi.org/10.4230/LIPIcs.MFCS.2024.48,https://drops.dagstuhl.de/storage/00lipics/lipics-vol306-mfcs2024/LIPIcs.MFCS.2024.48/LIPIcs.MFCS.2024.48.pdf#page=12,Unresolved-question passage on page 12; PDF page 12
List Defective Colorings: Distributed Algorithms and Applications,"Fuchs, Marc; Kuhn, Fabian",2023,https://doi.org/10.4230/LIPIcs.DISC.2023.22,https://drops.dagstuhl.de/storage/00lipics/lipics-vol281-disc2023/LIPIcs.DISC.2023.22/LIPIcs.DISC.2023.22.pdf#page=13,"DISC 2023, article 22: distributed model in Section 1, oriented-coloring definition and the complete question and footnote 3 on page 22:13 read. Target is proper O(β^{2−ε}) coloring in f(β)+O(log* n) rounds."
Greedy-Like Defective Coloring: Distributed Algorithms and Applications,"Marc Fuchs, Fabian Kuhn",2026,https://arxiv.org/abs/2608.02386,,"August 2026 preprint: communication model, Theorem 2.1 and “List Coloring with Bounded Outdegree” discussion read. Communication is bidirectional despite input orientations; new list guarantees still require quadratic-order lists in β."
Safe Permissionless Consensus,"Pu, Youer; Alvisi, Lorenzo; Eyal, Ittay",2022,https://doi.org/10.4230/LIPIcs.DISC.2022.33,https://drops.dagstuhl.de/storage/00lipics/lipics-vol246-disc2022/LIPIcs.DISC.2022.33/LIPIcs.DISC.2022.33.pdf#page=14,Unresolved-question passage on page 14; PDF page 14
Make Every Word Count: Adaptive Byzantine Agreement with Fewer Words,"Cohen, Shir; Keidar, Idit; Spiegelman, Alexander",2022,https://doi.org/10.4230/LIPIcs.OPODIS.2022.18,https://drops.dagstuhl.de/storage/00lipics/lipics-vol253-opodis2022/LIPIcs.OPODIS.2022.18/LIPIcs.OPODIS.2022.18.pdf#page=15,Unresolved-question passage on page 15; PDF page 15
Sampling Arborescences in Parallel,"Anari, Nima; Hu, Nathan; Saberi, Amin; Schild, Aaron",2021,https://doi.org/10.4230/LIPIcs.ITCS.2021.83,https://drops.dagstuhl.de/storage/00lipics/lipics-vol185-itcs2021/LIPIcs.ITCS.2021.83/LIPIcs.ITCS.2021.83.pdf#page=16,Unresolved-question passage on page 16; PDF page 16
Succinct Population Protocols for Presburger Arithmetic,"Blondin, Michael; Esparza, Javier; Genest, Blaise; Helfrich, Martin; Jaax, Stefan",2020,https://doi.org/10.4230/LIPIcs.STACS.2020.40,https://drops.dagstuhl.de/storage/00lipics/lipics-vol154-stacs2020/LIPIcs.STACS.2020.40/LIPIcs.STACS.2020.40.pdf#page=14,Unresolved-question passage on page 14; PDF page 14
Kernelizing the Hitting Set Problem in Linear Sequential and Constant Parallel Time,"Bannach, Max; Skambath, Malte; Tantau, Till",2020,https://doi.org/10.4230/LIPIcs.SWAT.2020.9,https://drops.dagstuhl.de/storage/00lipics/lipics-vol162-swat2020/LIPIcs.SWAT.2020.9/LIPIcs.SWAT.2020.9.pdf#page=14,Unresolved-question passage on page 14; PDF page 14
Relaxed Queues and Stacks from Read/Write Operations,"Castañeda, Armando; Rajsbaum, Sergio; Raynal, Michel",2020,https://doi.org/10.4230/LIPIcs.OPODIS.2020.13,https://drops.dagstuhl.de/storage/00lipics/lipics-vol184-opodis2020/LIPIcs.OPODIS.2020.13/LIPIcs.OPODIS.2020.13.pdf#page=16,"Section 1, longstanding exact queue question; Section 2, model; Section 6, Common₂ interpretation; Section 7, final question."
Nontrivial and Universal Helping for Wait-Free Queues and Stacks,Hagit Attiya; Armando Castañeda; Danny Hendler,2015,https://doi.org/10.4230/LIPIcs.OPODIS.2015.31,,"Introduction, p. 31:2: the Common₂ question as implementation from Test&Set for every n≥3; Section 2, progress and queue definitions."
"Set-Linearizable Implementations from Read/Write Operations: Sets, Fetch &Increment, Stacks and Queues with Multiplicity",Armando Castañeda; Sergio Rajsbaum; Michel Raynal,2023,https://doi.org/10.1007/s00446-022-00440-y,,"Published online 7 December 2022; Distributed Computing 36:89–106; abstract and footnote 7, exact queue question still open."
Impossibility Results for Strong Linearizability: The Difficulty of Consistent Refereeing,Hagit Attiya; Armando Castañeda; Constantin Enea,2026,https://doi.org/10.1145/3796701.3815906,https://arxiv.org/pdf/2506.18401v3,"PODC 2026; arXiv v3, 10 June 2026: Theorem 1 and Corollary 12, strongly linearizable queue impossibility."
On Deterministic Linearizable Set Agreement Objects,"de Azevedo Piovezan, Felipe; Hadzilacos, Vassos; Toueg, Sam",2020,https://doi.org/10.4230/LIPIcs.OPODIS.2019.16,https://drops.dagstuhl.de/storage/00lipics/lipics-vol153-opodis2019/LIPIcs.OPODIS.2019.16/LIPIcs.OPODIS.2019.16.pdf#page=14,"OPODIS 2019 proceedings, published 11 February 2020; Section 2 Definitions 1–8, Theorems 19, 29–32, Sections 6–7."
On the Number of Objects with Distinct Power and the Linearizability of Set Agreement Objects,David Yu Cheng Chan; Vassos Hadzilacos; Sam Toueg,2017,https://doi.org/10.4230/LIPIcs.DISC.2017.12,https://drops.dagstuhl.de/storage/00lipics/lipics-vol091-disc2017/LIPIcs.DISC.2017.12/LIPIcs.DISC.2017.12.pdf,Introduction footnote 1 fixes wait freedom; Section 2 defines implementation power; Section 4 defines ports and proves task/object equivalence in Theorem 18.
Life beyond set agreement,David Yu Cheng Chan; Vassos Hadzilacos; Sam Toueg,2020,https://doi.org/10.1007/s00446-020-00372-5,,"Distributed Computing 33, 255–277, published 21 April 2020; publisher abstract and model notes checked. Existential separation at each consensus level, not the universal DLSA conjecture."
New Distributed Algorithms in Almost Mixing Time via Transformations from Parallel Algorithms,"Ghaffari, Mohsen; Li, Jason",2018,https://doi.org/10.4230/LIPIcs.DISC.2018.31,https://drops.dagstuhl.de/storage/00lipics/lipics-vol121-disc2018/LIPIcs.DISC.2018.31/LIPIcs.DISC.2018.31.pdf#page=13,Unresolved-question passage on page 13; PDF page 13
Bipartite Perfect Matching in Pseudo-Deterministic NC,"Goldwasser, Shafi; Grossman, Ofer",2017,https://doi.org/10.4230/LIPIcs.ICALP.2017.87,https://drops.dagstuhl.de/storage/00lipics/lipics-vol080-icalp2017/LIPIcs.ICALP.2017.87/LIPIcs.ICALP.2017.87.pdf#page=12,"Definition 2, page 87:8; concluding polynomial-time search questions, page 87:12. This card explicitly selects the prime-generation question."
Symmetry Breaking in the Congest Model: Time- and Message-Efficient Algorithms for Ruling Sets,"Pai, Shreyas; Pandurangan, Gopal; Pemmaraju, Sriram V.; Riaz, Talal; Robinson, Peter",2017,https://doi.org/10.4230/LIPIcs.DISC.2017.38,https://drops.dagstuhl.de/storage/00lipics/lipics-vol091-disc2017/LIPIcs.DISC.2017.38/LIPIcs.DISC.2017.38.pdf#page=13,Unresolved-question passage on page 13; PDF page 13
Deterministic Subgraph Detection in Broadcast CONGEST,"Korhonen, Janne H.; Rybicki, Joel",2017,https://doi.org/10.4230/LIPIcs.OPODIS.2017.4,https://drops.dagstuhl.de/storage/00lipics/lipics-vol095-opodis2017/LIPIcs.OPODIS.2017.4/LIPIcs.OPODIS.2017.4.pdf#page=14,Unresolved-question passage on page 14; PDF page 14
Lower Bounds for Subgraph Detection in the CONGEST Model,"Gonen, Tzlil; Oshman, Rotem",2017,https://doi.org/10.4230/LIPIcs.OPODIS.2017.6,https://drops.dagstuhl.de/storage/00lipics/lipics-vol095-opodis2017/LIPIcs.OPODIS.2017.6/LIPIcs.OPODIS.2017.6.pdf#page=15,"Introduction: fixed patterns and block decomposition; Section 2: CONGEST; Section 5, page 6:15: subpolynomial detection question. Definitions 1 and 2 have output-polarity and connectivity wording inconsistent with the surrounding standard detection discussion; see review note."
Distributed Subgraph Finding: Progress and Challenges,Keren Censor-Hillel,2025,https://arxiv.org/abs/2203.06597,https://arxiv.org/pdf/2203.06597v5,"Revision v5 submitted 27 August 2025, with internal changelog labeled September 2025. Section 1 defines detection versus listing and unanimous output; Section 2, Open Problem 2.2, retains triangle detection; Section 4 discusses other subgraphs. Original survey ICALP 2021."
Faster Deterministic Communication in Radio Networks,"Czumaj, Artur; Davies, Peter",2016,https://doi.org/10.4230/LIPIcs.ICALP.2016.139,https://drops.dagstuhl.de/storage/00lipics/lipics-vol055-icalp2016/LIPIcs.ICALP.2016.139/LIPIcs.ICALP.2016.139.pdf#page=13,Unresolved-question passage on page 13; PDF page 13
Parallel \((1+e)\)-Approximate Multi-Commodity Min-Cost Flow in Almost Optimal Depth and Work,"Bernhard Haeupler (University of Sofia ""St. Kliment Ohridski"" and ETH Zürich), Yonggang Jiang (MPI-INF and Saarland University), Yaowei Long (University of Michigan), Thatchaphol Saranurak (University of Michigan), Shengzhe Wang (ETH Zürich)",2025,https://doi.org/10.1109/FOCS63196.2025.00099,https://ieee-focs.org/FOCS-2025-Papers/pdfs/FOCS2025-4pLZMZRP5BPG9n0GSua5T9/713200b886/713200b886.pdf#page=9,Open Problem 1
The Impossibility of Approximate Agreement on a Larger Class of Graphs,"Liu, Shihao",2022,https://doi.org/10.4230/LIPIcs.OPODIS.2022.22,https://drops.dagstuhl.de/storage/00lipics/lipics-vol253-opodis2022/LIPIcs.OPODIS.2022.22/LIPIcs.OPODIS.2022.22.pdf#page=2,Explicit open question on PDF page 2
New Characterizations in Turnstile Streams with Applications,"Ai, Yuqing; Hu, Wei; Li, Yi; Woodruff, David P.",2016,https://doi.org/10.4230/LIPIcs.CCC.2016.20,https://drops.dagstuhl.de/storage/00lipics/lipics-vol050-ccc2016/LIPIcs.CCC.2016.20/LIPIcs.CCC.2016.20.pdf#page=2,Explicit open question on PDF page 2
Streaming Complexity of Spanning Tree Computation,"Chang, Yi-Jun; Farach-Colton, Martín; Hsu, Tsan-Sheng; Tsai, Meng-Tsung",2020,https://doi.org/10.4230/LIPIcs.STACS.2020.34,https://drops.dagstuhl.de/storage/00lipics/lipics-vol154-stacs2020/LIPIcs.STACS.2020.34/LIPIcs.STACS.2020.34.pdf#page=1,Explicit open question on PDF page 1
"Local Certification of Local Properties: Tight Bounds, Trade-Offs and New Parameters","Bousquet, Nicolas; Feuilloley, Laurent; Zeitoun, Sébastien",2024,https://doi.org/10.4230/LIPIcs.STACS.2024.21,https://drops.dagstuhl.de/storage/00lipics/lipics-vol289-stacs2024/LIPIcs.STACS.2024.21/LIPIcs.STACS.2024.21.pdf#page=3,Open problem 2
Quadratic and Near-Quadratic Lower Bounds for the CONGEST Model,"Censor-Hillel, Keren; Khoury, Seri; Paz, Ami",2017,https://doi.org/10.4230/LIPIcs.DISC.2017.10,https://drops.dagstuhl.de/storage/00lipics/lipics-vol091-disc2017/LIPIcs.DISC.2017.10/LIPIcs.DISC.2017.10.pdf#page=12,Unresolved-question passage on page 12
Locally Checkable Labelings with Small Messages,"Balliu, Alkida; Censor-Hillel, Keren; Maus, Yannic; Olivetti, Dennis; Suomela, Jukka",2021,https://doi.org/10.4230/LIPIcs.DISC.2021.8,https://drops.dagstuhl.de/storage/00lipics/lipics-vol209-disc2021/LIPIcs.DISC.2021.8/LIPIcs.DISC.2021.8.pdf#page=4,Explicit open question on PDF page 4
Detecting Cliques in CONGEST Networks,"Czumaj, Artur; Konrad, Christian",2018,https://doi.org/10.4230/LIPIcs.DISC.2018.16,https://drops.dagstuhl.de/storage/00lipics/lipics-vol121-disc2018/LIPIcs.DISC.2018.16/LIPIcs.DISC.2018.16.pdf#page=14,"Section 1, CONGEST model and local detection output; Theorem 5, lower bound; Section 4, p. 16:14, sublinear-round question with K₄ as the central case."
A Simple Parallel Algorithm for Natural Joins on Binary Relations,"Tao, Yufei",2020,https://doi.org/10.4230/LIPIcs.ICDT.2020.25,https://drops.dagstuhl.de/storage/00lipics/lipics-vol155-icdt2020/LIPIcs.ICDT.2020.25/LIPIcs.ICDT.2020.25.pdf#page=3,Explicit open question on PDF page 3
Tight Bounds For Distributed MST Verification,"Kor, Liah; Korman, Amos; Peleg, David",2011,https://doi.org/10.4230/LIPIcs.STACS.2011.69,https://drops.dagstuhl.de/storage/00lipics/lipics-vol009-stacs2011/LIPIcs.STACS.2011.69/LIPIcs.STACS.2011.69.pdf#page=2,Explicit open question on PDF page 2
Sketching as a Tool for Numerical Linear Algebra,David P. Woodruff,2015,https://arxiv.org/abs/1411.4357,https://arxiv.org/pdf/1411.4357#page=20,"§2, sparse embedding conjecture; PDF page 20"
Distributed Model Checking on Graphs of Bounded Treedepth,"Fomin, Fedor V.; Fraigniaud, Pierre; Montealegre, Pedro; Rapaport, Ivan; Todinca, Ioan",2024,https://doi.org/10.4230/LIPIcs.DISC.2024.25,https://drops.dagstuhl.de/storage/00lipics/lipics-vol319-disc2024/LIPIcs.DISC.2024.25/LIPIcs.DISC.2024.25.pdf#page=16,"DISC 2024, article 25: CONGEST and FO conventions, bounded-expansion discussion and the final question on PDF p. 16 read. It restates the Nešetřil–Ossona de Mendez local-FO vertex-marking question."
What Can Be Computed Locally Revisited — First-Order Logic on Sparse Graphs in Distributed Computing,"Lélia Blin, Fedor V. Fomin, Pierre Fraigniaud, Sylvain Gay, Petr A. Golovach, Pedro Montealegre, Ivan Rapaport, Ioan Todinca",2026,https://arxiv.org/abs/2411.14825v3,,"Version 3, 4 February 2026: Question 1.3, Theorems 1.4 and 4.1, Section 3.3 expansion convention and initial-information assumptions read. Theorem 4.1 explicitly supplies deterministic simultaneous vertex marking in O(log n) CONGEST rounds."
What Can Be Computed Locally Revisited: First-Order Logic on Sparse Graphs in Distributed Computing — STOC publication,"Lélia Blin, Fedor V. Fomin, Pierre Fraigniaud, Sylvain Gay, Petr A. Golovach, Pedro Montealegre, Ivan Rapaport, Ioan Todinca",2026,https://doi.org/10.1145/3798129.3800849,,"STOC 2026, pp. 1397–1408. Official accepted-paper list and author-institution publication record checked; full theorem read in reference solution."
Robustly Self-Ordered Graphs: Constructions and Applications to Property Testing,"Goldreich, Oded; Wigderson, Avi",2021,https://doi.org/10.4230/LIPIcs.CCC.2021.12,https://drops.dagstuhl.de/storage/00lipics/lipics-vol200-ccc2021/LIPIcs.CCC.2021.12/LIPIcs.CCC.2021.12.pdf#page=64,"Section 4.4 (local self-ordering), Section 8.3 and footnote 45 on p. 12:64. The harvested preceding sentence belongs to footnote 44 and is not the open problem."
Robust Self-Ordering versus Local Self-Ordering,Oded Goldreich,2025,https://www.wisdom.weizmann.ac.il/~oded/COL3/rso-vs-lso.pdf,,"Complete author revision, 7 February 2025: Definitions 1.1–1.2, Theorem 1.6, Corollary 1.7, and Section 2.4 (Theorem 2.10 and Claims 2.10.2–2.10.3). Published in Computational Complexity and Local Algorithms, pp. 237–281 (2025), DOI 10.1007/978-3-031-88946-2_14."
Robust Self-Ordering versus Local Self-Ordering — author page,Oded Goldreich,,https://www.wisdom.weizmann.ac.il/~oded/p_rso-lso.html,,"Version history: March 2021, June 2022, December 2022, February 2025; checked 12 September 2026. The February 2025 change to Conjecture 3.5 is a separate bounded-degree issue."
Computational Complexity and Local Algorithms,Oded Goldreich,2025,https://link.springer.com/book/10.1007/978-3-031-88946-2,,"Publisher table of contents: Robust Self-ordering Versus Local Self-ordering, pp. 237–281. Publication metadata checked; theorem details checked in the complete author revision."
Tight Distributed Listing of Cliques,Keren Censor-Hillel; Yi-Jun Chang; François Le Gall; Dean Leitersdorf,2021,https://doi.org/10.1137/1.9781611976465.171,https://arxiv.org/pdf/2011.07405,"SODA 2021, pp. 2878–2891; full arXiv v1 submitted 14 November 2020, Section 1.2, Theorem 1.1. Explicitly matches the source’s K₄ detection lower bound."
Deterministic Near-Optimal Distributed Listing of Cliques,Keren Censor-Hillel; Dean Leitersdorf; David Vulakh,2022,https://doi.org/10.1145/3519270.3538434,https://arxiv.org/pdf/2205.09245,"PODC 2022, pp. 271–280; full arXiv v1 submitted 18 May 2022, Theorem 1, fixed p≥3."
Problem 8: Linear Programming: Strongly Polynomial?,The Open Problems Project; problem attributed to Nimrod Megiddo,2010,https://topp.openproblem.net/p8,,Statement and historical results; entry last revised 12 March 2010
A Strongly Polynomial Algorithm to Solve Combinatorial Linear Programs,Éva Tardos,1986,https://doi.org/10.1287/opre.34.2.250,,"Operations Research 34(2), 250–256"
A strongly polynomial algorithm for linear programs with at most two non-zero entries per row or column,Daniel Dadush; Zhuan Khye Koh; Bento Natura; Neil Olver; László A. Végh,2024,https://homepages.cwi.nl/~dadush/papers/genflow.pdf,,"Author manuscript, Theorem 1.1 and Section 1.3 on computation models; STOC 2024 DOI 10.1145/3618260.3649764"
No self-concordant barrier interior point method is strongly polynomial,Xavier Allamigeon; Stéphane Gaubert; Nicolas Vandame,2022,https://arxiv.org/abs/2201.02186,,STOC 2022; lower bounds for the specified path-following framework
Trust Region Interior Point Methods: Optimal l2- and Faster Wide-Neighborhood Path Following,Daniel Dadush; Haoyuan Ma; Bento Natura; László A. Végh,2026,https://homepages.cwi.nl/~dadush/papers/trust-region.pdf,,Abstract and Section 1; STOC 2026 DOI 10.1145/3798129.3800790
A strongly polynomial-time algorithm for the general linear programming problem,Samuel Awoniyi,2026,https://arxiv.org/abs/2503.12041v10,,"Unverified claim; version 10, 4 July 2026, Sections 4, 6, and 7; originally submitted March 2025"
An exact duality theory for semidefinite programming and its complexity implications,Motakuri Venkata Ramana,1997,https://link.springer.com/article/10.1007/BF02614433,,Mathematical Programming 77:129–162; exact alternatives and distinct Turing/real-machine complexity conclusions
On the Turing Model Complexity of Interior Point Methods for Semidefinite Programming,Etienne de Klerk; Frank Vallentin,2016,https://epubs.siam.org/doi/10.1137/15M103114X,,"SIAM Journal on Optimization 26(3):1944–1961; approximation with controlled intermediate bit lengths, under assumptions"
Exact algorithms for semidefinite programs with degenerate feasible set,Didier Henrion; Simone Naldi; Mohab Safey El Din,2021,https://www.sciencedirect.com/science/article/pii/S0747717120301176,,Journal of Symbolic Computation 104:942–959; DOI 10.1016/j.jsc.2020.11.001; ISSAC 2018 precursor/arXiv:1802.02834; §1.2 generic objectives and arithmetic-complexity qualifications
How Do Exponential Size Solutions Arise in Semidefinite Programming?,Gábor Pataki; Aleksandr Touzov,2024,https://epubs.siam.org/doi/10.1137/21M1434945,,"SIAM Journal on Optimization 34(1), published 8 March 2024; full preprint arXiv:2103.00041v2, 26 July 2023"
A combinatorial approach to Ramana’s exact dual for semidefinite programming,Gábor Pataki,2025,https://arxiv.org/abs/2510.07271,,"Preprint v1, 8 October 2025; §1.2 and §2.6 exact alternative systems"
Hesse’s Redemption: Efficient Convex Polynomial Programming,Lucas Slot; David Steurer; Manuel Wiedmer,2026,https://arxiv.org/abs/2511.03440,,"STOC 2026, 410–419; DOI 10.1145/3798129.3800760; preprint v1, 5 November 2025; approximate minimization over a polyhedron, with explicit contrast to SDP"
Combinatorial Optimization: Polyhedra and Efficiency,Alexander Schrijver,2003,https://homepages.cwi.nl/~lex/co/,,"Volume C, Survey Question 34; background in Section 56.1 on packing directed-cut covers"
Testing the max-flow min-cut property and the replication conjecture,Ahmad Abdi; Tamás Schwarcz,2026,https://arxiv.org/abs/2606.16543v2,,"Version 2 uploaded 9 July 2026, manuscript dated 10 July; abstract, Section 1, and Conjecture 1"
Solving Sparse Linear Systems Faster than Matrix Multiplication,Richard Peng; Santosh Vempala,2021,https://arxiv.org/abs/2007.10254,,"SODA 2021, pp. 504–521, DOI 10.1137/1.9781611976465.31; preprint v2, 7 January 2021; finite-precision block Krylov solver; expanded JACM 2025 version DOI 10.1145/3767721"
"Nearly Linear Time Algorithms for Preconditioning and Solving Symmetric, Diagonally Dominant Linear Systems",Daniel A. Spielman; Shang-Hua Teng,2014,https://epubs.siam.org/doi/10.1137/090771430,,"SIAM Journal on Matrix Analysis and Applications 35(3); arXiv:cs/0607105; energy-norm approximation, with STOC 2004 precursor"
Matrix anti-concentration inequalities with applications,Zipei Nie,2022,https://arxiv.org/abs/2111.05553,,"STOC 2022; preprint v2, 2 December 2021; §1.4, Theorem 1.10 and subsequent solver analysis"
Hardness Results for Laplacians of Simplicial Complexes via Sparse-Linear Equation Complete Gadgets,Ming Ding; Rasmus Kyng; Maximilian Probst Gutenberg; Peng Zhang,2022,https://drops.dagstuhl.de/entities/document/10.4230/LIPIcs.ICALP.2022.53,,"ICALP 2022, 53:1–53:19, published 28 June; reduction preserves sparse-instance complexity and high accuracy"
Linear Systems and Eigenvalue Problems: Open Questions from a Simons Workshop,Noah Amsel; Yves Baumann; Paul Beckman; Peter Bürgisser; Chris Camaño; Tyler Chen; Edmond Chow; Anil Damle; Michal Derezinski; Mark Embree; Ethan N. Epperly; Robert Falgout; Mark Fornace; Anne Greenbaum; Chen Greif; Diana Halikias; Zhen Huang; Elias Jarlebring; Yiannis Koutis; Daniel Kressner; Rasmus Kyng; Jörg Liesen; Jackie Lok; Raphael A. Meyer; Yuji Nakatsukasa; Kate Pearce; Richard Peng; David Persson; Eliza Rebrova; Ryan Schneider; Rikhav Shah; Edgar Solomonik; Nikhil Srivastava; Alex Townsend; Robert J. Webber; Jess Williams,2026,https://arxiv.org/abs/2602.05394,,"Version 3, 21 August 2026; §2.1 broader scalable solver classes, §2.5 preconditioning and §2.6 finite-precision Krylov methods"
Logarithmic energy for zeros of random polynomials,Oren Yakir; joint work with Marcus Michelen,2023,https://www.lebesgue.fr/sites/default/files/inline-files/Yakir.pdf,https://www.lebesgue.fr/sites/default/files/inline-files/Yakir.pdf,"Rennes talk, June 2023; slides 2–7: problem, asymptotic energy and fluctuations"
Mathematical Problems for the Next Century,Steve Smale,1998,https://www.fim.uni-passau.de/fileadmin/dokumente/fakultaeten/fim/lehrstuhl/muller/SmaleProblems1998.pdf,,Problem 7; real-number computation model and logarithmic excess energy.
Energy of the Coulomb gas on the sphere at low temperature,Carlos Beltrán; Adrien Hardy,2018,https://arxiv.org/abs/1803.11018,,Theorem 1.1 and Corollary 1.2; distinction between a distributional theorem and polynomial-time sampling
Low energy points on the sphere and the real projective plane,Carlos Beltrán; Ujué Etayo; Pedro R. López-Gómez,2023,https://arxiv.org/abs/2206.08086,,"2022 preprint, Journal of Complexity 2023, DOI 10.1016/j.jco.2023.101742; Theorem 1.1"
Fluctuations in the logarithmic energy for zeros of random polynomials on the sphere,Marcus Michelen; Oren Yakir,2024,https://arxiv.org/abs/2304.02898v2,,"Version 2, 10 October 2024; introduction and central limit theorem"
Characterization of Logarithmic Fekete Critical Configurations of at Most Six Points in All Dimensions,Diego Armentano; Leandro Bentancur; Federico Carrasco; Marcelo Fiori; Matías Valdés; Mauricio Velasco,2026,https://arxiv.org/abs/2502.10152v3,,"22 March 2026 revision, Journal of Symbolic Computation DOI 10.1016/j.jsc.2026.102570; exact small-cardinality results and restricted seven-point case"
Smoothed Analysis of Algorithms: Why the Simplex Algorithm Usually Takes Polynomial Time,Daniel A. Spielman; Shang-Hua Teng,2004,https://www.cs.yale.edu/homes/spielman/simplex/,,Journal of the ACM 51(3):385–463; DOI 10.1145/990308.990310; author page links full version and explains differences from STOC 2001
An unconditional lower bound for the active-set method on the hypercube,Yann Disser; Nils Mosis,2025,https://arxiv.org/abs/2502.18019,,"IPCO 2025; preprint v1, 25 February 2025; nonlinear polynomial objectives"
An Unconditional Lower Bound for the Active-Set Method in Convex Quadratic Maximization,Eleon Bach; Yann Disser; Sophie Huiberts; Nils Mosis,2026,https://epubs.siam.org/doi/10.1137/1.9781611978971.14,,"SODA 2026; full preprint arXiv:2507.16648v2, 22 October 2025; maximization of a convex quadratic, not a linear objective"
Lower Bounds for Ranking-Based Pivot Rules,Yann Disser; Georg Loho; Matthew Maat; Nils Mosis,2026,https://drops.dagstuhl.de/storage/00lipics/lipics-vol364-stacs2026/html/LIPIcs.STACS.2026.31/LIPIcs.STACS.2026.31.html,,"STACS 2026, 31:1–19; §2 simplex model, Theorems 1.1–1.2 information and memory restrictions"
On the number of degenerate simplex pivots,Kirill Kukharenko; Laura Sanità,2026,https://link.springer.com/article/10.1007/s10107-026-02349-x,,Mathematical Programming 216:757–791; published 23 March 2026; Theorem 1 and §2.1 legal improving pivots
Decoupling via Affine Spectral-Independence: Beck-Fiala and Komlós Bounds Beyond Banaszczyk,Nikhil Bansal; Haotian Jiang,2025,https://arxiv.org/abs/2508.03961,,Introduction and Beck–Fiala parameter ranges.
On the number of solutions to the complementarity problem and spanning properties of complementary cones,Katta G. Murty,1972,https://deepblue.lib.umich.edu/items/a1c9654c-7237-481d-b85a-799c7fae07a5,,Primary article abstract: uniqueness for every right-hand side iff principal minors are positive
A Polynomial-Time Algorithm for the Tridiagonal and Hessenberg P-Matrix Linear Complementarity Problem,Bernd Gärtner; Markus Sprecher,2011,https://arxiv.org/abs/1112.0217,,Polynomial algorithms for specified structured subclasses only
Activity Report 2025: Theory of Combinatorial Algorithms,ETH Zürich,2025,https://ti.inf.ethz.ch/ew/report/2025.html,,Unique-sink orientations section lists general P-matrix LCP in P as an open question
Online Beck--Fiala Down to Logarithmic Sparsity,Dylan J. Altschuler; Konstantin Tikhomirov,2026,https://arxiv.org/abs/2607.14238,,Abstract and sparsity assumptions.
A Brief History of Parameterized Algorithms for Block-Structured Integer Programs,Martin Koutecký,2025,https://drops.dagstuhl.de/storage/00lipics/lipics-vol358-ipec2025/html/LIPIcs.IPEC.2025.1/LIPIcs.IPEC.2025.1.html,,"Introduction, fixed number of variables and the explicit single-exponential open question."
Lower Bounds for Interactive Compression and Linear Programs,Makrand Sinha,2018,https://digital.lib.washington.edu/server/api/core/bitstreams/a7ac9607-c4f8-4d56-9b29-0f5ef033975d/content,,"Section 8.2.1, Open Question 8.4; definitions in Section 6.3.5."
Approximately Packing Dijoins via Nowhere-Zero Flows,Gérard Cornuéjols; Siyue Liu; R. Ravi,2025,https://doi.org/10.1007/s00493-025-00159-x,,"Section 1, Conjectures 1–2 and Theorem 1; author PDF at https://www.andrew.cmu.edu/user/gc0v/webpub/WoodallAprox.pdf"
Finite and Algorithmic Model Theory (Dagstuhl Seminar 22051),Kousha Etessami (problem contributor),2022,https://doi.org/10.4230/DagRep.12.1.101,,"Section 4.2, query bounds for Tarski fixed points on grid lattices"
A Faster Algorithm for Finding Tarski Fixed Points,John Fearnley; Dömötör Pálvölgyi; Rahul Savani,2022,https://doi.org/10.1145/3524044,,ACM Transactions on Algorithms; earlier version at STACS 2021
Tarski Lower Bounds from Multi-Dimensional Herringbones,Simina Brânzei; Reed Phillips; Nicholas Recker,2025,https://arxiv.org/abs/2502.16679v2,,"Version 2, 13 July 2025; randomized lower bound"
The Mystery Deepens: On the Query Complexity of Tarski Fixed Points,Xi Chen; Yuhao Li; Mihalis Yannakakis,2026,https://arxiv.org/abs/2604.00268v1,,"Theorem 1, Corollary 1, and Section 9; posted 31 March 2026"
A PTAS for ℓp-Low Rank Approximation,Frank Ban; Vijay Bhattiprolu; Karl Bringmann; Pavel Kolev; Euiwoong Lee; David P. Woodruff,2019,https://epubs.siam.org/doi/10.1137/1.9781611975482.47,,Entrywise ℓ₁ low-rank approximation; compare later fixed-k approximation schemes.
A PTAS for ℓp-Low Rank Approximation,Frank Ban; Vijay Bhattiprolu; Karl Bringmann; Pavel Kolev; Euiwoong Lee; David P. Woodruff,2021,https://arxiv.org/abs/1807.06101v3,,Abstract and Section 1.1; fixed-k approximation time differs from the variable-k target.
Entrywise Low-Rank Approximation and Matrix \(p \to  q\) Norms via Global Correlation Rounding,Prashanti Anderson; Ainesh Bakshi; Samuel B. Hopkins,2026,https://arxiv.org/abs/2604.22699v2,,"Abstract, revision 27 April 2026: a PTAS for fixed k and even p>2, not the p=1 variable-k target."
COLT / PMLR,Blake Woodworth; Nathan Srebro,2019,https://proceedings.mlr.press/v99/woodworth19a.html,http://proceedings.mlr.press/v99/woodworth19a/woodworth19a.pdf,Open-problem paper
COLT / PMLR,Cristóbal Guzmán,2015,https://proceedings.mlr.press/v40/Guzman15.html,http://proceedings.mlr.press/v40/Guzman15.pdf,Open-problem paper
COLT / PMLR,Christopher Criscitiello; David Martínez-Rubio; Nicolas Boumal,2023,https://proceedings.mlr.press/v195/criscitiello23b.html,https://proceedings.mlr.press/v195/criscitiello23b/criscitiello23b.pdf,Open-problem paper
Computational Geometry,Hans Raj Tiwary,2019,https://doi.org/10.4230/DagRep.9.4.107,https://drops.dagstuhl.de/storage/04dagstuhl-reports/volume09/issue04/DagRep.9.4/DagRep.9.4.pdf#page=121,"Seminar 19181, section 4.6"
COLT / PMLR,Lijie Chen; Jian Li,2016,https://proceedings.mlr.press/v49/chen16b.html,http://proceedings.mlr.press/v49/chen16b.pdf,Open-problem paper
Designing and Implementing Algorithms for Mixed-Integer Nonlinear Optimization,,2018,https://doi.org/10.4230/DagRep.8.2.64,https://drops.dagstuhl.de/storage/04dagstuhl-reports/volume08/issue02/DagRep.8.2/DagRep.8.2.pdf#page=88,"Seminar 18081, section 5.1"
Scheduling,Yossi Azar,2020,https://doi.org/10.4230/DagRep.10.2.50,https://drops.dagstuhl.de/storage/04dagstuhl-reports/volume10/issue02/DagRep.10.2/DagRep.10.2.pdf#page=71,"Seminar 20081, section 4.1"
COLT / PMLR,Jiseok Chae; Kyuwon Kim; Donghwan Kim,2023,https://proceedings.mlr.press/v195/chae23a.html,https://proceedings.mlr.press/v195/chae23a/chae23a.pdf,Open-problem paper
"On the Complexity of Value Iteration (Track B: Automata, Logic, Semantics, and Theory of Programming)","Balaji, Nikhil; Kiefer, Stefan; Novotný, Petr; Pérez, Guillermo A.; Shirmohammadi, Mahsa",2019,https://doi.org/10.4230/LIPIcs.ICALP.2019.102,https://drops.dagstuhl.de/storage/00lipics/lipics-vol132-icalp2019/LIPIcs.ICALP.2019.102/LIPIcs.ICALP.2019.102.pdf#page=12,"Section 2, explicit rational MDP and reward model; Theorems 1 and 9 versus the last paragraph of Section 5, which leaves the unrestricted reward-threshold variant open."
On the Complexity of Value Iteration,Nikhil Balaji; Stefan Kiefer; Petr Novotný; Guillermo A. Pérez; Mahsa Shirmohammadi,2019,https://arxiv.org/abs/1807.04920,https://arxiv.org/pdf/1807.04920,"Full version of the ICALP paper, first posted July 2018; concluding threshold question and introduction discussion of exponentially long exact values."
The Complexity of the k-means Method,"Roughgarden, Tim; Wang, Joshua R.",2016,https://doi.org/10.4230/LIPIcs.ESA.2016.78,https://drops.dagstuhl.de/storage/00lipics/lipics-vol057-esa2016/LIPIcs.ESA.2016.78/LIPIcs.ESA.2016.78.pdf#page=10,Unresolved-question passage on page 10; PDF page 10
Deterministic \((2/3 - \varepsilon )\)-Approximation of Matroid Intersection Using Nearly-Linear Independence-Oracle Queries,"Terao, Tatsuya",2025,https://doi.org/10.4230/LIPIcs.WADS.2025.50,https://drops.dagstuhl.de/storage/00lipics/lipics-vol349-wads2025/LIPIcs.WADS.2025.50/LIPIcs.WADS.2025.50.pdf#page=2,Explicit open question on PDF page 2
The Complexity of Making the Gradient Small in Stochastic Convex Optimization,"Dylan J. Foster, Ayush Sekhari, Ohad Shamir, Nathan Srebro, Karthik Sridharan, Blake Woodworth",2019,https://proceedings.mlr.press/v99/foster19b.html,http://proceedings.mlr.press/v99/foster19b/foster19b.pdf#page=2,Explicit open question on PDF page 2
Improved Lower Bounds for Submodular Function Minimization,"Deeparnab Chakrabarty (Dartmouth College, USA), Andrei Graur (Stanford University, USA), Haotian Jiang (University of Washington, USA), Aaron Sidford (Stanford University, USA)",2022,https://doi.org/10.1109/FOCS54457.2022.00030,https://ieee-focs.org/FOCS-2022-Papers/pdfs/FOCS2022-4Bu7jGV9xIcveUWYj3oWoi/551900a245/551900a245.pdf#page=5,Unresolved-question passage on page 5
SGD Generalizes Better Than GD (And Regularization Doesn’t Help),"Idan Amir, Tomer Koren, Roi Livni",2021,https://proceedings.mlr.press/v134/amir21a.html,http://proceedings.mlr.press/v134/amir21a/amir21a.pdf#page=10,"Section 2 (convex Lipschitz losses, unit ball and expected population excess risk); discussion on p. 10 and Section 5 (general first-order methods over the empirical risk)."
Never Go Full Batch (in Stochastic Convex Optimization),Idan Amir; Yair Carmon; Tomer Koren; Roi Livni,2021,https://proceedings.neurips.cc/paper/2021/hash/d27b95cac4c27feb850aaa4070cc4675-Abstract.html,https://proceedings.neurips.cc/paper/2021/file/d27b95cac4c27feb850aaa4070cc4675-Paper.pdf,"NeurIPS 2021, pp. 25033–25043: Section 2 (exact full-batch oracle and adaptive randomized methods), Theorem 2.1 and Section 2.2. The published oracle definition returns empirical value F_S, correcting the missing subscript in the early author copy."
Never Go Full Batch — complete author version,Idan Amir; Yair Carmon; Tomer Koren; Roi Livni,2021,https://arxiv.org/abs/2107.00469,,"29 June 2021 preprint: Theorem 1 and complete lower-bound argument; the dimension can be polynomial in 2^n, T and 1/ε. Read together with the corrected oracle notation in the published paper."
Thinking Outside the Ball: Optimal Learning with Gradient Descent for Generalized Linear Stochastic Convex Optimization,Idan Amir; Roi Livni; Nati Srebro,2022,https://proceedings.neurips.cc/paper_files/paper/2022/hash/9521b6e7f33e039e7d92e23f5e37bbf4-Abstract-Conference.html,,"NeurIPS 2022, published abstract: generalized-linear losses, no projection, near-optimal iteration and sample bounds. Abstract checked for scope; not a full-paper proof review."
The KLS Conjecture (problem 30),"Randomstrasse 101, ETH Zürich",2025,https://randomstrasse101.math.ethz.ch/posts/KLSConjecture/,,"Open-problems collection, 18 December 2025; isoperimetric statement and connections"
The Kannan–Lovász–Simonovits Conjecture,Yin Tat Lee; Santosh S. Vempala,2017,https://faculty.cc.gatech.edu/~vempala/papers/kls_survey.pdf,,"Author version dated 29 December 2017; Sections 1.1, 1.3, and 2.2; later arXiv:1807.03465"
Bourgain’s slicing problem and KLS isoperimetry up to polylog,Bo’az Klartag; Joseph Lehec,2022,https://arxiv.org/abs/2203.15551,,"Geometric and Functional Analysis 32, 1134–1159; polylogarithmic dimension dependence"
Logarithmic bounds for isoperimetry and slices of convex sets,Bo’az Klartag,2023,https://www.weizmann.ac.il/math/klartag/sites/math.klartag/files/uploads/root_log.pdf,,"Ars Inveniendi Analytica 2023, Paper 4; definitions (1.3) onward and KLS theorem; DOI 10.15781/jsjy-0b06"
Thin-shell bounds via parallel coupling,Boaz Klartag; Joseph Lehec,2026,https://arxiv.org/abs/2507.15495v2,,First posted 21 July 2025; revision 23 February 2026; dimension-free radial thin-shell bound
The KLS constant is \(O(\log ^{1/4} n)\),Brayden Letwin,2026,https://arxiv.org/abs/2607.24164v1,,"Preprint 27 July 2026; Section 1, definitions of C_P and ψμ, Theorems 1.1–1.2, and the conversion on page 3"
"Cuts, Trees and \(\ell\)\(_{1}\)-Embeddings of Graphs",Anupam Gupta; Ilan Newman; Yuri Rabinovich; Alistair Sinclair,2004,https://people.eecs.berkeley.edu/~sinclair/cuts.pdf,,"FOCS 1999 precursor; Combinatorica 24(2), 233–269, 2004; introduction and cut-metric/flow–cut correspondence"
"Pathwidth, trees, and random embeddings",James R. Lee; Anastasios Sidiropoulos,2012,https://arxiv.org/abs/0910.1409,,"First posted 8 October 2009; checked v3, 6 October 2012; fixed-pathwidth theorem and consequence for minor-closed families excluding a tree"
Approximating Sparsest Cut in Graphs of Bounded Treewidth,Eden Chlamtac; Robert Krauthgamer; Prasad Raghavendra,2010,https://www.wisdom.weizmann.ac.il/~robi/papers/CKR-TreewidthSparsestCut-APPROX10.pdf,,APPROX 2010; Theorem 1 and Section 1.1 explicitly distinguish Sherali–Adams approximation from the ordinary flow–cut gap; inherited reference
A face cover perspective to \(\ell\)\(_{1}\) embeddings of planar graphs,Arnold Filtser,2024,https://arxiv.org/abs/1903.02758,,"Checked v4, 28 July 2024; terminals covered by γ faces; ACM Transactions on Algorithms DOI 10.1145/3686800, published online 22 November 2024"
"The exact value of \(c_{1}(K_{2},_{n})\)",Hiroaki Mori,2026,https://arxiv.org/abs/2602.23745,,"27 February 2026; Theorem 2: c₁(K₂,ₙ)=(3⌈n/2⌉−2)/(2⌈n/2⌉−1), maximizing over edge weights; Theorem 1 recalls the graph-level flow–cut correspondence"
CS 583: Approximation Algorithms,Chandra Chekuri,2026,https://courses.grainger.illinois.edu/CS583/sp2026/approx-algorithms-lecture-notes.pdf,,Version dated 4 May 2026; Sparsest Cut chapter’s notes on the planar and general GNRS conjecture; inherited reference
The Computational Complexity of Knot and Link Problems,Joel Hass; Jeffrey C. Lagarias; Nicholas Pippenger,1999,https://arxiv.org/abs/math/9807016,,"FOCS 1997 precursor; arXiv 3 July 1998; Journal of the ACM 46(2), 185–211, 1999; NP certificate and deterministic complexity"
A polynomial upper bound on Reidemeister moves,Marc Lackenby,2015,https://annals.math.princeton.edu/2015/182-2/p03,,"Annals of Mathematics 182(2), 491–564; published online 30 July 2015; bound (236n)¹¹; preprint arXiv:1302.0180v2"
The efficient certification of knottedness and Thurston norm,Marc Lackenby,2021,https://arxiv.org/abs/1604.00290,,"First posted 1 April 2016; checked final v3, 12 April 2021; Advances in Mathematics 387, Article 107796; unconditional NP membership of knottedness"
Unknot recognition in quasi-polynomial time,Marc Lackenby,2021,https://www.maths.ox.ac.uk/node/60914,,Oxford seminar announcement; corroborated as an announced result in the SoCG 2025 source; full algorithmic proof not independently checked here
A Practical Algorithm for Knot Factorisation,Alexander He; Eric Sedgwick; Jonathan Spreer,2025,https://drops.dagstuhl.de/storage/00lipics/lipics-vol332-socg2025/html/LIPIcs.SoCG.2025.55/LIPIcs.SoCG.2025.55.html,,"SoCG 2025, LIPIcs 332, Article 55; Section 1 states the complexity status and explains practical versus worst-case guarantees; inherited reference"
"Incompressible surfaces, hierarchies and unknot recognition",Marc Lackenby,2026,https://arxiv.org/abs/2607.23350,,"25 July 2026; Theorem 1.1, Corollary 1.2 and Section 9: running-time analysis leaves hierarchy length L and pattern complexity g unbounded"
Locally Minimal Bridge Presentations of Knots,Chad Musick,2026,https://arxiv.org/abs/2609.06492,,"6 September 2026, v1; Theorem 1 and Corollary 1, pp. 14–15; claimed polynomial-time result, not independently validated here"
"Geometry: Combinatorics and Algorithms 2025 — Chapter 10, Convex Polytopes","ETH Zürich, Institute of Theoretical Computer Science",2025,https://ti.inf.ethz.ch/ew/courses/Geo25/lecture/gca25-10.pdf,,"Inherited reference; Section 10.4.1, printed p. 173, explains simplex geometry and explicitly states the surviving polynomial Hirsch problem for bounded polytopes"
A counterexample to the Hirsch Conjecture,Francisco Santos,2012,https://annals.math.princeton.edu/2012/176-1/p07,,"Annals of Mathematics 176(1), 383–412; 43 dimensions, 86 facets; 2010 announcement"
An improved Kalai–Kleitman bound for the diameter of a polyhedron,Michael J. Todd,2014,https://arxiv.org/abs/1402.3579,,March 2014 revision; (n−d)^{log₂d} bound and the earlier Kalai–Kleitman bound
An Asymptotically Improved Upper Bound on the Diameter of Polyhedra,Noriyoshi Sukegawa,2019,https://link.springer.com/article/10.1007/s00454-018-0016-y,,"Discrete & Computational Geometry 62, 690–699; published online 19 June 2018; asymptotic bound (n−d)^{log₂ O(d/log d)}"
Computing the Polytope Diameter is Even Harder than NP-hard (Already for Perfect Matchings),Lasse Wulf,2025,https://arxiv.org/abs/2502.16398v3,,FOCS 2025; revision 3 November 2025; Π₂^p-hardness and completeness for the corresponding bipartite perfect-matching diameter decision problem
Circuit Diameter of Polyhedra is Strongly Polynomial,Bento Natura,2026,https://arxiv.org/abs/2602.06958v2,,"Posted 6 February, revised 10 February 2026; Theorem 1.1 and the monotone construction concern maximal feasible circuit steps, not edge-only walks"
"The Open Problems Project: Problem 7, k-sets",Erik D. Demaine; Joseph S. B. Mitchell; Joseph O’Rourke (editors),2025,https://topp.openproblem.net/p7,,Entry revised 14 June 2025; original question allows higher dimensions
Improved Bounds for Planar k-Sets and Related Problems,Tamal K. Dey,1998,https://courses.cs.duke.edu/cps234/fall08/handouts/dey.pdf,,"Discrete & Computational Geometry 19, pp. 373–382; DOI 10.1007/PL00009354; preliminary FOCS 1997 result"
Point Sets with Many k-Sets,Géza Tóth,2001,https://link.springer.com/article/10.1007/s004540010022,,"Discrete & Computational Geometry 26, pp. 187–194; abstract; preliminary SoCG 2000 result"
"An Improved, Simple Construction of Many Halving Edges",Gabriel Nivasch,2008,https://rangevoting.org/many_halving_edges.pdf,,"Contemporary Mathematics 453; Section 1, k-set/k-edge correspondence and bound (1.2)"
An Improvement of the Upper Bound for the Number of Halving Lines of Planar Sets,Estrella Alonso; Mariló López; Javier Rodrigo,2024,https://oa.upm.es/89576/1/10302927.pdf,,"Symmetry 16(7), 936, 22 July 2024; introduction and conclusion; DOI 10.3390/sym16070936"
Research reference · web.math.princeton.edu,,,https://web.math.princeton.edu/~naor/homepage%20files/assouad-N%28K%29.pdf,https://web.math.princeton.edu/~naor/homepage%20files/assouad-N%28K%29.pdf,
Research reference · www.its.caltech.edu,,,https://www.its.caltech.edu/~sryoo/teaching/Syllabus_Ma191a_2024F.pdf,https://www.its.caltech.edu/~sryoo/teaching/Syllabus_Ma191a_2024F.pdf,
Frontiers of sphere recognition in practice,Michael Joswig; Davide Lofano; Frank H. Lutz; Mimi Tsuruga,2022,https://link.springer.com/article/10.1007/s41468-022-00092-8,,Sections 1–2 and 3.2: combinatorial manifolds and the exceptional PL dimension four
Applied topology: sphere recognition research presentation,Michael Joswig,2025,https://page.math.tu-berlin.de/~joswig/presentations/Joswig-Applied%2BTopology-250715.pdf,,15 July 2025; sphere-recognition decidability by dimension
Is there an algorithm to recognize the combinatorial four-sphere?,Open Problem Garden contributors,2007,https://www.openproblemgarden.org/op/is_there_an_algorithm_to_determine_if_a_triangulated_4_manifold_is_combinatorially_equivalent_to_the_4_sphere,,Problem statement; accessed 11 September 2026
Research reference · arXiv 1808.02686,,2018,https://arxiv.org/abs/1808.02686,,
The Open Problems Project,Erik D. Demaine; Joseph S. B. Mitchell; Joseph O’Rourke (editors),2001,https://topp.openproblem.net/p9,,Problem 9
Research reference · epubs.siam.org,,,https://epubs.siam.org/doi/10.1137/1.9781611977912.191,,
Research reference · www.weizmann.ac.il,,,https://www.weizmann.ac.il/math/gideon/sites/math.gideon/files/uploads/planar-earthmover.pdf,https://www.weizmann.ac.il/math/gideon/sites/math.gideon/files/uploads/planar-earthmover.pdf,
Klee's measure problem made easy,Timothy M. Chan,2013,https://doi.org/10.1109/FOCS.2013.51,,"FOCS 2013, pp. 410–419. Read author manuscript dated 3 April 2013 at https://tmc.web.engr.illinois.edu/easyklee4_13.pdf: Introduction, §2 algorithm and analysis, and §3.3 remarks contrasting integer word-RAM speedups with real inputs."
Wikipedia: Klee's measure problem,Wikipedia contributors,,https://en.wikipedia.org/wiki/Klee%27s_measure_problem,,Discovery source; retrieved 2026-09-11. Evidence locator: d ≥ 3
Wikipedia revision used for discovery,Wikipedia contributors,,https://en.wikipedia.org/w/index.php?oldid=1321323809,,Revision timestamp: 2025-11-09T22:45:42Z
Approximating Klee’s Measure Problem and a Lower Bound for Union Volume Estimation,Karl Bringmann; Kasper Green Larsen; André Nusser; Eva Rotenberg; Yanheng Wang,2025,https://drops.dagstuhl.de/entities/document/10.4230/LIPIcs.SoCG.2025.25,,"SoCG 2025, article 25, published 20 June 2025. Publisher abstract read in full: faster approximation for explicit boxes, plus a query-model lower bound for more general objects; neither is an exact static complexity classification."
Near-Optimal Dynamic Data Structures for Maximum Depth and Klee’s Measure of Boxes,Sujoy Bhore; Subhash Suri; Jie Xue; Xiongxin Yang; Jiumu Zhu,2026,https://drops.dagstuhl.de/entities/document/10.4230/LIPIcs.ICALP.2026.34,,"ICALP 2026, article 34. Full abstract and Introduction including Theorems 1–2 read, plus §7. Maintains exact volume dynamically with amortized update guarantees; recalls the O(n^(d/2)) static bound and states conditional, rather than unconditional, optimality claims."
Sphere recognition lies in NP,Saul Schleimer,2011,https://arxiv.org/abs/math/0407047,,Main theorem and recognition problem.
Simultaneous Embedding of Planar Graphs,Thomas Bläsius; Stephen G. Kobourov; Ignaz Rutter,2013,https://arxiv.org/abs/1204.5853,,"Handbook survey; full arXiv revision 3, 19 June 2015, Introduction and §1.1 Problem Definitions read. Defines topological simultaneous embedding with fixed edges separately from straight-line embedding and embedding without fixed common edges."
Wikipedia: Simultaneous embedding,Wikipedia contributors,,https://en.wikipedia.org/wiki/Simultaneous_embedding,,Discovery source; retrieved 2026-09-11. Evidence locator: two given graphs
Wikipedia revision used for discovery,Wikipedia contributors,,https://en.wikipedia.org/w/index.php?oldid=1346186093,,Revision timestamp: 2026-03-30T12:04:08Z
Constrained Planarity in Practice: Engineering the Synchronized Planarity Algorithm,Simon D. Fink and Ignaz Rutter,2025,https://doi.org/10.7155/jgaa.v29i1.2923,,"JGAA 29(1), 91–123, May 2025. Full Introduction and §3.1, especially p. 95, read in https://repositum.tuwien.at/bitstream/20.500.12708/221337/1/Fink-2025-Journal%20of%20Graph%20Algorithms%20and%20Applications-vor.pdf. Connected SEFE is efficiently solvable, general two-graph SEFE still unknown."
Structural Parameterizations of Simultaneous Planarity,"Thomas Depian, Simon D. Fink, Alexander Firbas, Robert Ganian, Matthias Pfretzschner and Ignaz Rutter",2025,https://drops.dagstuhl.de/entities/document/10.4230/LIPIcs.ISAAC.2025.25,,"ISAAC 2025, article 25. Full abstract and Introduction read in publisher HTML. Explicitly states k=2 is open, records polynomial solvability for connected common graph and separates the k≥3 hardness."
Simultaneous Embedding of Two Paths on the Grid,"Stephen Kobourov, William Lenhart, Giuseppe Liotta, Daniel Perz, Pavel Valtr and Johannes Zink",2026,https://arxiv.org/abs/2603.09750v1,,"10 March 2026, EuroCG 2026 paper. Full abstract read only. Studies geometric grid embedding and length/perimeter objectives for two paths, not general topological SEFE feasibility."
The Open Problems Project,Erik D. Demaine; Joseph S. B. Mitchell; Joseph O’Rourke (editors),2002,https://topp.openproblem.net/p5,,Problem 5
The Open Problems Project,Erik D. Demaine; Joseph S. B. Mitchell; Joseph O’Rourke (editors),2001,https://topp.openproblem.net/p6,,Problem 6
Triangulations in Geometry and Topology,Saul Schleimer,2024,https://doi.org/10.4230/DagRep.14.2.120,https://drops.dagstuhl.de/storage/04dagstuhl-reports/volume14/issue02/24072/DagRep.14.2.120/DagRep.14.2.120.pdf#page=13,"Saul Schleimer’s Section 3.4, especially standing compact-connected assumptions, Section 3.4.2 face-pairing input model, and Section 3.4.7 Question 12 on printed page 132; full relevant text read. The following suggested certificate route is deliberately omitted from problem content."
Minimum-weight triangulation is NP-hard,Wolfgang Mulzer; Günter Rote,2008,https://arxiv.org/abs/cs/0601002,,"Journal of the ACM 55(2), Article 11 (2008), DOI 10.1145/1346330.1346336. Full arXiv revision 3, 13 February 2008, read: abstract, §1 definitions and NP-membership discussion, §8 Theorem 8.1 and beginning of its proof. The decision problem uses total Euclidean edge length; rounding edge costs changes the problem."
Wikipedia: Minimum-weight triangulation,Wikipedia contributors,,https://en.wikipedia.org/wiki/Minimum-weight_triangulation,,Discovery source; retrieved 2026-09-11. Evidence locator: not known whether
Wikipedia revision used for discovery,Wikipedia contributors,,https://en.wikipedia.org/w/index.php?oldid=1365861992,,Revision timestamp: 2026-07-24T21:46:49Z
Solving Large-Scale Minimum-Weight Triangulation Instances to Provable Optimality,Andreas Haas,2018,https://drops.dagstuhl.de/entities/document/10.4230/LIPIcs.SoCG.2018.44,,"SoCG 2018, Article 44. Full publisher abstract read. Practical optimal solutions on large tested instances, without a polynomial worst-case certificate theorem."
Taming Infinity One Chunk at a Time: Concisely Represented Strategies in One-Counter MDPs,"Michal Ajdarów, James C. A. Main, Petr Novotný and Mickael Randour",2025,https://drops.dagstuhl.de/entities/document/10.4230/LIPIcs.ICALP.2025.138,,"ICALP 2025, Article 138. Publisher HTML Introduction and §5 discussion of square-root-sum complexity checked. Cited only for the related arithmetic barrier still lacking an NP bound, not for a theorem about triangulation."
The Open Problems Project,Erik D. Demaine; Joseph S. B. Mitchell; Joseph O’Rourke (editors),2001,https://topp.openproblem.net/p15,,Problem 15
Sublinear.info,Piotr Indyk,2011,https://sublinear.info/index.php?title=Open_Problems:49,,Problem 49
The Open Problems Project,Erik D. Demaine; Joseph S. B. Mitchell; Joseph O’Rourke (editors),2001,https://topp.openproblem.net/p3,,Problem 3
The Open Problems Project,Erik D. Demaine; Joseph S. B. Mitchell; Joseph O’Rourke (editors),2001,https://topp.openproblem.net/p13,,Problem 13
The Open Problems Project,Erik D. Demaine; Joseph S. B. Mitchell; Joseph O’Rourke (editors),2001,https://topp.openproblem.net/p17,,Problem 17
Sublinear.info,Piotr Indyk,2006,https://sublinear.info/index.php?title=Open_Problems:7,,Problem 7
The Open Problems Project,Erik D. Demaine; Joseph S. B. Mitchell; Joseph O’Rourke (editors),2010,https://topp.openproblem.net/p45,,Problem 45
Probabilistic Metric Embedding via Metric Labeling,"Munagala, Kamesh; Sankar, Govind S.; Taylor, Erin",2023,https://doi.org/10.4230/LIPIcs.APPROX/RANDOM.2023.2,https://drops.dagstuhl.de/storage/00lipics/lipics-vol275-approx-random2023/LIPIcs.APPROX-RANDOM.2023.2/LIPIcs.APPROX-RANDOM.2023.2.pdf#page=8,Unresolved-question passage on page 8; PDF page 8
The Open Problems Project,Erik D. Demaine; Joseph S. B. Mitchell; Joseph O’Rourke (editors),2001,https://topp.openproblem.net/p26,,Problem 26
On the complexity of cusped non-hyperbolicity,"Robert Haraway III, Neil R. Hoffman",2022,https://arxiv.org/abs/1907.01675v3,https://arxiv.org/pdf/1907.01675v3,"Revision 12 September 2022, PDF dated 13 September. Abstract, Section 1.1 and Theorems 1–2 read. Concerns orientable manifolds with nonempty torus boundary and certificates for non-hyperbolicity, with an S³-recognition-in-coNP premise in the unrestricted cusped case."
The Open Problems Project,Erik D. Demaine; Joseph S. B. Mitchell; Joseph O’Rourke (editors),2008,https://topp.openproblem.net/p28,,Problem 28
The Open Problems Project,Erik D. Demaine; Joseph S. B. Mitchell; Joseph O’Rourke (editors),2008,https://topp.openproblem.net/p43,,Problem 43
Metric Sketching and Dynamic Algorithms for Geometric and Topological Graphs,Michał Pilipczuk,2025,https://doi.org/10.4230/DagRep.15.5.134,https://drops.dagstuhl.de/storage/04dagstuhl-reports/volume15/issue05/DagRep.15.5/DagRep.15.5.pdf#page=150,"Seminar 25212, section 5.4"
Computational Geometry,Aleksandar Nikolov,2021,https://doi.org/10.4230/DagRep.11.4.1,https://drops.dagstuhl.de/storage/04dagstuhl-reports/volume11/issue04/DagRep.11.4/DagRep.11.4.pdf#page=20,"Seminar 21181, section 4.3"
Sublinear.info,Jelani Nelson,2011,https://sublinear.info/index.php?title=Open_Problems:46,,Problem 46
Computational Geometry,Jeff Erickson,2017,https://doi.org/10.4230/DagRep.7.4.107,https://drops.dagstuhl.de/storage/04dagstuhl-reports/volume07/issue04/DagRep.7.4/DagRep.7.4.pdf#page=124,"Seminar 17171, section 4.2"
The Open Problems Project,Erik D. Demaine; Joseph S. B. Mitchell; Joseph O’Rourke (editors),2003,https://topp.openproblem.net/p49,,Problem 49
The Open Problems Project,Erik D. Demaine; Joseph S. B. Mitchell; Joseph O’Rourke (editors),2025,https://topp.openproblem.net/p16,,Problem 16
The Open Problems Project,Erik D. Demaine; Joseph S. B. Mitchell; Joseph O’Rourke (editors),2001,https://topp.openproblem.net/p22,,Problem 22
On Greedily Packing Anchored Rectangles,"Damerius, Christoph; Kaaser, Dominik; Kling, Peter; Schneider, Florian",2021,https://doi.org/10.4230/LIPIcs.ICALP.2021.61,https://drops.dagstuhl.de/storage/00lipics/lipics-vol198-icalp2021/LIPIcs.ICALP.2021.61/LIPIcs.ICALP.2021.61.pdf#page=19,Unresolved-question passage on page 19; PDF page 19
Impossibility of Sketching of the 3D Transportation Metric with Quadratic Cost,"Andoni, Alexandr; Naor, Assaf; Neiman, Ofer",2016,https://doi.org/10.4230/LIPIcs.ICALP.2016.83,https://drops.dagstuhl.de/storage/00lipics/lipics-vol055-icalp2016/LIPIcs.ICALP.2016.83/LIPIcs.ICALP.2016.83.pdf#page=10,"Theorem 5 and Section 3, equation (25): the missing expression is the square-root metric, for p>2."
Snowflake universality of Wasserstein spaces,Alexandr Andoni; Assaf Naor; Ofer Neiman,2018,https://doi.org/10.24033/asens.2363,https://www.numdam.org/item/10.24033/asens.2363.pdf,"Annales scientifiques de l’École Normale Supérieure, series 4, 51(3):657–700. Sections 1.1–1.2 define distortion and state Theorems 1–2; Question 23, equation (52), retains the half-snowflake conjecture."
Coarse Embeddability of Wasserstein Space and the Space of Persistence Diagrams,Neil Pritchard; Thomas Weighill,2024,https://doi.org/10.1007/s00454-024-00674-6,,"Published online 26 June 2024; Discrete & Computational Geometry 74:358–373 (2025). Corollary 25 and Theorem 27 concern coarse embeddings and 1/p-snowflake universality over the plane, not the half-snowflake target over R³ for p>2."
Computational Aspects of the Colorful Carathéodory Theorem,"Mulzer, Wolfgang; Stein, Yannik",2015,https://doi.org/10.4230/LIPIcs.SOCG.2015.44,https://drops.dagstuhl.de/storage/00lipics/lipics-vol034-socg2015/LIPIcs.SOCG.2015.44/LIPIcs.SOCG.2015.44.pdf#page=15,Unresolved-question passage on page 15; PDF page 15
"Between Shapes, Using the Hausdorff Distance","van Kreveld, Marc; Miltzow, Tillmann; Ophelders, Tim; Sonke, Willem; Vermeulen, Jordi L.",2020,https://doi.org/10.4230/LIPIcs.ISAAC.2020.13,https://drops.dagstuhl.de/storage/00lipics/lipics-vol181-isaac2020/LIPIcs.ISAAC.2020.13/LIPIcs.ISAAC.2020.13.pdf#page=2,Explicit open question on PDF page 2
Parametrized Complexity of Expansion Height,"Bauer, Ulrich; Rathod, Abhishek; Spreer, Jonathan",2019,https://doi.org/10.4230/LIPIcs.ESA.2019.13,https://drops.dagstuhl.de/storage/00lipics/lipics-vol144-esa2019/LIPIcs.ESA.2019.13/LIPIcs.ESA.2019.13.pdf#page=4,Explicit open question on PDF page 4
Expander Graphs and Their Applications,Shlomo Hoory; Nathan Linial; Avi Wigderson,2006,https://www.math.ias.edu/avi/node/974,https://www.math.ias.edu/~avi/BOOKS/expanderbookr1.pdf#page=57,Conjectures 6.8–6.10; PDF page 57
Computing Oriented Spanners and Their Dilation,"Buchin, Kevin; Kalb, Antonia; Maheshwari, Anil; Odak, Saeed; Rehs, Carolin; Smid, Michiel; Wong, Sampson",2025,https://doi.org/10.4230/LIPIcs.SoCG.2025.27,https://drops.dagstuhl.de/storage/00lipics/lipics-vol332-socg2025/LIPIcs.SoCG.2025.27/LIPIcs.SoCG.2025.27.pdf#page=16,"Section 2, Definition 1 (pp. 27:2–27:3), and Section 5 (p. 27:16). Full definitions and concluding question read: t<2 was open even when the complete graph could be oriented."
Sparse Oriented Spanners in Metric Spaces,Sujoy Bhore; Ahmad Biniaz; Kevin Buchin; Jean-Lou De Carufel; Antonia Kalb; Anil Maheshwari; Saeed Odak; Carolin Rehs; Michiel Smid,2026,https://drops.dagstuhl.de/entities/document/10.4230/LIPIcs.ESA.2026.117,https://drops.dagstuhl.de/storage/00lipics/lipics-vol388-esa2026/LIPIcs.ESA.2026.117/LIPIcs.ESA.2026.117.pdf,"ESA 2026, volume 388, article 117, published 25 August 2026. Definition 1, Theorem 6 (p. 117:6), Corollary 10 (p. 117:9) and Section 6 checked in the published PDF. Theorem 6 gives dilation at most 5/3 for every finite metric point set; Corollary 10 also supplies linear-size spanners in fixed-dimensional Euclidean spaces."
Sample compression schemes for VC classes,Shay Moran; Amir Yehudayoff,2016,https://arxiv.org/abs/1503.06960v2,,"Corrected preprint v2, 14 April 2015, §§1.2–1.3; Journal of the ACM 63(3), Article 21 (2016), DOI 10.1145/2890490"
Dual VC Dimension Obstructs Sample Compression by Embeddings,Zachary Chase; Bogdan Chornomaz; Steve Hanneke; Shay Moran; Amir Yehudayoff,2024,https://proceedings.mlr.press/v247/chase24a.html,,"COLT 2024, PMLR 247:923–946; exponential obstruction to low-dimensional extremal embeddings"
Sample Compression Scheme Reductions,"Idan Attias, Steve Hanneke, Arvind Ramaswami",2025,https://proceedings.mlr.press/v272/attias25a.html,https://raw.githubusercontent.com/mlresearch/v272/main/assets/attias25a/attias25a.pdf#page=7,Open Problem 5
Sample compression schemes for balls in structurally sparse graphs,Romain Bourneuf; Jędrzej Hodor; Piotr Micek; Clément Rambaud,2026,https://arxiv.org/abs/2604.02949v1,,"3 April 2026; §1 unordered subsample/side-bit definitions, general conjecture and width-dependent proper compression results"
The No-Clash Teaching Dimension is Bounded by VC Dimension [withdrawn],Jiahua Liu; Benchong Li,2026,https://arxiv.org/abs/2603.23561v4,,"Version 4, 3 August 2026; withdrawal notice and comment identifying the incorrect proof of Lemma 2; earlier versions used a sample-compression title"
"Noise-Tolerant Learning, the Parity Problem, and the Statistical Query Model",Avrim Blum; Adam Kalai; Hal Wasserman,2003,https://www.microsoft.com/en-us/research/wp-content/uploads/2016/11/2003-Noise-Tolerant_Learning.pdf,,"Journal of the ACM 50(4), 506–519, July; the 2016 directory is a hosting date, not publication year"
"The Parity Problem in the Presence of Noise, Decoding Random Linear Codes, and the Subset Sum Problem",Vadim Lyubashevsky,2005,https://cseweb.ucsd.edu/~vlyubash/papers/parityproblem.pdf,,"APPROX/RANDOM 2005, pp. 378–389; fixed positive sample-exponent slack ε"
Memory-Sample Lower Bounds for Learning Parity with Noise,Sumegha Garg; Pravesh K. Kothari; Pengda Liu; Ran Raz,2021,https://drops.dagstuhl.de/entities/document/10.4230/LIPIcs.APPROX/RANDOM.2021.60,,§§1.1–1.3 and Corollary 19; the paper denotes the bias 1/2−η by ε; its numbered open conjecture concerns a sharper memory tradeoff
Hardness Amplification for (Sparse) LPN,Divesh Aggarwal; Rishav Gupta; Li Zeyong,2026,https://arxiv.org/abs/2605.10056,,"v2, 12 May; success amplification changes dimension and noise parameters"
Towards Worst-case Hardness for Low-Noise LPN,Divesh Aggarwal; Rishav Gupta; Hai Hoang Nguyen; Kel Zin Tan; Prashant Nalini Vasudevan,2026,https://eccc.weizmann.ac.il/report/2026/095/,https://eccc.weizmann.ac.il/report/2026/095/revision/1/download/,"Revision 1, 8 September 2026"
Learning functions of k relevant variables; author manuscript titled Learning juntas,Elchanan Mossel; Ryan O’Donnell; Rocco A. Servedio,2004,https://www.cs.cmu.edu/~odonnell/papers/juntas.pdf,,"Journal of Computer and System Sciences 69(3), 421–434; manuscript Sections 1–2 and 5 define uniform-example learning and contrast membership and statistical queries"
"Finding Correlations in Subquadratic Time, with Applications to Learning Parities and the Closest Pair Problem",Gregory Valiant,2015,https://theory.stanford.edu/~valiant/papers/corrFull.pdf,,"Author full manuscript dated 29 August 2013, following FOCS 2012; JACM 62(2), Article 13, 2015, DOI 10.1145/2728167; junta-learning corollary and Appendix A"
The Probably Approximately Correct Learning Model in Computational Learning Theory,Rocco A. Servedio,2025,https://arxiv.org/abs/2511.08791,,Theorem 2; DNF discussion and Theorem 8; uniform-distribution discussion and Theorem 13; Section 4 on conditional hardness
New Statistical and Computational Results for Learning Junta Distributions,Lorenzo Beretta,2025,https://arxiv.org/abs/2505.05819,,"v3, 12 July 2025; RANDOM 2025, Article 31; Section 1.1 separates learning Boolean functions from learning distributions"
The Benefits of Temporal Correlations: SGD Learns k-Juntas from Random Walks Efficiently,Elisabetta Cornacchia; Dan Mikulincer; Elchanan Mossel,2026,https://arxiv.org/abs/2605.10237,,"11 May 2026; lazy-random-walk examples and temporal-difference loss, not independent uniform examples"
Inherited OpenReview research pointer; bibliographic identity not verified,,,https://openreview.net/pdf?id=wszZlP1K14,,Preserved from the source proposal. Browser verification and API access prevented retrieval on 11 September 2026; no mathematical or status claim in this review relies on this pointer
Analysis of Boolean Functions (updated author edition),Ryan O’Donnell,2021,https://arxiv.org/abs/2105.10386,https://arxiv.org/pdf/2105.10386#page=270,§9.6; PDF page 270
Learning DNF Expressions from Fourier Spectrum,Vitaly Feldman,2012,https://proceedings.mlr.press/v23/feldman12b.html,https://proceedings.mlr.press/v23/feldman12b/feldman12b.pdf#page=1,"Section 1, first paragraph: general distribution-free random-example problem; subsequent paragraphs distinguish uniform inputs and query access"
Complexity Theoretic Limitations on Learning DNF’s,Amit Daniely; Shai Shalev-Shwartz,2016,https://proceedings.mlr.press/v49/daniely16.html,,Abstract and main hardness result; random K-SAT assumption is required
From Local Pseudorandom Generators to Hardness of Learning,Amit Daniely; Gal Vardi,2021,https://proceedings.mlr.press/v134/daniely21a.html,,Abstract and DNF hardness results under local-PRG assumptions
Iterative Chow Filtering for Learning with Distribution Shift,Gautam Chandrasekaran; Georgios Gkrinias; Adam R. Klivans; Konstantinos Stavropoulos; Arsen Vasilyan,2026,https://arxiv.org/abs/2605.17251,,Abstract: quasipolynomial-time PQ learning of DNF under the uniform distribution
Learning Intersections of Two Margin Halfspaces under Factorizable Distributions,"Ilias Diakonikolas, Ma Mingchen, Ren Lisheng, Tzamos Christos",2025,https://proceedings.mlr.press/v291/diakonikolas25a.html,https://raw.githubusercontent.com/mlresearch/v291/main/assets/diakonikolas25a/diakonikolas25a.pdf#page=5,Explicit open question on PDF page 5
Decision trees are PAC-learnable from most product distributions: a smoothed analysis,Adam Tauman Kalai; Shang-Hua Teng,2008,https://arxiv.org/abs/0812.0933,,Abstract and introduction: the unresolved uniform-example problem.
"Backdoor Defense, Learnability and Obfuscation","Christiano, Paul; Hilton, Jacob; Lecomte, Victor; Xu, Mark",2025,https://doi.org/10.4230/LIPIcs.ITCS.2025.38,https://drops.dagstuhl.de/storage/00lipics/lipics-vol325-itcs2025/LIPIcs.ITCS.2025.38/LIPIcs.ITCS.2025.38.pdf#page=13,Unresolved-question passage on page 13
The Intersection of Two Halfspaces Has High Threshold Degree,Alexander A. Sherstov,2009,https://web.cs.ucla.edu/~sherstov/pdf/hshs.pdf,,Background on improper learning of intersections of halfspaces; compare the original proposal’s broader learning source.
Improved Hardness Results for Learning Intersections of Halfspaces,Stefan Tiegel,2026,https://theoretics.episciences.org/18105,,"Journal abstract, accepted 6 October 2025 and published 28 April 2026: two-halfspace polynomial-time learning remains open; the stated lattice lower bound needs a growing number of halfspaces."
Multiclass Online Learning and Uniform Convergence,"Steve Hanneke, Shay Moran, Vinod Raman, Unique Subedi, Ambuj Tewari",2023,https://proceedings.mlr.press/v195/hanneke23b.html,https://proceedings.mlr.press/v195/hanneke23b/hanneke23b.pdf#page=4,"COLT 2023, PMLR 195: online regret definition, Definition 2, Theorems 1 and 4, Open Problem 1 and Section 4.1/Theorems 8–9 read. The target is Θ(sqrt(L(H)T)) for T≥L(H), with universal constants independent of label-space size."
Memory-Sample Lower Bounds for Learning Parity with Noise,"Garg, Sumegha; Kothari, Pravesh K.; Liu, Pengda; Raz, Ran",2021,https://doi.org/10.4230/LIPIcs.APPROX/RANDOM.2021.60,https://drops.dagstuhl.de/storage/00lipics/lipics-vol207-approx-random2021/LIPIcs.APPROX-RANDOM.2021.60/LIPIcs.APPROX-RANDOM.2021.60.pdf#page=4,"Section 1.3 and Conjecture 1, pp. 60:3–60:4; Section 2, Definition 4, pp. 60:5–60:6 (branching programs, success probability and randomized learners)."
Memory-Sample Lower Bounds for Learning Parity with Noise — version record,Sumegha Garg; Pravesh K. Kothari; Pengda Liu; Ran Raz,2021,https://arxiv.org/abs/2107.02320,,"Version 1, 5 July 2021; no later revision listed when checked 12 September 2026."
Toward Lower Bounds on Memory-Sample Tradeoffs for Learning Parity with Noise,Katarina Cheng; project mentor Sumegha Garg,2024,https://dimacs.rutgers.edu/reu-project-detail/toward-lower-bounds-on-memory-sample-tradeoffs-for,,"DIMACS 2024 research-project abstract. Describes the n²/ε²-versus-exponential target as a long-term goal; reports intermediate work, not a resolution."
Research papers,Sumegha Garg,,https://sites.google.com/view/sumegha-garg/research-papers,,"Publication list through 2026, checked 12 September 2026; the 2026 planted-structure paper’s abstract was also checked for scope."
Open Problem: Properly learning decision trees in polynomial time?,Guy Blanc; Jane Lange; Mingda Qiao; Li-Yang Tan,2022,https://proceedings.mlr.press/v178/open-problem-blanc22a.html,https://proceedings.mlr.press/v178/open-problem-blanc22a/open-problem-blanc22a.pdf,Open Problem 1; PDF page 1
Unlabeled Sample Compression Schemes and Corner Peelings for Ample and Maximum Classes,"Chalopin, Jérémie; Chepoi, Victor; Moran, Shay; Warmuth, Manfred K.",2019,https://doi.org/10.4230/LIPIcs.ICALP.2019.34,https://drops.dagstuhl.de/storage/00lipics/lipics-vol132-icalp2019/LIPIcs.ICALP.2019.34/LIPIcs.ICALP.2019.34.pdf#page=1,"Sections 2–3 define compression, shattering and ampleness; Theorem 10 treats maximum classes; abstract and discussion leave the ample extension open."
Unlabeled Sample Compression Schemes and Corner Peelings for Ample and Maximum Classes,Jérémie Chalopin; Victor Chepoi; Shay Moran; Manfred K. Warmuth,2022,https://doi.org/10.1016/j.jcss.2022.01.003,https://arxiv.org/pdf/1812.02099v2,"JCSS 127 (August 2022), 1–28; full preprint revised 5 January 2022, Section 2 page 5 explicitly requires proper reconstruction; Section 3 and Theorem 5.1; abstract retains the ample question."
Unlabeled Sample Compression Schemes for Oriented Matroids,Tilen Marc,2024,https://doi.org/10.1016/j.disc.2024.114006,https://arxiv.org/pdf/2203.11535v4,"Discrete Mathematics 2024; full revision 7 March 2024; Theorem 3.1, affine extension, and Corollary 3.5 for COMs with corner peelings. Section on proper compression and corner peeling explicitly says the ample question remains open."
Optimal Collusion-Free Teaching,"David Kirkpatrick, Hans U. Simon, Sandra Zilles",2019,https://proceedings.mlr.press/v98/kirkpatrick19a.html,http://proceedings.mlr.press/v98/kirkpatrick19a/kirkpatrick19a.pdf#page=12,"Definitions 7 and 9, finite-domain convention after Theorem 11; Section 6, Proposition 25 and maximum classes; Section 8 explicitly asks whether NCTD≤VCD in general."
On Batch Teaching Without Collusion,Shaun Fallat; David Kirkpatrick; Hans U. Simon; Abolghasem Soltani; Sandra Zilles,2023,https://www.jmlr.org/papers/v24/22-0330.html,https://www.jmlr.org/papers/volume24/22-0330/22-0330.pdf,"JMLR catalogue 24(40), 2023, pages 1–33; supplied PDF header dates December 2022. Discussion of NCTD and VCD, finite maximum classes, and final open question; separates stronger collusion criteria."
Non-Clashing Teaching Maps for Balls in Graphs,Jérémie Chalopin; Victor Chepoi; Fionn Mc Inerney; Sébastien Ratel,2024,https://proceedings.mlr.press/v247/chalopin24a.html,https://proceedings.mlr.press/v247/chalopin24a/chalopin24a.pdf,COLT 2024; introduction repeats the exact general inequality question; special graph-class results and positive-example variant; conclusion.
COLT / PMLR,Hans U. Simon; Sandra Zilles,2015,https://proceedings.mlr.press/v40/Simon15b.html,http://proceedings.mlr.press/v40/Simon15b.pdf,Open-problem paper
Open Problem: The Statistical Query Complexity of Learning Sparse Halfspaces,Vitaly Feldman,2014,https://proceedings.mlr.press/v35/feldman14c.html,http://proceedings.mlr.press/v35/feldman14c.pdf,"COLT 2014, PMLR 35, pp. 1283–1289. Full abstract, Background, attribute-efficient SQ model, Definition 1, Theorem 2 and Problem 3 read. The formal question is over the Boolean cube despite the abstract’s broader R^n motivation. Query tolerance depends polynomially on r log n, whereas the dimension bound is polynomial in n. The decision-list suggestion is omitted."
COLT / PMLR,Elad Hazan; Livni Roi,2018,https://proceedings.mlr.press/v75/hazan18a.html,http://proceedings.mlr.press/v75/hazan18a/hazan18a.pdf,Open-problem paper
Open Problem: Can Local Regularization Learn All Multiclass Problems?,Julian Asilis; Siddartha Devic; Shaddin Dughmi; Vatsal Sharan; Shang-Hua Teng,2024,https://proceedings.mlr.press/v247/asilis24b.html,https://proceedings.mlr.press/v247/asilis24b/asilis24b.pdf,"COLT 2024, PMLR 247, pp. 5301–5305. Full Introduction, Definitions 1–2 and Open Problem 1 read. Learning by a regularizer requires every induced tie-breaking learner to PAC learn; the regularizer cannot use the training sample. The candidate-counterexample advice is omitted from this card."
Local Regularization Does Not Characterize Multiclass PAC Learnability,Eric Hou,2026,https://arxiv.org/abs/2607.23449,,"26 July 2026 preprint, v1. Full abstract, Theorem 1.1, §2 Definition 2.1 and Remark 2.2 read. Claims a countable PAC-learnable counterexample with finite nonempty realizable version spaces. Matches the original universal tie-breaking convention. No independent proof audit."
Algorithmic Principles For Multiclass Learning Are Hard To Come By: Limits of Regularization and Proper Learning,"Julian Asilis, Shaddin Dughmi, Vatsal Sharan, Alec Sun, Shang-Hua Teng and Chang Wang",2026,https://arxiv.org/abs/2608.26516,,"27 August 2026 preprint, v1. Full abstract, relevant Introduction result paragraph, §2 PAC and regularization definitions, and §4.2 through Theorem 4.6 with its initial learnability argument read. Explicitly claims a negative answer to the PAC local-regularization question and acknowledges Hou’s independent work. Full lower-bound proof not audited."
COLT / PMLR,Steve Hanneke; Shay Moran; Waknine Tom,2024,https://proceedings.mlr.press/v247/hanneke24c.html,https://proceedings.mlr.press/v247/hanneke24c/hanneke24c.pdf,Open-problem paper
COLT / PMLR,Vitaly Feldman; Pritish Kamath; Nathan Srebro,2026,https://proceedings.mlr.press/v336/feldman26a.html,https://raw.githubusercontent.com/mlresearch/v336/main/assets/feldman26a/feldman26a.pdf,Open-problem paper
COLT / PMLR,Tom Viering; Alexander Mey; Marco Loog,2019,https://proceedings.mlr.press/v99/viering19a.html,http://proceedings.mlr.press/v99/viering19a/viering19a.pdf,Open-problem paper
COLT / PMLR,Nan Jiang; Alekh Agarwal,2018,https://proceedings.mlr.press/v75/jiang18a.html,http://proceedings.mlr.press/v75/jiang18a/jiang18a.pdf,Open-problem paper
COLT / PMLR,Rafael Frongillo; Ian Kash; Stephen Becker,2016,https://proceedings.mlr.press/v49/frongillo16.html,http://proceedings.mlr.press/v49/frongillo16.pdf,Open-problem paper
Distribution-Free Sequential Prediction with Abstentions,"Jialin Yu, Moïse Blanchard",2026,https://proceedings.mlr.press/v336/yu26a.html,https://raw.githubusercontent.com/mlresearch/v336/main/assets/yu26a/yu26a.pdf#page=13,Unresolved-question passage on page 13; PDF page 13
Witness Encryption and NP-Hardness of Learning,Halley Goldberg; Valentine Kabanets,2025,https://doi.org/10.4230/LIPIcs.CCC.2025.34,https://drops.dagstuhl.de/storage/00lipics/lipics-vol339-ccc2025/LIPIcs.CCC.2025.34/LIPIcs.CCC.2025.34.pdf,"Published 29 July 2025. Abstract and Section 1 distinguish agnostic semi-proper circuit learning, oracle circuits and RAM programs from unrestricted improper Boolean-circuit learning."
Efficiently Learning One-Hidden-Layer ReLU Networks via SchurPolynomials,"Ilias Diakonikolas, Daniel M. Kane",2024,https://proceedings.mlr.press/v247/diakonikolas24c.html,https://proceedings.mlr.press/v247/diakonikolas24c/diakonikolas24c.pdf#page=13,"COLT 2024, PMLR 247, pp. 1364–1378: Theorem 1, its normalization and improper-learning discussion, comparison to prior work and final open question on PDF p. 13 read. Selected the explicitly highlighted nonnegative-output-weight special case."
Small Covers for Near-Zero Sets of Polynomials and Learning Latent Variable Models,"Ilias Diakonikolas, Daniel M. Kane",2020,https://arxiv.org/abs/2012.07774,https://cseweb.ucsd.edu/~dakane/CoversPolynomials.pdf,"Section 1.4.2 and Theorem 4 read. Gives a quasipolynomial dependence on hidden-layer width for learning positive combinations of ReLUs, including a noisy relative-error formulation; used here in the normalized noiseless special case."
"Tournaments, Johnson Graphs and NC-Teaching",Hans U. Simon,2023,https://proceedings.mlr.press/v201/simon23a.html,https://proceedings.mlr.press/v201/simon23a/simon23a.pdf#page=13,Open Problem 3; PDF page 13
Universally Consistent Online Learning with Arbitrarily Dependent Responses,Steve Hanneke,2022,https://proceedings.mlr.press/v167/hanneke22a.html,https://proceedings.mlr.press/v167/hanneke22a/hanneke22a.pdf#page=8,Open Problem 1; PDF page 8
Open Problem: Are all VC-classes CPAC learnable?,"Sushant Agarwal, Nivasini Ananthakrishnan, Shai Ben-David, Tosca Lechner, Ruth Urner",2021,https://proceedings.mlr.press/v134/open-problem-agarwal21b.html,http://proceedings.mlr.press/v134/agarwal21b/agarwal21b.pdf#page=4,Unresolved-question passage on page 4; PDF page 4
Open Problem: Is There an Online Learning Algorithm That Learns Whenever Online Learning Is Possible?,Steve Hanneke,2021,https://proceedings.mlr.press/v134/open-problem-hanneke21b.html,http://proceedings.mlr.press/v134/hanneke21b/hanneke21b.pdf#page=3,Unresolved-question passage on page 3; PDF page 3
On the Structure of Learnability Beyond P/Poly,"Rajgopal, Ninad; Santhanam, Rahul",2021,https://doi.org/10.4230/LIPIcs.APPROX/RANDOM.2021.46,https://drops.dagstuhl.de/storage/00lipics/lipics-vol207-approx-random2021/LIPIcs.APPROX-RANDOM.2021.46/LIPIcs.APPROX-RANDOM.2021.46.pdf#page=4,Explicit open question on PDF page 4
The EM Algorithm gives Sample-Optimality for Learning Mixtures of Well-Separated Gaussians,"Jeongyeol Kwon, Constantine Caramanis",2020,https://proceedings.mlr.press/v125/kwon20a.html,http://proceedings.mlr.press/v125/kwon20a/kwon20a.pdf#page=12,Unresolved-question passage on page 12; PDF page 12
Learning from Weakly Dependent Data under Dobrushin’s Condition,"Yuval Dagan, Constantinos Daskalakis, Nishanth Dikkala, Siddhartha Jayanti",2019,https://proceedings.mlr.press/v99/dagan19a.html,http://proceedings.mlr.press/v99/dagan19a/dagan19a.pdf#page=10,Definitions 3–4 for total-variation influence and row-sum coefficient; Theorem 10 for learning; Section 5 opening question and Theorem 16 for the stronger log-influence hypothesis.
Learning from Weakly Dependent Data under Dobrushin’s Condition,Yuval Dagan; Constantinos Daskalakis; Nishanth Dikkala; Siddhartha Jayanti,2019,https://arxiv.org/abs/1906.09247,https://arxiv.org/pdf/1906.09247,"Full version, 21 June 2019; Definitions 2.1–2.2, Theorem 4.5 and Corollary 4.6; Section 5, Theorem 5.3 and equation (18), the explicit iid-order finite-VC sample-complexity target."
"Conspiracies Between Learning Algorithms, Circuit Lower Bounds, and Pseudorandomness","Oliveira, Igor C. Carboni; Santhanam, Rahul",2017,https://doi.org/10.4230/LIPIcs.CCC.2017.18,https://drops.dagstuhl.de/storage/00lipics/lipics-vol079-ccc2017/LIPIcs.CCC.2017.18/LIPIcs.CCC.2017.18.pdf#page=7,Explicit open question on PDF page 7
"Conspiracies between Learning Algorithms, Circuit Lower Bounds and Pseudorandomness — full preprint",Igor C. Oliveira; Rahul Santhanam,2016,https://arxiv.org/abs/1611.01190,https://arxiv.org/pdf/1611.01190v1,"Only listed version, 3 November 2016. Section 8 repeats the random-examples question, referring to full-version Lemma 7."
Learning algorithms from circuit lower bounds,Ján Pich,2025,https://doi.org/10.1007/s00037-024-00261-4,https://ora.ox.ac.uk/objects/uuid%3A2e31e017-e5e3-4f79-96fc-6d9487ea156f/files/rpv63g1615,"Computational Complexity 34, article 6, published 27 March 2025. Theorem 5.1, pages 30–31: random-example hypothesis, nonadaptive membership-query conclusion. The PDF header prints a different DOI year; the publisher and institutional metadata agree on the linked DOI."
Embedding Hard Learning Problems Into Gaussian Space,"Klivans, Adam; Kothari, Pravesh",2014,https://doi.org/10.4230/LIPIcs.APPROX-RANDOM.2014.793,https://drops.dagstuhl.de/storage/00lipics/lipics-vol028-approx-random2014/LIPIcs.APPROX-RANDOM.2014.793/LIPIcs.APPROX-RANDOM.2014.793.pdf#page=14,Unresolved-question passage on page 14; PDF page 14
Multiclass Learnability and the ERM principle,"Amit Daniely, Sivan Sabato, Shai Ben-David, Shai Shalev-Shwartz",2011,https://proceedings.mlr.press/v19/daniely11a.html,http://proceedings.mlr.press/v19/daniely11a/daniely11a.pdf#page=14,Open question 20; PDF page 14
The Dimension of Self-Directed Learning,"Pramith Devulapalli, Steve Hanneke",2024,https://proceedings.mlr.press/v237/devulapalli24a.html,https://proceedings.mlr.press/v237/devulapalli24a/devulapalli24a.pdf#page=16,Unresolved-question passage on page 16
On characterizations of learnability with computable learners,Tom F. Sterkenburg,2022,https://proceedings.mlr.press/v178/sterkenburg22a.html,https://proceedings.mlr.press/v178/sterkenburg22a/sterkenburg22a.pdf#page=6,Explicit open question on PDF page 6
Adversarially Robust Low Dimensional Representations,"Pranjal Awasthi, Vaggos Chatziafratis, Xue Chen, Aravindan Vijayaraghavan",2021,https://proceedings.mlr.press/v134/awasthi21a.html,http://proceedings.mlr.press/v134/awasthi21a/awasthi21a.pdf#page=7,Explicit open question on PDF page 7
Information Theoretic Optimal Learning of Gaussian Graphical Models,"Sidhant Misra, Marc Vuffray, Andrey Y. Lokhov",2020,https://proceedings.mlr.press/v125/misra20a.html,http://proceedings.mlr.press/v125/misra20a/misra20a.pdf#page=1,Explicit open question on PDF page 1
"VC Classes are Adversarially Robustly Learnable, but Only Improperly","Omar Montasser, Steve Hanneke, Nathan Srebro",2019,https://proceedings.mlr.press/v99/montasser19a.html,http://proceedings.mlr.press/v99/montasser19a/montasser19a.pdf#page=10,Explicit open question on PDF page 10
Reliably Learning the ReLU in Polynomial Time,"Surbhi Goel, Varun Kanade, Adam Klivans, Justin Thaler",2017,https://proceedings.mlr.press/v65/goel17a.html,http://proceedings.mlr.press/v65/goel17a/goel17a.pdf#page=2,Explicit open question on PDF page 2
Agnostic Membership Query Learning with Nontrivial Savings: New Results and Techniques,Ari Karchmer,2024,https://proceedings.mlr.press/v237/karchmer24a.html,https://proceedings.mlr.press/v237/karchmer24a/karchmer24a.pdf#page=6,Explicit open question on PDF page 6
Open Problem: Information Complexity of VC Learning,"Thomas Steinke, Lydia Zakynthinou",2020,https://proceedings.mlr.press/v125/steinke20b.html,http://proceedings.mlr.press/v125/steinke20b/steinke20b.pdf#page=2,Explicit open question on PDF page 2
Approximate Learning of Limit-Average Automata,"Michaliszyn, Jakub; Otop, Jan",2019,https://doi.org/10.4230/LIPIcs.CONCUR.2019.17,https://drops.dagstuhl.de/storage/00lipics/lipics-vol140-concur2019/LIPIcs.CONCUR.2019.17/LIPIcs.CONCUR.2019.17.pdf#page=3,Explicit open question on PDF page 3
Universal Online Learning with Unbounded Losses: Memory Is All You Need,"Moïse Blanchard, Romain Cosson, Steve Hanneke",2022,https://proceedings.mlr.press/v167/blanchard22a.html,https://proceedings.mlr.press/v167/blanchard22a/blanchard22a.pdf#page=16,"ALT 2022, pp. 107–127: Section 2 defines the noiseless online-learning setup; Section 7, p. 16, restates the two bounded-loss questions and the sublinear measurable visits conjecture. These historical statements were resolved at COLT 2022."
Open Problem: Is There an Online Learning Algorithm That Learns Whenever Online Learning Is Possible?,Steve Hanneke,2021,https://proceedings.mlr.press/v134/hanneke21b.html,,COLT 2021: Open Problems 1–2 and Definition 5. The source of the historical optimistically universal learning and measurable-visits questions.
Universal Online Learning: an Optimistically Universal Learning Rule,Moïse Blanchard,2022,https://proceedings.mlr.press/v178/blanchard22b.html,https://proceedings.mlr.press/v178/blanchard22b/blanchard22b.pdf,"COLT 2022, PMLR 178, pp. 1077–1125: Section 2, Theorems 3–4, Corollaries 9–10 and 14–15. Proves both optimistic universality and SUOL=SMV for bounded nonzero separable near-metric losses; also resolves the weak versions. arXiv:2201.05947v2, 8 March 2022."
Optimal Quantum Sample Complexity of Learning Algorithms,"Arunachalam, Srinivasan; de Wolf, Ronald",2017,https://doi.org/10.4230/LIPIcs.CCC.2017.25,https://drops.dagstuhl.de/storage/00lipics/lipics-vol079-ccc2017/LIPIcs.CCC.2017.25/LIPIcs.CCC.2017.25.pdf#page=28,"Section 1: classical realizable PAC model and properness; Section 5, page 25:29, the classical logarithmic-factor question."
Optimal Quantum Sample Complexity of Learning Algorithms — journal version,Srinivasan Arunachalam; Ronald de Wolf,2018,https://www.jmlr.org/papers/v19/18-195.html,https://jmlr.org/papers/volume19/18-195/18-195.pdf,"JMLR 19(71):1–36; submitted April 2018, revised September 2018, published October 2018. Footnote 2 explicitly says the extra logarithm is sometimes necessary for proper learners."
"Proper Learning, Helly Number, and an Optimal SVM Bound",Olivier Bousquet; Steve Hanneke; Shay Moran; Nikita Zhivotovskiy,2020,https://proceedings.mlr.press/v125/bousquet20a.html,https://proceedings.mlr.press/v125/bousquet20a/bousquet20a.pdf,"COLT, 9–12 July 2020, PMLR 125:582–609. Section 4, Theorem 11; Appendix C gives finite-domain constructions. Introduction footnote 1 describes prior lower-bound knowledge as folklore; Theorem 12 gives the contrasting positive SVM result."
"Foundations of Cryptography, Lecture 10",MIT 6.875,2023,https://mit6875.github.io/FA23SLIDES/lec10.pdf,,"Fall 2023 lecture; epilogue slide “A Big Open Question,” PKE from OWFs and black-box separations"
The Complexity of Public-Key Cryptography,Boaz Barak,2017,https://eprint.iacr.org/2017/365,,"Tutorials on the Foundations of Cryptography, 45–77; survey of assumptions and evidence; DOI 10.1007/978-3-319-57048-8_2"
Limits on the provable consequences of one-way permutations,Russell Impagliazzo; Steven Rudich,1989,https://doi.org/10.1145/73007.73012,,"STOC 1989, 44–61; oracle and black-box barriers for key agreement"
A Pseudorandom Generator from any One-way Function,Johan Håstad; Russell Impagliazzo; Leonid A. Levin; Michael Luby,1999,https://johanhastad.se/prgfromowf.pdf,,"SIAM Journal on Computing 28(4), 1364–1396; DOI 10.1137/S0097539793244708"
Merkle Puzzles are Optimal — an \(O(n^{2})\)-query attack on any key exchange from a random oracle,Boaz Barak; Mohammad Mahmoody-Ghidary,2009,https://www.boazbarak.org/Papers/merkle.pdf,,"Author version 18 April 2009; CRYPTO 2009, 374–390; oracle-query complexity, not arbitrary standard-model attack time"
Public-Key Encryption from the MinRank Problem,Rohit Chatterjee; Changrui Mu; Prashant Nalini Vasudevan,2026,https://arxiv.org/abs/2510.03752,,"Preprint 4 October 2025; EUROCRYPT 2026 Part IV, 449–480; hardness of planted MinRank on uniformly random instances"
Average-Case Complexity,Andrej Bogdanov; Luca Trevisan,2021,https://arxiv.org/abs/cs/0606037v3,,17 August 2021 revision of the 2006 survey; Section 1.1.6; Definitions 1 and 4 in Chapter 2; polynomial moment bound equivalent to the stated O(n) convention
On Worst-Case to Average-Case Reductions for NP Problems,Andrej Bogdanov; Luca Trevisan,2003,https://lucatrevisan.github.io/pubs/BT03.pdf,,"FOCS 2003; abstract and nonadaptive self-correction result, yielding coNP⊆AM/poly and a collapse of PH"
One-Way Functions and Boundary Hardness of Randomized Time-Bounded Kolmogorov Complexity,Yanyi Liu; Rafael Pass,2026,https://doi.org/10.4230/LIPIcs.ITCS.2026.97,,"ITCS 2026, Article 97; exact MINK^poly reduction retains the stated exponential circuit-hardness derandomization assumption"
On the \((Im)\)possibility of Obfuscating Programs,Boaz Barak; Oded Goldreich; Russell Impagliazzo; Steven Rudich; Amit Sahai; Salil Vadhan; Ke Yang,2001,https://www.wisdom.weizmann.ac.il/~oded/p_obfuscate.html,,CRYPTO 2001; author page links subsequent full versions; virtual-black-box impossibility and weaker notions
"On Lattices, Learning with Errors, Random Linear Codes, and Cryptography",Oded Regev,2009,https://cims.nyu.edu/~regev/papers/qcrypto.pdf,,"Abstract and introduction: classical public-key encryption conditional on learning-with-errors hardness; STOC 2005, journal version 2009."
Indistinguishability Obfuscation from Well-Founded Assumptions,Aayush Jain; Huijia Lin; Amit Sahai,2026,https://doi.org/10.1145/3785007,,"Journal of the ACM 73(1), Article 1, 1–30, published 12 February 2026; Theorem 1.1 and §1.1 specify four assumptions and quantitative hardness"
"Indistinguishability Obfuscation from LPN over \(F_{p}\), DLIN, and PRGs in \(\mathrm{NC}^{0}\)",Aayush Jain; Huijia Lin; Amit Sahai,2021,https://eprint.iacr.org/2021/1334,,Introduction explicitly asks whether LWE alone suffices; main theorem removes LWE from the earlier sufficient set of assumptions
Factoring and Pairings Are Not Necessary for IO: Circular-Secure LWE Suffices,Zvika Brakerski; Nico Döttling; Sanjam Garg; Giulio Malavolta,2022,https://doi.org/10.4230/LIPIcs.ICALP.2022.28,,"ICALP 2022, 28:1–28:20; circular randomness-leakage resilience and corrected shallow-XiO transformation; full version ePrint 2020/1024"
Efficient Fully Homomorphic Encryption from (Standard) LWE,Zvika Brakerski; Vinod Vaikuntanathan,2014,https://epubs.siam.org/doi/10.1137/120868669,,"SIAM Journal on Computing 43(2), 831–871; FOCS 2011 precursor; journal abstract explicitly states leveled security from LWE and the circular-security qualification"
Quantum FHE (Almost) As Secure As Classical,Zvika Brakerski,2018,https://www.iacr.org/archive/crypto2018/10993383/10993383.pdf,,"CRYPTO 2018; Section 3.3, Theorem 3.6 records the classical GSW-style polynomial-modulus bootstrappable scheme, citing Brakerski–Vaikuntanathan"
Fully Homomorphic Encryption: definitional issues and open problems,Daniele Micciancio,2022,https://cseweb.ucsd.edu/classes/wi23/cse208-a/FHEorg.pdf,,"Inherited reference; slide title dates this material May 2022, despite its 2023 course path; Bootstrapping and Circular Security, Composition and correctness slides"
Bootstrapping Homomorphic Encryption via Functional Encryption,Nir Bitansky; Tomer Solomon,2023,https://eprint.iacr.org/2023/1376.pdf,,"Inherited reference, ePrint posted September 2023; ITCS 2023 Article 17, Section 1.1 specifies FE instantiations and the additional nonuniform assumption"
Bootstrapping Homomorphic Encryption via Functional Encryption — conference version,Nir Bitansky; Tomer Solomon,2023,https://drops.dagstuhl.de/storage/00lipics/lipics-vol251-itcs2023/LIPIcs.ITCS.2023.17/LIPIcs.ITCS.2023.17.pdf,,"ITCS 2023; Theorem 1 and Section 1.1, Section 1.2’s independent-key chain, and Definition 26; accessible full text used for this review"
Dynamic multi-key FHE without CRS from LWE,Junjie Wang; Ruwei Huang; Xiaolong Tang,2026,https://link.springer.com/article/10.1186/s42400-025-00431-z,,"Cybersecurity 9, Article 31, 18 February 2026; Definitions 2.2–2.4 and construction Setup take the maximum evaluation depth L"
Efficient Quantum Fully Homomorphic Encryption,Fengxia Liu; Zixian Gong; Kun Tian; Yi Zhang; Zhiming Zheng; Maozhi Xu,2026,https://arxiv.org/abs/2604.23490,,26 April 2026; Section 3.4 Multiple Key Sets uses L+1 independent layers; p. 21 discusses L preallocated gadgets; separate quantum claims not independently validated
Algorithmic Aspects of Information Theory: open problems in secret sharing,"Amos Beimel, problem contributor; Phokion G. Kolaitis and coeditors",2023,https://drops.dagstuhl.de/entities/document/10.4230/DagRep.12.7.180,https://drops.dagstuhl.de/storage/04dagstuhl-reports/volume12/issue07/22301/DagRep.12.7.180/DagRep.12.7.180.pdf,"July 2022 seminar, report published 3 February 2023; §4, Problem (1.1), p. 198; the printed 0.525 upper exponent is not corroborated by the cited 2021 construction"
The Share Size of Secret-Sharing Schemes for Almost All Access Structures and Graphs,Amos Beimel; Oriol Farràs,2020,https://eprint.iacr.org/2020/664,,Secret-sharing definitions; a one-bit secret and share sizes measured in bits.
"Upslices, Downslices, and Secret-Sharing with Complexity of \(1.5^{n}\)",Benny Applebaum; Oded Nir,2021,https://eccc.weizmann.ac.il/report/2021/052/,,CRYPTO 2021; general one-bit-secret upper bound 2^{log₂(3/2)n+o(n)}; Appendix A.1 definitions
Resolving the Complexity of Linear Secret Sharing,Oded Nir,2026,https://eccc.weizmann.ac.il/report/2026/146/,,"Manuscript 12 August; ECCC record 15 August, publication 16 August 2026; Theorems 1.1 and 1.5. Direct claimed positive resolution, not independently proof-verified."
The Tale of One-Way Functions,Leonid A. Levin,2003,https://doi.org/10.1023/A:1023634616182,,Original reference retained. The author’s arXiv version cs/0012023v5 (2003) was checked for the complete-function result and its conditional meaning.
Wikipedia: One-way function,Wikipedia contributors,,https://en.wikipedia.org/wiki/One-way_function,,Discovery source; retrieved 2026-09-11. Evidence locator: Do one-way functions exist
Wikipedia revision used for discovery,Wikipedia contributors,,https://en.wikipedia.org/w/index.php?oldid=1368790985,,Revision timestamp: 2026-08-11T03:09:55Z
The Tale of One-way Functions,Leonid A. Levin,2003,https://arxiv.org/abs/cs/0012023v5,,Abstract and author-posted version: a combinatorial complete one-way function is one-way if any one-way function exists; this does not prove existence.
On One-way Functions and Kolmogorov Complexity,Yanyi Liu and Rafael Pass,2020,https://eccc.weizmann.ac.il/report/2020/052/,,"Revision 2, 24 September 2020: equivalence with mild average-case hardness of polynomial-time-bounded Kolmogorov complexity; the required hardness remains an assumption."
A Sharp Characterization of Pessiland,Shuichi Hirahara; Mikito Nanashima,2026,https://eccc.weizmann.ac.il/report/2026/052/,https://eccc.weizmann.ac.il/report/2026/052/revision/1/download/,"Revision 1, 23 June 2026"
Research Interests: Randomness and Computation,Leonid A. Levin,,https://www.cs.bu.edu/fac/lnd/research/ps-r.htm,,"Author’s discussion of inversion of a random image, strong and weak one-wayness, and pseudorandomness."
"Foundations of Cryptography, Volume 2: Basic Applications",Oded Goldreich,2004,https://www.wisdom.weizmann.ac.il/~oded/foc-vol2.html,,"Chapter 5. Checked the author’s March 2003 chapter draft: §§5.2.5 (uniform security), 5.4.3 (chosen-plaintext attacks), 5.5.6 (relations to one-way functions), together with the published volume’s errata."
Wikipedia: List of unsolved problems in computer science,Wikipedia contributors,,https://en.wikipedia.org/wiki/List_of_unsolved_problems_in_computer_science,,Discovery source; retrieved 2026-09-11. Evidence locator: shortest vector
Wikipedia revision used for discovery,Wikipedia contributors,,https://en.wikipedia.org/w/index.php?oldid=1345711618,,Revision timestamp: 2026-03-27T17:59:15Z
Encryption Schemes: draft chapter for Foundations of Cryptography,Oded Goldreich,2003,https://www.wisdom.weizmann.ac.il/~oded/PSBookFrag/enc.ps,,"Author’s March 2003 full draft, §§5.2.5, 5.4.3 and 5.5.6; downloaded and read after PostScript-to-PDF conversion."
Post-Quantum Cryptography from Quantum Stabilizer Decoding,"Jonathan Z. Lu, Alexander Poremba, Yihui Quek and Akshar Ramkumar",2026,https://arxiv.org/abs/2603.19110,,"19 March 2026 abstract: classical PKE from assumed average-case hardness of stabilizer decoding. The result supplies another hardness assumption, not an unconditional existence proof."
Black-Box Uselessness: Composing Separations in Cryptography,Geoffroy Couteau; Pooya Farshim; Mohammad Mahmoody,2021,https://eprint.iacr.org/2021/016,,"Introduction, classical key agreement versus OWFs, and restrictions in the stated uselessness results"
The Relationship between Public Key Encryption and Oblivious Transfer,Yael Gertner; Sampath Kannan; Tal Malkin; Omer Reingold; Mahesh Viswanathan,2000,https://vmahesh.cs.illinois.edu/papers/focs00.pdf,,"FOCS 2000, 325–335; author version 26 November 2000, Question 2, Theorems 3–4 and §§3,5; uniform-adversary convention on p.5"
Black-Box Constructions of Protocols for Secure Computation,Iftach Haitner; Yuval Ishai; Eyal Kushilevitz; Yehuda Lindell; Erez Petrank,2011,https://iftachh.github.io/MyHomepage/papers/BlackBoxMPC/black-box-mpc.pdf,,"Author version 12 December 2010; Theorems 1.1–1.2 and §2; SIAM Journal on Computing, DOI 10.1137/100790537"
Computational Hardness of Optimal FairComputation: Beyond Minicrypt,Hemanta K. Maji; Mingyuan Wang,2021,https://eprint.iacr.org/2021/882,,CRYPTO 2021; black-box PKE/key-agreement limitations for fair coin tossing
Oblivious Transfer from Rerandomizable PKE,Shuaishuai Li; Cong Zhang; Dongdai Lin,2023,https://eprint.iacr.org/2023/1002,,ICICS 2023; OT constructions assuming public rerandomization of ciphertexts
On the Implications from Updatable Encryption to Public-Key Cryptographic Primitives,Yuichi Tanishita; Ryuya Hayashi; Ryu Ishii; Takahiro Matsuda; Kanta Matsuura,2026,https://doi.org/10.1587/transfun.2025CIP0019,,"IEICE Transactions on Fundamentals E109.A(3), 216–231; two- and three-round OT implications with stated oblivious-sampling hypotheses"
One-Way Functions are Necessary and Sufficient for Secure Signatures,John Rompel,1990,https://www.cs.princeton.edu/courses/archive/spr08/cos598D/Rompel.pdf,,"STOC 1990, pp. 387–394; universal one-way hashing, not full key-first collision resistance"
Finding collisions on a one-way street: Can secure hash functions be based on general assumptions?,Daniel R. Simon,1998,https://link.springer.com/chapter/10.1007/BFb0054137,,"EUROCRYPT 1998, LNCS 1403, pp. 334–345; electronic archive dates in 2006 are not the original publication year"
Cryptographic Hashing From Strong One-Way Functions: Or: One-Way Product Functions and their Applications,Justin Holmgren; Alex Lombardi,2018,https://ieee-focs.org/FOCS-2018-Papers/pdfs/59f850.pdf,,FOCS 2018; Question I.1 and §I.A; DOI 10.1109/FOCS.2018.00085
One-Way Functions vs. TFNP: Simpler and Improved,Lukáš Folwarczný; Mika Göös; Pavel Hubáček; Gilbert Maystre; Weiqiang Yuan,2023,https://eprint.iacr.org/2023/945,,Manuscript 16 June; §1 and the stated single-query/semi-black-box restriction
Doubly-Efficient Interactive Arguments for Bounded-Space from One-Way Functions,Guy N. Rothblum,2026,https://eccc.weizmann.ac.il/report/2026/111/,,"2 July; verifier time (S+n)·poly(log T,κ), polylog(T) rounds, and explicit soundness-security loss"
Limits on the Provable Consequences of One-way Functions,Steven Rudich,1988,https://www2.eecs.berkeley.edu/Pubs/TechRpts/1988/6060.html,,"Berkeley PhD thesis, UCB/CSD-88-468, December 1988; abstract explicitly qualifies the permutation-from-function barrier by a combinatorial conjecture"
A Pseudorandom Generator from any One-way Function,Johan Håstad; Russell Impagliazzo; Leonid A. Levin; Michael Luby,1999,https://epubs.siam.org/doi/10.1137/S0097539793244708,,"SIAM Journal on Computing 28(4), 1364–1396; PRG–OWF existence equivalence, not a construction of permutations"
On Black-Box Separations among Injective One-Way Functions,Takahiro Matsuda; Kanta Matsuura,2011,https://link.springer.com/chapter/10.1007/978-3-642-19571-6_36,,"TCC 2011, LNCS 6597, 597–614; abstract gives the one-bit-expansion and adaptive-one-wayness qualifications"
On Constructing One-Way Permutations from Indistinguishability Obfuscation,Gilad Asharov; Gil Segev,2015,https://eprint.iacr.org/2015/752.pdf,,"Inherited reference; ePrint metadata revised 11 October 2015, TCC 2016-A, Journal of Cryptology 31(3), 698–736 (2018); OWF-only and domain-invariant obfuscation barriers are distinct"
"On One-Shot Signatures, Quantum vs Classical Binding, and Obfuscating Permutations",Omri Shmueli; Mark Zhandry,2025,https://arxiv.org/abs/2507.12456,,16 July 2025; Theorem 6 states full-domain trapdoor permutations from subexponentially secure iO and OWFs; Section 1.4 explains why the Asharov–Segev barrier does not apply
CS 276 — Projects,Luca Trevisan,,https://theory.stanford.edu/~trevisan/cs276/projects.html,,Inherited source; Impossibility Results section explicitly poses CCA from CPA in a black-box way or in any way; undated course page
Towards a Separation of Semantic and CCA Security for Public Key Encryption,Yael Gertner; Tal Malkin; Steven Myers,2007,https://www.iacr.org/archive/tcc2007/43920433/43920433.pdf,,TCC 2007; abstract states the no-encryption-query restriction on the constructed decryption algorithm
Black-Box Construction of a Non-malleable Encryption Scheme from Any Semantically Secure One,Seung Geol Choi; Dana Dachman-Soled; Tal Malkin; Hoeteck Wee,2008,https://www.cs.columbia.edu/~dglasner/MyPapers/non-mal.pdf,,TCC 2008; introduction’s Bounded CCA2 non-malleability discussion fixes q before the construction
Realizing Chosen Ciphertext Security Generically in Attribute-Based Encryption and Predicate Encryption,Venkata Koppula; Brent Waters,2019,https://www.iacr.org/archive/crypto2019/116940363/116940363.pdf,,"CRYPTO 2019; extra hinting-PRG assumption, including ordinary public-key encryption as a case"
Chosen Ciphertext Security from Injective Trapdoor Functions,Susan Hohenberger; Venkata Koppula; Brent Waters,2020,https://par.nsf.gov/servlets/purl/10295635,,CRYPTO 2020; introduction and main construction: injective TDFs suffice without lossiness or correlated-product assumptions; author manuscript also ePrint 2020/759
Chosen Ciphertext Security via BARGs,Takahiro Matsuda,2025,https://eprint.iacr.org/2023/1957,,"First posted 25 December 2023, PKC 2025; revised 12 May 2025, Section 1.2 weakens proof succinctness beyond what is known to imply NIZK"
"Threshold Public-Key Encryption: Definitions, Relations, and CPA-to-CCA Transforms",Chris Brzuska; Michael Klooß; Ivy K. Y. Woo,2026,https://eprint.iacr.org/2025/1665,,"PKC 2026 full version, revised 17 July 2026; the arbitrary-CPA transform uses a random oracle, while the other route requires semi-malicious CPA security"
Commitment Schemes and Zero-Knowledge Protocols (2011),Ivan Damgård; Jesper Buus Nielsen,2011,https://homepages.cwi.nl/~schaffne/courses/crypto/2014/papers/ComZK08.pdf,,"Inherited reference; title page says 2011 despite filename ComZK08; pp. 28–29, Theorem 3.5 and the question immediately following it"
Noninteractive Zero Knowledge for NP from (Plain) Learning With Errors,Chris Peikert; Sina Shiehian,2019,https://web.eecs.umich.edu/~cpeikert/pubs/nizk-lwe.pdf,,"Author manuscript 5 June 2019; CRYPTO 2019, 89–114; plain LWE, with computational/statistical soundness and zero-knowledge modes"
Batch Arguments to NIZKs from One-Way Functions,Eli Bradley; Brent Waters; David J. Wu,2024,https://eprint.iacr.org/2023/1938,,"TCC 2024; first posted 21 December 2023, revised 20 September 2024; adaptively sound BARG plus OWF implication"
Black-Box Non-Interactive Zero Knowledge from Vector Trapdoor Hash,Pedro Branco; Arka Rai Choudhuri; Nico Döttling; Abhishek Jain; Giulio Malavolta; Akshayaram Srinivasan,2025,https://eprint.iacr.org/2024/1514,,"EUROCRYPT 2025, updated 30 March 2026; single-theorem constructions and multi-theorem upgrade, with LWE or DDH/LPN assumptions"
Fiat-Shamir in the Plain Model from Derandomization (Or: Do Efficient Algorithms Believe that \(\mathrm{NP} = \mathrm{PSPACE}\)?),Lijie Chen; Ron D. Rothblum; Roei Tell,2025,https://eccc.weizmann.ac.il/report/2024/116/,,"Revision 1, 3 April 2025, first posted July 2024; Corollary 1.11, subexponential OWF plus a strong extra hardness assumption; uniform adversaries"
Non-Trivial Zero-Knowledge Implies One-Way Functions,Suvradip Chakraborty; James Hulett; Dakshita Khurana; Kabir Tomer,2026,https://arxiv.org/abs/2602.17651,,19 February 2026; Section 4 and abstract: nontrivial NIZK implies OWF assuming NP⊈ioP/poly; Section 6 treats amplification
Succinct Zero-Knowledge Proofs from One-Way Functions: The Blackbox Way,Eden Florentz–Konopnicki; Ron D. Rothblum,2026,https://doi.org/10.1007/978-3-032-35424-2_6,,"CRYPTO 2026, 157–188, online 11 August 2026; Theorem 1.1 is a public-coin interactive protocol; ECCC25/162 revised 21 February 2026"
Twenty Years of Attacks on the RSA Cryptosystem,Dan Boneh,1999,https://crypto.stanford.edu/~dabo/papers/RSA-survey.pdf,,Open Problem 1; fixed-exponent average-case specialization is editorial.
Can Statistical Zero-Knowledge Be Made Non-Interactive? or On the Relationship of SZK and NISZK,Oded Goldreich; Amit Sahai; Salil Vadhan,1999,https://doi.org/10.1007/3-540-48405-1_30,,Definitions of NISZK and SZK and their relationship.
Can Statistical Zero-Knowledge Be Made Non-Interactive? or On the Relationship of SZK and NISZK,Oded Goldreich; Amit Sahai; Salil Vadhan,1999,https://eccc.weizmann.ac.il/report/1999/013/download,,"Sections 1.1–1.2: Definition 1.1, Theorem 1.3 and the statistical-difference completeness discussion. Full author PostScript version also read."
On the Power of Hierarchical Identity-Based Encryption,Mohammad Mahmoody; Ameer Mohammed,2015,https://eprint.iacr.org/2015/815.pdf,,Abstract and black-box separations involving fully homomorphic encryption.
Lecture 15: Fully Homomorphic Encryption,MIT 6.875 course notes,2025,https://mit6875.github.io/LECNOTES/lec15.pdf,,"Definition of homomorphic encryption, correctness, security and compactness, pp. 3–4; polynomial circuit-family convention expanded explicitly here."
Bootstrapping Homomorphic Encryption via Functional Encryption,Nir Bitansky; Tomer Solomon,2023,https://doi.org/10.4230/LIPIcs.ITCS.2023.17,,Abstract and Theorem 1 in the saved primary text: additional functional-encryption premise and uniform versus nonuniform security distinction; not FHE from arbitrary PKE.
"Foundations of Cryptography, Volume 1: Basic Tools",Oded Goldreich,2001,https://www.wisdom.weizmann.ac.il/~oded/foc-vol1.html,,"Sections 4.3.1.5–4.3.1.6, printed p. 205; Definition 4.3.1 for bounded-failure perfect simulation"
On the Power of Statistical Zero Knowledge,Adam Bouland; Lijie Chen; Dhiraj Holden; Justin Thaler; Prashant Nalini Vasudevan,2020,https://epubs.siam.org/doi/10.1137/17M1161749,,"Sections 1.2, 2.1 and 5; Theorem 1.2 and Definitions 2.1, 5.1. Author manuscript: ECCC TR16-140 revision 3 (2017)"
Perfect Zero-Knowledge PCPs for #P,Tom Gur; Jack O’Connor; Nicholas Spooner,2024,https://arxiv.org/abs/2403.11941,,"Introduction, printed pp. 3–4: PZK=SZK remains unknown; PCP model distinction"
Cryptography in \(\mathrm{NC}^{0}\),Benny Applebaum; Yuval Ishai; Eyal Kushilevitz,2006,https://doi.org/10.1137/S0097539705446950,,Main reductions from NC¹ primitives and the distinction from arbitrary one-way functions.
Generic-Group Identity-Based Encryption: A Tight Impossibility Result,Gili Schul-Ganz; Gil Segev,2021,https://eprint.iacr.org/2021/745.pdf,,Introduction and generic-group impossibility threshold.
Identity-Based Encryption from the Weil Pairing,Dan Boneh; Matthew Franklin,2003,https://crypto.stanford.edu/~dabo/pubs/papers/bfibe.pdf,,"Section 2, especially the IND-ID-CPA experiment on pp. 5–6; used for definitions, not its random-oracle construction."
New ways of studying the \(\mathrm{BPP} = \mathrm{P}\) conjecture,Lijie Chen; Roei Tell,2023,https://eccc.weizmann.ac.il/report/2023/094/,https://eccc.weizmann.ac.il/report/2023/094/download/#page=17,Open Problem 3.12; PDF page 17
Information-Theoretic Distributed Point Functions,"Boyle, Elette; Gilboa, Niv; Ishai, Yuval; Kolobov, Victor I.",2022,https://doi.org/10.4230/LIPIcs.ITC.2022.17,https://drops.dagstuhl.de/storage/00lipics/lipics-vol230-itc2022/LIPIcs.ITC.2022.17/LIPIcs.ITC.2022.17.pdf#page=12,Unresolved-question passage on page 12; PDF page 12
Hardness of KT Characterizes Parallel Cryptography,"Ren, Hanlin; Santhanam, Rahul",2021,https://doi.org/10.4230/LIPIcs.CCC.2021.35,https://drops.dagstuhl.de/storage/00lipics/lipics-vol200-ccc2021/LIPIcs.CCC.2021.35/LIPIcs.CCC.2021.35.pdf#page=30,Unresolved-question passage on page 30; PDF page 30
A Relativization Perspective on Meta-Complexity,"Ren, Hanlin; Santhanam, Rahul",2022,https://doi.org/10.4230/LIPIcs.STACS.2022.54,https://drops.dagstuhl.de/storage/00lipics/lipics-vol219-stacs2022/LIPIcs.STACS.2022.54/LIPIcs.STACS.2022.54.pdf#page=4,"Section 1.1.3, Question 12: unconditional computational zero knowledge for some gap MCSP or MINKT; Section 2.3: relativization limitation."
A Relativization Perspective on Meta-Complexity — full version,Hanlin Ren; Rahul Santhanam,2021,https://eccc.weizmann.ac.il/report/2021/089/,https://eccc.weizmann.ac.il/report/2021/089/download,"ECCC TR21-089, 25 June 2021. Question 1.12 and Section 1.2.3; Section 2.1 distinguishes circuits, Levin Kt and unary-time-bounded Kolmogorov complexity."
Robustness of Average-Case Meta-Complexity via Pseudorandomness,Rahul Ilango; Hanlin Ren; Rahul Santhanam,2022,https://doi.org/10.1145/3519935.3520051,https://hanlin-ren.github.io/files/pdf/stoc22_robustness.pdf,"STOC 2022, pages 1575–1583. Theorem 2.7: infinitely-often average-case computational zero knowledge; the MCSP result assumes a locally samplable distribution."
One-Way Functions and Zero Knowledge,Shuichi Hirahara; Mikito Nanashima,2026,https://doi.org/10.1137/24M1689971,https://eccc.weizmann.ac.il/report/2024/063/download,"SIAM Journal on Computing, published online 26 January 2026, following STOC 2024. Publisher abstract and publication history checked. Detailed model and Theorem 2.1 read in full ECCC TR24-063, 6 April 2024: Section 4.1 uses a strict upper no-threshold; Definitions 4.1–4.2 define proofs and zero knowledge. This link is the 2024 author version, not the full 2026 publisher PDF."
Exponential Correlated Randomness Is Necessary in Communication-Optimal Perfectly Secure Two-Party Computation,"Hiwatashi, Keitaro; Nuida, Koji",2023,https://doi.org/10.4230/LIPIcs.ITC.2023.18,https://drops.dagstuhl.de/storage/00lipics/lipics-vol267-itc2023/LIPIcs.ITC.2023.18/LIPIcs.ITC.2023.18.pdf#page=2,Explicit open question on PDF page 2
On the Computational Hardness Needed for Quantum Cryptography,"Brakerski, Zvika; Canetti, Ran; Qian, Luowen",2023,https://doi.org/10.4230/LIPIcs.ITCS.2023.24,https://drops.dagstuhl.de/storage/00lipics/lipics-vol251-itcs2023/LIPIcs.ITCS.2023.24/LIPIcs.ITCS.2023.24.pdf#page=1,Explicit open question on PDF page 1
Pseudorandomness,Salil P. Vadhan,2012,https://people.seas.harvard.edu/~salil/pseudorandomness/,https://people.seas.harvard.edu/~salil/pseudorandomness/pseudorandomness-published-Dec12.pdf#page=146,Open Problem 5.20; PDF page 146
SIGACT Open Problems Column,,2024,https://www.cs.umd.edu/~gasarch/open/LUCA/luca.pdf,https://www.cs.umd.edu/~gasarch/open/LUCA/luca.pdf#page=2,Conjecture 2.1
A Decade of Lattice Cryptography,Chris Peikert,2016,https://eprint.iacr.org/2015/939,https://eprint.iacr.org/2015/939.pdf#page=77,Question 8; PDF page 77
Can Verifiable Delay Functions Be Based on Random Oracles?,"Mahmoody, Mohammad; Smith, Caleb; Wu, David J.",2020,https://doi.org/10.4230/LIPIcs.ICALP.2020.83,https://drops.dagstuhl.de/storage/00lipics/lipics-vol168-icalp2020/LIPIcs.ICALP.2020.83/LIPIcs.ICALP.2020.83.pdf#page=3,"Sections 1.1 and 5, non-tight and computational-uniqueness questions; Definitions 1–4 and 7–9, parallel ROM security; Corollary 16, tight barrier."
Breaking Verifiable Delay Functions in the Random Oracle Model,Ziyi Guan; Artur Riazanov; Weiqiang Yuan,2025,https://eprint.iacr.org/2024/766,https://eprint.iacr.org/2024/766.pdf,"CRYPTO 2025; current ePrint is a major revision dated 12 July 2026, Sections 3.1 and 5. Public-coin setup scope identified by the EUROCRYPT 2026 follow-up."
Impossibility of VDFs in the ROM: The Complete Picture,Hamza Abusalah; Karen Azari; Chethan Kamath; Erkan Tairi; Maximilian von Consbruch,2026,https://eprint.iacr.org/2025/1773,https://eprint.iacr.org/2025/1773.pdf,"EUROCRYPT 2026, revision 5 March 2026; Sections 3.2–3.3, Definition 1; Section 5, Theorem 4 and Corollary 1, including private-coin setup."
The Quantum PCP Conjecture,Dorit Aharonov; Itai Arad; Thomas Vidick,2013,https://arxiv.org/abs/1309.7495,,Hamiltonian formulation
Private PCPs from Product Expansion,Mitali Bafna; Nikhil Vyas,2026,https://eccc.weizmann.ac.il/report/2026/150/,https://eccc.weizmann.ac.il/report/2026/150/download/#page=5,Introduction; Theorem 1.2; Conjecture 1.4
Polynomial-Time Algorithms for Prime Factorization and Discrete Logarithms on a Quantum Computer,Peter W. Shor,1996,https://arxiv.org/abs/quant-ph/9508027v2,,"25 January 1996 revision; preliminary FOCS 1994 result, subsequent SIAM Journal on Computing publication"
Oracle Separation of BQP and PH,Ran Raz; Avishay Tal,2022,https://doi.org/10.1145/3530258,,"JACM 69(4), Article 30; preliminary STOC 2019 version; the theorem is explicitly relativized"
Unconditional Quantum Advantage for Sampling with Shallow Circuits,Adam Bene Watts; Natalie Parham,2026,https://quantum-journal.org/papers/q-2026-08-12-2188/,,"Quantum 10, 2188, published 12 August 2026; corresponding arXiv:2301.00995v5. The uniform sampling theorem restricts classical fan-in and randomness."
An Area Law for One Dimensional Quantum Systems,Matthew B. Hastings,2007,https://arxiv.org/abs/0705.2024v4,,Journal of Statistical Mechanics P08024 (2007); corrected arXiv version 10 July 2018
An area law for 2D frustration-free spin systems,Anurag Anshu; Itai Arad; David Gosset,2022,https://arxiv.org/abs/2103.02492v3,,"STOC 2022, DOI 10.1145/3519935.3519962; 17 February 2023 version, Theorem 1.1, local gap Eq. (41), and final entropy bound following Eq. (48)"
Entanglement spread area law in gapped ground states,Anurag Anshu; Aram W. Harrow; Mehdi Soleimanifar,2022,https://doi.org/10.1038/s41567-022-01740-7,,"Nature Physics 18, 1362–1366; author preprint arXiv:2004.15009, titled From communication complexity to an entanglement spread area law in the ground state of gapped local Hamiltonians"
Area Laws and Tensor Networks for Maximally Mixed Ground States,Itai Arad; Raz Firanko; Rahul Jain,2026,https://doi.org/10.1007/s00220-026-05554-z,,"Communications in Mathematical Physics 407, article 54; 5 February 2026; introduction and Definition 2.1 explain the required approximate-projector hypothesis"
Quantum matter is weakly entangled at low energies,Samuel J. Garratt; Dmitry A. Abanin,2026,https://arxiv.org/abs/2604.14143v1,,15 April 2026 preprint; entropy bounds from thermal data and frustration-free subsystem ground-space dimensions
Two-dimensional local Hamiltonian problem with area laws is QMA-complete,Yichen Huang,2021,https://doi.org/10.1016/j.jcp.2021.110534,,"Journal of Computational Physics 443, 110534; Theorem 1 and discussion distinguishing area laws from efficient state representations"
Verification of quantum computation: An overview of existing approaches,Alexandru Gheorghiu; Theodoros Kapourniotis; Elham Kashefi,2018,https://arxiv.org/abs/1709.06984,,"Survey v2, 9 July 2018; Theory of Computing Systems, DOI 10.1007/s00224-018-9872-3; classification by verifier capabilities and assumptions"
Interactive Proofs for Quantum Computations,Dorit Aharonov; Michael Ben-Or; Elad Eban; Urmila Mahadev,2017,https://arxiv.org/abs/1704.04487,,14 April 2017 journal-version manuscript; verifier with a small quantum register; original 2008 work and ICS 2010 presentation
A classical leash for a quantum system: Command of quantum systems via rigidity of CHSH games,Ben W. Reichardt; Falk Unger; Umesh Vazirani,2012,https://arxiv.org/abs/1209.0448,,3 September 2012 full proof; classical control of separated entangled subsystems
Classical Verification of Quantum Computations,Urmila Mahadev,2018,https://arxiv.org/abs/1804.01082,,"FOCS 2018; initial preprint 3 April 2018, current v3 8 December 2023; measurement protocol and LWE-based soundness"
How to Classically Verify a Quantum Cat without Killing It,Yael Tauman Kalai; Dakshita Khurana; Justin Raizes,2026,https://arxiv.org/abs/2602.09282,,"Preprint v1, 9 February 2026; one-copy QMA witness preservation under post-quantum LWE"
Verification of Quantum Computations Without Trusted Preparations or Measurements,Elham Kashefi; Dominik Leichtle; Luka Music; Harold Ollivier,2026,https://advanced.onlinelibrary.wiley.com/doi/10.1002/qute.202501018,,"Advanced Quantum Technologies 9(5):e01018, 7 May 2026; trusted-gate constructions; preprint arXiv:2403.10464"
A Relativizing MIP for BQP,"Scott Aaronson, Anand Natarajan, Avishay Tal, Ági Villányi",2026,https://arxiv.org/abs/2604.11952,https://arxiv.org/pdf/2604.11952,"arXiv:2604.11952v1, submitted 13 April 2026; PDF dated 15 April. Full abstract, introduction, Theorems 1–2 and opening of Section 2 read. The stated containment is in classical MIP, allowing multiple provers; it does not settle either single-prover question. Proofs not independently audited."
Mixed-state entanglement and distillation: is there a “bound” entanglement in nature?,Michał Horodecki; Paweł Horodecki; Ryszard Horodecki,1998,https://arxiv.org/abs/quant-ph/9801069,,"Physical Review Letters 80, 5239–5242; necessity of NPT for distillation"
Evidence for Bound Entangled States with Negative Partial Transpose,David P. DiVincenzo; Peter W. Shor; John A. Smolin; Barbara M. Terhal; Ashish V. Thapliyal,2000,https://arxiv.org/abs/quant-ph/9910026,,"Physical Review A 61, 062312; candidate families and positive-map reformulation"
A solution to 2-copy distillability of Werner states,Jinshi Fu; Li Gao; Sang-Jun Park,2026,https://arxiv.org/abs/2607.21367,,"v2, 27 July; introduction gives the Schmidt-rank criterion and Werner thresholds; Theorem 1.1 settles two copies"
On the two-copy distillability of Werner states and a new partial trace inequality,Thomas C. Fraser; Felix Huber; Balázs Pozsgay; István Vona,2026,https://arxiv.org/abs/2607.24309,,"v1, 27 July; Theorem A and Corollaries B–C; PDF dated 28 July"
Two-copy nondistillability of Werner states: sharp partial-trace inequalities and finite-copy extensions,Kishor Bharti; Rishikesh Gajjala; Tobias Haug,2026,https://arxiv.org/abs/2607.24479,,"v1, 27 July; all-copy reformulations and obstacles to induction"
Sharp Plucker Geometry for Three-Copy Werner Distillation,Tianhao Wu; Qiran Zou,2026,https://arxiv.org/abs/2608.02647,,"v1, submitted 31 July; restricted three-copy coefficient-operator sectors"
Quantum Locally Testable Code with Constant Soundness,Andrew Cross; Zhiyang He; Anand Natarajan; Mario Szegedy; Guanyu Zhu,2024,https://quantum-journal.org/papers/q-2024-10-18-1501/,,"Quantum 8, 1501, 18 October; Definition 2.4 specifies the distance-operator inequality; Theorems 1.1–1.3 and parameter tables"
Asymptotically Good Quantum and Locally Testable Classical LDPC Codes,Pavel Panteleev; Gleb Kalachev,2022,https://arxiv.org/abs/2111.03654,,"v2, 21 January; STOC 2022, DOI 10.1145/3519935.3520017; good qLDPC and classical LTC theorems are separate"
Local testability of distance-balanced quantum codes,Adam Wills; Ting-Chun Lin; Min-Hsiu Hsieh,2024,https://www.nature.com/articles/s41534-024-00908-8,,"npj Quantum Information 10, Article 120, 20 November; soundness decreases by at most the balancing code length"
Expansion of higher-dimensional cubical complexes with application to quantum locally testable codes,Irit Dinur; Ting-Chun Lin; Thomas Vidick,2025,https://arxiv.org/abs/2402.07476,,"v3, 4 September, correcting the code-rate analysis; Theorem 1.1 and Corollary 3.9; FOCS 2024 precursor"
NLTS Hamiltonians from Good Quantum Codes,Anurag Anshu; Nikolas P. Breuckmann; Chinmay Nirkhe,2023,https://arxiv.org/abs/2206.13228,,"STOC 2023, pages 1090–1096; current v4, 5 December 2024, with no technical changes between revised versions"
Transversal non-Clifford gates on almost-good quantum LDPC and quantum locally testable codes,Yiming Li; Zimu Li; Zi-Wen Liu,2026,https://arxiv.org/abs/2604.01874,,"Corrected v2, 2 July; Theorem 1.1: qLTC distance Θ(N/log^{2r−1}N) and soundness Θ(1/log^{2r−1}N); r=3 gives a non-Clifford CCZ"
"Probabilistically Checking Quantum Proofs, with Interaction",Baocheng Sun; Thomas Vidick,2026,https://arxiv.org/abs/2606.09588,,"v1, 8 June; quantum interactive oracle proofs, polynomial communication and polylogarithmic total qubit queries"
Thermodynamic stability criteria for a quantum memory based on stabilizer and subsystem codes,Stefano Chesi; Daniel Loss; Sergey Bravyi; Barbara M. Terhal,2010,https://arxiv.org/abs/0907.2807,,"New Journal of Physics 12, 025013; Markovian bath model and Theorem 1, used by the May 2026 construction"
Quantum memories at finite temperature,Benjamin J. Brown; Daniel Loss; Jiannis K. Pachos; Chris N. Self; James R. Wootton,2016,https://arxiv.org/abs/1411.6643,,"Reviews of Modern Physics 88, 045005; passive storage, noise models and dimensional examples"
Symmetry protected self correcting quantum memory in three space dimensions,Charles Stahl; Rahul Nandkishore,2021,https://arxiv.org/abs/2103.08622,,"Physical Review B 103, 235112; protection depends on enforcing a one-form symmetry on the dynamics"
Cored product codes for quantum self-correction in three dimensions,Brenden Roberts; Jin Ming Koh; Yi Tan; Norman Y. Yao,2026,https://arxiv.org/abs/2510.05479,,"v2, 23 January; finite-temperature numerical evidence, rather than a proved thermodynamic-limit lifetime"
A passive self-correcting quantum memory in three dimensions,Shankar Balasubramanian; Margarita Davydova; Ting-Chun Lin,2026,https://arxiv.org/abs/2605.10943,,"v1, 11 May; Theorems 1.1–1.2, §2.5 and §5.4; thermal encoding and limitations in §1.3. Use the trace-norm estimate, not the reversed first-threshold inequality printed in Eq. (5)"
Partial Self-Correction in Layer Codes,Dominic J. Williamson,2026,https://journals.aps.org/prl/abstract/10.1103/mb89-8436,,"Physical Review Letters 137, 090601, 25 August; arXiv:2510.09218 precursor; fixed-temperature crossover remains essential"
The private classical capacity and quantum capacity of a quantum channel,Igor Devetak,2005,https://arxiv.org/abs/quant-ph/0304127,,"First posted 18 April 2003; checked v6, 21 October 2004; IEEE Transactions on Information Theory 51(1), 44–55, 2005; quantum coding theorem and regularization"
Quantum cloning and the capacity of the Pauli channel,Nicolas J. Cerf,2000,https://arxiv.org/abs/quant-ph/9803058,,"Physical Review Letters 84, 4497; no-cloning upper bound; full-range antidegradability is also recorded after Corollary 6 of the August 2026 certificate paper"
Quantum and private capacities of low-noise channels,Felix Leditzky; Debbie Leung; Graeme Smith,2018,https://arxiv.org/abs/1705.04335,,"Physical Review Letters 120, 160503; latest v3, 5 December 2023; §4.1 and Theorem 13 for depolarizing noise"
Geometric optimization for quantum communication,Chengkai Zhu; Hongyu Mao; Kun Fang; Xin Wang,2025,https://arxiv.org/abs/2509.15106,,"v2, 14 October; §3.4 upper bounds for depolarizing channels; TQC 2026 Information Theory session, 4 September"
Enhanced quantum capacity thresholds from symmetry,Avantika Agarwal; Amolak Ratan Kalra; Sungjai Lee; Debbie Leung; Luke Schaeffer; Pulkit Sinha; Graeme Smith,2026,https://arxiv.org/abs/2605.09138,,"v2, 13 May; §1.2 reports per-Pauli p=0.064657 at length 45; numerical threshold evaluation"
A certified lower bound on the quantum-capacity threshold of the depolarizing channel,Artus Krohn-Grimberghe,2026,https://arxiv.org/abs/2608.15870,,"v2, 18 August; Theorem 5, Corollary 6 and §7 limitations; q=3p conversion; verification artifact DOI 10.5281/zenodo.21962925"
Sharp Quantum Capacity Thresholds: Exponential Strong Converses for Degradable and Antidegradable Channels,Tulja Varun Kondra; Raphael Brinster; Hermann Kampermann; Dagmar Bruß; Nikolai Wyderka,2026,https://arxiv.org/abs/2608.01308,,"v1, 2 August; fidelity above capacity, not an exact evaluation of the intermediate depolarizing-capacity curve"
Polynomial-Time Algorithms for Prime Factorization and Discrete Logarithms on a Quantum Computer,Peter W. Shor,1997,https://arxiv.org/abs/quant-ph/9508027,,"SIAM Journal on Computing 26(5), 1484–1509; preliminary FOCS 1994; quantum algorithm, not a classical solver"
A fast quantum mechanical algorithm for database search,Lov K. Grover,1996,https://arxiv.org/abs/quant-ph/9605043,,"STOC 1996, 212–219; checked v3, 19 November 1996; O(√M) search over M candidates"
Strengths and Weaknesses of Quantum Computing,Charles H. Bennett; Ethan Bernstein; Gilles Brassard; Umesh Vazirani,1997,https://arxiv.org/abs/quant-ph/9701001,,"SIAM Journal on Computing 26(5), 1510–1523; random-oracle NP lower bound; the oracle setting is essential"
Complexity of detecting large coefficients in the Pauli basis,Santiago Cifuentes,2026,https://arxiv.org/abs/2606.19545,,17 June 2026; promised ε-versus-ε/2 Pauli-coefficient detection for circuit-prepared states; NP reduction and conditional exclusion from BQP
Separating Quantum and Classical Advice with Good Codes,John Bostanci; Andrew Huang; Vinod Vaikuntanathan,2026,https://eccc.weizmann.ac.il/report/2026/020/,https://eccc.weizmann.ac.il/report/2026/020/download/,Introduction
Continuity of quantum channel capacities,Debbie Leung; Graeme Smith,2009,https://arxiv.org/abs/0810.4931,,"Checked v2, 18 February 2009; Communications in Mathematical Physics 292, 201–215; Sections III–IV, explicit finite-output-dimension continuity bounds"
Unbounded number of channel uses may be required to detect quantum capacity,Toby Cubitt; David Elkouss; William Matthews; Maris Ozols; David Pérez-García; Sergii Strelchuk,2015,https://www.nature.com/articles/ncomms7739,,"Nature Communications 6, Article 6739, 31 March 2015; channel construction for arbitrary prescribed block length; not an uncomputability theorem"
Undecidability in Physics: a Review,Álvaro Perales-Eceiza; Toby Cubitt; Mile Gu; David Pérez-García; Michael M. Wolf,2025,https://arxiv.org/abs/2410.16532,,"Checked v2, 14 July 2025, quantum-information discussion, preprint pp. 42–46; Physics Reports 1138, 1–29"
Undecidability in physics: A review — journal version,Álvaro Perales-Eceiza; Toby Cubitt; Mile Gu; David Pérez-García; Michael M. Wolf,2025,https://doi.org/10.1016/j.physrep.2025.06.004,,Inherited journal reference retained; text checked in the authors’ arXiv v2 because publisher retrieval returned 403
On the undecidability of quantum channel capacities,Archishna Bhattacharyya; Arthur Mehta; Yuming Zhao,2026,https://arxiv.org/abs/2601.22471,,"First posted 30 January 2026; checked corrected v3, 30 March 2026; Theorems 1.1–1.2, Section 1.2.1 circuit representation, Definition 2.3 and Corollaries 3.13 and 4.2; v2 error corrected in Sections 2 and 4"
Another subexponential-time quantum algorithm for the dihedral hidden subgroup problem,Greg Kuperberg,2013,https://arxiv.org/abs/1112.3333,,"Inherited preprint posted 14 December 2011; TQC 2013, LIPIcs 22, 20–34; §§2–4 distinguish total work, quantum memory and hidden-shift access"
A Subexponential-Time Quantum Algorithm for the Dihedral Hidden Subgroup Problem,Greg Kuperberg,2005,https://epubs.siam.org/doi/10.1137/S0097539703436345,,"SIAM Journal on Computing 35(1), 170–188; main time and query bounds"
The dihedral hidden subgroup problem,Imin Chen; David Sun,2024,https://arxiv.org/abs/2106.09907,,"Journal of Mathematical Cryptology 18(1), DOI 10.1515/jmc-2022-0029; preprint v2 October 2022, §§4–6"
A Subexponential Time Algorithm for the Dihedral Hidden Subgroup Problem with Polynomial Space,Oded Regev,2004,https://arxiv.org/abs/quant-ph/0406151,,Polynomial-space variant; time exp(O(√(log N log log N)))
Quantum Computation and Lattice Problems,Oded Regev,2004,https://cims.nyu.edu/~regev/papers/quantum_average.pdf,,"SIAM Journal on Computing 33(3), 738–760; lattice reduction requires an algorithm operating on coset samples"
A Quantum Polynomial-Time Solution to The Dihedral Hidden Subgroup Problem,Matthew Moore; Grace Young,2022,https://arxiv.org/abs/2202.09697,,"WITHDRAWN v2, 23 February 2022; author explanation concerning Lemma 4.3"
A Polynomial-Time Quantum Algorithm for the Dihedral Coset Problem,Daniel R. Simon,2026,https://eprint.iacr.org/2026/1591,,"Abstract and history, latest listed revision 17 August 2026. Lattice consequence is polynomial-factor approximate SVP, not exact SVP; the page acknowledges the critical response."
The ePrint:\(2026/1591\) Quantum Algorithm Does Not Solve DCP,"Aparna Gupte, Seyoon Ragavan and Mark Zhandry",2026,https://eprint.iacr.org/2026/1693,,"Abstract and history, revision 1 September 2026: a no-go result for Simon’s proposed DCP algorithm. Linked Lean development not rerun in this review."
Rigorous Statements and Proofs of the Lemmas in Simon's Algorithm for the Dihedral Coset Problem and Their Underlying Hypothesis,Yuchen Guo; Shuo Yang,2026,https://arxiv.org/abs/2608.16598,,17 August 2026; corrected lemmas and the remaining independence hypothesis
The Hidden Subgroup Problem in Semidirect Products and Quasi-Hamiltonian Groups,Mauro E. S. Morales,2026,https://arxiv.org/abs/2608.05321,,"5 August 2026; introduction and stated restrictions on exponent, generator rank and structured input"
Ten Semi-Grand Challenges for Quantum Computing Theory,Scott Aaronson,2005,https://www.scottaaronson.com/writings/qchallenge.html,,"Challenge 5, Beyond Shor and Grover; written July 2005; historical motivation only"
A Quantum-Inspired Algorithm for Graph Isomorphism,Innes L. Maxwell; Stefan N. van den Hoven; Jelmer J. Renema,2026,https://arxiv.org/abs/2512.24423,,"Inherited preprint; v3 posted 2 June 2026, original December 2025; §2 distinguishes necessary conditions from the inefficient sufficient full-order test"
Graph Isomorphism in Quasipolynomial Time,László Babai,2015,https://arxiv.org/abs/1512.03547,,"Main theorem; deterministic quasipolynomial-time algorithm for GI, SI and CI"
"Graph Isomorphism update, January 9, 2017",László Babai,2017,https://people.cs.uchicago.edu/~laci/update.html,,Quasipolynomial claim restored; January 14 addition links the corrected recursive step
Limitations of Quantum Coset States for Graph Isomorphism,Sean Hallgren; Martin Roetteler; Pranab Sen,2005,https://arxiv.org/abs/quant-ph/0511148,,"Original three-author preprint; later joint version with Cristopher Moore and Alexander Russell, STOC 2006 and JACM 57(6), Article 34 (2010)"
Quantum state isomorphism problems for groups,Alexandru Gheorghiu; Dale Jacobs; Saeed Mehraban; Arsalan Motamedi,2026,https://arxiv.org/abs/2605.12615,,12 May 2026; §§4.4–4.5 distinguish Pauli BQP-completeness from Clifford GI-hardness
NPA Hierarchy for Quantum Isomorphism and Homomorphism Indistinguishability,Prem Nigam Kar; David E. Roberson; Tim Seppelt; Peter Zeman,2026,https://quantum-journal.org/papers/q-2026-01-28-1989/,,"Quantum 10, 1989; fixed hierarchy levels and a different quantum isomorphism relation"
All entangled states display some hidden nonlocality,Yeong-Cherng Liang; Lluís Masanes; Denis Rosset,2012,https://arxiv.org/abs/1210.0548,,Introduction and auxiliary-state activation theorem.
Open Problems Related to Quantum Query Complexity,Scott Aaronson,2021,https://www.scottaaronson.com/papers/open.pdf,https://arxiv.org/pdf/2109.06917,"Problem 8, Section 7, p. 5; both Problems 7–8 and the definition of IP_BQP read in arXiv:2109.06917v1 (14 September 2021). Published in ACM Transactions on Quantum Computing 2(4), Article 14, December 2021, DOI 10.1145/3488559. Suggested candidate problems and proof routes omitted."
The Quantum Approximate Optimization Algorithm at High Depth for MaxCut on Large-Girth Regular Graphs and the Sherrington-Kirkpatrick Model,"Basso, Joao; Farhi, Edward; Marwaha, Kunal; Villalonga, Benjamin; Zhou, Leo",2022,https://doi.org/10.4230/LIPIcs.TQC.2022.7,https://drops.dagstuhl.de/storage/00lipics/lipics-vol232-tqc2022/LIPIcs.TQC.2022.7/LIPIcs.TQC.2022.7.pdf#page=3,"Definitions in Sections 2–4; Equation (4.2), Theorem 1 and Section 5, especially Equation (5.2)."
Uniformity Testing When You Have the Source Code,"Canonne, Clément L.; Kothari, Robin; O'Donnell, Ryan",2025,https://doi.org/10.4230/LIPIcs.TQC.2025.7,https://drops.dagstuhl.de/storage/00lipics/lipics-vol350-tqc2025/LIPIcs.TQC.2025.7/LIPIcs.TQC.2025.7.pdf#page=3,"TQC 2025, article 7: Conjecture 2, Theorem 1, Table 1 and Sections 3.1–3.2 read. The main target uses arbitrary synthesizer access; the string-oracle lower bound is a stronger conjecture."
Uniformity testing when you have the source code — version record,"Clément L. Canonne, Robin Kothari, Ryan O’Donnell",2024,https://arxiv.org/abs/2411.04972v1,,"Version 1, 7 November 2024. Abstract and revision history checked on 12 September 2026; the joint parameter lower bound remains conjectural in this record."
TCS Open Problems,,2026,https://tcsopenproblems.com/problem/9,,Problem 9
Quantum Interactive Oracle Proofs,Baocheng Sun; Thomas Vidick,2026,https://arxiv.org/abs/2601.12874,https://arxiv.org/pdf/2601.12874#page=4,"Definitions 1.1–1.2; Theorems 1.5, 1.7; Question 1.9"
TCS Open Problems,,2026,https://tcsopenproblems.com/problem/13,,Problem 13
Quantum Search-To-Decision Reductions and the State Synthesis Problem,"Irani, Sandy; Natarajan, Anand; Nirkhe, Chinmay; Rao, Sujit; Yuen, Henry",2022,https://doi.org/10.4230/LIPIcs.CCC.2022.5,https://drops.dagstuhl.de/storage/00lipics/lipics-vol234-ccc2022/LIPIcs.CCC.2022.5/LIPIcs.CCC.2022.5.pdf#page=17,Conjecture 10; PDF page 17
TCS Open Problems,,2026,https://tcsopenproblems.com/problem/12,,Problem 12
Random Unitaries in Constant (Quantum) Time,"Foxman, Ben; Parham, Natalie; Vasconcelos, Francisca; Yuen, Henry",2026,https://doi.org/10.4230/LIPIcs.ITCS.2026.61,https://drops.dagstuhl.de/storage/00lipics/lipics-vol362-itcs2026/LIPIcs.ITCS.2026.61/LIPIcs.ITCS.2026.61.pdf#page=17,"ITCS 2026, article 61. Definitions 2.2 and 2.4–2.5 (clean-ancilla implementation and gate sets), Fact 2.6 (parity/fanout equivalence), introduction’s restricted lower bounds, and footnote 10 on p. 61:17 read. The footnote explicitly removes the usual polynomial-size restriction."
Parity ∉ QAC0 iff QAC0 is Fourier-Concentrated,"Lucas Gretta, Meghal Gupta, Malvika Raj Joshi",2026,https://arxiv.org/abs/2604.02793v2,,"Preprint version 2, 25 August 2026. Full abstract read; it gives equivalences involving parity and Fourier concentration, while still describing parity in QAC0 as open. This is related context, not an arbitrary-size exact-fanout theorem."
Shor’s algorithm requires Fanout,"Lucas Gretta, Malvika Raj Joshi",2026,https://arxiv.org/abs/2608.06703v3,,"Preprint first posted 7 August 2026; version 3, 25 August 2026, full abstract read. Its QFT/fanout equivalence does not itself provide or rule out exact fanout in the present unrestricted-size model."
Derandomised Tensor Product Gap Amplification for Quantum Hamiltonians,"Bergamaschi, Thiago; Metger, Tony; Vidick, Thomas; Zhang, Tina",2026,https://doi.org/10.4230/LIPIcs.CCC.2026.15,https://drops.dagstuhl.de/storage/00lipics/lipics-vol383-ccc2026/LIPIcs.CCC.2026.15/LIPIcs.CCC.2026.15.pdf#page=4,Explicit open question on PDF page 4
The status of the quantum PCP conjecture (games version),"Anand Natarajan, Chinmay Nirkhe",2024,https://arxiv.org/abs/2403.13084v1,https://web.mit.edu/anandn/www/papers/quantum_games_PCP.pdf,"19 March 2024, Sections 1.3–1.4 and Conjecture 2 read, including witness-assisted preparation, efficient honest provers and unrestricted soundness. This note proposes the stronger logarithmic-question/constant-answer target; the present card retains the weaker polylogarithmic communication target in the CCC 2026 source."
One-Wayness in Quantum Cryptography,"Morimae, Tomoyuki; Yamakawa, Takashi",2024,https://doi.org/10.4230/LIPIcs.TQC.2024.4,https://drops.dagstuhl.de/storage/00lipics/lipics-vol310-tqc2024/LIPIcs.TQC.2024.4/LIPIcs.TQC.2024.4.pdf#page=3,Question 4; PDF page 3
Quantum Merlin-Arthur and Proofs Without Relative Phase,"Bassirian, Roozbeh; Fefferman, Bill; Marwaha, Kunal",2024,https://doi.org/10.4230/LIPIcs.ITCS.2024.9,https://drops.dagstuhl.de/storage/00lipics/lipics-vol287-itcs2024/LIPIcs.ITCS.2024.9/LIPIcs.ITCS.2024.9.pdf#page=17,Unresolved-question passage on page 17; PDF page 17
"Quantum Cryptography with Classical Communication: Parallel Remote State Preparation for Copy-Protection, Verification, and More","Gheorghiu, Alexandru; Metger, Tony; Poremba, Alexander",2023,https://doi.org/10.4230/LIPIcs.ICALP.2023.67,https://drops.dagstuhl.de/storage/00lipics/lipics-vol261-icalp2023/LIPIcs.ICALP.2023.67/LIPIcs.ICALP.2023.67.pdf#page=14,Unresolved-question passage on page 14; PDF page 14
Polynomial-Time Approximation of Zero-Free Partition Functions,"Yao, Penghui; Yin, Yitong; Zhang, Xinyuan",2022,https://doi.org/10.4230/LIPIcs.ICALP.2022.108,https://drops.dagstuhl.de/storage/00lipics/lipics-vol229-icalp2022/LIPIcs.ICALP.2022.108/LIPIcs.ICALP.2022.108.pdf#page=13,Unresolved-question passage on page 13; PDF page 13
StoqMA Meets Distribution Testing,"Liu, Yupan",2021,https://doi.org/10.4230/LIPIcs.TQC.2021.4,https://drops.dagstuhl.de/storage/00lipics/lipics-vol197-tqc2021/LIPIcs.TQC.2021.4/LIPIcs.TQC.2021.4.pdf#page=6,"Conjecture 6, p. 4:4; Definition 9 and Remark 10, pp. 4:5–4:6; Theorem 5, p. 4:3 (soundness-only reduction)."
StoqMA vs. MA: the power of error reduction,Dorit Aharonov; Alex B. Grilo; Yupan Liu,2025,https://doi.org/10.22331/q-2025-09-11-1853,https://quantum-journal.org/papers/q-2025-09-11-1853/pdf/,"Quantum 9, 1853, published 11 September 2025; arXiv:2010.02835v4, revised 4 September 2025. Conjecture 1.1 and Corollaries 1.4–1.5."
The power of unentanglement without destructive interference,Yupan Liu; Pei Wu,2026,https://arxiv.org/abs/2604.27886,https://arxiv.org/pdf/2604.27886v2,"Version 2, 12 July 2026; Section 1.2.4, immediately before Theorem 1.10, still states that general StoqMA error reduction is open. Partial repetition results concern restricted completeness regimes."
The Collapse of Unentangled Stoquastic Merlin-Arthur Proof Systems,William Gay; Fernando Granha Jeronimo,2026,https://arxiv.org/abs/2605.16249,https://arxiv.org/pdf/2605.16249v1,"Preprint v1, 15 May 2026; Introduction and Remark 2.2 explicitly preserve inverse-polynomial gaps without using a general amplification theorem. Its claimed prover collapse is not full error reduction."
"Quantum Distinguishing Complexity, Zero-Error Algorithms, and Statistical Zero Knowledge","Ben-David, Shalev; Kothari, Robin",2019,https://doi.org/10.4230/LIPIcs.TQC.2019.2,https://drops.dagstuhl.de/storage/00lipics/lipics-vol135-tqc2019/LIPIcs.TQC.2019.2/LIPIcs.TQC.2019.2.pdf#page=16,Unresolved-question passage on page 16; PDF page 16
A Single Entangled System Is an Unbounded Source of Nonlocal Correlations and of Certified Random Numbers,"Curchod, Florian J.; Johansson, Markus; Augusiak, Remigiusz; Hoban, Matty J.; Wittek, Peter; Acín, Antonio",2017,https://doi.org/10.4230/LIPIcs.TQC.2017.1,https://drops.dagstuhl.de/storage/00lipics/lipics-vol073-tqc2017/LIPIcs.TQC.2017.1/LIPIcs.TQC.2017.1.pdf#page=13,Unresolved-question passage on page 13; PDF page 13
Complexity Classification of Two-Qubit Commuting Hamiltonians,"Bouland, Adam; Mancinska, Laura; Zhang, Xue",2016,https://doi.org/10.4230/LIPIcs.CCC.2016.28,https://drops.dagstuhl.de/storage/00lipics/lipics-vol050-ccc2016/LIPIcs.CCC.2016.28/LIPIcs.CCC.2016.28.pdf#page=13,"Sections 1–2 define the fixed-interaction circuit model and multiplicative weak simulation; Section 4, question 1, spans pages 28:13–28:14 and states the general dichotomy."
The Space Around BQP,Adam Michael Bouland,2017,https://dspace.mit.edu/server/api/core/bitstreams/ad343002-e1d8-4966-96ac-7d32b3b215d4/content,,"MIT doctoral thesis, September 2017, Chapter 4, especially Section 4.8 on page 95. The downloaded title page, not the search-index date, establishes the year. The general dichotomy is repeated."
General Conditions for Universality of Quantum Hamiltonians,Tamara Kohler; Stephen Piddock; Johannes Bausch; Toby Cubitt,2022,https://doi.org/10.1103/PRXQuantum.3.010308,,"PRX Quantum 3, 010308, published 13 January 2022. Publisher-indexed Theorem II.1 concerns faithful reductions, closed Hamiltonian families and universal analog simulation; it is not a classification of the restricted sampling circuits here."
The Quantum Entropy Cone of Stabiliser States,"Linden, Noah; Matus, Frantisek; Ruskai, Mary Beth; Winter, Andreas",2013,https://doi.org/10.4230/LIPIcs.TQC.2013.270,https://drops.dagstuhl.de/storage/00lipics/lipics-vol022-tqc2013/LIPIcs.TQC.2013.270/LIPIcs.TQC.2013.270.pdf#page=13,Unresolved-question passage on page 13; PDF page 13
Succinct Arguments for QMA from Standard Assumptions via Compiled Nonlocal Games,"Tony Metger (ETH Zurich, Switzerland), Anand Natarajan (MIT, USA), Tina Zhang (MIT, USA)",2024,https://doi.org/10.1109/FOCS61266.2024.00078,https://ieee-focs.org/FOCS-2024-Papers/pdfs/FOCS2024-1oojWxXs5YAKfs3z3lBRMF/167400b193/167400b193.pdf#page=3,Explicit open question on PDF page 3
Towards a Universal Gateset for QMA1,"Rudolph, Dorian",2026,https://doi.org/10.4230/LIPIcs.MFCS.2026.98,https://drops.dagstuhl.de/storage/00lipics/lipics-vol386-mfcs2026/LIPIcs.MFCS.2026.98/LIPIcs.MFCS.2026.98.pdf#page=2,Explicit open question on PDF page 2
"Quantum Space, Ground Space Traversal, and How to Embed Multi-Prover Interactive Proofs into Unentanglement","Gharibian, Sevag; Rudolph, Dorian",2023,https://doi.org/10.4230/LIPIcs.ITCS.2023.53,https://drops.dagstuhl.de/storage/00lipics/lipics-vol251-itcs2023/LIPIcs.ITCS.2023.53/LIPIcs.ITCS.2023.53.pdf#page=12,Explicit open question on PDF page 12
How Hard Is Deciding Trivial Versus Nontrivial in the Dihedral Coset Problem?,"Chia, Nai-Hui; Hallgren, Sean",2016,https://doi.org/10.4230/LIPIcs.TQC.2016.6,https://drops.dagstuhl.de/storage/00lipics/lipics-vol061-tqc2016/LIPIcs.TQC.2016.6/LIPIcs.TQC.2016.6.pdf#page=2,Explicit open question on PDF page 2
A Complete Characterization of Unitary Quantum Space,"Fefferman, Bill; Lin, Cedric Yen-Yu",2018,https://doi.org/10.4230/LIPIcs.ITCS.2018.4,https://drops.dagstuhl.de/storage/00lipics/lipics-vol094-itcs2018/LIPIcs.ITCS.2018.4/LIPIcs.ITCS.2018.4.pdf#page=12,Unresolved-question passage on page 12
Parity vs. AC0 with Simple Quantum Preprocessing,"Slote, Joseph",2024,https://doi.org/10.4230/LIPIcs.ITCS.2024.92,https://drops.dagstuhl.de/storage/00lipics/lipics-vol287-itcs2024/LIPIcs.ITCS.2024.92/LIPIcs.ITCS.2024.92.pdf#page=3,Explicit open question on PDF page 3
The Classification of Reversible Bit Operations,"Aaronson, Scott; Grier, Daniel; Schaeffer, Luke",2017,https://doi.org/10.4230/LIPIcs.ITCS.2017.23,https://drops.dagstuhl.de/storage/00lipics/lipics-vol067-itcs2017/LIPIcs.ITCS.2017.23/LIPIcs.ITCS.2017.23.pdf#page=2,Explicit open question on PDF page 2
"Quantum Versus Randomized Communication Complexity, with Efficient Players","Girish, Uma; Raz, Ran; Tal, Avishay",2021,https://doi.org/10.4230/LIPIcs.ITCS.2021.54,https://drops.dagstuhl.de/storage/00lipics/lipics-vol185-itcs2021/LIPIcs.ITCS.2021.54/LIPIcs.ITCS.2021.54.pdf#page=2,Explicit open question on PDF page 2
"Quantum Polynomial Hierarchies: Karp-Lipton, Error Reduction, and Lower Bounds","Agarwal, Avantika; Gharibian, Sevag; Koppula, Venkata; Rudolph, Dorian",2024,https://doi.org/10.4230/LIPIcs.MFCS.2024.7,https://drops.dagstuhl.de/storage/00lipics/lipics-vol306-mfcs2024/LIPIcs.MFCS.2024.7/LIPIcs.MFCS.2024.7.pdf#page=3,Explicit open question on PDF page 3
"Universality of EPR Pairs in Entanglement-Assisted Communication Complexity, and the Communication Cost of State Conversion","Coudron, Matthew; Harrow, Aram W.",2019,https://doi.org/10.4230/LIPIcs.CCC.2019.20,https://drops.dagstuhl.de/storage/00lipics/lipics-vol137-ccc2019/LIPIcs.CCC.2019.20/LIPIcs.CCC.2019.20.pdf#page=2,Explicit open question on PDF page 2
A Parallel Repetition Theorem for All Entangled Games,"Yuen, Henry",2016,https://doi.org/10.4230/LIPIcs.ICALP.2016.77,https://drops.dagstuhl.de/storage/00lipics/lipics-vol055-icalp2016/LIPIcs.ICALP.2016.77/LIPIcs.ICALP.2016.77.pdf#page=3,"Introduction, pages 77:2–77:3: exponential Quantum Parallel Repetition Conjecture, polynomial-decay Theorem 1, and the distinction between repeating G and transforming it into another game."
A parallel repetition theorem for all entangled games — full version,Henry Yuen,2016,https://arxiv.org/abs/1604.04340,https://arxiv.org/pdf/1604.04340v1,"Version 1, 15 April 2016. Version history and abstract checked; detailed original statement and model read in the full conference paper."
Exponential Parallel Repetition for All Two-Player Entangled Games,OpenAI,2026,https://cdn.openai.com/pdf/ten-proofs-oai.pdf,https://cdn.openai.com/pdf/ten-proofs-oai.pdf#page=159,"Chapter 6 of Ten Advances in Mathematics and Theoretical Computer Science, printed pages 154–182. The current document states “Updated August 6, 2026” on its abstract page. Theorem 1.1 and Definitions 2.1–2.2 were read; the proof was not independently verified. A claimed resolution, not certified here as an accepted theorem."
Quantum-Proof Multi-Source Randomness Extractors in the Markov Model,"Arnon-Friedman, Rotem; Portmann, Christopher; Scholz, Volkher B.",2016,https://doi.org/10.4230/LIPIcs.TQC.2016.2,https://drops.dagstuhl.de/storage/00lipics/lipics-vol061-tqc2016/LIPIcs.TQC.2016.2/LIPIcs.TQC.2016.2.pdf#page=2,Explicit open question on PDF page 2
Cost of quantum secret key,Karol Horodecki; Leonard Sikorski; Siddhartha Das; Mark M. Wilde,2026,https://doi.org/10.22331/q-2026-05-06-2098,https://quantum-journal.org/papers/q-2026-05-06-2098/pdf/#page=3,Explicit open question on PDF page 3
Bosonic Quantum Computational Complexity,Ulysse Chabaud; Michael Joseph; Saeed Mehraban; Arsalan Motamedi,2026,https://doi.org/10.22331/q-2026-05-20-2110,https://quantum-journal.org/papers/q-2026-05-20-2110/pdf/#page=10,Explicit open question on PDF page 10
Quantum Algorithms: An Overview,Ashley Montanaro,2016,https://arxiv.org/abs/1511.04206,https://arxiv.org/pdf/1511.04206#page=11,"§8, Boson Sampling; PDF page 11"
On the Hierarchy of Natural Theories,James Walsh,2026,https://doi.org/10.1017/bsl.2025.10137,,"Bulletin of Symbolic Logic 32(1), March 2026, 47–81; online 4 December 2025; §6, Conjecture 6.4 and Theorems 6.6–6.7"
"Martin’s conjecture, arithmetic equivalence, and countable Borel equivalence relations",Andrew Marks; Theodore Slaman; John Steel,2012,https://arxiv.org/abs/1109.1875v2,,"14 November 2012 version; §1.1, Conjecture 1.1, Theorems 1.2–1.3 and 1.6–1.7; original Steel 1982 and Slaman–Steel 1988 references"
Part 1 of Martin’s Conjecture for order-preserving and measure-preserving functions,Patrick Lutz; Benjamin Siskind,2024,https://arxiv.org/abs/2305.19646v3,,"5 April 2024 version; Journal of the American Mathematical Society, DOI 10.1090/jams/1046; §§1.1–1.3 and main theorems in §§3–4; results use ZF+AD+DC_R, implied by the assumptions fixed here"
Kolmogorov-Loveland betting strategies lose the Betting game on open sets,Tomislav Petrović,2025,https://arxiv.org/abs/2403.19817,,"First posted 28 March 2024; checked v2, 4 March 2025; Theoretical Computer Science 1037, Article 115177, 11 May 2025; introduction, Definition 2.2 and Theorem 1; inherited source"
Kolmogorov–Loveland randomness and stochasticity,Wolfgang Merkle; Joseph S. Miller; André Nies; Jan Reimann; Frank Stephan,2006,https://people.math.wisc.edu/~jsmiller8/Papers/kl.pdf,,"Annals of Pure and Applied Logic 138(1–3), 183–210, March 2006; STACS 2005 precursor; Section 2 defines partial/total betting strategies; main results concern dense random subsequences and effective splits"
Comparing notions of randomness,Bart Kastermans; Steffen Lempp,2010,https://people.math.wisc.edu/~slempp/papers/injrandom.pdf,,"Theoretical Computer Science 411(3), 602–616, 6 January 2010; definitions explain rational stakes; Sections 2–3 separate predetermined permutation and injective orders from Martin-Löf randomness"
A universal pair of \(1/2\)-betting strategies,Tomislav Petrović,2021,https://www.sciencedirect.com/science/article/pii/S0890540121000183,,"Information and Computation 281, Article 104703, December 2021; universal pair uses a generalization of the nonmonotonic bit-query game"
Key Developments in Algorithmic Randomness,Johanna N. Y. Franklin; Christopher P. Porter,2020,https://arxiv.org/abs/2004.02851,https://arxiv.org/pdf/2004.02851#page=35,"§4.4, Kolmogorov–Loveland randomness; PDF page 35"
Defining the Turing Jump,Richard A. Shore; Theodore A. Slaman,1999,https://math.berkeley.edu/~slaman/papers/jump.pdf,,Mathematical Research Letters 6:711–722; order-theoretic definability of the jump
Global Properties of the Turing Degrees and the Turing Jump,Theodore A. Slaman,2008,https://math.berkeley.edu/~slaman/papers/IMS_slaman.pdf,,"Computational Prospects of Infinity, Part I: Tutorials, vol. 14, pp. 83–101; introduction, Theorems 4.28 and 4.30, and §6; based on 2005 lectures"
Permutations of the Integers Induce Only the Trivial Automorphism of the Turing Degrees,Bjørn Kjos-Hanssen,2018,https://arxiv.org/abs/1603.00525,,"Bulletin of Symbolic Logic 24(2):165–174, DOI 10.1017/bsl.2018.15; preprint Question 1 and Theorems 20, 22, 25; journal online 7 August 2018"
\(\mathrm{BB}(6)\),Busy Beaver Challenge contributors,2026,https://wiki.bbchallenge.org/w/index.php?title=BB(6)&oldid=8417,,"Revision of 3 September 2026; open status, champion, and holdouts"
Story: Turing machines and the Busy Beaver function,The bbchallenge Collaboration,2024,https://bbchallenge.org/story,,Machine model and definition of BB; historical BB(5) sections contain outdated text
Determination of the fifth Busy Beaver value,The bbchallenge Collaboration et al.,2026,https://arxiv.org/abs/2509.12337v2,,"Abstract and main theorem; version 2, 23 March 2026; first submitted in 2025"
Antihydra,Busy Beaver Challenge contributors,2026,https://bbchallenge.org/antihydra,,Six-state halting obstruction; accessed 10 September 2026
Holdouts lists,Busy Beaver Challenge contributors,2026,https://wiki.bbchallenge.org/wiki/Holdouts,,"BB(6) table, 30 August 2026 entry shared by mxdys"
New bounds on the strength of some restrictions of Hindman’s Theorem,Lorenzo Carlucci; Leszek Aleksander Kołodziejczyk; Francesco Lepore; Konrad Zdanowski,2020,https://iris.uniroma1.it/bitstream/11573/1393123/3/Carlucci_postprint_New-bounds_2020.pdf,,"Inherited source; Computability 9, 139–153; DOI 10.3233/COM-190264; introduction and bounds for at-most-two sums; accessible equivalent repository URL https://iris.uniroma1.it/retrieve/e3835326-8435-15e8-e053-a505fe0a3de9/Carlucci_postprint_New-bounds_2020.pdf"
The reverse mathematics of Hindman’s theorem for sums of exactly two elements,"Barbara F. Csima; Damir D. Dzhafarov; Denis R. Hirschfeldt; Carl G. Jockusch, Jr.; Reed Solomon; Linda Brown Westrick",2018,https://arxiv.org/abs/1804.09809,,2018 preprint; introduction distinguishes exactly-two from at-most-two sums and recalls the classical computability bounds
The strength of Ramsey’s theorem for coloring relatively large sets,Lorenzo Carlucci; Konrad Zdanowski,2014,https://arxiv.org/abs/1204.1134,,"2012 preprint; Journal of Symbolic Logic 79(1), 89–102 (2014); equivalence with ω-jump closure"
The reverse mathematics of the Ordered Variable Word theorem,Lu Liu; Ludovic Patey,2026,https://arxiv.org/abs/2606.12962,,"Posted 11 June 2026, v2 dated 2 July; §1.1, Main Theorems 1.4–1.6 and Theorem 3.5; ordered versus unordered distinction in the introduction"
\(\Pi ^{0}_{4}\) conservation of a Carlson-Simpson lemma for 1-variable words,Quentin Le Houérou; Ludovic Patey,2026,https://arxiv.org/abs/2607.28116,,"Posted 30 July 2026; conservation for the one-variable, two-color principle"
The Fourteen Victoria Delfino Problems and Their Status in the Year 2019,Andrés Eduardo Caicedo; Benedikt Löwe,2019,https://preprint.math.uni-hamburg.de/public/papers/hbm/hbm770.pdf,,"Inherited preprint, Question 6, printed page 16; distinguish the later published chapter with 2020 in its title"
The Theory of Countable Borel Equivalence Relations,Alexander S. Kechris,2024,https://www.pma.caltech.edu/documents/5921/CBER.pdf,,Inherited prepublication version; Problem 12.5 and §12.4; chapter numbering differs from the final Cambridge edition
"Martin’s conjecture, arithmetic equivalence, and countable Borel equivalence relations",Andrew Marks; Theodore Slaman; John Steel,2016,https://arxiv.org/abs/1109.1875,,"Lecture Notes in Logic 43, 200–219; introduction and §2; preprint 2011, v2 November 2012"
The universality of polynomial time Turing equivalence,Andrew S. Marks,2018,https://arxiv.org/abs/1601.03343,,"Mathematical Structures in Computer Science 28(3), 448–456; Theorem 1.1; DOI 10.1017/S0960129516000232"
"Uniformity, Universality, and Computability Theory",Andrew S. Marks,2017,https://arxiv.org/abs/1606.01976,,"Journal of Mathematical Logic 17(1), 1750003; §3.1, especially the dependence on the chosen generating functions"
On a question of Slaman and Steel,Adam R. Day; Andrew S. Marks,2026,https://arxiv.org/abs/2004.00174,,Original preprint 2020; v2 posted 16 February 2026; Theorem 3.5 and Corollary 5.6; author manuscript dated 15 February 2026
Mortality for \(2 \times  2\) Matrices is NP-hard,Paul C. Bell; Mika Hirvensalo; Igor Potapov,2012,https://cgi.csc.liv.ac.uk/~igor/papers/paper_BHP_MFCS2012.pdf,,"MFCS 2012, pp. 148–159, DOI 10.1007/978-3-642-32589-2_16. Original PDF access returned HTTP 403; its lower bound and general model were checked in the same authors’ 2024 introduction and Jaax–Kiefer’s 2020 revision, not by reading the original proof."
Wikipedia: Matrix mortality problem,Wikipedia contributors,,https://en.wikipedia.org/wiki/Matrix_mortality_problem,,Discovery source; retrieved 2026-09-11. Evidence locator: n = 2
Wikipedia revision used for discovery,Wikipedia contributors,,https://en.wikipedia.org/w/index.php?oldid=1310985988,,Revision timestamp: 2025-09-12T18:20:33Z
On Affine Reachability Problems,Stefan Jaax and Stefan Kiefer,2020,https://arxiv.org/abs/1905.05114v3,,"Revision 3, 2 July 2020. Full introduction, §4 and Theorem 4 read: NP-completeness when every determinant is 0 or +1. The introduction distinguishes this restriction from unresolved general 2×2 integer mortality."
The membership problem for subsemigroups of \(GL_{2}(\mathbb{Z} )\) is NP-complete,"Paul C. Bell, Mika Hirvensalo and Igor Potapov",2024,https://doi.org/10.1016/j.ic.2023.105132,,"Information and Computation 296 (2024), 105132. Read the author manuscript dated 9 April 2024 from https://livrepository.liverpool.ac.uk/3180232/1/BelHirPot24.pdf: abstract and Introduction, especially PDF p. 3, explicitly retaining unrestricted 2×2 integer mortality as open."
On Word Representations and Embeddings in Complex Matrices,"Paul C. Bell, George Kenison, Reino Niskanen, Igor Potapov and Pavel Semukhin",2026,https://arxiv.org/abs/2604.15386v1,,"16 April 2026. Full abstract and Introduction read. New word representations and embedding results for complex matrix structures do not give a general integer-mortality decision procedure; this source is subsequent scope checking, not a fresh explicit mortality-status assertion."
SIGACT Open Problems Column,,2021,https://www.cs.umd.edu/~gasarch/open/kolm.pdf,https://www.cs.umd.edu/~gasarch/open/kolm.pdf#page=17,Q17
Algebraic Barriers to Halving Algorithmic Information Quantities in Correlated Strings,Andrei Romashchenko,2025,https://doi.org/10.4230/LIPIcs.MFCS.2025.84,,Question 1: scaling arbitrary joint-complexity profiles; distinguish Question 2 about conditioning on one string.
"Computability, Complexity and Randomness",Alexander Shen,2012,https://doi.org/10.4230/DagRep.2.1.19,https://drops.dagstuhl.de/storage/04dagstuhl-reports/volume02/issue01/DagRep.2.1/DagRep.2.1.pdf#page=37,"Seminar 12021, section 4.8"
On the common information and the Ahlswede-Körner lemma in one-shot settings,Andrei Romashchenko,2023,https://www.lirmm.fr/~romashchen/seminar-aait.html,,"27 September 2023 seminar entry and full abstract read. Describes research on one-shot analogues, without stating a resolution of Q10; slides and video not audited."
Impagliazzo’s Worlds Through the Lens of Conditional Kolmogorov Complexity,"Lu, Zhenjian; Santhanam, Rahul",2024,https://doi.org/10.4230/LIPIcs.ICALP.2024.110,https://drops.dagstuhl.de/storage/00lipics/lipics-vol297-icalp2024/LIPIcs.ICALP.2024.110/LIPIcs.ICALP.2024.110.pdf#page=15,Unresolved-question passage on page 15; PDF page 15
Stochasticity in Algorithmic Statistics for Polynomial Time,"Milovanov, Alexey; Vereshchagin, Nikolay",2017,https://doi.org/10.4230/LIPIcs.CCC.2017.17,https://drops.dagstuhl.de/storage/00lipics/lipics-vol079-ccc2017/LIPIcs.CCC.2017.17/LIPIcs.CCC.2017.17.pdf#page=11,Unresolved-question passage on page 11; PDF page 11
On the Information Carried by Programs about the Objects They Compute,"Hoyrup, Mathieu; Rojas, Cristóbal",2015,https://doi.org/10.4230/LIPIcs.STACS.2015.447,https://drops.dagstuhl.de/storage/00lipics/lipics-vol030-stacs2015/LIPIcs.STACS.2015.447/LIPIcs.STACS.2015.447.pdf#page=12,Unresolved-question passage on page 12; PDF page 12
Optimal Coding for Randomized Kolmogorov Complexity and Its Applications,"Shuichi Hirahara (National Institute of Informatics, Japan), Zhenjian Lu (University of Warwick, UK), Mikito Nanashima (Tokyo Institute of Technology, Japan)",2024,https://doi.org/10.1109/FOCS61266.2024.00030,https://ieee-focs.org/FOCS-2024-Papers/pdfs/FOCS2024-1oojWxXs5YAKfs3z3lBRMF/167400a369/167400a369.pdf#page=6,Unresolved-question passage on page 6
Semicomputable Geometry,"Hoyrup, Mathieu; Nava Saucedo, Diego; Stull, Don M.",2018,https://doi.org/10.4230/LIPIcs.ICALP.2018.129,https://drops.dagstuhl.de/storage/00lipics/lipics-vol107-icalp2018/LIPIcs.ICALP.2018.129/LIPIcs.ICALP.2018.129.pdf#page=1,Explicit open question on PDF page 1
Randomness and Intractability in Kolmogorov Complexity,"Oliveira, Igor Carboni",2019,https://doi.org/10.4230/LIPIcs.ICALP.2019.32,https://drops.dagstuhl.de/storage/00lipics/lipics-vol132-icalp2019/LIPIcs.ICALP.2019.32/LIPIcs.ICALP.2019.32.pdf#page=5,"Concluding remarks, page 5; Definitions 6–9, Theorems 1 and 3. The 2019 notation MrKtP denotes a probability-gap promise problem, unlike the later exact threshold language."
Symmetry of Information from Meta-Complexity,Shuichi Hirahara,2022,https://doi.org/10.4230/LIPIcs.CCC.2022.26,https://drops.dagstuhl.de/storage/00lipics/lipics-vol234-ccc2022/LIPIcs.CCC.2022.26/LIPIcs.CCC.2022.26.pdf,"CCC 2022; Definition 5.1 and Theorem 5.3, exact threshold language; Theorems 1.4/5.8 and the following caveat, logarithmic-gap promise problem and all-input bounded-error requirement."
Failure of Symmetry of Information for Randomized Computations,Jinqiao Hu; Yahel Manor; Igor C. Oliveira,2026,https://eccc.weizmann.ac.il/report/2026/021/,https://eccc.weizmann.ac.il/report/2026/021/download,"Preprint, 16 February 2026; Remark on BPTIME versus prBPTIME on pages 5–6 and Theorem 6. Explicitly preserves the scope limitation of Hirahara’s unconditional gap lower bound."
Towards \(\mathrm{P}\ne \mathrm{NP}\) from Extended Frege lower bounds,Jan Pich; Rahul Santhanam,2023,https://arxiv.org/abs/2312.08163,,13 December 2023 preprint; conditional implications and formal provability hypotheses; journal DOI 10.1145/3801091 (2026)
SNARGs for NP from Unprovability of Mathematical Theorems,YaoChing Hsieh; Abhishek Jain; Jiatu Li; Surya Mathialagan,2026,https://eccc.weizmann.ac.il/report/2026/098/,,"ECCC TR26-098, June 2026; formal unprovability and cryptographic assumptions, not an unconditional EF size lower bound"
A Lower Bound for Polynomial Calculus with Extension Rule,Yaroslav Alekseev,2026,https://mirror.theoryofcomputing.org/articles/v022a004/,,"Theory of Computing 22, Article 4, 1–29; §1, especially the propositional-encoding limitation on pages 4–5"
Propositional Consistency Proofs,Samuel R. Buss,1991,https://mathweb.ucsd.edu/~sbuss/ResearchWeb/prop_consis/paper.pdf,,Annals of Pure and Applied Logic 52:3–29; abstract and main partial-consistency characterization; downloadable copy bears a 2002 compilation date
Towards (Non-)Separations in Propositional Proof Complexity,Samuel R. Buss,2014,https://mathweb.ucsd.edu/~sbuss/ResearchWeb/Stanford_February2014/,,"Stanford mini-tutorial, 27 February; second part concerns Frege versus EF; some cited candidate upper bounds are quasipolynomial and do not establish polynomial simulation"
Short Proofs of the Kneser–Lovász Coloring Principle,James Aisenberg; Maria Luisa Bonet; Samuel R. Buss; Adrian Crăciun; Gabriel Istrate,2018,https://arxiv.org/abs/1505.05531,,"ICALP 2015 precursor; Information and Computation, DOI 10.1016/j.ic.2018.02.010; polynomial EF versus quasipolynomial Frege upper bounds"
"Extended Frege proofs, circuits and rewriting",Jan Krajíček,2026,https://arxiv.org/abs/2606.13367,,"v1, 11 June; §1 distinguishes size from step count and circuit from formula proofs; Theorem 4.1 gives local circuit rewrites"
Quasi-polynomial Frege Simulation of IPS beyond Noncommutativity,Abhranil Chatterjee; Prerona Chatterjee; Utsab Ghosal; Partha Mukhopadhyay,2026,https://eccc.weizmann.ac.il/report/2026/166/,,"TR26-166, submitted 4 September, published 5 September; Definition 1.1 and Theorems 1.2–1.3; formula certificates, two groups of variables, GF(2)"
Extended Nullstellensatz proof systems,Jan Krajíček,2024,https://www.karlin.mff.cuni.cz/~krajicek/finitary.pdf,,"Proceedings of the AMS 152(11):4881–4892, DOI 10.1090/proc/16709; preprint arXiv:2301.10617v3, 27 September 2023; §5 modular axioms and flattened depth convention"
Exponential Lower Bounds for the Pigeonhole Principle,Toniann Pitassi; Paul Beame; Russell Impagliazzo,1993,https://www.cs.toronto.edu/~toni/Papers/exp-pigeon.pdf,,Computational Complexity 3:97–140; introduction describes Ajtai’s FOCS 1988 precursor and proves exponential ordinary bounded-depth Frege bounds
Amortized Closure and Its Applications in Lifting for Resolution over Parities,Klim Efremenko; Dmitry Itsykson,2025,https://drops.dagstuhl.de/entities/document/10.4230/LIPIcs.CCC.2025.8,,"CCC 2025, 8:1–8:24, 29 July; bounded derivation depth and tree-like lifting restrictions"
\(\mathrm{AC}^{0}[p]\)-Frege Cannot Efficiently Prove That Constant-Depth Algebraic Circuit Lower Bounds Are Hard,Jiaqi Lu; Rahul Santhanam; Iddo Tzameret,2026,https://drops.dagstuhl.de/entities/document/10.4230/LIPIcs.ITCS.2026.99,,"ITCS 2026, 99:1–99:25, 23 January; full version arXiv:2509.16824, §§5–6 distinguish absence of short proofs from unresolved tautologicity"
Resolution Width Lifts to Near-Quadratic-Depth \(Res(\oplus )\) Size,Dmitry Itsykson; Vladimir Podolskii; Alexander Shekhovtsov,2026,https://eccc.weizmann.ac.il/report/2026/018/,,"ECCC TR26-018, 12 February; introduction states AC⁰[p]-Frege frontier; Ω(w²/log S) derivation-depth tradeoff and Ω(w²) size lower bound"
Hard CNF Instances for Ideal Proof Systems,Tuomas Hakoniemi; Nutan Limaye; Iddo Tzameret,2026,https://eccc.weizmann.ac.il/report/2026/070/,,"ECCC TR26-070, submitted 5 May and published 10 May; lower bounds for roABP-IPS_LIN on Boolean CNF instances"
Polynomial Size Proofs of the Propositional Pigeonhole Principle,Samuel R. Buss,1987,https://mathweb.ucsd.edu/~sbuss/ResearchWeb/php_PolyFrege/FregePHP.pdf,,"Journal of Symbolic Logic 52(4), 916–927; main theorem"
Superpolynomial Length Lower Bounds for Tree-Like Semantic Proof Systems with Bounded Line Size,Susanna F. de Rezende; David Engström; Yassine Ghannane; Kilian Risse,2026,https://arxiv.org/abs/2604.28172,,"v1, 30 April 2026; introduction and §1.1 explain the line-size restriction and the tree-like simulation; also ECCC TR26-078"
\(Res(\log )\) Proves Bounded-Depth Frege Lower Bounds,Ben Davis; Robert Robere,2026,https://eccc.weizmann.ac.il/report/2026/055/,,"TR26-055, 10 April 2026; abstract and introduction specify both proof-length and line-size parameters"
"Propositional proof systems, the consistency of first-order theories and the complexity of computations",Jan Krajíček; Pavel Pudlák,1989,https://doi.org/10.2307/2274765,https://www.karlin.mff.cuni.cz/~krajicek/scan10.pdf,"Journal of Symbolic Logic 54(3), 1063–1079, September 1989. §1 defines proof systems and polynomial simulation; §2 statements (6)–(9) and Theorem 2.1(ii) give equivalent targets."
Wikipedia: Proof complexity,Wikipedia contributors,,https://en.wikipedia.org/wiki/Proof_complexity,,Discovery source; retrieved 2026-09-11. Evidence locator: effectively polynomially
Wikipedia revision used for discovery,Wikipedia contributors,,https://en.wikipedia.org/w/index.php?oldid=1373038636,,Revision timestamp: 2026-09-03T17:52:22Z
Recursive Jump Operators and Optimal Proof Systems,Fabian Egidy,2026,https://drops.dagstuhl.de/entities/document/10.4230/LIPIcs.ICALP.2026.88,,"ICALP 2026, article 88; full HTML abstract and §1. Results concern ordinary optimality, jump operators and oracle worlds, not an unrelativized resolution of p-optimality for TAUT."
Incompleteness in the finite domain,Pavel Pudlák,2017,https://arxiv.org/abs/1601.01487,,Disjoint NP pairs and the conjecture that no complete pair exists.
Effectively polynomial simulations,Toniann Pitassi; Rahul Santhanam,2010,https://www.cs.toronto.edu/~toni/Papers/effsimulation.pdf,,"Definitions 2.4–2.5 and Remarks 1–3, §2.1 proof systems, Introduction and §6 discussion read in full. Uses a unary-scale auxiliary proof-size bound and distinguishes effective simulation from the stronger requirement of translating proofs. The Introduction explicitly asks the Resolution-versus-Extended-Frege question. The later discussion also poses a separate oblivious variant."
Regular resolution effectively simulates resolution,Sam Buss and Emre Yolcu,2024,https://arxiv.org/abs/2402.15871,,"Information Processing Letters 186 (2024), 106489; DOI 10.1016/j.ipl.2024.106489. Author preprint abstract, §1 Definition 1.1 and Remark 1.2, and §2 Definitions 2.1–2.4 read. Confirms the auxiliary size parameter and gives an effective simulation between regular and unrestricted Resolution, not from Extended Frege."
Meta-Mathematics of Computational Complexity Theory,Igor C. Oliveira,2025,https://arxiv.org/abs/2504.04416,https://arxiv.org/pdf/2504.04416#page=17,Open Problem 5.3; PDF page 17
"Circuits, Logic and Games",Karteek Sreenivasaiah,2015,https://doi.org/10.4230/DagRep.5.9.105,https://drops.dagstuhl.de/storage/04dagstuhl-reports/volume05/issue09/DagRep.5.9/DagRep.5.9.pdf#page=125,"Seminar 15401, section 4.4"
Hardness of Range Avoidance and Proof Complexity Generators from Demi-Bits,"Ren, Hanlin; Wang, Yichuan; Zhong, Yan",2026,https://doi.org/10.4230/LIPIcs.ITCS.2026.111,https://drops.dagstuhl.de/storage/00lipics/lipics-vol362-itcs2026/LIPIcs.ITCS.2026.111/LIPIcs.ITCS.2026.111.pdf#page=17,Unresolved-question passage on page 17; PDF page 17
Space Characterizations of Complexity Measures and Size-Space Trade-Offs in Propositional Proof Systems,"Papamakarios, Theodoros; Razborov, Alexander",2022,https://doi.org/10.4230/LIPIcs.ICALP.2022.100,https://drops.dagstuhl.de/storage/00lipics/lipics-vol229-icalp2022/LIPIcs.ICALP.2022.100/LIPIcs.ICALP.2022.100.pdf#page=16,"ICALP 2022, article 100: Section 2 (proof systems, leaf-count size and configuration space), notation on p. 100:5, and Problem 5.1, pp. 100:16–100:17."
Space characterizations of complexity measures and size-space trade-offs in propositional proof systems,Theodoros Papamakarios; Alexander Razborov,2023,https://doi.org/10.1016/j.jcss.2023.04.006,,"Journal of Computer and System Sciences 137, pp. 20–36, November 2023. Publisher abstract and bibliographic record checked; the complete journal PDF was not accessible in this review. The detailed statement is checked against the complete conference paper."
Learning Algorithms Versus Automatability of Frege Systems,"Pich, Ján; Santhanam, Rahul",2022,https://doi.org/10.4230/LIPIcs.ICALP.2022.101,https://drops.dagstuhl.de/storage/00lipics/lipics-vol229-icalp2022/LIPIcs.ICALP.2022.101/LIPIcs.ICALP.2022.101.pdf#page=2,"Introduction, PDF page 2, paragraph “Learning algorithms”: the unresolved converses concern P=NP and pseudorandomness, not Frege automatability. The latter topic starts in the next paragraph."
Learning algorithms versus automatability of Frege systems — full author version,Ján Pich; Rahul Santhanam,2021,https://arxiv.org/abs/2111.10626,https://arxiv.org/pdf/2111.10626v1,"Version 1, 20 November 2021, manuscript dated October 2021. Introduction page 2 repeats the selected learning converses; Theorem 1 separately concerns provable learning and provable automatability."
On Basing Lower-Bounds for Learning on Worst-Case Assumptions,Benny Applebaum; Boaz Barak; David Xiao,2008,https://www.wisdom.weizmann.ac.il/~bennyap/pubs/ABX08Full.pdf,,Full author paper for FOCS 2008. Introduction and Section 1.1: barriers to several kinds of reductions for improper distribution-free PAC learning. Cited as reference 2 by the primary source.
Pseudorandomness and the Minimum Circuit Size Problem,Rahul Santhanam,2020,https://doi.org/10.4230/LIPIcs.ITCS.2020.68,https://drops.dagstuhl.de/storage/00lipics/lipics-vol151-itcs2020/LIPIcs.ITCS.2020.68/LIPIcs.ITCS.2020.68.pdf,Theorem 22 and its discussion: membership-query learning equivalence under the Universality Conjecture. Cited as reference 33 by the primary source.
Learning algorithms versus automatability of Frege systems — journal version,Ján Pich; Rahul Santhanam,2026,https://doi.org/10.1142/S0219061325500023,,"Journal of Mathematical Logic 26(2), August 2026 issue. Publisher-deposited Crossref metadata gives online publication 31 December 2024. Journal PDF access was denied; mathematical statements were checked in the full 2021 author version and 2022 conference paper, not the unseen journal text."
Representations of Monotone Boolean Functions by Linear Programs,"de Oliveira Oliveira, Mateus; Pudlák, Pavel",2017,https://doi.org/10.4230/LIPIcs.CCC.2017.3,https://drops.dagstuhl.de/storage/00lipics/lipics-vol079-ccc2017/LIPIcs.CCC.2017.3/LIPIcs.CCC.2017.3.pdf#page=7,Explicit open question on PDF page 7
On the Power and Limitations of Branch and Cut,"Fleming, Noah; Göös, Mika; Impagliazzo, Russell; Pitassi, Toniann; Robere, Robert; Tan, Li-Yang; Wigderson, Avi",2021,https://doi.org/10.4230/LIPIcs.CCC.2021.6,https://drops.dagstuhl.de/storage/00lipics/lipics-vol200-ccc2021/LIPIcs.CCC.2021.6/LIPIcs.CCC.2021.6.pdf#page=26,Unresolved-question passage on page 26
Recursive Jump Operators and Optimal Proof Systems,"Egidy, Fabian",2026,https://doi.org/10.4230/LIPIcs.ICALP.2026.88,https://drops.dagstuhl.de/storage/00lipics/lipics-vol374-icalp2026/LIPIcs.ICALP.2026.88/LIPIcs.ICALP.2026.88.pdf#page=3,"Introduction, pages 88:2–88:3: existence outside NP and the saved broad discussion; Section 2, page 88:7: ordinary versus polynomial-time simulation."
Optimal Proof Systems for Complex Sets Are Hard to Find,Fabian Egidy; Christian Glaßer,2025,https://doi.org/10.1145/3717823.3718182,https://arxiv.org/pdf/2408.07408v3,"STOC 2025, 1329–1340; full version 3, 2 July 2025, first submitted 14 August 2024. Introduction Question Q1 and Section 1.1: the two oracle barriers."
Recursive Jump Operators and Optimal Proof Systems — full version,Fabian Egidy,2026,https://arxiv.org/abs/2606.01242,https://arxiv.org/pdf/2606.01242v1,"Version 1, 31 May 2026. Introduction repeats the open existence question outside NP; main results concern recursive jump operators."
Proof Complexity and Its Relations to SAT Solving (Invited Talk),"Atserias, Albert",2025,https://doi.org/10.4230/LIPIcs.STACS.2025.1,https://drops.dagstuhl.de/storage/00lipics/lipics-vol327-stacs2025/LIPIcs.STACS.2025.1/LIPIcs.STACS.2025.1.pdf#page=1,Complete one-page abstract: the remaining question is distinguishing satisfiable formulas from formulas with short Resolution refutations.
Regular resolution effectively simulates resolution,Sam Buss; Emre Yolcu,2024,https://doi.org/10.1016/j.ipl.2024.106489,https://eccc.weizmann.ac.il/report/2024/033/download/,Full author report dated 24 February 2024. Definitions 2.1–2.4 fix general and regular Resolution; Definition 4.3 and Corollary 4.5 concern weak automatability.
Automating Resolution is NP-Hard,Albert Atserias; Moritz Müller,2019,https://arxiv.org/abs/1904.02991,https://www.cs.upc.edu/~atserias/papers/automating-resolution-np-hard/automating-resolution-np-hard.pdf,"FOCS 2019; author version dated 3 September 2019, Theorems 1 and 2. Journal version appeared in JACM 67(5), article 31, 2020; author publication list checked."
The Proof Analysis Problem,Noel Arteche; Albert Atserias; Susanna F. de Rezende; Erfan Khaniki,2026,https://arxiv.org/abs/2506.16956,https://arxiv.org/pdf/2506.16956v2,"Full version 2, 19 May 2026, first submitted 20 June 2025; extended abstract at FOCS 2025. Section 1.4 explicitly discusses the still-open weak automatability of Resolution; Section 2.2 defines weak automatability."
The Space Complexity of Cutting Planes Refutations,"Galesi, Nicola; Pudlák, Pavel; Thapen, Neil",2015,https://doi.org/10.4230/LIPIcs.CCC.2015.433,https://drops.dagstuhl.de/storage/00lipics/lipics-vol033-ccc2015/LIPIcs.CCC.2015.433/LIPIcs.CCC.2015.433.pdf#page=14,Unresolved-question passage on page 14
"Pebble Games, Proof Complexity, and Time-Space Trade-offs",Jakob Nordström,2013,https://arxiv.org/abs/1307.3913,https://arxiv.org/pdf/1307.3913#page=22,"§3.2, resolution refinements; PDF page 22"
Stabbing Planes,"Beame, Paul; Fleming, Noah; Impagliazzo, Russell; Kolokolova, Antonina; Pankratov, Denis; Pitassi, Toniann; Robere, Robert",2018,https://doi.org/10.4230/LIPIcs.ITCS.2018.10,https://drops.dagstuhl.de/storage/00lipics/lipics-vol094-itcs2018/LIPIcs.ITCS.2018.10/LIPIcs.ITCS.2018.10.pdf#page=18,"Section 2, Definition 3 and length versus bit-size distinction; Section 6, first open question on polynomial bit-size simulation."
On the Complexity of Branching Proofs,Daniel Dadush; Samarth Tiwari,2020,https://doi.org/10.4230/LIPIcs.CCC.2020.34,https://drops.dagstuhl.de/storage/00lipics/lipics-vol169-ccc2020/LIPIcs.CCC.2020.34/LIPIcs.CCC.2020.34.pdf,"Published 17 July 2020; Theorem 1.1, bounded-coefficient recompilation; Corollary 1.2 and its following explanation, leaf certificates and input bit length. Full arXiv 2006.04124v1, 7 June 2020."
Stabbing Planes,"Beame, Paul; Fleming, Noah; Impagliazzo, Russell; Kolokolova, Antonina; Pankratov, Denis; Pitassi, Toniann; Robere, Robert",2023,https://arxiv.org/abs/1710.03219,https://arxiv.org/pdf/1710.03219v3,"Version 3 submitted 17 March 2023, PDF dated 20 March 2023; Introduction, Subsequent Work; Section 2, Proposition 4 explicitly records Dadush–Tiwari’s resolution. Distinguishes bounded-coefficient SP* from general SP."
"SOS Is Not Obviously Automatizable, Even Approximately","O'Donnell, Ryan",2017,https://doi.org/10.4230/LIPIcs.ITCS.2017.59,https://drops.dagstuhl.de/storage/00lipics/lipics-vol067-itcs2017/LIPIcs.ITCS.2017.59/LIPIcs.ITCS.2017.59.pdf#page=8,"Section 1, Question on page 59:2; Section 3, page 59:8, question with x_i²=1. The task outputs a certificate, not just an optimal value."
On the Bit Complexity of Sum-of-Squares Proofs,Prasad Raghavendra; Benjamin Weitz,2017,https://doi.org/10.4230/LIPIcs.ICALP.2017.80,https://drops.dagstuhl.de/storage/00lipics/lipics-vol080-icalp2017/LIPIcs.ICALP.2017.80/LIPIcs.ICALP.2017.80.pdf,"Theorem 2 and Section 5.2: Boolean counterexample; Section 5.1: slack parameter ε<1/2. Preprint arXiv:1702.05139, 16 February 2017, no later version listed."
On the Degree Automatability of Sum-Of-Squares Proofs,Alex Bortolotti; Monaldo Mastrolilli; Luis Felipe Vargas,2025,https://doi.org/10.4230/LIPIcs.ICALP.2025.34,https://drops.dagstuhl.de/storage/00lipics/lipics-vol334-icalp2025/LIPIcs.ICALP.2025.34/LIPIcs.ICALP.2025.34.pdf,Section 1.1 recalls the Boolean counterexample; Theorem 2.1 gives the PC criterion; Corollary 2.2 applies it to bounded-width CSP refutations. Definition 1.5 separately discusses deciding existence of a fixed-degree refutation.
The Log-Rank Conjecture: New Equivalent Formulations,Lianna Hambardzumyan; Shachar Lovett; Morgan Shirley,2026,https://arxiv.org/abs/2510.02583v3,,"CCC 2026 version, uploaded 14 August 2026; manuscript dated 17 August; Conjecture 1.1, Theorem 1.2, Corollary 1.4"
Matrix discrepancy and the log-rank conjecture,Benny Sudakov; István Tomon,2025,https://doi.org/10.1007/s10107-024-02117-9,,"Mathematical Programming 212, 567–579; online 5 July 2024; arXiv:2311.18524 from 30 November 2023; Theorem 1.1 and communication consequence"
Deterministic Communication vs. Partition Number,Mika Göös; Toniann Pitassi; Thomas Watson,2018,https://doi.org/10.1137/16M1059369,,"SIAM Journal on Computing 47(6), 2435–2450; preliminary FOCS 2015; lifting and log-rank lower bounds"
Alphabet-Preserving Lifting for the Log-Rank Conjecture,Zhao Song,2026,https://arxiv.org/abs/2608.01812v1,,"3 August 2026; introduction, main lifting result and Appendix A; explicit polyloglog-factor refinement claimed in a preprint"
The Fourier Entropy–Influence Conjecture for certain classes of Boolean functions,Ryan O’Donnell; John Wright; Yuan Zhou,2011,https://www.cs.cmu.edu/~jswright/papers/fei.pdf,,"ICALP 2011, pp. 330–341; introduction, applications and symmetric/read-once results"
A new bound for the Fourier-Entropy-Influence conjecture,Xiao Han,2025,https://arxiv.org/abs/2312.08271,,"Combinatorica 45, article 4 (2025), DOI 10.1007/s00493-024-00133-z; arXiv v2, 10 December 2025; Theorem 1 and Note added"
Further evidence towards the Fourier Entropy-Influence conjecture,María José González; Paul MacManus; María Cristina Pereyra,2026,https://arxiv.org/abs/2606.00246,,"v2, 9 June 2026, first submitted 29 May; Theorem 1.3, §§4–6; failure of stronger fixed-coordinate inequality is not failure of FEI"
Dense Hamiltonians at the Parseval Limit: The Noncommutative BH Constant is Exponential and the Quantum FEI Conjecture is False,Joseph Slote,2026,https://arxiv.org/abs/2608.01424,,"v1, 2 August; quantum Boolean operators with N(d)=exp(Ω(d²)) equal-magnitude degree-d Pauli coefficients"
The Need for Structure in Quantum Speedups,Scott Aaronson; Andris Ambainis,2014,https://arxiv.org/abs/0911.0996,,"First preprint 2009; v3, 6 February 2014; Theory of Computing 2014; influential-variable conjecture and classical-simulation implication"
Quantum speedups need structure — withdrawn,Nathan Keller; Ohad Klein,2019,https://arxiv.org/abs/1911.03748,,"v2, 2 December; explicit author withdrawal notice concerning Lemma 5.3"
Influence in Completely Bounded Block-Multilinear Forms and Classical Simulation of Quantum Algorithms,Nikhil Bansal; Makrand Sinha; Ronald de Wolf,2022,https://ir.cwi.nl/pub/31883/31883.pdf,,"CCC 2022 article 28; Conjecture 2, Section 1.1 and distinction between scalar and completely bounded norms"
Random Restrictions of Bounded Low Degree Polynomials Are Juntas,Sreejata Kishor Bhattacharya,2025,https://drops.dagstuhl.de/entities/document/10.4230/LIPIcs.ITCS.2025.17,,"Theorems 1 and 5, Conjecture 4; influence conclusion is for restrictions, with Var(f)≥1/d"
Aaronson-Ambainis Conjecture Is True For Random Restrictions,Sreejata Bhattacharya,2026,https://eccc.weizmann.ac.il/report/2024/035/,,"TR24-035 revision 2, 4 March 2026; same restricted theorem and stated revision changes"
Quantum Speedups Require Structure or Depth,Guy Blanc; Jordan Docter; Carmen Strassle; Li-Yang Tan,2026,https://arxiv.org/abs/2608.19158,,"v1, 19 August; Sections 1–2 explicitly separate the general polynomial conjecture from bounded-round simulation"
Optimal inequalities for completely bounded polynomials and the limitations of quantum query algorithms,Francisco Escudero Gutiérrez; Miquel Saucedo; Carlos Palazuelos,2026,https://arxiv.org/abs/2609.05201,,"v1, 4 September; Conjecture 1.2, Theorem 1.3 and nonadaptive-simulation consequences; extra completely bounded norm hypothesis"
The Fourier Entropy–Influence Conjecture for certain classes of Boolean functions,Ryan O’Donnell; John Wright; Yuan Zhou,2011,https://www.ias.edu/sites/default/files/math/ODonnell_Fourier.pdf,,"Inherited reference; ICALP 2011, pp. 330–341; §1.1 distinguishes strong and weak Mansour conjectures; accessible author copy at https://www.cs.cmu.edu/~jswright/papers/fei.pdf"
Mansour’s Conjecture is True for Random DNF Formulas,Adam Klivans; Homin K. Lee; Andrew Wan,2010,https://eccc.weizmann.ac.il/report/2010/023/revision/3/download/,,"Inherited reference; revision 3, 4 May 2010; Theorems 1–2 and learning consequences; final revision restores a corrected read-k argument"
Sharper bounds on the Fourier concentration of DNFs,Victor Lecomte; Li-Yang Tan,2021,https://arxiv.org/abs/2109.04525v2,,"FOCS 2021; revision 15 October 2021; introduction, Theorems 1–2 and precise parameter bounds"
A New Bound for the Fourier-Entropy-Influence Conjecture,Xiao Han,2025,https://link.springer.com/article/10.1007/s00493-024-00133-z,,"Combinatorica 45, article 4; online 20 December 2024; entropy bound includes Σ_i I_i(f)log(1/I_i(f))"
Further evidence towards the Fourier Entropy-Influence conjecture,María José González; Paul MacManus; María Cristina Pereyra,2026,https://arxiv.org/abs/2606.00246v2,,"Posted 29 May, revised 9 June 2026; new structured Boolean-function classes, not all DNF"
Learning DNF through Generalized Fourier Representations,Mohsen Heidari; Roni Khardon,2026,https://arxiv.org/abs/2506.01075v2,,"First posted 1 June 2025; revision 2 June 2026; Bayesian-network Fourier basis, DNF learning with queries, and separate agnostic decision-tree results"
The Gotsman–Linial Conjecture is False,Brynmor Chapman,2018,https://arxiv.org/abs/2108.02288,,"Inherited source; SODA 2018, 692–699; arXiv upload 4 August 2021; Conjectures 1.1–1.3 and Theorem 1.1"
A Dual Perspective on Computational Complexity,Brynmor Chapman,2022,https://dspace.mit.edu/server/api/core/bitstreams/7f2e32fd-d615-4dba-97be-f26cd30ca234/content,,"Inherited source; MIT PhD thesis, September 2022; Chapter 6, Conjectures 6.1.2–6.1.3"
The Correct Exponent for the Gotsman–Linial Conjecture,Daniel M. Kane,2013,https://arxiv.org/abs/1210.1283,,"Preprint 4 October 2012; CCC 2013, 56–64; Theorem 2 and proof overview"
On Graphs and the Gotsman–Linial Conjecture for \(d = 2\),Hyo Won Kim; Chris Maldonado; Jake Wellens,2017,https://arxiv.org/abs/1709.06650,,"Quadratic coefficient graphs, fractional chromatic number and sparse interaction cases"
The Boolean surface area of polynomial threshold functions,Fan Chang; Joseph Slote; Alexander Volberg; Haonan Zhang,2026,https://arxiv.org/abs/2604.08095,,"v2, 27 April 2026; §1, Theorem 1.1 and Proposition 2.3; the revised author list includes Fan Chang"
Rational degree is polynomially related to degree,Robin Kothari; Matt Kovacs-Deak; Daochen Wang; Rain Zimin Yang,2026,https://arxiv.org/abs/2601.08727,,"v2, 8 April 2026; §5.2 and Conjecture 2; ECCC TR26-005 revision 1"
A topological approach to evasiveness,Jeff Kahn; Michael Saks; Dean Sturtevant,1984,https://doi.org/10.1007/BF02579140,,"Combinatorica 4(4), pp. 297–306; introduction, Conjecture 2 and Theorem 1. Read the author-uploaded journal text on ResearchGate; its surrounding conference metadata describes the earlier FOCS version."
Wikipedia: Aanderaa–Karp–Rosenberg conjecture,Wikipedia contributors,,https://en.wikipedia.org/wiki/Aanderaa%E2%80%93Karp%E2%80%93Rosenberg_conjecture,,Discovery source; retrieved 2026-09-11. Evidence locator: remains unproven
Wikipedia revision used for discovery,Wikipedia contributors,,https://en.wikipedia.org/w/index.php?oldid=1356432268,,Revision timestamp: 2026-05-27T18:41:20Z
A topological approach to evasiveness — author-uploaded journal text,Jeff Kahn; Michael Saks; Dean Sturtevant,1984,https://www.researchgate.net/publication/4354993_A_topological_approach_to_evasiveness,,"Journal scan beginning with Combinatorica 4(4) (1984), p. 297; pp. 297–299, deterministic model, Theorem 1 and broader transitive-set Conjecture 3."
Elusive properties of countably infinite graphs,Márton Elekes; Tamás Kátay; Anett Kocsis,2025,https://arxiv.org/abs/2503.11798v3,https://arxiv.org/pdf/2503.11798v3,"Version 3, submitted 20 October 2025; PDF dated 22 October. Section 1.1, Conjecture 1.1 explicitly leaves the finite question open; Sections 1.2 and 2 distinguish infinite games."
Degree vs. Approximate Degree and Quantum Implications of Huang’s Sensitivity Theorem,Scott Aaronson; Shalev Ben-David; Robin Kothari; Shravas Rao; Avishay Tal,2020,https://arxiv.org/abs/2010.12629v1,https://arxiv.org/pdf/2010.12629v1,"23 October 2020 preprint, introduction Applications and Theorem 5: optimal universal Omega(n) lower bound for bounded-error quantum queries."
The topological evasiveness conjecture — CATA IV talk abstract,Bruno Benedetti,2026,https://indico.sns.it/event/134/timetable/?print=1&view=standard_numbered,,23 June 2026 invited talk: announces a counterexample for vertex-transitive non-evasive simplicial complexes. The abstract does not supply a counterexample satisfying the full finite-graph property symmetry.
Publications — On the Topological Evasiveness Conjecture,Bruno Benedetti,2026,https://www.math.miami.edu/~bruno/publications.html,,Checked 11 September 2026: lists joint work with K. Adiprasito and G. Menara as in preparation; no full manuscript linked there.
Quantum–Classical Equivalence for AND-Functions,Sreejata Bhattacharya; Farzan Byramji; Arkadev Chattopadhyay; Yogesh Dahiya; Shachar Lovett,2026,https://eccc.weizmann.ac.il/report/2026/013/,https://eccc.weizmann.ac.il/report/2026/013/revision/1/download/,"Introduction; communication model, PDF p. 9; revision 1"
"A robust Khintchine inequality, and algorithms for computing optimal constants in Fourier analysis and high-dimensional geometry",Anindya De; Ilias Diakonikolas; Rocco A. Servedio,2012,https://arxiv.org/abs/1207.2229,,Universal lower bound strictly above 1/2 and an algorithm approximating the extremal constant to arbitrary additive accuracy.
A Two-regime Khintchine Inequality and an Improved Bound on the Degree-1 Fourier Weight for Linear Threshold Functions,Xuan Fang; Tianyu Wang,2026,https://arxiv.org/abs/2608.27908,,"28 August 2026 preprint, abstract: claimed lower bound 0.53317; proof not independently verified."
Convex Influences,"De, Anindya; Nadimpalli, Shivam; Servedio, Rocco A.",2022,https://doi.org/10.4230/LIPIcs.ITCS.2022.53,https://drops.dagstuhl.de/storage/00lipics/lipics-vol215-itcs2022/LIPIcs.ITCS.2022.53/LIPIcs.ITCS.2022.53.pdf#page=6,"ITCS 2022, article 53: Definition 10, Proposition 11 and Conjecture 2 on page 53:6. The saved heading belongs to Conjecture 2, despite the imported locator naming Conjecture 1."
Convex Influences — full version,"Anindya De, Shivam Nadimpalli, Rocco A. Servedio",2021,https://arxiv.org/abs/2109.03107,,"Full version linked from the author’s publication page; arXiv has only v1, 7 September 2021. Checked the low-influence-direction question and the exact zero-influence characterization."
Sublinear.info,Mark Braverman,2017,https://sublinear.info/index.php?title=Open_Problems:76,,Problem 76
Dynamic Graph Algorithms,Aaron Bernstein,2022,https://doi.org/10.4230/DagRep.12.11.45,https://drops.dagstuhl.de/storage/04dagstuhl-reports/volume12/issue11/DagRep.12.11/DagRep.12.11.pdf#page=59,"Seminar 22461, section 4.1"
Complexity of Symbolic and Numerical Problems,Peter Bürgisser,2015,https://doi.org/10.4230/DagRep.5.6.28,https://drops.dagstuhl.de/storage/04dagstuhl-reports/volume05/issue06/DagRep.5.6/DagRep.5.6.pdf#page=47,"Seminar 15242, section 5.7"
Sublinear.info,Joshua Brody,2017,https://sublinear.info/index.php?title=Open_Problems:79,,Problem 79
Exponential Algorithms: Algorithms and Complexity Beyond Polynomial Time,Stefan Schneider,2013,https://doi.org/10.4230/DagRep.3.8.40,https://drops.dagstuhl.de/storage/04dagstuhl-reports/volume03/issue08/DagRep.3.8/DagRep.3.8.pdf#page=72,"Seminar 13331, section 6.19"
Algorithmic Aspects of Information Theory,Many participants,2022,https://doi.org/10.4230/DagRep.12.7.180,https://drops.dagstuhl.de/storage/04dagstuhl-reports/volume12/issue07/DagRep.12.7/DagRep.12.7.pdf#page=204,"Seminar 22301, section 4; Problem (7.2)"
"Tight Bounds for Noisy Computation of High-Influence Functions, Connectivity, and Threshold","Yuzhou Gu, Xin Li, Yinzhan Xu",2025,https://proceedings.mlr.press/v291/gu25a.html,https://raw.githubusercontent.com/mlresearch/v291/main/assets/gu25a/gu25a.pdf#page=4,Open Problem 1; PDF page 4
The Hardness of Decision Tree Complexity,"Loff, Bruno; Milovanov, Alexey",2025,https://doi.org/10.4230/LIPIcs.STACS.2025.66,https://drops.dagstuhl.de/storage/00lipics/lipics-vol327-stacs2025/LIPIcs.STACS.2025.66/LIPIcs.STACS.2025.66.pdf#page=12,Unresolved-question passage on page 12
TFNP Characterizations of Proof Systems and Monotone Circuits,"Buss, Sam; Fleming, Noah; Impagliazzo, Russell",2023,https://doi.org/10.4230/LIPIcs.ITCS.2023.30,https://drops.dagstuhl.de/storage/00lipics/lipics-vol251-itcs2023/LIPIcs.ITCS.2023.30/LIPIcs.ITCS.2023.30.pdf#page=32,Unresolved-question passage on page 32; PDF page 32
Lower Bound Methods for Sign-Rank and Their Limitations,"Hatami, Hamed; Hatami, Pooya; Pires, William; Tao, Ran; Zhao, Rosie",2022,https://doi.org/10.4230/LIPIcs.APPROX/RANDOM.2022.22,https://drops.dagstuhl.de/storage/00lipics/lipics-vol245-approx-random2022/LIPIcs.APPROX-RANDOM.2022.22/LIPIcs.APPROX-RANDOM.2022.22.pdf#page=3,"RANDOM 2022, article 22: Definitions 1.2–1.3, Question 1.4 and the distinct Conjecture 1.5 read. m(A) is maximum geometric margin, not rank, discrepancy itself or matrix size."
Sign-Rank of k-Hamming Distance is Constant,"Mika Göös, Nathaniel Harms, Valentin Imbach, Dmitry Sokolov",2025,https://eccc.weizmann.ac.il/report/2025/060/,,"Conference version, ECCC revision 1 dated 31 March 2026: Theorems 1.1–1.2 and Open Problem 1.3 read. The Hamming-distance family has sign-rank 2^{O(k)}, but the general margin-versus-sign-rank question remains explicitly open."
A \(Z_{2}\)–Topological Framework for Sign-rank Lower Bounds,"Florian Frick, Kaave Hosseini, Aliaksei Vasileuski",2026,https://eccc.weizmann.ac.il/report/2026/056/,,"ECCC revision 1, 12 April 2026: introduction and Gap Hamming Distance definition read. The lower bounds apply to a partial sign matrix, whose unspecified entries distinguish it from the total matrices in this card."
Tight Chang’s-Lemma-Type Bounds for Boolean Functions,"Chakraborty, Sourav; Mande, Nikhil S.; Mittal, Rajat; Molli, Tulasimohan; Paraashar, Manaswi; Sanyal, Swagato",2021,https://doi.org/10.4230/LIPIcs.FSTTCS.2021.10,https://drops.dagstuhl.de/storage/00lipics/lipics-vol213-fsttcs2021/LIPIcs.FSTTCS.2021.10/LIPIcs.FSTTCS.2021.10.pdf#page=15,"Section 4, Open Problems, p. 10:15; Appendix A.1–A.2 for Fourier sparsity and rank."
Fourier Sparsity and Dimension,Swagato Sanyal,2019,https://theoryofcomputing.org/articles/v015a011/,https://theoryofcomputing.org/articles/v015a011/v015a011.pdf,"Theory of Computing 15(11), Theorem 1.2 and the addressing example immediately preceding it, pp. 2–3."
"Spectral Norm, Economical Sieve, and Linear Invariance Testing of Boolean Functions",Swarnalipa Datta; Arijit Ghosh; Chandrima Kayal; Manaswi Paraashar; Manmatha Roy,2026,https://doi.org/10.4230/LIPIcs.STACS.2026.30,https://drops.dagstuhl.de/storage/00lipics/lipics-vol364-stacs2026/LIPIcs.STACS.2026.30/LIPIcs.STACS.2026.30.pdf,"Section 2.2 and reference 34; also checked arXiv:2308.02662v2, revised 13 January 2026. The background citation omits the logarithmic factor present in the cited 2019 theorem."
Lower Bounds for the Approximate Degree of Block-Composed Functions,"Thaler, Justin",2016,https://doi.org/10.4230/LIPIcs.ICALP.2016.17,https://drops.dagstuhl.de/storage/00lipics/lipics-vol055-icalp2016/LIPIcs.ICALP.2016.17/LIPIcs.ICALP.2016.17.pdf#page=4,"Section 1.1: ODD-MAX-BIT and one-sided approximation, Theorem 1 and Conjecture 3 on page 17:4."
Lower Bounds for the Approximate Degree of Block-Composed Functions — full revision,Justin Thaler,2016,https://eccc.weizmann.ac.il/report/2014/150/,https://eccc.weizmann.ac.il/report/2014/150/revision/3/download/,"Revision 3, 27 March 2016, latest listed revision. Conjecture 3 in Section 1.1 and its restatement in Section 5. Earlier revisions have different numbering and weaker application bounds."
Approximate Degree in Classical and Quantum Computing,Mark Bun; Justin Thaler,2022,https://doi.org/10.1561/0400000107,https://open.bu.edu/server/api/core/bitstreams/10d0eff1-b992-412f-a66b-dd19ceadcc35/content,Foundations and Trends in Theoretical Computer Science 15(3–4):229–423. Accepted manuscript dated 15 December 2022 in Boston University repository; Section 10.5.2 discusses specific OMB compositions and sign-rank applications. Its 2023 repository date is not treated as a new theorem revision.
Quantum Query Complexity of Subgraph Isomorphism and Homomorphism,"Kulkarni, Raghav; Podder, Supartha",2016,https://doi.org/10.4230/LIPIcs.STACS.2016.48,https://drops.dagstuhl.de/storage/00lipics/lipics-vol047-stacs2016/LIPIcs.STACS.2016.48/LIPIcs.STACS.2016.48.pdf#page=11,Unresolved-question passage on page 11; PDF page 11
Nondeterministic and Randomized Boolean Hierarchies in Communication Complexity,"Pitassi, Toniann; Shirley, Morgan; Watson, Thomas",2020,https://doi.org/10.4230/LIPIcs.ICALP.2020.92,https://drops.dagstuhl.de/storage/00lipics/lipics-vol168-icalp2020/LIPIcs.ICALP.2020.92/LIPIcs.ICALP.2020.92.pdf#page=2,Explicit open question on PDF page 2
Majority is Incompressible by \(\mathrm{AC}^{0}[p]\) Circuits,"Oliveira, Igor Carboni; Santhanam, Rahul",2015,https://doi.org/10.4230/LIPIcs.CCC.2015.124,https://drops.dagstuhl.de/storage/00lipics/lipics-vol033-ccc2015/LIPIcs.CCC.2015.124/LIPIcs.CCC.2015.124.pdf#page=6,Explicit open question on PDF page 6
"Multi-Party Protocols, Information Complexity and Privacy","Kerenidis, Iordanis; Rosén, Adi; Urrutia, Florent",2016,https://doi.org/10.4230/LIPIcs.MFCS.2016.57,https://drops.dagstuhl.de/storage/00lipics/lipics-vol058-mfcs2016/LIPIcs.MFCS.2016.57/LIPIcs.MFCS.2016.57.pdf#page=2,Explicit open question on PDF page 2
Lifting Theorems for Equality,"Loff, Bruno; Mukhopadhyay, Sagnik",2019,https://doi.org/10.4230/LIPIcs.STACS.2019.50,https://drops.dagstuhl.de/storage/00lipics/lipics-vol126-stacs2019/LIPIcs.STACS.2019.50/LIPIcs.STACS.2019.50.pdf#page=3,Explicit open question on PDF page 3
The Information Complexity of Hamming Distance,"Blais, Eric; Brody, Joshua; Ghazi, Badih",2014,https://doi.org/10.4230/LIPIcs.APPROX-RANDOM.2014.465,https://drops.dagstuhl.de/storage/00lipics/lipics-vol028-approx-random2014/LIPIcs.APPROX-RANDOM.2014.465/LIPIcs.APPROX-RANDOM.2014.465.pdf#page=4,Explicit open question on PDF page 4
An Operational Characterization of Mutual Information in Algorithmic Information Theory,"Romashchenko, Andrei; Zimand, Marius",2018,https://doi.org/10.4230/LIPIcs.ICALP.2018.95,https://drops.dagstuhl.de/storage/00lipics/lipics-vol107-icalp2018/LIPIcs.ICALP.2018.95/LIPIcs.ICALP.2018.95.pdf#page=12,"Section 1.3–1.4, plain complexity and uniform secret-key protocols; Section 4, Theorem 7; Section 7, Open Question 1."
An Operational Characterization of Mutual Information in Algorithmic Information Theory,Andrei Romashchenko; Marius Zimand,2019,https://doi.org/10.1145/3356867,https://arxiv.org/pdf/1710.05984,"JACM 66(5), 2019; full arXiv v5 submitted 29 April 2019, PDF dated 30 April. Section 6, Theorem 6.1; Section 9, Open Question 1. Earlier conference version is the primary reference."
Communication Complexity of the Secret Key Agreement in Algorithmic Information Theory,Emirhan Gürpınar; Andrei Romashchenko,2020,https://doi.org/10.4230/LIPIcs.MFCS.2020.44,https://drops.dagstuhl.de/storage/00lipics/lipics-vol170-mfcs2020/LIPIcs.MFCS.2020.44/LIPIcs.MFCS.2020.44.pdf,Theorem 2 and introduction’s explicit answer to the earlier Open Question 1; this conference version assumes polynomially many private random bits.
Communication Complexity of the Secret Key Agreement in Algorithmic Information Theory,Emirhan Gürpınar; Andrei Romashchenko,2024,https://doi.org/10.1145/3665163,https://arxiv.org/pdf/2004.13411v6,"ACM Transactions on Computation Theory 16(3), online 10 September 2024, print 30 September. Full arXiv v6 submitted 9 May 2024, PDF dated 13 May: Theorem 2, Proposition 1 and Section 6. Removes the polynomial-randomness restriction. Publication dates checked against publisher-deposited Crossref metadata."
On the Complexity of k-SAT,Russell Impagliazzo; Ramamohan Paturi,2001,https://cseweb.ucsd.edu/~paturi/myPapers/pubs/ImpagliazzoPaturi_2001_jcss.pdf,,"JCSS 62(2), 367–375; exponential rates sₖ and ETH; DOI 10.1006/jcss.2000.1727"
Parameterized Algorithms,Marek Cygan; Fedor V. Fomin; Łukasz Kowalik; Daniel Lokshtanov; Dániel Marx; Marcin Pilipczuk; Michał Pilipczuk; Saket Saurabh,2015,https://www.mimuw.edu.pl/~malcin/book/parameterized-algorithms.pdf,,"§14.1, Conjecture 14.1 and pages 469–470 on the infimum and subexponential distinction; sparsification and parameterized consequences in Chapter 14"
On some fine-grained questions in algorithms and complexity,Virginia Vassilevska Williams,2018,https://people.csail.mit.edu/virgi/eccentri.pdf,,"ICM 2018 survey; Section 2 hypothesis conventions and Section 3 reductions from SETH; the survey often permits randomness, whereas this card fixes deterministic algorithms"
A Better Analysis For PPSZ For 3-SAT,Tao Jiang; Shaowei Cai,2026,https://arxiv.org/abs/2607.10697v1,,12 July 2026 preprint; separate general and unique 3-SAT bounds; randomized PPSZ analysis
Parameterized Algorithms,Marek Cygan; Fedor V. Fomin; Łukasz Kowalik; Daniel Lokshtanov; Dániel Marx; Marcin Pilipczuk; Michał Pilipczuk; Saket Saurabh,2016,https://parameterized-algorithms.mimuw.edu.pl/,https://parameterized-algorithms.mimuw.edu.pl/parameterized-algorithms.pdf#page=245,"Chapter 7, branchwidth discussion; PDF page 245"
"Subcubic Equivalences between Path, Matrix and Triangle Problems",Virginia Vassilevska Williams and Ryan Williams,2010,https://doi.org/10.1109/FOCS.2010.67,,Main equivalence theorems
Faster all-pairs shortest paths via circuit complexity,Ryan Williams,2013,https://arxiv.org/abs/1312.6680,,Abstract and real-RAM theorem; STOC 2014
Node-Weighted Triangles: Faster and Simpler,Shyan Akmal and Nick Fischer,2026,https://arxiv.org/abs/2605.08588,,"Introduction; ICALP 2026, Article 10"
More Applications of the Polynomial Method to Algorithm Design,Amir Abboud; Ryan Williams; Huacheng Yu,2015,https://theory.stanford.edu/~yuhch123/files/faster-orthog-soda.pdf,,"SODA 2015, 218–230; abstract and Boolean Orthogonal Detection theorem"
Conditional Hardness of Earth Mover Distance,Dhruv Rohatgi,2019,https://arxiv.org/abs/1909.11068,,APPROX/RANDOM 2019 article 12; exact-distance OVH consequences; approximation hardness also uses a different Hitting Set assumption
Faster Algorithms for Average-Case Orthogonal Vectors and Closest Pair Problems,Josh Alman; Alexandr Andoni; Hengjie Zhang,2025,https://arxiv.org/abs/2410.22477,,"v1, 29 October 2024; SOSA 2025; independent Bernoulli-coordinate input model"
Faster Algorithms for k-Orthogonal Vectors in Low Dimension,Anita Dürr; Evangelos Kipouridis; Michael Lampis; Karol Węgrzycki,2026,https://drops.dagstuhl.de/entities/document/10.4230/LIPIcs.ICALP.2026.85,,Published 1 July; Theorem 1.1 and introduction; one-sided error and computer-aided constant refinement
New and Improved Concrete Lower Bounds for Orthogonal Vectors,Tameem Choudhury; Nutan Limaye; Karteek Sreenivasaiah; Srikanth Srinivasan,2026,https://arxiv.org/abs/2607.23799,,"v1, 26 July; Conjecture 1, Theorem 5 and restricted-model discussion; no unrestricted word-RAM lower bound"
Dynamic Boolean Formula Evaluation,Rathish Das; Andrea Lincoln; Jayson Lynch; J. Ian Munro,2021,https://drops.dagstuhl.de/entities/document/10.4230/LIPIcs.ISAAC.2021.61,,"Inherited reference; ISAAC 2021, article 61; §2.1, Definition 2 states n^{ωk/3−o(k)} hardness for randomized or deterministic algorithms"
Faster Combinatorial k-Clique Algorithms,Amir Abboud; Nick Fischer; Yarin Shechter,2024,https://arxiv.org/abs/2401.13502v2,,"Revision 3 August 2024; LATIN 2024, later Algorithmica 88, article 48 (2026), DOI 10.1007/s00453-026-01390-8; Theorem 1 and Corollary 1"
The Role of Regularity in (Hyper-)Clique Detection and Implications for Optimizing Boolean CSPs,Nick Fischer; Marvin Künnemann; Mirza Redžić; Julian Stieß,2025,https://drops.dagstuhl.de/entities/document/10.4230/LIPIcs.ICALP.2025.78,,ICALP 2025; §1.1 gives the grouping bound and its divisibility qualification; Theorem 1.1 preserves detection exponents under regularization
Conditionally Tight Algorithms for Maximum k-Coverage and Partial k-Dominating Set via Arity-Reducing Hypercuts,Nick Fischer; Marvin Künnemann; Mirza Redzic,2026,https://arxiv.org/abs/2601.16923,,Posted 23 January 2026; applications of separate graph-clique and 3-uniform hyperclique hypotheses
Improving the matrix multiplication exponent with modern optimization and AlphaEvolve,Emilien Dupont; Marvin Eisenberger; Borislav Kozlovskii; Abbas Mehrabian; Francisco J. R. Ruiz; Abigail See; Renfei Zhou; Josh Alman; Virginia Vassilevska Williams; Matej Balog,2026,https://arxiv.org/abs/2608.16884,,Posted 17 August 2026; reports ω<2.371177 via optimized combination-loss bounds; numerical verification not rerun for this catalogue
The Role of Regularity in (Hyper-)Clique Detection and Implications for Optimizing Boolean CSPs,Nick Fischer; Marvin Künnemann; Mirza Redžić; Julian Stieß,2025,https://arxiv.org/abs/2505.17314,,"Inherited source; ICALP 2025, article 78; Hypothesis 2.2, Theorems 1.1–1.2 and regularization section; DOI 10.4230/LIPIcs.ICALP.2025.78"
Tight Hardness for Shortest Cycles and Paths in Sparse Graphs,Andrea Lincoln; Virginia Vassilevska Williams; Ryan Williams,2018,https://arxiv.org/abs/1712.08147,,"2017 preprint; SODA 2018, 1236–1252; hyperclique and Max-k-SAT discussion, with h/k notation translated to this card"
Classifying Identities: Subcubic Distributivity Checking and Hardness from Arithmetic Progression Detection,Bartłomiej Dudek; Nick Fischer; Geri Gokaj; Ce Jin; Marvin Künnemann; Xiao Mao; Mirza Redžić,2026,https://arxiv.org/abs/2603.28843,,"Posted 30 March 2026; STOC 2026, 1453–1464; 4-term arithmetic-progression detection and 3-uniform 4-hypercliques"
When Does Sparsity Help for k-Independent Set in Hypergraphs and Other Boolean CSPs?,Timo Fritsch; Marvin Künnemann; Mirza Redžić; Julian Stieß,2026,https://drops.dagstuhl.de/entities/document/10.4230/LIPIcs.ICALP.2026.94,,ICALP 2026; Hypothesis 13 and Theorem 14; vertex-count versus edge-count tradeoffs
Edit Distance Cannot Be Computed in Strongly Subquadratic Time (unless SETH is false),Arturs Backurs; Piotr Indyk,2015,https://arxiv.org/abs/1412.0348,,"STOC 2015; exact-computation reduction, not a fixed-accuracy approximation lower bound"
Quadratic Conditional Lower Bounds for String Problems and Dynamic Time Warping,Karl Bringmann and Marvin Künnemann,2015,https://arxiv.org/abs/1502.01063v2,,"2 April 2015 revision, §1.1 Theorem 1.2 and §2. Unit-cost Levenshtein distance is Edit(1,1,0,1); conditional hardness already holds over {0,1}."
Approximation Schemes for Edit Distance and LCS in Quasi-Strongly Subquadratic Time,Xiao Mao; Aviad Rubinstein,2026,https://arxiv.org/abs/2603.29702,,"v1, 31 March 2026; Section 1 and Theorem 6.1; STOC 2026, DOI 10.1145/3798129.3800789"
Unifying and Strengthening Hardness for Dynamic Problems via the Online Matrix-Vector Multiplication Conjecture,"Monika Henzinger, Sebastian Krinninger, Danupon Nanongkai, and Thatchaphol Saranurak",2015,https://arxiv.org/abs/1511.06773,,STOC 2015; OMv conjecture and reductions
Faster Online Matrix-Vector Multiplication,Kasper Green Larsen and Ryan Williams,2017,https://arxiv.org/abs/1605.01695,,SODA 2017; main algorithm
Non-Boolean OMv: One More Reason to Believe Lower Bounds for Dynamic Problems,Bingbing Hu and Adam Polak,2025,https://doi.org/10.4230/LIPIcs.ESA.2025.54,,Section 1.1 and main equivalences
Research reference · drops.dagstuhl.de,,2026,https://drops.dagstuhl.de/entities/document/10.4230/LIPIcs.ICALP.2026.119,,
The Open Problems Project,Erik D. Demaine; Joseph S. B. Mitchell; Joseph O’Rourke (editors),2025,https://topp.openproblem.net/p11,,Problem 11
Research reference · drops.dagstuhl.de,,2021,https://drops.dagstuhl.de/entities/document/10.4230/LIPIcs.IPEC.2021.3,,
Dot-Product Proofs and Their Applications,Nir Bitansky; Prahladh Harsha; Yuval Ishai; Ron D. Rothblum; David J. Wu,2024,https://eccc.weizmann.ac.il/report/2024/114/,,Section 3.3 and the comparison of ETH with Gap-ETH.
SIGACT Open Problems Column,,2017,https://www.cs.umd.edu/~gasarch/open/finegrain.pdf,https://www.cs.umd.edu/~gasarch/open/finegrain.pdf#page=5,Problem 6
Randomization in Parameterized Complexity,Karl Bringmann,2017,https://doi.org/10.4230/DagRep.7.1.103,https://drops.dagstuhl.de/storage/04dagstuhl-reports/volume07/issue01/DagRep.7.1/DagRep.7.1.pdf#page=122,"Seminar 17041, section 4.3"
Graph Pattern Polynomials,"Bläser, Markus; Komarath, Balagopal; Sreenivasaiah, Karteek",2018,https://doi.org/10.4230/LIPIcs.FSTTCS.2018.18,https://drops.dagstuhl.de/storage/00lipics/lipics-vol122-fsttcs2018/LIPIcs.FSTTCS.2018.18/LIPIcs.FSTTCS.2018.18.pdf#page=12,Unresolved-question passage on page 12; PDF page 12
Listing 4-Cycles,"Abboud, Amir; Khoury, Seri; Leibowitz, Oree; Safier, Ron",2023,https://doi.org/10.4230/LIPIcs.FSTTCS.2023.25,https://drops.dagstuhl.de/storage/00lipics/lipics-vol284-fsttcs2023/LIPIcs.FSTTCS.2023.25/LIPIcs.FSTTCS.2023.25.pdf#page=13,Open Question 18
Superlinear Lower Bounds Based on ETH,"Salamon, András Z.; Wehar, Michael",2022,https://doi.org/10.4230/LIPIcs.STACS.2022.55,https://drops.dagstuhl.de/storage/00lipics/lipics-vol219-stacs2022/LIPIcs.STACS.2022.55/LIPIcs.STACS.2022.55.pdf#page=3,Explicit open question on PDF page 3
Current Algorithms for Detecting Subgraphs of Bounded Treewidth Are Probably Optimal,"Bringmann, Karl; Slusallek, Jasper",2021,https://doi.org/10.4230/LIPIcs.ICALP.2021.40,https://drops.dagstuhl.de/storage/00lipics/lipics-vol198-icalp2021/LIPIcs.ICALP.2021.40/LIPIcs.ICALP.2021.40.pdf#page=13,Unresolved-question passage on page 13
APMF < APSP? Gomory-Hu Tree for Unweighted Graphs in Almost-Quadratic Time,Amir Abboud; Robert Krauthgamer; Ohad Trabelsi,2021,https://doi.org/10.1109/FOCS52979.2021.00112,https://ieee-focs.org/FOCS-2021-Papers/pdfs/FOCS2021-5stbVHiOp5jRHWlSl41FkR/205500b135/205500b135.pdf#page=11,"Theorem I.1 defines cut equivalence; Section V, Open Question 1 asks for a subcubic weighted construction. The full June 2021 author version repeats this in its concluding Open Question 1."
APMF < APSP? Gomory-Hu Tree for Unweighted Graphs in Almost-Quadratic Time — full version,Amir Abboud; Robert Krauthgamer; Ohad Trabelsi,2021,https://arxiv.org/abs/2106.02981,https://arxiv.org/pdf/2106.02981v1,"Version 1, 5 June 2021. Theorem 1.1 and concluding Open Question 1."
Breaking the Cubic Barrier for All-Pairs Max-Flow: Gomory-Hu Tree in Nearly Quadratic Time,Amir Abboud; Robert Krauthgamer; Jason Li; Debmalya Panigrahi; Thatchaphol Saranurak; Ohad Trabelsi,2022,https://doi.org/10.1109/FOCS54457.2022.00088,https://arxiv.org/pdf/2111.04958v3,"FOCS 2022, pages 884–895. Full version 3, 3 August 2022, first submitted 9 November 2021. Theorem 1.3 and following remarks: unconditional randomized nearly quadratic construction for integer weights; logarithmic dependence on their magnitude."
Deterministic Almost-Linear-Time Gomory-Hu Trees,Amir Abboud; Rasmus Kyng; Jason Li; Debmalya Panigrahi; Maximilian Probst Gutenberg; Thatchaphol Saranurak; Weixuan Yuan; Wuwei Yuan,2025,https://doi.org/10.1109/FOCS63196.2025.00035,https://arxiv.org/pdf/2507.20354v1,"FOCS 2025, pages 659–666; full author version 1, 27 July 2025. Theorem 1.1 and Section 3 explicitly require polynomially bounded integer weights. Conference publication corroborated on the author’s research page."
\(\mathrm{P}=\mathrm{BPP}\) unless E has sub-exponential circuits: Derandomizing the XOR Lemma,Russell Impagliazzo; Avi Wigderson,1997,https://www.math.ias.edu/~avi/PUBLICATIONS/MYPAPERS/IW97/proc.pdf,,"STOC 1997; published title P=BPP if E Requires Exponential Circuits, DOI 10.1145/258533.258590"
Pseudorandomness Beating the Hybrid Argument for Insensitive Algorithms,Dean Doron; Dana Moshkovitz; Justin Oh; David Zuckerman,2026,https://eccc.weizmann.ac.il/report/2026/082/,,"Revision 1, 17 May 2026; abstract and introduction"
"Probabilistic Computers (and Hence Quantum Computers) Are Rigorously More Powerful Than Classical Deterministic Computers, and Derandomization",Tianrong Lin,2026,https://arxiv.org/abs/2308.09549v9,,"Unverified direct claim; version 9, 19 July 2026; original submission August 2023"
Pseudorandom generators for space-bounded computation,Noam Nisan,1992,https://mathweb.ucsd.edu/~sbuss/CourseWeb/Math268_2013W/Nisan_PRG.pdf,,"Combinatorica 12(4):449–461, DOI 10.1007/BF01305237; original generator construction"
Better Pseudodistributions and Derandomization for Space-Bounded Computation,William M. Hoza,2021,https://drops.dagstuhl.de/entities/document/10.4230/LIPIcs.APPROX/RANDOM.2021.28,,"RANDOM 2021, 28:1–28:23; weighted generators and improvement to Saks–Zhou simulation"
Hitting Sets Give Two-Sided Derandomization of Small Space,Kuan Cheng; William M. Hoza,2022,https://theoryofcomputing.org/articles/v018a021/,,"Theory of Computing 18(21):1–32, 20 September; CCC 2020 precursor; hitting sets, PRGs and alphabet dependence"
Weighted Pseudorandom Generators for Read-Once Branching Programs via Weighted Pseudorandom Reductions,Kuan Cheng; Ruiyang Wu,2026,https://epubs.siam.org/doi/10.1137/1.9781611978971.124,,"SODA 2026, pp. 3423–3458, 7 January; weighted constructions across parameter regimes"
Improved Error Reduction for Weighted PRGs,Ben Chen; Gil Cohen; Dean Doron; Yuval Khaskelberg; Amnon Ta-Shma,2026,https://eccc.weizmann.ac.il/report/2026/064/,,"Revision 3, 4 May 2026; weighted-PRG error reduction and corrected attribution"
A Forward-Backward Weight Analysis of INW for Permutation Branching Programs,Gil Cohen; Dean Doron; Noam Goldgraber,2026,https://eccc.weizmann.ac.il/report/2026/123/,,"ECCC TR26-123, 21 July; ordinary INW generator under permutation transitions, not a theorem for general merging programs"
Better Pseudodistributions and Derandomization for Space-Bounded Computation,William M. Hoza,2021,https://drops.dagstuhl.de/storage/00lipics/lipics-vol207-approx-random2021/LIPIcs.APPROX-RANDOM.2021.28/LIPIcs.APPROX-RANDOM.2021.28.pdf,,Introduction and deterministic space simulation; comparison with Saks–Zhou
Doubly transitive equiangular tight frames that contain regular simplices,Matthew Fickus; Evan C. Lake,2025,https://www.sciencedirect.com/science/article/pii/S0024379525003143,,"Inherited source; Linear Algebra and its Applications 726, 113–163; introduction and §2.1; accessible preprint arXiv:2302.08879v2, 21 July 2025; DOI 10.1016/j.laa.2025.07.023"
The road to deterministic matrices with the restricted isometry property,Afonso S. Bandeira; Matthew Fickus; Dustin G. Mixon; Percy Wong,2013,https://www.math.ucdavis.edu/~strohmer/courses/270/road_to_rip.pdf,,"Journal of Fourier Analysis and Applications; §§1–4, especially the sparse-recovery theorem and coherence bottleneck"
Explicit constructions of RIP matrices and related problems,Jean Bourgain; Stephen J. Dilworth; Kevin Ford; Sergei Konyagin; Denka Kutzarova,2011,https://arxiv.org/abs/1008.4535,,"Duke Mathematical Journal 159(1), 145–185; explicit construction beyond the square-root bottleneck; v3, 29 May 2011"
Satisfying the restricted isometry property with the optimal number of rows and slightly less randomness,Shravas Rao,2025,https://arxiv.org/abs/2311.07889,,"Information Processing Letters 189, 106553; introduction and Theorem 1.1; preprint 2023, v2 December 2024; DOI 10.1016/j.ipl.2024.106553"
"Two Source Extractors for Asymptotically Optimal Entropy, and (Many) More",Xin Li,2023,https://arxiv.org/abs/2303.06802,,Main results and comparison with the existential entropy threshold.
Theory of Unconditional Pseudorandom Generators,Pooya Hatami; William M. Hoza,2023,https://eccc.weizmann.ac.il/report/2023/019/,https://eccc.weizmann.ac.il/report/2023/019/download/#page=71,Open Problem 4.3.1; PDF page 71
Sublinear.info,Martin Strauss,2006,https://sublinear.info/index.php?title=Open_Problems:21,,Problem 21
Stretching Demi-Bits and Nondeterministic-Secure Pseudorandomness,"Tzameret, Iddo; Zhang, Lu-Ming",2024,https://doi.org/10.4230/LIPIcs.ITCS.2024.95,https://drops.dagstuhl.de/storage/00lipics/lipics-vol287-itcs2024/LIPIcs.ITCS.2024.95/LIPIcs.ITCS.2024.95.pdf#page=15,Conjecture 21; PDF page 15
Two-Source and Affine Non-Malleable Extractors for Small Entropy,"Li, Xin; Zhong, Yan",2024,https://doi.org/10.4230/LIPIcs.ICALP.2024.108,https://drops.dagstuhl.de/storage/00lipics/lipics-vol297-icalp2024/LIPIcs.ICALP.2024.108/LIPIcs.ICALP.2024.108.pdf#page=12,Unresolved-question passage on page 12; PDF page 12
Satisfiability and Derandomization for Small Polynomial Threshold Circuits,"Kabanets, Valentine; Lu, Zhenjian",2018,https://doi.org/10.4230/LIPIcs.APPROX-RANDOM.2018.46,https://drops.dagstuhl.de/storage/00lipics/lipics-vol116-approx-random2018/LIPIcs.APPROX-RANDOM.2018.46/LIPIcs.APPROX-RANDOM.2018.46.pdf#page=13,Unresolved-question passage on page 13; PDF page 13
Fine-Grained Derandomization: From Problem-Centric to Resource-Centric Complexity,"Carmosino, Marco L.; Impagliazzo, Russell; Sabin, Manuel",2018,https://doi.org/10.4230/LIPIcs.ICALP.2018.27,https://drops.dagstuhl.de/storage/00lipics/lipics-vol107-icalp2018/LIPIcs.ICALP.2018.27/LIPIcs.ICALP.2018.27.pdf#page=12,"Definitions 11–13; Theorems 17 and 20; final open-question paragraph in Section 4, pages 27:12–13."
Fine-Grained Derandomization: From Problem-Centric to Resource-Centric Complexity — full version,Marco L. Carmosino; Russell Impagliazzo; Manuel Sabin,2018,https://eccc.weizmann.ac.il/report/2018/092/,https://eccc.weizmann.ac.il/report/2018/092/download/,"Dated 4 May 2018; Definitions 2.12–2.14, Theorems 3.4 and 3.9; Section 4; Appendix B, Theorem B.1."
"Pseudorandom generators, typically-correct derandomization, and circuit lower bounds",Jeff Kinne; Dieter van Melkebeek; Ronen Shaltiel,2012,https://doi.org/10.1007/s00037-011-0019-z,https://pages.cs.wisc.edu/~dieter/Papers/r-typical-full.pdf,Author manuscript dated 16 August 2010; Theorem 10 and Section 6.4 give lower-bound consequences under much smaller exceptional-input sets; journal publication 2012.
On The Utility of Fine-Grained Complexity Theory,Manuel Sabin,2020,https://www2.eecs.berkeley.edu/Pubs/TechRpts/2020/EECS-2020-165.pdf,https://www2.eecs.berkeley.edu/Pubs/TechRpts/2020/EECS-2020-165.pdf,"Chapter 5, concluding question on page 86 repeats the inverse-polynomial-error converse question."
Bounded Indistinguishability for Simple Sources,"Bogdanov, Andrej; Dinesh, Krishnamoorthy; Filmus, Yuval; Ishai, Yuval; Kaplan, Avi; Srinivasan, Akshayaram",2022,https://doi.org/10.4230/LIPIcs.ITCS.2022.26,https://drops.dagstuhl.de/storage/00lipics/lipics-vol215-itcs2022/LIPIcs.ITCS.2022.26/LIPIcs.ITCS.2022.26.pdf#page=9,Open Question 3
Hardness vs Randomness for Bounded Depth Arithmetic Circuits,"Chou, Chi-Ning; Kumar, Mrinal; Solomon, Noam",2018,https://doi.org/10.4230/LIPIcs.CCC.2018.13,https://drops.dagstuhl.de/storage/00lipics/lipics-vol102-ccc2018/LIPIcs.CCC.2018.13/LIPIcs.CCC.2018.13.pdf#page=3,Explicit open question on PDF page 3
Errorless Versus Error-Prone Average-Case Complexity,"Hirahara, Shuichi; Santhanam, Rahul",2022,https://doi.org/10.4230/LIPIcs.ITCS.2022.84,https://drops.dagstuhl.de/storage/00lipics/lipics-vol215-itcs2022/LIPIcs.ITCS.2022.84/LIPIcs.ITCS.2022.84.pdf#page=2,Explicit open question on PDF page 2
Polynomial-Time Pseudodeterministic Construction of Primes,Lijie Chen; Zhenjian Lu; Igor C. Oliveira; Hanlin Ren; Rahul Santhanam,2026,https://doi.org/10.1145/3803408,https://eccc.weizmann.ac.il/report/2023/076/revision/1/download,"Journal of the ACM 73(2), article 14, published 23 April 2026 (publisher-deposited metadata). Full author manuscript dated 3 December 2025, ECCC revision posted 4 December 2025, introduction, Theorem 1.1 and Corollary 1.2. Earlier FOCS 2023 DOI 10.1109/FOCS57990.2023.00074."
On \(\mathrm{W}[1]\)-Hardness as Evidence for Intractability,Ralph Christian Bottesch,2018,https://drops.dagstuhl.de/entities/document/10.4230/LIPIcs.MFCS.2018.73,,"MFCS 2018, Article 73; Section 1, relations to P≠NP and ETH, and relativization results"
Constant Approximating k-Clique is \(\mathrm{W}[1]\)-hard,Bingkai Lin,2021,https://arxiv.org/abs/2102.04769,,STOC 2021; gap reduction and constant-factor approximation consequence
Simple Combinatorial Construction of the \(k^{o(1)}\)-Lower Bound for Approximating the Parameterized k-Clique,Yijia Chen; Yi Feng; Bundit Laekhanukit; Yanlin Liu,2025,https://arxiv.org/abs/2304.07516,,"SOSA 2025, 263–280; DOI 10.1137/1.9781611978315.21"
Faster Combinatorial k-Clique Algorithms,Amir Abboud; Nick Fischer; Yarin Shechter,2026,https://weizmann.elsevierpure.com/en/publications/faster-combinatorial-k-clique-algorithms-2/,,"Algorithmica 88(3), Article 48, 22 May 2026; DOI 10.1007/s00453-026-01390-8; earlier arXiv:2401.13502v2"
Exact Complexity and Satisfiability,Russell Impagliazzo; Ramamohan Paturi,2013,https://cseweb.ucsd.edu/~paturi/myPapers/pubs/ImpagliazzoPaturi_2013_ipec.pdf,,"IPEC 2013, LNCS 8246, 1–3; invited survey and definition s₃>0"
"Chain, Generalization of Covering Code, and Deterministic Algorithm for k-SAT",S. Cliff Liu,2018,https://arxiv.org/abs/1804.07901,,ICALP 2018; version 7 dated 17 March 2020; deterministic 1.32793ⁿ bound for 3-SAT
Mind the Gap? Not for SVP Hardness Under ETH!,"Aggarwal, Divesh; Gupta, Rishav; Morolia, Aditya; Zhang, Chuanqi",2026,https://doi.org/10.4230/LIPIcs.ICALP.2026.8,https://drops.dagstuhl.de/storage/00lipics/lipics-vol374-icalp2026/LIPIcs.ICALP.2026.8/LIPIcs.ICALP.2026.8.pdf#page=9,"ICALP 2026, article 8. Open Problem 1 on p. 8:9, Definition 2.6 (the SVP gap decision problem), Definition 2.10 (ETH and randomized ETH), and Theorems 1.1–1.2 read. The open problem says ETH; the proved p>2 SVP result specifically uses randomized ETH."
TSP Escapes the \(O(2^{n} n^{2})\) Curse,Mihail Stoian,2024,https://arxiv.org/abs/2405.03018v2,,Revised 27 May 2024; abstract and exact weighted TSP running-time statement
Research reference · drops.dagstuhl.de,,2024,https://drops.dagstuhl.de/entities/document/10.4230/LIPIcs.ICALP.2024.34,,
Open problems in twin-width,Édouard Bonnet,2026,https://perso.ens-lyon.fr/edouard.bonnet/openQuestions.html,,Question 1; accessed 11 September 2026
Twin-width one,"Ahn, Jungho; Jacob, Hugo; Köhler, Noleen; Paul, Christophe; Reinald, Amadeus; Wiederrecht, Sebastian",2025,https://arxiv.org/abs/2501.00991,,Introduction: general XP/FPT approximation; definition of contraction sequences
Quasipolynomial multicut-mimicking networks and kernelization of multiway cut problems,,2020,https://arxiv.org/abs/2002.08825,,Introduction and kernelization consequences
Clique-width is NP-complete,Michael R. Fellows; Frances A. Rosamond; Udi Rotics; Stefan Szeider,2009,https://doi.org/10.1137/070687256,,"SIAM Journal on Discrete Mathematics 23(2), 2009. Author PDF read: Introduction and Theorem 2, §2.1 definitions, and §8 Open Questions, especially Questions 2–3. https://www.ac.tuwien.ac.at/files/pub/FellowsRosamondRoticsSzeider09.pdf. Hardness is for variable k; fixed-k recognition and FPT recognition are listed separately."
Wikipedia: Clique-width,Wikipedia contributors,,https://en.wikipedia.org/wiki/Clique-width,,Discovery source; retrieved 2026-09-11. Evidence locator: clique-width four
Wikipedia revision used for discovery,Wikipedia contributors,,https://en.wikipedia.org/w/index.php?oldid=1368637779,,Revision timestamp: 2026-08-10T06:09:08Z
Polynomial-time recognition of clique-width \(\le 3\) graphs,"Derek G. Corneil, Michel Habib, Jean-Marc Lanlignel, Bruce Reed and Udi Rotics",2012,https://doi.org/10.1016/j.dam.2011.03.020,,"Discrete Applied Mathematics 160(6), 834–865. Full publisher abstract retrieved through search; direct page returned HTTP 403. Confirms polynomial recognition for threshold three and describes arbitrary fixed thresholds as open. Algorithm proof not read; earlier extended abstract appeared at LATIN 2000."
Tight Bounds for Feedback Vertex Set Parameterized by Clique-Width,Narek Bojikian and Stefan Kratsch,2026,https://drops.dagstuhl.de/entities/document/10.4230/LIPIcs.ICALP.2026.39,,"ICALP 2026, article 39, published 1 July. Full publisher abstract read. Its graph algorithms take a k-clique expression as input, so the result is an application with a supplied decomposition, not exact recognition of clique-width."
Lower Bounds on Dynamic Programming for Maximum Weight Independent Set,"Korhonen, Tuukka",2021,https://arxiv.org/abs/2102.06901,,"Section 2.2, Definition 6 and Lemma 7; Corollary 4 on restricted-class automatization"
Open problems: Can dynamic programming for independent set be automated?,Tuukka Korhonen,2026,https://tuukkakorhonen.com/problems.html,,Question 4; updated 11 September 2026
Parameterized complexity of graph isomorphism testing,Daniel Neuen,2026,https://epub.uni-regensburg.de/78630/1/1-s2.0-S1574013726000274-main.pdf,,Rank-width section and open fixed-parameter tractability question.
On Quasipolynomial Multicut-Mimicking Networks and Kernelization of Multiway Cut Problems,"Wahlström, Magnus",2020,https://doi.org/10.4230/LIPIcs.ICALP.2020.101,https://drops.dagstuhl.de/storage/00lipics/lipics-vol168-icalp2020/LIPIcs.ICALP.2020.101/LIPIcs.ICALP.2020.101.pdf#page=13,"Theorem 22 and Section 4, question about polynomial-size 0-Extension sparsifiers. The Theorem 22 claim was subsequently retracted."
Quasipolynomial multicut-mimicking networks and kernelization of multiway cut problems — corrected full version,Magnus Wahlström,2021,https://arxiv.org/abs/2002.08825v3,,"Version 3, 5 March 2021: remark immediately before Section 4 retracting metric-sparsifier claims; Section 4, final question."
Quasipolynomial Multicut-mimicking Networks and Kernels for Multiway Cut Problems,Magnus Wahlström,2022,https://doi.org/10.1145/3501304,https://pure.royalholloway.ac.uk/portal/files/43690930/mwc_quasipoly_preprint.pdf,"TALG 18(2); accepted manuscript page 17, retraction remark and discussion. Retraction passage checked through indexed author manuscript."
Approximating Small Sparse Cuts,Aditya Anand; Euiwoong Lee; Jason Li; Thatchaphol Saranurak,2024,https://arxiv.org/abs/2403.08983,,"Definition 1.9, Theorem 1.10 and Section 8.1: ordinary multicut-mimicking networks, size k^{O(log² k)}."
Optimality and Tight Results in Parameterized Complexity,Hans Bodlaender,2014,https://doi.org/10.4230/DagRep.4.11.1,https://drops.dagstuhl.de/storage/04dagstuhl-reports/volume04/issue11/DagRep.4.11/DagRep.4.11.pdf#page=20,"Seminar 14451, section 4.7"
Parameterized Approximation: Algorithms and Hardness,Pasin Manurangsi,2023,https://doi.org/10.4230/DagRep.13.7.96,https://drops.dagstuhl.de/storage/04dagstuhl-reports/volume13/issue07/DagRep.13.7/DagRep.13.7.pdf#page=107,"Seminar 23291, section 5.4"
Graph Modification Problems,Erik Jan van Leeuwen,2014,https://doi.org/10.4230/DagRep.4.2.38,https://drops.dagstuhl.de/storage/04dagstuhl-reports/volume04/Issue02/DagRep.4.2/DagRep.4.2.pdf#page=60,"Seminar 14071, section 4.8"
"Colouring Graphs of Bounded Diameter, in Graph Colouring: from Structure to Algorithms",Daniël Paulusma,2019,https://doi.org/10.4230/DagRep.9.6.125,,"Dagstuhl Seminar 19271; Section 4.3, printed page 139"
Improved Lower Bounds for Approximating Parameterized Nearest Codeword and Related Problems Under ETH,"Li, Shuangle; Lin, Bingkai; Liu, Yuwei",2024,https://doi.org/10.4230/LIPIcs.ICALP.2024.107,https://drops.dagstuhl.de/storage/00lipics/lipics-vol297-icalp2024/LIPIcs.ICALP.2024.107/LIPIcs.ICALP.2024.107.pdf#page=17,Open Problem 34; PDF page 17
On Lower Bounds of Approximating Parameterized k-Clique,"Lin, Bingkai; Ren, Xuandi; Sun, Yican; Wang, Xiuhan",2022,https://doi.org/10.4230/LIPIcs.ICALP.2022.90,https://drops.dagstuhl.de/storage/00lipics/lipics-vol229-icalp2022/LIPIcs.ICALP.2022.90/LIPIcs.ICALP.2022.90.pdf#page=16,Question 2; PDF page 16
On the Complexity of Problems on Tree-Structured Graphs,"Bodlaender, Hans L.; Groenland, Carla; Jacob, Hugo; Pilipczuk, Marcin; Pilipczuk, Michał",2022,https://doi.org/10.4230/LIPIcs.IPEC.2022.6,https://drops.dagstuhl.de/storage/00lipics/lipics-vol249-ipec2022/LIPIcs.IPEC.2022.6/LIPIcs.IPEC.2022.6.pdf#page=15,"IPEC 2022, article 6: Section 2.2 defines XNLP and parameterized logspace reductions; Conjecture 14 on p. 15 gives the simultaneous n^{f(k)}-time, f(k)n^c-space obstruction."
XNLP-Completeness for Parameterized Problems on Graphs with a Linear Structure,"Hans L. Bodlaender, Carla Groenland, Hugo Jacob, Lars Jaffke, Paloma T. Lima",2025,https://doi.org/10.1007/s00453-024-01274-9,https://research-portal.uu.nl/ws/portalfiles/portal/261652374/s00453-024-01274-9.pdf,"Algorithmica 87, pp. 465–506; online 4 November 2024. Conjecture 1 on p. 467 retains the same simultaneous time-space statement; Sections 3.1–3.2 defines the reduction conventions."
An FPT-Algorithm for Recognizing k-Apices of Minor-Closed Graph Classes,"Sau, Ignasi; Stamoulis, Giannos; Thilikos, Dimitrios M.",2020,https://doi.org/10.4230/LIPIcs.ICALP.2020.95,https://drops.dagstuhl.de/storage/00lipics/lipics-vol168-icalp2020/LIPIcs.ICALP.2020.95/LIPIcs.ICALP.2020.95.pdf#page=17,"Section 5, limitations of the irrelevant vertex technique; Theorems 1–2 and Section 2 graph conventions."
k-apices of minor-closed graph classes. II. Parameterized algorithms,Ignasi Sau; Giannos Stamoulis; Dimitrios M. Thilikos,2021,https://arxiv.org/abs/2004.12692,https://arxiv.org/pdf/2004.12692,"Full preprint version 2, 2 March 2021, concluding remarks; repeats the class-dependent exponent and conditional-lower-bound questions."
Faster parameterized algorithms for modification problems to minor-closed classes,Laure Morelle; Ignasi Sau; Giannos Stamoulis; Dimitrios M. Thilikos,2024,https://doi.org/10.46298/theoretics.24.19,https://arxiv.org/pdf/2210.02167,"TheoretiCS, 12 August 2024; Theorem 1.1 and Section 11, especially page 72: universal exponent remains open and no stronger-than-subexponential ETH lower bound is known to the authors."
Graph Modification of Bounded Size to Minor-Closed Classes as Fast as Vertex Deletion,Laure Morelle; Ignasi Sau; Dimitrios M. Thilikos,2025,https://doi.org/10.4230/LIPIcs.ESA.2025.7,,ESA 2025 abstract: broader replacements retain a class-dependent polynomial degree; genus-bounded targets are a special case.
Parameterized Complexity of Independent Set in H-Free Graphs,"Bonnet, Édouard; Bousquet, Nicolas; Charbit, Pierre; Thomassé, Stéphan; Watrigant, Rémi",2019,https://doi.org/10.4230/LIPIcs.IPEC.2018.17,https://drops.dagstuhl.de/storage/00lipics/lipics-vol115-ipec2018/LIPIcs.IPEC.2018.17/LIPIcs.IPEC.2018.17.pdf#page=12,"IPEC 2018 proceedings published 5 February 2019; Sections 1–1.2, decision parameter and induced exclusion; Section 3, disjoint unions of cliques; Section 6, disjoint-union closure conjecture."
Parameterized Complexity of Independent Set in H-Free Graphs,Édouard Bonnet; Nicolas Bousquet; Pierre Charbit; Stéphan Thomassé; Rémi Watrigant,2020,https://doi.org/10.1007/s00453-020-00730-6,https://perso.ens-lyon.fr/edouard.bonnet/publi/pcMISHfreeJournal.pdf,"Algorithmica 82(8),2360–2394; published 17 June 2020. Author-hosted expanded manuscript, concluding section p. 33 lines 1185–1188 repeats this conjecture; Theorem 6 proves the cluster case."
When Maximum Stable Set Can Be Solved in FPT Time,Édouard Bonnet; Nicolas Bousquet; Stéphan Thomassé; Rémi Watrigant,2019,https://doi.org/10.4230/LIPIcs.ISAAC.2019.49,https://drops.dagstuhl.de/storage/00lipics/lipics-vol149-isaac2019/LIPIcs.ISAAC.2019.49/LIPIcs.ISAAC.2019.49.pdf,"Published 28 November 2019; introduction and Section 5, including Theorem 29, distinguish deterministic tractable families from randomized algorithms for dart- and cricket-free graphs."
Hitting Set for Hypergraphs of Low VC-dimension,"Bringmann, Karl; Kozma, László; Moran, Shay; Narayanaswamy, N. S.",2016,https://doi.org/10.4230/LIPIcs.ESA.2016.23,https://drops.dagstuhl.de/storage/00lipics/lipics-vol057-esa2016/LIPIcs.ESA.2016.23/LIPIcs.ESA.2016.23.pdf#page=5,Unresolved-question passage on page 5; PDF page 5
Randomised Enumeration of Small Witnesses Using a Decision Oracle,"Meeks, Kitty",2016,https://doi.org/10.4230/LIPIcs.IPEC.2016.22,https://drops.dagstuhl.de/storage/00lipics/lipics-vol063-ipec2016/LIPIcs.IPEC.2016.22/LIPIcs.IPEC.2016.22.pdf#page=11,Section 1 defines self-contained witnesses and inclusion/extension oracles; Section 2 defines expected delay; the penultimate question in Section 6 asks about delay and incremental guarantees.
Randomised Enumeration of Small Witnesses Using a Decision Oracle,Kitty Meeks,2018,https://doi.org/10.1007/s00453-018-0404-y,https://arxiv.org/pdf/1509.05572v4,"Algorithmica 81:519–540 (2019), published online 16 January 2018. Author-final arXiv v4 dated 4 January 2018; Sections 1–2 and Section 7 retain the question and distinguish inclusion from ordinary decision for non-self-contained problems."
Subexponential-Time Parameterized Algorithm for Steiner Tree on Planar Graphs,"Pilipczuk, Marcin; Pilipczuk, Michal; Sankowski, Piotr; van Leeuwen, Erik Jan",2013,https://doi.org/10.4230/LIPIcs.STACS.2013.353,https://drops.dagstuhl.de/storage/00lipics/lipics-vol020-stacs2013/LIPIcs.STACS.2013.353/LIPIcs.STACS.2013.353.pdf#page=11,Unresolved-question passage on page 11; PDF page 11
Hitting forbidden minors: Approximation and Kernelization,"Fomin, Fedor V.; Lokshtanov, Daniel; Misra, Neeldhara; Philip, Geevarghese; Saurabh, Saket",2011,https://doi.org/10.4230/LIPIcs.STACS.2011.189,https://drops.dagstuhl.de/storage/00lipics/lipics-vol009-stacs2011/LIPIcs.STACS.2011.189/LIPIcs.STACS.2011.189.pdf#page=11,Introduction: fixed finite forbidden family and vertex deletion; Section 2: minors and polynomial kernels; Section 5: question for every family.
"Planar F-Deletion: Approximation, Kernelization and Optimal FPT Algorithms",Fedor V. Fomin; Daniel Lokshtanov; Neeldhara Misra; Saket Saurabh,2012,https://doi.org/10.1109/FOCS.2012.62,https://arxiv.org/pdf/1204.4230,"FOCS 2012, pages 470–479. Full author version arXiv:1204.4230v2, 2 November 2020, Theorem 2: polynomial kernel when the fixed family contains a planar graph. The randomized approximation step is distinguished by the later 2026 source."
Lossy Planarization: A Constant-Factor Approximate Kernelization for Planar Vertex Deletion,Bart M. P. Jansen; Michał Włodarczyk,2025,https://doi.org/10.1137/22M152058X,https://arxiv.org/pdf/2202.02174,"SIAM Journal on Computing 54(1):1–91 (2025), following STOC 2022. Read the full arXiv:2202.02174v1 of 4 February 2022 and the 2026 paper’s description of the journal result: constant-factor approximate kernel, not an exact decision kernel."
Kernelization Dichotomies for Hitting Minors Under Structural Parameterizations,Marin Bougeret; Eric Brandwein; Ignasi Sau,2026,https://doi.org/10.4230/LIPIcs.STACS.2026.17,https://drops.dagstuhl.de/storage/00lipics/lipics-vol364-stacs2026/LIPIcs.STACS.2026.17/LIPIcs.STACS.2026.17.pdf,"Introduction, pages 17:2–17:3: general solution-size question and planarization remain open; original planar-family kernel plus Gupta et al.’s deterministic approximation yields a deterministic kernel. Theorem 1 lifts an already-existing kernel to structural parameters for connected forbidden graphs."
Subset Sum Quantumly in \(1.17^{n}\),"Helm, Alexander; May, Alexander",2018,https://doi.org/10.4230/LIPIcs.TQC.2018.5,https://drops.dagstuhl.de/storage/00lipics/lipics-vol111-tqc2018/LIPIcs.TQC.2018.5/LIPIcs.TQC.2018.5.pdf#page=2,Explicit open question on PDF page 2
"Exact and Approximate Pattern Counting in Degenerate Graphs: New Algorithms, Hardness Results, and Complexity Dichotomies","Marco Bressan (University of Milan, Italy), Marc Roth (University of Oxford, United Kingdom)",2021,https://doi.org/10.1109/FOCS52979.2021.00036,https://ieee-focs.org/FOCS-2021-Papers/pdfs/FOCS2021-5stbVHiOp5jRHWlSl41FkR/205500a276/205500a276.pdf#page=8,Open Problem 1
Polynomial Kernels for Deletion to Classes of Acyclic Digraphs,"Mnich, Matthias; van Leeuwen, Erik Jan",2016,https://doi.org/10.4230/LIPIcs.STACS.2016.55,https://drops.dagstuhl.de/storage/00lipics/lipics-vol047-stacs2016/LIPIcs.STACS.2016.55/LIPIcs.STACS.2016.55.pdf#page=2,Explicit open question on PDF page 2
The Constraint Satisfaction Problem: Complexity and Approximability,Andrei Krokhin; Stanislav Živný (editors),2017,https://drops.dagstuhl.de/entities/volume/DFU-volume-7,https://drops.dagstuhl.de/storage/02dagstuhl-follow-ups/dfu-vol007/DFU.Vol7.15301/DFU.Vol7.15301.pdf#page=176,"Chapter 6, Holant discussion; PDF page 176"
Parameterized complexity of machine scheduling: 15 open problems,Matthias Mnich; René van Bevern,2017,https://arxiv.org/abs/1709.01670,https://arxiv.org/pdf/1709.01670#page=7,Open Problem 13; PDF page 7
On the Optimality of Pseudo-polynomial Algorithms for Integer Programming,"Fomin, Fedor V.; Panolan, Fahad; Ramanujan, M. S.; Saurabh, Saket",2018,https://doi.org/10.4230/LIPIcs.ESA.2018.31,https://drops.dagstuhl.de/storage/00lipics/lipics-vol112-esa2018/LIPIcs.ESA.2018.31/LIPIcs.ESA.2018.31.pdf#page=12,"Section 1: integer feasibility and parameters; Section 5, page 31:12, two sublinear-exponent running-time questions and the alternative of ETH lower bounds."
Tight Complexity Lower Bounds for Integer Linear Programming with Few Constraints,Dušan Knop; Michał Pilipczuk; Marcin Wrochna,2019,https://doi.org/10.4230/LIPIcs.STACS.2019.44,https://www.cs.ox.ac.uk/standa.zivny/publications/Knop19stacs-preprint.pdf,"Theorem 1: 0/1 coefficient matrices, n and ||b||∞ both O(m log m), and no 2^{o(m log m)} algorithm under ETH."
Tight complexity lower bounds for integer linear programming with few constraints — full version,Dušan Knop; Michał Pilipczuk; Marcin Wrochna,2019,https://arxiv.org/abs/1811.01296,https://arxiv.org/pdf/1811.01296v3,"Version 3, 23 July 2019; Theorem 1 and Corollary 2. The latter also permits b∈{0,1}^m by allowing −1 entries in A."
Tight Complexity Lower Bounds for Integer Linear Programming with Few Constraints,Dušan Knop; Michał Pilipczuk; Marcin Wrochna,2020,https://doi.org/10.1145/3397484,,"ACM Transactions on Computation Theory 12(3), Article 19. Publication corroborated by the authors’ institutional publication records; journal full text was not accessible."
On the optimality of pseudo-polynomial algorithms for integer programming — journal version,"Fomin, Fedor V.; Panolan, Fahad; Ramanujan, M. S.; Saurabh, Saket",2023,https://doi.org/10.1007/s10107-022-01783-x,https://fedorvf.github.io/articles/2023/2023g.pdf,"Published online 14 February 2022; Mathematical Programming 198 (2023), pp. 561–593. Section 1.1, page 566, explicitly acknowledges that Knop et al. answered the conference lower-bound question."
Detecting High Log-Densities — an \(O(n^{1}/4)\) Approximation for Densest k-Subgraph,Aditya Bhaskara; Moses Charikar; Eden Chlamtac; Uriel Feige; Aravindan Vijayaraghavan,2010,https://arxiv.org/abs/1001.2891,,"STOC 2010, pp. 201–210, DOI 10.1145/1806689.1806718; §1.1 and §4; distinguish fixed-ε polynomial time from the endpoint"
Polynomial integrality gaps for strong SDP relaxations of Densest k-subgraph,Aditya Bhaskara; Moses Charikar; Venkatesan Guruswami; Aravindan Vijayaraghavan; Yuan Zhou,2012,https://arxiv.org/abs/1110.1360,,"SODA 2012, pp. 388–405, DOI 10.1137/1.9781611973099.34; Sherali–Adams and Lasserre integrality gaps"
Almost-Polynomial Ratio ETH-Hardness of Approximating Densest k-Subgraph,Pasin Manurangsi,2017,https://arxiv.org/abs/1611.05991,,"STOC 2017, pp. 954–961, DOI 10.1145/3055399.3055412; v2, 10 April 2017; ETH hardness and perfect completeness"
A New Conjecture on Hardness of 2-CSP’s with Implications to Hardness of Densest k-Subgraph and Other Problems,Julia Chuzhoy; Mina Dalirrooyfard; Vadim Grinberg; Zihan Tan,2023,https://drops.dagstuhl.de/entities/document/10.4230/LIPIcs.ITCS.2023.38,,"ITCS 2023, 38:1–38:23, 1 February; §1 pp. 2–3 conditional DkS hardness; full version arXiv:2211.05906"
A Scalable and Exact Relaxation for Densest k-Subgraph via Error Bounds,Ya Liu; Junbin Liu; Wing-Kin Ma; Aritra Konar,2026,https://ojs.aaai.org/index.php/AAAI/article/view/38562,,"AAAI 2026, 40(18):15360–15368, 14 March; DOI 10.1609/aaai.v40i18.38562; continuous penalization and nonconvex optimization"
A Note on Approximability of Densest At-Least-k-Subgraph,Bundit Laekhanukit; Pasin Manurangsi; Ohad Trabelsi,2026,https://arxiv.org/abs/2605.25464,,"Preprint v1, 25 May 2026; §1 current DkS hardness status, Theorem 2 reduction to the at-least-k objective"
On the Unique Games Conjecture,Subhash Khot,2010,https://cs.nyu.edu/~khot/papers/UGCSurvey.pdf,,"Section 2.4, Definition 2.4 and Conjecture 2.5; CCC 2010 invited survey"
Optimal Algorithms and Inapproximability Results for Every CSP?,Prasad Raghavendra,2008,https://www.cs.cornell.edu/~abrahao/tdg/papers/p245.pdf,,STOC 2008; Theorems 1.1–1.2 and Corollary 1.3; DOI 10.1145/1374376.1374414
Subexponential Algorithms for Unique Games and Related Problems,Sanjeev Arora; Boaz Barak; David Steurer,2010,https://www.boazbarak.org/Papers/ssesubexp.pdf,,FOCS 2010; Theorem 1.1 and its parameter discussion; DOI 10.1109/FOCS.2010.59
On the Proof of the 2-to-2 Games Conjecture,Subhash Khot,2020,https://cs.nyu.edu/~khot/PCP-Spring-20/2-to-2-Exposition.pdf,,"Author exposition hosted for Spring 2020 course; Sections 2.8–2.9, Theorems 2.19–2.20"
Towards a Proof of the 2-to-1 Games Conjecture,Irit Dinur; Subhash Khot; Guy Kindler; Dor Minzer; Muli Safra,2025,https://theoryofcomputing.org/articles/v021a011/,,"Theory of Computing 21, Article 11, 26 November 2025; introduction, Conjecture 1.4; preliminary STOC 2018 version"
The Design of Approximation Algorithms,David P. Williamson; David B. Shmoys,2011,https://www.designofapproxalgs.com/,https://www.designofapproxalgs.com/book.pdf#page=450,Problem 9; PDF page 450
Approximation Algorithms for Directed Steiner Problems,Moses Charikar; Chandra Chekuri; To Yat Cheung; Zuo Dai; Ashish Goel; Sudipto Guha; Ming Li,1999,https://chekuri.web.engr.illinois.edu/pub.html,,"Journal of Algorithms 33, 73–91; SODA 1998 precursor. Author bibliography corrects the original quasipolynomial O(log² k) claim to O(log³ k) because of the height-reduction lemma"
\(O(\log ^{2} k/\log  \log  k)\)-Approximation Algorithm for Directed Steiner Tree: A Tight Quasi-Polynomial-Time Algorithm,Fabrizio Grandoni; Bundit Laekhanukit; Shi Li,2019,https://people.idsia.ch/~grandoni/Pubblicazioni/GLL19stoc.pdf,,"STOC 2019, 253–264; polynomial versus quasipolynomial time distinction and explicit extra hardness assumptions"
An \(O(\log  k)\)-Approximation for Directed Steiner Tree in Planar Graphs,Zachary Friggstad; Ramin Mousavi,2023,https://arxiv.org/abs/2302.04747,,"v2, 21 April; ICALP 2023 article 63, Theorem 1; requires planarity"
From Directed Steiner Tree to Directed Polymatroid Steiner Tree in Planar Graphs,Chandra Chekuri; Rhea Jain; Shubhang Kulkarni; Da Wei Zheng; Weihao Zhu,2024,https://drops.dagstuhl.de/entities/document/10.4230/LIPIcs.ESA.2024.42,,Planar tree embeddings and LP gap; introduction records the polynomial integrality gap in general graphs
On the Integrality Gap of Directed Steiner Tree LPs with Relatively Integral Solutions,Bundit Laekhanukit,2025,https://arxiv.org/abs/2412.10744,,"v2 withdrawn 20 December 2024; v3 submitted 10 October 2025, PDF dated 13 October with title On the LP-relaxation for Directed Steiner Tree with Relatively Integral Solution; first-page rectification note and Theorem 1; record still carries withdrawal comment"
Length-Constrained Network Design in Planar Digraphs,Chandra Chekuri; Rhea Jain,2026,https://arxiv.org/abs/2607.25811,,"v1, 28 July; APPROX/RANDOM 2026 article 15; introduction explicitly states the general open question; bicriteria length violation is O(log k)"
Graph expansion and the unique games conjecture,Prasad Raghavendra; David Steurer,2010,https://doi.org/10.1145/1806689.1806792,,"STOC 2010, pp. 755–764. Author’s full paper checked: expansion profile and Problem 1 (exact normalized set size), and the reduction from small-set expansion to Unique Games."
Wikipedia: Small set expansion hypothesis,Wikipedia contributors,,https://en.wikipedia.org/wiki/Small_set_expansion_hypothesis,,Discovery source; retrieved 2026-09-11. Evidence locator: unproven computational
Wikipedia revision used for discovery,Wikipedia contributors,,https://en.wikipedia.org/w/index.php?oldid=1368726535,,Revision timestamp: 2026-08-10T19:16:45Z
Graph Expansion and the Unique Games Conjecture,Prasad Raghavendra and David Steurer,2010,https://www.dsteurer.org/paper/expansion.pdf,,"Original full conference paper, introduction and Problem 1. Regular graphs and the exact-size expansion profile Φ_G(δ)=min_{|S|/n=δ} Φ(S)."
Reductions Between Expansion Problems,"Prasad Raghavendra, David Steurer and Madhur Tulsiani",2010,https://arxiv.org/abs/1011.2586,,Preprint first posted November 2010; STOC 2012. Abstract: equivalence to an expansion-restricted Unique Games hypothesis and consequences for Balanced Separator and Minimum Linear Arrangement. Full PDF also uses more general weighted and size-range formulations; these are not silently substituted into this card.
The Condition-Number Barrier in Sparse Least Squares,"Honghao Lin, Vahab Mirrokni and David P. Woodruff",2026,https://arxiv.org/abs/2608.02588,,3 August 2026 abstract: conditional hardness using a randomized exact-volume weighted regular-graph SSE assumption. Neither an unconditional SSE theorem nor a refutation.
Maximum Entropy is a \(10/7\)-Approximation Algorithm for the TSP on Half-Integral Cycle Cut Instances,Billy Jin; Nathan Klein; David P. Williamson,2026,https://arxiv.org/abs/2607.01536v2,,"Inherited reference, first posted 1 July and revised 3 July 2026; §1 states the LP, classical bound, and distinction between class gap and algorithm ratio"
A (Slightly) Improved Bound on the Integrality Gap of the Subtour LP for TSP,Anna R. Karlin; Nathan Klein; Shayan Oveis Gharan,2022,https://arxiv.org/abs/2105.10043v3,,FOCS 2022; revision 11 April 2022; explicit expected tour cost relative to the subtour LP
From Trees to Polynomials and Back Again: New Capacity Bounds with Applications to TSP,Leonid Gurvits; Nathan Klein; Jonathan Leake,2024,https://arxiv.org/abs/2311.09072v2,,"ICALP 2024; revision 9 May 2024; §4.2, Lemma 4.5 and Corollary 4.6 yield the LP-relative 2.18·10^{−34} saving"
A \(4/3\)-Approximation Algorithm for Half-Integral Cycle Cut Instances of the TSP,Billy Jin; Nathan Klein; David P. Williamson,2025,https://arxiv.org/abs/2211.04639v2,,"Mathematical Programming B 210, 511–518 (2025); preprint November 2022, revision July 2023; all critical tight sets must be cycle cuts"
The Integrality Gap of the Traveling Salesman Problem is \(4/3\) if the LP Solution Has at Most \(n+6\) Non-zero Components,Tullio Villa; Eleonora Vercesi; Janos Barta; Monaldo Mastrolilli,2025,https://arxiv.org/abs/2507.07003v2,,"First posted 9 July, revised 12 November 2025; support-size restriction on an optimal LP solution"
Extending Exact Integrality Gap Computations for the Metric TSP,William Cook; Stefan Hougardy; Moritz Petrich,2026,https://arxiv.org/abs/2603.12995v5,,"First posted 13 March, revised 8 September 2026; §§1–3, all instances through n=16 and half-integral extreme points through n=18; computational verification not rerun locally"
A Sharper Explicit Bound on the Subtour-LP Integrality Gap for Metric TSP,Zhao Song,2026,https://www.preprints.org/manuscript/202609.0140/v1,,Posted 2 September 2026; Theorems 1–2 and Lemma 26 claim ε★>2.05522·10^{−30}; proof and certificate not independently audited here
A \((2+\varepsilon )\)-Approximation Algorithm for Metric k-Median,Vincent Cohen-Addad; Fabrizio Grandoni; Euiwoong Lee; Chris Schwiegelshohn; Ola Svensson,2025,https://people.idsia.ch/~grandoni/Pubblicazioni/CGLSS25stoc.pdf,,"Inherited source; STOC 2025, 615–624; Theorems 1.1–1.3 and concluding paragraph of §1.1; full version arXiv:2503.10972 v2 dated 19 May 2026"
A threshold of ln n for approximating set cover,Uriel Feige,1998,https://disco.ethz.ch/alumni/pascalv/refs/ds_1998_feige.pdf,,"Journal of the ACM 45(4), 634–652; Max k-Cover hardness, distinguished from the stronger historical assumption for Set Cover"
A new greedy approach for facility location problems,Kamal Jain; Mohammad Mahdian; Amin Saberi,2002,https://cgi.di.uoa.gr/~vassilis/co/co-papers/jain02.pdf,,"STOC 2002, 731–740; §6, Theorem 10; DOI 10.1145/509907.510012"
Tight FPT Approximations for k-Median and k-Means,Vincent Cohen-Addad; Anupam Gupta; Amit Kumar; Euiwoong Lee; Jason Li,2019,https://drops.dagstuhl.de/entities/document/10.4230/LIPIcs.ICALP.2019.42,,"ICALP 2019, 42:1–42:14; fixed-parameter approximation with respect to k"
Almost-Optimal Upper and Lower Bounds for Clustering in Low Dimensional Euclidean Spaces,Vincent Cohen-Addad; Karthik C. S.; David Saulpic; Chris Schwiegelshohn,2026,https://arxiv.org/abs/2603.09846,,Posted 10 March 2026; approximation schemes use a low-dimensional Euclidean promise
Spectral Dual Fitting for k-Means,Aditya Anand; Moses Charikar; Vincent Cohen-Addad; Ruiquan Gao; Fabrizio Grandoni; Euiwoong Lee; Amatya Sharma; Ernest van Wijland,2026,https://arxiv.org/abs/2607.14654,,"Posted 16 July 2026; primary title and abstract concern k-Means, despite a malformed combined title on a third-party mirror"
Approximation Algorithms: seminar by Vijay Vazirani,Vijay V. Vazirani,2001,https://algo.inria.fr/seminars/sem00-01/vazirani.html,,Vertex Cover and the factor-two approximation barrier.
An Improved Approximation Algorithm for the Asymmetric Traveling Salesman Problem,Vera Traub and Jens Vygen,2022,https://epubs.siam.org/doi/10.1137/20M1339313,,"SIAM Journal on Computing 51(1), pp. 139–173; published 22 February 2022. Full arXiv:1912.00670v2 introduction checked: integrality upper bound 22, subsequently improved in the authors’ book."
Approximation Algorithms for Traveling Salesman Problems,Vera Traub and Jens Vygen,2024,https://www.or.uni-bonn.de/tspbook/book.pdf,,"Author-posted Cambridge book: LP (3.1), Theorem 3.4 (metric equivalence to circulation LP), Theorem 3.18 and Open Problem 3.19; Theorem 8.25 and Corollary 8.26 give upper bound 17. DOI 10.1017/9781009445436."
On the Integrality Gap of Small Asymmetric Traveling Salesman Problems: A Polyhedral and Computational Approach,"Eleonora Vercesi, Janos Barta, Luca Maria Gambardella, Stefano Gualandi and Monaldo Mastrolilli",2025,https://arxiv.org/abs/2506.10671,,"12 June 2025 full introduction and DFJ constraints (1)–(5). Improved finite-size lower bounds for n=16,…,22; its discussion still cites the older general upper bound 22."
The Cloven Traveling Salesman: Cycle Covers and the Integrality Gap of Small ATSP Instances,"Alessandro Sosso, Ambrogio Maria Bernardelli and Stefano Gualandi",2026,https://arxiv.org/abs/2511.05045v2,,"Revision 2, 22 June 2026; full introduction and §2. Exact half-integer-extreme-point gap computations through n=12, not all extreme points or arbitrary n. Accepted author version, DOI 10.1007/s11590-026-02312-x."
Lecture Notes on the ARV Algorithm for Sparsest Cut,Thomas Rothvoss,2016,https://arxiv.org/abs/1607.00854,,Definition of Uniform Sparsest Cut and the ARV approximation theorem.
Optimal Inapproximability Results for MAX-CUT and Other 2-Variable CSPs,Subhash Khot; Guy Kindler; Elchanan Mossel; Ryan O’Donnell,2007,https://faculty.wharton.upenn.edu/wp-content/uploads/2014/07/Optimal_Inapproximability_Results_for_MAX_CUT_and_Other_2_Variable_CSPs_1.pdf,,Main Max-Cut hardness theorem and its Unique Games hypothesis.
Research reference · drops.dagstuhl.de,,2016,https://drops.dagstuhl.de/entities/document/10.4230/LIPIcs.STACS.2016.55,,
A cost function for similarity-based hierarchical clustering,Sanjoy Dasgupta,2016,https://arxiv.org/abs/1510.05043,,Definition of the objective and approximation discussion.
Approximate Hierarchical Clustering via Sparsest Cut and Spreading Metrics,Moses Charikar; Vaggos Chatziafratis,2017,https://arxiv.org/abs/1609.09548,,Approximation guarantee and Small-Set Expansion hardness.
A Linear Programming Formulation and Approximation Algorithms for the Metric Labeling Problem,Chandra Chekuri; Sanjeev Khanna; Joseph Naor; Leonid Zosin,2005,https://chekuri.cs.illinois.edu/papers/metric-labeling-sidma.pdf,,General metric-labeling definition and O(log k) approximation; compare the Chuzhoy–Naor hardness paper linked in the original proposal.
TCS Open Problems,,2026,https://tcsopenproblems.com/problem/1,,Problem 1
Hardness and Approximation for Coloring Digraphs,"Chalermsook, Parinya; Gahlawat, Harmender; Klingelhoefer, Felix; Newman, Alantha; Tang, Chaoliang",2026,https://doi.org/10.4230/LIPIcs.ICALP.2026.53,https://drops.dagstuhl.de/storage/00lipics/lipics-vol374-icalp2026/LIPIcs.ICALP.2026.53/LIPIcs.ICALP.2026.53.pdf#page=19,"ICALP 2026, article 53. Introduction’s dichromatic-number convention, Theorem 17, and Section 4, Question 2 and its following conjectural sentence on p. 53:19 read. The yes/no target follows the authors’ suggested NP-hardness for every constant k, rather than leaving an unspecified complexity classification."
Baby PIH: Parameterized Inapproximability of Min CSP,"Guruswami, Venkatesan; Ren, Xuandi; Sandeep, Sai",2024,https://doi.org/10.4230/LIPIcs.CCC.2024.27,https://drops.dagstuhl.de/storage/00lipics/lipics-vol300-ccc2024/LIPIcs.CCC.2024.27/LIPIcs.CCC.2024.27.pdf#page=14,"CCC 2024, article 27: introduction, Hypotheses 9 and 10, Definition 1, and Open Question 2 on p. 27:14 read. The underlying target is PIH from W[1]≠FPT; the suggested proof technique is not part of the success criterion."
Parameterized Inapproximability Hypothesis under ETH,"Venkatesan Guruswami, Bingkai Lin, Xuandi Ren, Yican Sun, Kewen Wu",2025,https://doi.org/10.1145/3749982,,"Journal of the ACM, 2025; publisher statement of Hypothesis 1.1 and main ETH implication checked. Preprint arXiv:2311.16587 was first submitted in November 2023; this does not establish the W[1]≠FPT implication."
Parameterized inapproximability: From Clique to PIH,"Yijia Chen, Bingkai Lin",2026,https://doi.org/10.1016/j.cosrev.2025.100834,,"Computer Science Review 59, article 100834, February 2026. Full abstract and introduction checked: discusses PIH under ETH and explicitly distinguishes the still-open W[1]≠FPT target."
NP-Hardness of Almost Coloring Almost 3-Colorable Graphs,"Hecht, Yahli; Minzer, Dor; Safra, Muli",2023,https://doi.org/10.4230/LIPIcs.APPROX/RANDOM.2023.51,https://drops.dagstuhl.de/storage/00lipics/lipics-vol275-approx-random2023/LIPIcs.APPROX-RANDOM.2023.51/LIPIcs.APPROX-RANDOM.2023.51.pdf#page=10,"RANDOM 2023, article 51: Theorem 1, Definition 2 and Conjecture 23 read. Restored both promise cases and the independent-set conclusion; the proved almost-coloring theorem explicitly uses randomized reductions."
On Maximizing Sums of Non-Monotone Submodular and Linear Functions,"Qi, Benjamin",2022,https://doi.org/10.4230/LIPIcs.ISAAC.2022.41,https://drops.dagstuhl.de/storage/00lipics/lipics-vol248-isaac2022/LIPIcs.ISAAC.2022.41/LIPIcs.ISAAC.2022.41.pdf#page=2,Explicit open question on PDF page 2
A Logarithmic Integrality Gap for Generalizations of Quasi-Bipartite Instances of Directed Steiner Tree,"Friggstad, Zachary; Sun, Hao",2024,https://doi.org/10.4230/LIPIcs.SWAT.2024.23,https://drops.dagstuhl.de/storage/00lipics/lipics-vol294-swat2024/LIPIcs.SWAT.2024.23/LIPIcs.SWAT.2024.23.pdf#page=3,Explicit open question on PDF page 3
A Logarithmic Integrality Gap Bound for Directed Steiner Tree in Quasi-bipartite Graphs,"Friggstad, Zachary; Könemann, Jochen; Shadravan, Mohammad",2016,https://doi.org/10.4230/LIPIcs.SWAT.2016.3,https://drops.dagstuhl.de/storage/00lipics/lipics-vol053-swat2016/LIPIcs.SWAT.2016.3/LIPIcs.SWAT.2016.3.pdf#page=3,Explicit open question on PDF page 3
Near-Optimal UGC-hardness of Approximating Max \(k-\mathrm{CSP}_{R}\),"Manurangsi, Pasin; Nakkiran, Preetum; Trevisan, Luca",2016,https://doi.org/10.4230/LIPIcs.APPROX-RANDOM.2016.15,https://drops.dagstuhl.de/storage/00lipics/lipics-vol060-approx-random2016/LIPIcs.APPROX-RANDOM.2016.15/LIPIcs.APPROX-RANDOM.2016.15.pdf#page=3,Explicit open question on PDF page 3
An Algorithmic Bridge Between Hamming and Levenshtein Distances,"Goldenberg, Elazar; Kociumaka, Tomasz; Krauthgamer, Robert; Saha, Barna",2023,https://doi.org/10.4230/LIPIcs.ITCS.2023.58,https://drops.dagstuhl.de/storage/00lipics/lipics-vol251-itcs2023/LIPIcs.ITCS.2023.58/LIPIcs.ITCS.2023.58.pdf#page=2,"Introduction, page 58:2: the unresolved continuation asks for a truly subquadratic-time factor-3 approximation of ordinary unit-cost edit distance, not merely any constant factor in near-linear time."
Edit Distance in Near-Linear Time: it’s a Constant Factor,Alexandr Andoni; Negev Shekel Nosatzki,2020,https://doi.org/10.1109/FOCS46700.2020.00096,https://arxiv.org/pdf/2005.07678v2,"FOCS 2020; full version 2 submitted 14 July 2022, manuscript dated 18 July 2022. Theorem 1.1: runtime n^(1+gamma), approximation constant depending on gamma."
Does Preprocessing Help in Fast Sequence Comparisons?,Elazar Goldenberg; Aviad Rubinstein; Barna Saha,2020,https://doi.org/10.1145/3357713.3384300,https://arxiv.org/pdf/2108.09115,"STOC 2020; full author version first submitted 20 August 2021. Section 6, Theorem 16: approximation without preprocessing; the 2026 survey table restates its 3+o(1), n^(1.6+o(1)) tradeoff."
Approximation Schemes for Edit Distance and LCS in Quasi-Strongly Subquadratic Time,Xiao Mao; Aviad Rubinstein,2026,https://doi.org/10.1145/3798129.3800789,https://arxiv.org/pdf/2603.29702v1,"STOC 2026, published 9 June 2026. Full version 1 submitted 31 March 2026, manuscript dated 1 April. Table 1 and Theorem 6.1: improved accuracy with a subpolynomial saving from quadratic time, not a fixed-power saving."
Inserting Multiple Edges into a Planar Graph,"Chimani, Markus; Hlinený, Petr",2016,https://doi.org/10.4230/LIPIcs.SoCG.2016.30,https://drops.dagstuhl.de/storage/00lipics/lipics-vol051-socg2016/LIPIcs.SoCG.2016.30/LIPIcs.SoCG.2016.30.pdf#page=1,"Introduction, page 30:1; drawing, crossing-number and good-drawing definitions, page 30:3."
Hardness of Approximation for Crossing Number,Sergio Cabello,2013,https://doi.org/10.1007/s00454-012-9440-6,https://arxiv.org/pdf/1204.0660,"Abstract and main hardness theorem; excludes one fixed approximation ratio greater than one under P ≠ NP, even for cubic graphs."
A Subpolynomial Approximation Algorithm for Graph Crossing Number in Low-Degree Graphs,Julia Chuzhoy; Zihan Tan,2022,https://arxiv.org/abs/2202.06827,https://arxiv.org/pdf/2202.06827,"Introduction and Corollary 1.3; STOC 2022, DOI 10.1145/3519935.3519984."
"An Algorithm for Estimating the Crossing Number of Dense Graphs, and Continuous Analogs of the Crossing and Rectilinear Crossing Numbers",Oriol Solé-Pi,2026,https://doi.org/10.1007/s00454-025-00783-w,,"Published online 21 October 2025; Discrete & Computational Geometry 76, 896–930 (2026), Theorem 1.2."
A New Conjecture on Hardness of 2-CSP’s with Implications to Hardness of Densest k-Subgraph and Other Problems,Julia Chuzhoy; Mina Dalirrooyfard; Vadim Grinberg; Zihan Tan,2023,https://doi.org/10.4230/LIPIcs.ITCS.2023.38,,Pages 38:4–38:5 distinguish Minimum Crossing Number from Maximum Bounded-Crossing Subgraph.
Constant-Factor FPT Approximation for Capacitated k-Median,"Adamczyk, Marek; Byrka, Jarosław; Marcinkowski, Jan; Meesum, Syed M.; Włodarczyk, Michał",2019,https://doi.org/10.4230/LIPIcs.ESA.2019.1,https://drops.dagstuhl.de/storage/00lipics/lipics-vol144-esa2019/LIPIcs.ESA.2019.1/LIPIcs.ESA.2019.1.pdf#page=1,Explicit open question on PDF page 1
On the Computational Complexity of Linear Discrepancy,"Li, Lily; Nikolov, Aleksandar",2020,https://doi.org/10.4230/LIPIcs.ESA.2020.69,https://drops.dagstuhl.de/storage/00lipics/lipics-vol173-esa2020/LIPIcs.ESA.2020.69/LIPIcs.ESA.2020.69.pdf#page=12,"Equation (1), Theorem 2 and Section 5, conjectured constant-factor Π₂ hardness."
Linear discrepancy is Π₂-hard to approximate,Pasin Manurangsi,2021,https://doi.org/10.1016/j.ipl.2021.106164,https://arxiv.org/pdf/2107.01235,"Information Processing Letters 172, article 106164; Theorem 1 and Lemma 5: Π₂ reduction with discrepancy ≤4/3 versus ≥3/2."
Hardness of the Binary Covering Radius Problem in Large \(l_{p}\) Norms,"Bennett, Huck; Ly, Peter",2026,https://doi.org/10.4230/LIPIcs.APPROX/RANDOM.2026.10,https://drops.dagstuhl.de/storage/00lipics/lipics-vol392-approx-random2026/LIPIcs.APPROX-RANDOM.2026.10/LIPIcs.APPROX-RANDOM.2026.10.pdf#page=7,Explicit open question on PDF page 7
Improved Inapproximability of VC Dimension and Littlestone’s Dimension via (Unbalanced) Biclique,"Manurangsi, Pasin",2023,https://doi.org/10.4230/LIPIcs.ITCS.2023.85,https://drops.dagstuhl.de/storage/00lipics/lipics-vol251-itcs2023/LIPIcs.ITCS.2023.85/LIPIcs.ITCS.2023.85.pdf#page=2,"Question 1 is answered in Theorems 2–8 of the same paper. Section 2 defines one-sided approximation, the dimensions and randomized ETH; Section 7 separates the still-open task of approximately optimal online learning."
Improved Inapproximability of VC Dimension and Littlestone’s Dimension via (Unbalanced) Biclique — author preprint,Pasin Manurangsi,2022,https://arxiv.org/abs/2211.01443,https://arxiv.org/pdf/2211.01443v1,"Version 1, 2 November 2022. Abstract and version history checked; complete mathematical definitions and results read in the 18-page published ITCS 2023 paper."
Competitive Algorithms for Server Problems,Mark S. Manasse; Lyle A. McGeoch; Daniel D. Sleator,1990,https://www.cs.cmu.edu/~sleator/papers/server-problems.pdf,,"Journal of Algorithms 11:208–230; §2 laziness reduction, Theorem 6 and Corollary 7 lower bounds, §8 open problem"
On the k-server conjecture,Elias Koutsoupias; Christos H. Papadimitriou,1995,https://cgi.di.uoa.gr/~elias/papers/paper-kp95.html,,Journal of the ACM 42(5):971–983; author page links manuscript; STOC 1994 precursor; general (2k−1) bound
An Optimal On-Line Algorithm for K Servers on Trees,Marek Chrobak; Lawrence L. Larmore,1991,https://epubs.siam.org/doi/10.1137/0220008,,SIAM Journal on Computing 20(1):144–148; tree-metric competitive ratio k
Deterministic 3-server on a circle and the limitation of canonical potentials,Zhiyi Huang; Hanwen Zhang,2024,https://www.sciencedirect.com/science/article/abs/pii/S0304397524004614,,"Theoretical Computer Science 1020:114844; DOI 10.1016/j.tcs.2024.114844; preprint arXiv:2205.08103v1, 17 May 2022; §§3–4 circle theorem and canonical-family limitation"
The Randomized k-Server Conjecture is False!,Sébastien Bubeck; Christian Coester; Yuval Rabani,2023,https://arxiv.org/abs/2211.05753,,Main lower bound and metrical task systems.
k-server-bench: Automating Potential Discovery for the k-Server Conjecture,Kirill Brilliantov; Etienne Bamas; Emmanuel Abbé,2026,https://arxiv.org/abs/2604.07240,,"Preprint v1, 8 April 2026; §1 general status, §4 limits of finite evaluation, Appendix B work-function background"
Approximation Algorithms for Scheduling Unrelated Parallel Machines,Jan Karel Lenstra; David B. Shmoys; Éva Tardos,1990,https://ir.cwi.nl/pub/18055,,"Mathematical Programming 46:259–271, DOI 10.1007/BF01585745; FOCS 1987 precursor; LP rounding and 3/2 hardness"
An optimal rounding gives a better approximation for scheduling unrelated machines,Evgeny V. Shchepin; Nodari Vakhania,2005,https://www.sciencedirect.com/science/article/abs/pii/S0167637704000690,,"Operations Research Letters 33(2):127–133, March 2005; DOI 10.1016/j.orl.2004.05.004; factor 2−1/m"
On the Configuration-LP for Scheduling on Unrelated Machines,José Verschae; Andreas Wiese,2010,https://arxiv.org/abs/1011.4957,,"v1, 22 November; integrality gap two for the configuration LP, including unrelated graph balancing"
Santa Claus meets Makespan and Matroids: Algorithms and Reductions,Étienne Bamas; Alexander Lindermayr; Nicole Megow; Lars Rohwedder; Jens Schlöter,2024,https://arxiv.org/abs/2307.08453,,"Preprint 17 July 2023; SODA 2024, pp. 2829–2860; Theorem 1 gives the general makespan-to-allocation implication, Theorem 2 concerns two values; inherited source"
Learning-Augmented Approximation for Unrelated-Machines Makespan Scheduling,Kaito Baba; Evripidis Bampis; Giorgos Mitropoulos,2026,https://arxiv.org/abs/2606.13133,,"v1, 11 June; Theorem 5.2 and Corollary 5.4; fixed search budget gives polynomial time, with robust factor two"
Bounds for Certain Multiprocessing Anomalies,Ronald L. Graham,1966,https://onlinelibrary.wiley.com/doi/abs/10.1002/j.1538-7305.1966.tb01709.x,,"Bell System Technical Journal 45(9), November 1966, 1563–1581; classical list scheduling; the 2−1/m guarantee is also explicitly stated in Svensson’s introduction"
Complexity of Scheduling under Precedence Constraints,Jan Karel Lenstra; Alexander H. G. Rinnooy Kan,1978,https://pubsonline.informs.org/doi/abs/10.1287/opre.26.1.22,,"Operations Research 26(1), 22–35; classical scheduling hardness; 4/3 consequence recorded by Svensson"
Hardness of Precedence Constrained Scheduling on Identical Machines,Ola Svensson,2011,https://theory.epfl.ch/osven/Ola%20Svensson_publications/SICOMP11b.pdf,,"STOC 2010 precursor; SIAM Journal on Computing 40(5), 1258–1274, published 20 September 2011; Theorem 1, Corollary 1 and Appendix Hypothesis 1; inherited source"
A Simpler QPTAS for Scheduling Jobs with Precedence Constraints,Syamantak Das; Andreas Wiese,2022,https://drops.dagstuhl.de/entities/document/10.4230/LIPIcs.ESA.2022.40,,"ESA 2022, 40:1–40:11; published 1 September 2022; unit jobs and fixed m; later arXiv:2501.09091"
A Subexponential Time Algorithm for Makespan Scheduling of Unit Jobs with Precedence Constraints,Jesper Nederlof; Céline M. F. Swennenhuis; Karol Węgrzycki,2026,https://arxiv.org/abs/2312.03495,,"Preprint 6 December 2023; SODA 2025; TALG DOI 10.1145/3785365, online 3 January 2026; exact time (1+n/m)^{O(√(nm))} for unit jobs"
Inapproximability of Unique-Machine Precedence Scheduling for Unit-Length Jobs,Venkatesan Guruswami; Xuandi Ren; Shaoxuan Tang,2026,https://arxiv.org/abs/2607.26590,,"v1, 29 July 2026; each job has one fixed eligible machine; introduction explicitly contrasts this with Graham’s identical-machine guarantee"
New Developments in Iterated Rounding (Invited Talk),Nikhil Bansal,2014,https://drops.dagstuhl.de/entities/document/10.4230/LIPIcs.FSTTCS.2014.1,,"Inherited source; FSTTCS 2014, 1–10; §2.3, page 5, states the constant-additive algorithm question"
A Logarithmic Additive Integrality Gap for Bin Packing,Rebecca Hoberg; Thomas Rothvoss,2017,https://arxiv.org/abs/1503.08796,,"Preprint dated 30 March 2015; SODA 2017; Theorem 2, §1.1 and explicit-item-count convention in §2"
Bin Packing via Discrepancy of Permutations,Friedrich Eisenbrand; Dömötör Pálvölgyi; Thomas Rothvoß,2012,https://arxiv.org/abs/1007.2170,,SODA 2011 precursor; journal-version v2 dated 2 February 2012; restricted rounding-method lower bounds
A counterexample to Beck’s conjecture on the discrepancy of three permutations,Alantha Newman; Aleksandar Nikolov,2011,https://arxiv.org/abs/1104.2922,,"Posted 14 April 2011; discrepancy lower bound, not a general bin-packing lower bound"
The Support of Bin Packing Is Exponential,Klaus Jansen; Lis Pirotton; Malte Tutas,2025,https://drops.dagstuhl.de/entities/document/10.4230/LIPIcs.ESA.2025.48,,ESA 2025; distinct-configuration support lower bound and introduction’s parameter-dependent OPT+1 algorithm
A Tight Double-Exponential Lower Bound for High-Multiplicity Bin Packing,Klaus Jansen; Felix Ohnesorge; Lis Pirotton,2026,https://drops.dagstuhl.de/entities/document/10.4230/LIPIcs.ICALP.2026.116,,"ICALP 2026; arXiv 2512.02691 v3 dated 18 May 2026; exact compressed-input complexity, with the FPT question distinguished in the conclusion"
Research reference · theory.epfl.ch,,,https://theory.epfl.ch/WinterSchool2025/slides/2025/Gupta_lec4-chasing.pdf,https://theory.epfl.ch/WinterSchool2025/slides/2025/Gupta_lec4-chasing.pdf,
Bandit Convex Optimisation,Tor Lattimore,2026,https://tor-lattimore.com/downloads/cvx-book/cvx.pdf,https://tor-lattimore.com/downloads/cvx-book/cvx.pdf,"Author-posted book PDF retrieved 11 September 2026: §1.2 models and normalization, §2.3 lower bounds, Chapter 14 item 14.i. Published by Cambridge in March 2026, DOI 10.1017/9781009607551. The book also treats noisy and stochastic variants."
"Bandit Convex Optimisation, Chapter 14: Outlook",Tor Lattimore,2026,https://www.cambridge.org/core/books/abs/bandit-convex-optimisation/outlook/FAEE9479EE720E949F7CECDADCE307D5,,Publisher chapter record; full discussion read in the author-posted book. Item 14.i asks for minimax regret of bounded convex losses.
Improved Regret for Zeroth-Order Adversarial Bandit Convex Optimisation,Tor Lattimore,2020,https://arxiv.org/abs/2006.00475v3,,"25 September 2020 revision; full §1, equation (1) and Theorem 1. Oblivious adversary, exact one-point feedback, losses in [0,1] and information-theoretic minimax regret. Upper bound O(d^2.5 sqrt(T) log(T diam(K)))."
Logarithmic High-Probability Regret for Online Convex Optimization with Two-Point Bandit Feedback,Haishan Ye,2026,https://arxiv.org/abs/2603.25029v4,,"Revision 4, 9 July 2026 abstract; changed title and comparator qualifications relative to early versions. Two evaluations of each strongly convex loss; not unrestricted one-point feedback."
Adversarial Bandit Optimization with Globally Bounded Perturbations to Convex Losses,"Zhuoyu Cheng, Kohei Hatano and Eiji Takimoto",2026,https://arxiv.org/abs/2606.19891v2,,"Revision 2, 22 June 2026 abstract. Convex smooth underlying losses with a global perturbation budget; the zero-perturbation case retains smoothness."
Constant-Competitiveness for Random Assignment Matroid Secretary Without Knowing the Matroid,Richard Santiago; Ivan Sergeev; Rico Zenklusen,2025,https://arxiv.org/abs/2305.05353,,"Introduction, general matroid secretary conjecture and distinction from random assignment."
Randomized k-server in polynomial time,Christian Coester; Romain Cosson,2026,https://arxiv.org/abs/2605.01497,,"Introduction, Theorem 1 and the general-metric corollary."
Breaking the \(T^{2/3}\) Barrier for Sequential Calibration,Yuval Dagan; Constantinos Daskalakis; Maxwell Fishelson; Noah Golowich; Robert Kleinberg; Princewill Okoroafor,2024,https://arxiv.org/abs/2406.13668,,Section 2.1 and Theorems 1.3–1.4.
Scheduling,Christos Kalaitzis,2016,https://doi.org/10.4230/DagRep.6.2.97,https://drops.dagstuhl.de/storage/04dagstuhl-reports/volume06/issue02/DagRep.6.2/DagRep.6.2.pdf#page=116,"Seminar 16081, section 4.7"
A Decomposition Approach to the Weighted k-Server Problem,"Ayyadevara, Nikhil; Chiplunkar, Ashish; Sharma, Amatya",2024,https://doi.org/10.4230/LIPIcs.FSTTCS.2024.6,https://drops.dagstuhl.de/storage/00lipics/lipics-vol323-fsttcs2024/LIPIcs.FSTTCS.2024.6/LIPIcs.FSTTCS.2024.6.pdf#page=3,Explicit open question on PDF page 3
Weighted k-Server Admits an Exponentially Competitive Algorithm,Adithya Bijoy; Ankit Mondal; Ashish Chiplunkar,2026,https://doi.org/10.1137/1.9781611978971.154,,"SODA 2026, pp. 4188–4208; exp(O(k²)) randomized competitive ratio on uniform metrics. Preprint arXiv:2507.12130v2."
The Randomized Competitive Ratio of Weighted k-server is at Least Exponential,Nikhil Ayyadevara; Ashish Chiplunkar,2022,https://doi.org/10.4086/toc.2022.v018a023,,Exponential randomized lower bound against an oblivious adversary; preprint arXiv:2102.11119.
Efficient Algorithms and Hardness Results for the Weighted k-Server Problem,"Gupta, Anupam; Kumar, Amit; Panigrahi, Debmalya",2023,https://doi.org/10.4230/LIPIcs.APPROX/RANDOM.2023.12,https://drops.dagstuhl.de/storage/00lipics/lipics-vol275-approx-random2023/LIPIcs.APPROX-RANDOM.2023.12/LIPIcs.APPROX-RANDOM.2023.12.pdf#page=2,Explicit open question on PDF page 2
Antoine Amarilli: research questions,Antoine Amarilli,,https://a3nm.net/work/research/questions/#complexity-of-makespan-scheduling-of-unit-jobs-with-precedence-constraints,,complexity-of-makespan-scheduling-of-unit-jobs-with-precedence-constraints
COLT / PMLR,Dylan J. Foster; Akshay Krishnamurthy; Haipeng Luo,2020,https://proceedings.mlr.press/v125/foster20a.html,http://proceedings.mlr.press/v125/foster20a/foster20a.pdf,Open-problem paper
COLT / PMLR,Satyen Kale,2014,https://proceedings.mlr.press/v35/kale14b.html,http://proceedings.mlr.press/v35/kale14b.pdf,Open-problem paper
COLT / PMLR,Sattar Vakili,2024,https://proceedings.mlr.press/v247/vakili24a.html,https://proceedings.mlr.press/v247/vakili24a/vakili24a.pdf,Open-problem paper
Approximation Algorithms for Stochastic Optimization,Andrés Cristi,2025,https://doi.org/10.4230/DagRep.15.3.159,https://drops.dagstuhl.de/storage/04dagstuhl-reports/volume15/issue03/DagRep.15.3/DagRep.15.3.pdf#page=174,"Seminar 25132, section 4.2"
COLT / PMLR,Paul Christiano,2014,https://proceedings.mlr.press/v35/christiano14.html,http://proceedings.mlr.press/v35/christiano14.pdf,Open-problem paper
Online Metric TSP: Beyond the \(\sqrt{n}\) Barrier,"Azar, Yossi; Panigrahi, Debmalya; Vardi, Or",2026,https://doi.org/10.4230/LIPIcs.ICALP.2026.18,https://drops.dagstuhl.de/storage/00lipics/lipics-vol374-icalp2026/LIPIcs.ICALP.2026.18/LIPIcs.ICALP.2026.18.pdf#page=15,Unresolved-question passage on page 15; PDF page 15
Toward Simultaneously Optimal Regret in U-Calibration,"Rafael Frongillo, Haipeng Luo, Nishant A. Mehta, Jon Schneider",2026,https://proceedings.mlr.press/v336/frongillo26a.html,https://raw.githubusercontent.com/mlresearch/v336/main/assets/frongillo26a/frongillo26a.pdf#page=13,"COLT 2026, PMLR 336. Section 2’s oblivious-adversary and expected-regret definitions, Theorem 1, and the final “Simultaneous optimality” question on paper p. 13 read. The selected target allows logarithmic losses in T and concerns every bounded proper loss in the paper’s framework."
Toward Simultaneously Optimal Regret in U-Calibration — version record,"Rafael Frongillo, Haipeng Luo, Nishant A. Mehta, Jon Schneider",2026,https://arxiv.org/abs/2606.18527,,"Submitted 16 June 2026. Full abstract and version history checked through 11 September 2026. The stated result simultaneously handles all bounded proper losses and the smooth subclass, not the individually optimal rate of every proper loss."
Parametrized Metrical Task Systems,"Bubeck, Sébastien; Rabani, Yuval",2020,https://doi.org/10.4230/LIPIcs.APPROX/RANDOM.2020.54,https://drops.dagstuhl.de/storage/00lipics/lipics-vol176-approx-random2020/LIPIcs.APPROX-RANDOM.2020.54/LIPIcs.APPROX-RANDOM.2020.54.pdf#page=11,Unresolved-question passage on page 11; PDF page 11
Adaptively Tracking the Best Bandit Arm with an Unknown Number of Distribution Changes,"Peter Auer, Pratik Gajane, Ronald Ortner",2019,https://proceedings.mlr.press/v99/auer19a.html,http://proceedings.mlr.press/v99/auer19a/auer19a.pdf#page=13,"Introduction, Remark 2 and conclusion: untuned adversarial tracking regret; distinguish the proved stochastic change-count theorem."
The Pareto Frontier of Model Selection for General Contextual Bandits,Teodor Marinov; Julian Zimmert,2021,https://arxiv.org/abs/2110.13282,https://arxiv.org/pdf/2110.13282,NeurIPS 2021; lower-bound consequence for switching regret against an adaptive adversary.
Tracking Most Significant Arm Switches in Bandits,Joseph Suk; Samory Kpotufe,2022,https://proceedings.mlr.press/v178/suk22a.html,https://proceedings.mlr.press/v178/suk22a/suk22a.pdf,"Introduction footnote 1, related work and conclusion explicitly separate adaptive switching regret against arbitrary comparator sequences from tracking the pointwise best arm."
Achieving Optimal Static and Dynamic Regret Simultaneously in Bandits with Deterministic Losses,Jian Qian; Chen-Yu Wei,2026,https://arxiv.org/abs/2602.07418v2,https://arxiv.org/pdf/2602.07418v2,"Preprint, revised 17 February 2026; Sections 1–3 define the known loss-vector change budget; Section 7 explicitly retains the original untuned switching-benchmark question."
Randomized k-Server in Polynomial Time,"Coester, Christian; Cosson, Romain",2026,https://doi.org/10.4230/LIPIcs.ICALP.2026.65,https://drops.dagstuhl.de/storage/00lipics/lipics-vol374-icalp2026/LIPIcs.ICALP.2026.65/LIPIcs.ICALP.2026.65.pdf#page=4,Explicit open question on PDF page 4
Regret Bounds for Robust Online Decision Making,"Alexander Appel, Vanessa Kosoy",2025,https://proceedings.mlr.press/v291/appel25a.html,https://raw.githubusercontent.com/mlresearch/v291/main/assets/appel25a/appel25a.pdf#page=4,Explicit open question on PDF page 4
Permutation Strikes Back: The Power of Recourse in Online Metric Matching,"Gupta, Varun; Krishnaswamy, Ravishankar; Sandeep, Sai",2020,https://doi.org/10.4230/LIPIcs.APPROX/RANDOM.2020.40,https://drops.dagstuhl.de/storage/00lipics/lipics-vol176-approx-random2020/LIPIcs.APPROX-RANDOM.2020.40/LIPIcs.APPROX-RANDOM.2020.40.pdf#page=2,Explicit open question on PDF page 2
Maintaining Perfect Matchings at Low Cost,"Matuschke, Jannik; Schmidt-Kraepelin, Ulrike; Verschae, José",2019,https://doi.org/10.4230/LIPIcs.ICALP.2019.82,https://drops.dagstuhl.de/storage/00lipics/lipics-vol132-icalp2019/LIPIcs.ICALP.2019.82/LIPIcs.ICALP.2019.82.pdf#page=4,Explicit open question on PDF page 4
An Improved Lower Bound for Matroid Intersection Prophet Inequalities,"Saxena, Raghuvansh R.; Velusamy, Santhoshini; Weinberg, S. Matthew",2023,https://doi.org/10.4230/LIPIcs.ITCS.2023.95,https://drops.dagstuhl.de/storage/00lipics/lipics-vol251-itcs2023/LIPIcs.ITCS.2023.95/LIPIcs.ITCS.2023.95.pdf#page=17,Unresolved-question passage on page 17
Tight Bounds for Bandit Combinatorial Optimization,"Alon Cohen, Tamir Hazan, Tomer Koren",2017,https://proceedings.mlr.press/v65/cohen17a.html,http://proceedings.mlr.press/v65/cohen17a/cohen17a.pdf#page=12,Unresolved-question passage on page 12
Online Learning with Low Rank Experts,"Elad Hazan, Tomer Koren, Roi Livni, Yishay Mansour",2016,https://proceedings.mlr.press/v49/hazan16.html,http://proceedings.mlr.press/v49/hazan16.pdf#page=12,Open Problem 2
The Outer Limits of Contention Resolution on Matroids and Connections to the Secretary Problem,"Dughmi, Shaddin",2020,https://doi.org/10.4230/LIPIcs.ICALP.2020.42,https://drops.dagstuhl.de/storage/00lipics/lipics-vol168-icalp2020/LIPIcs.ICALP.2020.42/LIPIcs.ICALP.2020.42.pdf#page=15,Unresolved-question passage on page 15
Hardness and Fixed Parameter Tractability for Pinwheel Scheduling Problems,"Kobayashi, Yusuke; Lin, Bingkai",2025,https://doi.org/10.4230/LIPIcs.ISAAC.2025.47,https://drops.dagstuhl.de/storage/00lipics/lipics-vol359-isaac2025/LIPIcs.ISAAC.2025.47/LIPIcs.ISAAC.2025.47.pdf#page=2,Explicit open question on PDF page 2
Bandit Algorithms,Tor Lattimore; Csaba Szepesvári,2020,https://banditalgs.com/,https://tor-lattimore.com/downloads/book/book.pdf#page=424,"§33.4, notes 7–9; PDF page 424"
Finding a Large Hidden Clique in a Random Graph,Noga Alon; Michael Krivelevich; Benny Sudakov,1998,https://people.math.ethz.ch/~sudakovb/hidden-clique.pdf,,"Random Structures & Algorithms 13(3–4), 457–466; fixed-size model, spectral algorithm and extension to every fixed c>0"
A Nearly Tight Sum-of-Squares Lower Bound for the Planted Clique Problem,Boaz Barak; Samuel B. Hopkins; Jonathan Kelner; Pravesh K. Kothari; Ankur Moitra; Aaron Potechin,2019,https://doi.org/10.1137/17M1138236,,"SIAM Journal on Computing 48(2), 687–735; FOCS 2016 version and arXiv:1604.03084; lower bound on the relaxation value in G(n,1/2)"
Finding planted cliques using gradient descent,Reza Gheissari; Aukosh Jagannath; Yiming Xu,2025,https://arxiv.org/abs/2311.07540v2,,"15 May 2025 final version; §1.1 fixed-size distribution, Theorem 1.1 and Remark 1.2; earlier title used Markov chain Monte Carlo"
On optimal distinguishers for Planted Clique,Ansh Nagda; Prasad Raghavendra,2025,https://arxiv.org/abs/2505.01990v2,,19 July 2025 version; Conjecture 1.1 and Theorem 1.4; §1 footnotes specify independent-vertex planting and advantage normalization
Robust Algorithms for Finding Cliques in Random Intersection Graphs via Sum-of-Squares,Andreas Göbel; Janosch Ruff; Leon Schiller,2026,https://proceedings.mlr.press/v336/gobel26a.html,,"COLT 2026, PMLR 336:2720–2802; overlapping planted cliques in a different random graph model"
A statistical model for tensor PCA,Andrea Montanari; Emile Richard,2014,https://arxiv.org/abs/1411.1076,,"NeurIPS 2014; expanded preprint 4 November 2014; statistical threshold and unfolding, power-iteration and message-passing guarantees; convert its noise normalization before comparing exponents"
Sharp analysis of power iteration for tensor PCA,Yuchen Wu; Kangjie Zhou,2024,https://www.jmlr.org/papers/v25/24-0006.html,,"JMLR 25(195), 1–42, June 2024; model (1) has a unit spike and iid variance-one Gaussian noise; introduction and §1.1 distinguish general computational and power-iteration thresholds"
Tensor cumulants for statistical inference on invariant distributions,Dmitriy Kunisky; Cristopher Moore; Alexander S. Wein,2024,https://arxiv.org/abs/2404.18735,,"FOCS 2024, 1007–1026; Definition 1.5 symmetrizes Gaussian noise; Theorem 1.6 treats detection, Theorem 1.7 treats reconstruction only for odd orders; its spike has norm √n"
Near-Optimal Tensor PCA via Normalized Stochastic Gradient Ascent with Overparameterization,Shihong Ding; Yihong Gu; Yuanshi Liu; Cong Fang,2025,https://arxiv.org/abs/2510.14329,,"v1, 16 October 2025; order k≥4 with N independent observations; condition Nλ²≥ÕΩ(d^{⌈k/2⌉}); does not prove optimality against unrestricted computation"
Low-degree estimation thresholds in planted hypergraphs and tensor PCA,Daniel Fu; Youngtak Sohn,2026,https://arxiv.org/abs/2605.30113,,"v1, 28 May 2026; §2.3, Theorem 2.6 and discussion; independent-coordinate priors, moment estimands and degree restriction; inherited reference"
"Detection in the stochastic block model with multiple clusters: proof of the achievability conjectures, acyclic BP, and the information-computation gap",Emmanuel Abbe; Colin Sandon,2018,https://arxiv.org/abs/1512.09080,,"First posted 30 December 2015; checked v4, 15 September 2016; Definitions 1–3 and Theorem 1; journal title Proof of the Achievability Conjectures for the General Stochastic Block Model, CPAM 71, 1334–1406, 2018"
Information-theoretic thresholds for community detection in sparse networks,Jess Banks; Cristopher Moore; Joe Neeman; Praneeth Netrapalli,2016,https://proceedings.mlr.press/v49/banks16.html,,"COLT 2016, PMLR 49, 383–416; abstract’s assortative q≥11 bound; Definition 1 uses independent community labels"
Low degree conjecture implies sharp computational thresholds in stochastic block model,Jingqiu Ding; Yiding Hua; Lucas Slot; David Steurer,2025,https://arxiv.org/abs/2502.15024,,"Checked v2, 28 April 2025; Definitions 1.1–1.2, Conjecture 1.3 and footnote 4, Theorem A.1; their parameterization uses integer d and ε∈[0,1]; inherited reference"
Stochastic block models with many communities and the Kesten–Stigum bound,Byron Chin; Elchanan Mossel; Youngtak Sohn; Alexander S. Wein,2026,https://arxiv.org/abs/2503.03047,,"First posted 4 March 2025; checked v3, 23 August 2026, whose comment records a proof correction to Theorem 1.2; introduction distinguishes fixed q from q growing past √n"
How to refute a random CSP,Sarah R. Allen; Ryan O’Donnell; David Witmer,2015,https://www.cs.cmu.edu/~odonnell/papers/random-csp-refutation.pdf,,Section 1: refutation definition; distinction from strong refutation and planted detection
Proof vs. Truth in Computational Complexity,Boaz Barak,2012,https://eccc.weizmann.ac.il/report/2012/120/revision/1/download/,,"Section 2, Conjecture 3: Feige hypothesis with nearly-satisfiable soundness"
Strongly Refuting Random CSP without Literals,Siu On Chan; Tommaso d’Orsi; Jeff Xu,2026,https://arxiv.org/abs/2604.27336,,Abstract: predicate generalization and density/degree/refutation tradeoff
Average-Case Complexity,Andrej Bogdanov and Luca Trevisan,2006,https://arxiv.org/abs/cs/0606037,,Section 6: randomized heuristic schemes and HeurBPP
Local Max-Cut on Sparse Graphs,Gregory Schwartzman,2024,https://drops.dagstuhl.de/entities/document/10.4230/LIPIcs.ESA.2024.98,,"ESA 2024, article 98, pp. 98:1–98:6. §1 gives the independent bounded-density model; Theorem 1 and its proof give expectation and tail bounds for bounded arboricity. The low-degree Gaussian result has an explicit model caveat in footnote 2."
Smoothed complexity of local Max-Cut and binary Max-CSP,"Xi Chen, Chenghao Guo, Emmanouil-Vasileios Vlatakis-Gkaragkounis, Mihalis Yannakakis and Xinzhi Zhang",2020,https://arxiv.org/abs/1911.10381,,"STOC 2020; November 2019 full preprint, §1.1 Theorem 1.1 and the configuration-graph formulation immediately following it. The stated general bound is with high probability."
Superpolynomial smoothed complexity of 3-FLIP in Local Max-Cut,Lukas Michel and Alex Scott,2024,https://people.maths.ox.ac.uk/michel/Papers/smoothed-complexity-local-max-cut-3-flip.pdf,,Author manuscript dated 26 September 2024; abstract and introduction distinguish smoothed 3-FLIP lower bounds from unperturbed single-FLIP lower bounds.
Adaptive Influence Maximization: Bounding Adaptivity Gaps and Beyond,Debashmita Poddar,2023,https://iris.gssi.it/handle/20.500.12571/26964,,Full-adoption feedback and bounds for general graphs.
On Adaptivity Gaps of Influence Maximization under the Independent Cascade Model with Full-Adoption Feedback,Wei Chen; Binghui Peng,2019,https://www.microsoft.com/en-us/research/uploads/prod/2019/09/isaac19_adaptivityGapFullAdoption.pdf,,"Section 2, pp. 27:3–27:5, feedback paragraph and Definitions 1–3; Lemma 6 confirms the outgoing-edge interpretation."
Finding Errorless Pessiland in Error-Prone Heuristica,"Hirahara, Shuichi; Nanashima, Mikito",2022,https://doi.org/10.4230/LIPIcs.CCC.2022.25,https://drops.dagstuhl.de/storage/00lipics/lipics-vol234-ccc2022/LIPIcs.CCC.2022.25/LIPIcs.CCC.2022.25.pdf#page=11,Conjecture 5; PDF page 11
Computational Lower Bounds for Community Detection on Random Graphs,"Bruce Hajek, Yihong Wu, Jiaming Xu",2015,https://proceedings.mlr.press/v40/Hajek15.html,http://proceedings.mlr.press/v40/Hajek15.pdf#page=11,Introduction: independent vertex planting; Hypothesis 1; Section 4.1 and Figure 2: blue region; Section 4.2 and Appendix B: fixed-size recovery.
Detection-Recovery and Detection-Refutation Gaps via Reductions from Planted Clique,Guy Bresler; Tianze Jiang,2023,https://proceedings.mlr.press/v195/bresler23a.html,https://proceedings.mlr.press/v195/bresler23a/bresler23a.pdf,"COLT 2023, PMLR 195:5850–5889. Conjectures 1, 2 and 4; Corollary 11 obtains a gap under secret-leakage planted clique in a dense constant-background regime."
Recovery of Planted Subgraphs,Wasim Huleihel,2026,https://proceedings.mlr.press/v336/huleihel26a.html,https://raw.githubusercontent.com/mlresearch/v336/main/assets/huleihel26a/huleihel26a.pdf,"COLT 2026, PMLR 336:3488–3592. Introduction and Section 3 treat dense edge probabilities; Theorem 7 is a low-degree polynomial lower bound. The same bound is Theorem 4 in arXiv:2607.00897v1, submitted 1 July 2026, PDF dated 2 July. Both versions checked."
Sharp Thresholds for the Overlap Gap Property: Ising p-Spin Glass and Random k-SAT,"Kızıldağ, Eren C.",2025,https://doi.org/10.4230/LIPIcs.APPROX/RANDOM.2025.48,https://drops.dagstuhl.de/storage/00lipics/lipics-vol353-approx-random2025/LIPIcs.APPROX-RANDOM.2025.48/LIPIcs.APPROX-RANDOM.2025.48.pdf#page=4,"Section 1.2, PDF page 4: literal-with-replacement distribution and conjectured algorithmic threshold; Section 1.3 distinguishes the overlap-gap results."
Sharp Thresholds for the Overlap Gap Property: Ising p-Spin Glass and Random k-SAT — full version,Eren C. Kızıldağ,2025,https://arxiv.org/abs/2309.09913,https://arxiv.org/pdf/2309.09913v2,"Version 2, 7 July 2025, first submitted 18 September 2023. Section 1.2, page 5: explicit algorithmic conjecture. The incidental ln(2)/k in Section 1.3 conflicts with this passage and is not the intended threshold."
A Better Algorithm for Random k-SAT,Amin Coja-Oghlan,2010,https://doi.org/10.1137/09076516X,https://www.cs.cmu.edu/~odonnell/hits09/coja-oghlan-random-k-sat-alg.pdf,"SIAM Journal on Computing 39(7), 2823–2864. Publisher abstract and 20 February 2009 author-paper introduction: polynomial-time satisfying-assignment algorithm below the stated asymptotic density."
The Algorithmic Phase Transition of Random k-SAT for Low Degree Polynomials,Guy Bresler; Brice Huang,2021,https://arxiv.org/abs/2106.02129,https://arxiv.org/pdf/2106.02129v3,"FOCS 2021; full version 3, 29 October 2021. Definition 2.1: distribution; Definitions 2.2–2.5 and Theorem 2.6: normalized low-degree model and success restriction; Theorem 2.13: local algorithms; Appendix A discusses improvements to the constant."
Algorithms and Barriers in the Symmetric Binary Perceptron Model,"David Gamarnik (Massachusetts Institute of Technology), Eren C. Kizildag (Massachusetts Institute of Technology), Will Perkins (University of Illinois at Chicago), Changji Xu (Harvard University)",2022,https://doi.org/10.1109/FOCS54457.2022.00061,https://ieee-focs.org/FOCS-2022-Papers/pdfs/FOCS2022-4Bu7jGV9xIcveUWYj3oWoi/551900a576/551900a576.pdf#page=5,Conjecture 1
The SDP Value of Random 2CSPs,"Musipatla, Amulya; O'Donnell, Ryan; Schramm, Tselil; Wu, Xinyu",2022,https://doi.org/10.4230/LIPIcs.ICALP.2022.97,https://drops.dagstuhl.de/storage/00lipics/lipics-vol229-icalp2022/LIPIcs.ICALP.2022.97/LIPIcs.ICALP.2022.97.pdf#page=2,Explicit open question on PDF page 2
Beyond Worst-Case Analysis,Tim Roughgarden,2018,https://arxiv.org/abs/1806.09817,https://arxiv.org/pdf/1806.09817#page=9,"§5, sparse perturbations; PDF page 9"
Glauber dynamics for colourings of chordal graphs and graphs of bounded treewidth,Marc Heinrich,2020,https://arxiv.org/abs/2010.16158,,"Inherited reference; v2, 3 November 2020; Conjecture 1 and contribution statements on pages 2–3"
Sampling Colorings with Fixed Color Class Sizes,Aiya Kuchukova; Will Perkins; Xavier Povill,2026,https://drops.dagstuhl.de/entities/document/10.4230/LIPIcs.ICALP.2026.134,,"Inherited reference; ICALP 2026, article 134; §1.2 Conjecture 1 and ensuing Glauber statement"
Flip Dynamics for Sampling Colorings: Improving \((11/6- \varepsilon )\) Using a Simple Metric,Charlie Carlson; Eric Vigoda,2024,https://arxiv.org/abs/2407.04870,,"Revision 2, 31 October 2024; Theorem 1.1, Corollary 1.2 and §4.6; keep Δ≥125 and parameter dependence"
Sampling Colorings Close to the Maximum Degree: Non-Markovian Coupling and Local Uniformity,Vishesh Jain; Clayton Mizgerd; Eric Vigoda,2026,https://arxiv.org/abs/2604.11938,,First posted 13 April; v2 dated 27 August 2026 improves girth eleven to seven; Metropolis dynamics
A Spectral Local-to-Global Principle for Spin Systems on Graphs with Girth At Least Five,Xiaoyu Chen; Kuikui Liu,2026,https://arxiv.org/abs/2608.25491,,"Preprint dated 26 August 2026; Theorem 1 and Remark 2 specify mixing, degree and slack dependence"
Speeding up Switch Markov Chains for Sampling Bipartite Graphs with Given Degree Sequence,Corrie Jacobien Carstens; Pieter Kleer,2018,https://drops.dagstuhl.de/entities/document/10.4230/LIPIcs.APPROX-RANDOM.2018.36,,"APPROX/RANDOM 2018, article 36; comparison with Curveball and the original switch-chain conjecture"
Simple Markov-chain algorithms for generating bipartite graphs and tournaments,Ravi Kannan; Prasad Tetali; Santosh Vempala,1997,https://cse.buffalo.edu/~hungngo/classes/2003/Markov_Chains/papers/Algos/p193-kannan.pdf,,"SODA 1997; journal version Random Structures & Algorithms 14(4), 1999; general conjecture and near-regular cases"
The mixing time of the switch Markov chains: a unified approach,Péter L. Erdős; Catherine Greenhill; Tamás Róbert Mezei; István Miklós; Dániel Soltész; Lajos Soukup,2022,https://arxiv.org/abs/1903.06600,,"European Journal of Combinatorics 99, 103421; rapid mixing for P-stable degree-sequence families"
Spectral Gap for the Binary Fixed-Margin Swap Chain,Weibo Fu; Qian Qin; Guanyang Wang,2026,https://arxiv.org/abs/2606.22636v2,,"21 June submission, 13 July revision; §2 and Theorem 2.2: matching lazy chain and general feasible-margin bound"
KTV Proof Formalization,Guanyang Wang and contributors,2026,https://github.com/guanyangwang/ktv-swap-lean,,"README and named closed theorem binaryFixedMarginLazySwapChain_spectralGap_card; existence of artifact checked, build and semantic alignment not independently audited"
Log-Sobolev inequality for near critical Ising models,,2022,https://arxiv.org/abs/2202.02301,,Critical-temperature discussion; polynomial bound for d>4
Polynomial Mixing of the critical Glauber Dynamics for the Ising Model,,2024,https://arxiv.org/abs/2411.10318,,Tree-uniqueness threshold; not the Z³ critical point
Submodular Dominance and Applications,"Qiu, Frederick; Singla, Sahil",2022,https://doi.org/10.4230/LIPIcs.APPROX/RANDOM.2022.44,https://drops.dagstuhl.de/storage/00lipics/lipics-vol245-approx-random2022/LIPIcs.APPROX-RANDOM.2022.44/LIPIcs.APPROX-RANDOM.2022.44.pdf#page=15,Unresolved-question passage on page 15; PDF page 15
"Markov Chains and Mixing Times, Second Edition",David A. Levin; Yuval Peres; contributions by Elizabeth L. Wilmer,2017,https://pages.uoregon.edu/dlevin/MARKOV/,https://pages.uoregon.edu/dlevin/MARKOV/mcmt2e.pdf#page=402,Example B.5; also p.399; PDF page 402
Approximating the Permanent,Mark Jerrum; Alistair Sinclair,1989,https://doi.org/10.1137/0218077,,"SIAM Journal on Computing 18(6):1149–1178; includes an FPRAS for arbitrary monomer–dimer systems, distinct from unrestricted perfect-matchings counting"
A Polynomial-Time Approximation Algorithm for the Permanent of a Matrix with Nonnegative Entries,Mark Jerrum; Alistair Sinclair; Eric Vigoda,2004,https://faculty.cc.gatech.edu/~vigoda/Permanent.pdf,,"Journal of the ACM 51(4):671–697, DOI 10.1145/1008731.1008738; STOC 2001 precursor; arbitrary nonnegative permanent FPRAS"
On Counting Perfect Matchings in General Graphs,Daniel Štefankovič; Eric Vigoda; John Wilmes,2018,https://arxiv.org/abs/1712.07504,,"Preprint 20 December 2017; LATIN 2018, pp. 873–885, DOI 10.1007/978-3-319-77404-6_63; §§2–4, chain bottlenecks and factor-critical decomposition"
Two-State Spin Systems with Negative Interactions,Yumou Fei; Leslie Ann Goldberg; Pinyan Lu,2025,https://arxiv.org/abs/2309.04735,,"v3, 17 August 2025; Information and Computation 307, 105340, DOI 10.1016/j.ic.2025.105340; Proposition 1.2 and surrounding open-status discussion; ITCS 2024 precursor"
Faster FPRAS for the Permanent via Restricted Poincaré Inequalities and Coupled Flows,Xiaoyu Chen; Eric Vigoda; Xiongxin Yang,2026,https://arxiv.org/abs/2608.26599,,"v1, 27 August; O(n⁶ log⁵ n) for zero–one inputs at fixed approximation and success parameters; arbitrary nonnegative extension remains randomized"
A Fixed-Parameter Perspective on #BIS,Holger Dell; Thore Husfeldt; John Nederlof,2019,https://link.springer.com/article/10.1007/s00453-019-00606-4,,Abstract and §§1–2; canonical approximate-counting status and the unrestricted #BIS definition
Counting Independent Sets and Colorings on Random Regular Bipartite Graphs,Chao Liao; Jiabao Lin; Pinyan Lu; Zhenyu Mao,2019,https://doi.org/10.4230/LIPIcs.APPROX-RANDOM.2019.34,,Abstract and PDF page 1; FPTAS for almost every sufficiently regular bipartite graph
A Spectral Approach to Approximately Counting Independent Sets in Dense Bipartite Graphs,,2024,https://arxiv.org/abs/2307.09533,,"Abstract; FPRAS for dense regular bipartite graphs, a restricted subclass"
A Polynomial-Time Approximation Algorithm for the Permanent of a Matrix with Nonnegative Entries,Mark Jerrum; Alistair Sinclair; Eric Vigoda,2004,https://doi.org/10.1145/1008731.1008738,,"Journal of the ACM 51(4), 671–697; STOC 2001 precursor; fully polynomial randomized relative approximation"
A Tight Analysis of Bethe Approximation for Permanent,Nima Anari; Alireza Rezaei,2025,https://epubs.siam.org/doi/10.1137/19M1306142,,"First dissemination 2018, FOCS 2019; journal online 18 November 2021, collected in SIAM Journal on Computing 54(4), August 2025; tight Bethe approximation factor"
Beyond the Bethe Approximation of the Permanent,Nima Anari,2026,https://arxiv.org/abs/2608.28031,,"v1, 28 August; checked v2, 1 September; Theorem 1 gives c^n for an absolute c<√2; inherited source"
Structural Corrections to the Bethe Approximation of the Permanent,Ijay Narang; Will Perkins,2026,https://arxiv.org/abs/2608.31061,,"v1, 31 August; independent improvement below the √2 exponential base"
Subexponential Approximation of the Permanent in Deterministic Polynomial Time,Sergei Kudria; Jason Luo; Mahbod Majid,2026,https://arxiv.org/abs/2609.10516,,"v1, 9 September; Theorems 1.1–1.2 in the rational bit model; Appendix B gives the fixed-power exponent-saving amplification to an FPTAS"
Polynomial time vertex enumeration of convex polytopes of bounded branch-width,Arne C. Reimers; Leen Stougie,2016,https://arxiv.org/abs/1404.5584v2,,Abstract and Section 1: total polynomial time; bounded versus unbounded polyhedra
An Efficient Algorithm for Vertex Enumeration of Arrangement,Zelin Dong; Fenglei Fan; Huan Xiong; Tieyong Zeng,2024,https://arxiv.org/abs/2401.16675,,"Abstract: hyperplane-arrangement output, not the vertices of one inequality-defined polytope"
Mary Cryan — Euler-tours of low-height toroidal grids (SCM 2024),,,https://sites.cs.st-andrews.ac.uk/scm2024/abstracts.html,,Invited talk abstract on Euler tours
Counting Constraint Satisfaction Problems,Mark Jerrum,2017,https://drops.dagstuhl.de/storage/02dagstuhl-follow-ups/dfu-vol007/DFU.Vol7.15301.205/DFU.Vol7.15301.205.pdf,,Sections 3.1 and 3.4; pp. 217–218 and 226–227.
The complexity of approximating conservative counting CSPs,Xi Chen; Martin Dyer; Leslie Ann Goldberg; Mark Jerrum; Pinyan Lu; Colin McQuillan; David Richerby,2015,https://arxiv.org/abs/1208.1783,,"Definitions of weighted functions, AP-reductions and log-supermodularity."
"Modular Counting of Subgraphs: Matchings, Matching-Splittable Graphs, and Paths","Curticapean, Radu; Dell, Holger; Husfeldt, Thore",2021,https://doi.org/10.4230/LIPIcs.ESA.2021.34,https://drops.dagstuhl.de/storage/00lipics/lipics-vol204-esa2021/LIPIcs.ESA.2021.34/LIPIcs.ESA.2021.34.pdf#page=14,Conjecture 14; PDF page 14
Approximate Counting CSP Seen from the Other Side,"Bulatov, Andrei A.; Živný, Stanislav",2019,https://doi.org/10.4230/LIPIcs.MFCS.2019.60,https://drops.dagstuhl.de/storage/00lipics/lipics-vol138-mfcs2019/LIPIcs.MFCS.2019.60/LIPIcs.MFCS.2019.60.pdf#page=12,"Theorem 3, Section 3.2 definitions of approximation schemes, and Section 5: remove the fan-class assumption."
Approximate Counting CSP Seen from the Other Side,Andrei A. Bulatov; Stanislav Živný,2020,https://doi.org/10.1145/3389390,https://www.cs.ox.ac.uk/Stanislav.Zivny/publications/bz20toct-preprint.pdf,"TOCT 12(2), 2020; author version accepted January 2020, Theorems 3.1–3.2, Sections 2 and 3.2, and Section 5. Theorem 3.2 is the journal numbering of conference Theorem 3."
Counting List Homomorphisms from Graphs of Bounded Treewidth: Tight Complexity Bounds,Jacob Focke; Dániel Marx; Paweł Rzążewski,2024,https://doi.org/10.1145/3640814,,"TALG 20(2), article 11, published 13 February 2024; fixed target graph and exact counting with source treewidth as parameter, a different classification."
An Approximation Algorithm for #k-SAT,"Thurley, Marc",2012,https://doi.org/10.4230/LIPIcs.STACS.2012.78,https://drops.dagstuhl.de/storage/00lipics/lipics-vol014-stacs2012/LIPIcs.STACS.2012.78/LIPIcs.STACS.2012.78.pdf#page=9,"Sections 1 and 3: randomized multiplicative approximation; Section 5, page 86: gap from decision algorithms."
Exploiting Independent Subformulas: A Faster Approximation Scheme for #k-SAT,Manuel Schmitt; Rolf Wanka,2013,https://doi.org/10.1016/j.ipl.2013.02.013,https://arxiv.org/pdf/1302.6900,"Information Processing Letters 113(9):337–344. Author/institutional abstract reports improved approximation bounds, including a base 1.51426 for three-literal clauses."
Fine-Grained Reductions from Approximate Counting to Decision,Holger Dell; John Lapinskas,2021,https://doi.org/10.1145/3442352,https://arxiv.org/pdf/1707.04609,"ACM Transactions on Computation Theory 13(2), article 8. Full author version arXiv:1707.04609v3, 23 November 2020: Section 1.3 explicitly retains the fixed-width question; Section 3, Theorems 8, 9 and 13 distinguish all-width consequences and sparse-XOR decision access. Conference predecessor STOC 2018."
"Enumeration Complexity: Incremental Time, Delay and Space",Yann Strozecki,2021,https://arxiv.org/abs/2309.17042,https://arxiv.org/pdf/2309.17042#page=67,"§7.3.3, polynomial identity testing; PDF page 67"
Beyond Halfway to Hadwiger’s Conjecture,Chun-Hung Liu; Jason Luo,2026,https://arxiv.org/abs/2609.06867v2,,9 September 2026 version; Theorem 1.1 and §2 proof overview; first version 6 September
Reducing Linear Hadwiger’s Conjecture to Coloring Small Graphs,Michelle Delcourt; Luke Postle,2025,https://arxiv.org/abs/2108.01633v5,,"Journal of the American Mathematical Society 38(2), 481–507 (2025); 5 March 2024 preprint version, introduction and Theorem 1.6"
Hadwiger’s conjecture for K6-free graphs,Neil Robertson; Paul Seymour; Robin Thomas,1993,https://doi.org/10.1007/BF01202354,,"Combinatorica 13(3), 279–361; apex structure of a minimal counterexample"
Disproof of the Odd Hadwiger Conjecture,Marcus Kühn; Lisa Sauermann; Raphael Steiner; Yuval Wigderson,2025,https://arxiv.org/abs/2512.20392,,"23 December 2025 preprint; ordinary formulation in Conjecture 1.1, odd-minor definition, and Theorem 1.3"
A Randomized Linear-Time Algorithm to Find Minimum Spanning Trees,David R. Karger; Philip N. Klein; Robert E. Tarjan,1995,https://people.csail.mit.edu/karger/Papers/mst.pdf,,"Journal of the ACM 42, 321–328; author manuscript dated 7 July 1994; comparison RAM, sampling and verification"
A Minimum Spanning Tree Algorithm with Inverse-Ackermann Type Complexity,Bernard Chazelle,2000,https://www.cs.princeton.edu/~chazelle/pubs/mst.pdf,,"Journal of the ACM 47(6), 1028–1047; deterministic pointer-machine comparison algorithm"
An Optimal Minimum Spanning Tree Algorithm,Seth Pettie; Vijaya Ramachandran,2002,https://www.cs.princeton.edu/courses/archive/fall05/cos528/handouts/An%20Optimal%20Minimum.pdf,,"Journal of the ACM 49(1), 16–34; §§1,4–6 distinguish uniform optimality from a known linear bound"
Trans-dichotomous algorithms for minimum spanning trees and shortest paths,Michael L. Fredman; Dan E. Willard,1994,https://www.sciencedirect.com/science/article/pii/S0022000005800649,,"Journal of Computer and System Sciences 48(3), 533–551; integer representation and word operations"
Minimum Spanning Tree in Deterministic Linear Time For Graphs of High Girth,Sarah Eisenstat; Dana Moshkovitz; Robert E. Tarjan; Siyao Xu,,https://people.csail.mit.edu/dmoshkov/papers/mst/high-girth.pdf,,"Undated author-hosted manuscript; Corollary 1, Lemma 1 and Theorem 1. Moshkovitz’s publication page notes that a prior paper implicitly had the high-girth algorithm"
Randomized minimum spanning tree algorithms using exponentially fewer random bits,Seth Pettie; Vijaya Ramachandran,2008,https://web.eecs.umich.edu/~pettie/papers/random-mst.pdf,,"ACM Transactions on Algorithms 4(1), Article 5; randomized approaches and comparison of soft-heap and sampling methods"
Ramsey-type theorems,Paul Erdős; András Hajnal,1989,https://mathweb.ucsd.edu/~asuk/erdos_hajnal.pdf,,Discrete Applied Mathematics 25(1–2):37–52; DOI 10.1016/0166-218X(89)90045-0
Induced subgraph density. I. A loglog step towards Erdős–Hajnal,Matija Bucić; Tung Nguyen; Alex Scott; Paul Seymour,2024,https://arxiv.org/abs/2301.10147,,"v3, 19 February; IMRN 2024(12):9991–10004, DOI 10.1093/imrn/rnae065; general √(log n log log n) exponent"
Induced subgraph density. VII. The five-vertex path,Tung Nguyen; Alex Scott; Paul Seymour,2026,https://arxiv.org/abs/2312.15333,,"v3, 23 February; Proceedings of the London Mathematical Society 132(3), e70133, DOI 10.1112/plms.70133; Theorem 1.2, published 23 March"
Induced subgraph density. V. All paths approach Erdős–Hajnal,Tung Nguyen; Alex Scott; Paul Seymour,2024,https://arxiv.org/abs/2307.15032,,"v2, 21 October; arbitrary fixed paths obtain 2^{(log n)^{1−o(1)}}, not a fixed polynomial exponent"
Erdős–Hajnal conjecture beyond five-vertex graphs,Shenwei Huang; Yiao Ju; Yidong Zhou,2026,https://arxiv.org/abs/2606.06258,,"v3, 31 August; Theorems 1.10 and 1.11 for the E-graph and Bird; first posted 4 June"
"The Erdős–Hajnal Property for the six-vertex Graph with Edge Set \(\{ab,bc,cd,de,af,bf,df\}\)",Viet-Hoang Tran; Tan M. Nguyen,2026,https://arxiv.org/abs/2608.28551,,"v1, 28 August; Theorem 1.1 and §1.2 specify the graph and the proof framework"
Equivalence between Erdős–Hajnal and polynomial Rödl and Nikiforov conjectures,Matija Bucić; Jacob Fox; Huy Tuan Pham,2024,https://arxiv.org/abs/2403.08303,,"v2, 19 April; equivalence of the three conjectures, not an unconditional proof of them"
A Single-Exponential Erdős–Hajnal Bound for Graphs of Bounded VC-Dimension,Shuang Sun; Yan Wang; Jiasheng Zeng,2026,https://arxiv.org/abs/2607.09049,,"v1, 10 July; exponent at least (Cd)⁻ᵈ under bounded neighborhood VC-dimension"
On Induced Subgraphs of Finite Graphs not Containing Large Empty and Complete Subgraphs,Gábor Sági,2017,https://arxiv.org/abs/1211.3876,,"Historical full-solution claim: v2 withdrawn 24 July 2017; v3, 18 August, offers a revised proof. The author acknowledges a serious error in the 2012 proof. The revised claim was not independently validated in this review; contemporary primary literature still treats the conjecture as open"
"\(\omega , \Delta\), and \(\chi\)",Bruce A. Reed,1998,https://onlinelibrary.wiley.com/doi/10.1002/%28SICI%291097-0118%28199804%2927%3A4%3C177%3A%3AAID-JGT1%3E3.0.CO%3B2-K,,Journal of Graph Theory 27(4):177–212; Conjecture 1 and Corollary 2; also restated in the 2026 digraph paper
Bounding \(\chi\) by a fraction of \(\Delta\) for graphs without large cliques,Marthe Bonamy; Tom Kelly; Peter Nelson; Luke Postle,2022,https://arxiv.org/abs/1803.01051,,"Journal of Combinatorial Theory, Series B 157:263–282; Introduction, Conjecture 1.3 and Theorem 1.6; replace cycle vertices by cliques in the blowup example, not a Cartesian product"
An improved procedure for colouring graphs of bounded local density,Eoin Hurley; Rémi de Joannis de Verclos; Ross J. Kang,2022,https://arxiv.org/abs/2007.07874,,"Final published v3, 10 September 2022; Advances in Combinatorics 2022:7; Theorem 1.10, §3.2 and Remark 3.1"
A Recolouring Version of a Conjecture of Reed,Lucas De Meyer; Clément Legrand-Duchesne; Jared León; Tim Planken; Youri Tamitegama,2025,https://arxiv.org/abs/2502.10147,,"v1, 14 February; Kempe changes, frozen colourings, and the odd-hole-free case"
An analogue of Reed’s conjecture for digraphs,Ken-ichi Kawarabayashi; Lucas Picasarri-Arrieta,2026,https://arxiv.org/abs/2407.05827,,"v4, 8 September; Conjecture 1.1, Theorem 1.2 and §1; shorter SODA 2025 version, pages 3310–3324"
"Groups, Graphs, Algorithms: The Graph Isomorphism Problem",László Babai,2018,https://people.cs.uchicago.edu/~laci/papers/icm18-babai.pdf,,ICM 2018 survey; general quasipolynomial frontier and special cases
Parameterized complexity of graph isomorphism testing,,2026,https://www.sciencedirect.com/science/article/pii/S1574013726000274,,2026 survey; recent parameterized developments after Babai’s quasipolynomial algorithm
"Fractional Homomorphism, Weisfeiler-Leman Invariance, and the Sherali-Adams Hierarchy for the Constraint Satisfaction Problem","Butti, Silvia; Dalmau, Víctor",2021,https://doi.org/10.4230/LIPIcs.MFCS.2021.27,https://drops.dagstuhl.de/storage/00lipics/lipics-vol202-mfcs2021/LIPIcs.MFCS.2021.27/LIPIcs.MFCS.2021.27.pdf#page=1,Explicit open question on PDF page 1
On the Relative Power of Linear Algebraic Approximations of Graph Isomorphism,"Dawar, Anuj; Vagnozzi, Danny",2021,https://doi.org/10.4230/LIPIcs.MFCS.2021.37,https://drops.dagstuhl.de/storage/00lipics/lipics-vol202-mfcs2021/LIPIcs.MFCS.2021.37/LIPIcs.MFCS.2021.37.pdf#page=1,Explicit open question on PDF page 1
Approximately Packing Dijoins via Nowhere-Zero Flows,Gérard Cornuéjols; Siyue Liu; R. Ravi,2025,https://link.springer.com/article/10.1007/s00493-025-00159-x,,Conjecture 3; definition of integral nowhere-zero flows and connection with dijoin packing
5-flow conjecture,Open Problem Garden contributors,2026,https://www.openproblemgarden.org/op/5_flow_conjecture,,Problem statement; accessed 11 September 2026
A Theory of Alternating Paths and Blossoms from the Perspective of Minimum Length,Vijay V. Vazirani,2024,https://pubsonline.informs.org/doi/abs/10.1287/moor.2020.0388,,Published online 7 May 2024; proof of the Micali–Vazirani FOCS 1980 algorithm; arXiv:2012.03582 precursor has the title A Proof of the MV Matching Algorithm
Maximum Matchings via Gaussian Elimination,Marcin Mucha; Piotr Sankowski,2004,https://www.mimuw.edu.pl/~mucha/pub/mucha_sankowski_focs04.pdf,,FOCS 2004; construction in general and bipartite graphs; Remark 1.1 notes a logarithmic factor at exponent exactly two
Scaling algorithms for approximate and exact maximum weight matching,Ran Duan; Seth Pettie; Hsin-Hao Su,2011,https://arxiv.org/abs/1112.0790,,"v1, 4 December; general-graph approximate result and separate bipartite exact weighted result"
Maximum Flow and Minimum-Cost Flow in Almost-Linear Time,Li Chen; Rasmus Kyng; Yang P. Liu; Richard Peng; Maximilian Probst Gutenberg; Sushant Sachdeva,2022,https://arxiv.org/abs/2203.00671,,FOCS 2022; exact integral flow and almost-linear bound
Gabow’s Cardinality Matching Algorithm in General Graphs: Implementation and Experiments,Matin Ansaripour; Alireza Danaei; Kurt Mehlhorn,2024,https://arxiv.org/abs/2409.14849,,"v1, 23 September; §§1–3, worst-case families versus random graph experiments"
A Note on the Gyárfás–Sumner Conjecture,Tung Nguyen; Alex Scott; Paul Seymour,2024,https://arxiv.org/abs/2302.08922,,"Preprint 17 February 2023; Graphs and Combinatorics 40, Article 33, published 8 March 2024; Theorem 1.2 forces a path-induced copy, not a fully induced tree; inherited source"
Radius two trees specify \(\chi\)-bounded classes,Henry A. Kierstead; Stephen G. Penrice,1994,https://doi.org/10.1002/jgt.3190180203,,"Journal of Graph Theory 18(2), 119–129; every excluded tree of radius at most two satisfies the conjecture"
Polynomial bounds for chromatic number. V. Excluding a tree of radius two and a complete multipartite graph,Alex Scott; Paul Seymour,2023,https://arxiv.org/abs/2202.05557,,"First posted 11 February 2022; checked v2, 10 January 2023; fixed radius-two tree and fixed number of parts, polynomial dependence on part size"
Trees and near-linear stable sets,Tung Nguyen; Alex Scott; Paul Seymour,2025,https://link.springer.com/article/10.1007/s00493-025-00177-9,,"Preprint arXiv:2409.09397, 14 September 2024; published 25 September 2025; Combinatorica 45, Article 49; Theorems 1.2–1.4 give near-linear stable sets, Theorem 1.5 treats fractional colouring for multibrooms"
Polynomial Gyárfás–Sumner conjecture for graphs of bounded boxicity,James Davies; Yelena Yuditsky,2026,https://igt.centre-mersenne.org/articles/10.5802/igt.17/,,"Preprint arXiv:2407.16882, 23 July 2024; published 2 April 2026; Innovations in Graph Theory 3, 37–48; Theorem 1.1 assumes a fixed box dimension and fixed excluded forest"
Graph minors. V. Excluding a planar graph,Neil Robertson; Paul D. Seymour,1986,https://doi.org/10.1016/0095-8956(86)90030-4,,"Journal of Combinatorial Theory, Series B 41(1), August 1986, 92–114; qualitative Grid-Minor Theorem"
Quickly Excluding a Planar Graph,Neil Robertson; Paul D. Seymour; Robin Thomas,1994,https://www.sciencedirect.com/science/article/pii/S0095895684710732,,"Journal of Combinatorial Theory, Series B 62(2), November 1994, 323–348; high-girth expander lower bound and tightness conjecture described in Chuzhoy–Tan’s introduction"
Polynomial Bounds for the Grid-Minor Theorem,Chandra Chekuri; Julia Chuzhoy,2016,https://arxiv.org/abs/1305.6577,,"First posted 28 May 2013; checked v5, 9 August 2016; STOC 2014, JACM 63(5), Article 40, 2016; source defines the inverse function: guaranteed grid side length from treewidth"
Towards \(Tight(er)\) Bounds for the Excluded Grid Theorem,Julia Chuzhoy; Zihan Tan,2021,https://arxiv.org/abs/1901.07944,,"Preprint 23 January 2019; SODA 2019; JCTB 146, January 2021, 219–265; Theorem 1.1 and introduction’s lower bounds and competing conjectures; inherited reference"
The Grid-Minor Theorem Revisited,Vida Dujmović; Robert Hickingbotham; Jędrzej Hodor; Gwenaël Joret; Hoang La; Piotr Micek; Pat Morin; Clément Rambaud; David R. Wood,2025,https://link.springer.com/article/10.1007/s00493-025-00168-w,,"Combinatorica 45, Article 62, published 7 November 2025; Theorem 1 and introduction; c=c(X) is unspecified; inherited reference"
Catching Rats in H-minor-free Graphs,Maximilian Gorsky; Giannos Stamoulis; Dimitrios M. Thilikos; Sebastian Wiederrecht,2026,https://arxiv.org/abs/2506.22857,,"First posted 28 June 2025; checked v2, 23 October 2025; SODA 2026, 4644–4654; treewidth/branchwidth O(gr+t^{2304}) with the additional fixed excluded minor H"
Caccetta–Häggkvist conjecture,Open Problem Garden contributors,2026,https://www.openproblemgarden.org/op/caccetta_haggkvist_conjecture,,Problem statement; accessed 11 September 2026
Short rainbow cycles for families of small edge sets,"Guo, He",2026,https://arxiv.org/abs/2507.04581,,"Discrete Mathematics 349 (2026), 114868; Conjecture 1 and related rainbow-cycle results"
Arboricity and Subgraph Listing Algorithms,Norishige Chiba; Takao Nishizeki,1985,https://www.cs.cornell.edu/courses/cs6241/2019sp/readings/Chiba-1985-arboricity.pdf,,"SIAM Journal on Computing 14(1), February 1985, 210–223; O(m·a(G)) triangle listing"
Finding and Counting Given Length Cycles,Noga Alon; Raphael Yuster; Uri Zwick,1997,https://www.math.tau.ac.il/~nogaa/PDFS/ayz4.pdf,,"Algorithmica 17(3), 209–223; sparse triangle bound, also restated as Theorem 3.5 in Akmal–Fischer ICALP 2026; the authors’ erratum corrects other counting formulas in equations 12 and 18"
Popular conjectures imply strong lower bounds for dynamic problems,Amir Abboud; Virginia Vassilevska Williams,2014,https://arxiv.org/abs/1402.0054,,"1 February 2014, FOCS 2014; Conjecture 4 in this arXiv version is the no-almost-linear triangle hypothesis; inherited reference"
Node-Weighted Triangles: Faster and Simpler,Shyan Akmal; Nick Fischer,2026,https://drops.dagstuhl.de/storage/00lipics/lipics-vol374-icalp2026/html/LIPIcs.ICALP.2026.10/LIPIcs.ICALP.2026.10.html,,"ICALP 2026, Article 10; introduction and preliminaries recall the general unweighted bounds; Remark 3 distinguishes an infimal matrix exponent from an attained runtime"
On the Complexity of the Matching Problem of Regular Expressions with Backreferences,Soh Kumabe; Yuya Uezato,2026,https://drops.dagstuhl.de/storage/00lipics/lipics-vol374-icalp2026/html/LIPIcs.ICALP.2026.135/LIPIcs.ICALP.2026.135.html,,"ICALP 2026, Article 135; Theorem 4 and Section 4’s reduction from triangle detection to matching with two backreference uses"
A Strongly Subcubic Combinatorial Algorithm for Triangle Detection with Applications,Adrian Dumitrescu,2024,https://arxiv.org/abs/2403.01085,,"v2, 5 March 2024, withdrawn; author identifies invalid Case 2.1 analysis; not a valid upper bound"
A Linear-Time Solution to the Triangle Finding Problem: The Aegypti Algorithm,Frank Vega,2025,https://www.preprints.org/manuscript/202506.0875/v3,,"Version 3, 19 August 2025; Section 3 parent-edge rule and completeness argument; counterexample checked locally in this review; later versions under this identifier change topic"
Aegypti: Feasible Quadratic-Time Combinatorial Triangle Detection via Sparse Bucket Reduction,Frank Vega,2026,https://www.preprints.org/manuscript/202511.2197/v10,,"Version 10, submitted 7 September and posted 8 September 2026; claims O(n²), not almost-linear time for arbitrary sparsity; proof not independently validated"
Forbidden Induced Subgraphs for Bounded Shrub-Depth and the Expressive Power of MSO,Nikolas Mählmann,2025,https://drops.dagstuhl.de/entities/document/10.4230/LIPIcs.ICALP.2025.167,,"Inherited source; ICALP 2025, 167:1–167:18; concluding MSO-Dependence discussion and Conjecture 40"
The structure of the models of decidable monadic theories of graphs,Detlef Seese,1991,https://doi.org/10.1016/0168-0072(91)90054-P,,"Annals of Pure and Applied Logic 53(2), 169–195; see also the introductory account in Courcelle–Oum for the MSO₂ theorem and MSO₁ conjecture"
"Vertex-minors, monadic second-order logic, and a conjecture by Seese",Bruno Courcelle; Sang-il Oum,2007,https://www.labri.fr/perso/courcell/Textes1/BC-Oum%282007%29.pdf,,"Journal of Combinatorial Theory, Series B 97(1), 91–126; introduction and Theorem 5.6; DOI 10.1016/j.jctb.2006.04.003"
MSO undecidability for hereditary classes of unbounded clique-width,Anuj Dawar; Abhisekh Sankaran,2025,https://doi.org/10.1016/j.ejc.2023.103700,,"European Journal of Combinatorics 123, article 103700 (2025); 2023 online publication, 2020 preprint arXiv:2011.02894; Theorem 3.2 in the accepted manuscript"
Hereditary 2-WQO Graph Classes Have Bounded Clique-Width,Julien Duron; Nikolas Mählmann; Szymon Toruńczyk,2026,https://arxiv.org/abs/2607.10939,,Posted 12 July 2026; v2 dated 26 July; hereditary two-label well-quasi-ordering hypothesis
Maximum Flow Without the Outer IPM,Jason Li; Alex Wice,2026,https://arxiv.org/abs/2608.17384,,"v1, 18 August 2026; abstract and main maximum-flow result"
Research reference · www.sciencedirect.com,,,https://www.sciencedirect.com/science/article/abs/pii/S0012365X26000798,,
Reconstruction of Small Graphs and Digraphs,Brendan D. McKay,2022,https://arxiv.org/abs/2102.01942v4,,"Version 4, 2 January 2022; abstract, Section 1 and Section 3. Exhaustive reconstruction results through 13 vertices; computations not rerun."
Wikipedia: Reconstruction conjecture,Wikipedia contributors,,https://en.wikipedia.org/wiki/Reconstruction_conjecture,,Discovery source; retrieved 2026-09-11. Evidence locator: Edge Reconstruction Conjecture
Wikipedia revision used for discovery,Wikipedia contributors,,https://en.wikipedia.org/w/index.php?oldid=1373189455,,Revision timestamp: 2026-09-04T13:41:03Z
Shuffling the Deck: Invariant Theory and the Graph Reconstruction Conjecture,Emilie Dufresne; Gabriela Jeronimo; Jenny Kenkel; Haydee Lindo; Nelly Villamizar,2026,https://arxiv.org/abs/2604.16567v1,,"Version 1, submitted 17 April 2026, PDF dated 21 April 2026; opening, Section 1, Conjecture 1.2, and Section 2.1. Defines the deck, states the general conjecture as open, and explains recoverable counts."
Interval Graphs are Reconstructible,Irene Heinrich; Masashi Kiyomi; Yota Otachi; Pascal Schweitzer,2026,https://arxiv.org/abs/2504.02353v2,,"Version 2, 12 May 2026; Introduction, Theorem 1 and Corollary 2. First preprint 3 April 2025; full PDF theorem scope checked."
Advancing Mathematics Research with AI-Driven Formal Proof Search,George Tsoukalas and coauthors,2026,https://arxiv.org/abs/2605.22763v2,,"Version 2, 8 June 2026; appendix subsection “A variant of the Graph Reconstruction Conjecture,” theorem “Weak bipartite graph reconstruction.” The statement, deletion operation, partition preservation and type-distinguishability assumptions were read; linked Lean proof was not rebuilt."
Vertex-substitution framework verifies the reconstruction conjecture for finite undirected graphs,Robert John O’Shea; Louis Wilkins,2024,https://www.sciencedirect.com/science/article/pii/S0020025523014433,,"Information Sciences 654, 119858, DOI 10.1016/j.ins.2023.119858. Publisher-indexed abstract and highlights checked; direct full-text access returned 403. The claimed proof is not assessed here."
The Berge–Fulkerson conjecture,Open Problem Garden contributors,2026,https://www.openproblemgarden.org/op/the_berge_fulkerson_conjecture,,Problem statement; accessed 11 September 2026
"On some perfect matching conjectures in infinite, cubic, bridgeless graphs","Júnior, Paulo Magalhães; Silva, Antonio Kelson",2026,https://arxiv.org/abs/2607.29511,,Abstract and introduction: finite conjecture and relation to infinite cubic graphs
Barnette’s conjecture,Open Problem Garden contributors,2026,https://www.openproblemgarden.org/op/barnettes_conjecture,,Problem statement; accessed 11 September 2026
Approximating Barnette’s Conjecture,Michael A. Bekos; Michael Kaufmann; Maximilian Pfister,2025,https://drops.dagstuhl.de/storage/00lipics/lipics-vol357-gd2025/html/LIPIcs.GD.2025.6/LIPIcs.GD.2025.6.html,,"Introduction and main theorem; GD 2025, article 6"
Partitions of planar (oriented) graphs into a connected acyclic and an independent set,"Cambie, Stijn; Dross, François; Knauer, Kolja; La, Hoang; Valicov, Petru",2026,https://arxiv.org/abs/2412.11774,,"Electronic Journal of Combinatorics 33(1), P1.27; Conjectures 1–4; published 13 February 2026, https://doi.org/10.37236/13673"
Seymour’s second neighbourhood conjecture,Open Problem Garden contributors,2026,https://www.openproblemgarden.org/op/seymours_second_neighbourhood_conjecture,,Problem statement; accessed 11 September 2026
Towards a strengthening of the second neighborhood conjecture,"Bai, Yandong; Li, Binlong; Park, Boram",2026,https://arxiv.org/abs/2607.18047,,"Version 2, 24 July 2026; abstract: general conjecture still open and special cases of a strengthening"
A Minimum Counterexample Proof of the Seymour Second Neighborhood Conjecture via the Graph Level Order,"Glover, Charles N.",2026,https://arxiv.org/abs/2501.00614,,"Version 14, 30 May 2026; claimed complete proof, not verified or endorsed by this review"
Unconditional Lower Bounds for Degree Fault Tolerant Spanners,Greg Bodwin and Aleksey Lopez,2026,https://doi.org/10.4230/LIPIcs.ESA.2026.31,,"Section 1.1, pp. 31:1–2; new result in the abstract"
On Sparse Spanners of Weighted Graphs,"Ingo Althöfer, Gautam Das, David Dobkin, Deborah Joseph, and José Soares",1993,https://doi.org/10.1007/BF02189308,,"Discrete & Computational Geometry 9, 81–100"
The list chromatic index of a bipartite multigraph,Fred Galvin,1995,https://doi.org/10.1006/jctb.1995.1011,,"Journal of Combinatorial Theory, Series B 63(1), January 1995, pp. 153–158. Publisher-indexed abstract states equality with chromatic index and maximum degree for bipartite multigraphs; full publisher text was inaccessible."
Wikipedia: List edge-coloring,Wikipedia contributors,,https://en.wikipedia.org/wiki/List_edge-coloring,,Discovery source; retrieved 2026-09-11. Evidence locator: list chromatic index equal
Wikipedia revision used for discovery,Wikipedia contributors,,https://en.wikipedia.org/w/index.php?oldid=1365478980,,Revision timestamp: 2026-07-22T18:24:50Z
Asymptotics of the list-chromatic index for multigraphs,Jeff Kahn,2000,https://sites.math.rutgers.edu/~jkahn/LMULTI.pdf,https://sites.math.rutgers.edu/~jkahn/LMULTI.pdf,"Random Structures & Algorithms 17(2), pp. 117–156; author manuscript, Section 1, Theorem 1.1 and equation (3). Full introduction checked, including definitions and the multigraph conjecture."
The List Edge-Coloring Conjecture for Two New Infinite Families of Complete Graphs,Amir Jafari,2026,https://arxiv.org/abs/2608.22895v1,https://arxiv.org/pdf/2608.22895v1,"Version 1, 24 August 2026. Introduction and Theorems 1.1–1.2 assert equality for K_(p−1) and K_(2p), p an odd prime, while leaving the general even-order complete-graph case open. Claims were read, not independently proved."
An improved bound for the List Colouring Conjecture — seminar abstract,Michael Molloy,2024,https://math.ucsd.edu/seminar/improved-bound-list-colouring-conjecture,,"UC San Diego, 21 May 2024. Announces a bound Delta+Delta^(2/5) poly(log Delta) for simple graphs. Abstract-only evidence; no full proof checked."
Triangle packing versus triangle edge transversal,Open Problem Garden contributors,2026,https://www.openproblemgarden.org/op/triangle_packing_vs_triangle_edge_transversal,,Problem statement; accessed 11 September 2026
On Tuza’s conjecture in dense graphs,,2025,https://doi.org/10.1016/j.dam.2025.06.049,,Abstract and introduction: dense special cases versus general conjecture
Tuza's conjecture for graphs of maximum degree at most seven,"Gupta, Anish",2026,https://arxiv.org/abs/2608.06538,,Abstract: maximum-degree-at-most-seven special case; preprint of 6 August 2026
Exact Matching: Algorithms and Related Problems,Nicolas El Maalouly,2023,https://doi.org/10.4230/LIPIcs.STACS.2023.29,,Problem definition and overview
Matching is as easy as matrix inversion,"Ketan Mulmuley, Umesh V. Vazirani, and Vijay V. Vazirani",1987,https://doi.org/10.1145/28395.383347,,STOC 1987; randomized algebraic algorithm
Exact Matching in Matrix Multiplication Time,Ryotaro Sato and Yutaro Yamaguchi,2025,https://arxiv.org/abs/2508.04081v2,,"Version 2, 10 August 2026; introduction, Theorem 1.3, and Remark 1.7"
Bipartite Exact Matching in P,Yuefeng Du,2026,https://arxiv.org/abs/2604.01571v3,,"Version 3, 9 April 2026; Theorem 1.1 and Appendix A"
Partitioning planar digraphs,Open Problem Garden contributors,2026,https://www.openproblemgarden.org/op/partitioning_planar_digraphs,,Problem statement; accessed 11 September 2026
Planar digraphs of digirth four are 2-colourable,"Li, Zhentao; Mohar, Bojan",2016,https://arxiv.org/abs/1606.06114,,Main theorem: planar digraphs with no directed cycle of length less than four
Canonical Form for Graphs in Quasipolynomial Time,László Babai,2019,https://par.nsf.gov/servlets/purl/10179675,,"STOC 2019, pp. 1237–1246, DOI 10.1145/3313276.3316356. Read full introduction and Corollary 2.3 in the author manuscript. The introduction explicitly distinguishes computing canonical forms from deciding isomorphism and leaves the converse implication unknown."
Wikipedia: Graph canonization,Wikipedia contributors,,https://en.wikipedia.org/wiki/Graph_canonization,,Discovery source; retrieved 2026-09-11. Evidence locator: polynomial-time equivalent
Wikipedia revision used for discovery,Wikipedia contributors,,https://en.wikipedia.org/w/index.php?oldid=1330143987,,Revision timestamp: 2025-12-29T18:39:50Z
Canonical Labelling of Random Regular Graphs,Mikhail Isaev; Tamás Makai; Brendan D. McKay; Paweł Prałat; Jane Tan; Maksim Zhukovskii,2026,https://drops.dagstuhl.de/entities/document/10.4230/LIPIcs.ICALP.2026.114,,"ICALP 2026, article 114; full abstract and Introduction through Corollary 2 read in publisher HTML. Defines canonical labelling and the easy reduction from isomorphism to canonization; its new guarantees are with high probability over random regular graphs, not a general oracle reduction."
Degree-3 Treewidth Sparsifiers,Chandra Chekuri; Julia Chuzhoy,2015,https://home.ttic.edu/~cjulia/papers/treewidth-sparsifiers-SODA.pdf,,SODA 2015; Theorem 1.1 and discussion of treewidth loss
Sparse induced subgraphs of large treewidth,Édouard Bonnet,2025,https://www.sciencedirect.com/science/article/pii/S009589562500019X,,"Journal of Combinatorial Theory, Series B 173, 184–203; introduction"
List of open questions: Linear treewidth and pathwidth sparsifiers,Antoine Amarilli,2026,https://a3nm.net/work/research/questions/#linear-treewidth-and-pathwidth-sparsifiers,,Treewidth portion; accessed 11 September 2026
Breaking the Sorting Barrier for Directed Single-Source Shortest Paths,Ran Duan; Jiayi Mao; Xiao Mao; Xinkai Shu; Longhui Yin,2025,https://arxiv.org/abs/2504.17033,,Main theorem and computational model; integer-word target distinguished from the paper’s comparison-addition model.
Reconstruction of Small Graphs and Digraphs,Brendan D. McKay,2022,https://arxiv.org/abs/2102.01942,,"2 January 2022 arXiv revision, abstract and §1 read. Primarily studies vertex and set reconstruction, not the edge conjecture; §1 explicitly distinguishes these and cites earlier edge searches. Retained as the original bibliographic pointer, not the source of the formal edge statement."
A combinatorial K-theory perspective on the Edge Reconstruction Conjecture in graph theory,Maxine E. Calle and Julian J. Gould,2025,https://arxiv.org/abs/2402.14986v2,,"Homology, Homotopy and Applications 27(1), 293–322; DOI 10.4310/HHA.2025.v27.n1.a16. July 2024 author version read: Introduction and §3 Definitions 3.1–3.3, Conjecture 3.4. The paper explicitly leaves the ordinary conjecture open; its negative result concerns unions of several graphs’ decks."
The Class Edge-Reconstruction Number of a Maximal Planar Graph Is One or Two,Sergey Ivanov,2026,https://arxiv.org/abs/2609.02389v1,,"2 September 2026 preprint, full abstract read. Claims one or two selected cards suffice within the known class of maximal planar graphs. This class reconstruction question has additional promises; no proof audit or general resolution is claimed here."
Towards the Lovász conjecture via sublinear expanders,Matija Bucić; Micha Christoph; Alexey Pokrovskiy; Raphael Steiner,2026,https://arxiv.org/abs/2606.09742,,Introduction and statement of the general vertex-transitive Hamiltonian-path problem.
Boolean dimension and dim-boundedness: Planar cover graph with a zero,"Blake, Heather Smith; Micek, Piotr; Trotter, William T.",2022,https://arxiv.org/abs/2206.06942,,Main theorem and introduction: planar cover graph with a zero; general boundedness question
Cliquewidth and dimension,"Joret, Gwenaël; Micek, Piotr; Pilipczuk, Michał; Walczak, Bartosz",2026,https://arxiv.org/abs/2308.11950,,"Cliquewidth and dimension; 2026 journal version, https://doi.org/10.1112/plms.70116"
List of open questions: Boolean dimension of planar posets,Antoine Amarilli,2026,https://a3nm.net/work/research/questions/#boolean-dimension-of-planar-posets,,Dedicated question and references; accessed 11 September 2026
Explicit expanders of every degree and size,Noga Alon,2020,https://arxiv.org/abs/2003.11673,,Definition of strong explicitness and comparison of exact versus near-Ramanujan constructions.
Algorithms for Optimization Problems in Planar Graphs,Oren Weimann,2016,https://doi.org/10.4230/DagRep.6.5.94,https://drops.dagstuhl.de/storage/04dagstuhl-reports/volume06/issue05/DagRep.6.5/DagRep.6.5.pdf#page=113,"Seminar 16221, section 4.9"
A Polynomial Delay Algorithm Generating All Potential Maximal Cliques in Triconnected Planar Graphs,"Grigoriev, Alexander; Kobayashi, Yasuaki; Tamaki, Hisao; van der Zanden, Tom C.",2025,https://doi.org/10.4230/LIPIcs.IPEC.2025.21,https://drops.dagstuhl.de/storage/00lipics/lipics-vol358-ipec2025/LIPIcs.IPEC.2025.21/LIPIcs.IPEC.2025.21.pdf#page=2,Explicit open question on PDF page 2
Treewidth Is NP-Complete on Cubic Graphs,"Bodlaender, Hans L.; Bonnet, Édouard; Jaffke, Lars; Knop, Dušan; Lima, Paloma T.; Milanič, Martin; Ordyniak, Sebastian; Pandey, Sukanya; Suchý, Ondřej",2023,https://doi.org/10.4230/LIPIcs.IPEC.2023.7,https://drops.dagstuhl.de/storage/00lipics/lipics-vol285-ipec2023/LIPIcs.IPEC.2023.7/LIPIcs.IPEC.2023.7.pdf#page=12,Unresolved-question passage on page 12
Algorithms and Almost Tight Results for 3-Colorability of Small Diameter Graphs,George B. Mertzios; Paul G. Spirakis,2016,https://doi.org/10.1007/s00453-014-9949-6,,"Algorithmica 74, 385–414; first online 2014, preliminary SOFSEM 2013 version; diameter-two algorithm and diameter-three hardness"
Faster 3-coloring of small-diameter graphs,Michał Dębski; Marta Piecyk; Paweł Rzążewski,2021,https://arxiv.org/abs/2104.13860v1,,"28 April 2021; published in SIAM Journal on Discrete Mathematics 36(3), 2205–2224 (2022)"
List 3-coloring \(C_{4}\)-free graphs of diameter-2 in polynomial-time,Yukihiro Murakami,2026,https://arxiv.org/abs/2606.30282v2,,"1 July 2026 version; Theorem 1.1 and Sections 1 and 7. C₄-free means no C₄ subgraph, not merely no induced C₄."
Solving Problems on Graphs: From Structure to Algorithms,Maria Chudnovsky,2025,https://doi.org/10.4230/DagRep.15.1.105,https://drops.dagstuhl.de/storage/04dagstuhl-reports/volume15/issue01/25041/DagRep.15.1.105/DagRep.15.1.105.pdf,"Dagstuhl Seminar 25041, Section 4.2, printed p. 116; entire question read. The phrase joining Kt,t and the wall is typographically damaged (“is the txt wall”). Its intended two forbidden induced minors are corroborated explicitly by Conjecture 1.1 of Chudnovsky et al., arXiv:2512.18835v3."
Induced minors and subpolynomial treewidth,"Maria Chudnovsky, Julien Codsi, David Fischer, Daniel Lokshtanov",2026,https://arxiv.org/abs/2512.18835,https://arxiv.org/pdf/2512.18835,"arXiv:2512.18835v3, 19 March 2026; first submitted 21 December 2025. Full abstract and introduction through Conjecture 1.1, Theorem 1.2 and Corollary 1.3 read. These state precisely the forbidden-clique and two forbidden-induced-minor hypotheses and distinguish polylogarithmic from subpolynomial treewidth. Proofs not independently audited."
Induced Minors and Coarse Tree Decompositions,"Maria Chudnovsky, Julien Codsi, Ajaykrishnan E S, Daniel Lokshtanov",2026,https://arxiv.org/abs/2603.11379,,"arXiv:2603.11379v2, 6 May 2026. Full abstract read: bounds concern distance-r independence number in bags for r=8 or r=16(log n+1), not bag cardinality or the treewidth bounds on this card."
Weakly-Sparse and Strongly Flip-Flat Classes of Graphs Are Uniformly Almost-Wide,"Ghasemi, Fatemeh; Grange, Julien; Kanté, Mamadou Moustapha; Madelaine, Florent",2026,https://doi.org/10.4230/LIPIcs.CSL.2026.41,https://drops.dagstuhl.de/storage/00lipics/lipics-vol363-csl2026/LIPIcs.CSL.2026.41/LIPIcs.CSL.2026.41.pdf#page=12,Conjecture 15; PDF page 12
Well-Quasi-Ordering Eulerian Digraphs: Bounded Carving Width,"Cavallaro, Dario; Kawarabayashi, Ken-ichi; Kreutzer, Stephan",2026,https://doi.org/10.4230/LIPIcs.ICALP.2026.51,https://drops.dagstuhl.de/storage/00lipics/lipics-vol374-icalp2026/LIPIcs.ICALP.2026.51/LIPIcs.ICALP.2026.51.pdf#page=8,Conjecture 3.2; PDF page 8
Adjacency Labeling Schemes for Small Classes,"Bonnet, Édouard; Duron, Julien; Sylvester, John; Zamaraev, Viktor",2025,https://doi.org/10.4230/LIPIcs.ITCS.2025.21,https://drops.dagstuhl.de/storage/00lipics/lipics-vol325-itcs2025/LIPIcs.ITCS.2025.21/LIPIcs.ITCS.2025.21.pdf#page=14,Conjecture 22; PDF page 14
Space-Stretch Tradeoff in Routing Revisited,"Zinovyev, Anatoliy",2022,https://doi.org/10.4230/LIPIcs.DISC.2022.37,https://drops.dagstuhl.de/storage/00lipics/lipics-vol246-disc2022/LIPIcs.DISC.2022.37/LIPIcs.DISC.2022.37.pdf#page=9,"DISC 2022, article 37: Section 3.2, Definitions 6–7, pp. 9–10, and Theorem 8. The source uses “girth s” to mean no cycle shorter than s, not equality of the shortest cycle length."
Unconditional Lower Bounds for Degree Fault Tolerant Spanners,"Greg Bodwin, Aleksey Lopez",2026,https://arxiv.org/abs/2607.07576,,"Preprint v1, 8 July 2026: Section 1.1 states the girth conjecture and confirms that only k=1,2,3,5 are known; Section 1.3 explains that its unconditional degree-fault-tolerant spanner lower bounds do not prove the girth conjecture."
"Faster Deciding MSO Properties of Trees of Fixed Height, and Some Consequences","Gajarsky, Jakub; Hlineny, Petr",2012,https://doi.org/10.4230/LIPIcs.FSTTCS.2012.112,https://drops.dagstuhl.de/storage/00lipics/lipics-vol018-fsttcs2012/LIPIcs.FSTTCS.2012.112/LIPIcs.FSTTCS.2012.112.pdf#page=3,Explicit open question on PDF page 3
Delineating Half-Integrality of the Erdős-Pósa Property for Minors: The Case of Surfaces,"Paul, Christophe; Protopapas, Evangelos; Thilikos, Dimitrios M.; Wiederrecht, Sebastian",2024,https://doi.org/10.4230/LIPIcs.ICALP.2024.114,https://drops.dagstuhl.de/storage/00lipics/lipics-vol297-icalp2024/LIPIcs.ICALP.2024.114/LIPIcs.ICALP.2024.114.pdf#page=3,"ICALP 2024, article 114: Section 1 and Conjecture 1 read; the conjecture concerns integral Erdős–Pósa duality on every minor-closed environment class."
Obstructions to Erdős–Pósa Dualities for Minors,"Christophe Paul, Evangelos Protopapas, Dimitrios M. Thilikos, Sebastian Wiederrecht",2024,https://arxiv.org/abs/2407.09671v2,,"Version 2, 16 July 2024: definition of an EP-pair, Theorem 1.1, the finite obstruction-sequence family, Theorem 1.8 and the proof sketch of Theorem 1.1 read. Apply the theorem to the class of H-minor-free graphs; disconnected excluded minors are covered."
Obstructions to Erdős–Pósa Dualities for Minors — FOCS publication,"Christophe Paul, Evangelos Protopapas, Dimitrios M. Thilikos, Sebastian Wiederrecht",2024,https://doi.org/10.1109/FOCS61266.2024.00013,,"FOCS 2024, pp. 31–52. Publication confirmed against the official accepted-paper list and the KAIST author-institution record; full theorem checked in reference solution."
Indiscernibles and Flatness in Monadically Stable and Monadically NIP Classes,"Dreier, Jan; Mählmann, Nikolas; Siebertz, Sebastian; Toruńczyk, Szymon",2023,https://doi.org/10.4230/LIPIcs.ICALP.2023.125,https://drops.dagstuhl.de/storage/00lipics/lipics-vol261-icalp2023/LIPIcs.ICALP.2023.125/LIPIcs.ICALP.2023.125.pdf#page=5,"ICALP 2023, article 125: graph-transduction definition, Definition 2, Theorem 3 and final paragraph on page 125:5 read. The request is for a combinatorial characterization analogous to flip-flatness, not for flip-flatness itself to characterize NIP."
Flip-Breakability: A Combinatorial Dichotomy for Monadically Dependent Graph Classes,"Jan Dreier, Nikolas Mählmann, Szymon Toruńczyk",2024,https://doi.org/10.1145/3618260.3649739,https://arxiv.org/pdf/2403.15201,"STOC 2024; full arXiv v2, 27 March 2024, introduction/transductions, Definition 1.2 and Theorem 1.3 read. All graph classes are covered, not only hereditary ones."
Separability Properties of Monadically Dependent Graph Classes,"Édouard Bonnet, Samuel Braunfeld, Ioannis Eleftheriadis, Colin Geniet, Nikolas Mählmann, Michał Pilipczuk, Wojciech Przybyszewski, Szymon Toruńczyk",2025,https://doi.org/10.4230/LIPIcs.ICALP.2025.147,,"ICALP 2025: Definition 2, Theorem 3 and discussion of the 2024 characterization read. Further characterization by weighted flip-separability."
Splay trees are almost dynamically optimal,"Petr Chmel, Bernhard Haeupler, Richard Hladík, Michal Koucký, Antti Roeyskoe, Václav Rozhoň, Ondřej Sladký, and Robert E. Tarjan",2026,https://arxiv.org/abs/2607.18498,,Introduction: known guarantees for deque operations
"Binary Search Trees and Dynamic Optimality, Lecture 23","Carnegie Mellon University, 15-451, Spring 2026",2026,https://www.cs.cmu.edu/~yangp/15-451/lecture23.pdf,,§§1–2; splay-tree amortized analysis
Dynamic Optimality—Almost,Erik D. Demaine; Dion Harmon; John Iacono; Mihai Pătraşcu,2007,https://doi.org/10.1137/S0097539705447347,,Main competitive guarantee
What Does Dynamic Optimality Mean in External Memory?,"Bender, Michael A.; Farach-Colton, Martín; Kuszmaul, William",2022,https://doi.org/10.4230/LIPIcs.ITCS.2022.18,https://drops.dagstuhl.de/storage/00lipics/lipics-vol215-itcs2022/LIPIcs.ITCS.2022.18/LIPIcs.ITCS.2022.18.pdf#page=2,Explicit open question on PDF page 2
The Natural Proofs Barrier against Data-Structure Lower-Bounds,Michal Koucký; Bruno Loff; Tulasimohan Molli; Michael E. Saks,2026,https://doi.org/10.1145/3798129.3800843,https://brunoloff.wordpress.com/wp-content/uploads/2025/12/natural_proof_barrier_for_data_structures-6.pdf,"STOC 2026, pp. 1338–1343; full author manuscript dated 27 December 2025, Open Problem 1.1, §§1.2–1.3 and 2.3; front-matter errata qualify coverage and the older rigidity discussion"
Stronger Cell Probe Lower Bounds via Local PRGs,Oliver Korten; Toniann Pitassi; Russell Impagliazzo,2025,https://eccc.weizmann.ac.il/report/2025/030/,,"Revision 1, 28 May; even-probe tradeoff retains the 2^{-O(w)} word-size term; additional bit-cell and nonadaptive results have separate hypotheses"
Lower Bounds for Linear Operators,Young Kun Ko,2025,https://eccc.weizmann.ac.il/report/2025/155/,,22 October; random operators and bit-probe storage; dependence on the number m of queries is essential
Crossing the Logarithmic Barrier for Dynamic Boolean Data Structure Lower Bounds,Kasper Green Larsen; Omri Weinstein; Huacheng Yu,2020,https://epubs.siam.org/doi/10.1137/18M1198429,,"STOC 2018 precursor; SIAM Journal on Computing 49(5), STOC18-323–STOC18-367, online 12 March 2020"
An \(\Omega ((\log  n/\log  \log  n)^{2})\) Cell-Probe Lower Bound for Dynamic Boolean Data Structures,Young Kun Ko,2026,https://eccc.weizmann.ac.il/report/2026/047/,,"Manuscript 26 March, report published 5 April; Theorem 1.1 concerns updates in a multiphase problem, not unrestricted static preprocessing"
Faster Deterministic Dictionaries,Rasmus Pagh,1999,https://www.brics.dk/RS/99/48/BRICS-RS-99-48.pdf,https://www.brics.dk/RS/99/48/BRICS-RS-99-48.pdf,"BRICS RS-99-48, December; §1 dictionary and word-RAM model; Theorem 4 for w=O(log n); weak nonuniformity pertains to the extension to arbitrary word lengths"
Constructing Efficient Dictionaries in Close to Sorting Time,Milan Ružić,2008,https://link.springer.com/chapter/10.1007/978-3-540-70575-8_8,,"ICALP 2008, pp. 84–95; construction overhead relative to sorting, constant lookup time and linear space"
Internal Pattern Matching Queries in a Text and Applications,Tomasz Kociumaka; Jakub Radoszewski; Wojciech Rytter; Tomasz Waleń,2024,https://epubs.siam.org/doi/10.1137/23M1567618,,"SIAM Journal on Computing 53(5), 1524–1577; online 14 October 2024; §6 use of Ružić dictionaries and separate small-dictionary cases"
Compressed Index with Construction in Compressed Space,Dmitry Kosolobov,2026,https://drops.dagstuhl.de/entities/document/10.4230/LIPIcs.CPM.2026.25,,"CPM 2026, 25:1–25:20; abstract and §1: replacing randomized dictionaries has a construction slowdown; application evidence, not a new general static-dictionary bound"
Uniform deterministic dictionaries,Milan Ružić,2008,https://pure.itu.dk/en/publications/uniform-deterministic-dictionaries/,,"ACM Transactions on Algorithms 4(1), 1:1–1:23; abstract distinguishes uniform algorithms from free word-size-dependent constants"
Sublinear.info,Kasper Green Larsen,2017,https://sublinear.info/index.php?title=Open_Problems:75,,Problem 75
"Splay Trees, Davenport-Schinzel Sequences, and the Deque Conjecture",Seth Pettie,2007,https://arxiv.org/abs/0707.2160,,"Introduction, deque implementation; Theorem 5.1; published at SODA 2008"
A New Path from Splay to Dynamic Optimality,Caleb Levy and Robert Tarjan,2019,https://doi.org/10.1137/1.9781611975482.80,,Section on the deque conjecture
Computational Complexity of Discrete Problems,Michael E. Saks,2017,https://doi.org/10.4230/DagRep.7.3.45,https://drops.dagstuhl.de/storage/04dagstuhl-reports/volume07/issue03/DagRep.7.3/DagRep.7.3.pdf#page=69,"Seminar 17121, section 5.3"
Dynamic Membership for Regular Languages,"Amarilli, Antoine; Jachiet, Louis; Paperman, Charles",2021,https://doi.org/10.4230/LIPIcs.ICALP.2021.116,https://drops.dagstuhl.de/storage/00lipics/lipics-vol198-icalp2021/LIPIcs.ICALP.2021.116/LIPIcs.ICALP.2021.116.pdf#page=6,Conjecture 2.3
"Poly-Logarithmic Deterministic Fully-Dynamic Algorithms for Connectivity, Minimum Spanning Tree, 2-Edge, and Biconnectivity",Jacob Holm; Kristian de Lichtenberg; Mikkel Thorup,2001,https://u.cs.biu.ac.il/~rodittl/p723-holm.pdf,,"Journal of the ACM 48(4), 723–760; STOC 1998 precursor; deterministic amortized minimum-spanning-tree bound"
Dynamic graph connectivity in polylogarithmic worst case time,Bruce M. Kapron; Valerie King; Ben Mountjoy,2013,https://doi.org/10.1137/1.9781611973105.81,,"SODA 2013, pp. 1131–1142; randomized cutset sampling and one-sided error"
"A Deterministic Algorithm for Balanced Cut with Applications to Dynamic Connectivity, Flows, and Beyond",Julia Chuzhoy; Yu Gao; Jason Li; Danupon Nanongkai; Richard Peng; Thatchaphol Saranurak,2020,https://arxiv.org/abs/1910.08025,,"v2, 3 May; FOCS 2020; Theorem 1.5 and Section 6.2 give deterministic dynamic MSF with n^{o(1)} worst-case updates"
Dynamic Connectivity with Expected Polylogarithmic Worst-Case Update Time,Simon Meierhans; Maximilian Probst Gutenberg,2026,https://arxiv.org/abs/2510.08297,,"SODA 2026, 6184–6198; first preprint 9 October 2025; Theorem 1.1, introductory time-conversion remark, and Corollary 3.17 on approximate weighted MSF"
Expander Pruning with Polylogarithmic Worst-Case Recourse and Update Time,Simon Meierhans; Maximilian Probst Gutenberg; Thatchaphol Saranurak,2026,https://doi.org/10.1137/1.9781611978971.103,,"SODA 2026, pp. 2792–2823, published 7 January; worst-case pruning and applications"
Logarithmic Lower Bounds in the Cell-Probe Model,Mihai Pătraşcu; Erik D. Demaine,2006,https://erikdemaine.org/papers/DynamicConnectivity_SICOMP/,,"SIAM Journal on Computing; author page and full paper; logarithmic amortized randomized lower bounds, including connectivity on disjoint paths"
Sixteenth Biennial Scientific Report: March 2021–March 2023,Max Planck Institute for Informatics,2023,https://pure.mpg.de/pubman/item/item_3527212_4/component/file_3527885/biennial-report-2023.pdf,,"Inherited reference; page 123, Dynamic Matching, in §27.5.1; PDF retrieved through the repository REST endpoint after the original download URL failed"
Fully Dynamic Matching: \((2- \sqrt{2})\)-Approximation in Polylog Update Time,Amir Azarmehr; Soheil Behnezhad; Mohammad Roghani,2024,https://epubs.siam.org/doi/10.1137/1.9781611977912.109,,"SODA 2024, 3040–3061; abstract explicitly specifies estimation of maximum-matching size"
Improved Bounds for Fully Dynamic Matching via Ordered Ruzsa-Szemeredi Graphs,Sepehr Assadi; Sanjeev Khanna; Peter Kiss,2025,https://arxiv.org/abs/2406.13573,,"SODA 2025; v2 dated 18 October 2024; Definition 1.1, Result 1 and its parameter footnote, §1.1 on fixed ε versus shrinking ε"
A note on Ordered Ruzsa-Szemerédi graphs,Kevin Pratt,2026,https://arxiv.org/abs/2502.02455,,"First posted 4 February 2025; SOSA 2026, 352–354, DOI 10.1137/1.9781611978964.27"
On Approximate Fully-Dynamic Matching and Online Matrix-Vector Multiplication,Yang P. Liu,2024,https://arxiv.org/abs/2403.02582,,"Posted 5 March 2024; distinguishes matching, vertex cover, online and offline bounds, and polynomial dependence on inverse accuracy"
A Faster Deterministic Algorithm for Fully Dynamic Maximal Matching,Julia Chuzhoy; Sanjeev Khanna; Junkai Song,2026,https://arxiv.org/abs/2605.00797,,"Posted 1 May 2026; STOC 2026, DOI 10.1145/3798129.3800868; maximal matching rather than a scheme approaching maximum cardinality"
Faster Fully-Dynamic Minimum Spanning Forest,Jacob Holm; Eva Rotenberg; Christian Wulff-Nilsen,2015,https://arxiv.org/abs/1407.6832,,"Preprint 25 July 2014; ESA 2015, 742–753; introduction specifies reporting forest-edge changes; Table 1 separates deterministic and randomized implementations"
Dynamic Minimum Spanning Forest with Subpolynomial Worst-case Update Time,Danupon Nanongkai; Thatchaphol Saranurak; Christian Wulff-Nilsen,2017,https://arxiv.org/abs/1708.03962,,"FOCS 2017; Las Vegas correctness, subpolynomial worst-case time with high probability"
Deterministic Rounding of Dynamic Fractional Matchings,Sayan Bhattacharya; Peter Kiss,2021,https://drops.dagstuhl.de/entities/document/10.4230/LIPIcs.ICALP.2021.27,,"Provenance correction: the inherited citation is a dynamic matching paper, not a source of an exact dynamic MSF theorem; retained to make the correction traceable"
Deterministic and Exact Fully-dynamic Minimum Cut of Superpolylogarithmic Size in Subpolynomial Time,Antoine El-Hayek; Monika Henzinger; Jason Li,2026,https://arxiv.org/abs/2512.13105,,"Inherited source; SODA 2026, 613–663; Theorems 1.3–1.4 and discussion of the maximum λ; preprint 15 December 2025; DOI 10.1137/1.9781611978971.25"
Unifying and Strengthening Hardness for Dynamic Problems via the Online Matrix-Vector Multiplication Conjecture,Monika Henzinger; Sebastian Krinninger; Danupon Nanongkai; Thatchaphol Saranurak,2015,https://people.csail.mit.edu/virgi/6.s078/papers/omv.pdf,,"Inherited source; §5.2, Minimum Cut; arXiv:1511.06773"
Incremental Exact Min-Cut in Polylogarithmic Amortized Update Time,Gramoz Goranci; Monika Henzinger; Mikkel Thorup,2018,https://arxiv.org/abs/1611.06500,,"ESA 2016 and ACM Transactions on Algorithms 14(2), article 17 (2018); insertion-only guarantee; DOI 10.1145/3174803"
Fully Dynamic Exact Edge Connectivity in Sublinear Time,Gramoz Goranci; Monika Henzinger; Danupon Nanongkai; Thatchaphol Saranurak; Mikkel Thorup; Christian Wulff-Nilsen,2023,https://arxiv.org/abs/2302.05951,,"SODA 2023, 70–86; v2, 22 March 2024, with corrected expander-decomposition runtime"
Tree-Packing Revisited: Faster Fully Dynamic Min-Cut and Arboricity,Tijn de Vos; Aleksander Christiansen,2026,https://link.springer.com/article/10.1007/s00453-026-01394-4,,"Algorithmica 88, article 52; published 3 June 2026; Theorems 4–6"
Fully Dynamic Approximate Minimum Cut in Subpolynomial Time per Operation,Antoine El-Hayek; Monika Henzinger; Jason Li,2025,https://arxiv.org/abs/2412.15069,,"SODA 2025, 750–784; v2, 6 January 2025; (1+o(1))-approximate unweighted minimum cut"
Scalable Data Structures (Dagstuhl Seminar 21071),Monika Henzinger (problem contributor),2021,https://doi.org/10.4230/DagRep.11.1.1,,Section 5.2
A New Approach to Dynamic All Pairs Shortest Paths,Camil Demetrescu; Giuseppe F. Italiano,2004,https://www.diag.uniroma1.it/~demetres/docs/dapsp-full.pdf,,Journal version; abstract and main amortized bound
Fully-Dynamic All-Pairs Shortest Paths: Likely Optimal Worst-Case Update Time,Xiao Mao,2024,https://arxiv.org/abs/2306.02662v3,,Revised 27 August 2024; abstract
Bootstrapping Dynamic APSP via Sparsification,Rasmus Kyng; Simon Meierhans; Gernot Zöcklein,2025,https://doi.org/10.4230/LIPIcs.ESA.2025.113,,Abstract; approximate rather than exact distances
Graph Algorithms: Distributed Meets Dynamic,Thatchaphol Saranurak,2024,https://doi.org/10.4230/DagRep.14.11.92,https://drops.dagstuhl.de/storage/04dagstuhl-reports/volume14/issue11/DagRep.14.11/DagRep.14.11.pdf#page=107,"Seminar 24471, section 4.2"
The Open Problems Project,Erik D. Demaine; Joseph S. B. Mitchell; Joseph O’Rourke (editors),2006,https://topp.openproblem.net/p63,,Problem 63
Dynamic Complexity of Parity Exists Queries,"Vortmeier, Nils; Zeume, Thomas",2020,https://doi.org/10.4230/LIPIcs.CSL.2020.37,https://drops.dagstuhl.de/storage/00lipics/lipics-vol152-csl2020/LIPIcs.CSL.2020.37/LIPIcs.CSL.2020.37.pdf#page=15,"Section 2 (empty initialization and update semantics); Section 3 (directed coverage); Section 5, first open question, p. 37:15."
Dynamic Complexity of Parity Exists Queries,Nils Vortmeier; Thomas Zeume,2021,https://doi.org/10.46298/lmcs-17(4:9)2021,https://lmcs.episciences.org/8717/pdf,"Logical Methods in Computer Science 17(4), article 9, published 16 November 2021. Sections 2–3; Theorems 1.1 and 1.4–1.5; Section 6, first open question."
Deterministic Partially Dynamic Single Source Shortest Paths in Weighted Graphs,"Bernstein, Aaron",2017,https://doi.org/10.4230/LIPIcs.ICALP.2017.44,https://drops.dagstuhl.de/storage/00lipics/lipics-vol080-icalp2017/LIPIcs.ICALP.2017.44/LIPIcs.ICALP.2017.44.pdf#page=2,"Introduction, page 44:2, “Related Work”: the saved rebuilding statement concerns fully dynamic SSSP. The preceding paragraphs define positive weighted undirected distances, one-sided approximation and constant query time; Theorem 1 concerns the separate decremental problem."
Deterministic Partially Dynamic Single Source Shortest Paths in Weighted Graphs — full version,Aaron Bernstein,2017,https://arxiv.org/abs/1705.10097,https://arxiv.org/pdf/1705.10097,Introduction and Theorem 1.1; full author version repeats the fully dynamic rebuilding passage and separately states the deterministic decremental result.
Dynamic Approximate Shortest Paths and Beyond: Subquadratic and Worst-Case Update Time,Jan van den Brand; Danupon Nanongkai,2019,https://arxiv.org/abs/1909.10850,https://arxiv.org/pdf/1909.10850,"FOCS 2019. Full author version: Problem 1.1, Theorem 1.5, Section 1.1 and footnote 6. Explicit single-source distance estimates, positive weighted directed graphs, Monte Carlo correctness against adaptive updates; introductory bounds hide a single log(W) factor. Theorem 5.8 gives the preprocessing dependence on inverse accuracy; its proof is single-source despite the incidental all-pairs wording in its statement."
Deterministic Fully Dynamic SSSP and More,"Jan van den Brand (Georgia Institute of Technology, USA), Adam Karczmarz (University of Warsaw and IDEAS NCBR, Poland)",2023,https://doi.org/10.1109/FOCS57990.2023.00142,https://ieee-focs.org/FOCS-2023-Papers/pdfs/FOCS2023-35YPEGokY3iqqos5xlCDsn/189400c312/189400c312.pdf#page=2,Open Problem 2
"Temporal Graphs: Structure, Algorithms, Applications",Eric Sanlaville,2021,https://doi.org/10.4230/DagRep.11.3.16,https://drops.dagstuhl.de/storage/04dagstuhl-reports/volume11/issue03/21171/DagRep.11.3.16/DagRep.11.3.16.pdf,"Seminar 21171 (2021), Section 4.4, printed pp. 34–36. Full temporal model, expanded graph sizes, capacity-independent comparison table and question asking to beat T^(5/2) read. The source table explicitly describes itself as incomplete."
"Max flows in O(nm) time, or better",James B. Orlin,2013,https://doi.org/10.1145/2488608.2488705,https://www.eecs.northwestern.edu/~haizhou/457/O(nm)MaxFlow.pdf,"STOC 2013, pp. 765–774; checked manuscript revised 25 July 2012. Abstract, introduction and Section 2 read. The strongly polynomial O(nm) bound combines Orlin’s sparse-graph result with the earlier King–Rao–Tarjan dense-graph result. Integer capacities may include infinity; finite rational capacities can be scaled without altering the arithmetic-operation bound."
New lower bounds for trace reconstruction,Zachary Chase,2021,https://www.math.kent.edu/~zchase/tr_lower.pdf,,"Annales de l’Institut Henri Poincaré, Probabilités et Statistiques 57(2), 627–643; arXiv:1905.03031; explicit fixed-error minimax formulation and lower bound"
New upper bounds for trace reconstruction,Zachary Chase,2020,https://arxiv.org/abs/2009.03296,,First preprint 7 September 2020; Theorem 1; STOC 2021 work presented as Separating words and trace reconstruction
Trace Reconstruction from Local Statistical Queries,Xi Chen; Anindya De; Chin Ho Lee; Rocco A. Servedio,2024,https://arxiv.org/abs/2407.11177,,RANDOM 2024 article 52; local SQ model restricts every queried function to consecutive trace positions
Near-Optimal Trace Reconstruction for Mildly Separated Strings,Anders Aamand; Allen Liu; Shyam Narayanan,2025,https://drops.dagstuhl.de/entities/document/10.4230/LIPIcs.ICALP.2025.3,,Published 30 June; inherited reference; polylogarithmic zero gaps and sufficiently small constant deletion probability
New Bounds for Circular Trace Reconstruction,Arnav Burudgunte; Paul Valiant; Hongao Wang,2026,https://drops.dagstuhl.de/entities/document/10.4230/LIPIcs.ITCS.2026.30,,"ITCS 2026; random cyclic shifts are additional noise, and the Ω̃(n⁵) lower bound is not for ordinary linear traces"
Quasipolynomial Trace Reconstruction,Arnav Burudgunte; Paul Valiant; Hongao Wang,2026,https://arxiv.org/abs/2607.04073,,"v1, submitted 5 July, PDF dated 7 July; main theorem and Section 1 discussion Run time vs. sample complexity; retention p=1−δ"
Edit Distance in Near-Linear Time: It’s a Constant Factor,Alexandr Andoni; Negev Shekel Nosatzki,2026,https://epubs.siam.org/doi/10.1137/21M1392322,,"Inherited DOI; SIAM Journal on Computing 55(4), 708–786; online 17 August 2026, print 31 August; FOCS 2020 precursor"
Edit Distance in Near-Linear Time: it’s a Constant Factor,Alexandr Andoni; Negev Shekel Nosatzki,2022,https://arxiv.org/abs/2005.07678,,"v2, 14 July 2022; abstract and Theorem 1.1; FOCS 2020 precursor"
Approximating Edit Distance in Near-Linear Time,Alexandr Andoni; Krzysztof Onak,2011,https://arxiv.org/abs/1109.5635,,"Posted 26 September 2011; STOC 2009 preliminary version, SIAM journal version 2012"
Constant factor approximations to edit distance on far input pairs in nearly linear time,Michal Koucký; Michael E. Saks,2019,https://arxiv.org/abs/1904.05459,,v2 dated 9 May 2019; STOC 2020; abstract states U≤R(ED+n^{1−ζ})
Approximating Edit Distance,Aviad Rubinstein,2018,https://theorydish.blog/2018/07/20/approximating-edit-distance/,,"Author’s research exposition, Open question 2; distinct from the updated constant-factor Open question 1"
Multiple Sequence Alignment — encyclopedia article,,,https://i.cs.hku.hk/~chin/paper/encycl_msa-1.pdf,https://i.cs.hku.hk/~chin/paper/encycl_msa-1.pdf,Open Problems
Some Open Problems in Computational Molecular Biology,,,https://profs.sci.univr.it/~rrizzi/classes/BioComp2003/homeworks/openProblems.pdf,https://profs.sci.univr.it/~rrizzi/classes/BioComp2003/homeworks/openProblems.pdf,Open problem 1
The Smallest Grammar Problem,"Moses Charikar, Eric Lehman, Ding Liu, Rina Panigrahy, Manoj Prabhakaran, Amit Sahai, and abhi shelat",2005,https://doi.org/10.1109/TIT.2005.850116,,"Definition, approximation algorithm, and inapproximability theorem"
On the Complexity of the Smallest Grammar Problem over Fixed Alphabets,"Katrin Casel, Henning Fernau, Serge Gaspers, Benjamin Gras, and Markus L. Schmid",2021,https://doi.org/10.1007/s00224-020-10013-w,https://hpi.de/friedrich/docs/publications/2021/TOCS.pdf,"Sections 1.3, 2.2, and 6.2; Open Problem 2; online 13 November 2020, journal volume 2021"
Low Distortion Embeddings for Edit Distance,Rafail Ostrovsky; Yuval Rabani,2005,https://doi.org/10.1145/1060590.1060623,,Main embedding theorem and the remaining distortion gap.
A Tight Cycle-Cover Inequality for Shortest Common Superstring,Nikolai Chukhin; Alexander S. Kulikov; Ivan Mihajlin; Alexander Smal,2026,https://eccc.weizmann.ac.il/report/2026/157/,,Introduction and main approximation guarantee.
Disproving the Greedy Superstring Conjecture,Hiroki Shibata,2026,https://arxiv.org/abs/2609.01365,,Abstract and main counterexample claim.
Balancing Straight-Line Programs,"Moses Ganardi, Artur Jeż, and Markus Lohrey",2019,https://arxiv.org/abs/1902.03568,,FOCS 2019; JACM 2021; main balancing theorem
Random Access to LZ-End: Faster and Deterministic,Itai Boneh and Paweł Gawrychowski,2026,https://arxiv.org/abs/2607.14923,,Introduction and main random-access theorem
"Pattern matching in Lempel-Ziv compressed strings: fast, simple, and deterministic",Paweł Gawrychowski,2011,https://arxiv.org/abs/1104.4203,,"Preliminaries, Lemma 8, and Theorem 5"
Pattern Matching on Grammar-Compressed Strings in Linear Time,Moses Ganardi and Paweł Gawrychowski,2021,https://arxiv.org/abs/2111.05016,,Main theorem; grammar-input decision problem
Space-Efficient SLP Encoding for \(O(\log  N)\)-Time Random Access,Akito Takasaka; Tomohiro I,2026,https://doi.org/10.1007/s00224-025-10243-w,,Theorem 1 and the following discussion of expansion-length space
Random Access in Grammar-Compressed Strings: Optimal Trade-Offs in Almost All Parameter Regimes,Anouk Duyster; Tomasz Kociumaka,2026,https://doi.org/10.4230/LIPIcs.ICALP.2026.86,,Theorems 1.1–1.2; translate their string length n and grammar size g to N and g here
Entropy Lower Bounds for Dictionary Compression,"Gańczorz, Michał",2019,https://doi.org/10.4230/LIPIcs.CPM.2019.11,https://drops.dagstuhl.de/storage/00lipics/lipics-vol128-cpm2019/LIPIcs.CPM.2019.11/LIPIcs.CPM.2019.11.pdf#page=13,Unresolved-question passage on page 13
Faster Algorithms for Bounded Tree Edit Distance,"Akmal, Shyan; Jin, Ce",2021,https://doi.org/10.4230/LIPIcs.ICALP.2021.12,https://drops.dagstuhl.de/storage/00lipics/lipics-vol198-icalp2021/LIPIcs.ICALP.2021.12/LIPIcs.ICALP.2021.12.pdf#page=12,Unresolved-question passage on page 12
Indexing Highly Repetitive String Collections,Gonzalo Navarro,2021,https://arxiv.org/abs/2004.02781,https://arxiv.org/pdf/2004.02781#page=23,"§3.9, string attractors; also pp.24–25; PDF page 23"
Improved Truthful Mechanisms for Combinatorial Auctions with Submodular Bidders,Sepehr Assadi; Sahil Singla,2025,https://epubs.siam.org/doi/10.1137/20M1316068,,"FOCS 2019 result; journal online 14 February 2023, collected in SIAM Journal on Computing 54(4), August 2025; O((log log m)³) universal guarantee; inherited source"
On the Power of Randomization in Algorithmic Mechanism Design,Shahar Dobzinski; Shaddin Dughmi,2009,https://theory.stanford.edu/~shaddin/papers/randompower-focs09.pdf,,FOCS 2009; introduction defines the two randomized truthfulness notions; separation concerns restricted multi-unit auctions; inherited source
An Impossibility Result for Truthful Combinatorial Auctions with Submodular Valuations,Shahar Dobzinski,2011,https://arxiv.org/abs/1011.1830,,"Preprint 8 November 2010; STOC 2011, pp. 139–148; lower bound expressly restricted to value queries"
Improved Truthful Mechanisms for Subadditive Combinatorial Auctions: Breaking the Logarithmic Barrier,Sepehr Assadi; Thomas Kesselheim; Sahil Singla,2021,https://arxiv.org/abs/2010.01420,,"v1, 3 October 2020; SODA 2021, pp. 653–661; Sections 1–2 define the model; Theorem 2 gives the improved squared-log-log factor for submodular and XOS bidders"
The Communication Complexity of Combinatorial Auctions in Graphs,George Christodoulou; Elias Koutsoupias; Annamária Kovács; Ioannis Vlachos,2026,https://drops.dagstuhl.de/entities/document/10.4230/LIPIcs.STACS.2026.27,,Published 25 February; introduction and Section 1.2 discuss general communication complexity; Corollary 22 is the factor-two truthful subadditive mechanism with two eligible bidders per item
Problem 3: Does EFX always exist?,,2026,https://tcsopenproblems.com/problem/3,,Problem 3
Fair Division of Indivisible Goods: A Survey,Georgios Amanatidis; Georgios Birmpas; Aris Filos-Ratsikas; Alexandros A. Voudouris,2022,https://arxiv.org/abs/2202.07551,https://www.cs.toronto.edu/~nisarg/teaching/2556s22/papers/fair-division-survey.pdf#page=8,Open Problem 8; PDF page 8
EFX Exists for Three Agents,Bhaskar Ray Chaudhury; Jugal Garg; Kurt Mehlhorn,2020,https://arxiv.org/abs/2002.05119,,Complete existence for three agents with additive valuations; EC 2020
Almost Full EFX Exists for Four Agents,Ben Berger; Avi Cohen; Michal Feldman; Amos Fiat,2022,https://ojs.aaai.org/index.php/AAAI/article/view/20410,,AAAI 2022: at most one unallocated good for four additive agents
Complete EFX Allocations Exist for Four Additive Agents and Up to Nine Goods,Eyad Alkassar; Mahmoud Fouz; Kurt Mehlhorn,2026,https://arxiv.org/abs/2608.08590v1,,"9 August 2026, Definition 1 and Theorem 1: complete EFX₀ for four agents and m≤9; computational certificate corpus not independently checked here"
Counterexamples to EFX for Submodular and Subadditive Valuations,Simon Mackenzie; Mashbat Suzuki,2026,https://arxiv.org/abs/2605.06451,,"May 2026: three agents, eight goods, nonadditive valuations; does not refute additive existence"
On Allocating Goods to Maximize Fairness,Deeparnab Chakrabarty; Julia Chuzhoy; Sanjeev Khanna,2009,https://www.cs.dartmouth.edu/~deepc/PUBS/CCK-full.pdf,,"Full manuscript dated 23 September 2009; FOCS 2009 precursor; abstract and introduction state the approximation–time tradeoff and general configuration-LP gap. Their n denotes items and m agents, opposite to this card."
The Submodular Santa Claus Problem,Étienne Bamas; Sarah Morell; Lars Rohwedder,2025,https://arxiv.org/abs/2407.04824,,"v1, 5 July 2024; SODA 2025, pp. 616–640; introduction retains the general additive constant-factor question and states the extension to submodular values"
"Improved Integrality Gap in Max–Min Allocation, or, Topology at the North Pole",Penny Haxell; Tibor Szabó,2025,https://link.springer.com/article/10.1007/s00493-025-00141-7,,"Published 27 March; Combinatorica 45, Article 22; restricted-assignment model, 3.534 gap theorem, and distinction between estimation and constructive approximation"
Submodular Max-Min Allocation under Identical Valuations,Kimon Boehmer,2026,https://arxiv.org/abs/2604.12417,,"v1, 14 April; SWAT 2026 paper; 0.4 approximation assumes the same valuation function for every player"
A proof of the Nisan–Ronen conjecture,George Christodoulou; Elias Koutsoupias; Annamária Kovács,2023,https://arxiv.org/abs/2301.11905,,"v1, 27 January 2023; Theorem 1 and §1.1; source uses n machines and m jobs, the reverse of this card; same work as the inherited Oxford repository reference"
A Proof of the Nisan–Ronen Conjecture,George Christodoulou; Elias Koutsoupias; Annamária Kovács,2026,https://doi.org/10.1145/3785408,,"Journal of the ACM 73(1), 1–43; publisher-deposited metadata: online 11 February 2026, issue 28 February 2026; deterministic theorem"
Setting Lower Bounds on Truthfulness,Ahuva Mu’alem; Michael Schapira,2017,https://arxiv.org/abs/1507.08708,,"SODA 2007 precursor; checked v3, 14 February 2017; §3.4, Theorem 4 proves 2−1/m for truthfulness in expectation without computational assumptions"
Randomized Truthful Mechanisms for Scheduling Unrelated Machines,Pinyan Lu; Changyuan Yu,2008,https://link.springer.com/chapter/10.1007/978-3-540-92185-1_46,,"WINE 2008, LNCS 5385, 402–413; general (m+5)/2 truthful-in-expectation upper bound; (m+1)/2 lower bound is for task-independent mechanisms"
An Improved Randomized Truthful Mechanism for Scheduling Unrelated Machines,Pinyan Lu; Changyuan Yu,2008,https://drops.dagstuhl.de/entities/document/10.4230/LIPIcs.STACS.2008.1314,,"STACS 2008, 527–538; universally truthful 1.6737 two-machine mechanism and extension to general machine count"
New Bounds for Truthful Scheduling on Two Unrelated Selfish Machines,Olga Kuryatnikova; Juan C. Vera,2020,https://link.springer.com/article/10.1007/s00224-019-09927-x,,"First published 30 May 2019; Theory of Computing Systems 64, 199–226; randomized monotone scale-free algorithms; almost tight 1.505996 value concerns two jobs and two machines"
A proof of the Nisan–Ronen conjecture — Oxford repository copy,George Christodoulou; Elias Koutsoupias; Annamária Kovács,2023,https://ora.ox.ac.uk/objects/uuid%3A814fc511-99e2-47cb-b06a-f472630996dc/files/r9593tw016,,Inherited source URL retained; Theorem 1 and §1.1; arXiv copy used for the full-text review
Envy-free cake cutting: a polynomial number of queries with high probability,Guillaume Chèze,2026,https://link.springer.com/article/10.1007/s00355-025-01633-7,,"Inherited reference; Social Choice and Welfare 67, 1–20; online 26 September 2025. Abstract specifies probability over the uniform full-independence valuation model"
Thou Shalt Covet Thy Neighbor’s Cake,Ariel D. Procaccia,2009,https://www.cs.umd.edu/~gasarch/TOPICS/cake/lbenvyfreesq.pdf,,"IJCAI 2009, 239–244; Ω(n²) Robertson–Webb query lower bound"
A Discrete and Bounded Envy-Free Cake Cutting Protocol for Any Number of Agents,Haris Aziz and Simon Mackenzie,2016,https://arxiv.org/abs/1604.03655,,"Author version v12, 27 August 2017, of FOCS 2016 work. Full abstract, Introduction results and Robertson–Webb model paragraphs read. Distinguishes complete allocation, partial exact-proportional allocation, and connected partial allocation with only a 1/(3n) share guarantee."
An Exponential Envy-Free Cake Cutting Protocol for n Agents,Georgy Sokolov,2023,https://arxiv.org/abs/2306.03854,,"Preprint dated 6 June 2023, in Russian; English abstract gives n^{8n²(1+o(1))}; also described in Ye–Bai §1.1"
Cutting Down the Tower: Single-Exponential Envy-Free Cake Cutting,Qilin Ye and Yannan Bai,2026,https://arxiv.org/abs/2609.05191,,"4 September 2026 preprint. Full abstract, Introduction through Theorem 1.1, and §2 read; reports a deterministic complete-allocation n^{O(1)}2^n Robertson–Webb query bound for nonatomic additive valuations. Proofs not independently verified. Its output may be disconnected."
The Query Complexity of Cake Cutting,Simina Brânzei; Noam Nisan,2022,https://proceedings.neurips.cc/paper_files/paper/2022/file/f7a7bb369e48f10e85fce85b67d8c516-Paper-Conference.pdf,,"NeurIPS 2022; introduction distinguishes exact, approximate, proportional, connected and fragmented allocation models"
Metric Distortion for Tournament Voting and Beyond,"Moses Charikar, Prasanna Ramakrishnan, Zihan Tan and Kangning Wang",2025,https://arxiv.org/abs/2505.13630,,"EC 2025 full version, 19 May 2025. Introduction distinguishes unrestricted ranked voting from tournament rules and records the then-current gap; its status numbers are superseded by 2026 work."
Metric Distortion Bounds for Randomized Social Choice,Moses Charikar and Prasanna Ramakrishnan,2022,https://arxiv.org/abs/2111.03694,,"November 2021 preprint / SODA 2022. General lower bound approaching approximately 2.11264 with growing candidate count, disproving the former value-2 conjecture."
An improved bound for the randomized metric distortion problem,Fabian Frank,2026,https://arxiv.org/abs/2608.17863,,18 August 2026 abstract: a 5/2 upper bound for unrestricted randomized ranked voting.
Improving Randomized Metric Distortion to 2.1441,Nisarg Shah,2026,https://arxiv.org/abs/2608.29308v2,,"Revision 2, 6 September 2026; full introduction and main-result statements. Upper bound 2.1441 replaces the initial 2.3282 bound. Its lower bound 2.136 is for the random-size-stable-lottery family, not all voting rules."
Stable Voting Rules on the Edge of Optimal Metric Distortion,"Ziyi Cai, Moses Charikar, Jabari Hastings, Prasanna Ramakrishnan, Kangning Wang and Qilin Ye",2026,https://arxiv.org/abs/2609.08259v1,,"8 September 2026 preprint; §2 defines strict rankings, consistent pseudometrics and expected social cost. Theorem 1 states the 2.13713 general upper bound. Introduction and theorem/model statements checked; the proof and numerical certificate were not independently audited."
EF2X Exists for Four Agents,Arash Ashuri; Vasilis Gkatzelis; Alkmini Sgouritsa,2025,https://ojs.aaai.org/index.php/AAAI/article/view/33480,,"AAAI 2025 article. Publisher abstract and arXiv revision 2, 19 April 2025, abstract and Introduction read at https://arxiv.org/html/2412.00254v2. Explicitly contrasts polynomial-time EF2X for three agents with only pseudopolynomial known algorithms for EFX. Publisher PDF download failed."
Wikipedia: Envy-freeness up to any item,Wikipedia contributors,,https://en.wikipedia.org/wiki/Envy-freeness_up_to_any_item,,Discovery source; retrieved 2026-09-11. Evidence locator: Improving beyond
Wikipedia revision used for discovery,Wikipedia contributors,,https://en.wikipedia.org/w/index.php?oldid=1372135748,,Revision timestamp: 2026-08-30T14:50:33Z
EFX Exists for Three Agents,"Bhaskar Ray Chaudhury, Jugal Garg and Kurt Mehlhorn",2020,https://arxiv.org/abs/2002.05119v3,,"Revision 3, 30 May 2020; EC 2020 result, subsequently cited as a 2024 journal paper. Full Introduction, §2 definitions and perturbation Lemma 1, and §6 conclusion read. EFX removes every good, including zero-valued goods; construction is pseudopolynomial."
Approximate Envy-Free Allocations up to any k Goods,"Aris Filos-Ratsikas, Georgios Kalantzis and Fangxiao Wang",2026,https://arxiv.org/abs/2605.10371v1,,"11 May 2026 preprint. Full Introduction, Definition 2.1 and Theorem 3.7 read. Still describes about 0.618 as the best general EFX guarantee and reports 2/3-EFX for up to eight agents. Its results for removal of k≥2 goods have a different fairness requirement. Proofs not independently audited."
Fair division of indivisible goods: Recent progress and open questions,"Georgios Amanatidis, Haris Aziz, Georgios Birmpas, Aris Filos-Ratsikas, Bo Li, Hervé Moulin, Alexandros A. Voudouris and Xiaowei Wu",2023,https://doi.org/10.1016/j.artint.2023.103965,,"Artificial Intelligence 322 (2023), 103965. Full author-repository text read: §2 Definition 4 and §4.2 Definition 8, Theorem 5 and Open Problem 3. https://repository.essex.ac.uk/35830/1/1-s2.0-S000437022300111X-main.pdf. The survey asks the existence question; this card preserves the imported additional polynomial-time requirement."
Multiple Birds with One Stone: Beating \(1/2\) for EFX and GMMS via Envy Cycle Elimination,"Georgios Amanatidis, Evangelos Markakis and Apostolos Ntokos",2020,https://arxiv.org/abs/1909.07650v2,,"Theoretical Computer Science 841 (2020), 94–109; DOI 10.1016/j.tcs.2020.07.006. March 2021 arXiv revision read: §2, Definition 2.2 and footnote 1 explicitly include zero-valued goods; §3 polynomial runtime and §4.1 Theorem 4.4 give the golden-ratio guarantee. Author order follows the PDF."
How to Fairly Allocate Easy and Difficult Chores,Soroush Ebadian; Dominik Peters; Nisarg Shah,2021,https://arxiv.org/abs/2110.11285,,"Original 2021 preprint; 3 February 2022 revision read, abstract and Introduction §1.2. Exact MMS results concern restricted easy/difficult or weakly lexicographic costs, not arbitrary additive chores."
Wikipedia: List of unsolved problems in fair division,Wikipedia contributors,,https://en.wikipedia.org/wiki/List_of_unsolved_problems_in_fair_division,,Discovery source; retrieved 2026-09-11. Evidence locator: additive negative valuations
Wikipedia revision used for discovery,Wikipedia contributors,,https://en.wikipedia.org/w/index.php?oldid=1360704274,,Revision timestamp: 2026-06-23T02:35:10Z
A tight negative example for MMS fair allocations,"Uriel Feige, Ariel Sapir and Laliv Tauber",2021,https://arxiv.org/abs/2104.04977v2,,"WINE 2021; October 2021 revision. Abstract, Theorem 5 and §6 read: three agents, nine chores, minimax share 43 for each agent, and cost at least 44 for someone in every allocation. Section 6 gives the cost tables and refers to the §2 analysis; proof not independently audited."
A Reduction from Chores Allocation to Job Scheduling,Xin Huang and Erel Segal-Halevi,2023,https://arxiv.org/abs/2302.04581v4,,"Full version of EC 2023 paper, revision 2 September 2024. Abstract, Introduction Theorems 1–2 and the MMS/FFD definitions read. Universal existence factor 13/11; efficient approximation with an additional accuracy loss is a separate result."
Improved Maximin Share Approximations for Chores by Bin Packing,"Jugal Garg, Xin Huang and Erel Segal-Halevi",2025,https://ojs.aaai.org/index.php/AAAI/article/view/33518,,"AAAI 39(13), 13881–13888; DOI 10.1609/aaai.v39i13.33518. Publisher abstract read. The 15/13 multiplicative guarantee is for personalized bivalued costs; the general improvement is an ordinal MMS guarantee."
Comparison-Based Fair Division of Indivisible Chores,"Zehan Lin, Shengxin Liu, Biaoshuai Tao and Shengwei Zhou",2026,https://arxiv.org/abs/2609.08687v1,,"8 September 2026 preprint. Abstract and Introduction §1.1, Result 2 read. Still identifies 13/11 as the general cardinal-information frontier; its query result fixes the number of agents and permits an additional ε loss. Proofs not independently audited."
Fair Division of Indivisible Goods: A Survey,Georgios Amanatidis; Georgios Birmpas; Aris Filos-Ratsikas; Alexandros A. Voudouris,2022,https://www.cs.toronto.edu/~nisarg/teaching/2556s22/papers/fair-division-survey.pdf,https://www.cs.toronto.edu/~nisarg/teaching/2556s22/papers/fair-division-survey.pdf#page=8,Open Problem 8; PDF page 8
Waste Makes Haste,Erel Segal-Halevi; Avinatan Hassidim; Yonatan Aumann,2016,https://doi.org/10.1145/2988232,,"December 2016 journal manuscript. Full abstract, §1.1 Theorems 1–4, §1.2.1, §1.2.5 and §2 read. Uses absolutely continuous normalized valuations. Three-agent connected proportional result; four-agent connected guarantee 1/7; separate disconnected and approximate-proportional results."
Wikipedia: Envy-free cake-cutting,Wikipedia contributors,,https://en.wikipedia.org/wiki/Envy-free_cake-cutting,,Discovery source; retrieved 2026-09-11. Evidence locator: four or more partners with connected
Wikipedia revision used for discovery,Wikipedia contributors,,https://en.wikipedia.org/w/index.php?oldid=1340279579,,Revision timestamp: 2026-02-24T21:34:59Z
Waste Makes Haste: Bounded Time Protocols for Envy-Free Cake Cutting with Free Disposal,"Erel Segal-Halevi, Avinatan Hassidim and Yonatan Aumann",2016,https://arxiv.org/abs/1511.02599,,"December 2016 journal manuscript. Full abstract, §1.1 Theorems 1–4, §1.2.1, §1.2.5 and §2 read. Uses absolutely continuous normalized valuations. Three-agent connected proportional result; four-agent connected guarantee 1/7; separate disconnected and approximate-proportional results."
Envy-Free Cake Divisions Cannot Be Found by Finite Protocols,Walter Stromquist,2008,https://www.cs.umd.edu/~gasarch/TOPICS/cake/lbenvyfree.pdf,,"Electronic Journal of Combinatorics 15(1), R11, published 7 January 2008. Abstract and §§1–2 read in full. Impossibility concerns complete connected allocations; distinguishes queried marks from final physical cuts, and finite termination from a uniform query bound."
TCS Open Problems,,2026,https://tcsopenproblems.com/problem/4,,Problem 4
Mixed Fair Division: A Survey,Shengxin Liu; Xinhang Lu; Mashbat Suzuki; Toby Walsh,2024,https://arxiv.org/abs/2306.09564,https://arxiv.org/pdf/2306.09564#page=10,"arXiv:2306.09564v4, 12 August 2024: Section 2.2, Definition 3.3, Section 4.1 and Open Question 1 on printed p. 10 read. This extended-version question is EF1 existence for arbitrary utilities; question numbering in the shorter AAAI version differs. The normalization uᵢ(∅)=0 and the choice of one removal from either compared bundle are explicit."
Approximately Envy-free and Equitable Allocations of Indivisible Items for Non-monotone Valuations,"Vittorio Bilò, Martin Loebl, Cosimo Vinci",2026,https://doi.org/10.1609/aaai.v40i20.38712,https://kam.mff.cuni.cz/~loebl/clanky/cosimo.pdf,"AAAI 2026, 40(20), pp. 16700–16708, published 14 March 2026. Publisher abstract and author PDF arXiv:2503.05695v2 (8 October 2025), abstract, introduction’s results and Section 2 EF1/EF1_g^c definitions read. The latter allows up to one removal from each bundle, and the stated existence results assume nonnegative or nonpositive integer valuations. These differ from arbitrary-real one-item EF1."
Equilibrium Computation,,2014,https://doi.org/10.4230/DagRep.4.8.73,https://drops.dagstuhl.de/storage/04dagstuhl-reports/volume04/issue08/DagRep.4.8/DagRep.4.8.pdf#page=89,"Seminar 14342, section 4.2; Savani: network coordination"
Automata Exchange,Antonio Casares,2024,https://automata.exchange/24.02-positional-nash-equilibria/,,24.2
Stable Hypergraph Matching in Unimodular Hypergraphs,"Biró, Péter; Csáji, Gergely; Schlotter, Ildikó",2025,https://doi.org/10.4230/LIPIcs.ICALP.2025.31,https://drops.dagstuhl.de/storage/00lipics/lipics-vol334-icalp2025/LIPIcs.ICALP.2025.31/LIPIcs.ICALP.2025.31.pdf#page=19,"Sections 2.1–2.2, Definitions 4–5, Table 1 and the main open question in Section 6 on p. 31:19. Target is an arbitrary stable matching in a unimodular hypergraph, with strict preferences and capacity one."
Polynomial-time Stable Matching in Network Hypergraphs,"Karthekeyan Chandrasekaran, Krishna Kalathur",2026,https://arxiv.org/abs/2608.24728,,"Preprint v1, 25 August 2026. Introduction, Theorem 1.1, model and family-containment discussion read on 12 September 2026. The network subclass is addressed; general unimodular hypergraphs remain outside the theorem."
The Complexity of Infinite-Horizon General-Sum Stochastic Games,"Jin, Yujia; Muthukumar, Vidya; Sidford, Aaron",2023,https://doi.org/10.4230/LIPIcs.ITCS.2023.76,https://drops.dagstuhl.de/storage/00lipics/lipics-vol251-itcs2023/LIPIcs.ITCS.2023.76/LIPIcs.ITCS.2023.76.pdf#page=16,Unresolved-question passage on page 16; PDF page 16
Mixed Nash Equilibria in Concurrent Terminal-Reward Games,"Bouyer, Patricia; Markey, Nicolas; Stan, Daniel",2014,https://doi.org/10.4230/LIPIcs.FSTTCS.2014.351,https://drops.dagstuhl.de/storage/00lipics/lipics-vol029-fsttcs2014/LIPIcs.FSTTCS.2014.351/LIPIcs.FSTTCS.2014.351.pdf#page=12,"Definitions 1–4: game, state-history strategies and expected terminal payoff; Lemma 9 and Section 7: negative rewards and the open nonnegative two-player case."
Stochastic Equilibria under Imprecise Deviations in Terminal-Reward Concurrent Games,Patricia Bouyer; Nicolas Markey; Daniel Stan,2016,https://doi.org/10.4204/EPTCS.226.5,https://cgi.cse.unsw.edu.au/~eptcs/paper.cgi?GandALF2016.5.pdf,"GandALF 2016, EPTCS 226:61–75. Introduction retains the open two-player nonnegative case, even with binary terminal rewards. Definition 6 and Theorem 7 concern a different, relaxed equilibrium concept."
Algorithmic Game Theory,Noam Nisan; Tim Roughgarden; Éva Tardos; Vijay V. Vazirani (editors),2007,https://www.cs.cmu.edu/~sandholm/cs15-892F13/algorithmic-game-theory.pdf,https://www.cs.cmu.edu/~sandholm/cs15-892F13/algorithmic-game-theory.pdf#page=348,§12.5; PDF page 348
On the Welfare of Cardinal Voting Mechanisms,"Bhaskar, Umang; Ghosh, Abheek",2018,https://doi.org/10.4230/LIPIcs.FSTTCS.2018.27,https://drops.dagstuhl.de/storage/00lipics/lipics-vol122-fsttcs2018/LIPIcs.FSTTCS.2018.27/LIPIcs.FSTTCS.2018.27.pdf#page=4,"Introduction, p. 27:4, the extracted question and its affirmative answer; Section 2, strict unit-sum utilities and Definitions 1–3; Section 3.2, Theorem 15 and the two examples on pp. 27:11–27:12. Published 5 December 2018."
Gaussian elimination is not optimal,Volker Strassen,1969,https://doi.org/10.1007/BF02165411,,"Numerische Mathematik 13, 354–356; recursive seven-product construction"
Limits on the Universal Method for Matrix Multiplication,Josh Alman,2018,https://arxiv.org/abs/1812.08731,,Abstract and main universal-method barrier; published at CCC 2019
More Asymmetry Yields Faster Matrix Multiplication,Josh Alman; Ran Duan; Virginia Vassilevska Williams; Yinzhan Xu; Zixuan Xu; Renfei Zhou,2025,https://doi.org/10.1137/1.9781611978322.63,,"SODA 2025 version, bound 2.371339"
Improving the matrix multiplication exponent with modern optimization and AlphaEvolve,Emilien Dupont; Marvin Eisenberger; Borislav Kozlovskii; Abbas Mehrabian; Francisco J. R. Ruiz; Abigail See; Renfei Zhou; Josh Alman; Virginia Vassilevska Williams; Matej Balog,2026,https://arxiv.org/abs/2608.16884v1,,"Submitted 17 August 2026; Sections 1, 4, and 5"
More Asymmetry Yields Faster Matrix Multiplication — August 2026 revision,Josh Alman; Ran Duan; Virginia Vassilevska Williams; Yinzhan Xu; Zixuan Xu; Renfei Zhou,2026,https://arxiv.org/abs/2404.16349v3,,"Version 3, 19 August 2026, revised abstract and bound"
A Lower Bound on Determinantal Complexity,Mrinal Kumar; Ben Lee Volk,2021,https://drops.dagstuhl.de/entities/document/10.4230/LIPIcs.CCC.2021.4,,"CCC 2021, 4:1–4:12; §§1.1–1.2, including the footnote distinguishing full VP lower bounds from polynomial determinantal bounds"
A quadratic bound for the determinant and permanent problem,Thierry Mignon; Nicolas Ressayre,2004,https://math.univ-lyon1.fr/~ressayre/PDFs/permdet.pdf,,"International Mathematics Research Notices 2004(79), 4241–4253; DOI 10.1155/S1073792804142566; complex-field n²/2 bound"
Permanent v. determinant: An exponential lower bound assuming symmetry and a potential path towards Valiant’s conjecture,Joseph M. Landsberg; Nicolas Ressayre,2017,https://doi.org/10.1016/j.difgeo.2017.03.017,,"Differential Geometry and its Applications 55, 146–166; Grenet representation and equivariant restrictions; author preprint arXiv:1508.05788"
The Algebraic Cost of a Boolean Sum,Ian Orzel; Srikanth Srinivasan; Sébastien Tavenas; Amir Yehudayoff,2025,https://doi.org/10.4230/LIPIcs.FSTTCS.2025.47,,"FSTTCS 2025, Article 47; §1 and Theorem 6; a fixed-additive-cost Boolean-summation distinction, not a general superpolynomial bound"
Bounds on determinantal complexity of two types of generalized permanents,Tristram Bogart; Juan Andrés Valero,2026,https://www.sciencedirect.com/science/article/pii/S0304397526001210,,"Theoretical Computer Science 1071, 115862; introduction, ordinary-permanent status; preprint arXiv:2202.13016 from 2022"
On the intractability of Hilbert’s Nullstellensatz and an algebraic version of “\(\mathrm{NP}\ne \mathrm{P}\)?”,Michael Shub; Steve Smale,1995,https://doi.org/10.1215/S0012-7094-95-08105-8,,"Duke Mathematical Journal 81(1), 47–54; connection between integer straight-line computations and algebraic complexity"
A Direct Ultrametric Approach to Additive Complexity and the Shub-Smale Tau Conjecture,J. Maurice Rojas,2003,https://arxiv.org/abs/math/0304100v2,,"9 April 2003 arXiv version; Definition 1, conjecture, Theorem 1 (digit reduction), Definition 2 and Theorem 3 (additive complexity)"
"Semialgebraic Proofs, IPS Lower Bounds, and the \(\tau\)-Conjecture: Can a Natural Number be Negative?",Yaroslav Alekseev; Dima Grigoriev; Edward A. Hirsch; Iddo Tzameret,2024,https://doi.org/10.1137/20M1374523,,"SIAM Journal on Computing 53(3), 648–700; §2.3, Theorem 2.2 and §3.2; distinguish the related hypothesis about nonzero multiples of factorials"
The bottom of the Shub-Smale tau conjecture: an exact census of integer roots for constant-free straight-line programs of length at most eight,Felipe Santibañez-Leal,2026,https://zenodo.org/records/22035884,,"20 August 2026, version 0.03; author-reported finite computation, free constants −1,0,1; no asymptotic claim"
A primer on the closure of algebraic complexity classes under factoring,C. S. Bhargav; Prateek Dwivedi; Nitin Saxena,2026,https://eccc.weizmann.ac.il/report/2025/083/revision/1/download/,,"Revision 1, 12 June; Definition 7.2, Remark 7.3 and printed page 54 explicitly retain the determinant-formula problem"
Homogeneous Algebraic Complexity Theory and Algebraic Formulas,Pranjal Dutta; Fulvio Gesmundo; Christian Ikenmeyer; Gorav Jindal; Vladimir Lysikov,2024,https://drops.dagstuhl.de/entities/document/10.4230/LIPIcs.ITCS.2024.43,,"ITCS 2024, 43:1–43:23; §§2 and 6 review quasipolynomial equivalence; reference 35 is the classical depth-reduction theorem"
Factorization of Polynomials Given by Arithmetic Branching Programs,Amit Sinhababu; Thomas Thierauf,2021,https://doi.org/10.1007/s00037-021-00215-0,,"Computational Complexity 30, article 15, published 15 October 2021; Theorem 4.1, characteristic-zero factor closure; CCC 2020 precursor"
Lower Bounds in Algebraic Complexity via Symmetry and Homomorphism Polynomials,Prateek Dwivedi; Benedikt Pago; Tim Seppelt,2026,https://arxiv.org/abs/2601.09343,,"Preprint 14 January; STOC 2026, pp. 631–640, DOI 10.1145/3798129.3800779; introduction explains orbit-size symmetric classes, denoted symVS in the conference version"
Multilinear Algebraic Branching Programs and the Min-Partition Rank Method,"Théo Borém Fabris, Nutan Limaye, Srikanth Srinivasan, Amir Yehudayoff",2026,https://eccc.weizmann.ac.il/report/2026/001/,,"ECCC TR26-001, 1 January 2026: introduction and model definitions read. Recounts the general VF ⊆ VBP ⊆ VP hierarchy and the known separation restricted to syntactically multilinear computation."
Completeness Classes in Algebra,Leslie G. Valiant,1979,https://doi.org/10.1145/800135.804419,,"STOC 1979, pp. 249–261; historical foundation of algebraic completeness; modern circuit-class formulation in the cited book"
Superpolynomial Lower Bounds Against Low-Depth Algebraic Circuits,Nutan Limaye; Srikanth Srinivasan; Sébastien Tavenas,2021,https://eccc.weizmann.ac.il/report/2021/081/,,"Revision 1, 6 July 2021; FOCS 2021, held February 2022; DOI 10.1109/FOCS52979.2021.00083"
Arithmetic circuit lower bounds from sumset expansion,Anand Kumar Narayanan,2026,https://eccc.weizmann.ac.il/report/2026/138/,,"Submitted 8 July, published 9 August 2026; Sections 1.1–1.4 and Theorems 1–3"
On computing the determinant in small parallel time using a small number of processors,Stuart J. Berkowitz,1984,https://www.sciencedirect.com/science/article/pii/0020019084900188,,"Information Processing Letters 18(3), 147–150; division-free circuits over commutative rings, size polynomial and depth O(log² n)"
A Lower Bound for the Formula Size of Rational Functions,K. A. Kalorkoti,1985,https://epubs.siam.org/doi/10.1137/0214050,,"SIAM Journal on Computing 14(3), 678–687; Ω(n³) for n by n determinant; the publisher’s 2006 online date is not the publication year"
Multi-Linear Formulas for Permanent and Determinant are of Super-Polynomial Size,Ran Raz,2003,https://eccc.weizmann.ac.il/report/2003/067/,,"TR03-067, posted 9 September 2003; Sections 1–1.2 define intermediate multilinearity and distinguish it from general formulas; journal version JACM 56(2), 2009"
Schur Polynomials do not have small formulas if the Determinant doesn’t!,Prasad Chaugule; Mrinal Kumar; Nutan Limaye; Chandra Kanta Mohapatra; Adrian She; Srikanth Srinivasan,2019,https://arxiv.org/abs/1911.12520,,"First preprint, 28 November; determinant-related conditional formula lower bounds for Schur and generalized Vandermonde families"
Multilinear Formula Lower Bounds for Sparse Determinants,Pruthvi Boyapati; Suryajith Chillara; Pratyush Vempati,2026,https://eccc.weizmann.ac.il/report/2026/090/,,"Submitted 30 May, posted 2 June; CCC 2026 article 33; existence of sparse matrices and restricted multilinear-formula lower bounds"
The word problem for one-relation monoids: a survey,Carl-Fredrik Nyberg-Brodda,2021,https://link.springer.com/article/10.1007/s00233-021-10216-8,,"Published 10 August; Semigroup Forum 103, 297–355; definitions, classical positive cases, compression and Adian’s procedure; read together with the 2022 correction; inherited source"
Correction to: The word problem for one-relation monoids: a survey,Carl-Fredrik Nyberg-Brodda,2022,https://link.springer.com/article/10.1007/s00233-022-10310-5,,"Published 7 September; Semigroup Forum 105, 834–838; items (8) and (10) correct nontermination terminology and the explicit problem’s historical attribution"
On the Dehn functions of a class of monadic one-relation monoids,Carl-Fredrik Nyberg-Brodda,2022,https://arxiv.org/abs/2210.16123,,"v1, 28 October; Theorem 1 gives exponential Dehn functions for ⟨a,b | baa(ba)^N=a⟩; Theorem 2 proves decidability for these examples"
The word problem for two-generator one-relator inverse monoids,Robert D. Gray; Catherine Reilly,2026,https://arxiv.org/abs/2608.04650,,"Posted 5 August 2026; inverse-monoid word problem and group prefix membership, not group conjugacy"
Deterministic polynomial factorisation modulo many primes,Daniel Altman,2025,https://arxiv.org/abs/2509.12705,,"Inherited reference; 16 September 2025; Theorem 1.1, comparison with earlier methods, and explicit statement that general deterministic polynomial time remains open even under GRH"
Factoring Polynomials Over Finite Fields: A Survey,Joachim von zur Gathen; Daniel Panario,2001,https://people.csail.mit.edu/dmoshkov/courses/codes/poly-factorization.pdf,,"Journal of Symbolic Computation 31, 3–17; §§2–4 describe complete factorization, deterministic preliminary stages, randomized splitting and irreducibility tests"
Deterministic polynomial factoring over finite fields: a uniform approach via P-schemes,Zeyu Guo,2020,https://zeyuguo.bitbucket.io/papers/pscheme.pdf,,"Journal of Symbolic Computation, DOI 10.1016/j.jsc.2019.02.011; inspected author manuscript dated 16 November 2019; §1.1 distinguishes unconditional, GRH quasipolynomial, and Galois-restricted bounds"
A number-theoretic conjecture implying faster algorithms for polynomial factorization and integer factorization,Chris Umans; Siki Wang,2025,https://arxiv.org/abs/2511.10851,,Posted 13 November 2025; conditional route below degree exponent 3/2 and a separate deterministic integer-factorization consequence
On Factorization of Sparse Polynomials of Bounded Individual Degree,"Aminadav Chuyoon, Amir Shpilka",2026,https://eccc.weizmann.ac.il/report/2026/036/,,"Abstract, Theorem 1.9 and Section 1.3 read. The bound poly(n,d!,s^d) depends on a bound d on the dividend’s individual degree; the unrestricted-individual-degree question is explicitly distinguished."
The theory of one-relator groups: history and recent progress,Marco Linton; Carl-Fredrik Nyberg-Brodda,2025,https://arxiv.org/abs/2501.18306,,"Inherited source; §§1.6.3 and 1.8.2, pages 52–54 and 69–71; torsion, center, and general torsion-free isomorphism"
Some aspects of one-relator groups,B. B. Newman,1968,https://researchonline.jcu.edu.au/58078/,,"PhD thesis, University College of Townsville; Chapter 3, Theorem 3.2.3"
One-relator groups with torsion are conjugacy separable,Ashot Minasyan; Pavel Zalesskii,2013,https://arxiv.org/abs/1211.0488,,2012 preprint; Journal of Algebra 382 (2013); Theorem 1.1
Undecidable Diophantine problems in generalisations of one-relator groups,Robert D. Gray; Alex Levine,2026,https://arxiv.org/abs/2605.30535,,Posted 28 May 2026; abstract distinguishes generalised groups and subgroup-constrained equations
Undecidability of the Diophantine problem for one-relator groups and one-relation monoids,Carl-Fredrik Nyberg-Brodda,2026,https://arxiv.org/abs/2608.01983,,Posted 3 August 2026; Theorem A and Baumslag–Gersten examples; a different decision problem
The isomorphism problem for all hyperbolic groups,François Dahmani; Vincent Guirardel,2011,https://arxiv.org/abs/1002.2590,,"Geometric and Functional Analysis 21(2), 223–300; v2, 31 December 2010; DOI 10.1007/s00039-011-0120-0"
Generic properties of Whitehead's Algorithm and isomorphism rigidity of random one-relator groups,Ilya Kapovich; Paul Schupp; Vladimir Shpilrain,2006,https://arxiv.org/abs/math/0303386,,"Pacific Journal of Mathematics 223(1), 113–140; generic rigidity and isomorphism consequences; DOI 10.2140/pjm.2006.223.113"
Small Cancellation Stability and Isomorphism Rigidity for Generic Finitely Presented Groups,Ilya Kapovich,2026,https://arxiv.org/abs/2608.17238,,Posted 18 August 2026; Theorem C and §§9–11; generic rather than all-input isomorphism algorithms
Integer multiplication in time \(O(n \log  n)\),David Harvey; Joris van der Hoeven,2021,https://doi.org/10.4007/annals.2021.193.2.4,,"Annals of Mathematics 193(2), pp. 563–617, 2021. Official publisher abstract specifies binary integers, O(n log n) bit operations and the multitape Turing model. The full paper was not fetched; the 2025 paper by the same authors independently states this bound."
Wikipedia: Multiplication algorithm,Wikipedia contributors,,https://en.wikipedia.org/wiki/Multiplication_algorithm,,Discovery source; retrieved 2026-09-11. Evidence locator: no matching algorithm
Wikipedia revision used for discovery,Wikipedia contributors,,https://en.wikipedia.org/w/index.php?oldid=1372948294,,Revision timestamp: 2026-09-03T03:29:52Z
Integer multiplication in time \(O(n \log  n)\): publisher abstract,David Harvey and Joris van der Hoeven,2021,https://annals.math.princeton.edu/2021/193-2/p04,,Abstract and publication history; published 3 March 2021.
Integer multiplication is at least as hard as matrix transposition,David Harvey and Joris van der Hoeven,2025,https://arxiv.org/abs/2503.22848,,"28 March 2025; full author PDF https://www.texmacs.org/joris/transpose/transpose.pdf, §§1.1–1.2 and Theorem 1.2. Individual fixed-machine costs; conditional transfer of a conjectured transposition lower bound. No unconditional superlinear lower bound."
Upper and lower bounds on the OBDD-width of a special integer multiplication,Tong Qin,2026,https://arxiv.org/abs/2608.30664,,31 August 2026 abstract: ordered binary decision diagram width for the middle product bit on a restricted input domain; a different cost model.
Asymptotic tensor rank is characterized by polynomials,Matthias Christandl; Koen Hoeberechts; Harold Nieuwboer; Péter Vrana; Jeroen Zuiddam,2024,https://arxiv.org/abs/2411.15789,,"Introduction, asymptotic rank conjecture; consult the displayed revision history for the later version."
Research reference · drops.dagstuhl.de,,2024,https://drops.dagstuhl.de/entities/document/10.4230/LIPIcs.FSTTCS.2024.4,,
The Division Barrier: Optimal Bounds and Structural Limits in Toom-Cook Interpolation,Roy Nissim; Oded Schwartz; Yuval Spiizer,2026,https://epubs.siam.org/doi/10.1137/1.9781611978971.190,,"SODA 2026, pp. 5241–5254. Publisher abstract and bibliographic metadata checked. The full PDF was inaccessible during this review; exact circuit conventions and Fourier lower-bound distinctions are grounded in the additional full sources, not inferred from this abstract."
Wikipedia: Fast Fourier transform,Wikipedia contributors,,https://en.wikipedia.org/wiki/Fast_Fourier_transform,,Discovery source; retrieved 2026-09-11. Evidence locator: lower bounds
Wikipedia revision used for discovery,Wikipedia contributors,,https://en.wikipedia.org/w/index.php?oldid=1371031345,,Revision timestamp: 2026-08-24T05:33:06Z
Lower Bounds on the Bounded Coefficient Complexity of Bilinear Maps,Peter Bürgisser and Martin Lotz,2004,https://arxiv.org/abs/cs/0301016,,"January 2003 preprint / JACM 51(3), 464–482 (2004). Full §1 and §2.1, Definitions 2.1–2.2: arithmetic and linear circuits, coefficient restriction and constant-factor linearization for linear maps."
A Lower Bound for Fourier Transform Computation in a Linear Model Over 2x2 Unitary Gates Using Matrix Entropy,Nir Ailon,2013,https://arxiv.org/abs/1305.4745,,"Full introduction, §2 and Theorem 2.1. The lower bound uses two-coordinate unitary gates and exactly n stored coordinates; it is not for unrestricted intermediate arithmetic."
"Paraunitary Matrices, Entropy, Algebraic Condition Number and Fourier Computation",Nir Ailon,2020,https://arxiv.org/abs/1609.03278v6,,"8 November 2018 revision, journal version TCS 2020. Full introduction and §§2–3 distinguish normalized DFT, Walsh–Hadamard transform, gate models and conditioning assumptions."
Research reference · drops.dagstuhl.de,,2026,https://drops.dagstuhl.de/entities/document/10.4230/LIPIcs.ICALP.2026.36,,
Lower Bounds for Tropical Circuits and Dynamic Programs,Stasys Jukna,2015,https://doi.org/10.1007/s00224-014-9574-4,,"Circuit definitions, shortest-path polynomials, and concluding open problem; author manuscript: https://web.vu.lt/mif/s.jukna/ftp/tropical-manuscript.pdf"
"Semirings in Databases, Automata, and Logic (Dagstuhl Seminar 25081)",Hung Ngo (problem contributor),2025,https://doi.org/10.4230/DagRep.15.2.89,,Section 4.2
Supplements to Tropical Circuit Complexity,Stasys Jukna,2023,https://web.vu.lt/mif/s.jukna/tropical/comments.html,,Item 5 and linked shortest-path optimality problem; accessed 10 September 2026
Computational Complexity: A Conceptual Perspective,Oded Goldreich,2008,https://www.wisdom.weizmann.ac.il/~oded/cc-book.html,,"Appendix B.2.1, printed p. 472: multiplication following Open Problem B.2"
Mathematics of the Impossible (author manuscript),Emanuele Viola,2026,https://www.ccs.neu.edu/home/viola/papers/moti.pdf,,"Section 4.2, Definition 4.4 and Theorem 4.5, printed p. 64; revision notice ©2023–2026"
P=?NP,Scott Aaronson,2017,https://eccc.weizmann.ac.il/report/2017/004/,,Survey discussion of Raz’s multilinear-formula lower bounds and the exponential gap.
The Open Problems Project,Erik D. Demaine; Joseph S. B. Mitchell; Joseph O’Rourke (editors),2009,https://topp.openproblem.net/p33,,Problem 33
Algebraic Dependencies and PSPACE Algorithms in Approximative Complexity,"Guo, Zeyu; Saxena, Nitin; Sinhababu, Amit",2018,https://doi.org/10.4230/LIPIcs.CCC.2018.10,https://drops.dagstuhl.de/storage/00lipics/lipics-vol102-ccc2018/LIPIcs.CCC.2018.10/LIPIcs.CCC.2018.10.pdf#page=17,"Problem 1, Theorems 2 and 15, and the final open question on page 10:17."
Algebraic Dependencies and PSPACE Algorithms in Approximative Complexity over Any Field,Zeyu Guo; Nitin Saxena; Amit Sinhababu,2019,https://doi.org/10.4086/toc.2019.v015a016,https://theoryofcomputing.org/articles/v015a016/v015a016.pdf,"Published 14 December 2019; Problem 1.2, Theorem 1.3, Lemma 4.1 and Theorem 4.2; Section 6 explicitly repeats the AM-under-GRH question."
When Hilbert approximates: A Strong Nullstellensatz for Approximate Polynomial Satisfiability,Sanyam Agarwal; Sagnik Dutta; Anurag Pandey; Himanshu Shukla,2026,https://eccc.weizmann.ac.il/report/2026/026/,https://eccc.weizmann.ac.il/report/2026/026/revision/1/download/,"Revision 1, 20 February 2026; Theorem 1.4 gives a PSPACE bound for approximate-vanishing containment; Section 4 still calls for improved complexity bounds."
A primer on the closure of algebraic complexity classes under factoring,C. S. Bhargav; Prateek Dwivedi; Nitin Saxena,2025,https://eccc.weizmann.ac.il/report/2025/083/,https://eccc.weizmann.ac.il/report/2025/083/download/#page=30,Question 4; PDF page 30
Open Problem: Tensor Decompositions: Algorithms up to the Uniqueness Threshold?,"Aditya Bhaskara, Moses Charikar, Ankur Moitra, Aravindan Vijayaraghavan",2014,https://proceedings.mlr.press/v35/bhaskara14b.html,http://proceedings.mlr.press/v35/bhaskara14b.pdf#page=2,Open Problem 4
"Algorithms (lecture notes, collected 2015 version)",Jeff Erickson,2015,https://jeffe.cs.illinois.edu/teaching/algorithms/,,"Recursion lecture, printed p. 13: exact minimum multiplication count"
On Fast Calculation of Addition Chains for Isogeny-Based Cryptography,Brian Koziel; Reza Azarderakhsh; David Jao; Mehran Mozaffari-Kermani,2016,https://faculty.eng.fau.edu/azarderakhsh/files/2016/11/Inscrypt2016.pdf,,"Abstract and Section 2, definitions and single-target versus multiple-target distinction"
Assembly theory and its relationship with computational complexity,Christopher P. Kempes; Michael Lachmann; Andrew Iannaccone; G. Matthew Fricke; M. Redwan Chowdhury; Sara I. Walker; Leroy Cronin,2025,https://www.nature.com/articles/s44260-025-00049-9,,Discussion of unary strings and the shortest addition-chain problem; only this complexity-status observation is used
Automata Exchange,Lorenzo Clemente,2025,https://automata.exchange/25.4-efficient-lrs-evaluation/,,25.4
The Existential Theory of the Reals as a Complexity Class: A Compendium,Marcus Schaefer; Jean Cardinal; Tillmann Miltzow,2024,https://arxiv.org/abs/2407.18006,https://arxiv.org/pdf/2407.18006#page=49,Open Questions:; PDF page 49
On Positivity of Exponential-Trigonometric Polynomials and Irrationality Exponents,"Collins, Pieter; Hanzon, Bernard; Neumann, Eike",2026,https://doi.org/10.4230/LIPIcs.MFCS.2026.65,https://drops.dagstuhl.de/storage/00lipics/lipics-vol386-mfcs2026/LIPIcs.MFCS.2026.65/LIPIcs.MFCS.2026.65.pdf#page=16,Open Problem 1; PDF page 16
Membership and Conjugacy in Inverse Semigroups,"Fleischer, Lukas; Stober, Florian; Thumm, Alexander; Weiß, Armin",2025,https://doi.org/10.4230/LIPIcs.ICALP.2025.156,https://drops.dagstuhl.de/storage/00lipics/lipics-vol334-icalp2025/LIPIcs.ICALP.2025.156/LIPIcs.ICALP.2025.156.pdf#page=16,Open Problem 33; PDF page 16
Efficient Compression in Semigroups,"Thumm, Alexander; Weiß, Armin",2026,https://doi.org/10.4230/LIPIcs.STACS.2026.80,https://drops.dagstuhl.de/storage/00lipics/lipics-vol364-stacs2026/LIPIcs.STACS.2026.80/LIPIcs.STACS.2026.80.pdf#page=19,Question 39; PDF page 19
The Freeness Problem for Automaton Semigroups,"D'Angeli, Daniele; Rodaro, Emanuele; Wächter, Jan Philipp",2024,https://doi.org/10.4230/LIPIcs.MFCS.2024.44,https://drops.dagstuhl.de/storage/00lipics/lipics-vol306-mfcs2024/LIPIcs.MFCS.2024.44/LIPIcs.MFCS.2024.44.pdf#page=15,Unresolved-question passage on page 15; PDF page 15
Derandomizing Multivariate Polynomial Factoring for Low Degree Factors,"Dutta, Pranjal; Sinhababu, Amit; Thierauf, Thomas",2024,https://doi.org/10.4230/LIPIcs.APPROX/RANDOM.2024.75,https://drops.dagstuhl.de/storage/00lipics/lipics-vol317-approx-random2024/LIPIcs.APPROX-RANDOM.2024.75/LIPIcs.APPROX-RANDOM.2024.75.pdf#page=14,"APPROX/RANDOM 2024, article 75: Sections 1, 2–2.1 and 4 read. The missing predicate is divisibility of a sparse polynomial by a fixed-total-degree polynomial. The field is Q and arithmetic operations have unit cost."
Deterministic Divisibility Testing via Shifted Partial Derivatives,Michael A. Forbes,2015,https://www.ias.edu/sites/default/files/math/csdm/14-15/Forbes2015.pdf,,FOCS 2015: constant-degree divisor and sparse dividend quasipolynomial-time result; also discussed in Section 1.2 of the 2024 source.
Towards Optimal Depth-Reductions for Algebraic Formulas,"Fournier, Hervé; Limaye, Nutan; Malod, Guillaume; Srinivasan, Srikanth; Tavenas, Sébastien",2023,https://doi.org/10.4230/LIPIcs.CCC.2023.28,https://drops.dagstuhl.de/storage/00lipics/lipics-vol264-ccc2023/LIPIcs.CCC.2023.28/LIPIcs.CCC.2023.28.pdf#page=16,"CCC 2023, article 28: Section 2.1 and page 28:16, “Lower bounds for higher-depth formulas”. The omitted containment is VF ⊆ VBP, not one of the intermediate formula classes on the previous page. The source works over a field F without a characteristic restriction."
Computing Generalized Convolutions Faster Than Brute Force,"Esmer, Barış Can; Kulik, Ariel; Marx, Dániel; Schepper, Philipp; Węgrzycki, Karol",2022,https://doi.org/10.4230/LIPIcs.IPEC.2022.12,https://drops.dagstuhl.de/storage/00lipics/lipics-vol249-ipec2022/LIPIcs.IPEC.2022.12/LIPIcs.IPEC.2022.12.pdf#page=15,"IPEC 2022, article 12: Definitions 2.1–2.2 and Section 5 restore the target Õ(|D|^{(2−ε)n} polylog M). Conference constant 5/6 was improved in the full version."
Computing Generalized Convolutions Faster Than Brute Force — journal version,"Barış Can Esmer, Ariel Kulik, Dániel Marx, Philipp Schepper, Karol Węgrzycki",2024,https://doi.org/10.1007/s00453-023-01176-2,https://pure.mpg.de/rest/items/item_3561539_1/component/file_3561540/content,"Algorithmica 86, pp. 334–366; online 6 October 2023. Theorem 1.1 improves the even-domain constant to 3/4; Definition 2.2, Section 3.1 and Section 6 give the input model, exact deterministic arithmetic algorithm and retained open question. arXiv:2209.01623v2, 30 January 2023, also has the improvement."
"If VNP Is Hard, Then so Are Equations for It","Kumar, Mrinal; Ramya, C.; Saptharishi, Ramprasad; Tengse, Anamay",2022,https://doi.org/10.4230/LIPIcs.STACS.2022.44,https://drops.dagstuhl.de/storage/00lipics/lipics-vol219-stacs2022/LIPIcs.STACS.2022.44/LIPIcs.STACS.2022.44.pdf#page=11,"STACS 2022, article 44: Section 1.1 and Theorems 1–2; Section 4, pp. 44:11–44:12 (removing the bounded-output-coefficient restriction for equations of VP)."
On the Existence of Algebraic Natural Proofs — combined full version,Prerona Chatterjee; Mrinal Kumar; C. Ramya; Ramprasad Saptharishi; Anamay Tengse,2025,https://arxiv.org/abs/2004.14147,https://arxiv.org/pdf/2004.14147v4,"Version 4, 3 February 2025: Definitions 1.2–1.3, Question 1.4, Theorem 1.6 (explicit polynomial-size quantifiers), and Section 1.4. Combines FOCS 2020 and STACS 2022 papers; retains the unrestricted-coefficient VP question."
On the Existence of Algebraic Natural Proofs,Prerona Chatterjee; Mrinal Kumar; C. Ramya; Ramprasad Saptharishi; Anamay Tengse,2026,https://doi.org/10.1007/s00037-026-00289-8,,"computational complexity 35, article 7, published 7 August 2026. Publisher metadata and abstract checked; full journal PDF was unavailable. Detailed statements checked against the complete February 2025 author revision."
Fast n-Fold Boolean Convolution via Additive Combinatorics,"Bringmann, Karl; Nakos, Vasileios",2021,https://doi.org/10.4230/LIPIcs.ICALP.2021.41,https://drops.dagstuhl.de/storage/00lipics/lipics-vol198-icalp2021/LIPIcs.ICALP.2021.41/LIPIcs.ICALP.2021.41.pdf#page=3,Unresolved-question passage on page 3; PDF page 3
Algebraic Hardness Versus Randomness in Low Characteristic,"Andrews, Robert",2020,https://doi.org/10.4230/LIPIcs.CCC.2020.37,https://drops.dagstuhl.de/storage/00lipics/lipics-vol169-ccc2020/LIPIcs.CCC.2020.37/LIPIcs.CCC.2020.37.pdf#page=8,Explicit open question on PDF page 8
Compressing Permutation Groups into Grammars and Polytopes. A Graph Embedding Approach,"Jaffke, Lars; de Oliveira Oliveira, Mateus; Tiwary, Hans Raj",2020,https://doi.org/10.4230/LIPIcs.MFCS.2020.50,https://drops.dagstuhl.de/storage/00lipics/lipics-vol170-mfcs2020/LIPIcs.MFCS.2020.50/LIPIcs.MFCS.2020.50.pdf#page=11,"Section 3, Definition 1 and graph-embedding complexity; Section 6, distinction from abstract automorphism groups; Section 7, Problems 22–23."
Compressing Permutation Groups into Grammars and Polytopes. A Graph Embedding Approach — full version,"Jaffke, Lars; de Oliveira Oliveira, Mateus; Tiwary, Hans Raj",2020,https://arxiv.org/abs/2001.05583,,"Version 1, 15 January 2020: Definition 1, Sections 6–7 and Problem 24."
"Knapsack in Graph Groups, HNN-Extensions and Amalgamated Products","Lohrey, Markus; Zetzsche, Georg",2016,https://doi.org/10.4230/LIPIcs.STACS.2016.50,https://drops.dagstuhl.de/storage/00lipics/lipics-vol047-stacs2016/LIPIcs.STACS.2016.50/LIPIcs.STACS.2016.50.pdf#page=10,"Sections 2 and 4 define SLPs and graph groups; Theorem 9 and Remark 10, page 50:10, distinguish fixed and input-specified groups."
Knapsack in Graph Groups,Markus Lohrey; Georg Zetzsche,2017,https://doi.org/10.1007/s00224-017-9808-3,,"Section 3.6, Theorem 3.12 and Corollary 3.13, author-manuscript pages 29–31. Published online 12 September 2017; Theory of Computing Systems 62:192–246 (2018). The relevant author-manuscript passage was available through the search index; the old Siegen PDF URL now redirects to HTML."
The Power Word Problem in Graph Products,Markus Lohrey; Florian Stober; Armin Weiß,2024,https://doi.org/10.1007/s00224-024-10173-z,,"Introduction, especially the distinction between uniform power words and arbitrary SLPs. Published online 7 May 2024; Theory of Computing Systems 68:403–464. Publisher full text explicitly retains the uniform compressed RAAG question."
On Matrix Powering in Low Dimensions,"Galby, Esther; Ouaknine, Joël; Worrell, James",2015,https://doi.org/10.4230/LIPIcs.STACS.2015.329,https://drops.dagstuhl.de/storage/00lipics/lipics-vol030-stacs2015/LIPIcs.STACS.2015.329/LIPIcs.STACS.2015.329.pdf#page=2,Unresolved-question passage on page 2; PDF page 2
Dimension Expanders via Rank Condensers,"Forbes, Michael A.; Guruswami, Venkatesan",2015,https://doi.org/10.4230/LIPIcs.APPROX-RANDOM.2015.800,https://drops.dagstuhl.de/storage/00lipics/lipics-vol040-approx-random2015/LIPIcs.APPROX-RANDOM.2015.800/LIPIcs.APPROX-RANDOM.2015.800.pdf#page=13,Unresolved-question passage on page 13; PDF page 13
Fourier and Circulant Matrices Are Not Rigid,"Dvir, Zeev; Liu, Allen",2019,https://doi.org/10.4230/LIPIcs.CCC.2019.17,https://drops.dagstuhl.de/storage/00lipics/lipics-vol137-ccc2019/LIPIcs.CCC.2019.17/LIPIcs.CCC.2019.17.pdf#page=2,Explicit open question on PDF page 2
PosSLP and Sum of Squares,"Bläser, Markus; Dörfler, Julian; Jindal, Gorav",2024,https://doi.org/10.4230/LIPIcs.FSTTCS.2024.13,https://drops.dagstuhl.de/storage/00lipics/lipics-vol323-fsttcs2024/LIPIcs.FSTTCS.2024.13/LIPIcs.FSTTCS.2024.13.pdf#page=14,Unresolved-question passage on page 14
On Rational Recursive Sequences,"Clemente, Lorenzo; Donten-Bury, Maria; Mazowiecki, Filip; Pilipczuk, Michał",2023,https://doi.org/10.4230/LIPIcs.STACS.2023.24,https://drops.dagstuhl.de/storage/00lipics/lipics-vol254-stacs2023/LIPIcs.STACS.2023.24/LIPIcs.STACS.2023.24.pdf#page=3,"Conjecture 1, page 24:3; Definition 4 and nonzero-denominator convention, pages 24:5–24:6; Theorem 6, page 24:7; discussion of specialization and division by zero, pages 24:12–24:13."
On Rational Recursive Sequences — full author version,Lorenzo Clemente; Maria Donten-Bury; Filip Mazowiecki; Michał Pilipczuk,2022,https://arxiv.org/abs/2210.01635,https://arxiv.org/pdf/2210.01635v1,"Version 1, 4 October 2022, the only revision listed when checked 12 September 2026. Conjecture 1 and the distinction between rational initial values and symbolic initial variables. The placeholder DOI in this early manuscript is not publication metadata."
Monotone Complexity of Spanning Tree Polynomial Re-Visited,"Chattopadhyay, Arkadev; Datta, Rajit; Ghosal, Utsab; Mukhopadhyay, Partha",2022,https://doi.org/10.4230/LIPIcs.ITCS.2022.39,https://drops.dagstuhl.de/storage/00lipics/lipics-vol215-itcs2022/LIPIcs.ITCS.2022.39/LIPIcs.ITCS.2022.39.pdf#page=2,Explicit open question on PDF page 2
On Reachability Problems for Low-Dimensional Matrix Semigroups,"Colcombet, Thomas; Ouaknine, Joël; Semukhin, Pavel; Worrell, James",2019,https://doi.org/10.4230/LIPIcs.ICALP.2019.44,https://drops.dagstuhl.de/storage/00lipics/lipics-vol132-icalp2019/LIPIcs.ICALP.2019.44/LIPIcs.ICALP.2019.44.pdf#page=2,Explicit open question on PDF page 2
Separating ABPs and Some Structured Formulas in the Non-Commutative Setting,"Chatterjee, Prerona",2021,https://doi.org/10.4230/LIPIcs.CCC.2021.7,https://drops.dagstuhl.de/storage/00lipics/lipics-vol200-ccc2021/LIPIcs.CCC.2021.7/LIPIcs.CCC.2021.7.pdf#page=2,Explicit open question on PDF page 2
The finiteness of a group generated by a 2-letter invertible-reversible Mealy automaton is decidable,"Klimann, Ines",2013,https://doi.org/10.4230/LIPIcs.STACS.2013.502,https://drops.dagstuhl.de/storage/00lipics/lipics-vol020-stacs2013/LIPIcs.STACS.2013.502/LIPIcs.STACS.2013.502.pdf#page=1,Explicit open question on PDF page 1
"Complexity Theory of Orbit Closure Intersection for Tensors: Reductions, Completeness, and Graph Isomorphism Hardness","Vladimir Lysikov (Ruhr University Bochum, Germany), Michael Walter (Ruhr University Bochum, Germany; LMU Munich, Germany)",2025,https://doi.org/10.1109/FOCS63196.2025.00027,https://ieee-focs.org/FOCS-2025-Papers/pdfs/FOCS2025-4pLZMZRP5BPG9n0GSua5T9/713200a486/713200a486.pdf#page=8,Explicit open question on PDF page 8
Arithmetic Circuits: A Survey of Recent Results and Open Questions,Amir Shpilka; Amir Yehudayoff,2010,https://www.cs.tau.ac.il/~shpilka/publications/SY10.pdf,https://www.cs.tau.ac.il/~shpilka/publications/SY10.pdf#page=97,"§4.9, general factorization; also p.100; PDF page 97"
Lower Bounds for Noncommutative Circuits with Low Syntactic Degree,"Shastri, Pratik",2026,https://doi.org/10.4230/LIPIcs.ITCS.2026.115,https://drops.dagstuhl.de/storage/00lipics/lipics-vol362-itcs2026/LIPIcs.ITCS.2026.115/LIPIcs.ITCS.2026.115.pdf#page=8,"ITCS 2026, article 115. Introduction’s general-circuit model, palindrome polynomial and Theorems 2–4, plus Section 6 on p. 115:8, read. The retained question asks to exceed the n log n lower-bound barrier without syntactic-degree restrictions; the following degree-reduction suggestion is not the target."
Polynomial Lower Bounds for Arithmetic Circuits over Non-Commutative Rings,Ran Raz,2026,https://eccc.weizmann.ac.il/report/2026/061/,https://eccc.weizmann.ac.il/report/2026/061/revision/1/download/,"Revision 1, 30 July 2026. Introduction, Sections 2.1–2.2 and Theorem 1 in Section 3.2 read. Theorem 1 gives Ω(d√n) non-scalar product gates when the central coefficient matrix has full rank, over every field. Accepted at FOCS 2026 under the title A Lower Bound for Non-Commutative Circuits, verified against the conference list."
A Quadratic Lower Bound for Noncommutative Circuits,Pratik Shastri,2026,https://arxiv.org/abs/2604.20575v3,,"Version 3, 18 May 2026. Abstract, definition of Pal_{n,d}, Theorem 1.2 and comparison with Raz read. It states the stronger Ω(nd) bound directly for the two-alphabet palindrome. This preprint’s proof was not independently checked; the weaker accepted Raz theorem already suffices for the card’s n log n threshold."
FOCS 2026 Accepted Papers,FOCS 2026 conference organizers,2026,https://focs.computer.org/2026/accepted-papers/,,"Read the entry A Lower Bound for Non-Commutative Circuits, Ran Raz. Conference scheduled for 8–11 November 2026; acceptance is not described as completed proceedings publication."
Subrank and Optimal Reduction of Scalar Multiplications to Generic Tensors,"Derksen, Harm; Makam, Visu; Zuiddam, Jeroen",2022,https://doi.org/10.4230/LIPIcs.CCC.2022.9,https://drops.dagstuhl.de/storage/00lipics/lipics-vol234-ccc2022/LIPIcs.CCC.2022.9/LIPIcs.CCC.2022.9.pdf#page=21,"CCC 2022, article 9: Section 1.1 and the algebraically-closed-field assumption in footnote 1; Section 6, p. 9:21, second open question. The journal version is JLMS 2024, DOI 10.1112/jlms.12963."
Exact values of generic subrank,Paweł Pielasa; Matouš Šafránek; Anatoli Shatsila,2025,https://doi.org/10.1016/j.aim.2025.110234,https://arxiv.org/pdf/2408.07550v1,"Advances in Mathematics 469, article 110234, May 2025. Theorem 3.7 gives the formula for all orders k≥3 and all dimension tuples; complete author preprint dated 14 August 2024, Section 3. Retain the algebraic-closure assumption of the original question; see the 2026 clarification."
Symmetric subrank and its border analogue,Benjamin Biaggi; Jan Draisma; Koen de Nooij; Immanuel van Santen,2026,https://arxiv.org/abs/2604.12801,,"14 April 2026 preprint, Section 1.2: restates the ordinary generic-subrank formula and explicitly notes that algebraic closure is needed, although omitted in the wording of Pielasa–Šafránek–Shatsila. Used here for that scope clarification, not to replace ordinary subrank by symmetric subrank."
Hilbert’s Tenth Problem over Rings of Number-Theoretic Interest,Bjorn Poonen,2003,https://math.mit.edu/~poonen/papers/aws2003.pdf,,"Arizona Winter School notes, 28 February 2003; Sections 2–4 and 12, especially rational points and transfer from ℤ"
Defining \(\mathbb{Z}\) in \(\mathbb{Q}\),Jochen Koenigsmann,2016,https://annals.math.princeton.edu/wp-content/uploads/annals-v183-n1-p02-p.pdf,,"Annals of Mathematics 183(1), 73–93; Theorem 1 and introductory discussion of existential definitions; DOI 10.4007/annals.2016.183.1.2"
A survey of local-global methods for Hilbert’s Tenth Problem,Sylvy Anscombe; Valentijn Karemaker; Zeynep Kisakürek; Vlerë Mehmeti; Margherita Pagano; Laura Paladino,2023,https://arxiv.org/abs/2309.14987,,"26 September 2023; introduction and Section 2.2, theories and definability"
Effectivity for existence of rational points is undecidable,Natalia Garcia-Fritz; Hector Pasten; Xavier Vidaux,2025,https://arxiv.org/abs/2311.01958v2,,"Revision 6 November 2023; Journal of Number Theory, DOI 10.1016/j.jnt.2025.01.023; added height-comparison conditions"
Rank stability makes rings of integers diophantine,Bjorn Poonen,2026,https://math.mit.edu/~poonen/papers/h10_over_OK.pdf,,"Version dated 3 July 2026; Section 1, four-step proof outline, and Theorem 4.2"
Rank stability in quadratic extensions and Hilbert’s tenth problem for the ring of integers of a number field,Levent Alpöge; Manjul Bhargava; Wei Ho; Ari Shnidman,2026,https://link.springer.com/article/10.1007/s00222-025-01392-3,,"Published online 1 December 2025; Inventiones mathematicae 243, 1129–1139; domain is the ring of integers, not the number field"
Factoring Polynomials with Rational Coefficients,Arjen K. Lenstra; Hendrik W. Lenstra Jr.; László Lovász,1982,https://www.math.ucdavis.edu/~deloera/MISC/LA-BIBLIO/trunk/Lovasz/LovaszLenstraLenstrafactor.pdf,,Mathematische Annalen 261(4):515–534; lattice reduction and the short-vector guarantee
SIGACT Open Problems Column,,2023,https://www.cs.umd.edu/~gasarch/open/svp-color.pdf,https://www.cs.umd.edu/~gasarch/open/svp-color.pdf#page=9,Open Problem 2.6
Tensor-based Hardness of the Shortest Vector Problem to within Almost Polynomial Factors,Ishay Haviv; Oded Regev,2012,https://theoryofcomputing.org/articles/v008a023/v008a023.pdf,,"Theory of Computing 8(23):513–531; Theorem 1.1, including the randomized complexity assumptions; STOC 2007 precursor"
Lattice Problems in \(\mathrm{NP} \cap  \mathrm{coNP}\),Dorit Aharonov; Oded Regev,2005,https://cims.nyu.edu/~regev/papers/cvpconp.pdf,,"Journal of the ACM 52(5):749–765; FOCS 2004 precursor; O(√n) gap-decision certificates, not a general short-vector search algorithm"
A new BKZ-type reduction with provable termination and development of its self-dual variant,Arata Sato; Masaya Yasuda,2026,https://link.springer.com/article/10.1007/s13160-026-00799-6,,"Japan Journal of Industrial and Applied Mathematics 43, Article 42; published 11 May; polynomial number of calls to PotENUM"
One-Sided-Error Parameterized Reductions for the Minimum Distance and Shortest Vector Problems,Shuichi Hirahara; Kazuki Ogitsuka,2026,https://arxiv.org/abs/2608.14305,,"v1, 14 August; full version of RANDOM 2026; Theorem 1.5 assumes E is not contained in i.o.-NSIZE(2^{εn}) for some ε>0 and yields constant-factor deterministic NP-hardness"
A Survey of Techniques Used in Algebraic and Number Theoretic Algorithms,Manindra Agrawal; Chandan Saha,,https://www.csa.iisc.ac.in/~chandan/research/survey_CNT.pdf,,"Undated author-hosted survey; discrete logarithm definition, Diffie–Hellman application, and smooth-number methods"
PRIMES is in P,Manindra Agrawal; Neeraj Kayal; Nitin Saxena,2004,https://annals.math.princeton.edu/2004/160-2/p12,,"Annals of Mathematics 160(2), 781–793; polynomial-time primality testing"
A log-log speedup for exponent one-fifth deterministic integer factorisation,David Harvey; Markus Hittmeir,2022,https://arxiv.org/abs/2105.11105,,"Preprint 24 May 2021; Mathematics of Computation, DOI 10.1090/mcom/3708; complete factorization bound in bit operations"
Deterministic methods for finding elements of large multiplicative order,David Harvey; Markus Hittmeir,2026,https://arxiv.org/abs/2601.11131v2,,"Revision 5 June 2026; Sections 1.1–1.2 distinguish heuristic sieve bounds, deterministic factoring, and the improved order-finding subroutine"
The impact of the number field sieve on the discrete logarithm problem in finite fields,Oliver Schirokauer,2008,https://library.slmath.org/books/Book44/files/12oliver.pdf,,"Algorithmic Number Theory, MSRI Publications 44, 397–420; introduction and §2; heuristic NFS bounds with separate field regimes"
Lower Bounds for Discrete Logarithms and Related Problems,Victor Shoup,1997,https://www.shoup.net/papers/dlbounds1.pdf,,"Author revision of EUROCRYPT 1997, 256–266; generic-encoding model and largest-prime-factor lower bound"
Discrete logarithms in quasi-polynomial time in finite fields of fixed characteristic,Thorsten Kleinjung; Benjamin Wesolowski,2022,https://arxiv.org/abs/1906.10668v2,,"Journal of the American Mathematical Society 35(2), 2022; preprint version 18 November 2019; Theorem 1.1"
Discrete Logarithm Factory,Haetham Al Aswad; Emmanuel Thomé; Cécile Pierrot,2024,https://doi.org/10.62056/ah2ip2fgx,,"IACR Communications in Cryptology 1(3), 38 pages; §1, Tables 1–2, and separate preprocessing/individual-logarithm costs"
"On Lattices, Learning with Errors, Random Linear Codes, and Cryptography",Oded Regev,2009,https://arxiv.org/abs/2401.03703,,JACM 2009 version posted January 2024 with a proof correction; quantum reduction direction and problem variants
A Deterministic Single Exponential Time Algorithm for Most Lattice Problems based on Voronoi Cell Computations,Daniele Micciancio; Panagiotis Voulgaris,2013,https://eccc.weizmann.ac.il/report/2010/014/,,"Inherited ECCC record; STOC 2010 precursor, revision 1 dated 3 March 2012, SIAM Journal on Computing 42(3), 2013, DOI 10.1137/100811970; final open directions explicitly ask for polynomial space"
Shortest Vector Problem (SVP) — Lattice Links,Daniele Micciancio,,https://cseweb.ucsd.edu/~daniele/LatticeLinks/SVP.html,,"Author-maintained problem page; explicit open problem on simultaneous single-exponential time and polynomial space; undated, so separate dated sources were checked"
Lattice Enumeration Algorithms,Daniele Micciancio,,https://cseweb.ucsd.edu/~daniele/LatticeLinks/Enum.html,,"Author-maintained overview of Kannan, Hanrot–Stehlé and Micciancio–Walter; distinguishes proved enumeration bounds from pruning heuristics"
"A Sheaf-Theoretic and Etalé Space Approach to the Shortest Vector Problem: Orthogonalization, Coboundary Maps, and Memory-Efficient Sieving",Selcuk Koyuncu; Patrick Linker; Cenap Ozel,2026,https://pphmjopenaccess.com/jpjgt/article/download/3968/1901/11504,,"JP Journal of Geometry and Topology 32(1), 19–31; published 6 January 2026; §§3–4 give a proposed scheme and conditional coarse-graining discussion, without the universal resource-and-success theorem required here"
Hardness of hinted ISIS from the space-time hardness of lattice problems,Martin R. Albrecht; Russell W. F. Lai; Eamonn W. Postlethwaite,2026,https://eprint.iacr.org/2026/187,,"CRYPTO 2026, DOI 10.1007/978-3-032-35377-1_8; author explanation at https://martinralbrecht.wordpress.com/2026/06/12/hardness-of-hinted-isis-from-the-space-time-hardness-of-lattice-problems/ describes the conditional time-space consequences"
Research reference · arXiv 1410.7073,,2014,https://arxiv.org/abs/1410.7073,,
The Shortest Vector in a Lattice is Hard to Approximate to within Some Constant,Daniele Micciancio,2001,https://doi.org/10.1137/S0097539700373039,https://cseweb.ucsd.edu/~daniele/papers/SVP.pdf,"Author copy of SIAM J. Comput. 30(6), 2008–2035 (2001); introduction and §3 distinguish exact search, approximate length and the randomized NP-hardness reduction."
Improved Classical and Quantum Algorithms for the Shortest Vector Problem via Bounded Distance Decoding,"Divesh Aggarwal, Yanlin Chen, Rajendra Kumar and Yixin Shen",2025,https://ir.cwi.nl/pub/35122/35122.pdf,,"SIAM J. Comput. 54(2), 233–278; published abstract and introduction. Proven exponential quantum algorithms distinguish ordinary memory from QRAM."
Solving the Shortest Vector Problem in \(2^{0.6039n}\) Time via Mid-point Hessian,Minki Hhan,2026,https://arxiv.org/abs/2608.02478v2,,"Revision 2, 4 August 2026; full introduction and Theorem 1.1. Claimed expected times 2^{0.603867n+o(n)} classical and 2^{0.541051n+o(n)} quantum, with polynomial input-length factors; quantum result requires exponentially large QRAM. Not independently audited."
One Discrete Gaussian Sample in \(2^{n/2+o(n)}\) Time,Jiseung Kim,2026,https://arxiv.org/abs/2608.03220v1,,4 August 2026 abstract: new sampling theorem and an exponential exact-SVP consequence; no polynomial-time exact-SVP claim.
Theory and Applications of Probabilistic Kolmogorov Complexity,Zhenjian Lu; Igor C. Oliveira,2022,https://eccc.weizmann.ac.il/report/2022/081/,,Discussion of n-bit prime generation and deterministic search.
On Pseudodeterministic Approximation Algorithms,"Dixon, Peter; Pavan, A.; Vinodchandran, N. V.",2018,https://doi.org/10.4230/LIPIcs.MFCS.2018.61,https://drops.dagstuhl.de/storage/00lipics/lipics-vol117-mfcs2018/LIPIcs.MFCS.2018.61/LIPIcs.MFCS.2018.61.pdf#page=1,Explicit open question on PDF page 1
Strengthening the Baillie-PSW Primality Test,"Robert Baillie, Andrew Fiori and Samuel S. Wagstaff, Jr.",2021,https://doi.org/10.1090/mcom/3616,,"Mathematics of Computation 90 (2021), 1931–1955. Full accepted manuscript https://www.cs.uleth.ca/~fiori/Docs/bfw-accepted.pdf (17 November 2020) read: §2.2–2.4, §3, §6 square-check discussion and Appendix A Theorems 3–4. Method A and strong-test definitions checked, including equivalence with Method A* under the stated coprimality condition. The paper’s extra Lucas-V/Euler checks are not included in this card."
Wikipedia: Baillie–PSW primality test,Wikipedia contributors,,https://en.wikipedia.org/wiki/Baillie%E2%80%93PSW_primality_test,,Discovery source; retrieved 2026-09-11. Evidence locator: composite number that passes
Wikipedia revision used for discovery,Wikipedia contributors,,https://en.wikipedia.org/w/index.php?oldid=1373709147,,Revision timestamp: 2026-09-07T13:47:32Z
U-Bit Collapse in Arnault Composites: Probing the Boundary of Strong Lucas Pseudoprimes,Bowman Hall,2026,https://arxiv.org/abs/2601.19817v1,,"27 January 2026 preprint, full abstract read. Reports a study of 200 selected composites with no strong-Lucas survivors. This is finite empirical evidence, not a proof of correctness or of probabilistic independence; computations not reproduced."
On addition chains,Alfred Brauer,1939,https://doi.org/10.1090/S0002-9904-1939-07068-7,,"Bulletin of the American Mathematical Society 45(10), pp. 736–739. Publisher access returned 403; bibliographic metadata and the star-chain theorem were checked through Wallner (2026), Section 7."
Wikipedia: Scholz conjecture,Wikipedia contributors,,https://en.wikipedia.org/wiki/Scholz_conjecture,,Discovery source; retrieved 2026-09-11. Evidence locator: conjecture
Wikipedia revision used for discovery,Wikipedia contributors,,https://en.wikipedia.org/w/index.php?oldid=1286134739,,Revision timestamp: 2025-04-17T23:24:24Z
The Decompressed Tree Size of k-Ary Chains,Michael Wallner,2026,https://link.springer.com/article/10.1007/s00026-026-00816-y,,"Annals of Combinatorics, published 25 April 2026. Full Section 7 read: equation (5) states the conjecture; the following paragraph defines Brauer chains and records the corresponding theorem for their minimum length."
The Scholz Conjecture on Addition Chains Is True for Infinitely Many Integers with \(\ell\)\((2n)=\ell (n)\),Amadou Tall,2024,https://math.colgate.edu/~integers/a17Proc23/a17Proc23.pdf,https://math.colgate.edu/~integers/a17Proc23/a17Proc23.pdf,"Integers 24A, article A17, published 27 May 2024, DOI 10.5281/zenodo.11352969. Definitions, Conjecture 1 and Theorems 2–4 read in the published PDF; the result concerns an explicit infinite family, not all positive integers."
The Scholz Conjecture Is True for \(2^{n}- 1\) for Almost All n,Theophilus Agama,2026,https://vixra.org/pdf/2605.0012v1.pdf,https://vixra.org/pdf/2605.0012v1.pdf,"Preprint version 1, dated 3 May 2026. Abstract and introduction through its explicit scope caveat read: claims asymptotic density one, expressly not a full universal result. Proof not independently verified."
On Quasi Closed Chains and Quasi Complete Numbers,Theophilus Agama,2026,https://www.researchgate.net/publication/411807315_ON_QUASI_CLOSED_CHAINS_AND_QUASI_COMPLETE_NUMBERS,,"Author-uploaded preprint, 6 August 2026. Abstract checked: applies to numbers admitting an optimal chain in the newly restricted class. This is not a claim that every integer belongs to that class; proof not independently verified."
Lattice Problems Beyond Polynomial Time,"Divesh Aggarwal, Huck Bennett, Zvika Brakerski, Alexander Golovnev, Rajendra Kumar, Zeyong Li, Spencer Peters, Noah Stephens-Davidowitz, Vinod Vaikuntanathan",2023,https://arxiv.org/abs/2211.11693,https://arxiv.org/pdf/2211.11693,"arXiv:2211.11693v1, 21 November 2022; STOC 2023 publication confirmed on author pages. Full abstract read, especially its exponential-time worst-case-to-average-case reduction and conditional public-key-cryptography consequence. General theorem proofs not independently audited."
Deterministic Hardness of Approximation of Unique-SVP and GapSVP in \(\ell p\) norms for \(p>2\),"Yahli Hecht, Muli Safra",2025,https://arxiv.org/abs/2510.16991,,"arXiv:2510.16991v1, 19 October 2025. Full abstract read. Its hardness statements remain conditional and concern p>2; “deterministic hardness” describes the reduction and does not mean an unconditional quantum-time lower bound for Euclidean GapSVP."
Deterministic Hardness of Approximation For SVP in all Finite ℓp Norms,"Isaac M. Hair, Amit Sahai",2026,https://arxiv.org/abs/2604.01451v2,,"Version 2, 6 April 2026; accepted at FOCS 2026, as listed by the conference. Abstract, Theorems 1.2, 2.1 and 3.1–3.2 read. The reduction has subexponential SAT-size complexity and yields deterministic approximation hardness under NP not contained in the intersection of all DTIME(exp(n^δ)); it does not state a 2^o(d) lower bound in output lattice dimension."
A gentle introduction to lattice-based cryptography,Alfred Menezes,2026,https://eprint.iacr.org/2026/1098,https://eprint.iacr.org/2026/1098.pdf#page=189,Unresolved-question passage on page 189
Two-User Gaussian Interference Channels: An Information Theoretic Point of View,Xiaohu Shang; Biao Chen,2013,https://doi.org/10.1561/0100000071,,Foundations and Trends in Communications and Information Theory 10(3):179–257; publisher abstract distinguishes strong-interference regions from other sum-rate results
Gaussian Interference Channel Capacity to Within One Bit,Raul Etkin; David Tse; Hua Wang,2008,https://arxiv.org/abs/cs/0702045,,"IEEE Transactions on Information Theory 54(12):5534–5562, DOI 10.1109/TIT.2008.2006447; first preprint February 2007; universal additive-gap result"
Invariance of the Han–Kobayashi region with respect to temporally-correlated Gaussian inputs,Chandra Nair; David Ng,2019,https://chandra.ie.cuhk.edu.hk/pub/papers/IC/temp-corr.pdf,,"Author manuscript of March 2019 IEEE Transactions on Information Theory paper; model, strong-interference benchmark and Gaussian temporal-correlation invariance"
Proof of a conjecture on the Gaussian signaling region for the Gaussian Z-interference channel,Chandra Nair; Jinpei Zhao,2025,https://chandra.ie.cuhk.edu.hk/pub/papers/IC/GZ-Noi-con.pdf,,Full author manuscript of ISIT 2025 paper; Gaussian-signaling region and conditions eliminating multiplexing
On the Local Optimality of Gaussian distributions for the Han-Kobayashi Inner Bound for the Gaussian Z-interference channel,Chandra Nair; Jinpei Zhao,2026,https://chandra.ie.cuhk.edu.hk/pub/papers/IC/Gau-Her.pdf,,"January 2026 manuscript listed on authors’ publications page; Conjecture 1, Remarks 1–2 and Theorem 4; counterexamples exclude power control"
A New Outer Bound for the Discrete Memoryless Two-User Interference Channel,Amin Gohari; Chandra Nair; Jinpei Zhao,2026,https://staff.ie.cuhk.edu.hk/~cnair/pub/papers/IC/INT-OB-ITA-26.pdf,,"Presented at ITA, February 2026; Gaussian specialization and combined auxiliary-receiver outer region"
On the Optimality of Gaussian Code-books for Signaling over a Two-Users Weak Gaussian Interference Channel,Amir K. Khandani,2026,https://arxiv.org/abs/2501.14941v12,,"v12, 7 September 2026, first posted January 2025; claimed weak-interference capacity theorem, §§7–8; latest proof not independently validated here"
Codewords With Memory Improve Achievable Rate Regions of the Memoryless Gaussian Interference Channel,Wasim Huleihel; Neri Merhav,2018,https://arxiv.org/abs/1508.05726,,"v2 withdrawal notice, 8 April 2018; originally posted 24 August 2015; included solely to correct the original proposal’s reference"
New upper bounds on the rate of a code via the Delsarte–MacWilliams inequalities,Robert J. McEliece; Eugene R. Rodemich; Howard Rumsey Jr.; Lloyd R. Welch,1977,https://doi.org/10.1109/TIT.1977.1055688,,IEEE Transactions on Information Theory 23(2):157–166; both asymptotic upper bounds; restated and improved in the 2026 primary papers
Asymptotic Improvement of the Gilbert–Varshamov Bound on the Size of Binary Codes,Tao Jiang; Alexander Vardy,2004,https://arxiv.org/abs/math/0404325,,IEEE Transactions on Information Theory 50(8):1655–1664; logarithmic Hamming-ball-volume factor for d/n≤0.499
Improvement of the Gilbert-Varshamov Bound for Linear Codes and Quantum Codes,Chen Yuan; Ruiqi Zhu,2026,https://arxiv.org/abs/2601.18590,,"v1, 26 January; polynomial size improvements, with the 2022 Hao–Huang–Livshyts–Tikhomirov classical predecessor acknowledged in §1"
Binary code rate bounds via classical–quantum channels,Omar Alrabiah; Venkatesan Guruswami,2026,https://arxiv.org/abs/2608.09347,,"v1, 10 August; Theorem 1 gives the pretty good criterion; Theorems 2–3 improve first and second MRRW; Introduction distinguishes classical, stochastic and list-decoding models"
Comments on the recent improvements of the MRRW bounds,Alexander Barg,2026,https://arxiv.org/abs/2609.01860,,"v1, 1 September; §2 defines R₂ using limsup and identifies the coinciding first-bound formulas; §§5–7 explain moving subspaces and channel methods"
A Coding Theorem for the Discrete Memoryless Broadcast Channel,Katalin Marton,1979,https://www.seas.ucla.edu/csl/files/temp/DBCAchievability.pdf,,IEEE Transactions on Information Theory 25(3):306–311; original achievable region and special cases
Evaluation of Marton’s Inner Bound for the General Broadcast Channel,Amin Aminzadeh Gohari; Venkat Anantharam,2012,https://arxiv.org/abs/0904.4541,,"IEEE Transactions on Information Theory 58(2):608–619, DOI 10.1109/TIT.2011.2169537; auxiliary-cardinality bounds and inner/outer mismatch"
On Marton’s Inner Bound and Its Optimality for Classes of Product Broadcast Channels,Yanlin Geng; Amin Gohari; Chandra Nair; Yuanming Yu,2014,https://doi.org/10.1109/TIT.2013.2285925,,"IEEE Transactions on Information Theory 60(1):22–41; multiletter extension, special product-channel capacity results and limitations of the UV outer bound"
Blahut–Arimoto Algorithms for Inner and Outer Bounds on Capacity Regions of Broadcast Channels,Yanan Dou; Yanqing Liu; Xueyan Niu; Bo Bai; Wei Han; Yanlin Geng,2024,https://pmc.ncbi.nlm.nih.gov/articles/PMC10969477/,,"Entropy 26(3), 178; DOI 10.3390/e26030178; published 20 February; convergence conditions and numerical bound evaluation"
A Two Auxiliary Receiver Outer Bound to the Capacity Region of a Two-Receiver Discrete Memoryless Broadcast Channel,Amin Gohari; Yi Liu; Chandra Nair,2026,https://chandra.ie.cuhk.edu.hk/pub/papers/BC/GK-outer.pdf,,"ISIT 2026, DOI 10.1109/ISIT62367.2026.11653844; Theorems 7–8, §IV examples, and full-version Theorem 9"
Sub-optimality of Marton’s Inner Bound for the Two-Receiver Broadcast Channel,Mian Huang; Yanxiao Liu; Yi Liu,2026,https://arxiv.org/abs/2608.19869,,"v1, 20 August; Theorem 4 removes the input constraint, Theorem 5 states unconstrained suboptimality; §III.D gives an explicit enlarged-alphabet realization"
On the Capacity of Multiple Unicast Sessions in Undirected Graphs,Kamal Jain; Vijay V. Vazirani; Raymond Yeung; Gideon Yuval,2005,https://ics.uci.edu/~vazirani/isit.pdf,,"ISIT 2005; K_{3,2} cyclic and acyclic examples, entropy inequalities; DOI 10.1109/ISIT.2005.1523398"
Coding in Undirected Graphs Is Either Very Helpful or Not Helpful at All,Mark Braverman; Sumegha Garg; Ariel Schvartzman,2017,https://drops.dagstuhl.de/entities/document/10.4230/LIPIcs.ITCS.2017.18,,Theorem 1.1; arXiv:1608.06545 Appendix A gives causal exact decoding and directional transcript entropy capacities; Appendix B gives the routing LP
Lower Bounds for Multiplication via Network Coding,Peyman Afshani; Casper Benjamin Freksen; Lior Kamma; Kasper Green Larsen,2019,https://drops.dagstuhl.de/entities/document/10.4230/LIPIcs.ICALP.2019.10,,ICALP 2019; conditional Ω(n log n) bound for constant-degree Boolean multiplication circuits
On the Capacity of Undirected Multiple Unicast Layered Networks with Asymmetric Demands,M. Surya Vamsi; Satyajit Thakor,2025,https://ieeexplore.ieee.org/document/11195643/,,"ISIT 2025, pp. 180–185; proceedings author also listed as Surya Vamsi Medapalli; Type-I and partition-symmetry hypotheses"
Undirected Multicast Network Coding Gaps via Locally Decodable Codes,Mark Braverman; Zhongtian He,2025,https://arxiv.org/abs/2510.18737,,"v1, 21 October; FOCS 2025; multiple receivers for a common message, not independent unicast copies"
On the Multiple-Unicast Conjecture: Beyond Cut Metrics,Sirui Liu; Li Que; Zongpeng Li; Baochun Li,2026,https://arxiv.org/abs/2608.06070,,"v1, 6 August; at most five terminal locations and three-face planar conditions; general case remains open"
A Session Interaction Framework for The Multiple-Unicast Conjecture,Sirui Liu; Zongpeng Li; Xiying Fan; Haifeng Chen,2026,https://arxiv.org/abs/2608.06042,,"v1, 6 August; presented at ISIT 2026; Definition 3.1 footnote corrects scope of the witnessing-solution quantifier"
An Overview of Capacity Results for Synchronization Channels,Mahdi Cheraghchi; João Ribeiro,2019,https://arxiv.org/abs/1910.07199,,"v2, 8 November; Sections 2–4, coding theorem, Theorem 5 and equation (7); inherited survey reference"
Optimal Coding for the Binary Deletion Channel With Small Deletion Probability,Yashodhan Kanoria; Andrea Montanari,2013,https://ykanoria.github.io/Deletion_paper.pdf,,"IEEE Transactions on Information Theory 59(10), 6192–6219; Theorem 1.1 and explicit constants"
Improved Upper and Lower Bounds on the Capacity of the Binary Deletion Channel,Ittai Rubinstein; Roni Con,2023,https://arxiv.org/abs/2305.07156,,"v1, 11 May; Theorem 1.2 gives the universal lower bound; pointwise numerical table gives 0.104075 at deletion probability 1/2"
Improved Capacity Upper Bounds for the Deletion Channel using a Parallelized Blahut-Arimoto Algorithm,Martim Pinto; João Ribeiro,2026,https://arxiv.org/abs/2604.05867,,"v1, 7 April; Sections 1–2 and 6, Table 3; ISIT 2026; reported computer-assisted upper bounds"
A Certified Multi-Run Capacity Lower Bound for the Binary Deletion Channel at \(d = 1/2\),Hungjen Chen,2026,https://zenodo.org/records/21780666,,"Posted 3 August; abstract, Section IX and certificate appendices; lower-bound claim not independently reproduced here; upper reconstruction explicitly assumes printed-table precision"
Essential Coding Theory (draft of 26 August 2025),Venkatesan Guruswami; Atri Rudra; Madhu Sudan,2025,https://cse.buffalo.edu/faculty/atri/courses/coding-theory/book/web-coding-book.pdf,,Rate-distance tradeoff and discussion of attaining or beating the binary Gilbert–Varshamov bound.
Information Inequality Problem over Set Functions,Miika Hannula,2024,https://drops.dagstuhl.de/entities/document/10.4230/LIPIcs.ICDT.2024.19,,"Inherited reference; ICDT 2024, article 19; §§1–2 define finite-valued entropy semantics and explicitly state general decidability as open; later sections treat restricted domains"
Decision Problems in Information Theory,Mahmoud Abo Khamis; Phokion G. Kolaitis; Hung Q. Ngo; Dan Suciu,2020,https://drops.dagstuhl.de/entities/document/10.4230/LIPIcs.ICALP.2020.106,,"ICALP 2020, article 106; co-recursive enumerability and arithmetical-hierarchy distinctions for exact information constraints"
Conditional Information Inequalities for Entropic and Almost Entropic Points,Tarik Kaced; Andrei Romashchenko,2013,https://arxiv.org/abs/1207.5742v4,,"IEEE Transactions on Information Theory 59(11), 7149–7167; revision 16 August 2013; essentially conditional inequalities and closure distinctions"
"Undecidability of Network Coding, Conditional Information Inequalities, and Conditional Independence Implication",Cheuk Ting Li,2023,https://arxiv.org/abs/2205.11461v3,,"IEEE Transactions on Information Theory 69(6), June 2023; manuscript May 2022; conditional statements, not single unconditional homogeneous inequalities"
Exploring the entropic region,László Csirmaz,2025,https://arxiv.org/abs/2509.12439v2,,"Posted 15 September, revised 28 September 2025; comparison of Copy Lemma and other construction methods, with open completeness questions"
Information Inequalities for Five Random Variables,Előd P. Csirmaz; László Csirmaz,2026,https://arxiv.org/abs/2512.23316v2,,"Computation 14(2), article 42; preprint December 2025, extended revision 3 March 2026; two infinite families and consequences through nine generations of a specified method"
A New Achievable Rate Region for the Interference Channel,Te Sun Han; Kingo Kobayashi,1981,https://doi.org/10.1109/TIT.1981.1056307,,Inner bound for the discrete memoryless interference channel; not a general matching capacity theorem.
Wikipedia: List of unsolved problems in information theory,Wikipedia contributors,,https://en.wikipedia.org/wiki/List_of_unsolved_problems_in_information_theory,,Discovery source; retrieved 2026-09-11. Evidence locator: Capacity of the two-way channel
Wikipedia revision used for discovery,Wikipedia contributors,,https://en.wikipedia.org/w/index.php?oldid=1351195847,,Revision timestamp: 2026-04-26T14:54:30Z
Lecture Notes on Network Information Theory,Abbas El Gamal; Young-Han Kim,2010,https://arxiv.org/abs/1001.3404v4,,"Lecture 18, pages 18–45 to 18–47: causal encoding and own-message side information at each decoder; model definitions checked 12 September 2026; this historical draft was superseded by the 2011 book and is not a current-status source."
Asymptotically good large-alphabet LDCs with polylogarithmic query complexity,Tal Yankovitz,2026,https://eccc.weizmann.ac.il/report/2025/168/revision/1/download/,,"ECCC TR25-168, revision 1, 2 April 2026. Definition 1.1, §1.1 explicitly poses the binary constant-rate logarithmic-query question; §1.3 gives a large-alphabet construction."
High Rate Efficient Local List Decoding from HDX,"Yotam Dikstein, Max Hopkins, Russell Impagliazzo and Toniann Pitassi",2026,https://arxiv.org/abs/2601.22535v1,,"30 January 2026 abstract: approximate local list decoding, polylogarithmic time and logarithmic-depth list decoding. These are different guarantees from ordinary binary logarithmic-query local decoding."
Network Information Theory,Abbas El Gamal; Young-Han Kim,2011,https://www.cambridge.org/core/books/network-information-theory/3ABE1D86EB0F0DF6A8764E415C2CA94A,,Distributed lossy source coding; bibliographic background.
Strengthening Recursive Constructions for Zero-Error Shannon Capacity,,2026,https://arxiv.org/abs/2608.30273,,August 2026; strong-product coding and remaining odd-cycle capacity questions; abstract checked 12 September 2026
Two-way communication channels,Claude E. Shannon,1961,https://projecteuclid.org/euclid.bsmsp/1200512185,,Two-way channel model and adaptive communication.
The Shannon capacity of a graph and the independence numbers of its powers,Noga Alon; Eyal Lubetzky,2006,https://doi.org/10.1109/tit.2006.872856,,"IEEE Transactions on Information Theory 52(5), 2172–2176 (2006). Read the authors’ 15 June 2005 manuscript at https://web.math.princeton.edu/~nalon/PDFS/eyall.pdf: Introduction and Theorems 1–2, plus §4. A bound on fixed finite prefixes is not a proof of noncomputability."
Wikipedia: Shannon capacity of a graph,Wikipedia contributors,,https://en.wikipedia.org/wiki/Shannon_capacity_of_a_graph,,Discovery source; retrieved 2026-09-11. Evidence locator: computational complexity
Wikipedia revision used for discovery,Wikipedia contributors,,https://en.wikipedia.org/w/index.php?oldid=1373729049,,Revision timestamp: 2026-09-07T16:30:35Z
The Shannon capacity of graph powers,"Aida Abiad, Cristina Dalfó and Miquel Àngel Fiol",2025,https://arxiv.org/abs/2510.16151v1,,"17 October 2025 preprint; abstract and Introduction read in full. Explicitly states that Shannon capacity is not known to be computable. Its new bounds concern distance powers, distinguished from strong powers in the capacity definition."
Advances in the Shannon capacity of graphs,Nitay Lavi and Igal Sason,2026,https://doi.org/10.3934/math.2026111,,"AIMS Mathematics 11(1), 2747–2796, published 28 January 2026. Read final arXiv version 3, dated 27 January 2026, abstract and Introduction at https://arxiv.org/html/2509.24600v3. Results include connected graphs whose capacity is not attained at any finite strong power; these do not establish noncomputability."
Dimension Reduction for Polynomials over Gaussian Space and Applications,"Ghazi, Badih; Kamath, Pritish; Raghavendra, Prasad",2018,https://doi.org/10.4230/LIPIcs.CCC.2018.28,https://drops.dagstuhl.de/storage/00lipics/lipics-vol102-ccc2018/LIPIcs.CCC.2018.28/LIPIcs.CCC.2018.28.pdf#page=10,Explicit open question on PDF page 10
Decision Problems in Information Theory,"Abo Khamis, Mahmoud; Kolaitis, Phokion G.; Ngo, Hung Q.; Suciu, Dan",2020,https://doi.org/10.4230/LIPIcs.ICALP.2020.106,https://drops.dagstuhl.de/storage/00lipics/lipics-vol168-icalp2020/LIPIcs.ICALP.2020.106/LIPIcs.ICALP.2020.106.pdf#page=16,Unresolved-question passage on page 16; PDF page 16
Generalized List Decoding,"Zhang, Yihan; Budkuley, Amitalok J.; Jaggi, Sidharth",2020,https://doi.org/10.4230/LIPIcs.ITCS.2020.51,https://drops.dagstuhl.de/storage/00lipics/lipics-vol151-itcs2020/LIPIcs.ITCS.2020.51/LIPIcs.ITCS.2020.51.pdf#page=76,Unresolved-question passage on page 76; PDF page 76
Deletion Codes in the High-noise and High-rate Regimes,"Guruswami, Venkatesan; Wang, Carol",2015,https://doi.org/10.4230/LIPIcs.APPROX-RANDOM.2015.867,https://drops.dagstuhl.de/storage/00lipics/lipics-vol040-approx-random2015/LIPIcs.APPROX-RANDOM.2015.867/LIPIcs.APPROX-RANDOM.2015.867.pdf#page=12,Unresolved-question passage on page 12; PDF page 12
Binary Codes with Resilience Beyond \(1/4\) via Interaction,"Klim Efremenko (Ben-Gurion University, Israel), Gillat Kol (Princeton University, USA), Raghuvansh R. Saxena (Microsoft Research, USA), Zhijun Zhang (Princeton University, USA)",2022,https://doi.org/10.1109/FOCS54457.2022.00008,https://ieee-focs.org/FOCS-2022-Papers/pdfs/FOCS2022-4Bu7jGV9xIcveUWYj3oWoi/551900a001/551900a001.pdf#page=1,Explicit open question on PDF page 1
A Complete Linear Programming Hierarchy for Linear Codes,"Coregliano, Leonardo Nagami; Jeronimo, Fernando Granha; Jones, Chris",2022,https://doi.org/10.4230/LIPIcs.ITCS.2022.51,https://drops.dagstuhl.de/storage/00lipics/lipics-vol215-itcs2022/LIPIcs.ITCS.2022.51/LIPIcs.ITCS.2022.51.pdf#page=21,Unresolved-question passage on page 21
Essential Coding Theory,Venkatesan Guruswami; Atri Rudra; Madhu Sudan,2026,https://cse.buffalo.edu/faculty/atri/courses/coding-theory/book/,https://cse.buffalo.edu/faculty/atri/courses/coding-theory/book/ada-coding-book.pdf#page=148,"§7.2, inner-code construction; setup p.147; PDF page 148"
Polynomial Property Testing,Lior Gishboliner; Asaf Shapira,2025,https://arxiv.org/html/2508.16878v1,,"§5, Problem 5.4; explicit q_P(poly(ε)) testing-versus-estimation question"
A Characterization of the (Natural) Graph Properties Testable with One-Sided Error,Noga Alon; Asaf Shapira,2008,https://epubs.siam.org/doi/10.1137/06064888X,,"SIAM Journal on Computing; general hereditary testability, distinct from polynomial query complexity"
Removal Lemmas with Polynomial Bounds,Lior Gishboliner; Asaf Shapira,2021,https://arxiv.org/abs/1611.10315,,"Preprint dated 30 November 2016; STOC 2017; IMRN 2021, 14409–14444; finite-family sufficient and necessary conditions"
Easily Testable Graph Properties,Noga Alon; Jacob Fox,2015,https://www.cambridge.org/core/product/identifier/S0963548314000765/type/journal_article,,"Combinatorics, Probability and Computing 24(4), 646–657; online 2 February 2015; its P₃ denotes a path with three edges, called P₄ in this card"
Efficient Removal without Efficient Regularity,Lior Gishboliner; Asaf Shapira,2017,https://arxiv.org/abs/1709.08159,,Preprint dated 24 September 2017; single-exponential bound for induced-C₄ removal
A Quantitative Container Characterization of One-Sided Testability,Gaia Carenini; Cameron Seth; Yuichi Yoshida,2026,https://eccc.weizmann.ac.il/report/2026/144/,,"TR26-144, submitted 13 August and published 16 August 2026; Definition 1.3 and Theorem 1.4. Quantitative equivalence, not a decision procedure on finite forbidden lists"
Testing versus estimation of graph properties,Eldar Fischer; Ilan Newman,2007,https://epubs.siam.org/doi/10.1137/060652324,,"SIAM Journal on Computing 37(1), 2007; STOC 2005 precursor; original general tester-to-estimator conversion"
"Testing versus estimation of graph properties, revisited",Lior Gishboliner; Noam Kushnir; Asaf Shapira,2024,https://onlinelibrary.wiley.com/doi/10.1002/rsa.21221,,Random Structures & Algorithms 65(3):460–487; improved general conversion bounds
Open Problems in Testing Graph Properties — Oded Goldreich,,,https://eccc.weizmann.ac.il/report/2021/088/,,Open Problem 2.4; PDF pp. 6–7
Sublinear.info,C. Seshadhri,2011,https://sublinear.info/index.php?title=Open_Problems:37,,Problem 37
Sublinear.info,Jayadev Acharya,2017,https://sublinear.info/index.php?title=Open_Problems:87,,Problem 87
Sublinear.info,Dana Ron,2011,https://sublinear.info/index.php?title=Open_Problems:41,,"Dana Ron’s Bertinoro 2011 question, complete current page read (oldid=652). Explicitly directed graphs, bounded in- and out-degree, with incoming and outgoing incidence-list access; the query-complexity target below develops its request for the best tester."
An Optimal Separation Between Two Property Testing Models for Bounded Degree Directed Graphs,"Pan Peng, Yuyang Wang",2023,https://drops.dagstuhl.de/entities/document/10.4230/LIPIcs.ICALP.2023.96,,"ICALP 2023, article 96. Abstract, introductory model definition and distance/tester paragraph, and Section 1.2 read. Explicit bidirectional versus unidirectional distinction and εdn edge-edit normalization; confirms the historical Ω(n^(1/3)) two-sided lower bound for bidirectional acyclicity."
Lower Bounds for Testing Directed Acyclicity in the Unidirectional Bounded-Degree Model,Yuichi Yoshida,2026,https://arxiv.org/abs/2604.13577v1,https://arxiv.org/pdf/2604.13577v1,15 April 2026 preprint. Abstract and introductory model and result statements read. Its new lower bounds allow only outgoing queries and do not bound indegree; they are not asserted for the bidirectional bounded-in/out-degree model here.
COLT / PMLR,Clément Canonne,2024,https://proceedings.mlr.press/v247/canonne24a.html,https://proceedings.mlr.press/v247/canonne24a/canonne24a.pdf,Open-problem paper
Directed Poincaré Inequalities and \(\mathrm{L}^{1}\) Monotonicity Testing of Lipschitz Functions,"Ferreira Pinto Jr., Renato",2023,https://doi.org/10.4230/LIPIcs.APPROX/RANDOM.2023.61,https://drops.dagstuhl.de/storage/00lipics/lipics-vol275-approx-random2023/LIPIcs.APPROX-RANDOM.2023.61/LIPIcs.APPROX-RANDOM.2023.61.pdf#page=7,"RANDOM 2023, article 61: definitions in Section 1, Theorem 1.2 and Conjecture 1.8 on page 61:7. The missing right-hand side is the expectation of the pointwise Euclidean norm of the negative gradient."
Directed Isoperimetry and Monotonicity Testing: A Dynamical Approach,Renato Ferreira Pinto Jr.,2024,https://arxiv.org/abs/2404.17882,,"FOCS 2024; arXiv v2, 1 October 2024: Theorem 1.1 and Section 1.3 read. Proves the directed (L²,ℓ₂) inequality and explicitly states that the (L¹,ℓ₂) Conjecture 1.8 is not resolved."
Analytic Property Testing: Directed Isoperimetry and Monotonicity,Renato Ferreira Pinto Jr.,2025,https://uwspace.uwaterloo.ca/items/e1f421e1-2f50-4ef9-af1e-45cdc345e24d,,"PhD thesis, University of Waterloo, 3 July 2025: Table 3.1 and Conjecture 4.43, printed page 60, read. Retains the same continuous (L¹,ℓ₂) conjecture after the later tester result."
Testing Symmetric Markov Chains From a Single Trajectory,"Constantinos Daskalakis, Nishanth Dikkala, Nick Gravin",2018,https://proceedings.mlr.press/v75/daskalakis18a.html,http://proceedings.mlr.press/v75/daskalakis18a/daskalakis18a.pdf#page=14,Unresolved-question passage on page 14; PDF page 14
An Adaptivity Hierarchy Theorem for Property Testing,"Canonne, Clément L.; Gur, Tom",2017,https://doi.org/10.4230/LIPIcs.CCC.2017.27,https://drops.dagstuhl.de/storage/00lipics/lipics-vol079-ccc2017/LIPIcs.CCC.2017.27/LIPIcs.CCC.2017.27.pdf#page=20,"Section 2: normalized Hamming distance and nonuniform algorithms; Definition 3; Section 6.1, Fact 25, Proposition 26 and Open Problem 3."
An adaptivity hierarchy theorem for property testing — journal publication,Clément L. Canonne; Tom Gur,2018,https://doi.org/10.1007/s00037-018-0168-4,,"Computational Complexity 27:671–716; online 24 May 2018, issue December 2018. Publisher abstract and metadata checked; full journal text was not obtained. The Cambridge repository attachment under this journal record is the 25-page conference-format paper, not the 46-page version of record."
An adaptivity hierarchy theorem for property testing — institutional attachment,Clément L. Canonne; Tom Gur,2017,https://www.repository.cam.ac.uk/items/73b70279-d662-43f0-b591-98afd3ce529c,https://www.repository.cam.ac.uk/bitstreams/79801d54-9763-4371-9934-bbfd1e89ed77/download,"Attachment checked directly: conference-format text, Section 6.1 retains Open Problem 3. The repository’s journal metadata is not a later revision date for this file."
Every Property of Outerplanar Graphs is Testable,"Babu, Jasine; Khoury, Areej; Newman, Ilan",2016,https://doi.org/10.4230/LIPIcs.APPROX-RANDOM.2016.21,https://drops.dagstuhl.de/storage/00lipics/lipics-vol060-approx-random2016/LIPIcs.APPROX-RANDOM.2016.21/LIPIcs.APPROX-RANDOM.2016.21.pdf#page=15,Unresolved-question passage on page 15; PDF page 15
Unbounded-Width CSPs Are Untestable in a Sublinear Number of Queries,"Fei, Yumou",2026,https://doi.org/10.4230/LIPIcs.APPROX/RANDOM.2026.31,https://drops.dagstuhl.de/storage/00lipics/lipics-vol392-approx-random2026/LIPIcs.APPROX-RANDOM.2026.31/LIPIcs.APPROX-RANDOM.2026.31.pdf#page=6,Question 13
Strongly Sublinear Algorithms for Testing Pattern Freeness,"Newman, Ilan; Varma, Nithin",2022,https://doi.org/10.4230/LIPIcs.ICALP.2022.98,https://drops.dagstuhl.de/storage/00lipics/lipics-vol229-icalp2022/LIPIcs.ICALP.2022.98/LIPIcs.ICALP.2022.98.pdf#page=5,Explicit open question on PDF page 5
Learning and Testing Latent-Tree Ising Models Efficiently,"Vardis Kandiros, Constantinos Daskalakis, Yuval Dagan, Davin Choo",2023,https://proceedings.mlr.press/v195/kandiros23a.html,https://proceedings.mlr.press/v195/kandiros23a/kandiros23a.pdf#page=6,"Section 1.1, pages 3–4: zero-field tree model; Theorem 3, page 6: proper learning. The question continues onto page 7 with ordinary O(n/epsilon^2), visually checked. Appendix E, page 64, states an unknown-topology lower bound with an extra log(n)."
Learning and Testing Latent-Tree Ising Models Efficiently — full author version,Davin Choo; Yuval Dagan; Constantinos Daskalakis; Anthimos Vardis Kandiros,2023,https://arxiv.org/abs/2211.13291,https://arxiv.org/pdf/2211.13291v2,"Version 2, 10 July 2023, first submitted 23 November 2022. Theorem 2 and following discussion, page 5: sample rate up to logarithmic factors and open statistical-computational gap; Section 9: upper and lower sample bounds. The discussion differs from the conference wording."
A Note on Minimax Learning of Tree Models,Frederic Koehler,2020,https://frkoehle.github.io/tv_note.pdf,,"Two-page author note, 24 June 2020. The information-theoretic lower bound cited by the original paper; no computational restriction on the learner."
Estimating Ising Models in Total Variation Distance,Constantinos Daskalakis; Vardis Kandiros; Rui Yao,2026,https://proceedings.mlr.press/v336/daskalakis26a.html,https://raw.githubusercontent.com/mlresearch/v336/main/assets/daskalakis26a/daskalakis26a.pdf,"COLT 2026, PMLR 336:1647–1714. Full introduction and Section 2: samples of the complete spin vector, under stated interaction or functional-inequality conditions; not the unrestricted latent-leaf model."
Mixtures of Gaussians are Privately Learnable with a Polynomial Number of Samples,"Mohammad Afzali, Hassan Ashtiani, Christopher Liaw",2024,https://proceedings.mlr.press/v237/afzali24a.html,https://proceedings.mlr.press/v237/afzali24a/afzali24a.pdf#page=6,Explicit open question on PDF page 6
Invited Open Problem: Does Differential Privacy Make PAC Learning Much Harder?,Kobbi Nissim; Uri Stemmer; Eliad Tsfadia,2026,https://proceedings.mlr.press/v336/nissim26a.html,https://raw.githubusercontent.com/mlresearch/v336/main/assets/nissim26a/nissim26a.pdf#page=3,Open Questions 1–2; Theorems 2–3
The Binary Tree Mechanism is Optimal for Approximate Differentially Private Continual Counting,Konstantina Bairaktari; Kasper Green Larsen,2026,https://arxiv.org/abs/2607.00876v2,,"2 July 2026 revision; Definition 1, Theorem 1 and Table 1: pure-DP expected-maximum gap"
The Price of Differential Privacy under Continual Observation,Palak Jain; Sofya Raskhodnikova; Satchit Sivakumar; Adam Smith,2023,https://proceedings.mlr.press/v202/jain23b.html,,"ICML 2023, PMLR 202:14654–14678; continual release and batch distinction"
Improved Error Bounds for Pure Differentially Private Continual Counting via Matrix Factorization,Pavel Arkhipov; Nikita P. Kalinin,2026,https://arxiv.org/abs/2607.08963,,"9 July 2026; mean and maximum per-coordinate squared errors, improved constants and a restricted-factor lower bound"
Costs of Arbitrary Real Matrix Factorizations for Pure-DP Continual Counting,Awnon Bhowmik; Mahmudul Hasan,2026,https://arxiv.org/abs/2607.28703v2,,6 August 2026 revision; claimed Θ(log³ T) squared-error order within Laplace matrix mechanisms; explicitly excludes expected maxima
A Near-Optimal Lower Bound for Prefix-Matrix Factorizations,Honghao Lin; Vahab Mirrokni; David P. Woodruff,2026,https://arxiv.org/abs/2608.08238,,"6 August 2026; real-factorization cost lower bound, not an unrestricted-mechanism expected-maximum theorem"
The Complexity of Differential Privacy,Salil Vadhan,2017,https://projects.iq.harvard.edu/files/privacytools/files/complexityprivacy_1_01.pdf,,Open Problem 7.8 and the preceding comparison of marginal-query algorithms; alternate author-hosted copy of complexityprivacy_1.pdf
Faster Private Release of Marginals on Small Databases,Karthekeyan Chandrasekaran; Justin Thaler; Jonathan Ullman; Andrew Wan,2013,https://arxiv.org/abs/1304.3754,,"v2, 3 September 2013; query model and subexponential per-query bound"
COLT / PMLR,Amartya Sanyal; Giorgia Ramponi,2022,https://proceedings.mlr.press/v178/open-problem-sanyal22a.html,https://proceedings.mlr.press/v178/open-problem-sanyal22a/open-problem-sanyal22a.pdf,Open-problem paper
COLT / PMLR,Bingshan Hu; Nishant A. Mehta,2024,https://proceedings.mlr.press/v247/hu24a.html,https://proceedings.mlr.press/v247/hu24a/hu24a.pdf,Open-problem paper
How to Find a Point in the Convex Hull Privately,"Kaplan, Haim; Sharir, Micha; Stemmer, Uri",2020,https://doi.org/10.4230/LIPIcs.SoCG.2020.52,https://drops.dagstuhl.de/storage/00lipics/lipics-vol164-socg2020/LIPIcs.SoCG.2020.52/LIPIcs.SoCG.2020.52.pdf#page=14,Unresolved-question passage on page 14; PDF page 14
The Algorithmic Foundations of Differential Privacy,Cynthia Dwork; Aaron Roth,2014,https://www.cis.upenn.edu/~aaroth/privacybook.html,https://www.cis.upenn.edu/~aaroth/Papers/privacybook.pdf#page=191,§9.3; PDF page 191
Open Problem: Optimal Query Release for Pure Differential Privacy,Sasho Nikolov; Jonathan Ullman,2021,https://differentialprivacy.org/open-problem-optimal-query-release/,,"7 July 2021, Open Problem 2: expected normalized Euclidean error"
Pure-DP Statistical Query Release at the Conjectured Square-Root Rate,Jack Fitzsimons,2026,https://arxiv.org/abs/2607.20418v2,,"3 August 2026 revision, Theorem 1.2 and Section 9; explicitly credits Nikolov for the prior resolution"
Private Query Release via the Johnson-Lindenstrauss Transform,Aleksandar Nikolov,2023,https://arxiv.org/abs/2208.07410,,"Theorem 1 and definitions on pp. 1–3; August 2022 preprint, SODA 2023 pp. 4982–5002; explicitly resolves Nikolov–Ullman Open Problem 2"
Private Query Release via the Johnson-Lindenstrauss Transform,Aleksandar Nikolov,2024,https://journalprivacyconfidentiality.org/index.php/jpc/article/view/873,,"Journal of Privacy and Confidentiality 14(2), published 27 June 2024; DOI 10.29012/jpc.873"
On the Growth of Mistakes in Differentially Private Online Learning: A Lower Bound Perspective,"Daniil Dmitriev, Kristóf Szabó, Amartya Sanyal",2024,https://proceedings.mlr.press/v247/dmitriev24a.html,https://proceedings.mlr.press/v247/dmitriev24a/dmitriev24a.pdf#page=14,ALT 2024: Definition 1 and Section 5.3 read. The question concerns generic pure-private online learning; the subsequent NeurIPS paper explicitly answers it for every pure privately PAC-learnable class against oblivious adversaries.
The Limits of Differential Privacy in Online Learning,"Bo Li, Wei Wang, Peng Ye",2024,https://proceedings.neurips.cc/paper_files/paper/2024/hash/77fa8253adfc8b33209639f3e9985741-Abstract-Conference.html,https://proceedings.nips.cc/paper_files/paper/2024/file/77fa8253adfc8b33209639f3e9985741-Paper-Conference.pdf,"NeurIPS 2024: Section 2 model and privacy, Definition 3.1, Theorem 3.3 and Appendix D.1 read; introduction explicitly identifies the Dmitriev–Szabó–Sanyal question. Theorem 3.5 distinguishes adaptive adversaries."
An invitation to the promise constraint satisfaction problem,Andrei Krokhin; Jakub Opršal,2022,https://arxiv.org/abs/2208.13538,,"ACM SIGLOG News 9(3), July 2022, 30–59; preprint 29 August; introduction distinguishes search and decision and gives intermediate-CSP algorithms; inherited reference"
A dichotomy theorem for nonuniform CSPs,Andrei A. Bulatov,2017,https://arxiv.org/abs/1703.03021,,"FOCS 2017, 319–330; ordinary finite-template CSPs, not the general promise extension"
A Proof of the CSP Dichotomy Conjecture,Dmitriy Zhuk,2020,https://arxiv.org/abs/1704.01914,,"FOCS 2017 precursor; Journal of the ACM 67(5), Article 30, DOI 10.1145/3402029; independent finite-domain proof by Bulatov, arXiv:1703.03021"
Promise Constraint Satisfaction: Algebraic Structure and a Symmetric Boolean Dichotomy,Joshua Brakensiek; Venkatesan Guruswami,2018,https://arxiv.org/abs/1704.01937,,SODA 2018; version 2 updated 6 May 2021; symmetric Boolean templates allowing negations
Promises Make Finite (Constraint Satisfaction) Problems Infinitary,Libor Barto,2019,https://www.karlin.mff.cuni.cz/~barto/Articles/DoNotPromise.pdf,,LICS 2019; introduction’s integer-equation algorithm and Theorem I.1 on finite tractability
Towards infinite PCSP: a dichotomy for monochromatic cliques,Demian Banakh; Alexey Barsukov; Tamio-Vesa Nakajima,2026,https://arxiv.org/abs/2605.09815,,"LICS 2026, Article 13; DOI 10.4230/LIPIcs.LICS.2026.13; Promise MMSNP correspondence and classification conditional on Rich 2-to-1"
Complexity of Infinite-Domain Constraint Satisfaction,Manuel Bodirsky,2021,https://wwwpub.zih.tu-dresden.de/~bodirsky/Book.pdf,,"Cambridge Lecture Notes in Logic 52, DOI 10.1017/9781107337534; checked author postprint 31 January 2026; Chapter 1 and Chapter 14"
Topology Is Irrelevant (In a Dichotomy Conjecture for Infinite Domain Constraint Satisfaction Problems),Libor Barto; Michael Pinsker,2020,https://doi.org/10.1137/18M1216213,,SIAM Journal on Computing 49(2):365–393; pseudo-Siggers characterization of the hardness obstruction
Three Fundamental Questions in Modern Infinite-Domain Constraint Satisfaction,Michael Pinsker; Jakub Rydval; Moritz Schöbi; Christoph Spiess; Paul Winkler,2026,https://arxiv.org/abs/2502.06621,,"v4, 6 May; Conjecture 1.4, Theorem 1.5 and §1.4; MFCS 2025 precursor, DOI 10.4230/LIPIcs.MFCS.2025.83"
Constraint Satisfaction Problems over Finitely Bounded Homogeneous Structures: a Dichotomy between FO and L-hard,Leonid Dorochko; Michał Wrona,2026,https://arxiv.org/abs/2601.22691,,"v3, 14 July; Conjecture 1.1, Theorem 1.3 and explicit discussion of why expansions are required"
Decidability of Interpretability,Roman Feller; Michael Pinsker,2026,https://arxiv.org/abs/2602.02302,,"v2, 5 August; LICS 2026.42, DOI 10.4230/LIPIcs.LICS.2026.42; computable model-complete cores under a finitely bounded Ramsey-expansion hypothesis"
Better coloring of 3-colorable graphs,Ken-ichi Kawarabayashi; Mikkel Thorup; Hirotaka Yoneda,2024,https://arxiv.org/abs/2406.00357,,"v1, 1 June; STOC 2024; combinatorial progress theorem and combined Õ(n^{0.19747}) bound; inherited source"
Algebraic approach to promise constraint satisfaction,Libor Barto; Jakub Bulín; Andrei Krokhin; Jakub Opršal,2021,https://arxiv.org/abs/1811.00970,,"JACM 68(4), 2021; approximate-colouring hardness with 2k−1 output colours"
d-To-1 Hardness of Coloring 3-Colorable Graphs with \(O(1)\) Colors,Venkatesan Guruswami; Sai Sandeep,2020,https://drops.dagstuhl.de/entities/document/10.4230/LIPIcs.ICALP.2020.62,,Published 29 June; Theorem 1; perfect completeness in the d-to-1 conjecture is essential to the stated colouring consequence
Improved SDP-Based Algorithm for Coloring 3-Colorable Graphs,Nikhil Bansal; Neng Huang; Euiwoong Lee,2026,https://arxiv.org/abs/2602.05904,,"5 February 2026; growing-colour guarantee, not constant-palette colouring"
Undefinability of Approximation of 2-to-2 Games,Anuj Dawar; Bálint Molnár,2026,https://arxiv.org/abs/2504.03523,,"First posted 4 April 2025; checked v2, 1 March 2026; full version of CSL 2025 work; fixed-point-with-counting inseparability of K₃-colourability from failure of K_t-colourability for each fixed t"
Ineffectiveness for Search and Undecidability of PCSP Meta-Problems,Alberto Larrauri,2026,https://arxiv.org/abs/2504.04639,,"FOCS 2025, 1313–1350; checked v4, 25 May 2026; Theorem 1.1, definition of relaxation-accepted search, introduction footnote 1 and §10"
New Algorithms and Hardness Results for Robust Satisfiability of (Promise) CSPs,Joshua Brakensiek; Lorenzo Ciardo; Venkatesan Guruswami; Aaron Potechin; Stanislav Živný,2026,https://arxiv.org/abs/2602.10368,,"v1, 10 February 2026; full version of SODA 2026 paper; robust algorithms assume majority or related polymorphism structure"
Publications — FOCS 2025 research summary,Alberto Larrauri,,https://albertolarrauri.github.io/publications/,,Inherited author summary; the revised full paper is used for precise scope and correction history
"Beyond PCSP(1-in-3,NAE)",Alex Brandts; Stanislav Živný,2021,https://drops.dagstuhl.de/storage/00lipics/lipics-vol198-icalp2021/LIPIcs.ICALP.2021.121/LIPIcs.ICALP.2021.121.pdf,,"ICALP 2021, Article 121; introductory six-colouring question"
Optimal Polynomial-Time Compression for Boolean Max CSP,"Jansen, Bart M. P.; Włodarczyk, Michał",2020,https://doi.org/10.4230/LIPIcs.ESA.2020.63,https://drops.dagstuhl.de/storage/00lipics/lipics-vol173-esa2020/LIPIcs.ESA.2020.63/LIPIcs.ESA.2020.63.pdf#page=17,"Section 2, weighted instances and Boolean languages; Section 6, especially Theorem 6.2; Section 7, missing nonnegative-weight case."
Optimal Polynomial-Time Compression for Boolean Max CSP,Bart M. P. Jansen; Michał Włodarczyk,2024,https://doi.org/10.1145/3624704,https://pure.tue.nl/ws/portalfiles/portal/347237483/3624704.pdf,"ACM Transactions on Computation Theory 16(1), article 4, March 2024. Definitions 2.1–2.3, Theorem 2.2, Proposition 4.3, Lemma 4.10, Theorem 6.2 and Section 7. The conclusion repeats the question."
Promise and Infinite-Domain Constraint Satisfaction,"Mottet, Antoine",2024,https://doi.org/10.4230/LIPIcs.CSL.2024.41,https://drops.dagstuhl.de/storage/00lipics/lipics-vol288-csl2024/LIPIcs.CSL.2024.41/LIPIcs.CSL.2024.41.pdf#page=13,Unresolved-question passage on page 13; PDF page 13
PACS 2024 workshop,,2024,https://pacs2024.github.io/pacs2024-open-problems.pdf,,Question 9
Antoine Amarilli: research questions,Antoine Amarilli,,https://a3nm.net/work/research/questions/#uniform-ptime-algorithm-for-tractable-csps,,uniform-ptime-algorithm-for-tractable-csps
The Polynomial Hierarchy and \(\omega\)-Categorical CSPs,"Guzmán-Pro, Santiago; Rydval, Jakub",2026,https://doi.org/10.4230/LIPIcs.MFCS.2026.96,https://drops.dagstuhl.de/storage/00lipics/lipics-vol386-mfcs2026/LIPIcs.MFCS.2026.96/LIPIcs.MFCS.2026.96.pdf#page=17,Question 3; PDF page 17
Temporal Valued Constraint Satisfaction Problems,"Bodirsky, Manuel; Bonnet, Édouard; Semanišinová, Žaneta",2025,https://doi.org/10.4230/LIPIcs.MFCS.2025.24,https://drops.dagstuhl.de/storage/00lipics/lipics-vol345-mfcs2025/LIPIcs.MFCS.2025.24/LIPIcs.MFCS.2025.24.pdf#page=16,Question 44; PDF page 16
Restricted CSPs and F-Free Digraph Algorithmics,"Guzmán-Pro, Santiago; Martin, Barnaby",2025,https://doi.org/10.4230/LIPIcs.ICALP.2025.158,https://drops.dagstuhl.de/storage/00lipics/lipics-vol334-icalp2025/LIPIcs.ICALP.2025.158/LIPIcs.ICALP.2025.158.pdf#page=19,Unresolved-question passage on page 19; PDF page 19
Testing the Complexity of a Valued CSP Language,"Kolmogorov, Vladimir",2019,https://doi.org/10.4230/LIPIcs.ICALP.2019.77,https://drops.dagstuhl.de/storage/00lipics/lipics-vol132-icalp2019/LIPIcs.ICALP.2019.77/LIPIcs.ICALP.2019.77.pdf#page=8,"Section 2, sparse effective-domain encoding; Definition 6, core; Definition 8 and Theorems 9–10, Siggers criterion; Section 2.4, Theorems 16–20 and the core-crisp open question."
Testing the complexity of a valued CSP language,Vladimir Kolmogorov,2019,https://arxiv.org/abs/1803.02289,https://arxiv.org/pdf/1803.02289,"Full version 3, 19 April 2019; Section 2.4 repeats the core-crisp question and the conditional consequence of a uniform solver."
The Complexity of Finding Coset-Generating Polymorphisms and the Promise Metaproblem,Manuel Bodirsky; Armin Weiß,2026,https://doi.org/10.4230/LIPIcs.ICALP.2026.169,https://drops.dagstuhl.de/storage/00lipics/lipics-vol374-icalp2026/LIPIcs.ICALP.2026.169/LIPIcs.ICALP.2026.169.pdf,"ICALP 2026, Section 4 after Theorem 4: the core promise equates Siggers and idempotent Siggers, and the latter polynomial-time test remains open. Introduction separates uniform solving from the fixed-template dichotomy."
NP-Hardness of Coloring 2-Colorable Hypergraph with Poly-Logarithmically Many Colors,"Bhangale, Amey",2018,https://doi.org/10.4230/LIPIcs.ICALP.2018.15,https://drops.dagstuhl.de/storage/00lipics/lipics-vol107-icalp2018/LIPIcs.ICALP.2018.15/LIPIcs.ICALP.2018.15.pdf#page=10,Unresolved-question passage on page 10; PDF page 10
Constraint Satisfaction Problems with Infinite Templates,Manuel Bodirsky,2008,https://www.lix.polytechnique.fr/~bodirsky/publications/csp-survey.pdf,https://www.lix.polytechnique.fr/~bodirsky/publications/csp-survey.pdf#page=27,"§12.3, final question; PDF page 27"
Time Complexity of Constraint Satisfaction via Universal Algebra,"Jonsson, Peter; Lagerkvist, Victor; Roy, Biman",2017,https://doi.org/10.4230/LIPIcs.MFCS.2017.17,https://drops.dagstuhl.de/storage/00lipics/lipics-vol083-mfcs2017/LIPIcs.MFCS.2017.17/LIPIcs.MFCS.2017.17.pdf#page=13,"Section 2.4: T(Γ) and subexponential time; Theorem 9 and Corollary 10; Section 5, page 17:13: structural treewidth question."
Time Complexity of Constraint Satisfaction via Universal Algebra — full version,Peter Jonsson; Victor Lagerkvist; Biman Roy,2017,https://arxiv.org/abs/1706.05902,https://arxiv.org/pdf/1706.05902v1,"Only listed arXiv version, 19 June 2017. Section 5, Structurally restricted CSPs and the ETH, repeats the same “bounded by Ω(n)” wording."
On the Subexponential Time Complexity of CSP,Iyad Kanj; Stefan Szeider,2013,https://doi.org/10.1609/aaai.v27i1.8609,https://ojs.aaai.org/index.php/AAAI/article/download/8609/8468,"AAAI 27(1):459–465, published 30 June 2013; Theorem 7 and its proof define LINEAR-tw-CSP by tw≤cn and use disjoint-copy padding. The later 2015 JAIR paper with Ronald de Haan is the edition cited by the primary source; its full PDF was not obtained in this review."
A Dichotomy Theorem for Nonuniform CSPs,Andrei A. Bulatov,2017,https://doi.org/10.1109/FOCS.2017.37,https://ieee-focs.org/FOCS-2017-Papers/3464a319.pdf,"FOCS 2017, pages 319–330; Theorems 1–2 and the introduction explicitly identify the proved criterion with the algebraic dichotomy. The independent Zhuk result is acknowledged there."
"Word equations, constraints, and formal languages",Laura Ciobanu,2024,https://arxiv.org/abs/2406.02160,,"DLT 2024 survey; §2, Example 1 and following discussion distinguish WordEqn+LEN from letter-count and Parikh constraints"
Word Equations with Length Constraints via Weak Arithmetics and Matrix Reachability Problems,Joel D. Day; Matthew Konefal,2025,https://link.springer.com/chapter/10.1007/978-3-032-09524-4_4,,"RP 2025, LNCS 16230:51–67; first online 5 November 2025, proceedings copyright 2026; quadratic equations with at most two unknowns"
The Termination of Nielsen Transformations Applied to Word Equations with Length Constraints,Benjamin Przybocki; Clark Barrett,2026,https://link.springer.com/chapter/10.1007/978-3-032-32592-1_14,,"IJCAR 2026, Part II, 234–250; §1 and Theorems 1–2; full preprint arXiv:2501.11789, where theorem numbers are 6.1 and 7.3"
NEXP-Completeness and Exponential Coefficient Growth for Existential Presburger Arithmetic with Divisibility,Ignacio Barros; Michaël Cadilhac; Guillermo A. Pérez,2026,https://arxiv.org/abs/2606.14167v3,,"Preprint v3, 19 July 2026; Theorem 1 is EPAD NEXP-completeness; Corollary 2 is NEXP-hardness of the nonerasing positive-Boolean word-equation formulation"
On the unification problem for GLP,Lev D. Beklemishev,2025,https://www.mathnet.ru/php/archive.phtml?jrnid=im&option_lang=eng&paperid=9592&wshow=paper,,"Izvestiya: Mathematics 89(1), pp. 1–14, Section 1 explicitly retains decidability of unification in K as open"
Blending margins: The modal logic K has nullary unification type,Emil Jeřábek,2015,https://arxiv.org/abs/1108.6240,,"Journal of Logic and Computation 25(5), pp. 1231–1240; formula p→□p and its complete family of unifiers; preprint 2011"
Undecidability of the unification and admissibility problems for modal and description logics,Frank Wolter; Michael Zakharyaschev,2008,https://arxiv.org/abs/cs/0609052,,"ACM Transactions on Computational Logic 9(4); K with an added universal modality, not basic K"
Computing most general unifiers in Euclidean modal logics,Quentin Gougeon,2025,https://doi.org/10.1093/logcom/exae084,,"Journal of Logic and Computation 35(4), exae084; extensions of K5, including unification with parameters"
Research reference · arXiv 2605.12378,,2026,https://arxiv.org/html/2605.12378v1,,
Research reference · www.auai.org,,,https://www.auai.org/uai2013/prints/papers/165.pdf,https://www.auai.org/uai2013/prints/papers/165.pdf,
Space in Proof Complexity,Marc Vinyals,2017,https://jakobnordstrom.se/docs/publications/MV_PhDthesis.pdf,,"Paper D, Sections D.2.1–D.2.5, printed pp. 180–185: transitions, traces, trivial asserting learning and costs"
CDCL vs Resolution,Marc Vinyals,2022,https://simons.berkeley.edu/sites/default/files/docs/21462/satreunionslides-marcvinyals.pdf,,PDF pp. 41–43: no-restart comparison and non-greedy/preprocessing exceptions
A Simple Supercritical Tradeoff between Size and Height in Resolution,Sam Buss; Neil Thapen,2026,https://mathweb.ucsd.edu/~sbuss/ResearchWeb/heightTradeoff/,,"Journal version, Information Processing Letters 191, article 106589; abstract explicitly leaves the proposed separation unproved"
Research reference · epubs.siam.org,,,https://epubs.siam.org/doi/10.1137/S009753979833297X,,
Application of Lempel-Ziv Encodings to the Solution of Word Equations,Wojciech Plandowski; Wojciech Rytter,1998,https://ii.uni.wroc.pl/~aje/WordEq2015/papers/PlandowskiRytter.pdf,,"Page 732, Conjecture B, and page 733, equation-size and free-monoid conventions. The draft uses a polynomial exponent without asserting a sharper linear exponent."
Wikipedia: Word equation,Wikipedia contributors,,https://en.wikipedia.org/wiki/Word_equation,,Discovery source; retrieved 2026-09-11. Evidence locator: singly exponential
Wikipedia revision used for discovery,Wikipedia contributors,,https://en.wikipedia.org/w/index.php?oldid=1362000376,,Revision timestamp: 2026-07-01T09:54:49Z
Antoine Amarilli: research questions,Antoine Amarilli,,https://a3nm.net/work/research/questions/#complexity-of-word-equation-satisfiability,,complexity-of-word-equation-satisfiability
Hardness Results for Constant-Free Pattern Languages and Word Equations,"Saarela, Aleksi",2020,https://doi.org/10.4230/LIPIcs.ICALP.2020.140,https://drops.dagstuhl.de/storage/00lipics/lipics-vol168-icalp2020/LIPIcs.ICALP.2020.140/LIPIcs.ICALP.2020.140.pdf#page=13,Unresolved-question passage on page 13; PDF page 13
An Improved Version of Hmelevskii’s Theorem on Three-Variable Word Equations,"Saarela, Aleksi",2026,https://doi.org/10.4230/LIPIcs.STACS.2026.77,https://drops.dagstuhl.de/storage/00lipics/lipics-vol364-stacs2026/LIPIcs.STACS.2026.77/LIPIcs.STACS.2026.77.pdf#page=1,Explicit open question on PDF page 1
Solving Word Equations (And Other Unification Problems) by Recompression (Invited Talk),"Jeż, Artur",2020,https://doi.org/10.4230/LIPIcs.CSL.2020.3,https://drops.dagstuhl.de/storage/00lipics/lipics-vol152-csl2020/LIPIcs.CSL.2020.3/LIPIcs.CSL.2020.3.pdf#page=4,Explicit open question on PDF page 4
Unification Theory,Franz Baader; Wayne Snyder,2001,https://www.cs.bu.edu/fac/snyder/pubs.html,https://www.cs.bu.edu/fac/snyder/publications/UnifChapter.pdf#page=40,"§3.4, distributivity with a unit; PDF page 40"
RTA Open Problems,Klaus Schulz,1998,https://www.cs.tau.ac.il/~nachum/rtaloop/problems/92.html,,Problem 92
RTA Open Problems,Jean-Pierre Jouannaud,1995,https://www.cs.tau.ac.il/~nachum/rtaloop/problems/84.html,,Problem 84
Automata Exchange,C. Aiswarya,2024,https://automata.exchange/24.13-satisfiability-of-string-constraints-with-subsequence-relation/,,24.13
Atlas companion question: Is d-DNNF closed under negation with only polynomial size growth?,Atlas,2026,https://vaclavrozhon.github.io/atlas/#TCS-7260,,"Related benchmark target, not independent literature evidence"
A Knowledge Compilation Map,Adnan Darwiche; Pierre Marquis,2002,https://arxiv.org/abs/1106.1819,https://arxiv.org/pdf/1106.1819#page=11,"Table 5, EQ for FBDD; PDF page 11"
Mechanized Undecidability of Higher-Order Beta-Matching,"Dudenhefner, Andrej",2025,https://doi.org/10.4230/LIPIcs.FSCD.2025.17,https://drops.dagstuhl.de/storage/00lipics/lipics-vol337-fscd2025/LIPIcs.FSCD.2025.17/LIPIcs.FSCD.2025.17.pdf#page=14,Unresolved-question passage on page 14; PDF page 14
An Introduction to the Theory of Linear Integer Arithmetic (Invited Paper),"Chistikov, Dmitry",2024,https://doi.org/10.4230/LIPIcs.FSTTCS.2024.1,https://drops.dagstuhl.de/storage/00lipics/lipics-vol323-fsttcs2024/LIPIcs.FSTTCS.2024.1/LIPIcs.FSTTCS.2024.1.pdf#page=29,Unresolved-question passage on page 29; PDF page 29
On the Complexity Dichotomy for the Satisfiability of Systems of Term Equations over Finite Algebras,"Mayr, Peter",2023,https://doi.org/10.4230/LIPIcs.MFCS.2023.66,https://drops.dagstuhl.de/storage/00lipics/lipics-vol272-mfcs2023/LIPIcs.MFCS.2023.66/LIPIcs.MFCS.2023.66.pdf#page=5,"Theorem 3, page 66:4, and open question on page 66:5; Section 2.2 defines abelianness, Section 5 proves the quasipolynomial algorithm. The input to this question is the algebra, not a system of equations."
Equations over finite algebras,Erhard Aichinger,2024,https://www.algebra.uni-linz.ac.at/Slides/sl-aaa105-6.pdf,,"AAA105, Prague, June 2024. Slides headed “The meta-problem for TermSysSat” restate Mayr’s quasipolynomial abelian-core result in the congruence-modular setting. Full slides read; the original theorem has the broader Taylor-variety promise."
Weak MSO+U over infinite trees,"Bojanczyk, Mikolaj; Torunczyk, Szymon",2012,https://doi.org/10.4230/LIPIcs.STACS.2012.648,https://drops.dagstuhl.de/storage/00lipics/lipics-vol014-stacs2012/LIPIcs.STACS.2012.648/LIPIcs.STACS.2012.648.pdf#page=1,Explicit open question on PDF page 1
On the Power of Ordering in Linear Arithmetic Theories,"Chistikov, Dmitry; Haase, Christoph",2020,https://doi.org/10.4230/LIPIcs.ICALP.2020.119,https://drops.dagstuhl.de/storage/00lipics/lipics-vol168-icalp2020/LIPIcs.ICALP.2020.119/LIPIcs.ICALP.2020.119.pdf#page=14,"Section 2, integer-domain syntax and binary encoding; Section 7, decision-complexity question."
Higher-Order Quantified Boolean Satisfiability,Dmitry Chistikov; Christoph Haase; Zahra Hadizadeh; Alessio Mansutti,2022,https://doi.org/10.4230/LIPIcs.MFCS.2022.33,,"Theorem 1 and STA definition in Section 2; Section 5, Theorem 7 and reductions for positive and Horn weak Presburger arithmetic."
On Polynomial-Time Decidability of k-Negations Fragments of First-Order Theories,Christoph Haase; Alessio Mansutti; Amaury Pouly,2026,https://doi.org/10.46298/lmcs-22(1:21)2026,https://arxiv.org/pdf/2407.18420,"LMCS 22(1:21), published 10 March 2026; introduction, unrestricted weak arithmetic complexity and CHHM22; Theorem 8.13, restricted fragments."
Graph classes through the lens of logic,Michał Pilipczuk,2025,https://arxiv.org/abs/2501.04166,,"v1, 7 January 2025; Conjecture 2 and sections on monadic dependence and model checking; class-wise exponent may depend on C"
Monadically Stable and Monadically Dependent Graph Classes: Characterizations and Algorithmic Meta-Theorems,Nikolas Mählmann,2024,https://media-api.suub.uni-bremen.de/api/core/bitstreams/64278fff-a8bb-43a8-aa91-32469c6394ac/content,,"University of Bremen dissertation, defended 5 September 2024; pp. 157–159, Example 12.23, Definition 12.24 and Theorem 12.25 distinguish computable dependence bounds"
Flip-Breakability: A Combinatorial Dichotomy for Monadically Dependent Graph Classes,Jan Dreier; Nikolas Mählmann; Szymon Toruńczyk,2024,https://arxiv.org/abs/2403.15201,,"Checked v2, 27 March 2024; STOC 2024, 1550–1560; hereditary monadically independent classes are AW[*]-hard"
First-Order Model Checking on Monadically Stable Graph Classes,Jan Dreier; Ioannis Eleftheriadis; Nikolas Mählmann; Rose McCarty; Michał Pilipczuk; Szymon Toruńczyk,2024,https://arxiv.org/abs/2311.18740,,"Preprint 30 November 2023; FOCS 2024, 21–30; tractability for the stable subclass; computable-parameter qualification made explicit in Mählmann’s thesis"
Merge-width and First-Order Model Checking,Jan Dreier; Szymon Toruńczyk,2026,https://arxiv.org/abs/2502.18065,,"STOC 2025, 1944–1955; checked v2, 23 June 2026; bounded merge-width theorem requires an input construction sequence"
Near-Linear Time Computation of Welzl Orders on Graphs with Linear Neighborhood Complexity,Jan Dreier; Clemens Kuske,2026,https://arxiv.org/abs/2602.14625,,"v1, 16 February 2026; randomized low-crossing-order algorithm and applications to neighborhood covers and monadically stable model checking"
Neighborhood Complexity and Radius-1 Merge-Width in Monadically Dependent Graph Classes,Jan Dreier; Nikolas Mählmann; Rose McCarty; Michał Pilipczuk; Szymon Toruńczyk,2026,https://arxiv.org/abs/2607.10941,,"v1, 12 July 2026; Conjecture 1, Theorem 2 and algorithmic radius-one construction; full tractability direction explicitly retained"
Monadically stable graph classes — Oberwolfach talk,Rose McCarty,2025,https://mccarty.math.gatech.edu/McCarty-2025-Oberwolfach.pdf,,Inherited source; motivating hereditary-class model-checking conjecture
Flip-Width: Cops and Robber on Dense Graphs,Szymon Toruńczyk,2023,https://ieee-focs.org/FOCS-2023-Papers/pdfs/FOCS2023-35YPEGokY3iqqos5xlCDsn/189400a663/189400a663.pdf,,FOCS 2023; Conjecture I.1; inherited source
"Conjunctive Queries With Self-Joins, Towards a Fine-Grained Enumeration Complexity Analysis",Nofar Carmeli; Luc Segoufin,2023,https://arxiv.org/abs/2206.04988,,"Inherited 2022 preprint; PODS 2023, 277–289, DOI 10.1145/3584372.3588667; §2 model, Theorems 7–8, §5, Example 19 and Proposition 20; author PDF https://www.di.ens.fr/~segoufin/Papers/Mypapers/enum-cq-selfjoin.pdf"
On Acyclic Conjunctive Queries and Constant Delay Enumeration,Guillaume Bagan; Arnaud Durand; Etienne Grandjean,2007,https://webusers.imj-prg.fr/~arnaud.durand/papers/BDGcsl07.pdf,,"CSL 2007, LNCS 4646, 208–222; free-connex algorithms and conditional hardness"
Enumerating answers of acyclic conjunctive queries with self-joins (Report),Clément Rouvroy,2025,https://www.normalesup.org/~rouvroy/papers/Report_M1S1.pdf,,"Dated 2 May 2025; explicitly preliminary; §1 scope, Theorem 3.17, §4 necessary conditions and unresolved examples"
The Role of Semirings in Incremental View Maintenance,Eden Chmielewski; Andrei Draghici; Dan Olteanu; Haozhe Zhang,2026,https://arxiv.org/abs/2606.07795,,"Posted 5 June 2026; insert-only semiring-annotated setting, with self-join-free lower bounds"
The Quest for a Logic Capturing PTIME,Martin Grohe,2008,https://doi.org/10.1109/LICS.2008.11,,"LICS 2008, pp. 267–271. Conference abstract and bibliographic record checked; full 2008 PDF could not be fetched. Precise formulation checked in the author’s 2015 survey with Grädel and Pago’s 2025 lectures."
Wikipedia: Descriptive complexity theory,Wikipedia contributors,,https://en.wikipedia.org/wiki/Descriptive_complexity_theory,,Discovery source; retrieved 2026-09-11. Evidence locator: logic characterising PTIME
Wikipedia revision used for discovery,Wikipedia contributors,,https://en.wikipedia.org/w/index.php?oldid=1370339750,,Revision timestamp: 2026-08-20T15:25:01Z
The Quest for a Logic Capturing PTIME: LICS 2008 invited paper,Martin Grohe,2008,https://lics.siglog.org/2008/Grohe-TheQuestforaLogicCa.html,,Official conference abstract and publication details.
Is Polynomial Time Choiceless?,Erich Grädel and Martin Grohe,2015,https://logic.rwth-aachen.de/pub/graedel/cptYuri.pdf,,"Full author-posted survey, §1: decidable syntax, isomorphism-invariant semantics, expressiveness and effective compilation. LNCS 9300, pp. 193–209."
The quest for a logic for Ptime,Benedikt Pago,2025,https://www.cl.cam.ac.uk/~btp26/esslli/lecture1.pdf,,"ESSLLI 2025 Lecture 1: effective evaluation with a computable polynomial clock, Gurevich’s question, and the consequence of P=NP via existential second-order logic."
Choiceless Polynomial Time with Witnessed Symmetric Choice,Moritz Lichter and Pascal Schweitzer,2022,https://arxiv.org/abs/2205.14003v3,,"LICS 2022; full-version revision 3, February 2023 abstract. Captures PTIME on classes where isomorphism is definable in the extended logic; not a theorem for all finite structures."
Subgroup Accessibility in Group Order Logic,Anatole Dahan,2026,https://arxiv.org/abs/2609.00499,,"31 August 2026 full PDF introduction: general capturing remains open. Definable generating-set limitations concern a structured output operation, while positive results assume ordered generators or abelian structure."
Fifty Years of the Spectrum Problem: Survey and New Results,Arnaud Durand; Neil D. Jones; Johann A. Makowsky; Malika More,2012,https://arxiv.org/abs/0907.5495,,"2009 preprint; Bulletin of Symbolic Logic 18(4), 2012, 505–553; spectrum definitions and Asser’s complement question"
Absorption-Based Query Entailment Checking for Expressive Description Logics,Andreas Steigmiller; Birte Glimm,2019,https://ceur-ws.org/Vol-2373/paper-25.pdf,,Introduction and termination discussion; inherited source
The Even More Irresistible SROIQ,Ian Horrocks; Oliver Kutz; Ulrike Sattler,2006,https://www.cs.ox.ac.uk/people/ian.horrocks/Publications/download/2006/HoKS06a.pdf,,"KR 2006, 57–67; Definitions 1–6 specify the precise language used here"
"Nominals, Inverses, Counting, and Conjunctive Queries or: Why Infinity is your Friend!",Sebastian Rudolph; Birte Glimm,2010,https://www.cs.ox.ac.uk/files/2175/paper.pdf,,"JAIR 39, 429–481; abstract, main decidability theorem and conclusion extending to SROIQ with simple query roles"
Query Answering in the Horn Fragments of the Description Logics SHOIQ and SROIQ,Magdalena Ortiz; Sebastian Rudolph; Mantas Šimkus,2011,https://www.ijcai.org/Proceedings/11/Papers/178.pdf,,"IJCAI 2011, 1039–1044; combined- and data-complexity results"
The Curse of Finiteness: Undecidability of Database-Inspired Reasoning Problems in Very Expressive Description Logics,Sebastian Rudolph,2016,https://ceur-ws.org/Vol-1577/paper_12.pdf,,Workshop text with full KR 2016 version appended; Corollary 2 on finite CQ entailment for SROIF⁻
Revisiting Conjunctive Query Entailment for S,Yazmín Ibáñez-García; Jean Christoph Jung; Vincent Michielini; Filip Murlak,2026,https://arxiv.org/abs/2511.07933,,"AAAI 40(23), 19152–19159, DOI 10.1609/aaai.v40i23.38989; full version v2, 8 May 2026; original preprint November 2025"
List of open questions: Decidability of conjunctive query containment under bag semantics,Antoine Amarilli,2026,https://a3nm.net/work/research/questions/#decidability-of-conjunctive-query-containment-under-bag-semantics,,"Maintained question list, accessed 10 September 2026"
Bag Semantics Conjunctive Query Containment. Four Small Steps Towards Undecidability,Jerzy Marcinkowski; Mateusz Orda,2024,https://doi.org/10.1145/3651604,,PODS 2024; author preprint posted as arXiv:2503.18003 in March 2025
Bag Containment of Join-On-Free Queries,George Konstantinidis; Fabio Mogavero,2025,https://doi.org/10.4230/LIPIcs.ICDT.2025.5,,Abstract and decidability result for a join-on-free left query
Bag Semantics Query Containment: The CQ vs. UCQ Case and Other Stories,Jerzy Marcinkowski; Piotr Ostropolski-Nalewaja,2025,https://arxiv.org/abs/2503.07219v3,,"Version 3, 1 June 2025; abstract explicitly distinguishes progress on extensions from the open plain-CQ case"
Polynomial Time Convergence of the Iterative Evaluation of Datalogo Programs,Sungjin Im; Benjamin Moseley; Hung Q. Ngo; Kirk Pruhs,2024,https://arxiv.org/abs/2312.14063v2,,"Theorem 1.1, Section 2.1 definitions, Section 2.4 grounding; revised 21 February 2024, subsequently listed at PODS 2025"
Publication listing: Optimal Convergence of Iterative Methods for Datalogo,Simon Frisk; Hangdong Zhao; Hung Ngo; Kirk Pruhs; Benjamin Moseley; Sungjin Im; Paraschos Koutris,2026,https://hung-q-ngo.github.io/publications.html,,"Author-maintained announcement accessed 10 September 2026; entry labeled PODS 2027, without a linked manuscript"
Antoine Amarilli: research questions,Antoine Amarilli,,https://a3nm.net/work/research/questions/#does-bounded-derivation-depth-imply-finite-controllability,,does-bounded-derivation-depth-imply-finite-controllability
Antoine Amarilli: research questions,Antoine Amarilli,,https://a3nm.net/work/research/questions/#complexity-of-query-evaluation-parameterized-by-treewidth,,complexity-of-query-evaluation-parameterized-by-treewidth
Antoine Amarilli: research questions,Antoine Amarilli,,https://a3nm.net/work/research/questions/#do-tractable-queries-on-probabilistic-instances-have-tractable-lineages,,do-tractable-queries-on-probabilistic-instances-have-tractable-lineages
Antoine Amarilli: research questions,Antoine Amarilli,,https://a3nm.net/work/research/questions/#complexity-of-uniform-reliability-for-homomorphism-closed-queries,,complexity-of-uniform-reliability-for-homomorphism-closed-queries
Output-Sensitive Evaluation of Acyclic Conjunctive Regular Path Queries,"Abo Khamis, Mahmoud; Hurjui, Alexandru-Mihai; Kara, Ahmet; Olteanu, Dan; Suciu, Dan; Tian, Zilu",2026,https://doi.org/10.4230/LIPIcs.ICDT.2026.18,https://drops.dagstuhl.de/storage/00lipics/lipics-vol365-icdt2026/LIPIcs.ICDT.2026.18/LIPIcs.ICDT.2026.18.pdf#page=16,Unresolved-question passage on page 16; PDF page 16
Datalog with Negation and Monotonicity,"Ketsman, Bas; Koch, Christoph",2020,https://doi.org/10.4230/LIPIcs.ICDT.2020.19,https://drops.dagstuhl.de/storage/00lipics/lipics-vol155-icdt2020/LIPIcs.ICDT.2020.19/LIPIcs.ICDT.2020.19.pdf#page=16,"Sections 2.1–2.3, finite instances, queries and safe constant-free rules; Section 7, stratified semantics; Section 9, Str-Datalog(≠) ∩ E = Sp-Datalog(≠)."
Weaker Forms of Monotonicity for Declarative Networking: A More Fine-Grained Answer to the CALM-Conjecture,Tom Ameloot; Bas Ketsman; Frank Neven; Daniel Zinn,2016,https://doi.org/10.1145/2809784,,"TODS 40(4), article 21; domain-distinct monotonicity. The authors’ PODS 2014 poster explicitly defines the domain condition and induced instances."
Weaker Forms of Monotonicity for Declarative Networking,Tom Ameloot; Bas Ketsman; Frank Neven; Daniel Zinn,2014,https://www.basketsman.com/public/documents/posters/poster_pods2014.pdf,,Authors’ PODS poster: domain-distinct facts and restriction to an induced instance.
Extension Preservation in the Finite and Prefix Classes of First Order Logic,Anuj Dawar; Abhisekh Sankaran,2021,https://doi.org/10.4230/LIPIcs.CSL.2021.18,,"Section 2, Datalog(¬) allows negation only on extensional predicates and equality; Theorem 4.1 concerns first-order quantifier prefixes, not stratified-to-semi-positive equivalence."
Choiceless Logarithmic Space,"Grädel, Erich; Schalthöfer, Svenja",2019,https://doi.org/10.4230/LIPIcs.MFCS.2019.31,https://drops.dagstuhl.de/storage/00lipics/lipics-vol138-mfcs2019/LIPIcs.MFCS.2019.31/LIPIcs.MFCS.2019.31.pdf#page=13,Unresolved-question passage on page 13; PDF page 13
Successor-Invariant First-Order Logic on Graphs with Excluded Topological Subgraphs,"Eickmeyer, Kord; Kawarabayashi, Ken-ichi",2016,https://doi.org/10.4230/LIPIcs.CSL.2016.18,https://drops.dagstuhl.de/storage/00lipics/lipics-vol062-csl2016/LIPIcs.CSL.2016.18/LIPIcs.CSL.2016.18.pdf#page=13,Unresolved-question passage on page 13; PDF page 13
The Quest for Faster Join Algorithms (Invited Talk),"Koutris, Paraschos; Deep, Shaleen; Fan, Austen; Zhao, Hangdong",2025,https://doi.org/10.4230/LIPIcs.ICDT.2025.1,https://drops.dagstuhl.de/storage/00lipics/lipics-vol328-icdt2025/LIPIcs.ICDT.2025.1/LIPIcs.ICDT.2025.1.pdf#page=10,Unresolved-question passage on page 10
Asymptotic Determinacy of Path Queries using Union-of-Paths Views,"Francis, Nadime",2015,https://doi.org/10.4230/LIPIcs.ICDT.2015.44,https://drops.dagstuhl.de/storage/00lipics/lipics-vol031-icdt2015/LIPIcs.ICDT.2015.44/LIPIcs.ICDT.2015.44.pdf#page=2,Explicit open question on PDF page 2
Definability of Cai-Fürer-Immerman Problems in Choiceless Polynomial Time,"Pakusa, Wied; Schalthöfer, Svenja; Selman, Erkal",2016,https://doi.org/10.4230/LIPIcs.CSL.2016.19,https://drops.dagstuhl.de/storage/00lipics/lipics-vol062-csl2016/LIPIcs.CSL.2016.19/LIPIcs.CSL.2016.19.pdf#page=3,Explicit open question on PDF page 3
Constant Delay Enumeration for Conjunctive Queries,Luc Segoufin,2015,https://databasetheory.org/sites/default/files/2016-06/segoufin.pdf,https://databasetheory.org/sites/default/files/2016-06/segoufin.pdf#page=7,"§6, unconditional lower bounds; PDF page 7"
Balancing pairs and the cross product conjecture,Graham Brightwell; Stefan Felsner; William T. Trotter,1995,https://trotter.math.gatech.edu/papers/97.pdf,,"Order 12 (1995), pp. 327–349; general balance lower bound (5−√5)/10"
Wikipedia: \(1/3\)–\(2/3\) conjecture,Wikipedia contributors,,https://en.wikipedia.org/wiki/1/3%E2%80%932/3_conjecture,,Discovery source; retrieved 2026-09-11. Evidence locator: remains unsolved
Wikipedia revision used for discovery,Wikipedia contributors,,https://en.wikipedia.org/w/index.php?oldid=1368808118,,Revision timestamp: 2026-08-11T06:00:58Z
Linear extensions of finite posets,Swee Hong Chan; Igor Pak,2023,https://arxiv.org/abs/2311.02743,,"Section 13, Conjecture 13.1 and Theorems 13.2–13.3 in the checked version"
Balancing Extensions in Posets of Large Width,Max Aires; Jeff Kahn,2025,https://arxiv.org/abs/2509.11549,,Conjecture 1.1 and Theorems 1.4–1.7: asymptotic balance under structural size hypotheses
"Balance Constants, Majority Cycles, and the Gold Partition Conjecture through Fourteen Elements",Anish Gupta,2026,https://arxiv.org/abs/2607.23926v2,,30 July 2026 revision: reported exhaustive Gold Partition verification implies 1/3–2/3 through 14 elements; computations not rerun here
Improved sunflower bounds,Ryan Alweiss; Shachar Lovett; Kewen Wu; Jiapeng Zhang,2020,https://arxiv.org/abs/1908.08483,,"Introduction, Erdős–Rado sunflower conjecture and computational applications."
