source_url,source_title,collection,source_kind,authors,years,entry_count
https://a3nm.net/work/research/questions/,,Antoine Amarilli: research questions,original_collection,Antoine Amarilli,,33
https://arxiv.org/abs/2306.09564,Mixed Fair Division: A Survey,Mixed Fair Division: A Survey,survey,Shengxin Liu; Xinhang Lu; Mashbat Suzuki; Toby Walsh,2024,7
https://arxiv.org/abs/2407.18006,The Existential Theory of the Reals as a Complexity Class: A Compendium,The Existential Theory of the Reals as a Complexity Class: A Compendium,survey,Marcus Schaefer; Jean Cardinal; Tillmann Miltzow,2024,30
https://arxiv.org/abs/2504.04416,Meta-Mathematics of Computational Complexity Theory,Meta-Mathematics of Computational Complexity Theory,survey,Igor C. Oliveira,2025,7
https://arxiv.org/abs/2607.12870,A Survey on Code Equivalence: The State-of-the-Art and Open Questions,A Survey on Code Equivalence: The State-of-the-Art and Open Questions,survey,Anna-Lena Horlemann; Abhinaba Mazumder; Michael Schaller; Violetta Weger,2026,1
https://automata.exchange/19.01-ccra/,,Automata Exchange,original_collection,Michaël Cadilhac,2019,1
https://automata.exchange/19.02-safeltl/,,Automata Exchange,original_collection,Karoliina Lehtinen,2019,1
https://automata.exchange/19.03-universality-for-unambiguous-automata/,,Automata Exchange,original_collection,Wojciech Czerwiński,2019,1
https://automata.exchange/19.04-separating-words-problem/,,Automata Exchange,original_collection,Wojciech Czerwiński,2019,1
https://automata.exchange/19.05-on-unambiguous-grammars/,,Automata Exchange,original_collection,Lorenzo Clemente,2019,1
https://automata.exchange/19.06-hyperltl-satisfiability/,,Automata Exchange,original_collection,Corto Mascle,2019,1
https://automata.exchange/19.07-membership-in-logical-classes-for-(succinct)-finite-automata/,,Automata Exchange,original_collection,Charles Paperman,2019,1
https://automata.exchange/19.08-logic-and-automata-for-multiply-nested-words/,,Automata Exchange,original_collection,Marie Fortin,2019,1
https://automata.exchange/19.10-variants-of-one-counter-systems-universality/,,Automata Exchange,original_collection,Patrick Totzke,2019,1
https://automata.exchange/19.11-shortest-runs-in-3-d-vass/,,Automata Exchange,original_collection,Wojciech Czerwiński,2019,1
https://automata.exchange/19.12-reachability-for-bounded-branching-vass/,,Automata Exchange,original_collection,Filip Mazowiecki,2019,1
https://automata.exchange/19.13-does-a-min-plus-wa-preserve-reg-by-inverse-image/,,Automata Exchange,original_collection,Nathan Lhote,2019,1
https://automata.exchange/19.14-continuous-reachability-in-ordered-data-vas/,,Automata Exchange,original_collection,Piotrek Hofman,2019,1
https://automata.exchange/19.15-the-busy-beaver-problem-for-population-protocols/,,Automata Exchange,original_collection,Javier Esparza,2019,1
https://automata.exchange/19.16-weak-validation-of-tree-languages-by-extended-automata/,,Automata Exchange,original_collection,Charles Paperman,2019,1
https://automata.exchange/19.17-existence-of-a-universal-amplifier-of-selection/,,Automata Exchange,original_collection,Ismaël Jecker,2019,1
https://automata.exchange/20.01-universality-of-letter-bounded-cfls/,,Automata Exchange,original_collection,Moses Ganardi,2020,1
https://automata.exchange/20.02-deterministic-separability-of-nondeterministic-timed-languages/,,Automata Exchange,original_collection,Lorenzo Clemente,2020,1
https://automata.exchange/20.03-prime-docas/,,Automata Exchange,original_collection,Patrick Totzke,2020,1
https://automata.exchange/20.04-populations-mdp/,,Automata Exchange,original_collection,Nathanaël Fijalkow,2020,1
https://automata.exchange/20.05-antichain/,,Automata Exchange,original_collection,Vincent Penelle,2020,1
https://automata.exchange/20.07-equivalence-of-cra/,,Automata Exchange,original_collection,Michaël Cadilhac,2020,1
https://automata.exchange/20.09-memory-generalized-reachability/,,Automata Exchange,original_collection,Antonio Casares,2020,1
https://automata.exchange/20.10-random-turn-games/,,Automata Exchange,original_collection,Guy Avni,2020,1
https://automata.exchange/20.11-sequential-flow-problem/,,Automata Exchange,original_collection,Pierre Ohlmann,2020,1
https://automata.exchange/20.12-GFG/,,Automata Exchange,original_collection,Martin Zimmermann,2020,1
https://automata.exchange/22.01-complexity-fixed-vas-reachability/,,Automata Exchange,original_collection,Ismaël Jecker,2022,1
https://automata.exchange/22.02-paired-counter-automata/,,Automata Exchange,original_collection,Andrei Draghici,2022,1
https://automata.exchange/22.03-universal-coverability-for-orthant-vas/,,Automata Exchange,original_collection,David Purser,2022,1
https://automata.exchange/22.04-reconfigurable-broadcast-networks/,,Automata Exchange,original_collection,Chana Weil-Kennedy,2022,1
https://automata.exchange/22.05-decidability-of-min-plus-weighted-automata-determinization/,,Automata Exchange,original_collection,Shaull Almagor,2022,1
https://automata.exchange/22.06-completing-partial-dfas-to-synchronizing-dfas/,,Automata Exchange,original_collection,Petra Wolf,2022,1
https://automata.exchange/22.07-equivalent-k-hd-ta-for-a-given-1-nta/,,Automata Exchange,original_collection,Sougata Bose,2022,1
https://automata.exchange/22.08-from-two-way-to-one-way-transducers/,,Automata Exchange,original_collection,Nguyễn Lê Thành Dũng,2022,1
https://automata.exchange/22.09-constructive-zermelo-s-problem/,,Automata Exchange,original_collection,Vincent Michielini,2022,1
https://automata.exchange/22.10-the-parity-language/,,Automata Exchange,original_collection,Corentin Barloy,2022,1
https://automata.exchange/22.12-3-decomposition-conjecture/,,Automata Exchange,original_collection,Irene Heinrich,2022,1
https://automata.exchange/22.13-buchi-automata-using-graph-neural-networks/,,Automata Exchange,original_collection,León Bohn,2022,1
https://automata.exchange/22.14-transformation-monoid-minimisation/,,Automata Exchange,original_collection,Ismaël Jecker,2022,1
https://automata.exchange/22.15-universal-positivity-set/,,Automata Exchange,original_collection,Edon Kelmendi,2022,1
https://automata.exchange/22.16-is-markov-reachability-problem-skolem-hard-for-ergodic-markov-chains/,,Automata Exchange,original_collection,S. Akshay,2022,1
https://automata.exchange/22.17-eventual-non-negativity-of-matrices/,,Automata Exchange,original_collection,S. Akshay,2022,1
https://automata.exchange/22.18-learning-sequences/,,Automata Exchange,original_collection,Benjamin Kaminski,2022,1
https://automata.exchange/22.19-membership-in-L/,,Automata Exchange,original_collection,Michaël Cadilhac,2022,1
https://automata.exchange/23.01-target-in-asynchronous-shared-memory-systems/,,Automata Exchange,original_collection,Nicolas Waldburger,2023,1
https://automata.exchange/23.02-n-square-time-algorithm-for-coverability-in-1-vass/,,Automata Exchange,original_collection,Henry Sinclair-Banks,2023,1
https://automata.exchange/23.03-reachability-problem-for-thin-1-gvass/,,Automata Exchange,original_collection,Wojciech Czerwiński,2023,1
https://automata.exchange/23.04-bounds-length-coverability-vass/,,Automata Exchange,original_collection,Wojciech Czerwiński,2023,1
https://automata.exchange/23.06-target-for-pushdown-rbn/,,Automata Exchange,original_collection,Corto Mascle,2023,1
https://automata.exchange/23.07-time-complexity-coverability-unary-1-vass/,,Automata Exchange,original_collection,Henry Sinclair-Banks,2023,1
https://automata.exchange/23.08-linear-loop-synthesis/,,Automata Exchange,original_collection,Anton Varonka,2023,1
https://automata.exchange/24.01-how-is-a-star-1-over-1-minus-a/,,Automata Exchange,original_collection,Benjamin Lucien Kaminski,2024,1
https://automata.exchange/24.02-positional-nash-equilibria/,,Automata Exchange,original_collection,Antonio Casares,2024,1
https://automata.exchange/24.03-bi-reachability-in-petry-nets-with-ordered-data/,,Automata Exchange,original_collection,Łukasz Kamiński,2024,1
https://automata.exchange/24.04-language-equivalence-between-nondeterministic-and-deterministic-one-counter-machines/,,Automata Exchange,original_collection,Aditya Prakash,2024,1
https://automata.exchange/24.05-properties-of-the-value-function-in-weighted-timed-games/,,Automata Exchange,original_collection,Julie Parreaux,2024,1
https://automata.exchange/24.06-emptiness-checking-for-3-clock-timed-automata-with-additive-constraints/,,Automata Exchange,original_collection,R. Govind,2024,1
https://automata.exchange/24.07-minimality-for-deterministic-suffix-reading-automata/,,Automata Exchange,original_collection,B Srivathsan,2024,1
https://automata.exchange/24.08-coverability-in-wait-only-networks-with-non-blocking-bounded-sendings/,,Automata Exchange,original_collection,Lucie Guillou,2024,1
https://automata.exchange/24.09-is-the-hierarchy-of-valence-systems-with-open-reachability-proper/,,Automata Exchange,original_collection,Lia Schütze,2024,1
https://automata.exchange/24.10-functions-weakly-computable-by-vector-addition-systems/,,Automata Exchange,original_collection,Roland Guttenberg,2024,1
https://automata.exchange/24.11-membership-of-a-coverability-vass-in-fo2/,,Automata Exchange,original_collection,Vincent Michielini,2024,1
https://automata.exchange/24.12-fine-grained-complexity-of-reachability-in-one-counter-automata/,,Automata Exchange,original_collection,A. R. Balasubramanian,2024,1
https://automata.exchange/24.13-satisfiability-of-string-constraints-with-subsequence-relation/,,Automata Exchange,original_collection,C. Aiswarya,2024,1
https://automata.exchange/24.14-extending-asynchronous-subtyping-for-binary-session-types/,,Automata Exchange,original_collection,Amrita Suresh,2024,1
https://automata.exchange/24.15-games-under-delays-and-loss/,,Automata Exchange,original_collection,Ashwani Anand,2024,1
https://automata.exchange/24.16-speed-of-victory-in-adversarial-population-games/,,Automata Exchange,original_collection,Corto Mascle,2024,1
https://automata.exchange/24.17-monotone-regular-functions/,,Automata Exchange,original_collection,Nathan Lhote,2024,1
https://automata.exchange/24.18-lower-bounds-for-determinizability-of-weighted-automata-over-Q/,,Automata Exchange,original_collection,Nathan Lhote,2024,1
https://automata.exchange/24.19-reachability-in-reversible-data-vass/,,Automata Exchange,original_collection,Arka Ghosh,2024,1
https://automata.exchange/25.1-complexity-of-generalised-reachability-games-with-target-sets-of-size-2/,,Automata Exchange,original_collection,Sarah Winter,2025,1
https://automata.exchange/25.10-fine-grained-complexity-for-vas-boundedness/,,Automata Exchange,original_collection,Lia Schütze,2025,1
https://automata.exchange/25.11-logical-characterisation-of-deterministic-buchi-register-automata/,,Automata Exchange,original_collection,Mrudula Balachander,2025,1
https://automata.exchange/25.12-complexity-of-reachability-in-fixed-dimensional-continuous-vass/,,Automata Exchange,original_collection,A. R. Balasubramanian,2025,1
https://automata.exchange/25.13-learning-1-dta/,,Automata Exchange,original_collection,Kyveli Doveri,2025,1
https://automata.exchange/25.14-complexity-of-explorability-games-on-temporal-graphs/,,Automata Exchange,original_collection,Sougata Bose,2025,1
https://automata.exchange/25.15-complexity-of-maximising-reachability-for-target-sets-of-size-1/,,Automata Exchange,original_collection,Sougata Bose,2025,1
https://automata.exchange/25.16-normal-closure-equivalence-of-raag--and-counter-automata/,,Automata Exchange,original_collection,Leon Pernak,2025,1
https://automata.exchange/25.17-tree-automata-with-constraints-on-infinite-trees/,,Automata Exchange,original_collection,Leon Pernak,2025,1
https://automata.exchange/25.18-lower-bound-for-the-decision-of-guidability/,,Automata Exchange,original_collection,Olivier Idir,2025,1
https://automata.exchange/25.19-complete-techniques-for-deducing-fair-almost-sure-termination/,,Automata Exchange,original_collection,V.R. Sathiyanarayana,2025,1
https://automata.exchange/25.2-permissive-strategies-for-reachability-games/,,Automata Exchange,original_collection,B. Srivathsan,2025,1
https://automata.exchange/25.20-on-an-equivalence-between-finitely-many-tokens-and-one-invisible-token/,,Automata Exchange,original_collection,Aditya Prakash,2025,1
https://automata.exchange/25.21-simulation-decidability-in-gap-order-constraint-systems/,,Automata Exchange,original_collection,Isa Vialard,2025,1
https://automata.exchange/25.22-fine-grained-complexity-of-omega-automata-inclusion/,,Automata Exchange,original_collection,Antonio Casares,2025,1
https://automata.exchange/25.23-complexity-of-deciding-conjugacy-of-rational-relations/,,Automata Exchange,original_collection,Ismaël Jecker,2025,1
https://automata.exchange/25.24-classes-of-languages-with-objective-independent-memory/,,Automata Exchange,original_collection,Corto Mascle,2025,1
https://automata.exchange/25.25-do-probabilities-matter-for-resolving-nondeterminism-/,,Automata Exchange,original_collection,K. S. Thejaswini,2025,1
https://automata.exchange/25.26-memory-requirements-of-subgame-perfect-equilibria-in-reachability-games/,,Automata Exchange,original_collection,James C. A. Main,2025,1
https://automata.exchange/25.27-increasing-unbounded-simple-components/,,Automata Exchange,original_collection,Michal Ajdarow,2025,1
https://automata.exchange/25.28-a-streaming-machine-model-for-polyregular-functions/,,Automata Exchange,original_collection,S. Krishna,2025,1
https://automata.exchange/25.29-left-quotient-operator-on-regular-expressions/,,Automata Exchange,original_collection,Ekaterina Zhuchko,2025,1
https://automata.exchange/25.3-relative-degree-for-rational-series/,,Automata Exchange,original_collection,Lorenzo Clemente,2025,1
https://automata.exchange/25.4-efficient-lrs-evaluation/,,Automata Exchange,original_collection,Lorenzo Clemente,2025,1
https://automata.exchange/25.5-commutative-polynomial-automata-series/,,Automata Exchange,original_collection,Lorenzo Clemente,2025,1
https://automata.exchange/25.6-fine-grained-complexity-of-language-emptiness-for-deterministic-pda/,,Automata Exchange,original_collection,Neha Rino,2025,1
https://automata.exchange/25.7-strong-subgame-perfect-equilibria/,,Automata Exchange,original_collection,Satya Prakash Nayak,2025,1
https://automata.exchange/25.8-semilinearity-of-2-bvass-backward-reachability-set/,,Automata Exchange,original_collection,Biziere Clotilde,2025,1
https://automata.exchange/25.9-reachability-in-low-dimensional-vass/,,Automata Exchange,original_collection,Łukasz Orlikowski,2025,1
https://doi.org/10.4230/DagRep.1.2.30,Theory and Applications of Graph Searching Problems (GRASTA 2011),Dagstuhl Reports,original_collection,Dimitrios M. Thilikos,2011,10
https://doi.org/10.4230/DagRep.1.2.47,Combinatorial and Algorithmic Aspects of Sequence Processing,Dagstuhl Reports,original_collection,Gregory Kucherov,2011,4
https://doi.org/10.4230/DagRep.1.2.67,Packing and Scheduling Algorithms for Information and Communication Services,Dagstuhl Reports,original_collection,Monaldo Mastrolilli,2011,5
https://doi.org/10.4230/DagRep.1.5.29,Exploiting graph structure to cope with hard problems,Dagstuhl Reports,original_collection,Sang-il Oum,2011,11
https://doi.org/10.4230/DagRep.10.2.50,Scheduling,Dagstuhl Reports,original_collection,Yossi Azar,2020,1
https://doi.org/10.4230/DagRep.11.1.1,Scalable Data Structures,Dagstuhl Reports,original_collection,Guy Even,2021,3
https://doi.org/10.4230/DagRep.11.10.57,Unambiguity in Automata Theory,Dagstuhl Reports,original_collection,Michael Raskin,2021,10
https://doi.org/10.4230/DagRep.11.10.72,Descriptive Set Theory and Computable Topology,Dagstuhl Reports,original_collection,Iskander Shagitovich Kalimullin,2021,2
https://doi.org/10.4230/DagRep.11.3.16,"Temporal Graphs: Structure, Algorithms, Applications",Dagstuhl Reports,original_collection,Rémy Cazabet,2021,4
https://doi.org/10.4230/DagRep.11.4.1,Computational Geometry,Dagstuhl Reports,original_collection,Aleksandar Nikolov,2021,3
https://doi.org/10.4230/DagRep.11.6.82,Parameterized Complexity in Graph Drawing,Dagstuhl Reports,original_collection,Steven Chaplick,2021,1
https://doi.org/10.4230/DagRep.12.1.101,Finite and Algorithmic Model Theory,Dagstuhl Reports,original_collection,Albert Atserias,2022,2
https://doi.org/10.4230/DagRep.12.11.109,Vertex Partitioning in Graphs: From Structure to Algorithms,Dagstuhl Reports,original_collection,Daniel Paulusma,2022,4
https://doi.org/10.4230/DagRep.12.11.28,Computational Social Dynamics,Dagstuhl Reports,original_collection,Jörg Rothe,2022,5
https://doi.org/10.4230/DagRep.12.11.45,Dynamic Graph Algorithms,Dagstuhl Reports,original_collection,Richard Peng,2022,7
https://doi.org/10.4230/DagRep.12.2.17,Computation and Reconfiguration in Low-Dimensional Topological Spaces,Dagstuhl Reports,original_collection,Torsten Mütze,2022,4
https://doi.org/10.4230/DagRep.12.2.87,Theory of Randomized Optimization Heuristics,Dagstuhl Reports,original_collection,Nikolaus Hansen,2022,1
https://doi.org/10.4230/DagRep.12.7.180,Algorithmic Aspects of Information Theory,Dagstuhl Reports,original_collection,,2022,35
https://doi.org/10.4230/DagRep.13.2.183,Algorithmic Foundations of Programmable Matter,Dagstuhl Reports,original_collection,Yuval Emek,2023,6
https://doi.org/10.4230/DagRep.13.3.17,Computational Complexity of Discrete Problems,Dagstuhl Reports,original_collection,Yuval Filmus,2023,1
https://doi.org/10.4230/DagRep.13.3.49,"Pattern Avoidance, Statistical Mechanics and Computational Complexity",Dagstuhl Reports,original_collection,Natasha Blitvic,2023,2
https://doi.org/10.4230/DagRep.13.4.58,New Frontiers of Parameterized Complexity in Graph Drawing,Dagstuhl Reports,original_collection,Petr A. Golovach,2023,10
https://doi.org/10.4230/DagRep.13.5.165,Computational Geometry,Dagstuhl Reports,original_collection,Anna Lubiw,2023,5
https://doi.org/10.4230/DagRep.13.7.96,Parameterized Approximation: Algorithms and Hardness,Dagstuhl Reports,original_collection,Pasin Manurangsi,2023,4
https://doi.org/10.4230/DagRep.13.8.1,Recent Trends in Graph Decomposition,Dagstuhl Reports,original_collection,,2023,1
https://doi.org/10.4230/DagRep.13.8.106,Algorithms and Complexity for Continuous Problems,Dagstuhl Reports,original_collection,Stefan Steinerberger,2023,4
https://doi.org/10.4230/DagRep.14.1.49,"Representation, Provenance, and Explanations in Database Theory and Logic",Dagstuhl Reports,original_collection,Mikaël Monet,2024,2
https://doi.org/10.4230/DagRep.14.10.1,"New Tools in Parameterized Complexity: Paths, Cuts, and Decomposition",Dagstuhl Reports,original_collection,Robert Ganian,2024,1
https://doi.org/10.4230/DagRep.14.11.92,Graph Algorithms: Distributed Meets Dynamic,Dagstuhl Reports,original_collection,Martín Costa,2024,3
https://doi.org/10.4230/DagRep.14.2.120,Triangulations in Geometry and Topology,Dagstuhl Reports,original_collection,Saul Schleimer,2024,11
https://doi.org/10.4230/DagRep.14.2.206,Applied and Combinatorial Topology,Dagstuhl Reports,original_collection,Bastian Rieck,2024,7
https://doi.org/10.4230/DagRep.14.3.31,Logics for Dependence and Independence: Expressivity and Complexity,Dagstuhl Reports,original_collection,Martin Zimmermann,2024,1
https://doi.org/10.4230/DagRep.14.9.145,"Fair Division: Algorithms, Solution Concepts, and Applications",Dagstuhl Reports,original_collection,Ayumi Igarashi,2024,6
https://doi.org/10.4230/DagRep.15.1.105,Solving Problems on Graphs: From Structure to Algorithms,Dagstuhl Reports,original_collection,Konrad Dabrowski,2025,5
https://doi.org/10.4230/DagRep.15.11.114,Online Algorithms beyond Competitive Analysis,Dagstuhl Reports,original_collection,David Wajc,2025,2
https://doi.org/10.4230/DagRep.15.2.158,Estimation-of-Distribution Algorithms: Theory and Applications,Dagstuhl Reports,original_collection,Duc-Cuong Dang,2025,1
https://doi.org/10.4230/DagRep.15.2.89,"Semirings in Databases, Automata, and Logic",Dagstuhl Reports,original_collection,Paris Koutris,2025,4
https://doi.org/10.4230/DagRep.15.3.159,Approximation Algorithms for Stochastic Optimization,Dagstuhl Reports,original_collection,Andrés Cristi,2025,6
https://doi.org/10.4230/DagRep.15.3.56,Computational Complexity of Discrete Problems,Dagstuhl Reports,original_collection,Hanlin Ren,2025,2
https://doi.org/10.4230/DagRep.15.5.1,Adaptive and Scalable Data Structures,Dagstuhl Reports,original_collection,Martin Farach-Colton,2025,10
https://doi.org/10.4230/DagRep.15.5.134,Metric Sketching and Dynamic Algorithms for Geometric and Topological Graphs,Dagstuhl Reports,original_collection,Nicole Wein,2025,9
https://doi.org/10.4230/DagRep.15.5.64,Computational Geometry,Dagstuhl Reports,original_collection,"Marc Glisse, Jeff M. Phillips",2025,7
https://doi.org/10.4230/DagRep.15.8.29,Frontiers of Parameterized Algorithmics of Matching under Preferences,Dagstuhl Reports,original_collection,Sushmita Gupta,2025,1
https://doi.org/10.4230/DagRep.15.9.21,Precision in Geometric Algorithms,Dagstuhl Reports,original_collection,Jack Stade,2025,5
https://doi.org/10.4230/DagRep.15.9.58,Quantum Error Correction Meets ZX-Calculus,Dagstuhl Reports,original_collection,Julio Carlos Magdalena de la Fuente,2025,3
https://doi.org/10.4230/DagRep.2.1.19,"Computability, Complexity and Randomness",Dagstuhl Reports,original_collection,Alexander Shen,2012,13
https://doi.org/10.4230/DagRep.3.10.36,Algorithms for Optimization Problems in Planar Graphs,Dagstuhl Reports,original_collection,Marcin Pilipczuk,2013,11
https://doi.org/10.4230/DagRep.3.4.34,Drawing Graphs and Maps with Curves,Dagstuhl Reports,original_collection,,2013,4
https://doi.org/10.4230/DagRep.3.4.69,"Interface of Computation, Game Theory, and Economics",Dagstuhl Reports,original_collection,Hervé Moulin,2013,1
https://doi.org/10.4230/DagRep.3.8.40,Exponential Algorithms: Algorithms and Complexity Beyond Polynomial Time,Dagstuhl Reports,original_collection,Łukasz Kowalik,2013,16
https://doi.org/10.4230/DagRep.4.11.1,Optimality and Tight Results in Parameterized Complexity,Dagstuhl Reports,original_collection,Virginia Vassilevska Williams,2014,7
https://doi.org/10.4230/DagRep.4.2.38,Graph Modification Problems,Dagstuhl Reports,original_collection,Henning Fernau,2014,8
https://doi.org/10.4230/DagRep.4.8.73,Equilibrium Computation,Dagstuhl Reports,original_collection,,2014,6
https://doi.org/10.4230/DagRep.5.6.28,Complexity of Symbolic and Numerical Problems,Dagstuhl Reports,original_collection,Diam Grigoriev,2015,8
https://doi.org/10.4230/DagRep.5.9.105,"Circuits, Logic and Games",Dagstuhl Reports,original_collection,Mikołaj Bojańczyk,2015,4
https://doi.org/10.4230/DagRep.6.2.97,Scheduling,Dagstuhl Reports,original_collection,Christoph Dürr,2016,11
https://doi.org/10.4230/DagRep.6.3.1,Data Structures and Advanced Models of Computation on Big Data,Dagstuhl Reports,original_collection,Deepak Ajwani,2016,2
https://doi.org/10.4230/DagRep.6.5.94,Algorithms for Optimization Problems in Planar Graphs,Dagstuhl Reports,original_collection,Hans L. Bodlaender,2016,10
https://doi.org/10.4230/DagRep.6.6.26,Graph Polynomials: Towards a Comparative Theory,Dagstuhl Reports,original_collection,Graham Farr,2016,8
https://doi.org/10.4230/DagRep.6.9.94,Foundations of Unsupervised Learning,Dagstuhl Reports,original_collection,Barbara Hammer,2016,1
https://doi.org/10.4230/DagRep.7.1.103,Randomization in Parameterized Complexity,Dagstuhl Reports,original_collection,Bingkai Lin,2017,13
https://doi.org/10.4230/DagRep.7.3.45,Computational Complexity of Discrete Problems,Dagstuhl Reports,original_collection,Or Meir,2017,2
https://doi.org/10.4230/DagRep.7.4.107,Computational Geometry,Dagstuhl Reports,original_collection,Joseph S. B. Mitchell,2017,7
https://doi.org/10.4230/DagRep.8.10.63,"Algorithmic Enumeration: Output-sensitive, Input-Sensitive, Parameterized, Approximative",Dagstuhl Reports,original_collection,Michael R. Fellows and Frances Rosamond,2018,11
https://doi.org/10.4230/DagRep.8.2.64,Designing and Implementing Algorithms for Mixed-Integer Nonlinear Optimization,Dagstuhl Reports,original_collection,,2018,1
https://doi.org/10.4230/DagRep.8.3.1,Scheduling,Dagstuhl Reports,original_collection,Michael Dinitz,2018,3
https://doi.org/10.4230/DagRep.8.9.1,Measuring the Complexity of Computational Content: From Combinatorial Problems to Analysis,Dagstuhl Reports,original_collection,Matthias Schröder,2018,10
https://doi.org/10.4230/DagRep.9.1.67,New Horizons in Parameterized Complexity,Dagstuhl Reports,original_collection,Holger Dell,2019,6
https://doi.org/10.4230/DagRep.9.10.134,Algorithms and Complexity in Phylogenetics,Dagstuhl Reports,original_collection,Leo van Iersel,2019,9
https://doi.org/10.4230/DagRep.9.3.83,Algorithmic Problems in Group Theory,Dagstuhl Reports,original_collection,Andrew Duncan,2019,7
https://doi.org/10.4230/DagRep.9.4.107,Computational Geometry,Dagstuhl Reports,original_collection,Hans Raj Tiwary,2019,15
https://doi.org/10.4230/DagRep.9.6.125,Graph Colouring: from Structure to Algorithms,Dagstuhl Reports,original_collection,Daniel Paulusma,2019,6
https://doi.org/10.4230/LIPIcs.APPROX-RANDOM.2014.160,Constrained Monotone Function Maximization and the Supermodular Degree,APPROX/RANDOM,conference_paper,"Feldman, Moran; Izsak, Rani",2014,1
https://doi.org/10.4230/LIPIcs.APPROX-RANDOM.2014.209,Deliver or hold: Approximation Algorithms for the Periodic Inventory Routing Problem,APPROX/RANDOM,conference_paper,"Fukunaga, Takuro; Nikzad, Afshin; Ravi, R.",2014,1
https://doi.org/10.4230/LIPIcs.APPROX-RANDOM.2014.258,Discrepancy Without Partial Colorings,APPROX/RANDOM,conference_paper,"Harvey, Nicholas J. A.; Schwartz, Roy; Singh, Mohit",2014,1
https://doi.org/10.4230/LIPIcs.APPROX-RANDOM.2014.34,The Cover Number of a Matrix and its Algorithmic Applications,APPROX/RANDOM,conference_paper,"Alon, Noga; Lee, Troy; Shraibman, Adi",2014,1
https://doi.org/10.4230/LIPIcs.APPROX-RANDOM.2014.356,Robust Appointment Scheduling,APPROX/RANDOM,conference_paper,"Mittal, Shashi; Schulz, Andreas S.; Stiller, Sebastian",2014,1
https://doi.org/10.4230/LIPIcs.APPROX-RANDOM.2014.596,The Power of Super-logarithmic Number of Players,APPROX/RANDOM,conference_paper,"Chattopadhyay, Arkadev; Saks, Michael E.",2014,1
https://doi.org/10.4230/LIPIcs.APPROX-RANDOM.2014.748,Evading Subspaces Over Large Fields and Explicit List-decodable Rank-metric Codes,APPROX/RANDOM,conference_paper,"Guruswami, Venkatesan; Wang, Carol",2014,1
https://doi.org/10.4230/LIPIcs.APPROX-RANDOM.2014.793,Embedding Hard Learning Problems Into Gaussian Space,APPROX/RANDOM,conference_paper,"Klivans, Adam; Kothari, Pravesh",2014,1
https://doi.org/10.4230/LIPIcs.APPROX-RANDOM.2014.810,Smoothed Analysis on Connected Graphs,APPROX/RANDOM,conference_paper,"Krivelevich, Michael; Reichman, Daniel; Samotij, Wojciech",2014,1
https://doi.org/10.4230/LIPIcs.APPROX-RANDOM.2015.110,Beating the Random Assignment on Constraint Satisfaction Problems of Bounded Degree,APPROX/RANDOM,conference_paper,"Barak, Boaz; Moitra, Ankur; O’Donnell, Ryan; Raghavendra, Prasad; Regev, Oded; Steurer, David; Trevisan, Luca; Vijayaraghavan, Aravindan; Witmer, David; Wright, John",2015,1
https://doi.org/10.4230/LIPIcs.APPROX-RANDOM.2015.175,Stochastic and Robust Scheduling in the Cloud,APPROX/RANDOM,conference_paper,"Chen, Lin; Megow, Nicole; Rischke, Roman; Stougie, Leen",2015,1
https://doi.org/10.4230/LIPIcs.APPROX-RANDOM.2015.323,Sequential Importance Sampling Algorithms for Estimating the All-Terminal Reliability Polynomial of Sparse Graphs,APPROX/RANDOM,conference_paper,"Harris, David G.; Sullivan, Francis",2015,1
https://doi.org/10.4230/LIPIcs.APPROX-RANDOM.2015.341,Improved NP-Inapproximability for 2-Variable Linear Equations,APPROX/RANDOM,conference_paper,"Håstad, Johan; Huang, Sangxia; Manokaran, Rajsekar; O’Donnell, Ryan; Wright, John",2015,1
https://doi.org/10.4230/LIPIcs.APPROX-RANDOM.2015.416,The Container Selection Problem,APPROX/RANDOM,conference_paper,"Nagarajan, Viswanath; Sarpatwar, Kanthi K.; Schieber, Baruch; Shachnai, Hadas; Wolf, Joel L.",2015,1
https://doi.org/10.4230/LIPIcs.APPROX-RANDOM.2015.544,Correlation in Hard Distributions in Communication Complexity,APPROX/RANDOM,conference_paper,"Bottesch, Ralph Christian; Gavinsky, Dmitry; Klauck, Hartmut",2015,1
https://doi.org/10.4230/LIPIcs.APPROX-RANDOM.2015.775,A Randomized Online Quantile Summary in O(1/epsilon * log(1/epsilon)) Words,APPROX/RANDOM,conference_paper,"Felber, David; Ostrovsky, Rafail",2015,1
https://doi.org/10.4230/LIPIcs.APPROX-RANDOM.2015.800,Dimension Expanders via Rank Condensers,APPROX/RANDOM,conference_paper,"Forbes, Michael A.; Guruswami, Venkatesan",2015,1
https://doi.org/10.4230/LIPIcs.APPROX-RANDOM.2015.850,Negation-Limited Formulas,APPROX/RANDOM,conference_paper,"Guo, Siyao; Komargodski, Ilan",2015,1
https://doi.org/10.4230/LIPIcs.APPROX-RANDOM.2015.867,Deletion Codes in the High-noise and High-rate Regimes,APPROX/RANDOM,conference_paper,"Guruswami, Venkatesan; Wang, Carol",2015,1
https://doi.org/10.4230/LIPIcs.APPROX-RANDOM.2015.881,Communication with Partial Noiseless Feedback,APPROX/RANDOM,conference_paper,"Haeupler, Bernhard; Kamath, Pritish; Velingker, Ameya",2015,1
https://doi.org/10.4230/LIPIcs.APPROX-RANDOM.2015.915,Separating Decision Tree Complexity from Subcube Partition Complexity,APPROX/RANDOM,conference_paper,"Kothari, Robin; Racicot-Desloges, David; Santha, Miklos",2015,1
https://doi.org/10.4230/LIPIcs.APPROX-RANDOM.2016.2,Computing Approximate PSD Factorizations,APPROX/RANDOM,conference_paper,"Basu, Amitabh; Dinitz, Michael; Li, Xin",2016,1
https://doi.org/10.4230/LIPIcs.APPROX-RANDOM.2016.21,Every Property of Outerplanar Graphs is Testable,APPROX/RANDOM,conference_paper,"Babu, Jasine; Khoury, Areej; Newman, Ilan",2016,1
https://doi.org/10.4230/LIPIcs.APPROX-RANDOM.2016.3,Hardness of Approximation for H-Free Edge Modification Problems,APPROX/RANDOM,conference_paper,"Bliznets, Ivan; Cygan, Marek; Komosa, Pawel; Pilipczuk, Michal",2016,1
https://doi.org/10.4230/LIPIcs.APPROX-RANDOM.2016.30,The Niceness of Unique Sink Orientations,APPROX/RANDOM,conference_paper,"Gärtner, Bernd; Thomas, Antonis",2016,1
https://doi.org/10.4230/LIPIcs.APPROX-RANDOM.2016.33,On the Structure of Quintic Polynomials,APPROX/RANDOM,conference_paper,"Hatami, Pooya",2016,1
https://doi.org/10.4230/LIPIcs.APPROX-RANDOM.2016.40,Bounds on the Norms of Uniform Low Degree Graph Matrices,APPROX/RANDOM,conference_paper,"Medarametla, Dhruv; Potechin, Aaron",2016,1
https://doi.org/10.4230/LIPIcs.APPROX-RANDOM.2016.42,A No-Go Theorem for Derandomized Parallel Repetition: Beyond Feige-Kilian,APPROX/RANDOM,conference_paper,"Moshkovitz, Dana; Ramnarayan, Govind; Yuen, Henry",2016,1
https://doi.org/10.4230/LIPIcs.APPROX-RANDOM.2016.8,Oblivious Rounding and the Integrality Gap,APPROX/RANDOM,conference_paper,"Feige, Uriel; Feldman, Michal; Talgam-Cohen, Inbal",2016,1
https://doi.org/10.4230/LIPIcs.APPROX-RANDOM.2016.9,A Deterministic Fully Polynomial Time Approximation Scheme For Counting Integer Knapsack Solutions Made Easy,APPROX/RANDOM,conference_paper,"Halman, Nir",2016,1
https://doi.org/10.4230/LIPIcs.APPROX-RANDOM.2018.1,Polylogarithmic Approximation Algorithms for Weighted-F-Deletion Problems,APPROX/RANDOM,conference_paper,"Agrawal, Akanksha; Lokshtanov, Daniel; Misra, Pranabendu; Saurabh, Saket; Zehavi, Meirav",2018,1
https://doi.org/10.4230/LIPIcs.APPROX-RANDOM.2018.11,Lower Bounds for Approximating Graph Parameters via Communication Complexity,APPROX/RANDOM,conference_paper,"Eden, Talya; Rosenbaum, Will",2018,1
https://doi.org/10.4230/LIPIcs.APPROX-RANDOM.2018.30,Optimal Deterministic Extractors for Generalized Santha-Vazirani Sources,APPROX/RANDOM,conference_paper,"Beigi, Salman; Bogdanov, Andrej; Etesami, Omid; Guo, Siyao",2018,1
https://doi.org/10.4230/LIPIcs.APPROX-RANDOM.2018.37,Randomness Extraction in AC0 and with Small Locality,APPROX/RANDOM,conference_paper,"Cheng, Kuan; Li, Xin",2018,1
https://doi.org/10.4230/LIPIcs.APPROX-RANDOM.2018.46,Satisfiability and Derandomization for Small Polynomial Threshold Circuits,APPROX/RANDOM,conference_paper,"Kabanets, Valentine; Lu, Zhenjian",2018,1
https://doi.org/10.4230/LIPIcs.APPROX-RANDOM.2018.5,Greedy Bipartite Matching in Random Type Poisson Arrival Model,APPROX/RANDOM,conference_paper,"Borodin, Allan; Karavasilis, Christodoulos; Pankratov, Denis",2018,1
https://doi.org/10.4230/LIPIcs.APPROX-RANDOM.2018.50,Improved List-Decodability of Random Linear Binary Codes,APPROX/RANDOM,conference_paper,"Li, Ray; Wootters, Mary",2018,1
https://doi.org/10.4230/LIPIcs.APPROX-RANDOM.2018.55,Pseudo-Derandomizing Learning and Approximation,APPROX/RANDOM,conference_paper,"Carboni Oliveira, Igor; Santhanam, Rahul",2018,1
https://doi.org/10.4230/LIPIcs.APPROX-RANDOM.2019.11,Approximating the Norms of Graph Spanners,APPROX/RANDOM,conference_paper,"Chlamtáč, Eden; Dinitz, Michael; Robinson, Thomas",2019,1
https://doi.org/10.4230/LIPIcs.APPROX-RANDOM.2019.15,Rainbow Coloring Hardness via Low Sensitivity Polymorphisms,APPROX/RANDOM,conference_paper,"Guruswami, Venkatesan; Sandeep, Sai",2019,1
https://doi.org/10.4230/LIPIcs.APPROX-RANDOM.2019.19,The Maximum Exposure Problem,APPROX/RANDOM,conference_paper,"Kumar, Neeraj; Sintos, Stavros; Suri, Subhash",2019,1
https://doi.org/10.4230/LIPIcs.APPROX-RANDOM.2019.24,Global Cardinality Constraints Make Approximating Some Max-2-CSPs Harder,APPROX/RANDOM,conference_paper,"Austrin, Per; Stanković, Aleksa",2019,1
https://doi.org/10.4230/LIPIcs.APPROX-RANDOM.2019.25,Robust Appointment Scheduling with Heterogeneous Costs,APPROX/RANDOM,conference_paper,"Schulz, Andreas S.; Udwani, Rajan",2019,1
https://doi.org/10.4230/LIPIcs.APPROX-RANDOM.2019.38,Lifted Multiplicity Codes and the Disjoint Repair Group Property,APPROX/RANDOM,conference_paper,"Li, Ray; Wootters, Mary",2019,1
https://doi.org/10.4230/LIPIcs.APPROX-RANDOM.2019.43,Two-Source Condensers with Low Error and Small Entropy Gap via Entropy-Resilient Functions,APPROX/RANDOM,conference_paper,"Ben-Aroya, Avraham; Cohen, Gil; Doron, Dean; Ta-Shma, Amnon",2019,1
https://doi.org/10.4230/LIPIcs.APPROX-RANDOM.2019.46,Unconstraining Graph-Constrained Group Testing,APPROX/RANDOM,conference_paper,"Spang, Bruce; Wootters, Mary",2019,1
https://doi.org/10.4230/LIPIcs.APPROX-RANDOM.2019.55,The Large-Error Approximate Degree of AC^0,APPROX/RANDOM,conference_paper,"Bun, Mark; Thaler, Justin",2019,1
https://doi.org/10.4230/LIPIcs.APPROX-RANDOM.2019.56,"String Matching: Communication, Circuits, and Learning",APPROX/RANDOM,conference_paper,"Golovnev, Alexander; Göös, Mika; Reichman, Daniel; Shinkar, Igor",2019,1
https://doi.org/10.4230/LIPIcs.APPROX-RANDOM.2019.63,Pairwise Independent Random Walks Can Be Slightly Unbounded,APPROX/RANDOM,conference_paper,"Narayanan, Shyam",2019,1
https://doi.org/10.4230/LIPIcs.APPROX-RANDOM.2019.66,Thresholds in Random Motif Graphs,APPROX/RANDOM,conference_paper,"Anastos, Michael; Michaeli, Peleg; Petti, Samantha",2019,1
https://doi.org/10.4230/LIPIcs.APPROX/RANDOM.2020.12,The GaussianSketch for Almost Relative Error Kernel Distance,APPROX/RANDOM,conference_paper,"Phillips, Jeff M.; Tai, Wai Ming",2020,1
https://doi.org/10.4230/LIPIcs.APPROX/RANDOM.2020.15,On Nonadaptive Security Reductions of Hitting Set Generators,APPROX/RANDOM,conference_paper,"Hirahara, Shuichi; Watanabe, Osamu",2020,1
https://doi.org/10.4230/LIPIcs.APPROX/RANDOM.2020.17,Multicriteria Cuts and Size-Constrained k-Cuts in Hypergraphs,APPROX/RANDOM,conference_paper,"Beideman, Calvin; Chandrasekaran, Karthekeyan; Xu, Chao",2020,1
https://doi.org/10.4230/LIPIcs.APPROX/RANDOM.2020.28,When Is Amplification Necessary for Composition in Randomized Query Complexity?,APPROX/RANDOM,conference_paper,"Ben-David, Shalev; Göös, Mika; Kothari, Robin; Watson, Thomas",2020,1
https://doi.org/10.4230/LIPIcs.APPROX/RANDOM.2020.33,Pinning down the Strong Wilber 1 Bound for Binary Search Trees,APPROX/RANDOM,conference_paper,"Chalermsook, Parinya; Chuzhoy, Julia; Saranurak, Thatchaphol",2020,1
https://doi.org/10.4230/LIPIcs.APPROX/RANDOM.2020.37,Online Minimum Cost Matching with Recourse on the Line,APPROX/RANDOM,conference_paper,"Megow, Nicole; Nölke, Lukas",2020,1
https://doi.org/10.4230/LIPIcs.APPROX/RANDOM.2020.4,Improved Explicit Hitting-Sets for ROABPs,APPROX/RANDOM,conference_paper,"Guo, Zeyu; Gurjar, Rohit",2020,1
https://doi.org/10.4230/LIPIcs.APPROX/RANDOM.2020.40,Permutation Strikes Back: The Power of Recourse in Online Metric Matching,APPROX/RANDOM,conference_paper,"Gupta, Varun; Krishnaswamy, Ravishankar; Sandeep, Sai",2020,1
https://doi.org/10.4230/LIPIcs.APPROX/RANDOM.2020.54,Parametrized Metrical Task Systems,APPROX/RANDOM,conference_paper,"Bubeck, Sébastien; Rabani, Yuval",2020,1
https://doi.org/10.4230/LIPIcs.APPROX/RANDOM.2020.58,On the Approximability of Presidential Type Predicates,APPROX/RANDOM,conference_paper,"Huang, Neng; Potechin, Aaron",2020,1
https://doi.org/10.4230/LIPIcs.APPROX/RANDOM.2021.10,An Estimator for Matching Size in Low Arboricity Graphs with Two Applications,APPROX/RANDOM,conference_paper,"Jowhari, Hossein",2021,1
https://doi.org/10.4230/LIPIcs.APPROX/RANDOM.2021.11,An Optimal Algorithm for Triangle Counting in the Stream,APPROX/RANDOM,conference_paper,"Jayaram, Rajesh; Kallaugher, John",2021,1
https://doi.org/10.4230/LIPIcs.APPROX/RANDOM.2021.13,Secretary Matching Meets Probing with Commitment,APPROX/RANDOM,conference_paper,"Borodin, Allan; MacRury, Calum; Rakheja, Akash",2021,1
https://doi.org/10.4230/LIPIcs.APPROX/RANDOM.2021.19,On Two-Pass Streaming Algorithms for Maximum Bipartite Matching,APPROX/RANDOM,conference_paper,"Konrad, Christian; Naidu, Kheeran K.",2021,1
https://doi.org/10.4230/LIPIcs.APPROX/RANDOM.2021.3,Bag-Of-Tasks Scheduling on Related Machines,APPROX/RANDOM,conference_paper,"Gupta, Anupam; Kumar, Amit; Singla, Sahil",2021,1
https://doi.org/10.4230/LIPIcs.APPROX/RANDOM.2021.31,A New Notion of Commutativity for the Algorithmic Lovász Local Lemma,APPROX/RANDOM,conference_paper,"Harris, David G.; Iliopoulos, Fotis; Kolmogorov, Vladimir",2021,1
https://doi.org/10.4230/LIPIcs.APPROX/RANDOM.2021.34,Interplay Between Graph Isomorphism and Earth Mover’s Distance in the Query and Communication Worlds,APPROX/RANDOM,conference_paper,"Chakraborty, Sourav; Ghosh, Arijit; Mishra, Gopinath; Sen, Sayantan",2021,1
https://doi.org/10.4230/LIPIcs.APPROX/RANDOM.2021.45,"Decision Tree Heuristics Can Fail, Even in the Smoothed Setting",APPROX/RANDOM,conference_paper,"Blanc, Guy; Lange, Jane; Qiao, Mingda; Tan, Li-Yang",2021,1
https://doi.org/10.4230/LIPIcs.APPROX/RANDOM.2021.46,On the Structure of Learnability Beyond P/Poly,APPROX/RANDOM,conference_paper,"Rajgopal, Ninad; Santhanam, Rahul",2021,1
https://doi.org/10.4230/LIPIcs.APPROX/RANDOM.2021.50,Hitting Sets for Orbits of Circuit Classes and Polynomial Families,APPROX/RANDOM,conference_paper,"Saha, Chandan; Thankey, Bhargav",2021,1
https://doi.org/10.4230/LIPIcs.APPROX/RANDOM.2021.57,Visible Rank and Codes with Locality,APPROX/RANDOM,conference_paper,"Alrabiah, Omar; Guruswami, Venkatesan",2021,1
https://doi.org/10.4230/LIPIcs.APPROX/RANDOM.2021.60,Memory-Sample Lower Bounds for Learning Parity with Noise,APPROX/RANDOM,conference_paper,"Garg, Sumegha; Kothari, Pravesh K.; Liu, Pengda; Raz, Ran",2021,1
https://doi.org/10.4230/LIPIcs.APPROX/RANDOM.2021.7,A Constant-Factor Approximation for Weighted Bond Cover,APPROX/RANDOM,conference_paper,"Kim, Eun Jung; Lee, Euiwoong; Thilikos, Dimitrios M.",2021,1
https://doi.org/10.4230/LIPIcs.APPROX/RANDOM.2022.10,"Hyperbolic Concentration, Anti-Concentration, and Discrepancy",APPROX/RANDOM,conference_paper,"Song, Zhao; Zhang, Ruizhe",2022,1
https://doi.org/10.4230/LIPIcs.APPROX/RANDOM.2022.16,"Eigenstripping, Spectral Decay, and Edge-Expansion on Posets",APPROX/RANDOM,conference_paper,"Gaitonde, Jason; Hopkins, Max; Kaufman, Tali; Lovett, Shachar; Zhang, Ruizhe",2022,1
https://doi.org/10.4230/LIPIcs.APPROX/RANDOM.2022.20,Range Avoidance for Low-Depth Circuits and Connections to Pseudorandomness,APPROX/RANDOM,conference_paper,"Guruswami, Venkatesan; Lyu, Xin; Wang, Xiuhan",2022,1
https://doi.org/10.4230/LIPIcs.APPROX/RANDOM.2022.21,Learning Generalized Depth Three Arithmetic Circuits in the Non-Degenerate Case,APPROX/RANDOM,conference_paper,"Bhargava, Vishwas; Garg, Ankit; Kayal, Neeraj; Saha, Chandan",2022,1
https://doi.org/10.4230/LIPIcs.APPROX/RANDOM.2022.22,Lower Bound Methods for Sign-Rank and Their Limitations,APPROX/RANDOM,conference_paper,"Hatami, Hamed; Hatami, Pooya; Pires, William; Tao, Ran; Zhao, Rosie",2022,1
https://doi.org/10.4230/LIPIcs.APPROX/RANDOM.2022.29,A Fully Adaptive Strategy for Hamiltonian Cycles in the Semi-Random Graph Process,APPROX/RANDOM,conference_paper,"Gao, Pu; MacRury, Calum; Prałat, Paweł",2022,1
https://doi.org/10.4230/LIPIcs.APPROX/RANDOM.2022.30,Cover and Hitting Times of Hyperbolic Random Graphs,APPROX/RANDOM,conference_paper,"Kiwi, Marcos; Schepers, Markus; Sylvester, John",2022,1
https://doi.org/10.4230/LIPIcs.APPROX/RANDOM.2022.36,Integrality Gap of Time-Indexed Linear Programming Relaxation for Coflow Scheduling,APPROX/RANDOM,conference_paper,"Fukunaga, Takuro",2022,1
https://doi.org/10.4230/LIPIcs.APPROX/RANDOM.2022.39,Massively Parallel Algorithms for Small Subgraph Counting,APPROX/RANDOM,conference_paper,"Biswas, Amartya Shankha; Eden, Talya; Liu, Quanquan C.; Rubinfeld, Ronitt; Mitrović, Slobodan",2022,1
https://doi.org/10.4230/LIPIcs.APPROX/RANDOM.2022.44,Submodular Dominance and Applications,APPROX/RANDOM,conference_paper,"Qiu, Frederick; Singla, Sahil",2022,1
https://doi.org/10.4230/LIPIcs.APPROX/RANDOM.2022.46,Prophet Matching in the Probe-Commit Model,APPROX/RANDOM,conference_paper,"Borodin, Allan; MacRury, Calum; Rakheja, Akash",2022,1
https://doi.org/10.4230/LIPIcs.APPROX/RANDOM.2022.53,Space Optimal Vertex Cover in Dynamic Streams,APPROX/RANDOM,conference_paper,"Naidu, Kheeran K.; Shah, Vihan",2022,1
https://doi.org/10.4230/LIPIcs.APPROX/RANDOM.2023.12,Efficient Algorithms and Hardness Results for the Weighted k-Server Problem,APPROX/RANDOM,conference_paper,"Gupta, Anupam; Kumar, Amit; Panigrahi, Debmalya",2023,1
https://doi.org/10.4230/LIPIcs.APPROX/RANDOM.2023.2,Probabilistic Metric Embedding via Metric Labeling,APPROX/RANDOM,conference_paper,"Munagala, Kamesh; Sankar, Govind S.; Taylor, Erin",2023,1
https://doi.org/10.4230/LIPIcs.APPROX/RANDOM.2023.21,On Minimizing Generalized Makespan on Unrelated Machines,APPROX/RANDOM,conference_paper,"Ayyadevara, Nikhil; Bansal, Nikhil; Prabhu, Milind",2023,1
https://doi.org/10.4230/LIPIcs.APPROX/RANDOM.2023.24,Independent Sets in Elimination Graphs with a Submodular Objective,APPROX/RANDOM,conference_paper,"Chekuri, Chandra; Quanrud, Kent",2023,1
https://doi.org/10.4230/LIPIcs.APPROX/RANDOM.2023.27,Stable Approximation Algorithms for Dominating Set and Independent Set,APPROX/RANDOM,conference_paper,"de Berg, Mark; Sadhukhan, Arpan; Spieksma, Frits",2023,1
https://doi.org/10.4230/LIPIcs.APPROX/RANDOM.2023.31,Synergy Between Circuit Obfuscation and Circuit Minimization,APPROX/RANDOM,conference_paper,"Impagliazzo, Russell; Kabanets, Valentine; Volkovich, Ilya",2023,1
https://doi.org/10.4230/LIPIcs.APPROX/RANDOM.2023.36,Sampling and Certifying Symmetric Functions,APPROX/RANDOM,conference_paper,"Filmus, Yuval; Leigh, Itai; Riazanov, Artur; Sokolov, Dmitry",2023,1
https://doi.org/10.4230/LIPIcs.APPROX/RANDOM.2023.47,Efficient Interactive Proofs for Non-Deterministic Bounded Space,APPROX/RANDOM,conference_paper,"Cook, Joshua; Rothblum, Ron D.",2023,1
https://doi.org/10.4230/LIPIcs.APPROX/RANDOM.2023.50,A Deterministic Construction of a Large Distance Code from the Wozencraft Ensemble,APPROX/RANDOM,conference_paper,"Guruswami, Venkatesan; Li, Shilun",2023,1
https://doi.org/10.4230/LIPIcs.APPROX/RANDOM.2023.51,NP-Hardness of Almost Coloring Almost 3-Colorable Graphs,APPROX/RANDOM,conference_paper,"Hecht, Yahli; Minzer, Dor; Safra, Muli",2023,1
https://doi.org/10.4230/LIPIcs.APPROX/RANDOM.2023.6,Facility Location in the Sublinear Geometric Model,APPROX/RANDOM,conference_paper,"Monemizadeh, Morteza",2023,1
https://doi.org/10.4230/LIPIcs.APPROX/RANDOM.2023.61,Directed Poincaré Inequalities and L¹ Monotonicity Testing of Lipschitz Functions,APPROX/RANDOM,conference_paper,"Ferreira Pinto Jr., Renato",2023,1
https://doi.org/10.4230/LIPIcs.APPROX/RANDOM.2023.63,On the Composition of Randomized Query Complexity and Approximate Degree,APPROX/RANDOM,conference_paper,"Chakraborty, Sourav; Kayal, Chandrima; Mittal, Rajat; Paraashar, Manaswi; Sanyal, Swagato; Saurabh, Nitin",2023,1
https://doi.org/10.4230/LIPIcs.APPROX/RANDOM.2023.65,Range Avoidance for Constant Depth Circuits: Hardness and Algorithms,APPROX/RANDOM,conference_paper,"Gajulapalli, Karthik; Golovnev, Alexander; Nagargoje, Satyajeet; Saraogi, Sidhant",2023,1
https://doi.org/10.4230/LIPIcs.APPROX/RANDOM.2024.11,On the NP-Hardness Approximation Curve for Max-2Lin(2),APPROX/RANDOM,conference_paper,"Martinsson, Björn",2024,1
https://doi.org/10.4230/LIPIcs.APPROX/RANDOM.2024.17,Competitive Query Minimization for Stable Matching with One-Sided Uncertainty,APPROX/RANDOM,conference_paper,"Bampis, Evripidis; Dogeas, Konstantinos; Erlebach, Thomas; Megow, Nicole; Schlöter, Jens; Trehan, Amitabh",2024,1
https://doi.org/10.4230/LIPIcs.APPROX/RANDOM.2024.32,Near-Linear Time Samplers for Matroid Independent Sets with Applications,APPROX/RANDOM,conference_paper,"Chen, Xiaoyu; Guo, Heng; Zhang, Xinyuan; Zou, Zongrui",2024,1
https://doi.org/10.4230/LIPIcs.APPROX/RANDOM.2024.36,On the Houdré-Tetali Conjecture About an Isoperimetric Constant of Graphs,APPROX/RANDOM,conference_paper,"Lau, Lap Chi; Tjowasi, Dante",2024,1
https://doi.org/10.4230/LIPIcs.APPROX/RANDOM.2024.42,Matrix Multiplication Verification Using Coding Theory,APPROX/RANDOM,conference_paper,"Bennett, Huck; Gajulapalli, Karthik; Golovnev, Alexander; Warton, Evelyn",2024,1
https://doi.org/10.4230/LIPIcs.APPROX/RANDOM.2024.45,Refining the Adaptivity Notion in the Huge Object Model,APPROX/RANDOM,conference_paper,"Adar, Tomer; Fischer, Eldar",2024,1
https://doi.org/10.4230/LIPIcs.APPROX/RANDOM.2024.51,Consequences of Randomized Reductions from SAT to Time-Bounded Kolmogorov Complexity,APPROX/RANDOM,conference_paper,"Goldberg, Halley; Kabanets, Valentine",2024,1
https://doi.org/10.4230/LIPIcs.APPROX/RANDOM.2024.56,Fast and Slow Mixing of the Kawasaki Dynamics on Bounded-Degree Graphs,APPROX/RANDOM,conference_paper,"Kuchukova, Aiya; Pappik, Marcus; Perkins, Will; Yap, Corrine",2024,1
https://doi.org/10.4230/LIPIcs.APPROX/RANDOM.2024.59,Ramsey Properties of Randomly Perturbed Hypergraphs,APPROX/RANDOM,conference_paper,"Aigner-Horev, Elad; Hefetz, Dan; Schacht, Mathias",2024,1
https://doi.org/10.4230/LIPIcs.APPROX/RANDOM.2024.67,Explicit and Near-Optimal Construction of t-Rankwise Independent Permutations,APPROX/RANDOM,conference_paper,"Harvey, Nicholas; Sahami, Arvin",2024,1
https://doi.org/10.4230/LIPIcs.APPROX/RANDOM.2024.69,Randomness Extractors in AC⁰ and NC¹: Optimal up to Constant Factors,APPROX/RANDOM,conference_paper,"Cheng, Kuan; Wu, Ruiyang",2024,1
https://doi.org/10.4230/LIPIcs.APPROX/RANDOM.2024.71,Approximate Degree Composition for Recursive Functions,APPROX/RANDOM,conference_paper,"Chakraborty, Sourav; Kayal, Chandrima; Mittal, Rajat; Paraashar, Manaswi; Saurabh, Nitin",2024,1
https://doi.org/10.4230/LIPIcs.APPROX/RANDOM.2024.75,Derandomizing Multivariate Polynomial Factoring for Low Degree Factors,APPROX/RANDOM,conference_paper,"Dutta, Pranjal; Sinhababu, Amit; Thierauf, Thomas",2024,1
https://doi.org/10.4230/LIPIcs.APPROX/RANDOM.2024.9,On the Generalized Mean Densest Subgraph Problem: Complexity and Algorithms,APPROX/RANDOM,conference_paper,"Chandrasekaran, Karthekeyan; Chekuri, Chandra; Torres, Manuel R.; Zhu, Weihao",2024,1
https://doi.org/10.4230/LIPIcs.APPROX/RANDOM.2025.11,On Finding Randomly Planted Cliques in Arbitrary Graphs,APPROX/RANDOM,conference_paper,"Agrimonti, Francesco; Bressan, Marco; d'Orsi, Tommaso",2025,1
https://doi.org/10.4230/LIPIcs.APPROX/RANDOM.2025.32,Quantum Property Testing in Sparse Directed Graphs,APPROX/RANDOM,conference_paper,"Apers, Simon; Magniez, Frédéric; Sen, Sayantan; Szabó, Dániel",2025,1
https://doi.org/10.4230/LIPIcs.APPROX/RANDOM.2025.38,Low-Degree Polynomials Are Good Extractors,APPROX/RANDOM,conference_paper,"Alrabiah, Omar; Goodman, Jesse; Mosheiff, Jonathan; Ribeiro, João",2025,1
https://doi.org/10.4230/LIPIcs.APPROX/RANDOM.2025.39,Consumable Data via Quantum Communication,APPROX/RANDOM,conference_paper,"Gilboa, Dar; Jain, Siddhartha; McClean, Jarrod R.",2025,1
https://doi.org/10.4230/LIPIcs.APPROX/RANDOM.2025.41,What Is the Minimum Number of Random Bits Required for Computability and Efficiency in Anonymous Networks?,APPROX/RANDOM,conference_paper,"Kowalski, Dariusz R.; Krysta, Piotr; Kutten, Shay",2025,1
https://doi.org/10.4230/LIPIcs.APPROX/RANDOM.2025.42,On the Spectral Expansion of Monotone Subsets of the Hypercube,APPROX/RANDOM,conference_paper,"Fei, Yumou; Ferreira Pinto Jr., Renato",2025,1
https://doi.org/10.4230/LIPIcs.APPROX/RANDOM.2025.43,Gabidulin Codes Achieve List Decoding Capacity with an Order-Optimal Column-To-Row Ratio,APPROX/RANDOM,conference_paper,"Guo, Zeyu; Xing, Chaoping; Yuan, Chen; Zhang, Zihan",2025,1
https://doi.org/10.4230/LIPIcs.APPROX/RANDOM.2025.44,Density Frankl–Rödl on the Sphere,APPROX/RANDOM,conference_paper,"Guruswami, Venkatesan; Li, Shilun",2025,1
https://doi.org/10.4230/LIPIcs.APPROX/RANDOM.2025.48,Sharp Thresholds for the Overlap Gap Property: Ising p-Spin Glass and Random k-SAT,APPROX/RANDOM,conference_paper,"Kızıldağ, Eren C.",2025,1
https://doi.org/10.4230/LIPIcs.APPROX/RANDOM.2025.53,Near-Optimal List-Recovery of Linear Code Families,APPROX/RANDOM,conference_paper,"Li, Ray; Shagrithaya, Nikhil",2025,1
https://doi.org/10.4230/LIPIcs.APPROX/RANDOM.2025.56,Efficient Polynomial Identity Testing over Nonassociative Algebras,APPROX/RANDOM,conference_paper,"Mukhopadhyay, Partha; C. Ramya; Shastri, Pratik",2025,1
https://doi.org/10.4230/LIPIcs.APPROX/RANDOM.2025.57,List-Recovery of Random Linear Codes over Small Fields,APPROX/RANDOM,conference_paper,"Doron, Dean; Mosheiff, Jonathan; Resch, Nicolas; Ribeiro, João",2025,1
https://doi.org/10.4230/LIPIcs.APPROX/RANDOM.2026.17,Bi-Lipschitz Extensions and Outlier Embeddings into Trees,APPROX/RANDOM,conference_paper,"Chawla, Shuchi; Filtser, Arnold; Sheridan, Kristin; Trachtenberg, Yonatan",2026,1
https://doi.org/10.4230/LIPIcs.APPROX/RANDOM.2026.18,Tight Approximation Results for Matroid Optimization with a Linear Constraint,APPROX/RANDOM,conference_paper,"Doron-Arad, Ilan; Shachnai, Hadas; Shmerler, Gilad",2026,1
https://doi.org/10.4230/LIPIcs.APPROX/RANDOM.2026.26,Online TCP Acknowledgment Under General Delays,APPROX/RANDOM,conference_paper,"Bhore, Sujoy; Pawłowski, Michał; Umboh, Seeun William",2026,1
https://doi.org/10.4230/LIPIcs.APPROX/RANDOM.2026.31,Unbounded-Width CSPs Are Untestable in a Sublinear Number of Queries,APPROX/RANDOM,conference_paper,"Fei, Yumou",2026,1
https://doi.org/10.4230/LIPIcs.APPROX/RANDOM.2026.34,Two-Sided Lossless Expanders in the Unbalanced Setting,APPROX/RANDOM,conference_paper,"Chattopadhyay, Eshan; Gurumukhani, Mohit; Ringach, Noam; Zhao, Yunya",2026,1
https://doi.org/10.4230/LIPIcs.APPROX/RANDOM.2026.38,Almost All Graphs Are Vertex-Minor Universal,APPROX/RANDOM,conference_paper,"Ascoli, Ruben; Frederickson, Bryce; Frederickson, Sarah; McFarland, Caleb; Post, Logan",2026,1
https://doi.org/10.4230/LIPIcs.APPROX/RANDOM.2026.43,Markov Chains with Rewinding,APPROX/RANDOM,conference_paper,"Azarmehr, Amir; Behnezhad, Soheil; Ghafari, Alma; Sudan, Madhu",2026,1
https://doi.org/10.4230/LIPIcs.APPROX/RANDOM.2026.44,One-Way Functions and Polynomial-Time Dimension,APPROX/RANDOM,conference_paper,"Nandakumar, Satyadev; Pulari, Subin; S, Akhil; Sarma, Suronjona",2026,1
https://doi.org/10.4230/LIPIcs.APPROX/RANDOM.2026.49,Ultra-Sparse Expanders and the Free Method,APPROX/RANDOM,conference_paper,"Cohen, Gil; Maor, Gal",2026,1
https://doi.org/10.4230/LIPIcs.APPROX/RANDOM.2026.55,Arboricity Matters in Triangle Counting with Random Edges,APPROX/RANDOM,conference_paper,"Bishnu, Arijit; Chanda, Debarshi; Mishra, Gopinath",2026,1
https://doi.org/10.4230/LIPIcs.APPROX/RANDOM.2026.59,On the LSH Distortion of Ulam and Cayley Similarities,APPROX/RANDOM,conference_paper,"Chierichetti, Flavio; Giacchini, Mirko; Kumar, Ravi; Tani, Erasmo",2026,1
https://doi.org/10.4230/LIPIcs.APPROX/RANDOM.2026.6,Bichromatic Geometric Spanners,APPROX/RANDOM,conference_paper,"Fung, Theodore; Tóth, Csaba D.",2026,1
https://doi.org/10.4230/LIPIcs.APPROX/RANDOM.2026.62,Learning and Testing Convex Functions,APPROX/RANDOM,conference_paper,"Ferreira Pinto Jr., Renato; Marcussen, Cassandra; Mossel, Elchanan; Nadimpalli, Shivam",2026,1
https://doi.org/10.4230/LIPIcs.APPROX/RANDOM.2026.65,Property Testing of Computational Networks,APPROX/RANDOM,conference_paper,"Czumaj, Artur; Sohler, Christian",2026,1
https://doi.org/10.4230/LIPIcs.APPROX/RANDOM.2026.68,Algorithmic Phase Transition for Large Independent Sets in Dense Hypergraphs,APPROX/RANDOM,conference_paper,"Dhawan, Abhishek; Dinh, Nhi U.; Kızıldağ, Eren C.; Maitra, Neeladri; Şahin, Bayram A.",2026,1
https://doi.org/10.4230/LIPIcs.APPROX/RANDOM.2026.8,Capacitated Partition Vertex Cover and Partition Edge Cover,APPROX/RANDOM,conference_paper,"Dabas, Rajni; Khuller, Samir; Rivkin, Emilie",2026,1
https://doi.org/10.4230/LIPIcs.CALCO.2015.1,Syntactic Monoids in a Category,CALCO,conference_paper,"Adamek, Jiri; Milius, Stefan; Urbat, Henning",2015,1
https://doi.org/10.4230/LIPIcs.CALCO.2015.101,Partial Higher-dimensional Automata,CALCO,conference_paper,"Fahrenberg, Uli; Legay, Axel",2015,1
https://doi.org/10.4230/LIPIcs.CALCO.2017.11,Disjunctive Bases: Normal Forms for Modal Logics,CALCO,conference_paper,"Enqvist, Sebastian; Venema, Yde",2017,1
https://doi.org/10.4230/LIPIcs.CALCO.2017.16,Being Van Kampen in Presheaf Topoi is a Uniqueness Property,CALCO,conference_paper,"König, Harald; Wolter, Uwe",2017,1
https://doi.org/10.4230/LIPIcs.CALCO.2017.18,Proper Functors and their Rational Fixed Point,CALCO,conference_paper,"Milius, Stefan",2017,1
https://doi.org/10.4230/LIPIcs.CALCO.2017.3,On Corecursive Algebras for Functors Preserving Coproducts,CALCO,conference_paper,"Adámek, Jiri; Milius, Stefan",2017,1
https://doi.org/10.4230/LIPIcs.CALCO.2017.5,Monoidal Company for Accessible Functors,CALCO,conference_paper,"Basold, Henning; Pous, Damien; Rot, Jurriaan",2017,1
https://doi.org/10.4230/LIPIcs.CALCO.2019.11,Sequencing and Intermediate Acceptance: Axiomatisation and Decidability of Bisimilarity,CALCO,conference_paper,"Belder, Astrid; Luttik, Bas; Baeten, Jos",2019,1
https://doi.org/10.4230/LIPIcs.CALCO.2019.12,On Terminal Coalgebras Derived from Initial Algebras,CALCO,conference_paper,"Adámek, Jiří",2019,1
https://doi.org/10.4230/LIPIcs.CALCO.2021.6,Which Categories Are Varieties? ((Co)algebraic pearls),CALCO,conference_paper,"Adámek, Jiří; Rosický, Jiří",2021,1
https://doi.org/10.4230/LIPIcs.CALCO.2021.8,Pushdown Automata and Context-Free Grammars in Bisimulation Semantics,CALCO,conference_paper,"Baeten, Jos C. M.; Carissimo, Cesare; Luttik, Bas",2021,1
https://doi.org/10.4230/LIPIcs.CALCO.2021.9,From Farkas' Lemma to Linear Programming: an Exercise in Diagrammatic Algebra ((Co)algebraic pearls),CALCO,conference_paper,"Bonchi, Filippo; Di Giorgio, Alessandro; Zanasi, Fabio",2021,1
https://doi.org/10.4230/LIPIcs.CALCO.2023.10,Strongly Finitary Monads for Varieties of Quantitative Algebras,CALCO,conference_paper,"Adámek, Jiří; Dostál, Matěj; Velebil, Jiří",2023,1
https://doi.org/10.4230/LIPIcs.CALCO.2023.15,Coinductive Control of Inductive Data Types,CALCO,conference_paper,"North, Paige Randall; Péroux, Maximilien",2023,1
https://doi.org/10.4230/LIPIcs.CALCO.2023.16,Weakly Markov Categories and Weakly Affine Monads,CALCO,conference_paper,"Fritz, Tobias; Gadducci, Fabio; Perrone, Paolo; Trotta, Davide",2023,1
https://doi.org/10.4230/LIPIcs.CALCO.2023.17,Many-Valued Coalgebraic Logic: From Boolean Algebras to Primal Varieties,CALCO,conference_paper,"Kurz, Alexander; Poiger, Wolfgang",2023,1
https://doi.org/10.4230/LIPIcs.CALCO.2023.21,"On Kripke, Vietoris and Hausdorff Polynomial Functors ((Co)algebraic pearls)",CALCO,conference_paper,"Adámek, Jiří; Milius, Stefan; Moss, Lawrence S.",2023,1
https://doi.org/10.4230/LIPIcs.CALCO.2023.7,Structural Operational Semantics for Heterogeneously Typed Coalgebras,CALCO,conference_paper,"König, Harald; Wolter, Uwe; Kräuter, Tim",2023,1
https://doi.org/10.4230/LIPIcs.CALCO.2025.15,Trees in Coalgebra from Generalized Reachability ((Co)algebraic pearl),CALCO,conference_paper,"Wißmann, Thorsten; Kocsis, Bálint; Rot, Jurriaan; Turkenburg, Ruben",2025,1
https://doi.org/10.4230/LIPIcs.CALCO.2025.3,Terminal Coalgebras for Finitary Functors,CALCO,conference_paper,"Adámek, Jiří; Milius, Stefan; Moss, Lawrence S.",2025,1
https://doi.org/10.4230/LIPIcs.CALCO.2025.7,A Coinductive Representation of Computable Functions,CALCO,conference_paper,"Tang, Alvin; Pattinson, Dirk",2025,1
https://doi.org/10.4230/LIPIcs.CCC.2015.124,Majority is Incompressible by AC^0[p] Circuits,CCC,conference_paper,"Oliveira, Igor Carboni; Santhanam, Rahul",2015,1
https://doi.org/10.4230/LIPIcs.CCC.2015.244,Identifying an Honest EXP^NP Oracle Among Many,CCC,conference_paper,"Hirahara, Shuichi",2015,1
https://doi.org/10.4230/LIPIcs.CCC.2015.304,Subexponential Size Hitting Sets for Bounded Depth Multilinear Formulas,CCC,conference_paper,"Oliveira, Rafael; Shpilka, Amir; Volk, Ben Lee",2015,1
https://doi.org/10.4230/LIPIcs.CCC.2015.433,The Space Complexity of Cutting Planes Refutations,CCC,conference_paper,"Galesi, Nicola; Pudlák, Pavel; Thapen, Neil",2015,1
https://doi.org/10.4230/LIPIcs.CCC.2015.448,Tight Size-Degree Bounds for Sums-of-Squares Proofs,CCC,conference_paper,"Lauria, Massimo; Nordström, Jakob",2015,1
https://doi.org/10.4230/LIPIcs.CCC.2015.467,A Generalized Method for Proving Polynomial Calculus Degree Lower Bounds,CCC,conference_paper,"Miksa, Mladen; Nordström, Jakob",2015,1
https://doi.org/10.4230/LIPIcs.CCC.2015.488,Generalized Quantum Arthur-Merlin Games,CCC,conference_paper,"Kobayashi, Hirotada; Le Gall, Francois; Nishimura, Harumichi",2015,1
https://doi.org/10.4230/LIPIcs.CCC.2015.512,Parallel Repetition for Entangled k-player Games via Fast Quantum Search,CCC,conference_paper,"Chung, Kai-Min; Wu, Xiaodi; Yuen, Henry",2015,1
https://doi.org/10.4230/LIPIcs.CCC.2015.537,Upper Bounds on Quantum Query Complexity Inspired by the Elitzur-Vaidman Bomb Tester,CCC,conference_paper,"Lin, Cedric Yen-Yu; Lin, Han-Hsuan",2015,1
https://doi.org/10.4230/LIPIcs.CCC.2015.601,On Randomness Extraction in AC0,CCC,conference_paper,"Goldreich, Oded; Viola, Emanuele; Wigderson, Avi",2015,1
https://doi.org/10.4230/LIPIcs.CCC.2016.10,Learning Algorithms from Natural Proofs,CCC,conference_paper,"Carmosino, Marco L.; Impagliazzo, Russell; Kabanets, Valentine; Kolokolova, Antonina",2016,1
https://doi.org/10.4230/LIPIcs.CCC.2016.12,Lower Bounds for Constant Query Affine-Invariant LCCs and LTCs,CCC,conference_paper,"Bhattacharyya, Arnab; Gopi, Sivakanth",2016,1
https://doi.org/10.4230/LIPIcs.CCC.2016.16,Harmonicity and Invariance on Slices of the Boolean Cube,CCC,conference_paper,"Filmus, Yuval; Mossel, Elchanan",2016,1
https://doi.org/10.4230/LIPIcs.CCC.2016.17,On the Sum-of-Squares Degree of Symmetric Quadratic Functions,CCC,conference_paper,"Lee, Troy; Prakash, Anupam; de Wolf, Ronald; Yuen, Henry",2016,1
https://doi.org/10.4230/LIPIcs.CCC.2016.18,Limits of Minimum Circuit Size Problem as Oracle,CCC,conference_paper,"Hirahara, Shuichi; Watanabe, Osamu",2016,1
https://doi.org/10.4230/LIPIcs.CCC.2016.25,"Polynomials, Quantum Query Complexity, and Grothendieck's Inequality",CCC,conference_paper,"Aaronson, Scott; Ambainis, Andris; Iraids, Janis; Kokainis, Martins; Smotrovs, Juris",2016,1
https://doi.org/10.4230/LIPIcs.CCC.2016.26,Sculpting Quantum Speedups,CCC,conference_paper,"Aaronson, Scott; Ben-David, Shalev",2016,1
https://doi.org/10.4230/LIPIcs.CCC.2016.27,A Linear Time Algorithm for Quantum 2-SAT,CCC,conference_paper,"de Beaudrap, Niel; Gharibian, Sevag",2016,1
https://doi.org/10.4230/LIPIcs.CCC.2016.28,Complexity Classification of Two-Qubit Commuting Hamiltonians,CCC,conference_paper,"Bouland, Adam; Mancinska, Laura; Zhang, Xue",2016,1
https://doi.org/10.4230/LIPIcs.CCC.2016.29,"Identity Testing for Constant-Width, and Commutative, Read-Once Oblivious ABPs",CCC,conference_paper,"Gurjar, Rohit; Korwar, Arpita; Saxena, Nitin",2016,1
https://doi.org/10.4230/LIPIcs.CCC.2016.3,Toward the KRW Composition Conjecture: Cubic Formula Lower Bounds via Communication Complexity,CCC,conference_paper,"Dinur, Irit; Meir, Or",2016,1
https://doi.org/10.4230/LIPIcs.CCC.2016.32,Proof Complexity Lower Bounds from Algebraic Circuit Complexity,CCC,conference_paper,"Forbes, Michael A.; Shpilka, Amir; Tzameret, Iddo; Wigderson, Avi",2016,1
https://doi.org/10.4230/LIPIcs.CCC.2016.34,Arithmetic Circuits with Locally Low Algebraic Rank,CCC,conference_paper,"Kumar, Mrinal; Saraf, Shubhangi",2016,1
https://doi.org/10.4230/LIPIcs.CCC.2016.5,A Composition Theorem for Conical Juntas,CCC,conference_paper,"Göös, Mika; Jayram, T. S.",2016,1
https://doi.org/10.4230/LIPIcs.CCC.2016.6,Tight Bounds for Communication-Assisted Agreement Distillation,CCC,conference_paper,"Guruswami, Venkatesan; Radhakrishnan, Jaikumar",2016,1
https://doi.org/10.4230/LIPIcs.CCC.2016.9,Pseudorandomness When the Odds are Against You,CCC,conference_paper,"Artemenko, Sergei; Impagliazzo, Russell; Kabanets, Valentine; Shaltiel, Ronen",2016,1
https://doi.org/10.4230/LIPIcs.CCC.2017.12,Query-to-Communication Lifting for P^NP,CCC,conference_paper,"Göös, Mika; Kamath, Pritish; Pitassi, Toniann; Watson, Thomas",2017,1
https://doi.org/10.4230/LIPIcs.CCC.2017.16,Trading Information Complexity for Error,CCC,conference_paper,"Dagan, Yuval; Filmus, Yuval; Hatami, Hamed; Li, Yaqiao",2017,1
https://doi.org/10.4230/LIPIcs.CCC.2017.17,Stochasticity in Algorithmic Statistics for Polynomial Time,CCC,conference_paper,"Milovanov, Alexey; Vereshchagin, Nikolay",2017,1
https://doi.org/10.4230/LIPIcs.CCC.2017.18,"Conspiracies Between Learning Algorithms, Circuit Lower Bounds, and Pseudorandomness",CCC,conference_paper,"Oliveira, Igor C. Carboni; Santhanam, Rahul",2017,1
https://doi.org/10.4230/LIPIcs.CCC.2017.2,Graph Colouring is Hard for Algorithms Based on Hilbert's Nullstellensatz and Gröbner Bases,CCC,conference_paper,"Lauria, Massimo; Nordström, Jakob",2017,1
https://doi.org/10.4230/LIPIcs.CCC.2017.20,On Algebraic Branching Programs of Small Width,CCC,conference_paper,"Bringmann, Karl; Ikenmeyer, Christian; Zuiddam, Jeroen",2017,1
https://doi.org/10.4230/LIPIcs.CCC.2017.24,Separating Quantum Communication and Approximate Rank,CCC,conference_paper,"Anshu, Anurag; Ben-David, Shalev; Garg, Ankit; Jain, Rahul; Kothari, Robin; Lee, Troy",2017,1
https://doi.org/10.4230/LIPIcs.CCC.2017.25,Optimal Quantum Sample Complexity of Learning Algorithms,CCC,conference_paper,"Arunachalam, Srinivasan; de Wolf, Ronald",2017,1
https://doi.org/10.4230/LIPIcs.CCC.2017.27,An Adaptivity Hierarchy Theorem for Property Testing,CCC,conference_paper,"Canonne, Clément L.; Gur, Tom",2017,1
https://doi.org/10.4230/LIPIcs.CCC.2017.29,Exponentially Small Soundness for the Direct Product Z-Test,CCC,conference_paper,"Dinur, Irit; Livni Navon, Inbal",2017,1
https://doi.org/10.4230/LIPIcs.CCC.2017.3,Representations of Monotone Boolean Functions by Linear Programs,CCC,conference_paper,"de Oliveira Oliveira, Mateus; Pudlák, Pavel",2017,1
https://doi.org/10.4230/LIPIcs.CCC.2017.32,Complete Derandomization of Identity Testing and Reconstruction of Read-Once Formulas,CCC,conference_paper,"Minahan, Daniel; Volkovich, Ilya",2017,1
https://doi.org/10.4230/LIPIcs.CCC.2017.4,A Note on Amortized Branching Program Complexity,CCC,conference_paper,"Potechin, Aaron",2017,1
https://doi.org/10.4230/LIPIcs.CCC.2017.8,Easiness Amplification and Uniform Circuit Lower Bounds,CCC,conference_paper,"Murray, Cody D.; Williams, R. Ryan",2017,1
https://doi.org/10.4230/LIPIcs.CCC.2017.9,PPSZ for General k-SAT - Making Hertli's Analysis Simpler and 3-SAT Faster,CCC,conference_paper,"Scheder, Dominik; Steinberger, John P.",2017,1
https://doi.org/10.4230/LIPIcs.CCC.2018.10,Algebraic Dependencies and PSPACE Algorithms in Approximative Complexity,CCC,conference_paper,"Guo, Zeyu; Saxena, Nitin; Sinhababu, Amit",2018,1
https://doi.org/10.4230/LIPIcs.CCC.2018.14,On The Hardness of Approximate and Exact (Bichromatic) Maximum Inner Product,CCC,conference_paper,"Chen, Lijie",2018,1
https://doi.org/10.4230/LIPIcs.CCC.2018.18,Earthmover Resilience and Testing in Ordered Structures,CCC,conference_paper,"Ben-Eliezer, Omri; Fischer, Eldar",2018,1
https://doi.org/10.4230/LIPIcs.CCC.2018.19,New Hardness Results for the Permanent Using Linear Optics,CCC,conference_paper,"Grier, Daniel; Schaeffer, Luke",2018,1
https://doi.org/10.4230/LIPIcs.CCC.2018.21,Complexity Classification of Conjugated Clifford Circuits,CCC,conference_paper,"Bouland, Adam; Fitzsimons, Joseph F.; Koh, Dax Enshan",2018,1
https://doi.org/10.4230/LIPIcs.CCC.2018.6,"Limits on Representing Boolean Functions by Linear Combinations of Simple Functions: Thresholds, ReLUs, and Low-Degree Polynomials",CCC,conference_paper,"Williams, Richard Ryan",2018,1
https://doi.org/10.4230/LIPIcs.CCC.2018.7,The Power of Natural Properties as Oracles,CCC,conference_paper,"Impagliazzo, Russell; Kabanets, Valentine; Volkovich, Ilya",2018,1
https://doi.org/10.4230/LIPIcs.CCC.2019.14,Equality Alone Does not Simulate Randomness,CCC,conference_paper,"Chattopadhyay, Arkadev; Lovett, Shachar; Vinyals, Marc",2019,1
https://doi.org/10.4230/LIPIcs.CCC.2019.15,Counting Basic-Irreducible Factors Mod p^k in Deterministic Poly-Time and p-Adic Applications,CCC,conference_paper,"Dwivedi, Ashish; Mittal, Rajat; Saxena, Nitin",2019,1
https://doi.org/10.4230/LIPIcs.CCC.2019.2,Almost Optimal Distribution-Free Junta Testing,CCC,conference_paper,"Bshouty, Nader H.",2019,1
https://doi.org/10.4230/LIPIcs.CCC.2019.24,Size-Degree Trade-Offs for Sums-of-Squares and Positivstellensatz Proofs,CCC,conference_paper,"Atserias, Albert; Hakoniemi, Tuomas",2019,1
https://doi.org/10.4230/LIPIcs.CCC.2019.30,Relations and Equivalences Between Circuit Lower Bounds and Karp-Lipton Theorems,CCC,conference_paper,"Chen, Lijie; McKay, Dylan M.; Murray, Cody D.; Williams, R. Ryan",2019,1
https://doi.org/10.4230/LIPIcs.CCC.2019.31,A Fine-Grained Analogue of Schaefer’s Theorem in P: Dichotomy of Exists^k-Forall-Quantified First-Order Graph Properties,CCC,conference_paper,"Bringmann, Karl; Fischer, Nick; Künnemann, Marvin",2019,1
https://doi.org/10.4230/LIPIcs.CCC.2020.1,Near-Optimal Erasure List-Decodable Codes,CCC,conference_paper,"Ben-Aroya, Avraham; Doron, Dean; Ta-Shma, Amnon",2020,1
https://doi.org/10.4230/LIPIcs.CCC.2020.14,Schur Polynomials Do Not Have Small Formulas If the Determinant Doesn't,CCC,conference_paper,"Chaugule, Prasad; Kumar, Mrinal; Limaye, Nutan; Mohapatra, Chandra Kanta; She, Adrian; Srinivasan, Srikanth",2020,1
https://doi.org/10.4230/LIPIcs.CCC.2020.2,A Quadratic Lower Bound for Algebraic Branching Programs,CCC,conference_paper,"Chatterjee, Prerona; Kumar, Mrinal; She, Adrian; Volk, Ben Lee",2020,1
https://doi.org/10.4230/LIPIcs.CCC.2020.20,Non-Disjoint Promise Problems from Meta-Computational View of Pseudorandom Generator Constructions,CCC,conference_paper,"Hirahara, Shuichi",2020,1
https://doi.org/10.4230/LIPIcs.CCC.2020.22,NP-Hardness of Circuit Minimization for Multi-Output Functions,CCC,conference_paper,"Ilango, Rahul; Loff, Bruno; Oliveira, Igor C.",2020,1
https://doi.org/10.4230/LIPIcs.CCC.2020.24,Multiparty Karchmer - Wigderson Games and Threshold Circuits,CCC,conference_paper,"Kozachinskiy, Alexander; Podolskii, Vladimir",2020,1
https://doi.org/10.4230/LIPIcs.CCC.2020.26,Circuit Lower Bounds from NP-Hardness of MCSP Under Turing Reductions,CCC,conference_paper,"Saks, Michael; Santhanam, Rahul",2020,1
https://doi.org/10.4230/LIPIcs.CCC.2020.29,Groups with ALOGTIME-Hard Word Problems and PSPACE-Complete Circuit Value Problems,CCC,conference_paper,"Bartholdi, Laurent; Figelius, Michael; Lohrey, Markus; Weiß, Armin",2020,1
https://doi.org/10.4230/LIPIcs.CCC.2020.37,Algebraic Hardness Versus Randomness in Low Characteristic,CCC,conference_paper,"Andrews, Robert",2020,1
https://doi.org/10.4230/LIPIcs.CCC.2020.38,Sum of Squares Bounds for the Ordering Principle,CCC,conference_paper,"Potechin, Aaron",2020,1
https://doi.org/10.4230/LIPIcs.CCC.2020.5,Lower Bounds for Matrix Factorization,CCC,conference_paper,"Kumar, Mrinal; Volk, Ben Lee",2020,1
https://doi.org/10.4230/LIPIcs.CCC.2020.7,Quantum Lower Bounds for Approximate Counting via Laurent Polynomials,CCC,conference_paper,"Aaronson, Scott; Kothari, Robin; Kretschmer, William; Thaler, Justin",2020,1
https://doi.org/10.4230/LIPIcs.CCC.2021.11,Deterministic Identity Testing Paradigms for Bounded Top-Fanin Depth-4 Circuits,CCC,conference_paper,"Dutta, Pranjal; Dwivedi, Prateek; Saxena, Nitin",2021,1
https://doi.org/10.4230/LIPIcs.CCC.2021.12,Robustly Self-Ordered Graphs: Constructions and Applications to Property Testing,CCC,conference_paper,"Goldreich, Oded; Wigderson, Avi",2021,1
https://doi.org/10.4230/LIPIcs.CCC.2021.17,Branching Programs with Bounded Repetitions and Flow Formulas,CCC,conference_paper,"Sofronova, Anastasia; Sokolov, Dmitry",2021,1
https://doi.org/10.4230/LIPIcs.CCC.2021.2,An Improved Protocol for the Exactly-N Problem,CCC,conference_paper,"Linial, Nati; Shraibman, Adi",2021,1
https://doi.org/10.4230/LIPIcs.CCC.2021.20,Variety Evasive Subspace Families,CCC,conference_paper,"Guo, Zeyu",2021,1
https://doi.org/10.4230/LIPIcs.CCC.2021.21,A Lower Bound for Polynomial Calculus with Extension Rule,CCC,conference_paper,"Alekseev, Yaroslav",2021,1
https://doi.org/10.4230/LIPIcs.CCC.2021.25,Arithmetic Circuit Complexity of Division and Truncation,CCC,conference_paper,"Dutta, Pranjal; Jindal, Gorav; Pandey, Anurag; Sinhababu, Amit",2021,1
https://doi.org/10.4230/LIPIcs.CCC.2021.26,SOS Lower Bound for Exact Planted Clique,CCC,conference_paper,"Pang, Shuo",2021,1
https://doi.org/10.4230/LIPIcs.CCC.2021.32,Polynomial Time Algorithms in Invariant Theory for Torus Actions,CCC,conference_paper,"Bürgisser, Peter; Doğan, M. Levent; Makam, Visu; Walter, Michael; Wigderson, Avi",2021,1
https://doi.org/10.4230/LIPIcs.CCC.2021.34,GSF-Locality Is Not Sufficient For Proximity-Oblivious Testing,CCC,conference_paper,"Adler, Isolde; Köhler, Noleen; Peng, Pan",2021,1
https://doi.org/10.4230/LIPIcs.CCC.2021.35,Hardness of KT Characterizes Parallel Cryptography,CCC,conference_paper,"Ren, Hanlin; Santhanam, Rahul",2021,1
https://doi.org/10.4230/LIPIcs.CCC.2021.36,On the Pseudo-Deterministic Query Complexity of NP Search Problems,CCC,conference_paper,"Goldwasser, Shafi; Impagliazzo, Russell; Pitassi, Toniann; Santhanam, Rahul",2021,1
https://doi.org/10.4230/LIPIcs.CCC.2021.38,Toward Better Depth Lower Bounds: The XOR-KRW Conjecture,CCC,conference_paper,"Mihajlin, Ivan; Smal, Alexander",2021,1
https://doi.org/10.4230/LIPIcs.CCC.2021.41,Matrix Rigidity Depends on the Target Field,CCC,conference_paper,"Babai, László; Kivva, Bohdan",2021,1
https://doi.org/10.4230/LIPIcs.CCC.2021.5,Optimal Tiling of the Euclidean Space Using Permutation-Symmetric Bodies,CCC,conference_paper,"Braverman, Mark; Minzer, Dor",2021,1
https://doi.org/10.4230/LIPIcs.CCC.2021.6,On the Power and Limitations of Branch and Cut,CCC,conference_paper,"Fleming, Noah; Göös, Mika; Impagliazzo, Russell; Pitassi, Toniann; Robere, Robert; Tan, Li-Yang; Wigderson, Avi",2021,1
https://doi.org/10.4230/LIPIcs.CCC.2021.9,Shadows of Newton Polytopes,CCC,conference_paper,"Hrubeš, Pavel; Yehudayoff, Amir",2021,1
https://doi.org/10.4230/LIPIcs.CCC.2022.10,New Near-Linear Time Decodable Codes Closer to the GV Bound,CCC,conference_paper,"Blanc, Guy; Doron, Dean",2022,1
https://doi.org/10.4230/LIPIcs.CCC.2022.11,"Certifying Solution Geometry in Random CSPs: Counts, Clusters and Balance",CCC,conference_paper,"Hsieh, Jun-Ting; Mohanty, Sidhanth; Xu, Jeff",2022,1
https://doi.org/10.4230/LIPIcs.CCC.2022.18,High-Dimensional Expanders from Chevalley Groups,CCC,conference_paper,"O'Donnell, Ryan; Pratt, Kevin",2022,1
https://doi.org/10.4230/LIPIcs.CCC.2022.19,The Composition Complexity of Majority,CCC,conference_paper,"Lecomte, Victor; Ramakrishnan, Prasanna; Tan, Li-Yang",2022,1
https://doi.org/10.4230/LIPIcs.CCC.2022.20,The Acrobatics of BQP,CCC,conference_paper,"Aaronson, Scott; Ingram, DeVon; Kretschmer, William",2022,1
https://doi.org/10.4230/LIPIcs.CCC.2022.23,"Extremely Efficient Constructions of Hash Functions, with Applications to Hardness Magnification and PRFs",CCC,conference_paper,"Chen, Lijie; Li, Jiatu; Yang, Tianqi",2022,1
https://doi.org/10.4230/LIPIcs.CCC.2022.25,Finding Errorless Pessiland in Error-Prone Heuristica,CCC,conference_paper,"Hirahara, Shuichi; Nanashima, Mikito",2022,1
https://doi.org/10.4230/LIPIcs.CCC.2022.26,Symmetry of Information from Meta-Complexity,CCC,conference_paper,"Hirahara, Shuichi",2022,1
https://doi.org/10.4230/LIPIcs.CCC.2022.27,Pseudorandomness of Expander Random Walks for Symmetric Functions and Permutation Branching Programs,CCC,conference_paper,"Golowich, Louis; Vadhan, Salil",2022,1
https://doi.org/10.4230/LIPIcs.CCC.2022.33,Further Collapses in TFNP,CCC,conference_paper,"Göös, Mika; Hollender, Alexandros; Jain, Siddhartha; Maystre, Gilbert; Pires, William; Robere, Robert; Tao, Ran",2022,1
https://doi.org/10.4230/LIPIcs.CCC.2022.36,On One-Way Functions from NP-Complete Problems,CCC,conference_paper,"Liu, Yanyi; Pass, Rafael",2022,1
https://doi.org/10.4230/LIPIcs.CCC.2022.5,Quantum Search-To-Decision Reductions and the State Synthesis Problem,CCC,conference_paper,"Irani, Sandy; Natarajan, Anand; Nirkhe, Chinmay; Rao, Sujit; Yuen, Henry",2022,1
https://doi.org/10.4230/LIPIcs.CCC.2022.6,Almost Polynomial Factor Inapproximability for Parameterized k-Clique,CCC,conference_paper,"Karthik C. S.; Khot, Subhash",2022,1
https://doi.org/10.4230/LIPIcs.CCC.2022.9,Subrank and Optimal Reduction of Scalar Multiplications to Generic Tensors,CCC,conference_paper,"Derksen, Harm; Makam, Visu; Zuiddam, Jeroen",2022,1
https://doi.org/10.4230/LIPIcs.CCC.2023.1,Separation of the Factorization Norm and Randomized Communication Complexity,CCC,conference_paper,"Cheung, Tsun-Ming; Hatami, Hamed; Hosseini, Kaave; Shirley, Morgan",2023,1
https://doi.org/10.4230/LIPIcs.CCC.2023.12,Improved Learning from Kolmogorov Complexity,CCC,conference_paper,"Goldberg, Halley; Kabanets, Valentine",2023,1
https://doi.org/10.4230/LIPIcs.CCC.2023.13,New Lower Bounds Against Homogeneous Non-Commutative Circuits,CCC,conference_paper,"Chatterjee, Prerona; Hrubeš, Pavel",2023,1
https://doi.org/10.4230/LIPIcs.CCC.2023.14,On Relaxed Locally Decodable Codes for Hamming and Insertion-Deletion Errors,CCC,conference_paper,"Block, Alexander R.; Blocki, Jeremiah; Cheng, Kuan; Grigorescu, Elena; Li, Xin; Zheng, Yu; Zhu, Minshen",2023,1
https://doi.org/10.4230/LIPIcs.CCC.2023.17,Instance-Wise Hardness Versus Randomness Tradeoffs for Arthur-Merlin Protocols,CCC,conference_paper,"van Melkebeek, Dieter; Mocelin Sdroievski, Nicollas",2023,1
https://doi.org/10.4230/LIPIcs.CCC.2023.21,Reducing Tarski to Unique Tarski (In the Black-Box Model),CCC,conference_paper,"Chen, Xi; Li, Yuhao; Yannakakis, Mihalis",2023,1
https://doi.org/10.4230/LIPIcs.CCC.2023.22,A Distribution Testing Oracle Separating QMA and QCMA,CCC,conference_paper,"Natarajan, Anand; Nirkhe, Chinmay",2023,1
https://doi.org/10.4230/LIPIcs.CCC.2023.23,Translationally Invariant Constraint Optimization Problems,CCC,conference_paper,"Aharonov, Dorit; Irani, Sandy",2023,1
https://doi.org/10.4230/LIPIcs.CCC.2023.28,Towards Optimal Depth-Reductions for Algebraic Formulas,CCC,conference_paper,"Fournier, Hervé; Limaye, Nutan; Malod, Guillaume; Srinivasan, Srikanth; Tavenas, Sébastien",2023,1
https://doi.org/10.4230/LIPIcs.CCC.2023.30,A Degree 4 Sum-Of-Squares Lower Bound for the Clique Number of the Paley Graph,CCC,conference_paper,"Kunisky, Dmitriy; Yu, Xifan",2023,1
https://doi.org/10.4230/LIPIcs.CCC.2023.35,An Algorithmic Approach to Uniform Lower Bounds,CCC,conference_paper,"Santhanam, Rahul",2023,1
https://doi.org/10.4230/LIPIcs.CCC.2023.4,On the Algebraic Proof Complexity of Tensor Isomorphism,CCC,conference_paper,"Galesi, Nicola; Grochow, Joshua A.; Pitassi, Toniann; She, Adrian",2023,1
https://doi.org/10.4230/LIPIcs.CCC.2023.6,Bounded Relativization,CCC,conference_paper,"Hirahara, Shuichi; Lu, Zhenjian; Ren, Hanlin",2023,1
https://doi.org/10.4230/LIPIcs.CCC.2023.8,Spectral Expanding Expanders,CCC,conference_paper,"Cohen, Gil; Cohen, Itay",2023,1
https://doi.org/10.4230/LIPIcs.CCC.2024.1,A Technique for Hardness Amplification Against AC⁰,CCC,conference_paper,"Hoza, William M.",2024,1
https://doi.org/10.4230/LIPIcs.CCC.2024.12,A Subquadratic Upper Bound on Sum-Of-Squares Composition Formulas,CCC,conference_paper,"Hrubeš, Pavel",2024,1
https://doi.org/10.4230/LIPIcs.CCC.2024.13,Hard Submatrices for Non-Negative Rank and Communication Complexity,CCC,conference_paper,"Hrubeš, Pavel",2024,1
https://doi.org/10.4230/LIPIcs.CCC.2024.14,Complexity of Robust Orbit Problems for Torus Actions and the abc-Conjecture,CCC,conference_paper,"Bürgisser, Peter; Doğan, Mahmut Levent; Makam, Visu; Walter, Michael; Wigderson, Avi",2024,1
https://doi.org/10.4230/LIPIcs.CCC.2024.17,Local Enumeration and Majority Lower Bounds,CCC,conference_paper,"Gurumukhani, Mohit; Paturi, Ramamohan; Pudlák, Pavel; Saks, Michael; Talebanfard, Navid",2024,1
https://doi.org/10.4230/LIPIcs.CCC.2024.2,Streaming Zero-Knowledge Proofs,CCC,conference_paper,"Cormode, Graham; Dall'Agnol, Marcel; Gur, Tom; Hickey, Chris",2024,1
https://doi.org/10.4230/LIPIcs.CCC.2024.27,Baby PIH: Parameterized Inapproximability of Min CSP,CCC,conference_paper,"Guruswami, Venkatesan; Ren, Xuandi; Sandeep, Sai",2024,1
https://doi.org/10.4230/LIPIcs.CCC.2024.3,Solving Unique Games over Globally Hypercontractive Graphs,CCC,conference_paper,"Bafna, Mitali; Minzer, Dor",2024,1
https://doi.org/10.4230/LIPIcs.CCC.2024.32,BPL ⊆ L-AC¹,CCC,conference_paper,"Cheng, Kuan; Wang, Yichuan",2024,1
https://doi.org/10.4230/LIPIcs.CCC.2025.14,On the Automatability of Tree-Like k-DNF Resolution,CCC,conference_paper,"Carenini, Gaia; de Rezende, Susanna F.",2025,1
https://doi.org/10.4230/LIPIcs.CCC.2025.16,Direct Sums for Parity Decision Trees,CCC,conference_paper,"Besselman, Tyler; Göös, Mika; Guo, Siyao; Maystre, Gilbert; Yuan, Weiqiang",2025,1
https://doi.org/10.4230/LIPIcs.CCC.2025.17,Space-Bounded Quantum Interactive Proof Systems,CCC,conference_paper,"Le Gall, François; Liu, Yupan; Nishimura, Harumichi; Wang, Qisheng",2025,1
https://doi.org/10.4230/LIPIcs.CCC.2025.20,Counting Martingales for Measure and Dimension in Complexity Classes,CCC,conference_paper,"Hitchcock, John M.; Sekoni, Adewale; Shafei, Hadi",2025,1
https://doi.org/10.4230/LIPIcs.CCC.2025.34,Witness Encryption and NP-Hardness of Learning,CCC,conference_paper,"Goldberg, Halley; Kabanets, Valentine",2025,1
https://doi.org/10.4230/LIPIcs.CCC.2025.6,Near-Optimal Averaging Samplers and Matrix Samplers,CCC,conference_paper,"Xun, Zhiyang; Zuckerman, David",2025,1
https://doi.org/10.4230/LIPIcs.CCC.2026.15,Derandomised Tensor Product Gap Amplification for Quantum Hamiltonians,CCC,conference_paper,"Bergamaschi, Thiago; Metger, Tony; Vidick, Thomas; Zhang, Tina",2026,1
https://doi.org/10.4230/LIPIcs.CCC.2026.18,Multiplicative Pseudorandom Generators for Nondeterministic Circuits,CCC,conference_paper,"Dermer, Alon; Shaltiel, Ronen",2026,1
https://doi.org/10.4230/LIPIcs.CCC.2026.2,Bounded-Independence Sampling of Edges for Combinatorial Graph Properties,CCC,conference_paper,"Putterman, Aaron; Vadhan, Salil; Zaripov, Vadim",2026,1
https://doi.org/10.4230/LIPIcs.CCC.2026.20,On Factorization of Sparse Polynomials of Bounded Individual Degree,CCC,conference_paper,"Chuyoon, Aminadav; Shpilka, Amir",2026,1
https://doi.org/10.4230/LIPIcs.CCC.2026.30,Bounds for Hardness Condensation in the Query Model,CCC,conference_paper,"Kayal, Chandrima; Mittal, Rajat; Nalli, Sai Soumya; Paraashar, Manaswi; Polisetty, Karthikeya; Sarma, Jayalal; Saurabh, Nitin",2026,1
https://doi.org/10.4230/LIPIcs.CCC.2026.37,Separations Above TFNP from Sherali-Adams Lower Bounds,CCC,conference_paper,"Fleming, Noah; Gál, Anna; Imrek, Deniz; Marciot, Christophe",2026,1
https://doi.org/10.4230/LIPIcs.CCC.2026.8,Efficient Adversaries,CCC,conference_paper,"Khaniki, Erfan; Pich, Ján; Sokolov, Dmitry",2026,1
https://doi.org/10.4230/LIPIcs.CCC.2026.9,Hardness of Computing Nondeterministic Kolmogorov Complexity,CCC,conference_paper,"Hu, Jinqiao; Lu, Zhenjian; Oliveira, Igor C.",2026,1
https://doi.org/10.4230/LIPIcs.CONCUR.2015.18,Notions of Conformance Testing for Cyber-Physical Systems: Overview and Roadmap (Invited Paper),CONCUR,conference_paper,"Khakpour, Narges; Mousavi, Mohammad Reza",2015,1
https://doi.org/10.4230/LIPIcs.CONCUR.2015.198,Modal Logics for Nominal Transition Systems,CONCUR,conference_paper,"Parrow, Joachim; Borgström, Johannes; Eriksson, Lars-Henrik; Gutkovas, Ramunas; Weber, Tjark",2015,1
https://doi.org/10.4230/LIPIcs.CONCUR.2015.212,Howe's Method for Contextual Semantics,CONCUR,conference_paper,"Lenglet, Serguei; Schmitt, Alan",2015,1
https://doi.org/10.4230/LIPIcs.CONCUR.2015.340,An Automata-Theoretic Approach to the Verification of Distributed Algorithms,CONCUR,conference_paper,"Aiswarya, Cyriac; Bollig, Benedikt; Gastin, Paul",2015,1
https://doi.org/10.4230/LIPIcs.CONCUR.2015.72,Safety of Parametrized Asynchronous Shared-Memory Systems is Almost Always Decidable,CONCUR,conference_paper,"La Torre, Salvatore; Muscholl, Anca; Walukiewicz, Igor",2015,1
https://doi.org/10.4230/LIPIcs.CONCUR.2016.1,Bayesian Inversion by Omega-Complete Cone Duality (Invited Paper),CONCUR,conference_paper,"Dahlqvist, Fredrik; Danos, Vincent; Garnier, Ilias; Kammar, Ohad",2016,1
https://doi.org/10.4230/LIPIcs.CONCUR.2016.23,Robustly Parameterised Higher-Order Probabilistic Models,CONCUR,conference_paper,"Dahlqvist, Fredrik; Danos, Vincent; Garnier, Ilias",2016,1
https://doi.org/10.4230/LIPIcs.CONCUR.2017.11,Divergence and Unique Solution of Equations,CONCUR,conference_paper,"Durier, Adrien; Hirschkoff, Daniel; Sangiorgi, Davide",2017,1
https://doi.org/10.4230/LIPIcs.CONCUR.2017.13,The Robot Routing Problem for Collecting Aggregate Stochastic Rewards,CONCUR,conference_paper,"Dimitrova, Rayna; Gavran, Ivan; Majumdar, Rupak; Prabhu, Vinayak S.; Soudjani, Sadegh Esmaeil Zadeh",2017,1
https://doi.org/10.4230/LIPIcs.CONCUR.2017.17,Nash Equilibrium and Bisimulation Invariance,CONCUR,conference_paper,"Gutierrez, Julian; Harrenstein, Paul; Perelli, Giuseppe; Wooldridge, Michael",2017,1
https://doi.org/10.4230/LIPIcs.CONCUR.2017.19,Probabilistic Automata of Bounded Ambiguity,CONCUR,conference_paper,"Fijalkow, Nathanaël; Riveros, Cristian; Worrell, James",2017,1
https://doi.org/10.4230/LIPIcs.CONCUR.2017.21,Infinite-Duration Bidding Games,CONCUR,conference_paper,"Avni, Guy; Henzinger, Thomas A.; Chonev, Ventsislav",2017,1
https://doi.org/10.4230/LIPIcs.CONCUR.2017.25,Brzozowski Goes Concurrent - A Kleene Theorem for Pomset Languages,CONCUR,conference_paper,"Kappé, Tobias; Brunet, Paul; Luttik, Bas; Silva, Alexandra; Zanasi, Fabio",2017,1
https://doi.org/10.4230/LIPIcs.CONCUR.2017.28,On Decidability of Concurrent Kleene Algebra,CONCUR,conference_paper,"Brunet, Paul; Pous, Damien; Struth, Georg",2017,1
https://doi.org/10.4230/LIPIcs.CONCUR.2017.32,Efficient Coalgebraic Partition Refinement,CONCUR,conference_paper,"Dorsch, Ulrich; Milius, Stefan; Schröder, Lutz; Wißmann, Thorsten",2017,1
https://doi.org/10.4230/LIPIcs.CONCUR.2018.12,Bounded Context Switching for Valence Systems,CONCUR,conference_paper,"Meyer, Roland; Muskalla, Sebastian; Zetzsche, Georg",2018,1
https://doi.org/10.4230/LIPIcs.CONCUR.2018.14,Affine Extensions of Integer Vector Addition Systems with States,CONCUR,conference_paper,"Blondin, Michael; Haase, Christoph; Mazowiecki, Filip",2018,1
https://doi.org/10.4230/LIPIcs.CONCUR.2018.17,Up-To Techniques for Behavioural Metrics via Fibrations,CONCUR,conference_paper,"Bonchi, Filippo; König, Barbara; Petrisan, Daniela",2018,1
https://doi.org/10.4230/LIPIcs.CONCUR.2018.18,Completeness for Identity-free Kleene Lattices,CONCUR,conference_paper,"Doumane, Amina; Pous, Damien",2018,1
https://doi.org/10.4230/LIPIcs.CONCUR.2018.37,(Metric) Bisimulation Games and Real-Valued Modal Logics for Coalgebras,CONCUR,conference_paper,"König, Barbara; Mika-Michalski, Christina",2018,1
https://doi.org/10.4230/LIPIcs.CONCUR.2018.39,Logics Meet 1-Clock Alternating Timed Automata,CONCUR,conference_paper,"Krishna, Shankara Narayanan; Madnani, Khushraj; Pandya, Paritosh K.",2018,1
https://doi.org/10.4230/LIPIcs.CONCUR.2018.6,Universal Safety for Timed Petri Nets is PSPACE-complete,CONCUR,conference_paper,"Abdulla, Parosh Aziz; Atig, Mohamed Faouzi; Ciobanu, Radu; Mayr, Richard; Totzke, Patrick",2018,1
https://doi.org/10.4230/LIPIcs.CONCUR.2018.7,"It Is Easy to Be Wise After the Event: Communicating Finite-State Machines Capture First-Order Logic with ""Happened Before""",CONCUR,conference_paper,"Bollig, Benedikt; Fortin, Marie; Gastin, Paul",2018,1
https://doi.org/10.4230/LIPIcs.CONCUR.2019.14,On the Complexity of Reachability in Parametric Markov Decision Processes,CONCUR,conference_paper,"Winkler, Tobias; Junges, Sebastian; Pérez, Guillermo A.; Katoen, Joost-Pieter",2019,1
https://doi.org/10.4230/LIPIcs.CONCUR.2019.18,Alternating Weak Automata from Universal Trees,CONCUR,conference_paper,"Daviaud, Laure; Jurdziński, Marcin; Lehtinen, Karoliina",2019,1
https://doi.org/10.4230/LIPIcs.CONCUR.2019.19,Good for Games Automata: From Nondeterminism to Alternation,CONCUR,conference_paper,"Boker, Udi; Lehtinen, Karoliina",2019,1
https://doi.org/10.4230/LIPIcs.CONCUR.2019.24,Synthesis of Data Word Transducers,CONCUR,conference_paper,"Exibard, Léo; Filiot, Emmanuel; Reynier, Pierre-Alain",2019,1
https://doi.org/10.4230/LIPIcs.CONCUR.2020.10,A Classification of Weak Asynchronous Models of Distributed Computing,CONCUR,conference_paper,"Esparza, Javier; Reiter, Fabian",2020,1
https://doi.org/10.4230/LIPIcs.CONCUR.2020.17,Weighted Transducers for Robustness Verification,CONCUR,conference_paper,"Filiot, Emmanuel; Mazzocchi, Nicolas; Raskin, Jean-François; Sankaranarayanan, Sriram; Trivedi, Ashutosh",2020,1
https://doi.org/10.4230/LIPIcs.CONCUR.2020.19,Wreath/Cascade Products and Related Decomposition Results for the Concurrent Setting of Mazurkiewicz Traces,CONCUR,conference_paper,"Adsul, Bharat; Gastin, Paul; Sarkar, Saptarshi; Weil, Pascal",2020,1
https://doi.org/10.4230/LIPIcs.CONCUR.2020.2,A Survey of Bidding Games on Graphs (Invited Paper),CONCUR,conference_paper,"Avni, Guy; Henzinger, Thomas A.",2020,1
https://doi.org/10.4230/LIPIcs.CONCUR.2020.20,Partially Observable Concurrent Kleene Algebra,CONCUR,conference_paper,"Wagemaker, Jana; Brunet, Paul; Docherty, Simon; Kappé, Tobias; Rot, Jurriaan; Silva, Alexandra",2020,1
https://doi.org/10.4230/LIPIcs.CONCUR.2020.29,"Non Axiomatisability of Positive Relation Algebras with Constants, via Graph Homomorphisms",CONCUR,conference_paper,"Doumane, Amina; Pous, Damien",2020,1
https://doi.org/10.4230/LIPIcs.CONCUR.2020.33,A General Approach to Derive Uncontrolled Reversible Semantics,CONCUR,conference_paper,"Lanese, Ivan; Medić, Doriana",2020,1
https://doi.org/10.4230/LIPIcs.CONCUR.2020.34,On the Representation of References in the Pi-Calculus,CONCUR,conference_paper,"Hirschkoff, Daniel; Prebet, Enguerrand; Sangiorgi, Davide",2020,1
https://doi.org/10.4230/LIPIcs.CONCUR.2020.36,Universality Problem for Unambiguous VASS,CONCUR,conference_paper,"Czerwiński, Wojciech; Figueira, Diego; Hofman, Piotr",2020,1
https://doi.org/10.4230/LIPIcs.CONCUR.2020.37,Reachability in Two-Dimensional Vector Addition Systems with States: One Test Is for Free,CONCUR,conference_paper,"Leroux, Jérôme; Sutre, Grégoire",2020,1
https://doi.org/10.4230/LIPIcs.CONCUR.2020.41,The Big-O Problem for Labelled Markov Chains and Weighted Automata,CONCUR,conference_paper,"Chistikov, Dmitry; Kiefer, Stefan; Murawski, Andrzej S.; Purser, David",2020,1
https://doi.org/10.4230/LIPIcs.CONCUR.2020.43,Synthesis of Computable Regular Functions of Infinite Words,CONCUR,conference_paper,"Dave, Vrunda; Filiot, Emmanuel; Krishna, Shankara Narayanan; Lhote, Nathan",2020,1
https://doi.org/10.4230/LIPIcs.CONCUR.2020.49,Bounded Reachability Problems Are Decidable in FIFO Machines,CONCUR,conference_paper,"Bollig, Benedikt; Finkel, Alain; Suresh, Amrita",2020,1
https://doi.org/10.4230/LIPIcs.CONCUR.2020.9,Characterizing Consensus in the Heard-Of Model,CONCUR,conference_paper,"Balasubramanian, A. R.; Walukiewicz, Igor",2020,1
https://doi.org/10.4230/LIPIcs.CONCUR.2021.10,Continuous Positional Payoffs,CONCUR,conference_paper,"Kozachinskiy, Alexander",2021,1
https://doi.org/10.4230/LIPIcs.CONCUR.2021.13,Model Checking Quantum Continuous-Time Markov Chains,CONCUR,conference_paper,"Xu, Ming; Mei, Jingyi; Guan, Ji; Yu, Nengkun",2021,1
https://doi.org/10.4230/LIPIcs.CONCUR.2021.18,Decomposing Permutation Automata,CONCUR,conference_paper,"Jecker, Ismaël; Mazzocchi, Nicolas; Wolf, Petra",2021,1
https://doi.org/10.4230/LIPIcs.CONCUR.2021.32,Explaining Behavioural Inequivalence Generically in Quasilinear Time,CONCUR,conference_paper,"Wißmann, Thorsten; Milius, Stefan; Schröder, Lutz",2021,1
https://doi.org/10.4230/LIPIcs.CONCUR.2021.33,Enabling Preserving Bisimulation Equivalence,CONCUR,conference_paper,"van Glabbeek, Rob; Höfner, Peter; Wang, Weiyou",2021,1
https://doi.org/10.4230/LIPIcs.CONCUR.2021.6,Linear-Time Model Checking Branching Processes,CONCUR,conference_paper,"Kiefer, Stefan; Semukhin, Pavel; Widdershoven, Cas",2021,1
https://doi.org/10.4230/LIPIcs.CONCUR.2022.19,Energy Games with Resource-Bounded Environments,CONCUR,conference_paper,"Kupferman, Orna; Shamash Halevy, Naama",2022,1
https://doi.org/10.4230/LIPIcs.CONCUR.2022.23,Regular Model Checking Upside-Down: An Invariant-Based Approach,CONCUR,conference_paper,"Esparza, Javier; Raskin, Mikhail; Welzel, Christoph",2022,1
https://doi.org/10.4230/LIPIcs.CONCUR.2022.25,Towards Concurrent Quantitative Separation Logic,CONCUR,conference_paper,"Fesefeldt, Ira; Katoen, Joost-Pieter; Noll, Thomas",2022,1
https://doi.org/10.4230/LIPIcs.CONCUR.2022.26,Completeness Theorems for Kleene Algebra with Top,CONCUR,conference_paper,"Pous, Damien; Wagemaker, Jana",2022,1
https://doi.org/10.4230/LIPIcs.CONCUR.2022.27,Expressiveness and Decidability of Temporal Logics for Asynchronous Hyperproperties,CONCUR,conference_paper,"Bozzelli, Laura; Peron, Adriano; Sánchez, César",2022,1
https://doi.org/10.4230/LIPIcs.CONCUR.2022.34,Concurrent Games with Multiple Topologies,CONCUR,conference_paper,"Almagor, Shaull; Guendelman, Shai",2022,1
https://doi.org/10.4230/LIPIcs.CONCUR.2022.4,Sequential Decision Making With Information Asymmetry (Invited Talk),CONCUR,conference_paper,"Gan, Jiarui; Majumdar, Rupak; Radanovic, Goran; Singla, Adish",2022,1
https://doi.org/10.4230/LIPIcs.CONCUR.2022.9,On the Sequential Probability Ratio Test in Hidden Markov Models,CONCUR,conference_paper,"Darwin, Oscar; Kiefer, Stefan",2022,1
https://doi.org/10.4230/LIPIcs.CONCUR.2023.12,Asymptotic Complexity Estimates for Probabilistic Programs and Their VASS Abstractions,CONCUR,conference_paper,"Ajdarów, Michal; Kučera, Antonín",2023,1
https://doi.org/10.4230/LIPIcs.CONCUR.2023.16,A Game of Pawns,CONCUR,conference_paper,"Avni, Guy; Ghorpade, Pranav; Guha, Shibashis",2023,1
https://doi.org/10.4230/LIPIcs.CONCUR.2023.17,Safety and Liveness of Quantitative Automata,CONCUR,conference_paper,"Boker, Udi; Henzinger, Thomas A.; Mazzocchi, Nicolas; Saraç, N. Ege",2023,1
https://doi.org/10.4230/LIPIcs.CONCUR.2023.18,History-Deterministic Vector Addition Systems,CONCUR,conference_paper,"Bose, Sougata; Purser, David; Totzke, Patrick",2023,1
https://doi.org/10.4230/LIPIcs.CONCUR.2023.20,Expressiveness Results for an Inductive Logic of Separated Relations,CONCUR,conference_paper,"Iosif, Radu; Zuleger, Florian",2023,1
https://doi.org/10.4230/LIPIcs.CONCUR.2023.21,Hypernode Automata,CONCUR,conference_paper,"Bartocci, Ezio; Henzinger, Thomas A.; Nickovic, Dejan; Oliveira da Costa, Ana",2023,1
https://doi.org/10.4230/LIPIcs.CONCUR.2023.23,Satisfiability Checking of Multi-Variable TPTL with Unilateral Intervals Is PSPACE-Complete,CONCUR,conference_paper,"Krishna, Shankara Narayanan; Madnani, Khushraj Nanik; Majumdar, Rupak; Pandya, Paritosh",2023,1
https://doi.org/10.4230/LIPIcs.CONCUR.2023.34,Modal Logics for Mobile Processes Revisited,CONCUR,conference_paper,"Liu, Tiange; Tiu, Alwen; de Groot, Jim",2023,1
https://doi.org/10.4230/LIPIcs.CONCUR.2024.12,History-Determinism vs Fair Simulation,CONCUR,conference_paper,"Boker, Udi; Henzinger, Thomas A.; Lehtinen, Karoliina; Prakash, Keya",2024,1
https://doi.org/10.4230/LIPIcs.CONCUR.2024.17,Invariants for One-Counter Automata with Disequality Tests,CONCUR,conference_paper,"Chistikov, Dmitry; Leroux, Jérôme; Sinclair-Banks, Henry; Waldburger, Nicolas",2024,1
https://doi.org/10.4230/LIPIcs.CONCUR.2024.18,Weighted Basic Parallel Processes and Combinatorial Enumeration,CONCUR,conference_paper,"Clemente, Lorenzo",2024,1
https://doi.org/10.4230/LIPIcs.CONCUR.2024.27,Inaproximability in Weighted Timed Games,CONCUR,conference_paper,"Guilmant, Quentin; Ouaknine, Joël",2024,1
https://doi.org/10.4230/LIPIcs.CONCUR.2024.28,Faster and Smaller Solutions of Obliging Games,CONCUR,conference_paper,"Hausmann, Daniel; Piterman, Nir",2024,1
https://doi.org/10.4230/LIPIcs.CONCUR.2024.4,Centralized vs Decentralized Monitors for Hyperproperties,CONCUR,conference_paper,"Aceto, Luca; Achilleos, Antonis; Anastasiadi, Elli; Francalanza, Adrian; Gorla, Daniele; Wagemaker, Jana",2024,1
https://doi.org/10.4230/LIPIcs.CONCUR.2025.11,A Sound and Complete Characterization of Fair Asynchronous Session Subtyping,CONCUR,conference_paper,"Bravetti, Mario; Padovani, Luca; Zavattaro, Gianluigi",2025,1
https://doi.org/10.4230/LIPIcs.CONCUR.2025.19,Time for Timed Monitorability,CONCUR,conference_paper,"Grosen, Thomas M.; Kauffman, Sean; Larsen, Kim G.; Zimmermann, Martin",2025,1
https://doi.org/10.4230/LIPIcs.CONCUR.2025.20,Compositional Active Learning of Synchronizing Systems Through Automated Alphabet Refinement,CONCUR,conference_paper,"Henry, Léo; Mousavi, Mohammad Reza; Neele, Thomas; Sammartino, Matteo",2025,1
https://doi.org/10.4230/LIPIcs.CONCUR.2025.21,Quantitative Language Automata,CONCUR,conference_paper,"Henzinger, Thomas A.; Kebis, Pavol; Mazzocchi, Nicolas; Saraç, N. Ege",2025,1
https://doi.org/10.4230/LIPIcs.CONCUR.2025.24,Expressive Equivalence Between Decidable Freeze and Metric Timed Temporal Logics.,CONCUR,conference_paper,"Ho, Hsi-Ming; Krishna, Shankara Narayanan; Madnani, Khushraj; Majumdar, Rupak; Pandya, Paritosh",2025,1
https://doi.org/10.4230/LIPIcs.CONCUR.2025.29,Galois Energy Games: To Solve All Kinds of Quantitative Reachability Problems,CONCUR,conference_paper,"Lemke, Caroline; Bisping, Benjamin",2025,1
https://doi.org/10.4230/LIPIcs.CONCUR.2025.30,Open Bisimilarity for the π-Calculus with Mismatch,CONCUR,conference_paper,"Liu, Tiange; Tiu, Alwen; Horne, Ross",2025,1
https://doi.org/10.4230/LIPIcs.CONCUR.2025.34,New Fault Domains for Conformance Testing of Finite State Machines,CONCUR,conference_paper,"Vaandrager, Frits; Melse, Ivo",2025,1
https://doi.org/10.4230/LIPIcs.CONCUR.2025.35,From Bisimulation to Traces: The Impact of Parallel Composition on Finite Bases,CONCUR,conference_paper,"Versteeg, Rowin; Castiglioni, Valentina; Luttik, Bas",2025,1
https://doi.org/10.4230/LIPIcs.CONCUR.2025.36,Explainability is a Game for Probabilistic Bisimilarity Distances,CONCUR,conference_paper,"Vlasman, Emily; Nanah Ji, Anto; Worrell, James; van Breugel, Franck",2025,1
https://doi.org/10.4230/LIPIcs.CONCUR.2026.13,Generalized Bidding Games: Where Bidding and Stochastic Games Meet,CONCUR,conference_paper,"Asadi, Ali; Henzinger, Thomas A.; Kafshdar Goharshady, Ehsan; Kebis, Pavol; Mallik, Kaushik",2026,1
https://doi.org/10.4230/LIPIcs.CONCUR.2026.16,Decomposition of Automata Recognizing Ideals,CONCUR,conference_paper,"Berry, Mathias; Héam, Pierre-Cyrille; Jecker, Ismaël",2026,1
https://doi.org/10.4230/LIPIcs.CONCUR.2026.17,Positional Determinacy with Colored Vertices: A 1-To-2-Player Lift,CONCUR,conference_paper,"Berthon, Raphaël; Le Roux, Stéphane",2026,1
https://doi.org/10.4230/LIPIcs.CONCUR.2026.22,Monitoring Discounted Sum Properties,CONCUR,conference_paper,"Cano, Filip; Henzinger, Thomas A.; Kueffner, Konstantin; Saraç, N. Ege",2026,1
https://doi.org/10.4230/LIPIcs.CONCUR.2026.3,Word Automata with Limited Nondeterminism (Invited Talk),CONCUR,conference_paper,"Li, Yong; Paul, Soumyajit; Schewe, Sven; Tang, Qiyi",2026,1
https://doi.org/10.4230/LIPIcs.CONCUR.2026.32,Algebraic Characterization of FO-Definable Languages of Higher-Dimensional Automata,CONCUR,conference_paper,"Erlich, Enzo; Ledent, Jérémy; Ziemiański, Krzysztof",2026,1
https://doi.org/10.4230/LIPIcs.CONCUR.2026.41,On the Encodability of Reversible Process Calculi,CONCUR,conference_paper,"Lanese, Ivan; Mezzina, Claudio Antares; Phillips, Iain; Ulidowski, Irek; Yuen, Shoji",2026,1
https://doi.org/10.4230/LIPIcs.CONCUR.2026.45,Concurrent Visibility: Higher-Order Concurrency with First-Order Store,CONCUR,conference_paper,"Quémerais, Iwan; Jaber, Guilhème; Sakayori, Ken; Sangiorgi, Davide",2026,1
https://doi.org/10.4230/LIPIcs.CONCUR.2026.48,On the Complexity of Robust Markov Decision Processes and Bisimulation Metrics,CONCUR,conference_paper,"Suilen, Marnix; Pérez, Guillermo A.",2026,1
https://doi.org/10.4230/LIPIcs.CPM.2016.20,Boxed Permutation Pattern Matching,CPM,conference_paper,"Amit, Mika; Bille, Philip; Hagge Cording, Patrick; Li Gørtz, Inge; Wedel Vildhøj, Hjalte",2016,1
https://doi.org/10.4230/LIPIcs.CPM.2016.22,Fully-online Construction of Suffix Trees for Multiple Texts,CPM,conference_paper,"Takagi, Takuya; Inenaga, Shunsuke; Arimura, Hiroki",2016,1
https://doi.org/10.4230/LIPIcs.CPM.2016.23,Linear-time Suffix Sorting - A New Approach for Suffix Array Construction,CPM,conference_paper,"Baier, Uwe",2016,1
https://doi.org/10.4230/LIPIcs.CPM.2016.27,Factorizing a String into Squares in Linear Time,CPM,conference_paper,"Matsuoka, Yoshiaki; Inenaga, Shunsuke; Bannai, Hideo; Takeda, Masayuki; Manea, Florin",2016,1
https://doi.org/10.4230/LIPIcs.CPM.2016.3,Encoding Two-Dimensional Range Top-k Queries,CPM,conference_paper,"Jo, Seungbum; Lingala, Rahul; Satti, Srinivasa Rao",2016,1
https://doi.org/10.4230/LIPIcs.CPM.2017.24,Tight Bounds on the Maximum Number of Shortest Unique Substrings,CPM,conference_paper,"Mieno, Takuya; Inenaga, Shunsuke; Bannai, Hideo; Takeda, Masayuki",2017,1
https://doi.org/10.4230/LIPIcs.CPM.2017.26,Approximate Cover of Strings,CPM,conference_paper,"Amir, Amihood; Levy, Avivit; Lubin, Ronit; Porat, Ely",2017,1
https://doi.org/10.4230/LIPIcs.CPM.2017.27,Beyond Adjacency Maximization: Scaffold Filling for New String Distances,CPM,conference_paper,"Bulteau, Laurent; Fertin, Guillaume; Komusiewicz, Christian",2017,1
https://doi.org/10.4230/LIPIcs.CPM.2017.28,On the Weighted Quartet Consensus Problem,CPM,conference_paper,"Lafond, Manuel; Scornavacca, Celine",2017,1
https://doi.org/10.4230/LIPIcs.CPM.2018.15,Computing longest common square subsequences,CPM,conference_paper,"Inoue, Takafumi; Inenaga, Shunsuke; Hyyrö, Heikki; Bannai, Hideo; Takeda, Masayuki",2018,1
https://doi.org/10.4230/LIPIcs.CPM.2018.17,On the Maximum Colorful Arborescence Problem and Color Hierarchy Graph Structure,CPM,conference_paper,"Fertin, Guillaume; Fradin, Julien; Komusiewicz, Christian",2018,1
https://doi.org/10.4230/LIPIcs.CPM.2018.21,Superstrings with multiplicities,CPM,conference_paper,"Cazaux, Bastien; Rivals, Eric",2018,1
https://doi.org/10.4230/LIPIcs.CPM.2018.5,Fast Matching-based Approximations for Maximum Duo-Preservation String Mapping and its Weighted Variant,CPM,conference_paper,"Brubach, Brian",2018,1
https://doi.org/10.4230/LIPIcs.CPM.2018.8,Non-Overlapping Indexing - Cache Obliviously,CPM,conference_paper,"Hooshmand, Sahar; Abedin, Paniz; Külekci, M. Oguzhan; Thankachan, Sharma V.",2018,1
https://doi.org/10.4230/LIPIcs.CPM.2019.11,Entropy Lower Bounds for Dictionary Compression,CPM,conference_paper,"Gańczorz, Michał",2019,1
https://doi.org/10.4230/LIPIcs.CPM.2019.20,Finding a Small Number of Colourful Components,CPM,conference_paper,"Bulteau, Laurent; Dabrowski, Konrad K.; Fertin, Guillaume; Johnson, Matthew; Paulusma, Daniël; Vialette, Stéphane",2019,1
https://doi.org/10.4230/LIPIcs.CPM.2019.25,Quasi-Linear-Time Algorithm for Longest Common Circular Factor,CPM,conference_paper,"Alzamel, Mai; Crochemore, Maxime; Iliopoulos, Costas S.; Kociumaka, Tomasz; Radoszewski, Jakub; Rytter, Wojciech; Straszyński, Juliusz; Waleń, Tomasz; Zuba, Wiktor",2019,1
https://doi.org/10.4230/LIPIcs.CPM.2019.28,A Rearrangement Distance for Fully-Labelled Trees,CPM,conference_paper,"Bernardini, Giulia; Bonizzoni, Paola; Della Vedova, Gianluca; Patterson, Murray",2019,1
https://doi.org/10.4230/LIPIcs.CPM.2019.29,On the Size of Overlapping Lempel-Ziv and Lyndon Factorizations,CPM,conference_paper,"Urabe, Yuki; Nakashima, Yuto; Inenaga, Shunsuke; Bannai, Hideo; Takeda, Masayuki",2019,1
https://doi.org/10.4230/LIPIcs.CPM.2019.9,Conversion from RLBWT to LZ77,CPM,conference_paper,"Nishimoto, Takaaki; Tabei, Yasuo",2019,1
https://doi.org/10.4230/LIPIcs.CPM.2020.11,"Summarizing Diverging String Sequences, with Applications to Chain-Letter Petitions",CPM,conference_paper,"Commins, Patty; Liben-Nowell, David; Liu, Tina; Tomlinson, Kiran",2020,1
https://doi.org/10.4230/LIPIcs.CPM.2020.2,Finding the Anticover of a String,CPM,conference_paper,"Alzamel, Mai; Conte, Alessio; Denzumi, Shuhei; Grossi, Roberto; Iliopoulos, Costas S.; Kurita, Kazuhiro; Wasa, Kunihiro",2020,1
https://doi.org/10.4230/LIPIcs.CPM.2020.20,Parameterized Algorithms for Matrix Completion with Radius Constraints,CPM,conference_paper,"Koana, Tomohiro; Froese, Vincent; Niedermeier, Rolf",2020,1
https://doi.org/10.4230/LIPIcs.CPM.2020.22,Genomic Problems Involving Copy Number Profiles: Complexity and Algorithms,CPM,conference_paper,"Lafond, Manuel; Zhu, Binhai; Zou, Peng",2020,1
https://doi.org/10.4230/LIPIcs.CPM.2020.28,Faster Binary Mean Computation Under Dynamic Time Warping,CPM,conference_paper,"Schaar, Nathan; Froese, Vincent; Niedermeier, Rolf",2020,1
https://doi.org/10.4230/LIPIcs.CPM.2021.18,A Compact Index for Cartesian Tree Matching,CPM,conference_paper,"Kim, Sung-Hwan; Cho, Hwan-Gue",2021,1
https://doi.org/10.4230/LIPIcs.CPM.2021.8,Weighted Ancestors in Suffix Trees Revisited,CPM,conference_paper,"Belazzougui, Djamal; Kosolobov, Dmitry; Puglisi, Simon J.; Raman, Rajeev",2021,1
https://doi.org/10.4230/LIPIcs.CPM.2021.9,Constructing Strings Avoiding Forbidden Substrings,CPM,conference_paper,"Bernardini, Giulia; Marchetti-Spaccamela, Alberto; Pissis, Solon P.; Stougie, Leen; Sweering, Michelle",2021,1
https://doi.org/10.4230/LIPIcs.CPM.2022.10,"Partial Permutations Comparison, Maintenance and Applications",CPM,conference_paper,"Levy, Avivit; Porat, Ely; Shalom, B. Riva",2022,1
https://doi.org/10.4230/LIPIcs.CPM.2022.11,Bi-Directional r-Indexes,CPM,conference_paper,"Arakawa, Yuma; Navarro, Gonzalo; Sadakane, Kunihiko",2022,1
https://doi.org/10.4230/LIPIcs.CPM.2022.21,Permutation Pattern Matching for Doubly Partially Ordered Patterns,CPM,conference_paper,"Bulteau, Laurent; Fertin, Guillaume; Jugé, Vincent; Vialette, Stéphane",2022,1
https://doi.org/10.4230/LIPIcs.CPM.2022.28,Parallel Algorithm for Pattern Matching Problems Under Substring Consistent Equivalence Relations,CPM,conference_paper,"Jargalsaikhan, Davaajav; Hendrian, Diptarama; Yoshinaka, Ryo; Shinohara, Ayumi",2022,1
https://doi.org/10.4230/LIPIcs.CPM.2022.29,Efficient Construction of the BWT for Repetitive Text Using String Compression,CPM,conference_paper,"Díaz-Domínguez, Diego; Navarro, Gonzalo",2022,1
https://doi.org/10.4230/LIPIcs.CPM.2022.6,An FPT-Algorithm for Longest Common Subsequence Parameterized by the Maximum Number of Deletions,CPM,conference_paper,"Bulteau, Laurent; Jones, Mark; Niedermeier, Rolf; Tantau, Till",2022,1
https://doi.org/10.4230/LIPIcs.CPM.2023.10,On the Impact of Morphisms on BWT-Runs,CPM,conference_paper,"Fici, Gabriele; Romana, Giuseppe; Sciortino, Marinella; Urbina, Cristian",2023,1
https://doi.org/10.4230/LIPIcs.CPM.2023.25,L-Systems for Measuring Repetitiveness,CPM,conference_paper,"Navarro, Gonzalo; Urbina, Cristian",2023,1
https://doi.org/10.4230/LIPIcs.CPM.2023.3,Optimal LZ-End Parsing Is Hard,CPM,conference_paper,"Bannai, Hideo; Funakoshi, Mitsuru; Kurita, Kazuhiro; Nakashima, Yuto; Seto, Kazuhisa; Uno, Takeaki",2023,1
https://doi.org/10.4230/LIPIcs.CPM.2023.7,Parameterized Algorithms for String Matching to DAGs: Funnels and Beyond,CPM,conference_paper,"Cáceres, Manuel",2023,1
https://doi.org/10.4230/LIPIcs.CPM.2024.12,Solving the Minimal Positional Substring Cover Problem in Sublinear Space,CPM,conference_paper,"Bonizzoni, Paola; Boucher, Christina; Cozzi, Davide; Gagie, Travis; Pirola, Yuri",2024,1
https://doi.org/10.4230/LIPIcs.CPM.2024.24,Shortest Cover After Edit,CPM,conference_paper,"Mitani, Kazuki; Mieno, Takuya; Seto, Kazuhisa; Horiyama, Takashi",2024,1
https://doi.org/10.4230/LIPIcs.CPM.2024.7,A Class of Heuristics for Reducing the Number of BWT-Runs in the String Ordering Problem,CPM,conference_paper,"Bertola, Gianmarco; Cox, Anthony J.; Guerrini, Veronica; Rosone, Giovanna",2024,1
https://doi.org/10.4230/LIPIcs.CPM.2024.9,Tight Bounds for Compressing Substring Samples,CPM,conference_paper,"Bille, Philip; Fuglsang, Christian Mikkelsen; Gørtz, Inge Li",2024,1
https://doi.org/10.4230/LIPIcs.CPM.2025.1,Representing Paths in Digraphs,CPM,conference_paper,"Dondi, Riccardo; Popa, Alexandru",2025,1
https://doi.org/10.4230/LIPIcs.CPM.2025.10,A Family of Partial Cubes with Minimal Fibonacci Dimension,CPM,conference_paper,"Anselmo, Marcella; Castiglione, Giuseppa; Flores, Manuela; Giammarresi, Dora; Madonia, Maria; Mantaci, Sabrina",2025,1
https://doi.org/10.4230/LIPIcs.CPM.2025.11,On Palindromic Periodicities,CPM,conference_paper,"Fici, Gabriele; Shallit, Jeffrey; Simpson, Jamie",2025,1
https://doi.org/10.4230/LIPIcs.CPM.2025.13,Doubly-Periodic String Comparison,CPM,conference_paper,"Gaevoy, Nikita; Zolotov, Boris; Tiskin, Alexander",2025,1
https://doi.org/10.4230/LIPIcs.CPM.2025.19,"The Trie Measure, Revisited",CPM,conference_paper,"Alanko, Jarno N.; Becker, Ruben; Cenzato, Davide; Gagie, Travis; Kim, Sung-Hwan; Kodric, Bojana; Prezza, Nicola",2025,1
https://doi.org/10.4230/LIPIcs.CPM.2025.4,The Equivalence Problem of E-Pattern Languages with Length Constraints Is Undecidable,CPM,conference_paper,"Nowotka, Dirk; Wiedenhöft, Max",2025,1
https://doi.org/10.4230/LIPIcs.CPM.2025.9,Pattern Matching on Run-Length Grammar-Compressed Strings in Linear Time,CPM,conference_paper,"Iguchi, Yuto; Yoshinaka, Ryo; Shinohara, Ayumi",2025,1
https://doi.org/10.4230/LIPIcs.CPM.2026.1,Hamming Distance Oracles,CPM,conference_paper,"Boneh, Itai; Fried, Dvir; Golan, Shay; Kraus, Matan; Porat, Ely",2026,1
https://doi.org/10.4230/LIPIcs.CPM.2026.13,Totally Unclustered BWT Images of Any Length over Non-Binary Alphabets,CPM,conference_paper,"Fici, Gabriele; Gabory, Estéban; Romana, Giuseppe; Sciortino, Marinella",2026,1
https://doi.org/10.4230/LIPIcs.CPM.2026.15,Improved Approximation Ratios for the Shortest Common Superstring Problem with Reverse Complements,CPM,conference_paper,"Yamano, Ryosuke; Shibuya, Tetsuo",2026,1
https://doi.org/10.4230/LIPIcs.CPM.2026.17,Sensitivity of Repetitiveness Measures to String Reversal,CPM,conference_paper,"Bannai, Hideo; Fujie, Yuto; Guo, Peaker; Inenaga, Shunsuke; Nakashima, Yuto; Puglisi, Simon J.; Urbina, Cristian",2026,1
https://doi.org/10.4230/LIPIcs.CPM.2026.18,On Time-Memory Tradeoffs for Maximal Palindromes with Wildcards and k-Mismatches,CPM,conference_paper,"Amir, Amihood; Butman, Ayelet; Itzhaki, Michael; Sokol, Dina",2026,1
https://doi.org/10.4230/LIPIcs.CPM.2026.23,Improved Bounds on the Sum of Exponents of Runs in a String,CPM,conference_paper,"Czarkowski, Arkadiusz",2026,1
https://doi.org/10.4230/LIPIcs.CPM.2026.3,Computing k-mers in Graphs,CPM,conference_paper,"Alanko, Jarno N.; Pérez-López, Máximo",2026,1
https://doi.org/10.4230/LIPIcs.CPM.2026.4,Compact Representation of Maximal Palindromes,CPM,conference_paper,"Mieno, Takuya",2026,1
https://doi.org/10.4230/LIPIcs.CSL.2013.11,Three lightings of logic (Invited Talk),CSL,conference_paper,"Girard, Jean-Yves",2013,1
https://doi.org/10.4230/LIPIcs.CSL.2013.215,Deciding the weak definability of Büchi definable tree languages,CSL,conference_paper,"Colcombet, Thomas; Kuperberg, Denis; Löding, Christof; Vanden Boom, Michael",2013,1
https://doi.org/10.4230/LIPIcs.CSL.2013.248,Cuts for circular proofs: semantics and cut-elimination,CSL,conference_paper,"Fortier, Jérôme; Santocanale, Luigi",2013,1
https://doi.org/10.4230/LIPIcs.CSL.2013.281,Inclusion Logic and Fixed Point Logic,CSL,conference_paper,"Galliani, Pietro; Hella, Lauri",2013,1
https://doi.org/10.4230/LIPIcs.CSL.2013.348,One-variable first-order linear temporal logics with counting,CSL,conference_paper,"Hampson, Christopher; Kurucz, Agi",2013,1
https://doi.org/10.4230/LIPIcs.CSL.2013.484,Two-Variable Logic on 2-Dimensional Structures,CSL,conference_paper,"Manuel, Amaldev; Zeume, Thomas",2013,1
https://doi.org/10.4230/LIPIcs.CSL.2015.128,Automata Theoretic Account of Proof Search,CSL,conference_paper,"Schubert, Aleksy; Dekkers, Wil; Barendregt, Henk P.",2015,1
https://doi.org/10.4230/LIPIcs.CSL.2015.144,Maximal Partition Logic: Towards a Logical Characterization of Copyless Cost Register Automata,CSL,conference_paper,"Mazowiecki, Filip; Riveros, Cristian",2015,1
https://doi.org/10.4230/LIPIcs.CSL.2015.160,Aperiodic Two-way Transducers and FO-Transductions,CSL,conference_paper,"Carton, Olivier; Dartois, Luc",2015,1
https://doi.org/10.4230/LIPIcs.CSL.2015.193,A Model Checking Procedure for Interval Temporal Logics based on Track Representatives,CSL,conference_paper,"Molinari, Alberto; Montanari, Angelo; Peron, Adriano",2015,1
https://doi.org/10.4230/LIPIcs.CSL.2015.2,Temporal Logics with Local Constraints (Invited Talk),CSL,conference_paper,"Carapelle, Claudia; Lohrey, Markus",2015,1
https://doi.org/10.4230/LIPIcs.CSL.2015.24,Simple Parsimonious Types and Logarithmic Space,CSL,conference_paper,"Mazza, Damiano",2015,1
https://doi.org/10.4230/LIPIcs.CSL.2015.277,A Van Benthem Theorem for Modal Team Semantics,CSL,conference_paper,"Kontinen, Juha; Müller, Julian-Steffen; Schnoor, Henning; Vollmer, Heribert",2015,1
https://doi.org/10.4230/LIPIcs.CSL.2015.308,Static Analysis for Logic-based Dynamic Programs,CSL,conference_paper,"Schwentick, Thomas; Vortmeier, Nils; Zeume, Thomas",2015,1
https://doi.org/10.4230/LIPIcs.CSL.2015.359,Functions out of Higher Truncations,CSL,conference_paper,"Capriotti, Paolo; Kraus, Nicolai; Vezzosi, Andrea",2015,1
https://doi.org/10.4230/LIPIcs.CSL.2015.374,Leaving the Nest: Nominal Techniques for Variables with Interleaving Scopes,CSL,conference_paper,"Gabbay, Murdoch J.; Ghica, Dan R.; Petrisan, Daniela",2015,1
https://doi.org/10.4230/LIPIcs.CSL.2015.390,"Rank Logic is Dead, Long Live Rank Logic!",CSL,conference_paper,"Grädel, Erich; Pakusa, Wied",2015,1
https://doi.org/10.4230/LIPIcs.CSL.2015.41,First-Order Queries on Finite Abelian Groups,CSL,conference_paper,"Bova, Simone; Martin, Barnaby",2015,1
https://doi.org/10.4230/LIPIcs.CSL.2015.504,Weak Subgame Perfect Equilibria and their Application to Quantitative Reachability,CSL,conference_paper,"Brihaye, Thomas; Bruyère, Véronique; Meunier, Noémie; Raskin, Jean-Francois",2015,1
https://doi.org/10.4230/LIPIcs.CSL.2015.519,What are Strategies in Delay Games? Borel Determinacy for Games with Lookahead,CSL,conference_paper,"Klein, Felix; Zimmermann, Martin",2015,1
https://doi.org/10.4230/LIPIcs.CSL.2015.534,"On Unambiguous Regular Tree Languages of Index (0,2)",CSL,conference_paper,"Duparc, Jacques; Fournier, Kevin; Hummel, Szczepan",2015,1
https://doi.org/10.4230/LIPIcs.CSL.2015.549,Least and Greatest Fixed Points in Ludics,CSL,conference_paper,"Baelde, David; Doumane, Amina; Saurin, Alexis",2015,1
https://doi.org/10.4230/LIPIcs.CSL.2015.567,Modelling Coeffects in the Relational Semantics of Linear Logic,CSL,conference_paper,"Breuvart, Flavien; Pagani, Michele",2015,1
https://doi.org/10.4230/LIPIcs.CSL.2016.10,Robust Linear Temporal Logic,CSL,conference_paper,"Tabuada, Paulo; Neider, Daniel",2016,1
https://doi.org/10.4230/LIPIcs.CSL.2016.15,Quantified Constraint Satisfaction on Monoids,CSL,conference_paper,"Chen, Hubie; Mayr, Peter",2016,1
https://doi.org/10.4230/LIPIcs.CSL.2016.16,Non-Homogenizable Classes of Finite Structures,CSL,conference_paper,"Atserias, Albert; Torunczyk, Szymon",2016,1
https://doi.org/10.4230/LIPIcs.CSL.2016.18,Successor-Invariant First-Order Logic on Graphs with Excluded Topological Subgraphs,CSL,conference_paper,"Eickmeyer, Kord; Kawarabayashi, Ken-ichi",2016,1
https://doi.org/10.4230/LIPIcs.CSL.2016.20,Descriptive Complexity of #AC^0 Functions,CSL,conference_paper,"Durand, Arnaud; Haak, Anselm; Kontinen, Juha; Vollmer, Heribert",2016,1
https://doi.org/10.4230/LIPIcs.CSL.2016.27,Polymorphic Game Semantics for Dynamic Binding,CSL,conference_paper,"Laird, James",2016,1
https://doi.org/10.4230/LIPIcs.CSL.2016.29,Hedging Bets in Markov Decision Processes,CSL,conference_paper,"Alur, Rajeev; Faella, Marco; Kannan, Sampath; Singhania, Nimit",2016,1
https://doi.org/10.4230/LIPIcs.CSL.2016.36,The Logical Strength of Büchi's Decidability Theorem,CSL,conference_paper,"Kolodziejczyk, Leszek Aleksander; Michalewski, Henryk; Pradic, Cécilia; Skrzypczak, Michal",2016,1
https://doi.org/10.4230/LIPIcs.CSL.2016.37,The Height of Piecewise-Testable Languages with Applications in Logical Complexity,CSL,conference_paper,"Karandikar, Prateek; Schnoebelen, Philippe",2016,1
https://doi.org/10.4230/LIPIcs.CSL.2016.38,One-Dimensional Logic over Words,CSL,conference_paper,"Kieronski, Emanuel",2016,1
https://doi.org/10.4230/LIPIcs.CSL.2016.9,The Directed Homotopy Hypothesis,CSL,conference_paper,"Dubut, Jérémy; Goubault, Eric; Goubault-Larrecq, Jean",2016,1
https://doi.org/10.4230/LIPIcs.CSL.2017.14,A Decidable Intuitionistic Temporal Logic,CSL,conference_paper,"Boudou, Joseph; Diéguez, Martín; Fernández-Duque, David",2017,1
https://doi.org/10.4230/LIPIcs.CSL.2017.17,Fast(er) Reasoning in Interval Temporal Logic,CSL,conference_paper,"Bresolin, Davide; Muñoz-Velasco, Emilio; Sciavicco, Guido",2017,1
https://doi.org/10.4230/LIPIcs.CSL.2017.19,Slicewise Definability in First-Order Logic with Bounded Quantifier Rank,CSL,conference_paper,"Chen, Yijia; Flum, Jörg; Huang, Xuangui",2017,1
https://doi.org/10.4230/LIPIcs.CSL.2017.25,Precongruence Formats with Lookahead through Modal Decomposition,CSL,conference_paper,"Fokkink, Wan; van Glabbeek, Rob J.",2017,1
https://doi.org/10.4230/LIPIcs.CSL.2017.27,The Model-Theoretic Expressiveness of Propositional Proof Systems,CSL,conference_paper,"Grädel, Erich; Pago, Benedikt; Pakusa, Wied",2017,1
https://doi.org/10.4230/LIPIcs.CSL.2017.33,On Supergraphs Satisfying CMSO Properties,CSL,conference_paper,"de Oliveira Oliveira, Mateus",2017,1
https://doi.org/10.4230/LIPIcs.CSL.2017.40,On the First-Order Complexity of Induced Subgraph Isomorphism,CSL,conference_paper,"Verbitsky, Oleg; Zhukovskii, Maksim",2017,1
https://doi.org/10.4230/LIPIcs.CSL.2018.2,Relating Structure and Power: Comonadic Semantics for Computational Resources,CSL,conference_paper,"Abramsky, Samson; Shah, Nihil",2018,1
https://doi.org/10.4230/LIPIcs.CSL.2018.20,Symmetric Circuits for Rank Logic,CSL,conference_paper,"Dawar, Anuj; Wilsenach, Gregory",2018,1
https://doi.org/10.4230/LIPIcs.CSL.2018.21,Beyond Polarity: Towards a Multi-Discipline Intermediate Language with Sharing,CSL,conference_paper,"Downen, Paul; Ariola, Zena M.",2018,1
https://doi.org/10.4230/LIPIcs.CSL.2018.22,Expressivity Within Second-Order Transitive-Closure Logic,CSL,conference_paper,"Ferrarotti, Flavio; Van den Bussche, Jan; Virtema, Jonni",2018,1
https://doi.org/10.4230/LIPIcs.CSL.2018.29,"Basic Operational Preorders for Algebraic Effects in General, and for Combined Probability and Nondeterminism in Particular",CSL,conference_paper,"Lopez, Aliaume; Simpson, Alex",2018,1
https://doi.org/10.4230/LIPIcs.CSL.2018.30,Canonical Models and the Complexity of Modal Team Logic,CSL,conference_paper,"Lück, Martin",2018,1
https://doi.org/10.4230/LIPIcs.CSL.2018.36,Parity Games with Weights,CSL,conference_paper,"Schewe, Sven; Weinert, Alexander; Zimmermann, Martin",2018,1
https://doi.org/10.4230/LIPIcs.CSL.2018.5,The True Concurrency of Herbrand's Theorem,CSL,conference_paper,"Alcolei, Aurore; Clairambault, Pierre; Hyland, Martin; Winskel, Glynn",2018,1
https://doi.org/10.4230/LIPIcs.CSL.2018.7,Definable Inapproximability: New Challenges for Duplicator,CSL,conference_paper,"Atserias, Albert; Dawar, Anuj",2018,1
https://doi.org/10.4230/LIPIcs.CSL.2018.9,Combining Linear Logic and Size Types for Implicit Complexity,CSL,conference_paper,"Baillot, Patrick; Ghyselen, Alexis",2018,1
https://doi.org/10.4230/LIPIcs.CSL.2020.12,Proof Complexity of Systems of (Non-Deterministic) Decision Trees and Branching Programs,CSL,conference_paper,"Buss, Sam; Das, Anupam; Knop, Alexander",2020,1
https://doi.org/10.4230/LIPIcs.CSL.2020.13,Internal Parametricity for Cubical Type Theory,CSL,conference_paper,"Cavallo, Evan; Harper, Robert",2020,1
https://doi.org/10.4230/LIPIcs.CSL.2020.14,Unifying Cubical Models of Univalent Type Theory,CSL,conference_paper,"Cavallo, Evan; Mörtberg, Anders; Swan, Andrew W",2020,1
https://doi.org/10.4230/LIPIcs.CSL.2020.17,Tangent Categories from the Coalgebras of Differential Categories,CSL,conference_paper,"Cockett, Robin; Lemay, Jean-Simon Pacaud; Lucyshyn-Wright, Rory B. B.",2020,1
https://doi.org/10.4230/LIPIcs.CSL.2020.2,Symmetric Computation (Invited Talk),CSL,conference_paper,"Dawar, Anuj",2020,1
https://doi.org/10.4230/LIPIcs.CSL.2020.29,The Keys to Decidable HyperLTL Satisfiability: Small Models or Very Simple Formulas,CSL,conference_paper,"Mascle, Corto; Zimmermann, Martin",2020,1
https://doi.org/10.4230/LIPIcs.CSL.2020.33,De Jongh’s Theorem for Intuitionistic Zermelo-Fraenkel Set Theory,CSL,conference_paper,"Passmann, Robert",2020,1
https://doi.org/10.4230/LIPIcs.CSL.2020.37,Dynamic Complexity of Parity Exists Queries,CSL,conference_paper,"Vortmeier, Nils; Zeume, Thomas",2020,1
https://doi.org/10.4230/LIPIcs.CSL.2020.7,On Free Completely Iterative Algebras,CSL,conference_paper,"Adámek, Jiří",2020,1
https://doi.org/10.4230/LIPIcs.CSL.2020.8,Strongly Unambiguous Büchi Automata Are Polynomially Predictable With Membership Queries,CSL,conference_paper,"Angluin, Dana; Antonopoulos, Timos; Fisman, Dana",2020,1
https://doi.org/10.4230/LIPIcs.CSL.2020.9,A Robust Class of Linear Recurrence Sequences,CSL,conference_paper,"Barloy, Corentin; Fijalkow, Nathanaël; Lhote, Nathan; Mazowiecki, Filip",2020,1
https://doi.org/10.4230/LIPIcs.CSL.2021.18,Extension Preservation in the Finite and Prefix Classes of First Order Logic,CSL,conference_paper,"Dawar, Anuj; Sankaran, Abhisekh",2021,1
https://doi.org/10.4230/LIPIcs.CSL.2021.20,Decidable Entailments in Separation Logic with Inductive Definitions: Beyond Establishment,CSL,conference_paper,"Echenim, Mnacho; Iosif, Radu; Peltier, Nicolas",2021,1
https://doi.org/10.4230/LIPIcs.CSL.2021.21,Church’s Thesis and Related Axioms in Coq’s Type Theory,CSL,conference_paper,"Forster, Yannick",2021,1
https://doi.org/10.4230/LIPIcs.CSL.2021.33,Choiceless Computation and Symmetry: Limitations of Definability,CSL,conference_paper,"Pago, Benedikt",2021,1
https://doi.org/10.4230/LIPIcs.CSL.2021.35,The Yoneda Reduction of Polymorphic Types,CSL,conference_paper,"Pistone, Paolo; Tranchini, Luca",2021,1
https://doi.org/10.4230/LIPIcs.CSL.2021.5,The Logic of Contextuality,CSL,conference_paper,"Abramsky, Samson; Barbosa, Rui Soares",2021,1
https://doi.org/10.4230/LIPIcs.CSL.2022.11,Synthetic Integral Cohomology in Cubical Agda,CSL,conference_paper,"Brunerie, Guillaume; Ljungström, Axel; Mörtberg, Anders",2022,1
https://doi.org/10.4230/LIPIcs.CSL.2022.12,On the Minimisation of Transition-Based Rabin Automata and the Chromatic Memory Requirements of Muller Conditions,CSL,conference_paper,"Casares, Antonio",2022,1
https://doi.org/10.4230/LIPIcs.CSL.2022.19,Dynamic Cantor Derivative Logic,CSL,conference_paper,"Fernández-Duque, David; Montacute, Yoàv",2022,1
https://doi.org/10.4230/LIPIcs.CSL.2022.22,"Differential Games, Locality, and Model Checking for FO Logic of Graphs",CSL,conference_paper,"Gajarský, Jakub; Gorsky, Maximilian; Kreutzer, Stephan",2022,1
https://doi.org/10.4230/LIPIcs.CSL.2022.26,Parallelism in Soft Linear Logic,CSL,conference_paper,"Jacobé de Naurois, Paulin",2022,1
https://doi.org/10.4230/LIPIcs.CSL.2022.28,Generalized Universe Hierarchies and First-Class Universe Levels,CSL,conference_paper,"Kovács, András",2022,1
https://doi.org/10.4230/LIPIcs.CSL.2022.29,Succinct Graph Representations of μ-Calculus Formulas,CSL,conference_paper,"Kupke, Clemens; Marti, Johannes; Venema, Yde",2022,1
https://doi.org/10.4230/LIPIcs.CSL.2022.33,Revisiting Parameter Synthesis for One-Counter Automata,CSL,conference_paper,"Pérez, Guillermo A.; Raha, Ritam",2022,1
https://doi.org/10.4230/LIPIcs.CSL.2022.37,Anti-Unification of Unordered Goals,CSL,conference_paper,"Yernaux, Gonzague; Vanhoof, Wim",2022,1
https://doi.org/10.4230/LIPIcs.CSL.2022.5,Gardening with the Pythia A Model of Continuity in a Dependent Setting,CSL,conference_paper,"Baillon, Martin; Mahboubi, Assia; Pédrot, Pierre-Marie",2022,1
https://doi.org/10.4230/LIPIcs.CSL.2023.25,The Expressive Power of CSP-Quantifiers,CSL,conference_paper,"Hella, Lauri",2023,1
https://doi.org/10.4230/LIPIcs.CSL.2023.3,A Positive Perspective on Term Representation (Invited Talk),CSL,conference_paper,"Miller, Dale; Wu, Jui-Hsuan",2023,1
https://doi.org/10.4230/LIPIcs.CSL.2023.31,Finite Model Theory and Proof Complexity Revisited: Distinguishing Graphs in Choiceless Polynomial Time and the Extended Polynomial Calculus,CSL,conference_paper,"Pago, Benedikt",2023,1
https://doi.org/10.4230/LIPIcs.CSL.2023.35,"Dynamic Complexity of Regular Languages: Big Changes, Small Work",CSL,conference_paper,"Tschirbs, Felix; Vortmeier, Nils; Zeume, Thomas",2023,1
https://doi.org/10.4230/LIPIcs.CSL.2023.36,Completeness of Sum-Over-Paths for Toffoli-Hadamard and the Dyadic Fragments of Quantum Computation,CSL,conference_paper,"Vilmart, Renaud",2023,1
https://doi.org/10.4230/LIPIcs.CSL.2024.15,Expressivity Landscape for Logics with Probabilistic Interventionist Counterfactuals,CSL,conference_paper,"Barbero, Fausto; Virtema, Jonni",2024,1
https://doi.org/10.4230/LIPIcs.CSL.2024.19,Ehrenfeucht-Fraïssé Games in Semiring Semantics,CSL,conference_paper,"Brinke, Sophie; Grädel, Erich; Mrkonjić, Lovro",2024,1
https://doi.org/10.4230/LIPIcs.CSL.2024.20,Quantum Circuit Completeness: Extensions and Simplifications,CSL,conference_paper,"Clément, Alexandre; Delorme, Noé; Perdrix, Simon; Vilmart, Renaud",2024,1
https://doi.org/10.4230/LIPIcs.CSL.2024.25,The Produoidal Algebra of Process Decomposition,CSL,conference_paper,"Earnshaw, Matt; Hefford, James; Román, Mario",2024,1
https://doi.org/10.4230/LIPIcs.CSL.2024.26,Extensions and Limits of the Specker-Blatter Theorem,CSL,conference_paper,"Fischer, Eldar; Makowsky, Johann A.",2024,1
https://doi.org/10.4230/LIPIcs.CSL.2024.28,Realizability Models for Large Cardinals,CSL,conference_paper,"Fontanella, Laura; Geoffroy, Guillaume; Matthews, Richard",2024,1
https://doi.org/10.4230/LIPIcs.CSL.2024.32,Characterising and Verifying the Core in Concurrent Multi-Player Mean-Payoff Games,CSL,conference_paper,"Gutierrez, Julian; Lin, Anthony W.; Najib, Muhammad; Steeples, Thomas; Wooldridge, Michael",2024,1
https://doi.org/10.4230/LIPIcs.CSL.2024.40,Syntactically and Semantically Regular Languages of λ-Terms Coincide Through Logical Relations,CSL,conference_paper,"Moreau, Vincent; Nguyễn, Lê Thành Dũng (Tito)",2024,1
https://doi.org/10.4230/LIPIcs.CSL.2024.41,Promise and Infinite-Domain Constraint Satisfaction,CSL,conference_paper,"Mottet, Antoine",2024,1
https://doi.org/10.4230/LIPIcs.CSL.2024.44,Conservativity of Type Theory over Higher-Order Arithmetic,CSL,conference_paper,"Otten, Daniël; van den Berg, Benno",2024,1
https://doi.org/10.4230/LIPIcs.CSL.2024.46,Concurrent Stochastic Lossy Channel Games,CSL,conference_paper,"Stan, Daniel; Najib, Muhammad; Lin, Anthony Widjaja; Abdulla, Parosh Aziz",2024,1
https://doi.org/10.4230/LIPIcs.CSL.2025.11,On the Expansion of Monadic Second-Order Logic with Cantor-Bendixson Rank and Order Type Predicates,CSL,conference_paper,"Colcombet, Thomas; Rabinovich, Alexander",2025,1
https://doi.org/10.4230/LIPIcs.CSL.2025.19,Two-Way One-Counter Nets Revisited,CSL,conference_paper,"Almagor, Shaull; Cadilhac, Michaël; Yeshurun, Asaf",2025,1
https://doi.org/10.4230/LIPIcs.CSL.2025.21,The Algebras for Automatic Relations,CSL,conference_paper,"Morvan, Rémi",2025,1
https://doi.org/10.4230/LIPIcs.CSL.2025.26,The Complexity of Deciding Characteristic Formulae in Van Glabbeek’s Branching-Time Spectrum,CSL,conference_paper,"Aceto, Luca; Achilleos, Antonis; Chalki, Aggeliki; Ingólfsdóttir, Anna",2025,1
https://doi.org/10.4230/LIPIcs.CSL.2025.29,"Correspondences Between Codensity and Coupling-Based Liftings, a Practical Approach",CSL,conference_paper,"Humeau, Samuel; Petrisan, Daniela; Rot, Jurriaan",2025,1
https://doi.org/10.4230/LIPIcs.CSL.2025.30,A Complete Inference System for Probabilistic Infinite Trace Equivalence,CSL,conference_paper,"Cîrstea, Corina; Moss, Lawrence S.; Noquez, Victoria; Schmid, Todd; Silva, Alexandra; Sokolova, Ana",2025,1
https://doi.org/10.4230/LIPIcs.CSL.2025.33,Quantitative Graded Semantics and Spectra of Behavioural Metrics,CSL,conference_paper,"Forster, Jonas; Schröder, Lutz; Wild, Paul; Beohar, Harsh; Gurke, Sebastian; König, Barbara; Messing, Karla",2025,1
https://doi.org/10.4230/LIPIcs.CSL.2025.37,Finite Relational Semantics for Language Kleene Algebra with Complement,CSL,conference_paper,"Nakamura, Yoshiki",2025,1
https://doi.org/10.4230/LIPIcs.CSL.2025.38,A Complete Graphical Language for Linear Optical Circuits with Finite-Photon-Number Sources and Detectors,CSL,conference_paper,"Heurtel, Nicolas",2025,1
https://doi.org/10.4230/LIPIcs.CSL.2025.6,Equi-Rank Homomorphism Preservation Theorem on Finite Structures,CSL,conference_paper,"Rossman, Benjamin",2025,1
https://doi.org/10.4230/LIPIcs.CSL.2025.7,Extension Preservation on Dense Graph Classes,CSL,conference_paper,"Eleftheriadis, Ioannis",2025,1
https://doi.org/10.4230/LIPIcs.CSL.2025.8,The Parameterized Complexity of Learning Monadic Second-Order Logic,CSL,conference_paper,"van Bergerem, Steffen; Grohe, Martin; Runde, Nina",2025,1
https://doi.org/10.4230/LIPIcs.CSL.2025.9,On Homogeneous Models of Fluted Languages,CSL,conference_paper,"Kojelis, Daumantas",2025,1
https://doi.org/10.4230/LIPIcs.CSL.2026.10,Disjunctions of Two Dependence Atoms,CSL,conference_paper,"Fröhlich, Nicolas; Kolaitis, Phokion G.; Meier, Arne",2026,1
https://doi.org/10.4230/LIPIcs.CSL.2026.22,On the Algorithmic Structure of Dialectica Realisers,CSL,conference_paper,"Barbarossa, Davide; Powell, Thomas",2026,1
https://doi.org/10.4230/LIPIcs.CSL.2026.23,A Logic for Fresh Labelled Transition Systems,CSL,conference_paper,"Bandukara, Mohamed H.; Tzevelekos, Nikos",2026,1
https://doi.org/10.4230/LIPIcs.CSL.2026.26,ε-Distance via Lévy-Prokhorov Lifting,CSL,conference_paper,"Desharnais, Josée; Sokolova, Ana",2026,1
https://doi.org/10.4230/LIPIcs.CSL.2026.31,Parametric Disjunctive Timed Networks,CSL,conference_paper,"André, Étienne; Jacobs, Swen; Lefaucheux, Engel",2026,1
https://doi.org/10.4230/LIPIcs.CSL.2026.36,A Game for Counting Logic Formula Size and an Application to Linear Orders,CSL,conference_paper,"Fournier, Grégoire; Turán, György",2026,1
https://doi.org/10.4230/LIPIcs.CSL.2026.37,Towards the Type Safety of Pure Subtype Systems,CSL,conference_paper,"Pasquale, Valentin; García-Pérez, Álvaro",2026,1
https://doi.org/10.4230/LIPIcs.CSL.2026.41,Weakly-Sparse and Strongly Flip-Flat Classes of Graphs Are Uniformly Almost-Wide,CSL,conference_paper,"Ghasemi, Fatemeh; Grange, Julien; Kanté, Mamadou Moustapha; Madelaine, Florent",2026,1
https://doi.org/10.4230/LIPIcs.CSL.2026.6,Hereditary First-Order Logic: the Tractable Quantifier Prefix Classes,CSL,conference_paper,"Bodirsky, Manuel; Guzmán-Pro, Santiago",2026,1
https://doi.org/10.4230/LIPIcs.CSL.2026.9,Arity Hierarchies for Quantifiers Closed Under Partial Polymorphisms,CSL,conference_paper,"Dawar, Anuj; Hella, Lauri; Pago, Benedikt",2026,1
https://doi.org/10.4230/LIPIcs.DISC.2017.10,Quadratic and Near-Quadratic Lower Bounds for the CONGEST Model,DISC,conference_paper,"Censor-Hillel, Keren; Khoury, Seri; Paz, Ami",2017,1
https://doi.org/10.4230/LIPIcs.DISC.2017.14,Meeting in a Polygon by Anonymous Oblivious Robots,DISC,conference_paper,"Di Luna, Giuseppe A.; Flocchini, Paola; Santoro, Nicola; Viglietta, Giovanni; Yamashita, Masafumi",2017,1
https://doi.org/10.4230/LIPIcs.DISC.2017.15,Three Notes on Distributed Property Testing,DISC,conference_paper,"Even, Guy; Fischer, Orr; Fraigniaud, Pierre; Gonen, Tzlil; Levi, Reut; Medina, Moti; Montealegre, Pedro; Olivetti, Dennis; Oshman, Rotem; Rapaport, Ivan; Todinca, Ioan",2017,1
https://doi.org/10.4230/LIPIcs.DISC.2017.16,Error-Sensitive Proof-Labeling Schemes,DISC,conference_paper,"Feuilloley, Laurent; Fraigniaud, Pierre",2017,1
https://doi.org/10.4230/LIPIcs.DISC.2017.26,Two-Party Direct-Sum Questions Through the Lens of Multiparty Communication Complexity,DISC,conference_paper,"Hazan, Itay; Kushilevitz, Eyal",2017,1
https://doi.org/10.4230/LIPIcs.DISC.2017.33,Neuro-RAM Unit with Applications to Similarity Testing and Compression in Spiking Neural Networks,DISC,conference_paper,"Lynch, Nancy; Musco, Cameron; Parter, Merav",2017,1
https://doi.org/10.4230/LIPIcs.DISC.2017.38,Symmetry Breaking in the Congest Model: Time- and Message-Efficient Algorithms for Ruling Sets,DISC,conference_paper,"Pai, Shreyas; Pandurangan, Gopal; Pemmaraju, Sriram V.; Riaz, Talal; Robinson, Peter",2017,1
https://doi.org/10.4230/LIPIcs.DISC.2017.5,Demand-Aware Network Designs of Bounded Degree,DISC,conference_paper,"Avin, Chen; Mondal, Kaushik; Schmid, Stefan",2017,1
https://doi.org/10.4230/LIPIcs.DISC.2017.6,Certification of Compact Low-Stretch Routing Schemes,DISC,conference_paper,"Balliu, Alkida; Fraigniaud, Pierre",2017,1
https://doi.org/10.4230/LIPIcs.DISC.2018.11,Integrated Bounds for Disintegrated Storage,DISC,conference_paper,"Berger, Alon; Keidar, Idit; Spiegelman, Alexander",2018,1
https://doi.org/10.4230/LIPIcs.DISC.2018.16,Detecting Cliques in CONGEST Networks,DISC,conference_paper,"Czumaj, Artur; Konrad, Christian",2018,1
https://doi.org/10.4230/LIPIcs.DISC.2018.24,Redundancy in Distributed Proofs,DISC,conference_paper,"Feuilloley, Laurent; Fraigniaud, Pierre; Hirvonen, Juho; Paz, Ami; Perry, Mor",2018,1
https://doi.org/10.4230/LIPIcs.DISC.2018.31,New Distributed Algorithms in Almost Mixing Time via Transformations from Parallel Algorithms,DISC,conference_paper,"Ghaffari, Mohsen; Li, Jason",2018,1
https://doi.org/10.4230/LIPIcs.DISC.2018.41,Lattice Agreement in Message Passing Systems,DISC,conference_paper,"Zheng, Xiong; Hu, Changyong; Garg, Vijay K.",2018,1
https://doi.org/10.4230/LIPIcs.DISC.2018.46,Brief Announcement: Exact Size Counting in Uniform Population Protocols in Nearly Logarithmic Time,DISC,conference_paper,"Doty, David; Eftekhari, Mahsa; Michail, Othon; Spirakis, Paul G.; Theofilatos, Michail",2018,1
https://doi.org/10.4230/LIPIcs.DISC.2018.8,Allocate-On-Use Space Complexity of Shared-Memory Algorithms,DISC,conference_paper,"Aspnes, James; Haeupler, Bernhard; Tong, Alexander; Woelfel, Philipp",2018,1
https://doi.org/10.4230/LIPIcs.DISC.2019.10,Erasure Correction for Noisy Radio Networks,DISC,conference_paper,"Censor-Hillel, Keren; Haeupler, Bernhard; Hershkowitz, D. Ellis; Zuzic, Goran",2019,1
https://doi.org/10.4230/LIPIcs.DISC.2019.21,Wait-Free Solvability of Equality Negation Tasks,DISC,conference_paper,"Goubault, Éric; Lazić, Marijana; Ledent, Jérémy; Rajsbaum, Sergio",2019,1
https://doi.org/10.4230/LIPIcs.DISC.2019.25,Low-Congestion Shortcut and Graph Parameters,DISC,conference_paper,"Kitamura, Naoki; Kitagawa, Hirotaka; Otachi, Yota; Izumi, Taisuke",2019,1
https://doi.org/10.4230/LIPIcs.DISC.2019.26,The Complexity of Symmetry Breaking in Massive Graphs,DISC,conference_paper,"Konrad, Christian; Pemmaraju, Sriram V.; Riaz, Talal; Robinson, Peter",2019,1
https://doi.org/10.4230/LIPIcs.DISC.2019.29,Byzantine Approximate Agreement on Graphs,DISC,conference_paper,"Nowak, Thomas; Rybicki, Joel",2019,1
https://doi.org/10.4230/LIPIcs.DISC.2019.7,Message Reduction in the LOCAL Model Is a Free Lunch,DISC,conference_paper,"Bitton, Shimon; Emek, Yuval; Izumi, Taisuke; Kutten, Shay",2019,1
https://doi.org/10.4230/LIPIcs.DISC.2020.13,Tight Bounds for Deterministic High-Dimensional Grid Exploration,DISC,conference_paper,"Brandt, Sebastian; Portmann, Julian; Uitto, Jara",2020,1
https://doi.org/10.4230/LIPIcs.DISC.2020.14,Distributed Dispatching in the Parallel Server Model,DISC,conference_paper,"Goren, Guy; Vargaftik, Shay; Moses, Yoram",2020,1
https://doi.org/10.4230/LIPIcs.DISC.2020.23,Making Byzantine Consensus Live,DISC,conference_paper,"Bravo, Manuel; Chockler, Gregory; Gotsman, Alexey",2020,1
https://doi.org/10.4230/LIPIcs.DISC.2020.25,Not a COINcidence: Sub-Quadratic Asynchronous Byzantine Agreement WHP,DISC,conference_paper,"Cohen, Shir; Keidar, Idit; Spiegelman, Alexander",2020,1
https://doi.org/10.4230/LIPIcs.DISC.2020.32,Byzantine Lattice Agreement in Synchronous Message Passing Systems,DISC,conference_paper,"Zheng, Xiong; Garg, Vijay",2020,1
https://doi.org/10.4230/LIPIcs.DISC.2020.6,Message Complexity of Population Protocols,DISC,conference_paper,"Amir, Talley; Aspnes, James; Doty, David; Eftekhari, Mahsa; Severson, Eric",2020,1
https://doi.org/10.4230/LIPIcs.DISC.2021.15,Massively Parallel Correlation Clustering in Bounded Arboricity Graphs,DISC,conference_paper,"Cambus, Mélanie; Choo, Davin; Miikonen, Havu; Uitto, Jara",2021,1
https://doi.org/10.4230/LIPIcs.DISC.2021.20,The Canonical Amoebot Model: Algorithms and Concurrency Control,DISC,conference_paper,"Daymude, Joshua J.; Richa, Andréa W.; Scheideler, Christian",2021,1
https://doi.org/10.4230/LIPIcs.DISC.2021.22,Deterministic Size Discovery and Topology Recognition in Radio Networks with Short Labels,DISC,conference_paper,"Gańczorz, Adam; Jurdziński, Tomasz; Lewko, Mateusz; Pelc, Andrzej",2021,1
https://doi.org/10.4230/LIPIcs.DISC.2021.27,Singularly Near Optimal Leader Election in Asynchronous Networks,DISC,conference_paper,"Kutten, Shay; Moses Jr., William K.; Pandurangan, Gopal; Peleg, David",2021,1
https://doi.org/10.4230/LIPIcs.DISC.2021.36,Extension-Based Proofs for Synchronous Message Passing,DISC,conference_paper,"Sheng, Yilun; Ellen, Faith",2021,1
https://doi.org/10.4230/LIPIcs.DISC.2021.38,In Search for an Optimal Authenticated Byzantine Agreement,DISC,conference_paper,"Spiegelman, Alexander",2021,1
https://doi.org/10.4230/LIPIcs.DISC.2022.11,How to Meet at a Node of Any Connected Graph,DISC,conference_paper,"Bhagat, Subhash; Pelc, Andrzej",2022,1
https://doi.org/10.4230/LIPIcs.DISC.2022.14,Byzantine Consensus Is Θ(n²): The Dolev-Reischuk Bound Is Tight Even in Partial Synchrony!,DISC,conference_paper,"Civit, Pierre; Dzulfikar, Muhammad Ayaz; Gilbert, Seth; Gramoli, Vincent; Guerraoui, Rachid; Komatovic, Jovan; Vidigueira, Manuel",2022,1
https://doi.org/10.4230/LIPIcs.DISC.2022.17,Contention Resolution Without Collision Detection: Constant Throughput And Logarithmic Energy,DISC,conference_paper,"De Marco, Gianluca; Kowalski, Dariusz R.; Stachowiak, Grzegorz",2022,1
https://doi.org/10.4230/LIPIcs.DISC.2022.19,An Almost Singularly Optimal Asynchronous Distributed MST Algorithm,DISC,conference_paper,"Dufoulon, Fabien; Kutten, Shay; Moses Jr., William K.; Pandurangan, Gopal; Peleg, David",2022,1
https://doi.org/10.4230/LIPIcs.DISC.2022.23,Fault Tolerant Coloring of the Asynchronous Cycle,DISC,conference_paper,"Fraigniaud, Pierre; Lambein-Monette, Patrick; Rabie, Mikaël",2022,1
https://doi.org/10.4230/LIPIcs.DISC.2022.33,Safe Permissionless Consensus,DISC,conference_paper,"Pu, Youer; Alvisi, Lorenzo; Eyal, Ittay",2022,1
https://doi.org/10.4230/LIPIcs.DISC.2022.37,Space-Stretch Tradeoff in Routing Revisited,DISC,conference_paper,"Zinovyev, Anatoliy",2022,1
https://doi.org/10.4230/LIPIcs.DISC.2022.44,"Brief Announcement: New Clocks, Fast Line Formation and Self-Replication Population Protocols",DISC,conference_paper,"Gąsieniec, Leszek; Spirakis, Paul; Stachowiak, Grzegorz",2022,1
https://doi.org/10.4230/LIPIcs.DISC.2022.46,Brief Announcement: Gathering Despite Defected View,DISC,conference_paper,"Kim, Yonghwan; Shibata, Masahiro; Sudo, Yuichi; Nakamura, Junya; Katayama, Yoshiaki; Masuzawa, Toshimitsu",2022,1
https://doi.org/10.4230/LIPIcs.DISC.2023.16,Send/Receive Patterns Versus Read/Write Patterns in Crash-Prone Asynchronous Distributed Systems,DISC,conference_paper,"Déprés, Mathilde; Mostéfaoui, Achour; Perrin, Matthieu; Raynal, Michel",2023,1
https://doi.org/10.4230/LIPIcs.DISC.2023.18,Optimal Computation in Leaderless and Multi-Leader Disconnected Anonymous Dynamic Networks,DISC,conference_paper,"Di Luna, Giuseppe A.; Viglietta, Giovanni",2023,1
https://doi.org/10.4230/LIPIcs.DISC.2023.20,Distributed Certification for Classes of Dense Graphs,DISC,conference_paper,"Fraigniaud, Pierre; Mazoit, Frédéric; Montealegre, Pedro; Rapaport, Ivan; Todinca, Ioan",2023,1
https://doi.org/10.4230/LIPIcs.DISC.2023.22,List Defective Colorings: Distributed Algorithms and Applications,DISC,conference_paper,"Fuchs, Marc; Kuhn, Fabian",2023,1
https://doi.org/10.4230/LIPIcs.DISC.2023.27,Fast Reconfiguration for Programmable Matter,DISC,conference_paper,"Kostitsyna, Irina; Peters, Tom; Speckmann, Bettina",2023,1
https://doi.org/10.4230/LIPIcs.DISC.2023.31,Gorilla: Safe Permissionless Byzantine Consensus,DISC,conference_paper,"Pu, Youer; Farahbakhsh, Ali; Alvisi, Lorenzo; Eyal, Ittay",2023,1
https://doi.org/10.4230/LIPIcs.DISC.2023.32,"Distributed Sketching Lower Bounds for k-Edge Connected Spanning Subgraphs, BFS Trees, and LCL Problems",DISC,conference_paper,"Robinson, Peter",2023,1
https://doi.org/10.4230/LIPIcs.DISC.2023.4,"One Step Forward, One Step Back: FLP-Style Proofs and the Round-Reduction Technique for Colorless Tasks",DISC,conference_paper,"Attiya, Hagit; Fraigniaud, Pierre; Paz, Ami; Rajsbaum, Sergio",2023,1
https://doi.org/10.4230/LIPIcs.DISC.2023.41,Brief Announcement: Byzantine Consensus Under Dynamic Participation with a Well-Behaved Majority,DISC,conference_paper,"Gafni, Eli; Losa, Giuliano",2023,1
https://doi.org/10.4230/LIPIcs.DISC.2023.45,Brief Announcement: Line Formation in Silent Programmable Matter,DISC,conference_paper,"Navarra, Alfredo; Piselli, Francesco",2023,1
https://doi.org/10.4230/LIPIcs.DISC.2023.46,Brief Announcement: The Space Complexity of Set Agreement Using Swap,DISC,conference_paper,"Ovens, Sean",2023,1
https://doi.org/10.4230/LIPIcs.DISC.2024.14,Efficient Signature-Free Validated Agreement,DISC,conference_paper,"Civit, Pierre; Dzulfikar, Muhammad Ayaz; Gilbert, Seth; Guerraoui, Rachid; Komatovic, Jovan; Vidigueira, Manuel; Zablotchi, Igor",2024,1
https://doi.org/10.4230/LIPIcs.DISC.2024.17,Breaking Through the Ω(n)-Space Barrier: Population Protocols Decide Double-Exponential Thresholds,DISC,conference_paper,"Czerner, Philipp",2024,1
https://doi.org/10.4230/LIPIcs.DISC.2024.20,The Computational Power of Discrete Chemical Reaction Networks with Bounded Executions,DISC,conference_paper,"Doty, David; Heckmann, Ben",2024,1
https://doi.org/10.4230/LIPIcs.DISC.2024.23,Lock-Free Augmented Trees,DISC,conference_paper,"Fatourou, Panagiota; Ruppert, Eric",2024,1
https://doi.org/10.4230/LIPIcs.DISC.2024.24,Decentralized Distributed Graph Coloring II: Degree+1-Coloring Virtual Graphs,DISC,conference_paper,"Flin, Maxime; Halldórsson, Magnús M.; Nolin, Alexandre",2024,1
https://doi.org/10.4230/LIPIcs.DISC.2024.25,Distributed Model Checking on Graphs of Bounded Treedepth,DISC,conference_paper,"Fomin, Fedor V.; Fraigniaud, Pierre; Montealegre, Pedro; Rapaport, Ivan; Todinca, Ioan",2024,1
https://doi.org/10.4230/LIPIcs.DISC.2024.26,Content-Oblivious Leader Election on Rings,DISC,conference_paper,"Frei, Fabian; Gelles, Ran; Ghazy, Ahmed; Nolin, Alexandre",2024,1
https://doi.org/10.4230/LIPIcs.DISC.2024.35,Memory Lower Bounds and Impossibility Results for Anonymous Dynamic Broadcast,DISC,conference_paper,"Parzych, Garrett; Daymude, Joshua J.",2024,1
https://doi.org/10.4230/LIPIcs.DISC.2024.38,Near-Linear Time Dispersion of Mobile Agents,DISC,conference_paper,"Sudo, Yuichi; Shibata, Masahiro; Nakamura, Junya; Kim, Yonghwan; Masuzawa, Toshimitsu",2024,1
https://doi.org/10.4230/LIPIcs.DISC.2024.47,Brief Announcement: Agreement Tasks in Fault-Prone Synchronous Networks of Arbitrary Structures,DISC,conference_paper,"Fraigniaud, Pierre; Nguyen, Minh Hang; Paz, Ami",2024,1
https://doi.org/10.4230/LIPIcs.DISC.2024.5,Asynchronous Fault-Tolerant Distributed Proper Coloring of Graphs,DISC,conference_paper,"Balliu, Alkida; Fraigniaud, Pierre; Lambein-Monette, Patrick; Olivetti, Dennis; Rabie, Mikaël",2024,1
https://doi.org/10.4230/LIPIcs.DISC.2024.55,Brief Announcement: Self-Stabilizing Graph Exploration by a Single Agent,DISC,conference_paper,"Sudo, Yuichi; Ooshita, Fukuhito; Kamei, Sayaka",2024,1
https://doi.org/10.4230/LIPIcs.DISC.2024.9,Freeze-Tag in L₁ Has Wake-Up Time Five with Linear Complexity,DISC,conference_paper,"Bonichon, Nicolas; Casteigts, Arnaud; Gavoille, Cyril; Hanusse, Nicolas",2024,1
https://doi.org/10.4230/LIPIcs.DISC.2025.10,"Amnesiac Flooding: Easy to Break, Hard to Escape",DISC,conference_paper,"Austin, Henry; Gadouleau, Maximilien; Mertzios, George B.; Trehan, Amitabh",2025,1
https://doi.org/10.4230/LIPIcs.DISC.2025.12,Distributed Computation with Local Advice,DISC,conference_paper,"Balliu, Alkida; Brandt, Sebastian; Kuhn, Fabian; Nowicki, Krzysztof; Olivetti, Dennis; Rotenberg, Eva; Suomela, Jukka",2025,1
https://doi.org/10.4230/LIPIcs.DISC.2025.14,Energy-Efficient Maximal Independent Sets in Radio Networks,DISC,conference_paper,"Banasik, Dominick; Dani, Varsha; Dufoulon, Fabien; Gupta, Aayush; Hayes, Thomas P.; Pandurangan, Gopal",2025,1
https://doi.org/10.4230/LIPIcs.DISC.2025.16,Perpetual Exploration in Anonymous Synchronous Networks with a Byzantine Black Hole,DISC,conference_paper,"Bhattacharya, Adri; Goswami, Pritam; Bampas, Evangelos; Mandal, Partha Sarathi",2025,1
https://doi.org/10.4230/LIPIcs.DISC.2025.18,Complexity Landscape for Local Certification,DISC,conference_paper,"Bousquet, Nicolas; Feuilloley, Laurent; Zeitoun, Sébastien",2025,1
https://doi.org/10.4230/LIPIcs.DISC.2025.19,Robust Predicate and Function Computation in Continuous Chemical Reaction Networks,DISC,conference_paper,"Calabrese, Kim; Doty, David; Latifi, Mina",2025,1
https://doi.org/10.4230/LIPIcs.DISC.2025.21,Content-Oblivious Leader Election in 2-Edge-Connected Networks,DISC,conference_paper,"Chalopin, Jérémie; Chang, Yi-Jun; Chen, Lyuting; Di Luna, Giuseppe A.; Zhou, Haoran",2025,1
https://doi.org/10.4230/LIPIcs.DISC.2025.22,The Complexity Landscape of Dynamic Distributed Subgraph Finding,DISC,conference_paper,"Chang, Yi-Jun; Chen, Lyuting; Chen, Yanyu; Mishra, Gopinath; Yang, Mingyang",2025,1
https://doi.org/10.4230/LIPIcs.DISC.2025.24,Validity in Network-Agnostic Byzantine Agreement,DISC,conference_paper,"Constantinescu, Andrei; Dufay, Marc; Ghinea, Diana; Wattenhofer, Roger",2025,1
https://doi.org/10.4230/LIPIcs.DISC.2025.27,On the h-Majority Dynamics with Many Opinions,DISC,conference_paper,"d'Amore, Francesco; D'Archivio, Niccolò; Giakkoupis, George; Natale, Emanuele",2025,1
https://doi.org/10.4230/LIPIcs.DISC.2025.28,Byzantine Consensus in the Random Asynchronous Model,DISC,conference_paper,"Danezis, George; Komatovic, Jovan; Kokoris-Kogias, Lefteris; Sonnino, Alberto; Zablotchi, Igor",2025,1
https://doi.org/10.4230/LIPIcs.DISC.2025.33,Approach of Agents with Restricted Fuel Tanks,DISC,conference_paper,"Ganczorz, Adam; Jurdzinski, Tomasz; Pelc, Andrzej; Stachowiak, Grzegorz",2025,1
https://doi.org/10.4230/LIPIcs.DISC.2025.34,New Distributed Interactive Proofs for Planarity: A Matter of Left and Right,DISC,conference_paper,"Gil, Yuval; Parter, Merav",2025,1
https://doi.org/10.4230/LIPIcs.DISC.2025.4,"pod: An Optimal-Latency, Censorship-Free, and Accountable Generalized Consensus Layer",DISC,conference_paper,"Alpos, Orestis; David, Bernardo; Mitrovski, Jakov; Sofikitis, Odysseas; Zindros, Dionysis",2025,1
https://doi.org/10.4230/LIPIcs.DISC.2025.47,Brief Announcement: Highly Dynamic and Fully Distributed Data Structures,DISC,conference_paper,"Augustine, John; Cruciani, Antonio; Gillani, Iqra Altaf",2025,1
https://doi.org/10.4230/LIPIcs.DISC.2025.50,Brief Announcement: Weaker Assumptions for Asymmetric Trust,DISC,conference_paper,"Cachin, Christian; Villacis, Juan",2025,1
https://doi.org/10.4230/LIPIcs.DISC.2025.8,Auditable Shared Objects: From Registers to Synchronization Primitives,DISC,conference_paper,"Attiya, Hagit; Anta, Antonio Fernández; Milani, Alessia; Rapetti, Alexandre; Travers, Corentin",2025,1
https://doi.org/10.4230/LIPIcs.ESA.2016.1,2-Connectivity in Directed Graphs (Invited Talk),ESA,conference_paper,"Georgiadis, Loukas; Italiano, Giuseppe F.; Parotsidis, Nikos",2016,1
https://doi.org/10.4230/LIPIcs.ESA.2016.13,Compact and Fast Sensitivity Oracles for Single-Source Distances,ESA,conference_paper,"Bilo, Davide; Guala, Luciano; Leucci, Stefano; Proietti, Guido",2016,1
https://doi.org/10.4230/LIPIcs.ESA.2016.23,Hitting Set for Hypergraphs of Low VC-dimension,ESA,conference_paper,"Bringmann, Karl; Kozma, László; Moran, Shay; Narayanaswamy, N. S.",2016,1
https://doi.org/10.4230/LIPIcs.ESA.2016.32,Stochastic Streams: Sample Complexity vs. Space Complexity,ESA,conference_paper,"Crouch, Michael; McGregor, Andrew; Valiant, Gregory; Woodruff, David P.",2016,1
https://doi.org/10.4230/LIPIcs.ESA.2016.34,On Interference Among Moving Sensors and Related Problems,ESA,conference_paper,"De Carufel, Jean-Lou; Katz, Matthew J.; Korman, Matias; van Renssen, André; Roeloffzen, Marcel; Smorodinsky, Shakhar",2016,1
https://doi.org/10.4230/LIPIcs.ESA.2016.38,BlockQuicksort: Avoiding Branch Mispredictions in Quicksort,ESA,conference_paper,"Edelkamp, Stefan; Weiss, Armin",2016,1
https://doi.org/10.4230/LIPIcs.ESA.2016.41,Distributed Signaling Games,ESA,conference_paper,"Feldman, Moran; Tennenholtz, Moshe; Weinstein, Omri",2016,1
https://doi.org/10.4230/LIPIcs.ESA.2016.50,epsilon-Kernel Coresets for Stochastic Points,ESA,conference_paper,"Huang, Lingxiao; Li, Jian; Phillips, Jeff M.; Wang, Haitao",2016,1
https://doi.org/10.4230/LIPIcs.ESA.2016.58,On the Fine-Grained Complexity of Rainbow Coloring,ESA,conference_paper,"Kowalik, Lukasz; Lauri, Juho; Socala, Arkadiusz",2016,1
https://doi.org/10.4230/LIPIcs.ESA.2016.62,Almost All Even Yao-Yao Graphs Are Spanners,ESA,conference_paper,"Li, Jian; Zhan, Wei",2016,1
https://doi.org/10.4230/LIPIcs.ESA.2016.63,Online Non-Preemptive Scheduling in a Resource Augmentation Model Based on Duality,ESA,conference_paper,"Lucarelli, Giorgio; Kim Thang, Nguyen; Srivastav, Abhinav; Trystram, Denis",2016,1
https://doi.org/10.4230/LIPIcs.ESA.2016.7,Scalable Exact Visualization of Isocontours in Road Networks via Minimum-Link Paths,ESA,conference_paper,"Baum, Moritz; Bläsius, Thomas; Gemsa, Andreas; Rutter, Ignaz; Wegner, Franziska",2016,1
https://doi.org/10.4230/LIPIcs.ESA.2016.78,The Complexity of the k-means Method,ESA,conference_paper,"Roughgarden, Tim; Wang, Joshua R.",2016,1
https://doi.org/10.4230/LIPIcs.ESA.2017.17,On the Impact of Singleton Strategies in Congestion Games,ESA,conference_paper,"Bilò, Vittorio; Vinci, Cosimo",2017,1
https://doi.org/10.4230/LIPIcs.ESA.2017.19,Exploring the Tractability of the Capped Hose Model,ESA,conference_paper,"Bosman, Thomas; Olver, Neil",2017,1
https://doi.org/10.4230/LIPIcs.ESA.2017.23,Computing Optimal Homotopies over a Spiked Plane with Polygonal Boundary,ESA,conference_paper,"Burton, Benjamin; Chambers, Erin; van Kreveld, Marc; Meulemans, Wouter; Ophelders, Tim; Speckmann, Bettina",2017,1
https://doi.org/10.4230/LIPIcs.ESA.2017.31,On Minimizing the Makespan When Some Jobs Cannot Be Assigned on the Same Machine,ESA,conference_paper,"Das, Syamantak; Wiese, Andreas",2017,1
https://doi.org/10.4230/LIPIcs.ESA.2017.4,Approximate Nearest Neighbor Search Amid Higher-Dimensional Flats,ESA,conference_paper,"Agarwal, Pankaj K.; Rubin, Natan; Sharir, Micha",2017,1
https://doi.org/10.4230/LIPIcs.ESA.2017.52,Finding Axis-Parallel Rectangles of Fixed Perimeter or Area Containing the Largest Number of Points,ESA,conference_paper,"Kaplan, Haim; Roy, Sasanka; Sharir, Micha",2017,1
https://doi.org/10.4230/LIPIcs.ESA.2017.54,Combinatorial n-fold Integer Programming and Applications,ESA,conference_paper,"Knop, Dusan; Koutecky, Martin; Mnich, Matthias",2017,1
https://doi.org/10.4230/LIPIcs.ESA.2017.56,Computing Maximum Agreement Forests without Cluster Partitioning is Folly,ESA,conference_paper,"Li, Zhijiang; Zeh, Norbert",2017,1
https://doi.org/10.4230/LIPIcs.ESA.2017.59,Subexponential Parameterized Algorithms for Graphs of Polynomial Growth,ESA,conference_paper,"Marx, Dániel; Pilipczuk, Marcin",2017,1
https://doi.org/10.4230/LIPIcs.ESA.2017.64,Clustering in Hypergraphs to Minimize Average Edge Service Time,ESA,conference_paper,"Rottenstreich, Ori; Kaplan, Haim; Hassidim, Avinatan",2017,1
https://doi.org/10.4230/LIPIcs.ESA.2017.69,Exponential Lower Bounds for History-Based Simplex Pivot Rules on Abstract Cubes,ESA,conference_paper,"Thomas, Antonis",2017,1
https://doi.org/10.4230/LIPIcs.ESA.2018.14,Self-Assembly of Any Shape with Constant Tile Types using High Temperature,ESA,conference_paper,"Chalk, Cameron; Luchsinger, Austin; Schweller, Robert; Wylie, Tim",2018,1
https://doi.org/10.4230/LIPIcs.ESA.2018.19,Cycles to the Rescue! Novel Constraints to Compute Maximum Planar Subgraphs Fast,ESA,conference_paper,"Chimani, Markus; Wiedera, Tilo",2018,1
https://doi.org/10.4230/LIPIcs.ESA.2018.2,Two-Dimensional Maximal Repetitions,ESA,conference_paper,"Amir, Amihood; Landau, Gad M.; Marcus, Shoshana; Sokol, Dina",2018,1
https://doi.org/10.4230/LIPIcs.ESA.2018.20,Parameterized Approximation Algorithms for Bidirected Steiner Network Problems,ESA,conference_paper,"Chitnis, Rajesh; Feldmann, Andreas Emil; Manurangsi, Pasin",2018,1
https://doi.org/10.4230/LIPIcs.ESA.2018.22,Improved Routing on the Delaunay Triangulation,ESA,conference_paper,"Bonichon, Nicolas; Bose, Prosenjit; De Carufel, Jean-Lou; Despré, Vincent; Hill, Darryl; Smid, Michiel",2018,1
https://doi.org/10.4230/LIPIcs.ESA.2018.31,On the Optimality of Pseudo-polynomial Algorithms for Integer Programming,ESA,conference_paper,"Fomin, Fedor V.; Panolan, Fahad; Ramanujan, M. S.; Saurabh, Saket",2018,1
https://doi.org/10.4230/LIPIcs.ESA.2018.35,FPT Algorithms for Embedding into Low Complexity Graphic Metrics,ESA,conference_paper,"Ghosh, Arijit; Kolay, Sudeshna; Mishra, Gopinath",2018,1
https://doi.org/10.4230/LIPIcs.ESA.2018.4,On the Worst-Case Complexity of TimSort,ESA,conference_paper,"Auger, Nicolas; Jugé, Vincent; Nicaud, Cyril; Pivoteau, Carine",2018,1
https://doi.org/10.4230/LIPIcs.ESA.2018.5,A New and Improved Algorithm for Online Bin Packing,ESA,conference_paper,"Balogh, János; Békési, József; Dósa, György; Epstein, Leah; Levin, Asaf",2018,1
https://doi.org/10.4230/LIPIcs.ESA.2018.50,Generalized Coloring of Permutations,ESA,conference_paper,"Jelínek, Vít; Opler, Michal; Valtr, Pavel",2018,1
https://doi.org/10.4230/LIPIcs.ESA.2018.53,Data Reduction for Maximum Matching on Real-World Graphs: Theory and Experiments,ESA,conference_paper,"Korenwein, Viatcheslav; Nichterlein, André; Niedermeier, Rolf; Zschoche, Philipp",2018,1
https://doi.org/10.4230/LIPIcs.ESA.2018.54,Searching a Tree with Permanently Noisy Advice,ESA,conference_paper,"Boczkowski, Lucas; Korman, Amos; Rodeh, Yoav",2018,1
https://doi.org/10.4230/LIPIcs.ESA.2018.55,Efficient and Adaptive Parameterized Algorithms on Modular Decompositions,ESA,conference_paper,"Kratsch, Stefan; Nelles, Florian",2018,1
https://doi.org/10.4230/LIPIcs.ESA.2018.56,"On Nondeterministic Derandomization of Freivalds' Algorithm: Consequences, Avenues and Algorithmic Progress",ESA,conference_paper,"Künnemann, Marvin",2018,1
https://doi.org/10.4230/LIPIcs.ESA.2018.60,Finding Stable Matchings That Are Robust to Errors in the Input,ESA,conference_paper,"Mai, Tung; Vazirani, Vijay V.",2018,1
https://doi.org/10.4230/LIPIcs.ESA.2018.70,An Exact Algorithm for the Steiner Forest Problem,ESA,conference_paper,"Schmidt, Daniel R.; Zey, Bernd; Margot, François",2018,1
https://doi.org/10.4230/LIPIcs.ESA.2019.11,Online Multistage Subset Maximization Problems,ESA,conference_paper,"Bampis, Evripidis; Escoffier, Bruno; Schewior, Kevin; Teiller, Alexandre",2019,1
https://doi.org/10.4230/LIPIcs.ESA.2019.12,A Constant Approximation for Colorful k-Center,ESA,conference_paper,"Bandyapadhyay, Sayan; Inamdar, Tanmay; Pai, Shreyas; Varadarajan, Kasturi",2019,1
https://doi.org/10.4230/LIPIcs.ESA.2019.17,More Applications of the d-Neighbor Equivalence: Connectivity and Acyclicity Constraints,ESA,conference_paper,"Bergougnoux, Benjamin; Kanté, Mamadou Moustapha",2019,1
https://doi.org/10.4230/LIPIcs.ESA.2019.2,Fragile Complexity of Comparison-Based Algorithms,ESA,conference_paper,"Afshani, Peyman; Fagerberg, Rolf; Hammer, David; Jacob, Riko; Kostitsyna, Irina; Meyer, Ulrich; Penschuck, Manuel; Sitchinava, Nodari",2019,1
https://doi.org/10.4230/LIPIcs.ESA.2019.25,Patching Colors with Tensors,ESA,conference_paper,"Brand, Cornelius",2019,1
https://doi.org/10.4230/LIPIcs.ESA.2019.3,Universal Reconfiguration of Facet-Connected Modular Robots by Pivots: The O(1) Musketeers,ESA,conference_paper,"Akitaya, Hugo A.; Arkin, Esther M.; Damian, Mirela; Demaine, Erik D.; Dujmović, Vida; Flatland, Robin; Korman, Matias; Palop, Belen; Parada, Irene; van Renssen, André; Sacristán, Vera",2019,1
https://doi.org/10.4230/LIPIcs.ESA.2019.30,Stronger ILPs for the Graph Genus Problem,ESA,conference_paper,"Chimani, Markus; Wiedera, Tilo",2019,1
https://doi.org/10.4230/LIPIcs.ESA.2019.31,Complexity of C_k-Coloring in Hereditary Classes of Graphs,ESA,conference_paper,"Chudnovsky, Maria; Huang, Shenwei; Rzążewski, Paweł; Spirkl, Sophie; Zhong, Mingxian",2019,1
https://doi.org/10.4230/LIPIcs.ESA.2019.32,Consistent Digital Curved Rays and Pseudoline Arrangements,ESA,conference_paper,"Chun, Jinhee; Kikuchi, Kenya; Tokuyama, Takeshi",2019,1
https://doi.org/10.4230/LIPIcs.ESA.2019.47,Going Far From Degeneracy,ESA,conference_paper,"Fomin, Fedor V.; Golovach, Petr A.; Lokshtanov, Daniel; Panolan, Fahad; Saurabh, Saket; Zehavi, Meirav",2019,1
https://doi.org/10.4230/LIPIcs.ESA.2019.5,Repetition Detection in a Dynamic String,ESA,conference_paper,"Amir, Amihood; Boneh, Itai; Charalampopoulos, Panagiotis; Kondratovsky, Eitan",2019,1
https://doi.org/10.4230/LIPIcs.ESA.2019.55,Engineering Negative Cycle Canceling for Wind Farm Cabling,ESA,conference_paper,"Gritzbach, Sascha; Ueckerdt, Torsten; Wagner, Dorothea; Wegner, Franziska; Wolf, Matthias",2019,1
https://doi.org/10.4230/LIPIcs.ESA.2019.57,Counting to Ten with Two Fingers: Compressed Counting with Spiking Neurons,ESA,conference_paper,"Hitron, Yael; Parter, Merav",2019,1
https://doi.org/10.4230/LIPIcs.ESA.2019.64,Triangles and Girth in Disk Graphs and Transmission Graphs,ESA,conference_paper,"Kaplan, Haim; Klost, Katharina; Mulzer, Wolfgang; Roditty, Liam; Seiferth, Paul; Sharir, Micha",2019,1
https://doi.org/10.4230/LIPIcs.ESA.2019.68,Trace Reconstruction: Generalized and Parameterized,ESA,conference_paper,"Krishnamurthy, Akshay; Mazumdar, Arya; McGregor, Andrew; Pal, Soumyabrata",2019,1
https://doi.org/10.4230/LIPIcs.ESA.2019.69,Generalized Assignment via Submodular Optimization with Reserved Capacity,ESA,conference_paper,"Kulik, Ariel; Sarpatwar, Kanthi; Schieber, Baruch; Shachnai, Hadas",2019,1
https://doi.org/10.4230/LIPIcs.ESA.2019.72,Packing Directed Circuits Quarter-Integrally,ESA,conference_paper,"Masařík, Tomáš; Muzi, Irene; Pilipczuk, Marcin; Rzążewski, Paweł; Sorge, Manuel",2019,1
https://doi.org/10.4230/LIPIcs.ESA.2019.77,An Approximate Kernel for Connected Feedback Vertex Set,ESA,conference_paper,"Ramanujan, M. S.",2019,1
https://doi.org/10.4230/LIPIcs.ESA.2019.79,Recognizing Planar Laman Graphs,ESA,conference_paper,"Rollin, Jonathan; Schlipf, Lena; Schulz, André",2019,1
https://doi.org/10.4230/LIPIcs.ESA.2020.13,Linear Time LexDFS on Chordal Graphs,ESA,conference_paper,"Beisegel, Jesse; Köhler, Ekkehard; Scheffler, Robert; Strehler, Martin",2020,1
https://doi.org/10.4230/LIPIcs.ESA.2020.19,An Algorithmic Study of Fully Dynamic Independent Sets for Map Labeling,ESA,conference_paper,"Bhore, Sujoy; Li, Guangping; Nöllenburg, Martin",2020,1
https://doi.org/10.4230/LIPIcs.ESA.2020.25,When Lipschitz Walks Your Dog: Algorithm Engineering of the Discrete Fréchet Distance Under Translation,ESA,conference_paper,"Bringmann, Karl; Künnemann, Marvin; Nusser, André",2020,1
https://doi.org/10.4230/LIPIcs.ESA.2020.30,The Maximum Binary Tree Problem,ESA,conference_paper,"Chandrasekaran, Karthekeyan; Grigorescu, Elena; Istrate, Gabriel; Kulkarni, Shubhang; Lin, Young-San; Zhu, Minshen",2020,1
https://doi.org/10.4230/LIPIcs.ESA.2020.35,Finding Large H-Colorable Subgraphs in Hereditary Graph Classes,ESA,conference_paper,"Chudnovsky, Maria; King, Jason; Pilipczuk, Michał; Rzążewski, Paweł; Spirkl, Sophie",2020,1
https://doi.org/10.4230/LIPIcs.ESA.2020.40,First-Order Model-Checking in Random Graphs and Complex Networks,ESA,conference_paper,"Dreier, Jan; Kuinke, Philipp; Rossmanith, Peter",2020,1
https://doi.org/10.4230/LIPIcs.ESA.2020.41,Optimally Handling Commitment Issues in Online Throughput Maximization,ESA,conference_paper,"Eberle, Franziska; Megow, Nicole; Schewior, Kevin",2020,1
https://doi.org/10.4230/LIPIcs.ESA.2020.42,A Polynomial Kernel for Line Graph Deletion,ESA,conference_paper,"Eiben, Eduard; Lochet, William",2020,1
https://doi.org/10.4230/LIPIcs.ESA.2020.48,Kernelization of Whitney Switches,ESA,conference_paper,"Fomin, Fedor V.; Golovach, Petr A.",2020,1
https://doi.org/10.4230/LIPIcs.ESA.2020.49,Subexponential Parameterized Algorithms and Kernelization on Almost Chordal Graphs,ESA,conference_paper,"Fomin, Fedor V.; Golovach, Petr A.",2020,1
https://doi.org/10.4230/LIPIcs.ESA.2020.5,Analysis of the Period Recovery Error Bound,ESA,conference_paper,"Amir, Amihood; Boneh, Itai; Itzhaki, Michael; Kondratovsky, Eitan",2020,1
https://doi.org/10.4230/LIPIcs.ESA.2020.50,On the Complexity of Recovering Incidence Matrices,ESA,conference_paper,"Fomin, Fedor V.; Golovach, Petr; Misra, Pranabendu; Ramanujan, M. S.",2020,1
https://doi.org/10.4230/LIPIcs.ESA.2020.61,The Fine-Grained Complexity of Median and Center String Problems Under Edit Distance,ESA,conference_paper,"Hoppenworth, Gary; Bentley, Jason W.; Gibney, Daniel; Thankachan, Sharma V.",2020,1
https://doi.org/10.4230/LIPIcs.ESA.2020.62,Capacitated Sum-Of-Radii Clustering: An FPT Approximation,ESA,conference_paper,"Inamdar, Tanmay; Varadarajan, Kasturi",2020,1
https://doi.org/10.4230/LIPIcs.ESA.2020.63,Optimal Polynomial-Time Compression for Boolean Max CSP,ESA,conference_paper,"Jansen, Bart M. P.; Włodarczyk, Michał",2020,1
https://doi.org/10.4230/LIPIcs.ESA.2020.65,Exploiting c-Closure in Kernelization Algorithms for Graph Problems,ESA,conference_paper,"Koana, Tomohiro; Komusiewicz, Christian; Sommer, Frank",2020,1
https://doi.org/10.4230/LIPIcs.ESA.2020.69,On the Computational Complexity of Linear Discrepancy,ESA,conference_paper,"Li, Lily; Nikolov, Aleksandar",2020,1
https://doi.org/10.4230/LIPIcs.ESA.2020.79,Improved Distance Sensitivity Oracles with Subcubic Preprocessing Time,ESA,conference_paper,"Ren, Hanlin",2020,1
https://doi.org/10.4230/LIPIcs.ESA.2021.10,Orienting (Hyper)graphs Under Explorable Stochastic Uncertainty,ESA,conference_paper,"Bampis, Evripidis; Dürr, Christoph; Erlebach, Thomas; de Lima, Murilo Santos; Megow, Nicole; Schlöter, Jens",2021,1
https://doi.org/10.4230/LIPIcs.ESA.2021.16,Online Euclidean Spanners,ESA,conference_paper,"Bhore, Sujoy; Tóth, Csaba D.",2021,1
https://doi.org/10.4230/LIPIcs.ESA.2021.17,Distant Representatives for Rectangles in the Plane,ESA,conference_paper,"Biedl, Therese; Lubiw, Anna; Naredla, Anurag Murty; Ralbovsky, Peter Dominik; Stroud, Graeme",2021,1
https://doi.org/10.4230/LIPIcs.ESA.2021.21,Efficiently Computing Maximum Flows in Scale-Free Networks,ESA,conference_paper,"Bläsius, Thomas; Friedrich, Tobias; Weyand, Christopher",2021,1
https://doi.org/10.4230/LIPIcs.ESA.2021.23,Covert Computation in Staged Self-Assembly: Verification Is PSPACE-Complete,ESA,conference_paper,"Caballero, David; Gomez, Timothy; Schweller, Robert; Wylie, Tim",2021,1
https://doi.org/10.4230/LIPIcs.ESA.2021.27,All-Pairs Shortest Paths for Real-Weighted Undirected Graphs with Small Additive Error,ESA,conference_paper,"Chan, Timothy M.",2021,1
https://doi.org/10.4230/LIPIcs.ESA.2021.28,Dynamic Colored Orthogonal Range Searching,ESA,conference_paper,"Chan, Timothy M.; Huang, Zhengcheng",2021,1
https://doi.org/10.4230/LIPIcs.ESA.2021.29,𝓁_p-Norm Multiway Cut,ESA,conference_paper,"Chandrasekaran, Karthekeyan; Wang, Weihang",2021,1
https://doi.org/10.4230/LIPIcs.ESA.2021.34,"Modular Counting of Subgraphs: Matchings, Matching-Splittable Graphs, and Paths",ESA,conference_paper,"Curticapean, Radu; Dell, Holger; Husfeldt, Thore",2021,1
https://doi.org/10.4230/LIPIcs.ESA.2021.38,Stability Yields Sublinear Time Algorithms for Geometric Optimization in Machine Learning,ESA,conference_paper,"Ding, Hu",2021,1
https://doi.org/10.4230/LIPIcs.ESA.2021.45,Compression by Contracting Straight-Line Programs,ESA,conference_paper,"Ganardi, Moses",2021,1
https://doi.org/10.4230/LIPIcs.ESA.2021.52,"Near-Linear-Time, Optimal Vertex Cut Sparsifiers in Directed Acyclic Graphs",ESA,conference_paper,"He, Zhiyang; Li, Jason; Wahlström, Magnus",2021,1
https://doi.org/10.4230/LIPIcs.ESA.2021.63,Efficient Algorithms for Least Square Piecewise Polynomial Regression,ESA,conference_paper,"Lokshtanov, Daniel; Suri, Subhash; Xue, Jie",2021,1
https://doi.org/10.4230/LIPIcs.ESA.2021.65,The Visibility Center of a Simple Polygon,ESA,conference_paper,"Lubiw, Anna; Naredla, Anurag Murty",2021,1
https://doi.org/10.4230/LIPIcs.ESA.2021.71,Determining 4-Edge-Connected Components in Linear Time,ESA,conference_paper,"Nadara, Wojciech; Radecki, Mateusz; Smulewicz, Marcin; Sokołowski, Marek",2021,1
https://doi.org/10.4230/LIPIcs.ESA.2021.72,Isomorphism Testing Parameterized by Genus and Beyond,ESA,conference_paper,"Neuen, Daniel",2021,1
https://doi.org/10.4230/LIPIcs.ESA.2021.74,Beating Random Assignment for Approximating Quantum 2-Local Hamiltonian Problems,ESA,conference_paper,"Parekh, Ojas; Thompson, Kevin",2021,1
https://doi.org/10.4230/LIPIcs.ESA.2021.77,Hardness of Detecting Abelian and Additive Square Factors in Strings,ESA,conference_paper,"Radoszewski, Jakub; Rytter, Wojciech; Straszyński, Juliusz; Waleń, Tomasz; Zuba, Wiktor",2021,1
https://doi.org/10.4230/LIPIcs.ESA.2021.78,On Approximate Compressions for Connected Minor-Hitting Sets,ESA,conference_paper,"Ramanujan, M. S.",2021,1
https://doi.org/10.4230/LIPIcs.ESA.2021.80,A General Framework for Enumerating Equivalence Classes of Solutions,ESA,conference_paper,"Wang, Yishu; Mary, Arnaud; Sagot, Marie-France; Sinaimeri, Blerina",2021,1
https://doi.org/10.4230/LIPIcs.ESA.2022.1,Enumerating Minimal Connected Dominating Sets,ESA,conference_paper,"Abu-Khzam, Faisal N.; Fernau, Henning; Gras, Benjamin; Liedloff, Mathieu; Mann, Kevin",2022,1
https://doi.org/10.4230/LIPIcs.ESA.2022.18,Online Spanners in Metric Spaces,ESA,conference_paper,"Bhore, Sujoy; Filtser, Arnold; Khodabandeh, Hadi; Tóth, Csaba D.",2022,1
https://doi.org/10.4230/LIPIcs.ESA.2022.19,Sparse Temporal Spanners with Low Stretch,ESA,conference_paper,"Bilò, Davide; D'Angelo, Gianlorenzo; Gualà, Luciano; Leucci, Stefano; Rossi, Mirko",2022,1
https://doi.org/10.4230/LIPIcs.ESA.2022.22,On Polynomial Kernels for Traveling Salesperson Problem and Its Generalizations,ESA,conference_paper,"Blažej, Václav; Choudhary, Pratibha; Knop, Dušan; Schierreich, Šimon; Suchý, Ondřej; Valla, Tomáš",2022,1
https://doi.org/10.4230/LIPIcs.ESA.2022.24,List Colouring Trees in Logarithmic Space,ESA,conference_paper,"Bodlaender, Hans L.; Groenland, Carla; Jacob, Hugo",2022,1
https://doi.org/10.4230/LIPIcs.ESA.2022.27,A Systematic Study of Isomorphism Invariants of Finite Groups via the Weisfeiler-Leman Dimension,ESA,conference_paper,"Brachter, Jendrik; Schweitzer, Pascal",2022,1
https://doi.org/10.4230/LIPIcs.ESA.2022.28,Faster Approximate Covering of Subcurves Under the Fréchet Distance,ESA,conference_paper,"Brüning, Frederik; Conradi, Jacobus; Driemel, Anne",2022,1
https://doi.org/10.4230/LIPIcs.ESA.2022.3,Hardness of Token Swapping on Trees,ESA,conference_paper,"Aichholzer, Oswin; Demaine, Erik D.; Korman, Matias; Lubiw, Anna; Lynch, Jayson; Masárová, Zuzana; Rudoy, Mikhail; Vassilevska Williams, Virginia; Wein, Nicole",2022,1
https://doi.org/10.4230/LIPIcs.ESA.2022.30,Search-Space Reduction via Essential Vertices,ESA,conference_paper,"Bumpus, Benjamin Merlin; Jansen, Bart M. P.; de Kroon, Jari J. H.",2022,1
https://doi.org/10.4230/LIPIcs.ESA.2022.31,Width Helps and Hinders Splitting Flows,ESA,conference_paper,"Cáceres, Manuel; Cairo, Massimo; Grigorjew, Andreas; Khan, Shahbaz; Mumey, Brendan; Rizzi, Romeo; Tomescu, Alexandru I.; Williams, Lucia",2022,1
https://doi.org/10.4230/LIPIcs.ESA.2022.43,Fast Computation of Zigzag Persistence,ESA,conference_paper,"Dey, Tamal K.; Hou, Tao",2022,1
https://doi.org/10.4230/LIPIcs.ESA.2022.47,Finding a Cluster in Incomplete Data,ESA,conference_paper,"Eiben, Eduard; Ganian, Robert; Kanj, Iyad; Ordyniak, Sebastian; Szeider, Stefan",2022,1
https://doi.org/10.4230/LIPIcs.ESA.2022.49,Learning-Augmented Query Policies for Minimum Spanning Tree with Uncertainty,ESA,conference_paper,"Erlebach, Thomas; de Lima, Murilo Santos; Megow, Nicole; Schlöter, Jens",2022,1
https://doi.org/10.4230/LIPIcs.ESA.2022.5,TSP in a Simple Polygon,ESA,conference_paper,"Alkema, Henk; de Berg, Mark; Monemizadeh, Morteza; Theocharous, Leonidas",2022,1
https://doi.org/10.4230/LIPIcs.ESA.2022.50,Faster Exponential-Time Approximation Algorithms Using Approximate Monotone Local Search,ESA,conference_paper,"Esmer, Barış Can; Kulik, Ariel; Marx, Dániel; Neuen, Daniel; Sharma, Roohani",2022,1
https://doi.org/10.4230/LIPIcs.ESA.2022.56,Improved Polynomial-Time Approximations for Clustering with Minimum Sum of Radii or Diameters,ESA,conference_paper,"Friggstad, Zachary; Jamshidian, Mahya",2022,1
https://doi.org/10.4230/LIPIcs.ESA.2022.61,Algorithmic Meta-Theorems for Combinatorial Reconfiguration Revisited,ESA,conference_paper,"Gima, Tatsuya; Ito, Takehiro; Kobayashi, Yasuaki; Otachi, Yota",2022,1
https://doi.org/10.4230/LIPIcs.ESA.2022.62,Efficient Recognition of Subgraphs of Planar Cubic Bridgeless Graphs,ESA,conference_paper,"Goetze, Miriam; Jungeblut, Paul; Ueckerdt, Torsten",2022,1
https://doi.org/10.4230/LIPIcs.ESA.2022.68,Maximum Weight b-Matchings in Random-Order Streams,ESA,conference_paper,"Huang, Chien-Chung; Sellier, François",2022,1
https://doi.org/10.4230/LIPIcs.ESA.2022.9,Computing Smallest Convex Intersecting Polygons,ESA,conference_paper,"Antoniadis, Antonios; de Berg, Mark; Kisfaludi-Bak, Sándor; Skarlatos, Antonis",2022,1
https://doi.org/10.4230/LIPIcs.ESA.2022.91,Correlated Stochastic Knapsack with a Submodular Objective,ESA,conference_paper,"Yang, Sheng; Khuller, Samir; Choudhary, Sunav; Mitra, Subrata; Mahadik, Kanak",2022,1
https://doi.org/10.4230/LIPIcs.ESA.2022.92,"Faster Algorithm for Unique (k,2)-CSP",ESA,conference_paper,"Zamir, Or",2022,1
https://doi.org/10.4230/LIPIcs.ESA.2023.10,(No) Quantum Space-Time Tradeoff for USTCON,ESA,conference_paper,"Apers, Simon; Jeffery, Stacey; Pass, Galina; Walter, Michael",2023,1
https://doi.org/10.4230/LIPIcs.ESA.2023.100,Canonization of a Random Graph by Two Matrix-Vector Multiplications,ESA,conference_paper,"Verbitsky, Oleg; Zhukovskii, Maksim",2023,1
https://doi.org/10.4230/LIPIcs.ESA.2023.11,Exploration of Graphs with Excluded Minors,ESA,conference_paper,"Baligács, Júlia; Disser, Yann; Heinrich, Irene; Schweitzer, Pascal",2023,1
https://doi.org/10.4230/LIPIcs.ESA.2023.18,Space-Efficient Parameterized Algorithms on Graphs of Low Shrubdepth,ESA,conference_paper,"Bergougnoux, Benjamin; Chekan, Vera; Ganian, Robert; Kanté, Mamadou Moustapha; Mnich, Matthias; Oum, Sang-il; Pilipczuk, Michał; van Leeuwen, Erik Jan",2023,1
https://doi.org/10.4230/LIPIcs.ESA.2023.20,On the Giant Component of Geometric Inhomogeneous Random Graphs,ESA,conference_paper,"Bläsius, Thomas; Friedrich, Tobias; Katzmann, Maximilian; Ruff, Janosch; Zeif, Ziena",2023,1
https://doi.org/10.4230/LIPIcs.ESA.2023.26,Oriented Spanners,ESA,conference_paper,"Buchin, Kevin; Gudmundsson, Joachim; Kalb, Antonia; Popov, Aleksandr; Rehs, Carolin; van Renssen, André; Wong, Sampson",2023,1
https://doi.org/10.4230/LIPIcs.ESA.2023.27,Online Coalition Formation Under Random Arrival or Coalition Dissolution,ESA,conference_paper,"Bullinger, Martin; Romen, René",2023,1
https://doi.org/10.4230/LIPIcs.ESA.2023.3,Can You Solve Closest String Faster Than Exhaustive Search?,ESA,conference_paper,"Abboud, Amir; Fischer, Nick; Goldenberg, Elazar; Karthik C. S.; Safier, Ron",2023,1
https://doi.org/10.4230/LIPIcs.ESA.2023.33,Polynomial-Time Approximation of Independent Set Parameterized by Treewidth,ESA,conference_paper,"Chalermsook, Parinya; Fomin, Fedor; Hamm, Thekla; Korhonen, Tuukka; Nederlof, Jesper; Orgo, Ly",2023,1
https://doi.org/10.4230/LIPIcs.ESA.2023.38,Scheduling with a Limited Testing Budget: Tight Results for the Offline and Oblivious Settings,ESA,conference_paper,"Damerius, Christoph; Kling, Peter; Li, Minming; Xu, Chenyang; Zhang, Ruilong",2023,1
https://doi.org/10.4230/LIPIcs.ESA.2023.42,Optimal Energetic Paths for Electric Cars,ESA,conference_paper,"Dorfman, Dani; Kaplan, Haim; Tarjan, Robert E.; Zwick, Uri",2023,1
https://doi.org/10.4230/LIPIcs.ESA.2023.46,Learned Monotone Minimal Perfect Hashing,ESA,conference_paper,"Ferragina, Paolo; Lehmann, Hans-Peter; Sanders, Peter; Vinciguerra, Giorgio",2023,1
https://doi.org/10.4230/LIPIcs.ESA.2023.49,Lossy Kernelization for (Implicit) Hitting Set Problems,ESA,conference_paper,"Fomin, Fedor V.; Le, Tien-Nam; Lokshtanov, Daniel; Saurabh, Saket; Thomassé, Stéphan; Zehavi, Meirav",2023,1
https://doi.org/10.4230/LIPIcs.ESA.2023.57,Algorithms for Matrix Multiplication via Sampling and Opportunistic Matrix Multiplication,ESA,conference_paper,"Harris, David G.",2023,1
https://doi.org/10.4230/LIPIcs.ESA.2023.6,Reconfiguration of Polygonal Subdivisions via Recombination,ESA,conference_paper,"A. Akitaya, Hugo; Gonczi, Andrei; Souvaine, Diane L.; Tóth, Csaba D.; Weighill, Thomas",2023,1
https://doi.org/10.4230/LIPIcs.ESA.2023.61,Solving Edge Clique Cover Exactly via Synergistic Data Reduction,ESA,conference_paper,"Hevia, Anthony; Kallus, Benjamin; McClintic, Summer; Reisner, Samantha; Strash, Darren; Wilson, Johnathan",2023,1
https://doi.org/10.4230/LIPIcs.ESA.2023.62,Threshold Testing and Semi-Online Prophet Inequalities,ESA,conference_paper,"Hoefer, Martin; Schewior, Kevin",2023,1
https://doi.org/10.4230/LIPIcs.ESA.2023.64,Improved Quantum Boosting,ESA,conference_paper,"Izdebski, Adam; de Wolf, Ronald",2023,1
https://doi.org/10.4230/LIPIcs.ESA.2023.66,5-Approximation for ℋ-Treewidth Essentially as Fast as ℋ-Deletion Parameterized by Solution Size,ESA,conference_paper,"Jansen, Bart M. P.; de Kroon, Jari J. H.; Włodarczyk, Michał",2023,1
https://doi.org/10.4230/LIPIcs.ESA.2023.69,An Improved Approximation Algorithm for the Max-3-Section Problem,ESA,conference_paper,"Katzelnick, Dor; Pillai, Aditya; Schwartz, Roy; Singh, Mohit",2023,1
https://doi.org/10.4230/LIPIcs.ESA.2023.7,Faster Detours in Undirected Graphs,ESA,conference_paper,"Akmal, Shyan; Vassilevska Williams, Virginia; Williams, Ryan; Xu, Zixuan",2023,1
https://doi.org/10.4230/LIPIcs.ESA.2023.71,Coloring Tournaments with Few Colors: Algorithms and Complexity,ESA,conference_paper,"Klingelhoefer, Felix; Newman, Alantha",2023,1
https://doi.org/10.4230/LIPIcs.ESA.2023.81,Tight Bounds for Quantum Phase Estimation and Related Problems,ESA,conference_paper,"Mande, Nikhil S.; de Wolf, Ronald",2023,1
https://doi.org/10.4230/LIPIcs.ESA.2023.89,Linear Time Construction of Cover Suffix Tree and Applications,ESA,conference_paper,"Radoszewski, Jakub",2023,1
https://doi.org/10.4230/LIPIcs.ESA.2023.9,Axis-Parallel Right Angle Crossing Graphs,ESA,conference_paper,"Angelini, Patrizio; Bekos, Michael A.; Katheder, Julia; Kaufmann, Michael; Pfister, Maximilian; Ueckerdt, Torsten",2023,1
https://doi.org/10.4230/LIPIcs.ESA.2023.90,Simultaneous Representation of Interval Graphs in the Sunflower Case,ESA,conference_paper,"Rutter, Ignaz; Stumpf, Peter",2023,1
https://doi.org/10.4230/LIPIcs.ESA.2023.97,Improved Algorithms for Online Rent Minimization Problem Under Unit-Size Jobs,ESA,conference_paper,"Sun, Enze; Yang, Zonghan; Zhang, Yuhao",2023,1
https://doi.org/10.4230/LIPIcs.ESA.2023.98,Simple Deterministic Approximation for Submodular Multiple Knapsack Problem,ESA,conference_paper,"Sun, Xiaoming; Zhang, Jialin; Zhang, Zhijie",2023,1
https://doi.org/10.4230/LIPIcs.ESA.2024.100,Fully Dynamic k-Means Coreset in Near-Optimal Update Time,ESA,conference_paper,"la Tour, Max Dupré; Henzinger, Monika; Saulpic, David",2024,1
https://doi.org/10.4230/LIPIcs.ESA.2024.101,Time-Efficient Quantum Entropy Estimator via Samplizer,ESA,conference_paper,"Wang, Qisheng; Zhang, Zhicheng",2024,1
https://doi.org/10.4230/LIPIcs.ESA.2024.102,SubModST: A Fast Generic Solver for Submodular Maximization with Size Constraints,ESA,conference_paper,"Woydt, Henning Martin; Komusiewicz, Christian; Sommer, Frank",2024,1
https://doi.org/10.4230/LIPIcs.ESA.2024.11,How to Reduce Temporal Cliques to Find Sparse Spanners,ESA,conference_paper,"Angrick, Sebastian; Bals, Ben; Friedrich, Tobias; Gawendowicz, Hans; Hastrich, Niko; Klodt, Nicolas; Lenzner, Pascal; Schmidt, Jonas; Skretas, George; Wells, Armin",2024,1
https://doi.org/10.4230/LIPIcs.ESA.2024.16,Longest Common Substring with Gaps and Related Problems,ESA,conference_paper,"Banerjee, Aranya; Gibney, Daniel; Thankachan, Sharma V.",2024,1
https://doi.org/10.4230/LIPIcs.ESA.2024.18,Height-Bounded Lempel-Ziv Encodings,ESA,conference_paper,"Bannai, Hideo; Funakoshi, Mitsuru; Hendrian, Diptarama; Matsuda, Myuji; Puglisi, Simon J.",2024,1
https://doi.org/10.4230/LIPIcs.ESA.2024.21,Improved Space Bounds for Subset Sum,ESA,conference_paper,"Belova, Tatiana; Chukhin, Nikolai; Kulikov, Alexander S.; Mihajlin, Ivan",2024,1
https://doi.org/10.4230/LIPIcs.ESA.2024.22,Hypergraph Connectivity Augmentation in Strongly Polynomial Time,ESA,conference_paper,"Bérczi, Kristóf; Chandrasekaran, Karthekeyan; Király, Tamás; Kulkarni, Shubhang",2024,1
https://doi.org/10.4230/LIPIcs.ESA.2024.24,A Parameterized Algorithm for Vertex and Edge Connectivity of Embedded Graphs,ESA,conference_paper,"Biedl, Therese; Bose, Prosenjit; Murali, Karthik",2024,1
https://doi.org/10.4230/LIPIcs.ESA.2024.25,Graph Spanners for Group Steiner Distances,ESA,conference_paper,"Bilò, Davide; Gualà, Luciano; Leucci, Stefano; Straziota, Alessandro",2024,1
https://doi.org/10.4230/LIPIcs.ESA.2024.36,Bicriteria Approximation for Minimum Dilation Graph Augmentation,ESA,conference_paper,"Buchin, Kevin; Buchin, Maike; Gudmundsson, Joachim; Wong, Sampson",2024,1
https://doi.org/10.4230/LIPIcs.ESA.2024.37,Online Flexible Busy Time Scheduling on Heterogeneous Machines,ESA,conference_paper,"Călinescu, Gruia; Davies, Sami; Khuller, Samir; Zhang, Shirley",2024,1
https://doi.org/10.4230/LIPIcs.ESA.2024.43,Parameterized Approximation for Maximum Weight Independent Set of Rectangles and Segments,ESA,conference_paper,"Cslovjecsek, Jana; Pilipczuk, Michał; Węgrzycki, Karol",2024,1
https://doi.org/10.4230/LIPIcs.ESA.2024.47,Bicriterial Approximation for the Incremental Prize-Collecting Steiner-Tree Problem,ESA,conference_paper,"Disser, Yann; Griesbach, Svenja M.; Klimm, Max; Lutz, Annette",2024,1
https://doi.org/10.4230/LIPIcs.ESA.2024.5,"Online Sorting and Online TSP: Randomized, Stochastic, and High-Dimensional",ESA,conference_paper,"Abrahamsen, Mikkel; Bercea, Ioana O.; Beretta, Lorenzo; Klausen, Jonas; Kozma, László",2024,1
https://doi.org/10.4230/LIPIcs.ESA.2024.51,Better Diameter Algorithms for Bounded VC-Dimension Graphs and Geometric Intersection Graphs,ESA,conference_paper,"Duraj, Lech; Konieczny, Filip; Potępa, Krzysztof",2024,1
https://doi.org/10.4230/LIPIcs.ESA.2024.55,Hitting Meets Packing: How Hard Can It Be?,ESA,conference_paper,"Focke, Jacob; Frei, Fabian; Li, Shaohua; Marx, Dániel; Schepper, Philipp; Sharma, Roohani; Węgrzycki, Karol",2024,1
https://doi.org/10.4230/LIPIcs.ESA.2024.6,Lower Envelopes of Surface Patches in 3-Space,ESA,conference_paper,"Agarwal, Pankaj K.; Ezra, Esther; Sharir, Micha",2024,1
https://doi.org/10.4230/LIPIcs.ESA.2024.65,A Nearly Linear Time Construction of Approximate Single-Source Distance Sensitivity Oracles,ESA,conference_paper,"Harada, Kaito; Kitamura, Naoki; Izumi, Taisuke; Masuzawa, Toshimitsu",2024,1
https://doi.org/10.4230/LIPIcs.ESA.2024.66,Shortest Path Separators in Unit Disk Graphs,ESA,conference_paper,"Harb, Elfarouk; Huang, Zhengcheng; Zheng, Da Wei",2024,1
https://doi.org/10.4230/LIPIcs.ESA.2024.68,Minimizing the Weighted Number of Tardy Jobs Is W[1]-Hard,ESA,conference_paper,"Heeger, Klaus; Hermelin, Danny",2024,1
https://doi.org/10.4230/LIPIcs.ESA.2024.76,Steiner Tree Parameterized by Multiway Cut and Even Less,ESA,conference_paper,"Jansen, Bart M.P.; Swennenhuis, Céline M.F.",2024,1
https://doi.org/10.4230/LIPIcs.ESA.2024.8,Interval Selection in Sliding Windows,ESA,conference_paper,"Alexandru, Cezar-Mihail; Konrad, Christian",2024,1
https://doi.org/10.4230/LIPIcs.ESA.2024.81,Edge-Coloring Sparse Graphs with Δ Colors in Quasilinear Time,ESA,conference_paper,"Kowalik, Łukasz",2024,1
https://doi.org/10.4230/LIPIcs.ESA.2024.85,Tree Decompositions Meet Induced Matchings: Beyond Max Weight Independent Set,ESA,conference_paper,"Lima, Paloma T.; Milanič, Martin; Muršič, Peter; Okrasa, Karolina; Rzążewski, Paweł; Štorgel, Kenny",2024,1
https://doi.org/10.4230/LIPIcs.ESA.2024.91,Euclidean Capacitated Vehicle Routing in the Random Setting: A 1.55-Approximation Algorithm,ESA,conference_paper,"Nie, Zipei; Zhou, Hang",2024,1
https://doi.org/10.4230/LIPIcs.ESA.2025.101,Improved Algorithms for Quantum MaxCut via Partially Entangled Matchings,ESA,conference_paper,"Apte, Anuj; Lee, Eunou; Marwaha, Kunal; Parekh, Ojas; Sud, James",2025,1
https://doi.org/10.4230/LIPIcs.ESA.2025.104,Optimal Antimatroid Sorting,ESA,conference_paper,"Berendsohn, Benjamin Aram",2025,1
https://doi.org/10.4230/LIPIcs.ESA.2025.110,Faster Exponential Algorithms for Cut Problems via Geometric Data Structures,ESA,conference_paper,"Kozma, László; Tan, Junqi",2025,1
https://doi.org/10.4230/LIPIcs.ESA.2025.20,Beeping Deterministic CONGEST Algorithms in Graphs,ESA,conference_paper,"Garncarek, Pawel; Kowalski, Dariusz R.; Kutten, Shay; Mosteiro, Miguel A.",2025,1
https://doi.org/10.4230/LIPIcs.ESA.2025.21,A Unified FPT Framework for Crossing Number Problems,ESA,conference_paper,"Colin de Verdière, Éric; Hliněný, Petr",2025,1
https://doi.org/10.4230/LIPIcs.ESA.2025.22,Constructing Long Paths in Graph Streams,ESA,conference_paper,"Konrad, Christian; Trehan, Chhaya",2025,1
https://doi.org/10.4230/LIPIcs.ESA.2025.29,The Tape Reconfiguration Problem and Its Consequences for Dominating Set Reconfiguration,ESA,conference_paper,"Bousquet, Nicolas; Deschamps, Quentin; Mary, Arnaud; Mouawad, Amer E.; Pierron, Théo",2025,1
https://doi.org/10.4230/LIPIcs.ESA.2025.34,On the Approximability of Train Routing and the Min-Max Disjoint Paths Problem,ESA,conference_paper,"Bhaskar, Umang; Eickhoff, Katharina; Kauther, Lennart; Matuschke, Jannik; Peis, Britta; Vargas Koch, Laura",2025,1
https://doi.org/10.4230/LIPIcs.ESA.2025.39,Going Beyond Surfaces in Diameter Approximation,ESA,conference_paper,"Włodarczyk, Michał",2025,1
https://doi.org/10.4230/LIPIcs.ESA.2025.4,Optimal Quantum Algorithm for Estimating Fidelity to a Pure State,ESA,conference_paper,"Fang, Wang; Wang, Qisheng",2025,1
https://doi.org/10.4230/LIPIcs.ESA.2025.5,External-Memory Priority Queues with Optimal Insertions,ESA,conference_paper,"Brodal, Gerth Stølting; Goodrich, Michael T.; Iacono, John; Lo, Jared; Meyer, Ulrich; Pagan, Victor; Sitchinava, Nodari; Svenning, Rolf",2025,1
https://doi.org/10.4230/LIPIcs.ESA.2025.50,Online Hitting Sets for Disks of Bounded Radii,ESA,conference_paper,"De, Minati; Singh, Satyam; Tóth, Csaba D.",2025,1
https://doi.org/10.4230/LIPIcs.ESA.2025.51,Quantum Approximate k-Minimum Finding,ESA,conference_paper,"Gao, Minbo; Ji, Zhengfeng; Wang, Qisheng",2025,1
https://doi.org/10.4230/LIPIcs.ESA.2025.54,Non-Boolean OMv: One More Reason to Believe Lower Bounds for Dynamic Problems,ESA,conference_paper,"Hu, Bingbing; Polak, Adam",2025,1
https://doi.org/10.4230/LIPIcs.ESA.2025.56,PLS-Completeness of String Permutations,ESA,conference_paper,"Scheder, Dominik; Tantow, Johannes",2025,1
https://doi.org/10.4230/LIPIcs.ESA.2025.67,Compact Representation of Semilinear and Terrain-Like Graphs,ESA,conference_paper,"Cardinal, Jean; Yuditsky, Yelena",2025,1
https://doi.org/10.4230/LIPIcs.ESA.2025.83,Fault-Tolerant Matroid Bases,ESA,conference_paper,"Bentert, Matthias; Fomin, Fedor V.; Golovach, Petr A.; Morelle, Laure",2025,1
https://doi.org/10.4230/LIPIcs.ESA.2025.85,A Simple yet Exact Analysis of the MultiQueue,ESA,conference_paper,"Walzer, Stefan; Williams, Marvin",2025,1
https://doi.org/10.4230/LIPIcs.ESA.2025.86,New Algorithms for Pigeonhole Equal Subset Sum,ESA,conference_paper,"Jin, Ce; Williams, Ryan; Zhang, Stan",2025,1
https://doi.org/10.4230/LIPIcs.ESA.2025.90,Separating Two Points with Obstacles in the Plane: Improved Upper and Lower Bounds,ESA,conference_paper,"Spalding-Jamieson, Jack; Naredla, Anurag Murty",2025,1
https://doi.org/10.4230/LIPIcs.ESA.2026.10,Scheduling Tasks Towards Energy Autarky: Benefits and Computational Costs of Flexibility,ESA,conference_paper,"Bredereck, Robert; Fluschnik, Till; Heeger, Klaus",2026,1
https://doi.org/10.4230/LIPIcs.ESA.2026.102,On Small Pair Decompositions for Point Sets,ESA,conference_paper,"Buchin, Kevin; Conradi, Jacobus; Har-Peled, Sariel; Kalb, Antonia; Lahiri, Abhiruk; Plätz, Lukas; Rehs, Carolin; Wong, Sampson",2026,1
https://doi.org/10.4230/LIPIcs.ESA.2026.107,Revisiting Graph Modification via Disk Scaling: From One Radius to Interval-Based Radii,ESA,conference_paper,"Depian, Thomas; Sommer, Frank",2026,1
https://doi.org/10.4230/LIPIcs.ESA.2026.108,Maximum Coverage k-Antichains and Chains: A Greedy Approach,ESA,conference_paper,"Cáceres, Manuel; Grigorjew, Andreas; Jiamjitrak, Wanchote Po; Tomescu, Alexandru I.",2026,1
https://doi.org/10.4230/LIPIcs.ESA.2026.110,Log-Concavity and Tunneling: Quantum Adiabatic Algorithm for Convex Functions (With a Spike),ESA,conference_paper,"Braida, Arthur; Bermot, Elie; Apers, Simon",2026,1
https://doi.org/10.4230/LIPIcs.ESA.2026.113,On the Adversarial Robustness of Online Importance Sampling,ESA,conference_paper,"Kenneth-Mordoch, Yotam; Sapir, Shay",2026,1
https://doi.org/10.4230/LIPIcs.ESA.2026.114,Edge Geography is XNLP-hard for Pathwidth and in XP for Tree-Partition Width,ESA,conference_paper,"Høivik, Thobias Kvalvik; Vågset, Erlend Raa",2026,1
https://doi.org/10.4230/LIPIcs.ESA.2026.115,Tight Bounds for Clique-Packing Parameterized by Clique-Width,ESA,conference_paper,"Bojikian, Narek; Kratsch, Stefan",2026,1
https://doi.org/10.4230/LIPIcs.ESA.2026.117,Sparse Oriented Spanners in Metric Spaces,ESA,conference_paper,"Bhore, Sujoy; Biniaz, Ahmad; Buchin, Kevin; De Carufel, Jean-Lou; Kalb, Antonia; Maheshwari, Anil; Odak, Saeed; Rehs, Carolin; Smid, Michiel",2026,1
https://doi.org/10.4230/LIPIcs.ESA.2026.118,Exploiting Spanning Trees for Directed Acyclicity,ESA,conference_paper,"Khargeliia, Sergei; Sagunov, Danil",2026,1
https://doi.org/10.4230/LIPIcs.ESA.2026.120,"On the Assadi–Liu–Tarjan Auction Algorithm for Bipartite Matching: Simplification, Alternative Analysis, and Hard Instance",ESA,conference_paper,"Konrad, Christian; Naidu, Kheeran K.; Walton, Archie; Wang, Eric",2026,1
https://doi.org/10.4230/LIPIcs.ESA.2026.121,A Simple Algorithmic Framework for Disambiguation of Finite Automata,ESA,conference_paper,"Cari, Mauricio; Muñoz, Martín; Riveros, Cristian",2026,1
https://doi.org/10.4230/LIPIcs.ESA.2026.122,Maximizing Reachability via Shifting of Temporal Paths,ESA,conference_paper,"Deligkas, Argyrios; Döring, Michelle; Eiben, Eduard; Skretas, George; Tennigkeit, Georg",2026,1
https://doi.org/10.4230/LIPIcs.ESA.2026.123,Fast Algorithms for Continuous Optimal Transport Between Histograms,ESA,conference_paper,"Agarwal, Pankaj K.; Raghvendra, Sharath; Yao, Keegan",2026,1
https://doi.org/10.4230/LIPIcs.ESA.2026.125,Incongruity-Sensitive Access to Highly Compressed Strings,ESA,conference_paper,"Cicalese, Ferdinando; Gagie, Travis; Lipták, Zsuzsanna; Navarro, Gonzalo; Prezza, Nicola; Urbina, Cristian",2026,1
https://doi.org/10.4230/LIPIcs.ESA.2026.127,Online Coloring for Graphs of Large Odd Girth,ESA,conference_paper,"Yoneda, Hirotaka; Yoneda, Masataka",2026,1
https://doi.org/10.4230/LIPIcs.ESA.2026.13,Strong ILP Formulations for the p-Regions Problem,ESA,conference_paper,"Faber, Daniel; Haunert, Jan-Henrik; Mutzel, Petra",2026,1
https://doi.org/10.4230/LIPIcs.ESA.2026.137,Small Independent Sets Versus Small Separator in Geometric Intersection Graphs,ESA,conference_paper,"Marin, Malory; Watrigant, Rémi",2026,1
https://doi.org/10.4230/LIPIcs.ESA.2026.138,Abstract Color Voronoi Diagrams and Circular Sequences of Color Permutations,ESA,conference_paper,"Bae, Sang Won; Oliver, Nicolau; Papadopoulou, Evanthia",2026,1
https://doi.org/10.4230/LIPIcs.ESA.2026.142,Optimal Stochastic Online Sorting,ESA,conference_paper,"Hermansen, Daniel Anker",2026,1
https://doi.org/10.4230/LIPIcs.ESA.2026.146,Towards the Recognition of Oriented Interval Graphs,ESA,conference_paper,"Bachmann, Lukas P.; Fiala, Jiří; Münch, Miriam; Rutter, Ignaz; Stumpf, Peter; Wolff, Alexander",2026,1
https://doi.org/10.4230/LIPIcs.ESA.2026.148,An FPT Algorithm for Diverse Minimum s-t Cuts,ESA,conference_paper,"Dehaleesan, Krishnan; Drange, Pål Grønås; Fomin, Fedor V.; Golovach, Petr A.; Morelle, Laure",2026,1
https://doi.org/10.4230/LIPIcs.ESA.2026.152,On the Complexity of Multipacking,ESA,conference_paper,"Das, Sandip; Islam, Sk Samim; Lokshtanov, Daniel",2026,1
https://doi.org/10.4230/LIPIcs.ESA.2026.156,The Power of the Score Sequence of a Tournament,ESA,conference_paper,"Ghosh, Prantar; Kuchlous, Sahil; Mehra, Shravan; Mukhopadhyay, Sagnik",2026,1
https://doi.org/10.4230/LIPIcs.ESA.2026.158,Online and Incremental Fractional Vertex Cover on Trees,ESA,conference_paper,"Baligács, Júlia; Bosek, Bartłomiej; Disser, Yann; Feldmann, Andreas Emil; Gutowski, Grzegorz; Kępińska, Katarzyna; Putra, Paweł; Zych-Pawlewicz, Anna",2026,1
https://doi.org/10.4230/LIPIcs.ESA.2026.159,Hardness of Multi-Agent Path Finding on Trees: A Unified Approach,ESA,conference_paper,"Geft, Tzvika",2026,1
https://doi.org/10.4230/LIPIcs.ESA.2026.19,No Time to Interact: Simulating Population Protocols at Scale,ESA,conference_paper,"Hintze, Lukas; Penschuck, Manuel",2026,1
https://doi.org/10.4230/LIPIcs.ESA.2026.2,Proofs of Useful Work from Arbitrary Matrix Multiplication (Invited Talk),ESA,conference_paper,"Komargodski, Ilan; Weinstein, Omri",2026,1
https://doi.org/10.4230/LIPIcs.ESA.2026.26,Sliding Cubes in Parallel,ESA,conference_paper,"A. Akitaya, Hugo; Dorfer, Joseph; Kramer, Peter; Rieck, Christian; Shahrouzi, Gabriel; Stock, Frederick",2026,1
https://doi.org/10.4230/LIPIcs.ESA.2026.27,On the Stability of Minimum-Weight Perfect Matching on the Line,ESA,conference_paper,"de Berg, Mark; Schmidt-Kraepelin, Ulrike; Ștef, Andree-Ovidiu",2026,1
https://doi.org/10.4230/LIPIcs.ESA.2026.28,Rerouting Curves on Surfaces,ESA,conference_paper,"Brand, Timo; Felsner, Stefan; Förster, Henry; Kobourov, Stephen; Lubiw, Anna; Okamoto, Yoshio; Pach, János; Tóth, Csaba D.; Tóth, Géza; Ueckerdt, Torsten; Valtr, Pavel",2026,1
https://doi.org/10.4230/LIPIcs.ESA.2026.33,Conflict-Free Coloring Planar Graphs with 4 Colors,ESA,conference_paper,"Hliněný, Petr; Málik, Lukáš",2026,1
https://doi.org/10.4230/LIPIcs.ESA.2026.55,Multi Choice Min Prophet,ESA,conference_paper,"Azar, Yossi; Biran, Itamar; Fiat, Amos",2026,1
https://doi.org/10.4230/LIPIcs.ESA.2026.57,Dynamic Matroids: Base Packing and Covering,ESA,conference_paper,"de Vos, Tijn; Grilnberger, Mara",2026,1
https://doi.org/10.4230/LIPIcs.ESA.2026.59,Revisiting Diameter in Directed Graphs,ESA,conference_paper,"Bals, Ben; Blikstad, Joakim; Dadush, Daniel; Nazari, Yasamin; Schmidt, Jonas",2026,1
https://doi.org/10.4230/LIPIcs.ESA.2026.62,Warm-Starting All-Pairs Shortest Paths with Predictions,ESA,conference_paper,"Polak, Adam; Schmidt, Jonas",2026,1
https://doi.org/10.4230/LIPIcs.ESA.2026.64,"Equivalent Dichotomies for Triangle Detection in Subgraph, Induced, and Colored H-Free Graphs",ESA,conference_paper,"Abboud, Amir; Safier, Ron; Wallheimer, Nathan",2026,1
https://doi.org/10.4230/LIPIcs.ESA.2026.67,Decomposing a Simple Polygon with Geodesic Unit-Balls,ESA,conference_paper,"Browne, Reilly; Kasthurirangan, Prahlad Narasimhan",2026,1
https://doi.org/10.4230/LIPIcs.ESA.2026.70,Streaming with Catalytic Memory,ESA,conference_paper,"Kaplan, Tamara; Kaplan, Nimrod; Kaplan, Haim",2026,1
https://doi.org/10.4230/LIPIcs.ESA.2026.74,Pure Nash Equilibria in Graphical Games of Bounded Width Revisited,ESA,conference_paper,"Lampis, Michael; Lu, Yiren",2026,1
https://doi.org/10.4230/LIPIcs.ESA.2026.78,Learning-Augmented Online Sorting and TSP,ESA,conference_paper,"Bercea, Ioana O.; Brodal, Gerth Stølting; Iacono, John; Kozma, László; Panigrahi, Debmalya",2026,1
https://doi.org/10.4230/LIPIcs.ESA.2026.80,Theoretical Analysis of Byte-Pair Encoding,ESA,conference_paper,"Kozma, László; Voderholzer, Johannes",2026,1
https://doi.org/10.4230/LIPIcs.ESA.2026.85,Nearly Instance Optimal Sparse Matrix Approximation from Matrix-Vector Products,ESA,conference_paper,"Musco, Christopher; Ramesh, Indu",2026,1
https://doi.org/10.4230/LIPIcs.ESA.2026.90,Approximate Single Source Dual Fault Tolerant Distance Oracle,ESA,conference_paper,"Das, Koustav; Gupta, Manoj",2026,1
https://doi.org/10.4230/LIPIcs.ESA.2026.92,Compact Representations of Pattern-Avoiding Permutations,ESA,conference_paper,"Kozma, László; Opler, Michal",2026,1
https://doi.org/10.4230/LIPIcs.FSCD.2016.12,Synthesis of Functional Programs with Help of First-Order Intuitionistic Logic,FSCD,conference_paper,"Benke, Marcin; Schubert, Aleksy; Walukiewicz-Chrzaszcz, Daria",2016,1
https://doi.org/10.4230/LIPIcs.FSCD.2016.18,On Undefined and Meaningless in Lambda Definability,FSCD,conference_paper,"de Vries, Fer-Jan",2016,1
https://doi.org/10.4230/LIPIcs.FSCD.2016.19,The Intersection Type Unification Problem,FSCD,conference_paper,"Dudenhefner, Andrej; Martens, Moritz; Rehof, Jakob",2016,1
https://doi.org/10.4230/LIPIcs.FSCD.2016.23,Complexity Hierarchies and Higher-Order Cons-Free Rewriting,FSCD,conference_paper,"Kop, Cynthia; Grue Simonsen, Jakob",2016,1
https://doi.org/10.4230/LIPIcs.FSCD.2016.24,Weighted Relational Models for  Mobility,FSCD,conference_paper,"Laird, James",2016,1
https://doi.org/10.4230/LIPIcs.FSCD.2017.15,The Complexity of Principal Inhabitation,FSCD,conference_paper,"Dudenhefner, Andrej; Rehof, Jakob",2017,1
https://doi.org/10.4230/LIPIcs.FSCD.2017.17,Is the Optimal Implementation Inefficient? Elementarily Not,FSCD,conference_paper,"Guerrini, Stefano; Solieri, Marco",2017,1
https://doi.org/10.4230/LIPIcs.FSCD.2017.25,A Fibrational Framework for Substructural and Modal Logics,FSCD,conference_paper,"Licata, Daniel R.; Shulman, Michael; Riley, Mitchell",2017,1
https://doi.org/10.4230/LIPIcs.FSCD.2017.30,A Curry-Howard Approach to Church's Synthesis,FSCD,conference_paper,"Pradic, Cécilia; Riba, Colin",2017,1
https://doi.org/10.4230/LIPIcs.FSCD.2017.31,Combinatorial Flows and Their Normalisation,FSCD,conference_paper,"Straßburger, Lutz",2017,1
https://doi.org/10.4230/LIPIcs.FSCD.2017.8,Böhm Reduction in Infinitary Term Graph Rewriting Systems,FSCD,conference_paper,"Bahr, Patrick",2017,1
https://doi.org/10.4230/LIPIcs.FSCD.2018.14,Decreasing Diagrams with Two Labels Are Complete for Confluence of Countable Systems,FSCD,conference_paper,"Endrullis, Jörg; Klop, Jan Willem; Overbeek, Roy",2018,1
https://doi.org/10.4230/LIPIcs.FSCD.2018.17,A Diagrammatic Axiomatisation of Fermionic Quantum Circuits,FSCD,conference_paper,"Hadzihasanovic, Amar; de Felice, Giovanni; Ng, Kang Feng",2018,1
https://doi.org/10.4230/LIPIcs.FSCD.2018.18,On Repetitive Right Application of B-Terms,FSCD,conference_paper,"Ikebuchi, Mirai; Nakano, Keisuke",2018,1
https://doi.org/10.4230/LIPIcs.FSCD.2018.25,Unique perfect matchings and proof nets,FSCD,conference_paper,"Nguyen, Lê Thành Dung",2018,1
https://doi.org/10.4230/LIPIcs.FSCD.2018.29,Cumulative Inductive Types In Coq,FSCD,conference_paper,"Timany, Amin; Sozeau, Matthieu",2018,1
https://doi.org/10.4230/LIPIcs.FSCD.2019.14,Proof Normalisation in a Logic Identifying Isomorphic Propositions,FSCD,conference_paper,"Díaz-Caro, Alejandro; Dowek, Gilles",2019,1
https://doi.org/10.4230/LIPIcs.FSCD.2019.21,Sparse Tiling Through Overlap Closures for Termination of String Rewriting,FSCD,conference_paper,"Geser, Alfons; Hofbauer, Dieter; Waldmann, Johannes",2019,1
https://doi.org/10.4230/LIPIcs.FSCD.2019.6,Modular Specification of Monads Through Higher-Order Presentations,FSCD,conference_paper,"Ahrens, Benedikt; Hirschowitz, André; Lafont, Ambroise; Maggesi, Marco",2019,1
https://doi.org/10.4230/LIPIcs.FSCD.2020.10,Conditional Bisimilarity for Reactive Systems,FSCD,conference_paper,"Hülsbusch, Mathias; König, Barbara; Küpper, Sebastian; Stoltenow, Lara",2020,1
https://doi.org/10.4230/LIPIcs.FSCD.2020.26,Unital Anti-Unification: Type and Algorithms,FSCD,conference_paper,"Cerna, David M.; Kutsia, Temur",2020,1
https://doi.org/10.4230/LIPIcs.FSCD.2020.28,Strongly Normalizing Higher-Order Relational Queries,FSCD,conference_paper,"Ricciotti, Wilmer; Cheney, James",2020,1
https://doi.org/10.4230/LIPIcs.FSCD.2020.32,The Difference λ-Calculus: A Language for Difference Categories,FSCD,conference_paper,"Alvarez-Picallo, Mario; Ong, C.-H. Luke",2020,1
https://doi.org/10.4230/LIPIcs.FSCD.2020.4,Certifying the Weighted Path Order (Invited Talk),FSCD,conference_paper,"Thiemann, René; Schöpf, Jonas; Sternagel, Christian; Yamada, Akihisa",2020,1
https://doi.org/10.4230/LIPIcs.FSCD.2020.7,A Complete Normal-Form Bisimilarity for Algebraic Effects and Handlers,FSCD,conference_paper,"Biernacki, Dariusz; Lenglet, Sergueï; Polesiuk, Piotr",2020,1
https://doi.org/10.4230/LIPIcs.FSCD.2021.12,A Functional Abstraction of Typed Invocation Contexts,FSCD,conference_paper,"Cong, Youyou; Ishio, Chiaki; Honda, Kaho; Asai, Kenichi",2021,1
https://doi.org/10.4230/LIPIcs.FSCD.2021.24,Z; Syntax-Free Developments,FSCD,conference_paper,"van Oostrom, Vincent",2021,1
https://doi.org/10.4230/LIPIcs.FSCD.2021.27,What’s Decidable About (Atomic) Polymorphism?,FSCD,conference_paper,"Pistone, Paolo; Tranchini, Luca",2021,1
https://doi.org/10.4230/LIPIcs.FSCD.2021.9,A Strong Call-By-Need Calculus,FSCD,conference_paper,"Balabonski, Thibaut; Lanco, Antoine; Melquiond, Guillaume",2021,1
https://doi.org/10.4230/LIPIcs.FSCD.2022.11,"Division by Two, in Homotopy Type Theory",FSCD,conference_paper,"Mimram, Samuel; Oleon, Émile",2022,1
https://doi.org/10.4230/LIPIcs.FSCD.2022.12,Type-Based Termination for Futures,FSCD,conference_paper,"Somayyajula, Siva; Pfenning, Frank",2022,1
https://doi.org/10.4230/LIPIcs.FSCD.2022.16,Certified Decision Procedures for Two-Counter Machines,FSCD,conference_paper,"Dudenhefner, Andrej",2022,1
https://doi.org/10.4230/LIPIcs.FSCD.2022.25,Adequate and Computational Encodings in the Logical Framework Dedukti,FSCD,conference_paper,"Felicissimo, Thiago",2022,1
https://doi.org/10.4230/LIPIcs.FSCD.2022.27,Polynomial Termination Over ℕ Is Undecidable,FSCD,conference_paper,"Mitterwallner, Fabian; Middeldorp, Aart",2022,1
https://doi.org/10.4230/LIPIcs.FSCD.2022.7,Nominal Anti-Unification with Atom-Variables,FSCD,conference_paper,"Schmidt-Schauß, Manfred; Nantes-Sobrinho, Daniele",2022,1
https://doi.org/10.4230/LIPIcs.FSCD.2023.12,Hydra Battles and AC Termination,FSCD,conference_paper,"Hirokawa, Nao; Middeldorp, Aart",2023,1
https://doi.org/10.4230/LIPIcs.FSCD.2023.20,On the Lattice of Program Metrics,FSCD,conference_paper,"Dal Lago, Ugo; Hoshino, Naohiko; Pistone, Paolo",2023,1
https://doi.org/10.4230/LIPIcs.FSCD.2023.21,Unifying Graded Linear Logic and Differential Operators,FSCD,conference_paper,"Breuvart, Flavien; Kerjean, Marie; Mirwasser, Simon",2023,1
https://doi.org/10.4230/LIPIcs.FSCD.2023.24,"Combinatory Logic and Lambda Calculus Are Equal, Algebraically",FSCD,conference_paper,"Altenkirch, Thorsten; Kaposi, Ambrus; Šinkarovs, Artjoms; Végh, Tamás",2023,1
https://doi.org/10.4230/LIPIcs.FSCD.2023.25,Quotients and Extensionality in Relational Doctrines,FSCD,conference_paper,"Dagnino, Francesco; Pasquali, Fabio",2023,1
https://doi.org/10.4230/LIPIcs.FSCD.2023.34,Representing Guardedness in Call-By-Value,FSCD,conference_paper,"Goncharov, Sergey",2023,1
https://doi.org/10.4230/LIPIcs.FSCD.2024.10,Second-Order Generalised Algebraic Theories: Signatures and First-Order Semantics,FSCD,conference_paper,"Kaposi, Ambrus; Xie, Szumi",2024,1
https://doi.org/10.4230/LIPIcs.FSCD.2024.12,A Linear Type System for L^p-Metric Sensitivity Analysis,FSCD,conference_paper,"Sannier, Victor; Baillot, Patrick",2024,1
https://doi.org/10.4230/LIPIcs.FSCD.2024.16,On the Complexity of the Small Term Reachability Problem for Terminating Term Rewriting Systems,FSCD,conference_paper,"Baader, Franz; Giesl, Jürgen",2024,1
https://doi.org/10.4230/LIPIcs.FSCD.2024.17,A Categorical Approach to DIBI Models,FSCD,conference_paper,"Gu, Tao; Bao, Jialu; Hsu, Justin; Silva, Alexandra; Zanasi, Fabio",2024,1
https://doi.org/10.4230/LIPIcs.FSCD.2024.23,"Mirroring Call-By-Need, or Values Acting Silly",FSCD,conference_paper,"Accattoli, Beniamino; Lancelot, Adrienne",2024,1
https://doi.org/10.4230/LIPIcs.FSCD.2024.27,A Verified Algorithm for Deciding Pattern Completeness,FSCD,conference_paper,"Thiemann, René; Yamada, Akihisa",2024,1
https://doi.org/10.4230/LIPIcs.FSCD.2024.28,Commutation Groups and State-Independent Contextuality,FSCD,conference_paper,"Abramsky, Samson; Cercelescu, Şerban-Ion; Constantin, Carmen-Maria",2024,1
https://doi.org/10.4230/LIPIcs.FSCD.2024.31,Equational Theories and Validity for Logically Constrained Term Rewriting,FSCD,conference_paper,"Aoto, Takahito; Nishida, Naoki; Schöpf, Jonas",2024,1
https://doi.org/10.4230/LIPIcs.FSCD.2025.12,Ohana Trees and Taylor Expansion for the λI-Calculus: No variable gets left behind or forgotten!,FSCD,conference_paper,"Cerda, Rémy; Manzonetto, Giulio; Saurin, Alexis",2025,1
https://doi.org/10.4230/LIPIcs.FSCD.2025.14,From Partial to Monadic: Combinatory Algebra with Effects,FSCD,conference_paper,"Cohen, Liron; Grunfeld, Ariel; Kirst, Dominik; Miquey, Étienne",2025,1
https://doi.org/10.4230/LIPIcs.FSCD.2025.17,Mechanized Undecidability of Higher-Order Beta-Matching,FSCD,conference_paper,"Dudenhefner, Andrej",2025,1
https://doi.org/10.4230/LIPIcs.FSCD.2025.2,Vehicle: Bridging the Embedding Gap in the Verification of Neuro-Symbolic Programs (Invited Talk),FSCD,conference_paper,"Daggitt, Matthew L.; Kokke, Wen; Atkey, Robert; Komendantskaya, Ekaterina; Slusarz, Natalia; Arnaboldi, Luca",2025,1
https://doi.org/10.4230/LIPIcs.FSCD.2025.3,Unsolvable Terms in Filter Models (Invited Talk),FSCD,conference_paper,"Dezani-Ciancaglini, Mariangiola; Giannini, Paola; Honsell, Furio",2025,1
https://doi.org/10.4230/LIPIcs.FSCD.2026.14,How Term Rewriting Structures Shape the Decidability of Knowledge Problems,FSCD,conference_paper,"Damanik, Raja O. P.; Tiu, Alwen",2026,1
https://doi.org/10.4230/LIPIcs.FSCD.2026.15,Undecidability for Semirings with Fixed Points,FSCD,conference_paper,"Das, Anupam; De, Abhishek; Kuznetsov, Stepan L.",2026,1
https://doi.org/10.4230/LIPIcs.FSCD.2026.17,A Bounded Parallel Intersection Type System,FSCD,conference_paper,"Dudenhefner, Andrej; Schubert, Aleksy; Rehof, Jakob",2026,1
https://doi.org/10.4230/LIPIcs.FSCD.2026.26,"Divide and Check: Logical Relations, No Algorithms Attached",FSCD,conference_paper,"Poiret, Josselin; Maillard, Kenji; Tabareau, Nicolas",2026,1
https://doi.org/10.4230/LIPIcs.FSCD.2026.29,Absolute Convergence and Taylor Expansion in Web Based Models of Linear Logic,FSCD,conference_paper,"Tasson, Christine; Walch, Aymeric",2026,1
https://doi.org/10.4230/LIPIcs.FSCD.2026.3,Proof Identity and Categorical Models of BV,FSCD,conference_paper,"Acclavio, Matteo; Straßburger, Lutz; Zamdzhiev, Vladimir",2026,1
https://doi.org/10.4230/LIPIcs.FSCD.2026.30,On the Consistency of Naive Set Theories over Substructural and Fuzzy Logics,FSCD,conference_paper,"Terui, Kazushige",2026,1
https://doi.org/10.4230/LIPIcs.FSCD.2026.32,New and Formalized Proofs for Right-Forward Closures and Core Matrix Interpretations,FSCD,conference_paper,"Thiemann, René; Hofbauer, Dieter; Le Huitouze, Ulysse; Waldmann, Johannes",2026,1
https://doi.org/10.4230/LIPIcs.FSCD.2026.5,Not Choosing Is Still a Choice: Constructive mathematics without any choice,FSCD,conference_paper,"Baillon, Martin; Forster, Yannick; Kirst, Dominik; Mahboubi, Assia; Pédrot, Pierre-Marie",2026,1
https://doi.org/10.4230/LIPIcs.FSCD.2026.8,Denotational Semantics for Stabiliser Quantum Programs,FSCD,conference_paper,"Booth, Robert I.; Comfort, Cole",2026,1
https://doi.org/10.4230/LIPIcs.FSTTCS.2011.164,Minimum Fill-in of Sparse Graphs: Kernelization and Approximation,FSTTCS,conference_paper,"Fomin, Fedor V.; Philip, Geevarghese; Villanger, Yngve",2011,1
https://doi.org/10.4230/LIPIcs.FSTTCS.2011.217,Obtaining a Bipartite Graph by Contracting Few Edges,FSTTCS,conference_paper,"Heggernes, Pinar; van 't Hof, Pim; Lokshtanov, Daniel; Paul, Christophe",2011,1
https://doi.org/10.4230/LIPIcs.FSTTCS.2011.229,Simultaneously Satisfying Linear Equations Over F_2: MaxLin2 and Max-r-Lin2 Parameterized Above Average,FSTTCS,conference_paper,"Crowston, Robert; Fellows, Michael; Gutin, Gregory; Jones, Mark; Rosamond, Frances; Thomassé, Stéphan; Yeo, Anders",2011,1
https://doi.org/10.4230/LIPIcs.FSTTCS.2011.252,Dependence logic with a majority quantifier,FSTTCS,conference_paper,"Durand, Arnaud; Ebbing, Johannes; Kontinen, Juha; Vollmer, Heribert",2011,1
https://doi.org/10.4230/LIPIcs.FSTTCS.2011.28,Approximation Algorithms for Union and Intersection Covering Problems,FSTTCS,conference_paper,"Cygan, Marek; Grandoni, Fabrizio; Leonardi, Stefano; Mucha, Marcin; Pilipczuk, Marcin; Sankowski, Piotr",2011,1
https://doi.org/10.4230/LIPIcs.FSTTCS.2011.387,A Perfect-Information Construction for Coordination in Games,FSTTCS,conference_paper,"Berwanger, Dietmar; Kaiser, Lukasz; Puchala, Bernd",2011,1
https://doi.org/10.4230/LIPIcs.FSTTCS.2011.457,Parameterised Pushdown Systems with Non-Atomic Writes,FSTTCS,conference_paper,"Hague, Matthew",2011,1
https://doi.org/10.4230/LIPIcs.FSTTCS.2011.66,Quasi-Weak Cost Automata: A New Variant of Weakness,FSTTCS,conference_paper,"Kuperberg, Denis; Vanden Boom, Michael",2011,1
https://doi.org/10.4230/LIPIcs.FSTTCS.2012.148,New bounds on the classical and quantum communication complexity of some graph properties,FSTTCS,conference_paper,"Ivanyos, Gábor; Klauck, Hartmut; Lee, Troy; Santha, Miklos; de Wolf, Ronald",2012,1
https://doi.org/10.4230/LIPIcs.FSTTCS.2012.160,On Bisimilarity of Higher-Order Pushdown Automata: Undecidability at Order Two,FSTTCS,conference_paper,"Broadbent, Christopher; Göller, Stefan",2012,1
https://doi.org/10.4230/LIPIcs.FSTTCS.2012.24,Test Generation Using Symbolic Execution,FSTTCS,conference_paper,"Godefroid, Patrice",2012,1
https://doi.org/10.4230/LIPIcs.FSTTCS.2012.267,Approximation Algorithms for the Unsplittable Flow Problem on Paths and Trees,FSTTCS,conference_paper,"Elbassioni, Khaled; Garg, Naveen; Gupta, Divya; Kumar, Amit; Narula, Vishal; Pal, Arindam",2012,1
https://doi.org/10.4230/LIPIcs.FSTTCS.2012.301,Extending the Rackoff technique to Affine nets,FSTTCS,conference_paper,"Bonnet, Rémi; Finkel, Alain; Praveen, M.",2012,1
https://doi.org/10.4230/LIPIcs.FSTTCS.2012.337,Rerouting shortest paths in planar graphs,FSTTCS,conference_paper,"Bonsma, Paul",2012,1
https://doi.org/10.4230/LIPIcs.FSTTCS.2012.36,"Certifying polynomials for AC^0(parity) circuits, with applications",FSTTCS,conference_paper,"Kopparty, Swastik; Srinivasan, Srikanth",2012,1
https://doi.org/10.4230/LIPIcs.FSTTCS.2012.424,Subexponential Parameterized Odd Cycle Transversal on Planar Graphs,FSTTCS,conference_paper,"Lokshtanov, Daniel; Saurabh, Saket; Wahlström, Magnus",2012,1
https://doi.org/10.4230/LIPIcs.FSTTCS.2012.58,Lower Bounds for the Average and Smoothed Number of Pareto Optima,FSTTCS,conference_paper,"Goyal, Navin; Rademacher, Luis",2012,1
https://doi.org/10.4230/LIPIcs.FSTTCS.2012.99,Decidable classes of documents for XPath,FSTTCS,conference_paper,"Bárány, Vince; Bojanczyk, Mikolaj; Figueira, Diego; Parys, Pawel",2012,1
https://doi.org/10.4230/LIPIcs.FSTTCS.2013.103,Evaluation is MSOL-compatible,FSTTCS,conference_paper,"Salvati, Sylvain; Walukiewicz, Igor",2013,1
https://doi.org/10.4230/LIPIcs.FSTTCS.2013.275,Knapsack Cover Subject to a Matroid Constraint,FSTTCS,conference_paper,"Chakaravarthy, Venkatesan T.; Choudhury, Anamitra Roy; Natarajan, Sivaramakrishnan R.; Roy, Sambuddha",2013,1
https://doi.org/10.4230/LIPIcs.FSTTCS.2013.287,Jumping Automata for Uniform Strategies,FSTTCS,conference_paper,"Maubert, Bastien; Pinchinat, Sophie",2013,1
https://doi.org/10.4230/LIPIcs.FSTTCS.2013.313,Saturation of Concurrent Collapsible Pushdown Systems,FSTTCS,conference_paper,"Hague, Matthew",2013,1
https://doi.org/10.4230/LIPIcs.FSTTCS.2013.43,Polynomial Kernels for lambda-extendible Properties Parameterized Above the Poljak-Turzik Bound,FSTTCS,conference_paper,"Crowston, Robert; Jones, Mark; Muciaccia, Gabriele; Philip, Geevarghese; Rai, Ashutosh; Saurabh, Saket",2013,1
https://doi.org/10.4230/LIPIcs.FSTTCS.2013.79,Parameterized Complexity of the Anchored k-Core Problem for Directed Graphs,FSTTCS,conference_paper,"Chitnis, Rajesh; Fomin, Fedor V.; Golovach, Petr A.",2013,1
https://doi.org/10.4230/LIPIcs.FSTTCS.2014.199,Lift & Project Systems Performing on the Partial Vertex Cover Polytope,FSTTCS,conference_paper,"Georgiou, Konstantinos; Lee, Edward",2014,1
https://doi.org/10.4230/LIPIcs.FSTTCS.2014.279,Consistency of Injective Tree Patterns,FSTTCS,conference_paper,"David, Claire; Francis, Nadime; Murlak, Filip",2014,1
https://doi.org/10.4230/LIPIcs.FSTTCS.2014.339,Notes on Counting with Finite Machines,FSTTCS,conference_paper,"Chistikov, Dmitry",2014,1
https://doi.org/10.4230/LIPIcs.FSTTCS.2014.351,Mixed Nash Equilibria in Concurrent Terminal-Reward Games,FSTTCS,conference_paper,"Bouyer, Patricia; Markey, Nicolas; Stan, Daniel",2014,1
https://doi.org/10.4230/LIPIcs.FSTTCS.2014.365,Quantitative Games with Interval Objectives,FSTTCS,conference_paper,"Hunter, Paul; Raskin, Jean-Francois",2014,1
https://doi.org/10.4230/LIPIcs.FSTTCS.2014.445,Separating Cook Completeness from Karp-Levin Completeness Under a Worst-Case Hardness Hypothesis,FSTTCS,conference_paper,"Mandal, Debasis; Pavan, A.; Venugopalan, Rajeswari",2014,1
https://doi.org/10.4230/LIPIcs.FSTTCS.2014.469,One Time-traveling Bit is as Good as Logarithmically Many,FSTTCS,conference_paper,"O'Donnell, Ryan; Cem Say, A. C.",2014,1
https://doi.org/10.4230/LIPIcs.FSTTCS.2014.47,The Polynomial Method in Circuit Complexity Applied to Algorithm Design (Invited Talk),FSTTCS,conference_paper,"Williams, Richard Ryan",2014,1
https://doi.org/10.4230/LIPIcs.FSTTCS.2014.481,New Bounds for the Garden-Hose Model,FSTTCS,conference_paper,"Klauck, Hartmut; Podder, Supartha",2014,1
https://doi.org/10.4230/LIPIcs.FSTTCS.2014.517,Information Leakage of Non-Terminating Processes,FSTTCS,conference_paper,"Biondi, Fabrizio; Legay, Axel; Nielsen, Bo Friis; Malacaria, Pasquale; Wasowski, Andrzej",2014,1
https://doi.org/10.4230/LIPIcs.FSTTCS.2014.73,Connecting Vertices by Independent Trees,FSTTCS,conference_paper,"Basavaraju, Manu; Fomin, Fedor V.; Golovach, Petr A.; Saurabh, Saket",2014,1
https://doi.org/10.4230/LIPIcs.FSTTCS.2014.97,Editing to Eulerian Graphs,FSTTCS,conference_paper,"Dabrowski, Konrad K.; Golovach, Petr A.; van 't Hof, Pim; Paulusma, Daniel",2014,1
https://doi.org/10.4230/LIPIcs.FSTTCS.2015.163,Ordered Tree-Pushdown Systems,FSTTCS,conference_paper,"Clemente, Lorenzo; Parys, Pawel; Salvati, Sylvain; Walukiewicz, Igor",2015,1
https://doi.org/10.4230/LIPIcs.FSTTCS.2015.178,One-way Definability of Sweeping Transducer,FSTTCS,conference_paper,"Baschenis, Félix; Gauwin, Olivier; Muscholl, Anca; Puppis, Gabriele",2015,1
https://doi.org/10.4230/LIPIcs.FSTTCS.2015.221,"Dimension, Pseudorandomness and Extraction of Pseudorandomness",FSTTCS,conference_paper,"Agrawal, Manindra; Chakraborty, Diptarka; Das, Debarati; Nandakumar, Satyadev",2015,1
https://doi.org/10.4230/LIPIcs.FSTTCS.2015.246,Counting Euler Tours in Undirected Bounded Treewidth Graphs,FSTTCS,conference_paper,"Balaji, Nikhil; Datta, Samir; Ganesan, Venkatesh",2015,1
https://doi.org/10.4230/LIPIcs.FSTTCS.2015.350,Clustering on Sliding Windows in Polylogarithmic Space,FSTTCS,conference_paper,"Braverman, Vladimir; Lang, Harry; Levin, Keith; Monemizadeh, Morteza",2015,1
https://doi.org/10.4230/LIPIcs.FSTTCS.2015.448,The Parameterized Complexity of the Minimum Shared Edges Problem,FSTTCS,conference_paper,"Fluschnik, Till; Kratsch, Stefan; Niedermeier, Rolf; Sorge, Manuel",2015,1
https://doi.org/10.4230/LIPIcs.FSTTCS.2015.69,Weighted Strategy Logic with Boolean Goals Over One-Counter Games,FSTTCS,conference_paper,"Bouyer, Patricia; Gardy, Patrick; Markey, Nicolas",2015,1
https://doi.org/10.4230/LIPIcs.FSTTCS.2016.14,Homomorphism Problems for First-Order Definable Structures,FSTTCS,conference_paper,"Klin, Bartek; Lasota, Slawomir; Ochremiak, Joanna; Torunczyk, Szymon",2016,1
https://doi.org/10.4230/LIPIcs.FSTTCS.2016.19,Decidability and Complexity of Tree Share Formulas,FSTTCS,conference_paper,"Le, Xuan Bach; Hobor, Aquinas; Lin, Anthony W.",2016,1
https://doi.org/10.4230/LIPIcs.FSTTCS.2016.20,One-Counter Automata with Counter Observability,FSTTCS,conference_paper,"Bollig, Benedikt",2016,1
https://doi.org/10.4230/LIPIcs.FSTTCS.2016.25,Probabilistic Mu-Calculus: Decidability and Complete Axiomatization,FSTTCS,conference_paper,"Larsen, Kim G.; Mardare, Radu; Xue, Bingtian",2016,1
https://doi.org/10.4230/LIPIcs.FSTTCS.2016.28,Visibly Linear Dynamic Logic,FSTTCS,conference_paper,"Weinert, Alexander; Zimmermann, Martin",2016,1
https://doi.org/10.4230/LIPIcs.FSTTCS.2016.34,Independent-Set Reconfiguration Thresholds of Hereditary Graph Classes,FSTTCS,conference_paper,"de Berg, Mark; Jansen, Bart M. P.; Mukherjee, Debankur",2016,1
https://doi.org/10.4230/LIPIcs.FSTTCS.2016.35,LZ77 Factorisation of Trees,FSTTCS,conference_paper,"Gawrychowski, Pawel; Jez, Artur",2016,1
https://doi.org/10.4230/LIPIcs.FSTTCS.2016.38,Finer Separations Between Shallow Arithmetic Circuits,FSTTCS,conference_paper,"Kumar, Mrinal; Saptharishi, Ramprasad",2016,1
https://doi.org/10.4230/LIPIcs.FSTTCS.2016.7,Mixed-Criticality Scheduling to Minimize Makespan,FSTTCS,conference_paper,"Baruah, Sanjoy; Easwaran, Arvind; Guo, Zhishan",2016,1
https://doi.org/10.4230/LIPIcs.FSTTCS.2017.1,Justified Representation in Multiwinner Voting: Axioms and Algorithms,FSTTCS,conference_paper,"Elkind, Edith",2017,1
https://doi.org/10.4230/LIPIcs.FSTTCS.2017.14,Reasons for Hardness in QBF Proof Systems,FSTTCS,conference_paper,"Beyersdorff, Olaf; Hinde, Luke; Pich, Ján",2017,1
https://doi.org/10.4230/LIPIcs.FSTTCS.2017.23,A Lifting Theorem with Applications to Symmetric Functions,FSTTCS,conference_paper,"Chattopadhyay, Arkadev; Mande, Nikhil S.",2017,1
https://doi.org/10.4230/LIPIcs.FSTTCS.2017.24,Local Patterns,FSTTCS,conference_paper,"Day, Joel D.; Fleischmann, Pamela; Manea, Florin; Nowotka, Dirk",2017,1
https://doi.org/10.4230/LIPIcs.FSTTCS.2017.38,Flow Games,FSTTCS,conference_paper,"Kupferman, Orna; Vardi, Gal; Vardi, Moshe Y.",2017,1
https://doi.org/10.4230/LIPIcs.FSTTCS.2017.39,A Dichotomy Theorem for the Inverse Satisfiability Problem,FSTTCS,conference_paper,"Lagerkvist, Victor; Roy, Biman",2017,1
https://doi.org/10.4230/LIPIcs.FSTTCS.2017.9,On the Parameterized Complexity of Simultaneous Deletion Problems,FSTTCS,conference_paper,"Agrawal, Akanksha; Krithika, R.; Lokshtanov, Daniel; Mouawad, Amer E.; Ramanujan, M. S.",2017,1
https://doi.org/10.4230/LIPIcs.FSTTCS.2018.11,Towards a General Direct Product Testing Theorem,FSTTCS,conference_paper,"Goldenberg, Elazar; C. S., Karthik",2018,1
https://doi.org/10.4230/LIPIcs.FSTTCS.2018.12,Space Complexity of Two Adaptive Bitprobe Schemes Storing Three Elements,FSTTCS,conference_paper,"Kesh, Deepanjan",2018,1
https://doi.org/10.4230/LIPIcs.FSTTCS.2018.18,Graph Pattern Polynomials,FSTTCS,conference_paper,"Bläser, Markus; Komarath, Balagopal; Sreenivasaiah, Karteek",2018,1
https://doi.org/10.4230/LIPIcs.FSTTCS.2018.19,Shortest k-Disjoint Paths via Determinants,FSTTCS,conference_paper,"Datta, Samir; Iyer, Siddharth; Kulkarni, Raghav; Mukherjee, Anish",2018,1
https://doi.org/10.4230/LIPIcs.FSTTCS.2018.20,Hyper Partial Order Logic,FSTTCS,conference_paper,"Bérard, Béatrice; Haar, Stefan; Hélouët, Loic",2018,1
https://doi.org/10.4230/LIPIcs.FSTTCS.2018.21,On the Way to Alternating Weak Automata,FSTTCS,conference_paper,"Boker, Udi; Lehtinen, Karoliina",2018,1
https://doi.org/10.4230/LIPIcs.FSTTCS.2018.22,Origin-Equivalence of Two-Way Word Transducers Is in PSPACE,FSTTCS,conference_paper,"Bose, Sougata; Muscholl, Anca; Penelle, Vincent; Puppis, Gabriele",2018,1
https://doi.org/10.4230/LIPIcs.FSTTCS.2018.27,On the Welfare of Cardinal Voting Mechanisms,FSTTCS,conference_paper,"Bhaskar, Umang; Ghosh, Abheek",2018,1
https://doi.org/10.4230/LIPIcs.FSTTCS.2018.31,Reachability for Two-Counter Machines with One Test and One Reset,FSTTCS,conference_paper,"Finkel, Alain; Leroux, Jérôme; Sutre, Grégoire",2018,1
https://doi.org/10.4230/LIPIcs.FSTTCS.2018.34,"On the Parameterized Complexity of [1,j]-Domination Problems",FSTTCS,conference_paper,"Alambardar Meybodi, Mohsen; Fomin, Fedor; Mouawad, Amer E.; Panolan, Fahad",2018,1
https://doi.org/10.4230/LIPIcs.FSTTCS.2018.35,Sub-Exponential Time Parameterized Algorithms for Graph Layout Problems on Digraphs with Bounded Independence Number,FSTTCS,conference_paper,"Misra, Pranabendu; Saurabh, Saket; Sharma, Roohani; Zehavi, Meirav",2018,1
https://doi.org/10.4230/LIPIcs.FSTTCS.2019.11,Constructing Faithful Homomorphisms over Fields of Finite Characteristic,FSTTCS,conference_paper,"Chatterjee, Prerona; Saptharishi, Ramprasad",2019,1
https://doi.org/10.4230/LIPIcs.FSTTCS.2019.18,Exact and Approximate Digraph Bandwidth,FSTTCS,conference_paper,"Jain, Pallavi; Kanesh, Lawqueen; Lochet, William; Saurabh, Saket; Sharma, Roohani",2019,1
https://doi.org/10.4230/LIPIcs.FSTTCS.2019.25,On the AC^0[oplus] Complexity of Andreev’s Problem,FSTTCS,conference_paper,"Potukuchi, Aditya",2019,1
https://doi.org/10.4230/LIPIcs.FSTTCS.2019.32,Expected Window Mean-Payoff,FSTTCS,conference_paper,"Bordais, Benjamin; Guha, Shibashis; Raskin, Jean-François",2019,1
https://doi.org/10.4230/LIPIcs.FSTTCS.2019.33,Interval Temporal Logic for Visibly Pushdown Systems,FSTTCS,conference_paper,"Bozzelli, Laura; Montanari, Angelo; Peron, Adriano",2019,1
https://doi.org/10.4230/LIPIcs.FSTTCS.2019.34,Taming the Complexity of Timeline-Based Planning over Dense Temporal Domains,FSTTCS,conference_paper,"Bozzelli, Laura; Montanari, Angelo; Peron, Adriano",2019,1
https://doi.org/10.4230/LIPIcs.FSTTCS.2019.40,Two-Way Parikh Automata,FSTTCS,conference_paper,"Filiot, Emmanuel; Guha, Shibashis; Mazzocchi, Nicolas",2019,1
https://doi.org/10.4230/LIPIcs.FSTTCS.2019.43,New Results on Cutting Plane Proofs for Horn Constraint Systems,FSTTCS,conference_paper,"Kleine Büning, Hans; Wojciechowski, Piotr; Subramani, K.",2019,1
https://doi.org/10.4230/LIPIcs.FSTTCS.2019.45,Cyclic Proofs and Jumping Automata,FSTTCS,conference_paper,"Kuperberg, Denis; Pinault, Laureline; Pous, Damien",2019,1
https://doi.org/10.4230/LIPIcs.FSTTCS.2019.49,Widths of Regular and Context-Free Languages,FSTTCS,conference_paper,"Mestel, David",2019,1
https://doi.org/10.4230/LIPIcs.FSTTCS.2019.50,Degrees of Ambiguity of Büchi Tree Automata,FSTTCS,conference_paper,"Rabinovich, Alexander; Tiferet, Doron",2019,1
https://doi.org/10.4230/LIPIcs.FSTTCS.2020.15,Fair Tree Connection Games with Topology-Dependent Edge Cost,FSTTCS,conference_paper,"Bilò, Davide; Friedrich, Tobias; Lenzner, Pascal; Melnichenko, Anna; Molitor, Louise",2020,1
https://doi.org/10.4230/LIPIcs.FSTTCS.2020.22,New Verification Schemes for Frequency-Based Functions on Data Streams,FSTTCS,conference_paper,"Ghosh, Prantar",2020,1
https://doi.org/10.4230/LIPIcs.FSTTCS.2020.26,Constructing Large Matchings via Query Access to a Maximal Matching Oracle,FSTTCS,conference_paper,"Khalil, Lidiya Khalidah binti; Konrad, Christian",2020,1
https://doi.org/10.4230/LIPIcs.FSTTCS.2020.30,Colored Cut Games,FSTTCS,conference_paper,"Morawietz, Nils; Grüttemeier, Niels; Komusiewicz, Christian; Sommer, Frank",2020,1
https://doi.org/10.4230/LIPIcs.FSTTCS.2020.36,Reachability in Dynamical Systems with Rounding,FSTTCS,conference_paper,"Baier, Christel; Funke, Florian; Jantsch, Simon; Karimov, Toghrul; Lefaucheux, Engel; Ouaknine, Joël; Pouly, Amaury; Purser, David; Whiteland, Markus A.",2020,1
https://doi.org/10.4230/LIPIcs.FSTTCS.2020.38,Uncertainty Reasoning for Probabilistic Petri Nets via Bayesian Networks,FSTTCS,conference_paper,"Bernemann, Rebecca; Cabrera, Benjamin; Heckel, Reiko; König, Barbara",2020,1
https://doi.org/10.4230/LIPIcs.FSTTCS.2020.43,Equivalence of Hidden Markov Models with Continuous Observations,FSTTCS,conference_paper,"Darwin, Oscar; Kiefer, Stefan",2020,1
https://doi.org/10.4230/LIPIcs.FSTTCS.2020.45,Synchronization of Deterministic Visibly Push-Down Automata,FSTTCS,conference_paper,"Fernau, Henning; Wolf, Petra",2020,1
https://doi.org/10.4230/LIPIcs.FSTTCS.2020.46,Synthesis from Weighted Specifications with Partial Domains over Finite Words,FSTTCS,conference_paper,"Filiot, Emmanuel; Löding, Christof; Winter, Sarah",2020,1
https://doi.org/10.4230/LIPIcs.FSTTCS.2020.58,Synchronization Under Dynamic Constraints,FSTTCS,conference_paper,"Wolf, Petra",2020,1
https://doi.org/10.4230/LIPIcs.FSTTCS.2021.10,Tight Chang’s-Lemma-Type Bounds for Boolean Functions,FSTTCS,conference_paper,"Chakraborty, Sourav; Mande, Nikhil S.; Mittal, Rajat; Molli, Tulasimohan; Paraashar, Manaswi; Sanyal, Swagato",2021,1
https://doi.org/10.4230/LIPIcs.FSTTCS.2021.11,Approximate Trace Reconstruction via Median String (In Average-Case),FSTTCS,conference_paper,"Chakraborty, Diptarka; Das, Debarati; Krauthgamer, Robert",2021,1
https://doi.org/10.4230/LIPIcs.FSTTCS.2021.13,Towards Stronger Counterexamples to the Log-Approximate-Rank Conjecture,FSTTCS,conference_paper,"Chattopadhyay, Arkadev; Garg, Ankit; Sherif, Suhail",2021,1
https://doi.org/10.4230/LIPIcs.FSTTCS.2021.17,Approximating the Number of Prime Factors Given an Oracle to Euler’s Totient Function,FSTTCS,conference_paper,"Du, Yang; Volkovich, Ilya",2021,1
https://doi.org/10.4230/LIPIcs.FSTTCS.2021.18,Fully Dynamic Algorithms for Knapsack Problems with Polylogarithmic Update Time,FSTTCS,conference_paper,"Eberle, Franziska; Megow, Nicole; Nölke, Lukas; Simon, Bertrand; Wiese, Andreas",2021,1
https://doi.org/10.4230/LIPIcs.FSTTCS.2021.24,Near-Optimal Cayley Expanders for Abelian Groups,FSTTCS,conference_paper,"Jalan, Akhil; Moshkovitz, Dana",2021,1
https://doi.org/10.4230/LIPIcs.FSTTCS.2021.29,Dominating Set in Weakly Closed Graphs is Fixed Parameter Tractable,FSTTCS,conference_paper,"Lokshtanov, Daniel; Surianarayanan, Vaishali",2021,1
https://doi.org/10.4230/LIPIcs.FSTTCS.2021.39,Local First-Order Logic with Two Data Values,FSTTCS,conference_paper,"Bollig, Benedikt; Sangnier, Arnaud; Stietel, Olivier",2021,1
https://doi.org/10.4230/LIPIcs.FSTTCS.2021.43,Synthesizing Computable Functions from Rational Specifications over Infinite Words,FSTTCS,conference_paper,"Filiot, Emmanuel; Winter, Sarah",2021,1
https://doi.org/10.4230/LIPIcs.FSTTCS.2021.47,Normal Sequences with Non-Maximal Automatic Complexity,FSTTCS,conference_paper,"Jordon, Liam; Moser, Philippe",2021,1
https://doi.org/10.4230/LIPIcs.FSTTCS.2021.52,Linear-Time Temporal Logic with Team Semantics: Expressivity and Complexity,FSTTCS,conference_paper,"Virtema, Jonni; Hofmann, Jana; Finkbeiner, Bernd; Kontinen, Juha; Yang, Fan",2021,1
https://doi.org/10.4230/LIPIcs.FSTTCS.2022.10,On Solving Sparse Polynomial Factorization Related Problems,FSTTCS,conference_paper,"Bisht, Pranav; Volkovich, Ilya",2022,1
https://doi.org/10.4230/LIPIcs.FSTTCS.2022.11,Complexity of Spatial Games,FSTTCS,conference_paper,"Chatterjee, Krishnendu; Ibsen-Jensen, Rasmus; Jecker, Ismaël; Svoboda, Jakub",2022,1
https://doi.org/10.4230/LIPIcs.FSTTCS.2022.14,More Verifier Efficient Interactive Protocols for Bounded Space,FSTTCS,conference_paper,"Cook, Joshua",2022,1
https://doi.org/10.4230/LIPIcs.FSTTCS.2022.19,"A Structural and Algorithmic Study of Stable Matching Lattices of ""Nearby"" Instances, with Applications",FSTTCS,conference_paper,"Gangam, Rohith Reddy; Mai, Tung; Raju, Nitya; Vazirani, Vijay V.",2022,1
https://doi.org/10.4230/LIPIcs.FSTTCS.2022.20,Degree-Restricted Strength Decompositions and Algebraic Branching Programs,FSTTCS,conference_paper,"Gesmundo, Fulvio; Ghosal, Purnata; Ikenmeyer, Christian; Lysikov, Vladimir",2022,1
https://doi.org/10.4230/LIPIcs.FSTTCS.2022.21,A Simple Polynomial Time Algorithm for Max Cut on Laminar Geometric Intersection Graphs,FSTTCS,conference_paper,"Joshi, Utkarsh; Rahul, Saladi; Thoppil, Josson Joe",2022,1
https://doi.org/10.4230/LIPIcs.FSTTCS.2022.22,Stable Matchings with One-Sided Ties and Approximate Popularity,FSTTCS,conference_paper,"Kavitha, Telikepalli",2022,1
https://doi.org/10.4230/LIPIcs.FSTTCS.2022.26,Complexity of Fault Tolerant Query Complexity,FSTTCS,conference_paper,"Maharjan, Ramita; Watson, Thomas",2022,1
https://doi.org/10.4230/LIPIcs.FSTTCS.2022.27,Romeo and Juliet Meeting in Forest like Regions,FSTTCS,conference_paper,"Misra, Neeldhara; Mulpuri, Manas; Tale, Prafullkumar; Viramgami, Gaurav",2022,1
https://doi.org/10.4230/LIPIcs.FSTTCS.2022.28,New Characterizations of Core Imputations of Matching and b-Matching Games,FSTTCS,conference_paper,"Vazirani, Vijay V.",2022,1
https://doi.org/10.4230/LIPIcs.FSTTCS.2022.3,The True Colors of Memory: A Tour of Chromatic-Memory Strategies in Zero-Sum Games on Graphs (Invited Talk),FSTTCS,conference_paper,"Bouyer, Patricia; Randour, Mickael; Vandenhove, Pierre",2022,1
https://doi.org/10.4230/LIPIcs.FSTTCS.2022.32,Semilinear Representations for Series-Parallel Atomic Congestion Games,FSTTCS,conference_paper,"Bertrand, Nathalie; Markey, Nicolas; Sadhukhan, Suman; Sankur, Ocan",2022,1
https://doi.org/10.4230/LIPIcs.FSTTCS.2022.35,Phase Semantics for Linear Logic with Least and Greatest Fixed Points,FSTTCS,conference_paper,"De, Abhishek; Jafarrahmani, Farzad; Saurin, Alexis",2022,1
https://doi.org/10.4230/LIPIcs.FSTTCS.2022.38,Low-Latency Sliding Window Algorithms for Formal Languages,FSTTCS,conference_paper,"Ganardi, Moses; Jachiet, Louis; Lohrey, Markus; Schwentick, Thomas",2022,1
https://doi.org/10.4230/LIPIcs.FSTTCS.2022.39,The Design and Regulation of Exchanges: A Formal Approach,FSTTCS,conference_paper,"Garg, Mohit; Sarswat, Suneel",2022,1
https://doi.org/10.4230/LIPIcs.FSTTCS.2022.40,Parikh Automata over Infinite Words,FSTTCS,conference_paper,"Guha, Shibashis; Jecker, Ismaël; Lehtinen, Karoliina; Zimmermann, Martin",2022,1
https://doi.org/10.4230/LIPIcs.FSTTCS.2022.41,New Analytic Techniques for Proving the Inherent Ambiguity of Context-Free Languages,FSTTCS,conference_paper,"Koechlin, Florent",2022,1
https://doi.org/10.4230/LIPIcs.FSTTCS.2022.43,A Generic Polynomial Time Approach to Separation by First-Order Logic Without Quantifier Alternation,FSTTCS,conference_paper,"Place, Thomas; Zeitoun, Marc",2022,1
https://doi.org/10.4230/LIPIcs.FSTTCS.2022.6,Approximate Representation of Symmetric Submodular Functions via Hypergraph Cut Functions,FSTTCS,conference_paper,"Beideman, Calvin; Chandrasekaran, Karthekeyan; Chekuri, Chandra; Xu, Chao",2022,1
https://doi.org/10.4230/LIPIcs.FSTTCS.2022.8,Counting and Sampling from Substructures Using Linear Algebraic Queries,FSTTCS,conference_paper,"Bishnu, Arijit; Ghosh, Arijit; Mishra, Gopinath; Paraashar, Manaswi",2022,1
https://doi.org/10.4230/LIPIcs.FSTTCS.2022.9,Derandomization via Symmetric Polytopes: Poly-Time Factorization of Certain Sparse Polynomials,FSTTCS,conference_paper,"Bisht, Pranav; Saxena, Nitin",2022,1
https://doi.org/10.4230/LIPIcs.FSTTCS.2023.11,Monotone Classes Beyond VNP,FSTTCS,conference_paper,"Chatterjee, Prerona; Gajjar, Kshitij; Tengse, Anamay",2023,1
https://doi.org/10.4230/LIPIcs.FSTTCS.2023.13,Reinforcement Planning for Effective ε-Optimal Policies in Dense Time with Discontinuities,FSTTCS,conference_paper,"Henry, Léo; Genest, Blaise; Drewery, Alexandre",2023,1
https://doi.org/10.4230/LIPIcs.FSTTCS.2023.21,"Towards a Practical, Budget-Oblivious Algorithm for the Adwords Problem Under Small Bids",FSTTCS,conference_paper,"Vazirani, Vijay V.",2023,1
https://doi.org/10.4230/LIPIcs.FSTTCS.2023.23,Bounded Simultaneous Messages,FSTTCS,conference_paper,"Bogdanov, Andrej; Dinesh, Krishnamoorthy; Filmus, Yuval; Ishai, Yuval; Kaplan, Avi; Sekar, Sruthi",2023,1
https://doi.org/10.4230/LIPIcs.FSTTCS.2023.24,Interval Selection in Data Streams: Weighted Intervals and the Insertion-Deletion Setting,FSTTCS,conference_paper,"Dark, Jacques; Diddapur, Adithya; Konrad, Christian",2023,1
https://doi.org/10.4230/LIPIcs.FSTTCS.2023.25,Listing 4-Cycles,FSTTCS,conference_paper,"Abboud, Amir; Khoury, Seri; Leibowitz, Oree; Safier, Ron",2023,1
https://doi.org/10.4230/LIPIcs.FSTTCS.2023.27,Decision Tree Complexity Versus Block Sensitivity and Degree,FSTTCS,conference_paper,"Chugh, Rahul; Podder, Supartha; Sanyal, Swagato",2023,1
https://doi.org/10.4230/LIPIcs.FSTTCS.2023.30,Randomized and Quantum Query Complexities of Finding a King in a Tournament,FSTTCS,conference_paper,"Mande, Nikhil S.; Paraashar, Manaswi; Saurabh, Nitin",2023,1
https://doi.org/10.4230/LIPIcs.FSTTCS.2023.31,A Generalized Quantum Branching Program,FSTTCS,conference_paper,"Bera, Debajyoti; SAPV, Tharrmashastha",2023,1
https://doi.org/10.4230/LIPIcs.FSTTCS.2023.32,Tight Bounds for the Randomized and Quantum Communication Complexities of Equality with Small Error,FSTTCS,conference_paper,"Lalonde, Olivier; Mande, Nikhil S.; de Wolf, Ronald",2023,1
https://doi.org/10.4230/LIPIcs.FSTTCS.2023.33,Revisiting Mulmuley: Simple Proof That Maxflow Is Not in the Algebraic Version of NC,FSTTCS,conference_paper,"Léchine, Ulysse",2023,1
https://doi.org/10.4230/LIPIcs.FSTTCS.2023.9,Towards Identity Testing for Sums of Products of Read-Once and Multilinear Bounded-Read Formulae,FSTTCS,conference_paper,"Bisht, Pranav; Gupta, Nikhil; Volkovich, Ilya",2023,1
https://doi.org/10.4230/LIPIcs.FSTTCS.2024.1,An Introduction to the Theory of Linear Integer Arithmetic (Invited Paper),FSTTCS,conference_paper,"Chistikov, Dmitry",2024,1
https://doi.org/10.4230/LIPIcs.FSTTCS.2024.10,Explicit Commutative ROABPs from Partial Derivatives,FSTTCS,conference_paper,"Bhargava, Vishwas; Tengse, Anamay",2024,1
https://doi.org/10.4230/LIPIcs.FSTTCS.2024.11,Many Flavors of Edit Distance,FSTTCS,conference_paper,"Bhattacharya, Sudatta; Dey, Sanjana; Goldenberg, Elazar; Koucký, Michal",2024,1
https://doi.org/10.4230/LIPIcs.FSTTCS.2024.13,PosSLP and Sum of Squares,FSTTCS,conference_paper,"Bläser, Markus; Dörfler, Julian; Jindal, Gorav",2024,1
https://doi.org/10.4230/LIPIcs.FSTTCS.2024.14,Unifying Asynchronous Logics for Hyperproperties,FSTTCS,conference_paper,"Bombardelli, Alberto; Bozzelli, Laura; Sánchez, César; Tonetta, Stefano",2024,1
https://doi.org/10.4230/LIPIcs.FSTTCS.2024.17,Two Results on LPT: A Near-Linear Time Algorithm and Parcel Delivery Using Drones,FSTTCS,conference_paper,"Chandran, L. Sunil; Gajjala, Rishikesh; Mehra, Shravan; Rahul, Saladi",2024,1
https://doi.org/10.4230/LIPIcs.FSTTCS.2024.23,Oblivious Complexity Classes Revisited: Lower Bounds and Hierarchies,FSTTCS,conference_paper,"Gajulapalli, Karthik; Li, Zeyong; Volkovich, Ilya",2024,1
https://doi.org/10.4230/LIPIcs.FSTTCS.2024.28,Maximizing Phylogenetic Diversity Under Ecological Constraints: A Parameterized Complexity Study,FSTTCS,conference_paper,"Komusiewicz, Christian; Schestag, Jannik",2024,1
https://doi.org/10.4230/LIPIcs.FSTTCS.2024.29,Matchings in Low-Arboricity Graphs in the Dynamic Graph Stream Model,FSTTCS,conference_paper,"Konrad, Christian; McGregor, Andrew; Sengupta, Rik; Than, Cuong",2024,1
https://doi.org/10.4230/LIPIcs.FSTTCS.2024.3,Execution-Time Opacity Problems in One-Clock Parametric Timed Automata,FSTTCS,conference_paper,"André, Étienne; Arcile, Johan; Lefaucheux, Engel",2024,1
https://doi.org/10.4230/LIPIcs.FSTTCS.2024.32,Additive Word Complexity and Walnut,FSTTCS,conference_paper,"Popoli, Pierre; Shallit, Jeffrey; Stipulanti, Manon",2024,1
https://doi.org/10.4230/LIPIcs.FSTTCS.2024.33,Pseudo-Deterministic Construction of Irreducible Polynomials over Finite Fields,FSTTCS,conference_paper,"Rai, Shanthanu S.",2024,1
https://doi.org/10.4230/LIPIcs.FSTTCS.2024.6,A Decomposition Approach to the Weighted k-Server Problem,FSTTCS,conference_paper,"Ayyadevara, Nikhil; Chiplunkar, Ashish; Sharma, Amatya",2024,1
https://doi.org/10.4230/LIPIcs.FSTTCS.2025.1,Quantum Circuit Verification - A Potential Roadmap (Invited Talk),FSTTCS,conference_paper,"Abdulla, Parosh Aziz; Chen, Yu-Fang; Hečko, Michal; Holík, Lukáš; Lengál, Ondřej; Lin, Jyun-Ao; Srinivasan, Ramanathan Thinniyam",2025,1
https://doi.org/10.4230/LIPIcs.FSTTCS.2025.13,Synthesising Full-Information Protocols,FSTTCS,conference_paper,"Berwanger, Dietmar; Doyen, Laurent; Soullard, Thomas",2025,1
https://doi.org/10.4230/LIPIcs.FSTTCS.2025.15,Extending EFX Allocations to Further Multi-Graph Classes,FSTTCS,conference_paper,"Bhaskar, Umang; Pandit, Yeshwant",2025,1
https://doi.org/10.4230/LIPIcs.FSTTCS.2025.16,The Agafonov and Schnorr-Stimm Theorems for Probabilistic Automata,FSTTCS,conference_paper,"Bienvenu, Laurent; Gimbert, Hugo; Pulari, Subin",2025,1
https://doi.org/10.4230/LIPIcs.FSTTCS.2025.20,Flavors of Quantifiers in Hyperlogics,FSTTCS,conference_paper,"Chalupa, Marek; Henzinger, Thomas A.; Oliveira da Costa, Ana",2025,1
https://doi.org/10.4230/LIPIcs.FSTTCS.2025.22,IPS Lower Bounds for Formulas and Sum of ROABPs,FSTTCS,conference_paper,"Chatterjee, Prerona; Ghosal, Utsab; Mukhopadhyay, Partha; Sinhababu, Amit",2025,1
https://doi.org/10.4230/LIPIcs.FSTTCS.2025.24,Languages of Words of Low Automatic Complexity Are Hard to Compute,FSTTCS,conference_paper,"Chen, Joey; Kjos-Hanssen, Bjørn; Koswara, Ivan; Richter, Linus; Stephan, Frank",2025,1
https://doi.org/10.4230/LIPIcs.FSTTCS.2025.27,Fault-Tolerant Approximate Distance Oracles with a Source Set,FSTTCS,conference_paper,"Dey, Dipan; Kavitha, Telikepalli",2025,1
https://doi.org/10.4230/LIPIcs.FSTTCS.2025.28,Beyond Monads and Biproducts: A Uniform Interpretation of Parallelism in Intuitionistic Logic,FSTTCS,conference_paper,"Díaz-Caro, Alejandro; Malherbe, Octavio",2025,1
https://doi.org/10.4230/LIPIcs.FSTTCS.2025.3,PDQMA = DQMA = NEXP: QMA with Hidden Variables and Non-Collapsing Measurements,FSTTCS,conference_paper,"Aaronson, Scott; Grewal, Sabee; Iyer, Vishnu; Marshall, Simon C.; Ramachandran, Ronak",2025,1
https://doi.org/10.4230/LIPIcs.FSTTCS.2025.33,A Zone-Based Algorithm for Timed Parity Games,FSTTCS,conference_paper,"Geeraerts, Gilles; Herbreteau, Frédéric; Raskin, Jean-François; Reynouard, Alexis",2025,1
https://doi.org/10.4230/LIPIcs.FSTTCS.2025.34,On the Hardness of Approximating Distances of Quantum Codes,FSTTCS,conference_paper,"Grigorescu, Elena; Jha, Vatsal; Samperton, Eric",2025,1
https://doi.org/10.4230/LIPIcs.FSTTCS.2025.36,Hardness of Finding Kings and Strong Kings,FSTTCS,conference_paper,"Ismaili Alaoui, Ziad; Mande, Nikhil",2025,1
https://doi.org/10.4230/LIPIcs.FSTTCS.2025.38,Fairness and Efficiency in Two-Sided Matching Markets,FSTTCS,conference_paper,"Jain, Pallavi; Jha, Palash; Solanki, Shubham",2025,1
https://doi.org/10.4230/LIPIcs.FSTTCS.2025.4,How Pinball Wizards Simulate a Turing Machine,FSTTCS,conference_paper,"Adejoh, Rosemary U.; Jakoby, Andreas; Mohanty, Sneha; Schindelhauer, Christian",2025,1
https://doi.org/10.4230/LIPIcs.FSTTCS.2025.41,Simultaneously Fair Allocation of Indivisible Items Across Multiple Dimensions,FSTTCS,conference_paper,"Kawase, Yasushi; Roy, Bodhayan; Sanpui, Mohammad Azharuddin",2025,1
https://doi.org/10.4230/LIPIcs.FSTTCS.2025.45,A Characterization of Spartan Graphs and New Lower Bounds for Eternal Vertex Cover,FSTTCS,conference_paper,"Misra, Neeldhara; Nanoti, Saraswati Girish",2025,1
https://doi.org/10.4230/LIPIcs.FSTTCS.2025.48,On the Roots of Independence Polynomial: Quantifying the Gap,FSTTCS,conference_paper,"Prakash, Om; Sharma, Vikram",2025,1
https://doi.org/10.4230/LIPIcs.FUN.2016.10,Spy-Game on Graphs,FUN,conference_paper,"Cohen, Nathann; Hilaire, Mathieu; Martins, Nícolas A.; Nisse, Nicolas; Pérennes, Stéphane",2016,1
https://doi.org/10.4230/LIPIcs.FUN.2016.13,Super Mario Bros. is Harder/Easier Than We Thought,FUN,conference_paper,"Demaine, Erik D.; Viglietta, Giovanni; Williams, Aaron",2016,1
https://doi.org/10.4230/LIPIcs.FUN.2016.15,Building a Better Mouse Maze,FUN,conference_paper,"Enright, Jessica; Faben, John D.",2016,1
https://doi.org/10.4230/LIPIcs.FUN.2016.4,"Hanabi is NP-complete, Even for Cheaters who Look at Their Cards",FUN,conference_paper,"Baffier, Jean-Francois; Chiu, Man-Kwun; Diez, Yago; Korman, Matias; Mitsou, Valia; van Renssen, André; Roeloffzen, Marcel; Uno, Yushi",2016,1
https://doi.org/10.4230/LIPIcs.FUN.2018.12,SUPERSET: A (Super)Natural Variant of the Card Game SET,FUN,conference_paper,"Botler, Fábio; Cristi, Andrés; Hoeksma, Ruben; Schewior, Kevin; Tönnis, Andreas",2018,1
https://doi.org/10.4230/LIPIcs.FUN.2018.14,Cooperating in Video Games? Impossible! Undecidability of Team Multiplayer Games,FUN,conference_paper,"Coulombe, Michael J.; Lynch, Jayson",2018,1
https://doi.org/10.4230/LIPIcs.FUN.2018.18,Computational Complexity of Motion Planning of a Robot through Simple Gadgets,FUN,conference_paper,"Demaine, Erik D.; Grosof, Isaac; Lynch, Jayson; Rudoy, Mikhail",2018,1
https://doi.org/10.4230/LIPIcs.FUN.2018.27,The complexity of speedrunning video games,FUN,conference_paper,"Lafond, Manuel",2018,1
https://doi.org/10.4230/LIPIcs.FUN.2018.28,Gender-Aware Facility Location in Multi-Gender World,FUN,conference_paper,"Polishchuk, Valentin; Sedov, Leonid",2018,1
https://doi.org/10.4230/LIPIcs.FUN.2018.4,Tracks from hell - when finding a proof may be easier than checking it,FUN,conference_paper,"Almanza, Matteo; Leucci, Stefano; Panconesi, Alessandro",2018,1
https://doi.org/10.4230/LIPIcs.FUN.2018.7,On the Complexity of Two Dots for Narrow Boards and Few Colors,FUN,conference_paper,"Bilò, Davide; Gualà, Luciano; Leucci, Stefano; Misra, Neeldhara",2018,1
https://doi.org/10.4230/LIPIcs.FUN.2021.23,The Computational Complexity of Evil Hangman,FUN,conference_paper,"Barbay, Jérémy; Subercaseaux, Bernardo",2021,1
https://doi.org/10.4230/LIPIcs.FUN.2021.3,"Walking Through Doors Is Hard, Even Without Staircases: Proving PSPACE-Hardness via Planar Assemblies of Door Gadgets",FUN,conference_paper,"Ani, Joshua; Bosboom, Jeffrey; Demaine, Erik D.; Diomidov, Yenhenii; Hendrickson, Dylan; Lynch, Jayson",2021,1
https://doi.org/10.4230/LIPIcs.FUN.2021.4,Taming the Knight’s Tour: Minimizing Turns and Crossings,FUN,conference_paper,"Besa, Juan Jose; Johnson, Timothy; Mamano, Nil; Osegueda, Martha C.",2021,1
https://doi.org/10.4230/LIPIcs.FUN.2021.9,Magic: The Gathering Is Turing Complete,FUN,conference_paper,"Churchill, Alex; Biderman, Stella; Herrick, Austin",2021,1
https://doi.org/10.4230/LIPIcs.FUN.2022.1,Pushing Blocks by Sweeping Lines,FUN,conference_paper,"A. Akitaya, Hugo; Löffler, Maarten; Viglietta, Giovanni",2022,1
https://doi.org/10.4230/LIPIcs.FUN.2022.12,Grabbing Olives on Linear Pizzas and Pissaladières,FUN,conference_paper,"Bermond, Jean-Claude; Havet, Frédéric; Cosnard, Michel",2022,1
https://doi.org/10.4230/LIPIcs.FUN.2022.14,The Synchronization Game on Subclasses of Automata,FUN,conference_paper,"Fernau, Henning; Haase, Carolina; Hoffmann, Stefan",2022,1
https://doi.org/10.4230/LIPIcs.FUN.2022.16,Sorting Balls and Water: Equivalence and Computational Complexity,FUN,conference_paper,"Ito, Takehiro; Kawahara, Jun; Minato, Shin-ichi; Otachi, Yota; Saitoh, Toshiki; Suzuki, Akira; Uehara, Ryuhei; Uno, Takeaki; Yamanaka, Katsuhisa; Yoshinaka, Ryo",2022,1
https://doi.org/10.4230/LIPIcs.FUN.2022.18,How Brokers Can Optimally Abuse Traders,FUN,conference_paper,"Lafond, Manuel",2022,1
https://doi.org/10.4230/LIPIcs.FUN.2022.5,Chess Is Hard Even for a Single Player,FUN,conference_paper,"Aravind, N.R.; Misra, Neeldhara; Mittal, Harshil",2022,1
https://doi.org/10.4230/LIPIcs.FUN.2024.10,How Did They Design This Game? Swish: Complexity and Unplayable Positions,FUN,conference_paper,"Dailly, Antoine; Lafourcade, Pascal; Marcadet, Gaël",2024,1
https://doi.org/10.4230/LIPIcs.FUN.2024.14,PackIt!: Gamified Rectangle Packing,FUN,conference_paper,"Garrison, Thomas; Heule, Marijn J. H.; Subercaseaux, Bernardo",2024,1
https://doi.org/10.4230/LIPIcs.FUN.2024.15,Polyamorous Scheduling,FUN,conference_paper,"Gąsieniec, Leszek; Smith, Benjamin; Wild, Sebastian",2024,1
https://doi.org/10.4230/LIPIcs.FUN.2024.16,Tetris Is Not Competitive,FUN,conference_paper,"Gehnen, Matthias; Venier, Luca",2024,1
https://doi.org/10.4230/LIPIcs.FUN.2024.17,Computational Complexity of Matching Match Puzzle,FUN,conference_paper,"Iburi, Yuki; Uehara, Ryuhei",2024,1
https://doi.org/10.4230/LIPIcs.FUN.2024.2,Poset Positional Games,FUN,conference_paper,"Bagan, Guillaume; Duchêne, Eric; Galliot, Florian; Gledel, Valentin; Mikalački, Mirjana; Oijid, Nacim; Parreau, Aline; Stojaković, Miloš",2024,1
https://doi.org/10.4230/LIPIcs.FUN.2024.20,Variations on the Tournament Problem,FUN,conference_paper,"Luccio, Fabrizio; Pagli, Linda; Santoro, Nicola",2024,1
https://doi.org/10.4230/LIPIcs.FUN.2024.22,You Can't Solve These Super Mario Bros. Levels: Undecidable Mario Games,FUN,conference_paper,"MIT Hardness Group; Ani, Hayashi; Demaine, Erik D.; Hall, Holden; Ruiz, Ricardo; Venkat, Naveen",2024,1
https://doi.org/10.4230/LIPIcs.FUN.2024.24,Tetris with Few Piece Types,FUN,conference_paper,"MIT Hardness Group; Demaine, Erik D.; Hall, Holden; Li, Jeffery",2024,1
https://doi.org/10.4230/LIPIcs.FUN.2024.27,Arimaa Is PSPACE-Hard,FUN,conference_paper,"Rin, Benjamin G.; Schipper, Atze",2024,1
https://doi.org/10.4230/LIPIcs.FUN.2024.29,Achieving the Highest Possible Elo Rating,FUN,conference_paper,"Shah, Rikhav",2024,1
https://doi.org/10.4230/LIPIcs.FUN.2024.6,Bottom-Up Rebalancing Binary Search Trees by Flipping a Coin,FUN,conference_paper,"Brodal, Gerth Stølting",2024,1
https://doi.org/10.4230/LIPIcs.FUN.2024.8,A Tractability Gap Beyond Nim-Sums: It’s Hard to Tell Whether a Bunch of Superstars Are Losers,FUN,conference_paper,"Burke, Kyle; Ferland, Matthew; Huntemann, Svenja; Teng, Shanghua",2024,1
https://doi.org/10.4230/LIPIcs.FUN.2024.9,The Steady-States of Splitter Networks,FUN,conference_paper,"Couëtoux, Basile; Gastaldi, Bastien; Naves, Guyslain",2024,1
https://doi.org/10.4230/LIPIcs.FUN.2026.1,Finding Maximum and Minimum Size Matrices: The Algorithmic Complexity of Coding Challenges,FUN,conference_paper,"Abdelmonsef, Abdelrahman; Dong, Xingyu; Průša, Daniel; Wehar, Michael; Xu, Chen",2026,1
https://doi.org/10.4230/LIPIcs.FUN.2026.11,An Almost-Optimal Upper Bound on the Push Number of the Torus Puzzle,FUN,conference_paper,"Caporrella, Matteo; Leucci, Stefano",2026,1
https://doi.org/10.4230/LIPIcs.FUN.2026.12,A Bookworm Climbs up the Polynomial Hierarchy: Meta-Restoration Complexity in Arithmetic Puzzles,FUN,conference_paper,"Chapman, Brynmor; Chung, Lily; Demaine, Erik D.; Irino, Yota; Hendrickson, Della; Kamata, Tonan; Uehara, Ryuhei",2026,1
https://doi.org/10.4230/LIPIcs.FUN.2026.13,The Berlin Safe House Puzzle: Spycraft via Interval Graphs,FUN,conference_paper,"Cordasco, Gennaro; Gargano, Luisa; Rescigno, Adele Anna",2026,1
https://doi.org/10.4230/LIPIcs.FUN.2026.16,Lozenge Tiling by Computing Distances,FUN,conference_paper,"Favreau, Jean-Marie; Gerard, Yan; Lafourcade, Pascal; Robert, Léo",2026,1
https://doi.org/10.4230/LIPIcs.FUN.2026.18,1038 A10s Fit into One A0,FUN,conference_paper,"Friedrich, Noel",2026,1
https://doi.org/10.4230/LIPIcs.FUN.2026.24,On the Complexity of the Maker-Breaker Happy Vertex Game,FUN,conference_paper,"Hilaire, Mathieu; Montfort, Perig; Oijid, Nacim",2026,1
https://doi.org/10.4230/LIPIcs.FUN.2026.28,Weak Binary Search Trees,FUN,conference_paper,"Lauer, Tobias",2026,1
https://doi.org/10.4230/LIPIcs.FUN.2026.3,Hive Is PSPACE-Hard,FUN,conference_paper,"Andel, Daniël I.; Rin, Benjamin G.",2026,1
https://doi.org/10.4230/LIPIcs.FUN.2026.31,A Demigod’s Number for the Rubik’s Cube,FUN,conference_paper,"Merino, Arturo; Subercaseaux, Bernardo",2026,1
https://doi.org/10.4230/LIPIcs.FUN.2026.32,Tetris Is Hard with Just One Piece Type,FUN,conference_paper,"MIT Hardness Group; Brunner, Josh; Demaine, Erik D.; Hendrickson, Della; Li, Jeffery",2026,1
https://doi.org/10.4230/LIPIcs.FUN.2026.37,Covering a Polyomino-Shaped Stain with Non-Overlapping Identical Stickers,FUN,conference_paper,"Oka, Keigo; Inaba, Naoki; Iino, Akira",2026,1
https://doi.org/10.4230/LIPIcs.FUN.2026.4,The Closed Hull Game and the Closed Interval Game,FUN,conference_paper,"Araújo, Samuel N.; Benevides, Fabrício; Martins, Nicolas; Nisse, Nicolas; Sampaio, Rudini",2026,1
https://doi.org/10.4230/LIPIcs.FUN.2026.7,"Nemesis, an Escape Game in Graphs",FUN,conference_paper,"Bergé, Pierre; Dailly, Antoine; Gerard, Yan",2026,1
https://doi.org/10.4230/LIPIcs.FUN.2026.9,MIDTERM Is a Deterministic Technique to Exit Recursive Mazes,FUN,conference_paper,"Bouillaguet, Charles; Cosseron, Orel",2026,1
https://doi.org/10.4230/LIPIcs.GD.2024.10,Constrained Outer-String Representations,GD,conference_paper,"Biedl, Therese; Cornelsen, Sabine; Kratochvíl, Jan; Rutter, Ignaz",2024,1
https://doi.org/10.4230/LIPIcs.GD.2024.11,Monotone Arc Diagrams with Few Biarcs,GD,conference_paper,"Chaplick, Steven; Förster, Henry; Hoffmann, Michael; Kaufmann, Michael",2024,1
https://doi.org/10.4230/LIPIcs.GD.2024.12,The Parameterized Complexity Of Extending Stack Layouts,GD,conference_paper,"Depian, Thomas; Fink, Simon D.; Ganian, Robert; Nöllenburg, Martin",2024,1
https://doi.org/10.4230/LIPIcs.GD.2024.14,Bounding the Treewidth of Outer k-Planar Graphs via Triangulations,GD,conference_paper,"Firman, Oksana; Gutowski, Grzegorz; Kryven, Myroslav; Okada, Yuto; Wolff, Alexander",2024,1
https://doi.org/10.4230/LIPIcs.GD.2024.15,Bundling-Aware Graph Drawing,GD,conference_paper,"Archambault, Daniel; Liotta, Giuseppe; Nöllenburg, Martin; Piselli, Tommaso; Tappini, Alessandra; Wallinger, Markus",2024,1
https://doi.org/10.4230/LIPIcs.GD.2024.16,GraphTrials: Visual Proofs of Graph Properties,GD,conference_paper,"Förster, Henry; Klesen, Felix; Dwyer, Tim; Eades, Peter; Hong, Seok-Hee; Kobourov, Stephen G.; Liotta, Giuseppe; Misue, Kazuo; Montecchiani, Fabrizio; Pastukhov, Alexander; Schreiber, Falk",2024,1
https://doi.org/10.4230/LIPIcs.GD.2024.18,On the Uncrossed Number of Graphs,GD,conference_paper,"Balko, Martin; Hliněný, Petr; Masařík, Tomáš; Orthaber, Joachim; Vogtenhuber, Birgit; Wagner, Mirko H.",2024,1
https://doi.org/10.4230/LIPIcs.GD.2024.19,Weakly Leveled Planarity with Bounded Span,GD,conference_paper,"Bekos, Michael A.; Da Lozzo, Giordano; Frati, Fabrizio; Gupta, Siddharth; Kindermann, Philipp; Liotta, Giuseppe; Rutter, Ignaz; Tollis, Ioannis G.",2024,1
https://doi.org/10.4230/LIPIcs.GD.2024.23,Intersection Graphs with and Without Product Structure,GD,conference_paper,"Merker, Laura; Scherzer, Lena; Schneider, Samuel; Ueckerdt, Torsten",2024,1
https://doi.org/10.4230/LIPIcs.GD.2024.24,Upward Pointset Embeddings of Planar st-Graphs,GD,conference_paper,"Alegría, Carlos; Caroppo, Susanna; Da Lozzo, Giordano; D'Elia, Marco; Di Battista, Giuseppe; Frati, Fabrizio; Grosso, Fabrizio; Patrignani, Maurizio",2024,1
https://doi.org/10.4230/LIPIcs.GD.2024.26,Storylines with a Protagonist,GD,conference_paper,"Hegemann, Tim; Wolff, Alexander",2024,1
https://doi.org/10.4230/LIPIcs.GD.2024.28,On the Edge Density of Bipartite 3-Planar and Bipartite Gap-Planar Graphs,GD,conference_paper,"Büngener, Aaron; Pfister, Maximilian",2024,1
https://doi.org/10.4230/LIPIcs.GD.2024.3,The Euclidean MST-Ratio for Bi-Colored Lattices,GD,conference_paper,"Cultrera di Montesano, Sebastiano; Draganov, Ondřej; Edelsbrunner, Herbert; Saghafian, Morteza",2024,1
https://doi.org/10.4230/LIPIcs.GD.2024.30,Flips in Colorful Triangulations,GD,conference_paper,"Acharya, Rohan; Mütze, Torsten; Verciani, Francesco",2024,1
https://doi.org/10.4230/LIPIcs.GD.2024.32,On the Complexity of Recognizing k^+-Real Face Graphs,GD,conference_paper,"Bekos, Michael A.; Di Battista, Giuseppe; Di Giacomo, Emilio; Didimo, Walter; Kaufmann, Michael; Montecchiani, Fabrizio",2024,1
https://doi.org/10.4230/LIPIcs.GD.2024.34,Separable Drawings: Extendability and Crossing-Free Hamiltonian Cycles,GD,conference_paper,"Aichholzer, Oswin; Orthaber, Joachim; Vogtenhuber, Birgit",2024,1
https://doi.org/10.4230/LIPIcs.GD.2024.38,Harborth’s Conjecture for 4-Regular Planar Graphs,GD,conference_paper,"Chang, Daniel J.; Sun, Timothy",2024,1
https://doi.org/10.4230/LIPIcs.GD.2024.39,Drawing Planar Graphs and 1-Planar Graphs Using Cubic Bézier Curves with Bounded Curvature,GD,conference_paper,"Eppstein, David; Goodrich, Michael T.; Illickan, Abraham M.",2024,1
https://doi.org/10.4230/LIPIcs.GD.2024.4,Enumeration of Intersection Graphs of x-Monotone Curves,GD,conference_paper,"Fox, Jacob; Pach, János; Suk, Andrew",2024,1
https://doi.org/10.4230/LIPIcs.GD.2024.42,From Planar via Outerplanar to Outerpath – Engineering NP-Hardness Constructions (Poster Abstract),GD,conference_paper,"Geis, Joshua; Zink, Johannes",2024,1
https://doi.org/10.4230/LIPIcs.GD.2024.47,Strict Upward Planar Grid Drawings of Binary Trees with Minimal Area (Poster Abstract),GD,conference_paper,"Löffler, Maarten",2024,1
https://doi.org/10.4230/LIPIcs.GD.2024.6,1-Planar Unit Distance Graphs,GD,conference_paper,"Gehér, Panna; Tóth, Géza",2024,1
https://doi.org/10.4230/LIPIcs.GD.2024.9,Partitioning Complete Geometric Graphs on Dense Point Sets into Plane Subgraphs,GD,conference_paper,"Dumitrescu, Adrian; Pach, János",2024,1
https://doi.org/10.4230/LIPIcs.GD.2025.10,The Bend Number of Cocomparability Graphs,GD,conference_paper,"Antić, Todor; Jelínek, Vit; Pergel, Martin; Schröder, Felix; Stumpf, Peter; Valtr, Pavel",2025,1
https://doi.org/10.4230/LIPIcs.GD.2025.12,Flipping Odd Matchings in Geometric and Combinatorial Settings,GD,conference_paper,"Aichholzer, Oswin; Brenner, Sofia; Dorfer, Joseph; Hoang, Hung P.; Perz, Daniel; Rieck, Christian; Verciani, Francesco",2025,1
https://doi.org/10.4230/LIPIcs.GD.2025.13,Separability of Witness Gabriel Drawings,GD,conference_paper,"Haase, Carolina; Kindermann, Philipp; Lenhart, William; Liotta, Giuseppe",2025,1
https://doi.org/10.4230/LIPIcs.GD.2025.14,OOPS: Optimized One-Planarity Solver via SAT,GD,conference_paper,"Pupyrev, Sergey",2025,1
https://doi.org/10.4230/LIPIcs.GD.2025.15,Crossing Number of Simple 3-Plane Drawings,GD,conference_paper,"Goetze, Miriam; Hoffmann, Michael; Rutter, Ignaz; Ueckerdt, Torsten",2025,1
https://doi.org/10.4230/LIPIcs.GD.2025.19,Crossing and Non-Crossing Families,GD,conference_paper,"Antić, Todor; Balko, Martin; Vogtenhuber, Birgit",2025,1
https://doi.org/10.4230/LIPIcs.GD.2025.23,The Price of Connectivity Augmentation on Planar Graphs,GD,conference_paper,"A. Akitaya, Hugo; Dallant, Justin; Demaine, Erik D.; Kaufmann, Michael; Kleist, Linda; Stock, Frederick; Tóth, Csaba D.; Ueckerdt, Torsten",2025,1
https://doi.org/10.4230/LIPIcs.GD.2025.24,String Graph Obstacles of High Girth and of Bounded Degree,GD,conference_paper,"Chudnovsky, Maria; Eppstein, David; Fischer, David",2025,1
https://doi.org/10.4230/LIPIcs.GD.2025.26,1-Planar Unit Distance Graphs with More Edges Than Matchstick Graphs,GD,conference_paper,"Červenková, Eliška; Kratochvíl, Jan",2025,1
https://doi.org/10.4230/LIPIcs.GD.2025.29,Stabbing Faces by a Convex Curve,GD,conference_paper,"Eppstein, David",2025,1
https://doi.org/10.4230/LIPIcs.GD.2025.33,Edge Densities of Drawings of Graphs with One Forbidden Cell,GD,conference_paper,"Hahn, Benedikt; Ueckerdt, Torsten; Vogtenhuber, Birgit",2025,1
https://doi.org/10.4230/LIPIcs.GD.2025.35,A Walk on the Wild Side: A Shape-First Methodology for Orthogonal Drawings,GD,conference_paper,"Andreola, Giordano; Caroppo, Susanna; Di Battista, Giuseppe; Grosso, Fabrizio; Patrignani, Maurizio; Strippoli, Allegra",2025,1
https://doi.org/10.4230/LIPIcs.GD.2025.36,Reconfiguration in Curve Arrangements to Reduce Self-Intersections and Popular Faces,GD,conference_paper,"Brunck, Florestan; Chang, Hsien-Chih; Löffler, Maarten; Ophelders, Tim; Schlipf, Lena",2025,1
https://doi.org/10.4230/LIPIcs.GD.2025.39,Optimizing Wiggle in Storylines,GD,conference_paper,"Dobler, Alexander; Hegemann, Tim; Nöllenburg, Martin; Wolff, Alexander",2025,1
https://doi.org/10.4230/LIPIcs.GD.2025.40,An Algorithm for Accurate and Simple-Looking Metaphorical Maps,GD,conference_paper,"Katsanou, Eleni; Mchedlidze, Tamara; Symvonis, Antonios; Tolias, Thanos",2025,1
https://doi.org/10.4230/LIPIcs.GD.2025.5,Constrained Flips in Plane Spanning Trees,GD,conference_paper,"Aichholzer, Oswin; Dorfer, Joseph; Vogtenhuber, Birgit",2025,1
https://doi.org/10.4230/LIPIcs.GD.2025.51,Graph Tiles (Poster Abstract),GD,conference_paper,"Aichholzer, Oswin; Ganian, Robert; Keldenich, Phillip; Löffler, Maarten; Meijer, Gert; Weinberger, Alexandra; Wenk, Carola",2025,1
https://doi.org/10.4230/LIPIcs.ICALP.2016.106,Reachability in Networks of Register Protocols under Stochastic Schedulers,ICALP,conference_paper,"Bouyer, Patricia; Markey, Nicolas; Randour, Mickael; Sangnier, Arnaud; Stan, Daniel",2016,1
https://doi.org/10.4230/LIPIcs.ICALP.2016.108,The Decidable Properties of Subrecursive Functions,ICALP,conference_paper,"Hoyrup, Mathieu",2016,1
https://doi.org/10.4230/LIPIcs.ICALP.2016.139,Faster Deterministic Communication in Radio Networks,ICALP,conference_paper,"Czumaj, Artur; Davies, Peter",2016,1
https://doi.org/10.4230/LIPIcs.ICALP.2016.16,Optimal Quantum Algorithm for Polynomial Interpolation,ICALP,conference_paper,"Childs, Andrew M.; van Dam, Wim; Hung, Shih-Han; Shparlinski, Igor E.",2016,1
https://doi.org/10.4230/LIPIcs.ICALP.2016.17,Lower Bounds for the Approximate Degree of Block-Composed Functions,ICALP,conference_paper,"Thaler, Justin",2016,1
https://doi.org/10.4230/LIPIcs.ICALP.2016.23,Voronoi Choice Games,ICALP,conference_paper,"Boppana, Meena; Hod, Rani; Mitzenmacher, Michael; Morgan, Tom",2016,1
https://doi.org/10.4230/LIPIcs.ICALP.2016.29,Do Distributed Differentially-Private Protocols Require Oblivious Transfer?,ICALP,conference_paper,"Goyal, Vipul; Khurana, Dakshita; Mironov, Ilya; Pandey, Omkant; Sahai, Amit",2016,1
https://doi.org/10.4230/LIPIcs.ICALP.2016.4,Model Checking and Strategy Synthesis for Stochastic Games: From Theory to Practice (Invited Talk),ICALP,conference_paper,"Kwiatkowska, Marta Z.",2016,1
https://doi.org/10.4230/LIPIcs.ICALP.2016.43,Carpooling in Social Networks,ICALP,conference_paper,"Fiat, Amos; Karlin, Anna R.; Koutsoupias, Elias; Mathieu, Claire; Zach, Rotem",2016,1
https://doi.org/10.4230/LIPIcs.ICALP.2016.47,Parity Separation: A Scientifically Proven Method for Permanent Weight Loss,ICALP,conference_paper,"Curticapean, Radu",2016,1
https://doi.org/10.4230/LIPIcs.ICALP.2016.5,Fine-Grained Complexity Analysis of Two Classic TSP Variants,ICALP,conference_paper,"de Berg, Mark; Buchin, Kevin; Jansen, Bart M. P.; Woeginger, Gerhard",2016,1
https://doi.org/10.4230/LIPIcs.ICALP.2016.58,Deterministic Time-Space Trade-Offs for k-SUM,ICALP,conference_paper,"Lincoln, Andrea; Vassilevska Williams, Virginia; Wang, Joshua R.; Williams, R. Ryan",2016,1
https://doi.org/10.4230/LIPIcs.ICALP.2016.64,Information Cascades on Arbitrary Topologies,ICALP,conference_paper,"Wan, Jun; Xia, Yu; Li, Liang; Moscibroda, Thomas",2016,1
https://doi.org/10.4230/LIPIcs.ICALP.2016.66,Approximation Algorithms for Aversion k-Clustering via Local k-Median,ICALP,conference_paper,"Gupta, Anupam; Guruganesh, Guru; Schmidt, Melanie",2016,1
https://doi.org/10.4230/LIPIcs.ICALP.2016.7,Constant Congestion Routing of Symmetric Demands in Planar Directed Graphs,ICALP,conference_paper,"Chekuri, Chandra; Ene, Alina; Pilipczuk, Marcin",2016,1
https://doi.org/10.4230/LIPIcs.ICALP.2016.75,Tight Analysis of a Multiple-Swap Heurstic for Budgeted Red-Blue Median,ICALP,conference_paper,"Friggstad, Zachary; Zhang, Yifeng",2016,1
https://doi.org/10.4230/LIPIcs.ICALP.2016.78,Tight Sum-Of-Squares Lower Bounds for Binary Polynomial Optimization Problems,ICALP,conference_paper,"Kurpisz, Adam; Leppänen, Samuli; Mastrolilli, Monaldo",2016,1
https://doi.org/10.4230/LIPIcs.ICALP.2016.83,Impossibility of Sketching of the 3D Transportation Metric with Quadratic Cost,ICALP,conference_paper,"Andoni, Alexandr; Naor, Assaf; Neiman, Ofer",2016,1
https://doi.org/10.4230/LIPIcs.ICALP.2016.86,The Landscape of Communication Complexity Classes,ICALP,conference_paper,"Göös, Mika; Pitassi, Toniann; Watson, Thomas",2016,1
https://doi.org/10.4230/LIPIcs.ICALP.2016.9,Subexponential Time Algorithms for Embedding H-Minor Free Graphs,ICALP,conference_paper,"Bodlaender, Hans L.; Nederlof, Jesper; van der Zanden, Tom C.",2016,1
https://doi.org/10.4230/LIPIcs.ICALP.2016.93,Data Structure Lower Bounds for Document Indexing Problems,ICALP,conference_paper,"Afshani, Peyman; Nielsen, Jesper Sindahl",2016,1
https://doi.org/10.4230/LIPIcs.ICALP.2016.96,Thin MSO with a Probabilistic Path Quantifier,ICALP,conference_paper,"Bojanczyk, Mikolaj",2016,1
https://doi.org/10.4230/LIPIcs.ICALP.2016.97,Deciding Piecewise Testable Separability for Regular Tree Languages,ICALP,conference_paper,"Goubault-Larrecq, Jean; Schmitz, Sylvain",2016,1
https://doi.org/10.4230/LIPIcs.ICALP.2017.113,On Reversible Transducers,ICALP,conference_paper,"Dartois, Luc; Fournier, Paulin; Jecker, Ismaël; Lhote, Nathan",2017,1
https://doi.org/10.4230/LIPIcs.ICALP.2017.115,Continuity and Rational Functions,ICALP,conference_paper,"Cadilhac, Michaël; Carton, Olivier; Paperman, Charles",2017,1
https://doi.org/10.4230/LIPIcs.ICALP.2017.119,Polynomial-Space Completeness of Reachability for Succinct Branching VASS in Dimension One,ICALP,conference_paper,"Figueira, Diego; Lazic, Ranko; Leroux, Jérôme; Mazowiecki, Filip; Sutre, Grégoire",2017,1
https://doi.org/10.4230/LIPIcs.ICALP.2017.132,Deterministic Graph Exploration with Advice,ICALP,conference_paper,"Gorain, Barun; Pelc, Andrzej",2017,1
https://doi.org/10.4230/LIPIcs.ICALP.2017.136,On the Transformation Capability of Feasible Mechanisms for Programmable Matter,ICALP,conference_paper,"Michail, Othon; Skretas, George; Spirakis, Paul G.",2017,1
https://doi.org/10.4230/LIPIcs.ICALP.2017.14,The Infinite Server Problem,ICALP,conference_paper,"Coester, Christian; Koutsoupias, Elias; Lazos, Philip",2017,1
https://doi.org/10.4230/LIPIcs.ICALP.2017.141,Hardness of Computing and Approximating Predicates and Functions with Leaderless Population Protocols,ICALP,conference_paper,"Belleville, Amanda; Doty, David; Soloveichik, David",2017,1
https://doi.org/10.4230/LIPIcs.ICALP.2017.29,The Complexity of Holant Problems over Boolean Domain with Non-Negative Weights,ICALP,conference_paper,"Lin, Jiabao; Wang, Hanpin",2017,1
https://doi.org/10.4230/LIPIcs.ICALP.2017.38,Cryptanalysis of Indistinguishability Obfuscations of Circuits over GGH13,ICALP,conference_paper,"Apon, Daniel; Döttling, Nico; Garg, Sanjam; Mukherjee, Pratyay",2017,1
https://doi.org/10.4230/LIPIcs.ICALP.2017.40,Interactive Oracle Proofs with Constant Rate and Query Complexity,ICALP,conference_paper,"Ben-Sasson, Eli; Chiesa, Alessandro; Gabizon, Ariel; Riabzev, Michael; Spooner, Nicholas",2017,1
https://doi.org/10.4230/LIPIcs.ICALP.2017.49,The Power of Shared Randomness in Uncertain Communication,ICALP,conference_paper,"Ghazi, Badih; Sudan, Madhu",2017,1
https://doi.org/10.4230/LIPIcs.ICALP.2017.52,Randomized Communication vs. Partition Number,ICALP,conference_paper,"Göös, Mika; Jayram, T. S.; Pitassi, Toniann; Watson, Thomas",2017,1
https://doi.org/10.4230/LIPIcs.ICALP.2017.56,Covering Vectors by Spaces: Regular Matroids,ICALP,conference_paper,"Fomin, Fedor V.; Golovach, Petr A.; Lokshtanov, Daniel; Saurabh, Saket",2017,1
https://doi.org/10.4230/LIPIcs.ICALP.2017.66,A Polynomial-Time Randomized Reduction from Tournament Isomorphism to Tournament Asymmetry,ICALP,conference_paper,"Schweitzer, Pascal",2017,1
https://doi.org/10.4230/LIPIcs.ICALP.2017.71,Packing Cycles Faster Than Erdos-Posa,ICALP,conference_paper,"Lokshtanov, Daniel; Mouawad, Amer E.; Saurabh, Saket; Zehavi, Meirav",2017,1
https://doi.org/10.4230/LIPIcs.ICALP.2017.73,Preserving Distances in Very Faulty Graphs,ICALP,conference_paper,"Bodwin, Greg; Grandoni, Fabrizio; Parter, Merav; Vassilevska Williams, Virginia",2017,1
https://doi.org/10.4230/LIPIcs.ICALP.2017.78,A Birthday Repetition Theorem and Complexity of Approximating Dense CSPs,ICALP,conference_paper,"Manurangsi, Pasin; Raghavendra, Prasad",2017,1
https://doi.org/10.4230/LIPIcs.ICALP.2017.87,Bipartite Perfect Matching in Pseudo-Deterministic NC,ICALP,conference_paper,"Goldwasser, Shafi; Grossman, Ofer",2017,1
https://doi.org/10.4230/LIPIcs.ICALP.2017.88,A Linear Lower Bound for Incrementing a Space-Optimal Integer Representation in the Bit-Probe Model,ICALP,conference_paper,"Raskin, Mikhail",2017,1
https://doi.org/10.4230/LIPIcs.ICALP.2017.93,Subspace-Invariant AC^0 Formulas,ICALP,conference_paper,"Rossman, Benjamin",2017,1
https://doi.org/10.4230/LIPIcs.ICALP.2018.102,Load Thresholds for Cuckoo Hashing with Overlapping Blocks,ICALP,conference_paper,"Walzer, Stefan",2018,1
https://doi.org/10.4230/LIPIcs.ICALP.2018.105,Brief Announcement: Zero-Knowledge Protocols for Search Problems,ICALP,conference_paper,"Berger, Ben; Brakerski, Zvika",2018,1
https://doi.org/10.4230/LIPIcs.ICALP.2018.115,Topological Sorting with Regular Constraints,ICALP,conference_paper,"Amarilli, Antoine; Paperman, Charles",2018,1
https://doi.org/10.4230/LIPIcs.ICALP.2018.121,When is Containment Decidable for Probabilistic Automata?,ICALP,conference_paper,"Daviaud, Laure; Jurdzinski, Marcin; Lazic, Ranko; Mazowiecki, Filip; Pérez, Guillermo A.; Worrell, James",2018,1
https://doi.org/10.4230/LIPIcs.ICALP.2018.126,First-Order Interpretations of Bounded Expansion Classes,ICALP,conference_paper,"Gajarský, Jakub; Kreutzer, Stephan; Nesetril, Jaroslav; Ossona de Mendez, Patrice; Pilipczuk, Michal; Siebertz, Sebastian; Torunczyk, Szymon",2018,1
https://doi.org/10.4230/LIPIcs.ICALP.2018.128,Aperiodic Points in Z²-subshifts,ICALP,conference_paper,"Grandjean, Anael; Hellouin de Menibus, Benjamin; Vanier, Pascal",2018,1
https://doi.org/10.4230/LIPIcs.ICALP.2018.136,An Optimal Bound on the Solution Sets of One-Variable Word Equations and its Consequences,ICALP,conference_paper,"Nowotka, Dirk; Saarela, Aleksi",2018,1
https://doi.org/10.4230/LIPIcs.ICALP.2018.138,A Superpolynomial Lower Bound for the Size of Non-Deterministic Complement of an Unambiguous Automaton,ICALP,conference_paper,"Raskin, Mikhail",2018,1
https://doi.org/10.4230/LIPIcs.ICALP.2018.139,The Isomorphism Problem for Finite Extensions of Free Groups Is In PSPACE,ICALP,conference_paper,"Sénizergues, Géraud; Weiß, Armin",2018,1
https://doi.org/10.4230/LIPIcs.ICALP.2018.147,Byzantine Gathering in Polynomial Time,ICALP,conference_paper,"Bouchard, Sébastien; Dieudonné, Yoann; Lamani, Anissa",2018,1
https://doi.org/10.4230/LIPIcs.ICALP.2018.15,NP-Hardness of Coloring 2-Colorable Hypergraph with Poly-Logarithmically Many Colors,ICALP,conference_paper,"Bhangale, Amey",2018,1
https://doi.org/10.4230/LIPIcs.ICALP.2018.154,Efficient Black-Box Reductions for Separable Cost Sharing,ICALP,conference_paper,"Harks, Tobias; Hoefer, Martin; Huber, Anja; Surek, Manuel",2018,1
https://doi.org/10.4230/LIPIcs.ICALP.2018.17,Parameterized Intractability of Even Set and Shortest Vector Problem from Gap-ETH,ICALP,conference_paper,"Bhattacharyya, Arnab; Ghoshal, Suprovat; C. S., Karthik; Manurangsi, Pasin",2018,1
https://doi.org/10.4230/LIPIcs.ICALP.2018.23,Geodesic Obstacle Representation of Graphs,ICALP,conference_paper,"Bose, Prosenjit; Carmi, Paz; Dujmovic, Vida; Mehrabi, Saeed; Montecchiani, Fabrizio; Morin, Pat; Silveira, Luis Fernando Schultz Xavier da",2018,1
https://doi.org/10.4230/LIPIcs.ICALP.2018.24,The Bottleneck Complexity of Secure Multiparty Computation,ICALP,conference_paper,"Boyle, Elette; Jain, Abhishek; Prabhakaran, Manoj; Yu, Ching-Hua",2018,1
https://doi.org/10.4230/LIPIcs.ICALP.2018.27,Fine-Grained Derandomization: From Problem-Centric to Resource-Centric Complexity,ICALP,conference_paper,"Carmosino, Marco L.; Impagliazzo, Russell; Sabin, Manuel",2018,1
https://doi.org/10.4230/LIPIcs.ICALP.2018.40,Lovász Meets Weisfeiler and Leman,ICALP,conference_paper,"Dell, Holger; Grohe, Martin; Rattan, Gaurav",2018,1
https://doi.org/10.4230/LIPIcs.ICALP.2018.42,Approximating All-Pair Bounded-Leg Shortest Path and APSP-AF in Truly-Subcubic Time,ICALP,conference_paper,"Duan, Ran; Ren, Hanlin",2018,1
https://doi.org/10.4230/LIPIcs.ICALP.2018.43,Single-Source Bottleneck Path Algorithm Faster than Sorting for Sparse Graphs,ICALP,conference_paper,"Duan, Ran; Lyu, Kaifeng; Xie, Yuanhang",2018,1
https://doi.org/10.4230/LIPIcs.ICALP.2018.47,Additive Non-Approximability of Chromatic Number in Proper Minor-Closed Classes,ICALP,conference_paper,"Dvorák, Zdenek; Kawarabayashi, Ken-ichi",2018,1
https://doi.org/10.4230/LIPIcs.ICALP.2018.51,Fully-Dynamic Bin Packing with Little Repacking,ICALP,conference_paper,"Feldkord, Björn; Feldotto, Matthias; Gupta, Anupam; Guruganesh, Guru; Kumar, Amit; Riechers, Sören; Wajc, David",2018,1
https://doi.org/10.4230/LIPIcs.ICALP.2018.53,Parameterized Low-Rank Binary Matrix Approximation,ICALP,conference_paper,"Fomin, Fedor V.; Golovach, Petr A.; Panolan, Fahad",2018,1
https://doi.org/10.4230/LIPIcs.ICALP.2018.6,One-Way Trail Orientations,ICALP,conference_paper,"Aamand, Anders; Hjuler, Niklas; Holm, Jacob; Rotenberg, Eva",2018,1
https://doi.org/10.4230/LIPIcs.ICALP.2018.60,ARRIVAL: Next Stop in CLS,ICALP,conference_paper,"Gärtner, Bernd; Hansen, Thomas Dueholm; Hubácek, Pavel; Král, Karel; Mosaad, Hagar; Slívová, Veronika",2018,1
https://doi.org/10.4230/LIPIcs.ICALP.2018.66,Gray Codes and Symmetric Chains,ICALP,conference_paper,"Gregor, Petr; Jäger, Sven; Mütze, Torsten; Sawada, Joe; Wille, Kaja",2018,1
https://doi.org/10.4230/LIPIcs.ICALP.2018.68,A Polynomial-Time Approximation Algorithm for All-Terminal Network Reliability,ICALP,conference_paper,"Guo, Heng; Jerrum, Mark",2018,1
https://doi.org/10.4230/LIPIcs.ICALP.2018.73,An Exponential Separation Between MA and AM Proofs of Proximity,ICALP,conference_paper,"Gur, Tom; Liu, Yang P.; Rothblum, Ron D.",2018,1
https://doi.org/10.4230/LIPIcs.ICALP.2018.8,Tighter Connections Between Formula-SAT and Shaving Logs,ICALP,conference_paper,"Abboud, Amir; Bringmann, Karl",2018,1
https://doi.org/10.4230/LIPIcs.ICALP.2018.86,Finer Tight Bounds for Coloring on Clique-Width,ICALP,conference_paper,"Lampis, Michael",2018,1
https://doi.org/10.4230/LIPIcs.ICALP.2018.91,Approximate Low-Weight Check Codes and Circuit Lower Bounds for Noisy Ground States,ICALP,conference_paper,"Nirkhe, Chinmay; Vazirani, Umesh; Yuen, Henry",2018,1
https://doi.org/10.4230/LIPIcs.ICALP.2018.94,Parameterized Algorithms for Zero Extension and Metric Labelling Problems,ICALP,conference_paper,"Reidl, Felix; Wahlström, Magnus",2018,1
https://doi.org/10.4230/LIPIcs.ICALP.2018.95,An Operational Characterization of Mutual Information in Algorithmic Information Theory,ICALP,conference_paper,"Romashchenko, Andrei; Zimand, Marius",2018,1
https://doi.org/10.4230/LIPIcs.ICALP.2018.96,Privacy Preserving Clustering with Constraints,ICALP,conference_paper,"Rösner, Clemens; Schmidt, Melanie",2018,1
https://doi.org/10.4230/LIPIcs.ICALP.2019.102,"On the Complexity of Value Iteration (Track B: Automata, Logic, Semantics, and Theory of Programming)",ICALP,conference_paper,"Balaji, Nikhil; Kiefer, Stefan; Novotný, Petr; Pérez, Guillermo A.; Shirmohammadi, Mahsa",2019,1
https://doi.org/10.4230/LIPIcs.ICALP.2019.108,"Completeness of Graphical Languages for Mixed States Quantum Mechanics (Track B: Automata, Logic, Semantics, and Theory of Programming)",ICALP,conference_paper,"Carette, Titouan; Jeandel, Emmanuel; Perdrix, Simon; Vilmart, Renaud",2019,1
https://doi.org/10.4230/LIPIcs.ICALP.2019.113,"Counting Answers to Existential Questions (Track B: Automata, Logic, Semantics, and Theory of Programming)",ICALP,conference_paper,"Dell, Holger; Roth, Marc; Wellnitz, Philip",2019,1
https://doi.org/10.4230/LIPIcs.ICALP.2019.122,"Equivalence of Finite-Valued Streaming String Transducers Is Decidable (Track B: Automata, Logic, Semantics, and Theory of Programming)",ICALP,conference_paper,"Muscholl, Anca; Puppis, Gabriele",2019,1
https://doi.org/10.4230/LIPIcs.ICALP.2019.124,"Automatic Semigroups vs Automaton Semigroups (Track B: Automata, Logic, Semantics, and Theory of Programming)",ICALP,conference_paper,"Picantin, Matthieu",2019,1
https://doi.org/10.4230/LIPIcs.ICALP.2019.132,Distributed Detection of Cliques in Dynamic Networks,ICALP,conference_paper,"Bonne, Matthias; Censor-Hillel, Keren",2019,1
https://doi.org/10.4230/LIPIcs.ICALP.2019.134,Temporal Cliques Admit Sparse Spanners,ICALP,conference_paper,"Casteigts, Arnaud; Peters, Joseph G.; Schoeters, Jason",2019,1
https://doi.org/10.4230/LIPIcs.ICALP.2019.135,Distributed Reconfiguration of Maximal Independent Sets,ICALP,conference_paper,"Censor-Hillel, Keren; Rabie, Mikaël",2019,1
https://doi.org/10.4230/LIPIcs.ICALP.2019.139,Exploration of High-Dimensional Grids by Finite Automata,ICALP,conference_paper,"Dobrev, Stefan; Narayanan, Lata; Opatrny, Jaroslav; Pankratov, Denis",2019,1
https://doi.org/10.4230/LIPIcs.ICALP.2019.140,Deterministic Leader Election in Programmable Matter,ICALP,conference_paper,"Emek, Yuval; Kutten, Shay; Lavi, Ron; Moses Jr., William K.",2019,1
https://doi.org/10.4230/LIPIcs.ICALP.2019.148,Noidy Conmunixatipn: On the Convergence of the Averaging Population Protocol,ICALP,conference_paper,"Mallmann-Trenn, Frederik; Maus, Yannic; Pajak, Dominik",2019,1
https://doi.org/10.4230/LIPIcs.ICALP.2019.150,On the Complexity of Local Graph Transformations,ICALP,conference_paper,"Scheideler, Christian; Setzer, Alexander",2019,1
https://doi.org/10.4230/LIPIcs.ICALP.2019.151,Network Investment Games with Wardrop Followers,ICALP,conference_paper,"Schmand, Daniel; Schröder, Marc; Skopalik, Alexander",2019,1
https://doi.org/10.4230/LIPIcs.ICALP.2019.23,Finding Tutte Paths in Linear Time,ICALP,conference_paper,"Biedl, Therese; Kindermann, Philipp",2019,1
https://doi.org/10.4230/LIPIcs.ICALP.2019.24,Approximate Counting of k-Paths: Deterministic and in Polynomial Space,ICALP,conference_paper,"Björklund, Andreas; Lokshtanov, Daniel; Saurabh, Saket; Zehavi, Meirav",2019,1
https://doi.org/10.4230/LIPIcs.ICALP.2019.27,"Quantum SDP Solvers: Large Speed-Ups, Optimality, and Applications to Quantum Learning",ICALP,conference_paper,"Brandão, Fernando G. S. L.; Kalev, Amir; Li, Tongyang; Lin, Cedric Yen-Yu; Svore, Krysta M.; Wu, Xiaodi",2019,1
https://doi.org/10.4230/LIPIcs.ICALP.2019.28,A Simple Protocol for Verifiable Delegation of Quantum Computation in One Round,ICALP,conference_paper,"Grilo, Alex B.",2019,1
https://doi.org/10.4230/LIPIcs.ICALP.2019.31,Covert Computation in Self-Assembled Circuits,ICALP,conference_paper,"Cantu, Angel A.; Luchsinger, Austin; Schweller, Robert; Wylie, Tim",2019,1
https://doi.org/10.4230/LIPIcs.ICALP.2019.32,Randomness and Intractability in Kolmogorov Complexity,ICALP,conference_paper,"Oliveira, Igor Carboni",2019,1
https://doi.org/10.4230/LIPIcs.ICALP.2019.34,Unlabeled Sample Compression Schemes and Corner Peelings for Ample and Maximum Classes,ICALP,conference_paper,"Chalopin, Jérémie; Chepoi, Victor; Moran, Shay; Warmuth, Manfred K.",2019,1
https://doi.org/10.4230/LIPIcs.ICALP.2019.39,Circuit Lower Bounds for MCSP from Local Pseudorandom Generators,ICALP,conference_paper,"Cheraghchi, Mahdi; Kabanets, Valentine; Lu, Zhenjian; Myrisiotis, Dimitrios",2019,1
https://doi.org/10.4230/LIPIcs.ICALP.2019.40,The Norms of Graph Spanners,ICALP,conference_paper,"Chlamtáč, Eden; Dinitz, Michael; Robinson, Thomas",2019,1
https://doi.org/10.4230/LIPIcs.ICALP.2019.45,Independent Sets in Vertex-Arrival Streams,ICALP,conference_paper,"Cormode, Graham; Dark, Jacques; Konrad, Christian",2019,1
https://doi.org/10.4230/LIPIcs.ICALP.2019.49,Faster Approximation Algorithms for Computing Shortest Cycles on Weighted Graphs,ICALP,conference_paper,"Ducoffe, Guillaume",2019,1
https://doi.org/10.4230/LIPIcs.ICALP.2019.53,A Nearly-Linear Time Algorithm for Submodular Maximization with a Knapsack Constraint,ICALP,conference_paper,"Ene, Alina; Nguyen, Huy L.",2019,1
https://doi.org/10.4230/LIPIcs.ICALP.2019.59,Covering Vectors by Spaces in Perturbed Graphic Matroids and Their Duals,ICALP,conference_paper,"Fomin, Fedor V.; Golovach, Petr A.; Lokshtanov, Daniel; Saurabh, Saket; Zehavi, Meirav",2019,1
https://doi.org/10.4230/LIPIcs.ICALP.2019.6,Complexity-Theoretic Limitations on Blind Delegated Quantum Computation,ICALP,conference_paper,"Aaronson, Scott; Cojocaru, Alexandru; Gheorghiu, Alexandru; Kashefi, Elham",2019,1
https://doi.org/10.4230/LIPIcs.ICALP.2019.66,AC^0[p] Lower Bounds Against MCSP via the Coin Problem,ICALP,conference_paper,"Golovnev, Alexander; Ilango, Rahul; Impagliazzo, Russell; Kabanets, Valentine; Kolokolova, Antonina; Tal, Avishay",2019,1
https://doi.org/10.4230/LIPIcs.ICALP.2019.69,Quantum Chebyshev’s Inequality and Applications,ICALP,conference_paper,"Hamoudi, Yassine; Magniez, Frédéric",2019,1
https://doi.org/10.4230/LIPIcs.ICALP.2019.70,Retracting Graphs to Cycles,ICALP,conference_paper,"Haney, Samuel; Liaee, Mehraneh; Maggs, Bruce M.; Panigrahi, Debmalya; Rajaraman, Rajmohan; Sundaram, Ravi",2019,1
https://doi.org/10.4230/LIPIcs.ICALP.2019.71,On Adaptive Algorithms for Maximum Matching,ICALP,conference_paper,"Hegerfeld, Falko; Kratsch, Stefan",2019,1
https://doi.org/10.4230/LIPIcs.ICALP.2019.77,Testing the Complexity of a Valued CSP Language,ICALP,conference_paper,"Kolmogorov, Vladimir",2019,1
https://doi.org/10.4230/LIPIcs.ICALP.2019.81,A Simple Gap-Producing Reduction for the Parameterized Set Cover Problem,ICALP,conference_paper,"Lin, Bingkai",2019,1
https://doi.org/10.4230/LIPIcs.ICALP.2019.86,Scheduling to Approximate Minimization Objectives on Identical Machines,ICALP,conference_paper,"Moseley, Benjamin",2019,1
https://doi.org/10.4230/LIPIcs.ICALP.2019.93,"Random Walks on Dynamic Graphs: Mixing Times, Hitting Times, and Return Probabilities",ICALP,conference_paper,"Sauerwald, Thomas; Zanetti, Luca",2019,1
https://doi.org/10.4230/LIPIcs.ICALP.2019.95,"Dynamic Ordered Sets with Approximate Queries, Approximate Heaps and Soft Heaps",ICALP,conference_paper,"Thorup, Mikkel; Zamir, Or; Zwick, Uri",2019,1
https://doi.org/10.4230/LIPIcs.ICALP.2020.100,On the Degree of Boolean Functions as Polynomials over ℤ_m,ICALP,conference_paper,"Sun, Xiaoming; Sun, Yuan; Wang, Jiaheng; Wu, Kewen; Xia, Zhiyu; Zheng, Yufan",2020,1
https://doi.org/10.4230/LIPIcs.ICALP.2020.101,On Quasipolynomial Multicut-Mimicking Networks and Kernelization of Multiway Cut Problems,ICALP,conference_paper,"Wahlström, Magnus",2020,1
https://doi.org/10.4230/LIPIcs.ICALP.2020.103,Graph Isomorphism in Quasipolynomial Time Parameterized by Treewidth,ICALP,conference_paper,"Wiebking, Daniel",2020,1
https://doi.org/10.4230/LIPIcs.ICALP.2020.106,Decision Problems in Information Theory,ICALP,conference_paper,"Abo Khamis, Mahmoud; Kolaitis, Phokion G.; Ngo, Hung Q.; Suciu, Dan",2020,1
https://doi.org/10.4230/LIPIcs.ICALP.2020.109,"Cost Automata, Safe Schemes, and Downward Closures",ICALP,conference_paper,"Barozzini, David; Clemente, Lorenzo; Colcombet, Thomas; Parys, Paweł",2020,1
https://doi.org/10.4230/LIPIcs.ICALP.2020.11,Graph Coloring via Degeneracy in Streaming and Other Space-Conscious Models,ICALP,conference_paper,"Bera, Suman K.; Chakrabarti, Amit; Ghosh, Prantar",2020,1
https://doi.org/10.4230/LIPIcs.ICALP.2020.110,Sensitive Instances of the Constraint Satisfaction Problem,ICALP,conference_paper,"Barto, Libor; Kozik, Marcin; Tan, Johnson; Valeriote, Matt",2020,1
https://doi.org/10.4230/LIPIcs.ICALP.2020.113,Single-Use Automata and Transducers for Infinite Alphabets,ICALP,conference_paper,"Bojańczyk, Mikołaj; Stefański, Rafał",2020,1
https://doi.org/10.4230/LIPIcs.ICALP.2020.115,On the Size of Finite Rational Matrix Semigroups,ICALP,conference_paper,"Bumpus, Georgina; Haase, Christoph; Kiefer, Stefan; Stoienescu, Paul-Ioan; Tanner, Jonathan",2020,1
https://doi.org/10.4230/LIPIcs.ICALP.2020.119,On the Power of Ordering in Linear Arithmetic Theories,ICALP,conference_paper,"Chistikov, Dmitry; Haase, Christoph",2020,1
https://doi.org/10.4230/LIPIcs.ICALP.2020.12,Improved Bounds for Matching in Random-Order Streams,ICALP,conference_paper,"Bernstein, Aaron",2020,1
https://doi.org/10.4230/LIPIcs.ICALP.2020.126,The Complexity of Knapsack Problems in Wreath Products,ICALP,conference_paper,"Figelius, Michael; Ganardi, Moses; Lohrey, Markus; Zetzsche, Georg",2020,1
https://doi.org/10.4230/LIPIcs.ICALP.2020.133,On Decidability of Time-Bounded Reachability in CTMDPs,ICALP,conference_paper,"Majumdar, Rupak; Salamati, Mahmoud; Soudjani, Sadegh",2020,1
https://doi.org/10.4230/LIPIcs.ICALP.2020.135,Implicit Automata in Typed λ-Calculi I: Aperiodicity in a Non-Commutative Logic,ICALP,conference_paper,"Nguyễn, Lê Thành Dũng; Pradic, Cécilia",2020,1
https://doi.org/10.4230/LIPIcs.ICALP.2020.136,Computing Measures of Weak-MSO Definable Sets of Trees,ICALP,conference_paper,"Niwiński, Damian; Przybyłko, Marcin; Skrzypczak, Michał",2020,1
https://doi.org/10.4230/LIPIcs.ICALP.2020.139,The Power of a Single Qubit: Two-Way Quantum Finite Automata and the Word Problem,ICALP,conference_paper,"Remscrim, Zachary",2020,1
https://doi.org/10.4230/LIPIcs.ICALP.2020.140,Hardness Results for Constant-Free Pattern Languages and Word Equations,ICALP,conference_paper,"Saarela, Aleksi",2020,1
https://doi.org/10.4230/LIPIcs.ICALP.2020.16,Bridge-Depth Characterizes Which Structural Parameterizations of Vertex Cover Admit a Polynomial Kernel,ICALP,conference_paper,"Bougeret, Marin; Jansen, Bart M. P.; Sau, Ignasi",2020,1
https://doi.org/10.4230/LIPIcs.ICALP.2020.33,On Packing Low-Diameter Spanning Trees,ICALP,conference_paper,"Chuzhoy, Julia; Parter, Merav; Tan, Zihan",2020,1
https://doi.org/10.4230/LIPIcs.ICALP.2020.34,Online Two-Dimensional Load Balancing,ICALP,conference_paper,"Cohen, Ilan; Im, Sungjin; Panigrahi, Debmalya",2020,1
https://doi.org/10.4230/LIPIcs.ICALP.2020.36,Symmetric Arithmetic Circuits,ICALP,conference_paper,"Dawar, Anuj; Wilsenach, Gregory",2020,1
https://doi.org/10.4230/LIPIcs.ICALP.2020.38,Tree Polymatrix Games Are PPAD-Hard,ICALP,conference_paper,"Deligkas, Argyrios; Fearnley, John; Savani, Rahul",2020,1
https://doi.org/10.4230/LIPIcs.ICALP.2020.4,Scheduling Lower Bounds via AND Subset Sum,ICALP,conference_paper,"Abboud, Amir; Bringmann, Karl; Hermelin, Danny; Shabtay, Dvir",2020,1
https://doi.org/10.4230/LIPIcs.ICALP.2020.40,Hard Problems on Random Graphs,ICALP,conference_paper,"Dreier, Jan; Lotze, Henri; Rossmanith, Peter",2020,1
https://doi.org/10.4230/LIPIcs.ICALP.2020.42,The Outer Limits of Contention Resolution on Matroids and Connections to the Secretary Problem,ICALP,conference_paper,"Dughmi, Shaddin",2020,1
https://doi.org/10.4230/LIPIcs.ICALP.2020.43,Extending Partial 1-Planar Drawings,ICALP,conference_paper,"Eiben, Eduard; Ganian, Robert; Hamm, Thekla; Klute, Fabian; Nöllenburg, Martin",2020,1
https://doi.org/10.4230/LIPIcs.ICALP.2020.44,How to Hide a Clique?,ICALP,conference_paper,"Feige, Uriel; Grinberg, Vadim",2020,1
https://doi.org/10.4230/LIPIcs.ICALP.2020.56,Robust Algorithms Under Adversarial Injections,ICALP,conference_paper,"Garg, Paritosh; Kale, Sagar; Rohwedder, Lars; Svensson, Ola",2020,1
https://doi.org/10.4230/LIPIcs.ICALP.2020.69,Online Algorithms for Weighted Paging with Predictions,ICALP,conference_paper,"Jiang, Zhihao; Panigrahi, Debmalya; Sun, Kevin",2020,1
https://doi.org/10.4230/LIPIcs.ICALP.2020.7,Dynamic Averaging Load Balancing on Cycles,ICALP,conference_paper,"Alistarh, Dan; Nadiradze, Giorgi; Sabour, Amirmojtaba",2020,1
https://doi.org/10.4230/LIPIcs.ICALP.2020.72,Knapsack Secretary with Bursty Adversary,ICALP,conference_paper,"Kesselheim, Thomas; Molinaro, Marco",2020,1
https://doi.org/10.4230/LIPIcs.ICALP.2020.73,The Iteration Number of Colour Refinement,ICALP,conference_paper,"Kiefer, Sandra; McKay, Brendan D.",2020,1
https://doi.org/10.4230/LIPIcs.ICALP.2020.78,Faster Random k-CNF Satisfiability,ICALP,conference_paper,"Lincoln, Andrea; Yedidia, Adam",2020,1
https://doi.org/10.4230/LIPIcs.ICALP.2020.81,Near Optimal Algorithm for the Directed Single Source Replacement Paths Problem,ICALP,conference_paper,"Chechik, Shiri; Magen, Ofer",2020,1
https://doi.org/10.4230/LIPIcs.ICALP.2020.83,Can Verifiable Delay Functions Be Based on Random Oracles?,ICALP,conference_paper,"Mahmoody, Mohammad; Smith, Caleb; Wu, David J.",2020,1
https://doi.org/10.4230/LIPIcs.ICALP.2020.85,Proportionally Fair Clustering Revisited,ICALP,conference_paper,"Micha, Evi; Shah, Nisarg",2020,1
https://doi.org/10.4230/LIPIcs.ICALP.2020.93,A Spectral Bound on Hypergraph Discrepancy,ICALP,conference_paper,"Potukuchi, Aditya",2020,1
https://doi.org/10.4230/LIPIcs.ICALP.2020.95,An FPT-Algorithm for Recognizing k-Apices of Minor-Closed Graph Classes,ICALP,conference_paper,"Sau, Ignasi; Stamoulis, Giannos; Thilikos, Dimitrios M.",2020,1
https://doi.org/10.4230/LIPIcs.ICALP.2020.97,Quasi-Majority Functional Voting on Expander Graphs,ICALP,conference_paper,"Shimizu, Nobutaka; Shiraga, Takeharu",2020,1
https://doi.org/10.4230/LIPIcs.ICALP.2021.10,An Output-Sensitive Algorithm for Computing the Union of Cubes and Fat Boxes in 3D,ICALP,conference_paper,"Agarwal, Pankaj K.; Steiger, Alex",2021,1
https://doi.org/10.4230/LIPIcs.ICALP.2021.101,Optimal-Time Queries on BWT-Runs Compressed Indexes,ICALP,conference_paper,"Nishimoto, Takaaki; Tabei, Yasuo",2021,1
https://doi.org/10.4230/LIPIcs.ICALP.2021.105,The Structure of Minimum Vertex Cuts,ICALP,conference_paper,"Pettie, Seth; Yin, Longhui",2021,1
https://doi.org/10.4230/LIPIcs.ICALP.2021.106,Knapsack and Subset Sum with Small Items,ICALP,conference_paper,"Polak, Adam; Rohwedder, Lars; Węgrzycki, Karol",2021,1
https://doi.org/10.4230/LIPIcs.ICALP.2021.107,Multiple Random Walks on Graphs: Mixing Few to Cover Many,ICALP,conference_paper,"Rivera, Nicolás; Sauerwald, Thomas; Sylvester, John",2021,1
https://doi.org/10.4230/LIPIcs.ICALP.2021.108,"Detecting and Counting Small Subgraphs, and Evaluating a Parameterized Tutte Polynomial: Lower Bounds via Toroidal Grids and Cayley Graph Expanders",ICALP,conference_paper,"Roth, Marc; Schmitt, Johannes; Wellnitz, Philip",2021,1
https://doi.org/10.4230/LIPIcs.ICALP.2021.109,The Greedy Algorithm Is not Optimal for On-Line Edge Coloring,ICALP,conference_paper,"Saberi, Amin; Wajc, David",2021,1
https://doi.org/10.4230/LIPIcs.ICALP.2021.113,Breaking the 2ⁿ Barrier for 5-Coloring and 6-Coloring,ICALP,conference_paper,"Zamir, Or",2021,1
https://doi.org/10.4230/LIPIcs.ICALP.2021.116,Dynamic Membership for Regular Languages,ICALP,conference_paper,"Amarilli, Antoine; Jachiet, Louis; Paperman, Charles",2021,1
https://doi.org/10.4230/LIPIcs.ICALP.2021.12,Faster Algorithms for Bounded Tree Edit Distance,ICALP,conference_paper,"Akmal, Shyan; Jin, Ce",2021,1
https://doi.org/10.4230/LIPIcs.ICALP.2021.120,Datalog-Expressibility for Monadic and Guarded Second-Order Logic,ICALP,conference_paper,"Bodirsky, Manuel; Knäuer, Simon; Rudolph, Sebastian",2021,1
https://doi.org/10.4230/LIPIcs.ICALP.2021.123,Optimal Transformations of Games and Automata Using Muller Conditions,ICALP,conference_paper,"Casares, Antonio; Colcombet, Thomas; Fijalkow, Nathanaël",2021,1
https://doi.org/10.4230/LIPIcs.ICALP.2021.130,The Theory of Concatenation over Finite Models,ICALP,conference_paper,"Freydenberger, Dominik D.; Peterfreund, Liat",2021,1
https://doi.org/10.4230/LIPIcs.ICALP.2021.134,Logarithmic Weisfeiler-Leman Identifies All Planar Graphs,ICALP,conference_paper,"Grohe, Martin; Kiefer, Sandra",2021,1
https://doi.org/10.4230/LIPIcs.ICALP.2021.14,Efficient Splitting of Necklaces,ICALP,conference_paper,"Alon, Noga; Graur, Andrei",2021,1
https://doi.org/10.4230/LIPIcs.ICALP.2021.2,Symmetries and Complexity (Invited Talk),ICALP,conference_paper,"Bulatov, Andrei A.",2021,1
https://doi.org/10.4230/LIPIcs.ICALP.2021.26,Using a Geometric Lens to Find k Disjoint Shortest Paths,ICALP,conference_paper,"Bentert, Matthias; Nichterlein, André; Renken, Malte; Zschoche, Philipp",2021,1
https://doi.org/10.4230/LIPIcs.ICALP.2021.3,Distributed Subgraph Finding: Progress and Challenges (Invited Talk),ICALP,conference_paper,"Censor-Hillel, Keren",2021,1
https://doi.org/10.4230/LIPIcs.ICALP.2021.32,Graph Similarity and Homomorphism Densities,ICALP,conference_paper,"Böker, Jan",2021,1
https://doi.org/10.4230/LIPIcs.ICALP.2021.40,Current Algorithms for Detecting Subgraphs of Bounded Treewidth Are Probably Optimal,ICALP,conference_paper,"Bringmann, Karl; Slusallek, Jasper",2021,1
https://doi.org/10.4230/LIPIcs.ICALP.2021.41,Fast n-Fold Boolean Convolution via Additive Combinatorics,ICALP,conference_paper,"Bringmann, Karl; Nakos, Vasileios",2021,1
https://doi.org/10.4230/LIPIcs.ICALP.2021.42,Additive Approximation Schemes for Load Balancing Problems,ICALP,conference_paper,"Buchem, Moritz; Rohwedder, Lars; Vredeveld, Tjark; Wiese, Andreas",2021,1
https://doi.org/10.4230/LIPIcs.ICALP.2021.44,Lifting for Constant-Depth Circuits and Applications to MCSP,ICALP,conference_paper,"Carmosino, Marco; Hoover, Kenneth; Impagliazzo, Russell; Kabanets, Valentine; Kolokolova, Antonina",2021,1
https://doi.org/10.4230/LIPIcs.ICALP.2021.45,Sparsification of Directed Graphs via Cut Balance,ICALP,conference_paper,"Cen, Ruoxu; Cheng, Yu; Panigrahi, Debmalya; Sun, Kevin",2021,1
https://doi.org/10.4230/LIPIcs.ICALP.2021.55,Quantum Query Complexity with Matrix-Vector Products,ICALP,conference_paper,"Childs, Andrew M.; Hung, Shih-Han; Li, Tongyang",2021,1
https://doi.org/10.4230/LIPIcs.ICALP.2021.56,Truthful Allocation in Graphs and Hypergraphs,ICALP,conference_paper,"Christodoulou, George; Koutsoupias, Elias; Kovács, Annamária",2021,1
https://doi.org/10.4230/LIPIcs.ICALP.2021.58,Haystack Hunting Hints and Locker Room Communication,ICALP,conference_paper,"Czumaj, Artur; Kontogeorgiou, George; Paterson, Mike",2021,1
https://doi.org/10.4230/LIPIcs.ICALP.2021.61,On Greedily Packing Anchored Rectangles,ICALP,conference_paper,"Damerius, Christoph; Kaaser, Dominik; Kling, Peter; Schneider, Florian",2021,1
https://doi.org/10.4230/LIPIcs.ICALP.2021.62,Approximately Counting Independent Sets of a Given Size in Bounded-Degree Graphs,ICALP,conference_paper,"Davies, Ewan; Perkins, Will",2021,1
https://doi.org/10.4230/LIPIcs.ICALP.2021.63,Linear Time Runs Over General Ordered Alphabets,ICALP,conference_paper,"Ellert, Jonas; Fischer, Johannes",2021,1
https://doi.org/10.4230/LIPIcs.ICALP.2021.66,A Spectral Independence View on Hard Spheres via Block Dynamics,ICALP,conference_paper,"Friedrich, Tobias; Göbel, Andreas; Krejca, Martin S.; Pappik, Marcus",2021,1
https://doi.org/10.4230/LIPIcs.ICALP.2021.70,Universal Algorithms for Clustering Problems,ICALP,conference_paper,"Ganesh, Arun; Maggs, Bruce M.; Panigrahi, Debmalya",2021,1
https://doi.org/10.4230/LIPIcs.ICALP.2021.76,Constructing a Distance Sensitivity Oracle in O(n^2.5794 M) Time,ICALP,conference_paper,"Gu, Yong; Ren, Hanlin",2021,1
https://doi.org/10.4230/LIPIcs.ICALP.2021.88,Sorting Short Integers,ICALP,conference_paper,"Koucký, Michal; Král, Karel",2021,1
https://doi.org/10.4230/LIPIcs.ICALP.2021.92,Minimum Stable Cut and Treewidth,ICALP,conference_paper,"Lampis, Michael",2021,1
https://doi.org/10.4230/LIPIcs.ICALP.2021.95,Degrees and Gaps: Tight Complexity Results of General Factor Problems Parameterized by Treewidth and Cutwidth,ICALP,conference_paper,"Marx, Dániel; Sankar, Govind S.; Schepper, Philipp",2021,1
https://doi.org/10.4230/LIPIcs.ICALP.2021.98,Testing Dynamic Environments: Back to Basics,ICALP,conference_paper,"Nakar, Yonatan; Ron, Dana",2021,1
https://doi.org/10.4230/LIPIcs.ICALP.2022.100,Space Characterizations of Complexity Measures and Size-Space Trade-Offs in Propositional Proof Systems,ICALP,conference_paper,"Papamakarios, Theodoros; Razborov, Alexander",2022,1
https://doi.org/10.4230/LIPIcs.ICALP.2022.105,Explicit and Efficient Construction of Nearly Optimal Rate Codes for the Binary Deletion Channel and the Poisson Repeat Channel,ICALP,conference_paper,"Rubinstein, Ittai",2022,1
https://doi.org/10.4230/LIPIcs.ICALP.2022.108,Polynomial-Time Approximation of Zero-Free Partition Functions,ICALP,conference_paper,"Yao, Penghui; Yin, Yitong; Zhang, Xinyuan",2022,1
https://doi.org/10.4230/LIPIcs.ICALP.2022.110,Universal Complexity Bounds Based on Value Iteration and Application to Entropy Games,ICALP,conference_paper,"Allamigeon, Xavier; Gaubert, Stéphane; Katz, Ricardo D.; Skomra, Mateusz",2022,1
https://doi.org/10.4230/LIPIcs.ICALP.2022.111,Computability of Finite Simplicial Complexes,ICALP,conference_paper,"Amir, Djamel Eddine; Hoyrup, Mathieu",2022,1
https://doi.org/10.4230/LIPIcs.ICALP.2022.115,Strategy Synthesis for Global Window PCTL,ICALP,conference_paper,"Bordais, Benjamin; Busatto-Gaston, Damien; Guha, Shibashis; Raskin, Jean-François",2022,1
https://doi.org/10.4230/LIPIcs.ICALP.2022.118,Dynamic Meta-Theorems for Distance and Matching,ICALP,conference_paper,"Datta, Samir; Gupta, Chetan; Jain, Rahul; Mukherjee, Anish; Sharma, Vimal Raj; Tewari, Raghunath",2022,1
https://doi.org/10.4230/LIPIcs.ICALP.2022.120,Hiding Pebbles When the Output Alphabet Is Unary,ICALP,conference_paper,"Douéneau-Tabot, Gaëtan",2022,1
https://doi.org/10.4230/LIPIcs.ICALP.2022.124,Reachability in Bidirected Pushdown VASS,ICALP,conference_paper,"Ganardi, Moses; Majumdar, Rupak; Pavlogiannis, Andreas; Schütze, Lia; Zetzsche, Georg",2022,1
https://doi.org/10.4230/LIPIcs.ICALP.2022.127,Satisfiability Problems for Finite Groups,ICALP,conference_paper,"Idziak, Paweł M.; Kawałek, Piotr; Krzaczkowski, Jacek; Weiß, Armin",2022,1
https://doi.org/10.4230/LIPIcs.ICALP.2022.128,Linearly Ordered Colourings of Hypergraphs,ICALP,conference_paper,"Nakajima, Tamio-Vesa; Živný, Stanislav",2022,1
https://doi.org/10.4230/LIPIcs.ICALP.2022.129,The Variance-Penalized Stochastic Shortest Path Problem,ICALP,conference_paper,"Piribauer, Jakob; Sankur, Ocan; Baier, Christel",2022,1
https://doi.org/10.4230/LIPIcs.ICALP.2022.133,The Dimension Spectrum Conjecture for Planar Lines,ICALP,conference_paper,"Stull, D. M.",2022,1
https://doi.org/10.4230/LIPIcs.ICALP.2022.18,Deciding Twin-Width at Most 4 Is NP-Complete,ICALP,conference_paper,"Bergé, Pierre; Bonnet, Édouard; Déprés, Hugues",2022,1
https://doi.org/10.4230/LIPIcs.ICALP.2022.19,Memoryless Worker-Task Assignment with Polylogarithmic Switching Cost,ICALP,conference_paper,"Berger, Aaron; Kuszmaul, William; Polak, Adam; Tidor, Jonathan; Wein, Nicole",2022,1
https://doi.org/10.4230/LIPIcs.ICALP.2022.26,Privately Estimating Graph Parameters in Sublinear Time,ICALP,conference_paper,"Blocki, Jeremiah; Grigorescu, Elena; Mukherjee, Tamalika",2022,1
https://doi.org/10.4230/LIPIcs.ICALP.2022.27,The Complexity of Finding Fair Many-To-One Matchings,ICALP,conference_paper,"Boehmer, Niclas; Koana, Tomohiro",2022,1
https://doi.org/10.4230/LIPIcs.ICALP.2022.29,Characterization of Matrices with Bounded Graver Bases and Depth Parameters and Applications to Integer Programming,ICALP,conference_paper,"Briański, Marcin; Koutecký, Martin; Král', Daniel; Pekárková, Kristýna; Schröder, Felix",2022,1
https://doi.org/10.4230/LIPIcs.ICALP.2022.30,A Structural Investigation of the Approximability of Polynomial-Time Problems,ICALP,conference_paper,"Bringmann, Karl; Cassis, Alejandro; Fischer, Nick; Künnemann, Marvin",2022,1
https://doi.org/10.4230/LIPIcs.ICALP.2022.34,Unique Assembly Verification in Two-Handed Self-Assembly,ICALP,conference_paper,"Caballero, David; Gomez, Timothy; Schweller, Robert; Wylie, Tim",2022,1
https://doi.org/10.4230/LIPIcs.ICALP.2022.35,Pairwise Reachability Oracles and Preservers Under Failures,ICALP,conference_paper,"Chakraborty, Diptarka; Chatterjee, Kushagra; Choudhary, Keerti",2022,1
https://doi.org/10.4230/LIPIcs.ICALP.2022.36,Separations Between Combinatorial Measures for Transitive Functions,ICALP,conference_paper,"Chakraborty, Sourav; Kayal, Chandrima; Paraashar, Manaswi",2022,1
https://doi.org/10.4230/LIPIcs.ICALP.2022.39,Approximation Algorithms for Interdiction Problem with Packing Constraints,ICALP,conference_paper,"Chen, Lin; Wu, Xiaoyu; Zhang, Guochuan",2022,1
https://doi.org/10.4230/LIPIcs.ICALP.2022.4,The Manifold Joys of Sampling (Invited Talk),ICALP,conference_paper,"Lee, Yin Tat; Vempala, Santosh S.",2022,1
https://doi.org/10.4230/LIPIcs.ICALP.2022.41,Limitations of Local Quantum Algorithms on Random MAX-k-XOR and Beyond,ICALP,conference_paper,"Chou, Chi-Ning; Love, Peter J.; Sandhu, Juspreet Singh; Shi, Jonathan",2022,1
https://doi.org/10.4230/LIPIcs.ICALP.2022.42,Fully-Dynamic α + 2 Arboricity Decompositions and Implicit Colouring,ICALP,conference_paper,"Christiansen, Aleksander B. G.; Rotenberg, Eva",2022,1
https://doi.org/10.4230/LIPIcs.ICALP.2022.47,Streaming Algorithms for Geometric Steiner Forest,ICALP,conference_paper,"Czumaj, Artur; Jiang, Shaofeng H.-C.; Krauthgamer, Robert; Veselý, Pavel",2022,1
https://doi.org/10.4230/LIPIcs.ICALP.2022.60,(Re)packing Equal Disks into Rectangle,ICALP,conference_paper,"Fomin, Fedor V.; Golovach, Petr A.; Inamdar, Tanmay; Zehavi, Meirav",2022,1
https://doi.org/10.4230/LIPIcs.ICALP.2022.62,Social Distancing Network Creation,ICALP,conference_paper,"Friedrich, Tobias; Gawendowicz, Hans; Lenzner, Pascal; Melnichenko, Anna",2022,1
https://doi.org/10.4230/LIPIcs.ICALP.2022.68,Galloping in Fast-Growth Natural Merge Sorts,ICALP,conference_paper,"Ghasemi, Elahe; Jugé, Vincent; Khalighinejad, Ghazal",2022,1
https://doi.org/10.4230/LIPIcs.ICALP.2022.9,Parameterized Sensitivity Oracles and Dynamic Algorithms Using Exterior Algebras,ICALP,conference_paper,"Alman, Josh; Hirsch, Dean",2022,1
https://doi.org/10.4230/LIPIcs.ICALP.2022.90,On Lower Bounds of Approximating Parameterized k-Clique,ICALP,conference_paper,"Lin, Bingkai; Ren, Xuandi; Sun, Yican; Wang, Xiuhan",2022,1
https://doi.org/10.4230/LIPIcs.ICALP.2022.92,Optimal Coding Theorems in Time-Bounded Kolmogorov Complexity,ICALP,conference_paper,"Lu, Zhenjian; Oliveira, Igor C.; Zimand, Marius",2022,1
https://doi.org/10.4230/LIPIcs.ICALP.2022.94,"Listing, Verifying and Counting Lowest Common Ancestors in DAGs: Algorithms and Fine-Grained Lower Bounds",ICALP,conference_paper,"Mathialagan, Surya; Vassilevska Williams, Virginia; Xu, Yinzhan",2022,1
https://doi.org/10.4230/LIPIcs.ICALP.2023.101,Lasserre Hierarchy for Graph Isomorphism and Homomorphism Indistinguishability,ICALP,conference_paper,"Roberson, David E.; Seppelt, Tim",2023,1
https://doi.org/10.4230/LIPIcs.ICALP.2023.103,The Support of Open Versus Closed Random Walks,ICALP,conference_paper,"Sauerwald, Thomas; Sun, He; Vagnozzi, Danny",2023,1
https://doi.org/10.4230/LIPIcs.ICALP.2023.105,Frameworks for Nonclairvoyant Network Design with Deadlines or Delay,ICALP,conference_paper,"Touitou, Noam",2023,1
https://doi.org/10.4230/LIPIcs.ICALP.2023.106,Tight Bounds for Chordal/Interval Vertex Deletion Parameterized by Treewidth,ICALP,conference_paper,"Włodarczyk, Michał",2023,1
https://doi.org/10.4230/LIPIcs.ICALP.2023.107,The Wrong Direction of Jensen’s Inequality Is Algorithmically Right,ICALP,conference_paper,"Zamir, Or",2023,1
https://doi.org/10.4230/LIPIcs.ICALP.2023.11,An Efficient Algorithm for All-Pairs Bounded Edge Connectivity,ICALP,conference_paper,"Akmal, Shyan; Jin, Ce",2023,1
https://doi.org/10.4230/LIPIcs.ICALP.2023.116,Network Satisfaction Problems Solved by k-Consistency,ICALP,conference_paper,"Bodirsky, Manuel; Knäuer, Simon",2023,1
https://doi.org/10.4230/LIPIcs.ICALP.2023.12,Low-Depth Arithmetic Circuit Lower Bounds: Bypassing Set-Multilinearization,ICALP,conference_paper,"Amireddy, Prashanth; Garg, Ankit; Kayal, Neeraj; Saha, Chandan; Thankey, Bhargav",2023,1
https://doi.org/10.4230/LIPIcs.ICALP.2023.122,Characterising Memory in Infinite Games,ICALP,conference_paper,"Casares, Antonio; Ohlmann, Pierre",2023,1
https://doi.org/10.4230/LIPIcs.ICALP.2023.125,Indiscernibles and Flatness in Monadically Stable and Monadically NIP Classes,ICALP,conference_paper,"Dreier, Jan; Mählmann, Nikolas; Siebertz, Sebastian; Toruńczyk, Szymon",2023,1
https://doi.org/10.4230/LIPIcs.ICALP.2023.127,The Fine-Grained Complexity of Boolean Conjunctive Queries and Sum-Product Problems,ICALP,conference_paper,"Fan, Austen Z.; Koutris, Paraschos; Zhao, Hangdong",2023,1
https://doi.org/10.4230/LIPIcs.ICALP.2023.131,Coverability in VASS Revisited: Improving Rackoff’s Bound to Obtain Conditional Optimality,ICALP,conference_paper,"Künnemann, Marvin; Mazowiecki, Filip; Schütze, Lia; Sinclair-Banks, Henry; Węgrzycki, Karol",2023,1
https://doi.org/10.4230/LIPIcs.ICALP.2023.132,First Order Logic on Pathwidth Revisited Again,ICALP,conference_paper,"Lampis, Michael",2023,1
https://doi.org/10.4230/LIPIcs.ICALP.2023.133,Witnessed Symmetric Choice and Interpretations in Fixed-Point Logic with Counting,ICALP,conference_paper,"Lichter, Moritz",2023,1
https://doi.org/10.4230/LIPIcs.ICALP.2023.134,On the Complexity of Diameter and Related Problems in Permutation Groups,ICALP,conference_paper,"Lohrey, Markus; Rosowski, Andreas",2023,1
https://doi.org/10.4230/LIPIcs.ICALP.2023.136,Probabilistic Guarded KAT Modulo Bisimilarity: Completeness and Complexity,ICALP,conference_paper,"Różowski, Wojciech; Kappé, Tobias; Kozen, Dexter; Schmid, Todd; Silva, Alexandra",2023,1
https://doi.org/10.4230/LIPIcs.ICALP.2023.17,Cumulative Memory Lower Bounds for Randomized and Quantum Computation,ICALP,conference_paper,"Beame, Paul; Kornerup, Niels",2023,1
https://doi.org/10.4230/LIPIcs.ICALP.2023.18,Dynamic Averaging Load Balancing on Arbitrary Graphs,ICALP,conference_paper,"Berenbrink, Petra; Hintze, Lukas; Hosseinpour, Hamed; Kaaser, Dominik; Rau, Malin",2023,1
https://doi.org/10.4230/LIPIcs.ICALP.2023.23,On Computing the Vertex Connectivity of 1-Plane Graphs,ICALP,conference_paper,"Biedl, Therese; Murali, Karthik",2023,1
https://doi.org/10.4230/LIPIcs.ICALP.2023.27,"Parameterized Complexity of Binary CSP: Vertex Cover, Treedepth, and Related Parameters",ICALP,conference_paper,"Bodlaender, Hans L.; Groenland, Carla; Pilipczuk, Michał",2023,1
https://doi.org/10.4230/LIPIcs.ICALP.2023.3,Context-Bounded Analysis of Concurrent Programs (Invited Talk),ICALP,conference_paper,"Baumann, Pascal; Ganardi, Moses; Majumdar, Rupak; Thinniyam, Ramanathan S.; Zetzsche, Georg",2023,1
https://doi.org/10.4230/LIPIcs.ICALP.2023.30,Lower Bounds for Pseudo-Deterministic Counting in a Stream,ICALP,conference_paper,"Braverman, Vladimir; Krauthgamer, Robert; Krishnan, Aditya; Sapir, Shay",2023,1
https://doi.org/10.4230/LIPIcs.ICALP.2023.34,On the Fine-Grained Complexity of Small-Size Geometric Set Cover and Discrete k-Center for Small k,ICALP,conference_paper,"Chan, Timothy M.; He, Qizheng; Yu, Yuancheng",2023,1
https://doi.org/10.4230/LIPIcs.ICALP.2023.35,Ortho-Radial Drawing in Near-Linear Time,ICALP,conference_paper,"Chang, Yi-Jun",2023,1
https://doi.org/10.4230/LIPIcs.ICALP.2023.38,Quantum Algorithms and Lower Bounds for Linear Regression with Norm Constraints,ICALP,conference_paper,"Chen, Yanlin; de Wolf, Ronald",2023,1
https://doi.org/10.4230/LIPIcs.ICALP.2023.40,Approximate Nearest Neighbor for Polygonal Curves Under Fréchet Distance,ICALP,conference_paper,"Cheng, Siu-Wing; Huang, Haoqiang",2023,1
https://doi.org/10.4230/LIPIcs.ICALP.2023.42,Online Learning and Disambiguations of Partial Concept Classes,ICALP,conference_paper,"Cheung, Tsun-Ming; Hatami, Hamed; Hatami, Pooya; Hosseini, Kaave",2023,1
https://doi.org/10.4230/LIPIcs.ICALP.2023.51,On Sparsification of Stochastic Packing Problems,ICALP,conference_paper,"Dughmi, Shaddin; Kalayci, Yusuf Hakan; Patel, Neel",2023,1
https://doi.org/10.4230/LIPIcs.ICALP.2023.53,Protecting Single-Hop Radio Networks from Message Drops,ICALP,conference_paper,"Efremenko, Klim; Kol, Gillat; Paramonov, Dmitry; Saxena, Raghuvansh R.",2023,1
https://doi.org/10.4230/LIPIcs.ICALP.2023.58,Truthful Matching with Online Items and Offline Agents,ICALP,conference_paper,"Feldman, Michal; Fusco, Federico; Mauras, Simon; Reiffenhäuser, Rebecca",2023,1
https://doi.org/10.4230/LIPIcs.ICALP.2023.60,Approximating Long Cycle Above Dirac’s Guarantee,ICALP,conference_paper,"Fomin, Fedor V.; Golovach, Petr A.; Sagunov, Danil; Simonov, Kirill",2023,1
https://doi.org/10.4230/LIPIcs.ICALP.2023.61,Compound Logics for Modification Problems,ICALP,conference_paper,"Fomin, Fedor V.; Golovach, Petr A.; Sau, Ignasi; Stamoulis, Giannos; Thilikos, Dimitrios M.",2023,1
https://doi.org/10.4230/LIPIcs.ICALP.2023.62,Cliques in High-Dimensional Geometric Inhomogeneous Random Graphs,ICALP,conference_paper,"Friedrich, Tobias; Göbel, Andreas; Katzmann, Maximilian; Schiller, Leon",2023,1
https://doi.org/10.4230/LIPIcs.ICALP.2023.67,"Quantum Cryptography with Classical Communication: Parallel Remote State Preparation for Copy-Protection, Verification, and More",ICALP,conference_paper,"Gheorghiu, Alexandru; Metger, Tony; Poremba, Alexander",2023,1
https://doi.org/10.4230/LIPIcs.ICALP.2023.69,Efficient Data Structures for Incremental Exact and Approximate Maximum Flow,ICALP,conference_paper,"Goranci, Gramoz; Henzinger, Monika",2023,1
https://doi.org/10.4230/LIPIcs.ICALP.2023.73,On Finding Constrained Independent Sets in Cycles,ICALP,conference_paper,"Haviv, Ishay",2023,1
https://doi.org/10.4230/LIPIcs.ICALP.2023.8,Stable Matching: Choosing Which Proposals to Make,ICALP,conference_paper,"Agarwal, Ishan; Cole, Richard",2023,1
https://doi.org/10.4230/LIPIcs.ICALP.2023.81,Rerouting Planar Curves and Disjoint Paths,ICALP,conference_paper,"Ito, Takehiro; Iwamasa, Yuni; Kakimura, Naonori; Kobayashi, Yusuke; Maezawa, Shun-ichi; Nozaki, Yuta; Okamoto, Yoshio; Ozeki, Kenta",2023,1
https://doi.org/10.4230/LIPIcs.ICALP.2023.84,Fully Dynamic Shortest Paths and Reachability in Sparse Digraphs,ICALP,conference_paper,"Karczmarz, Adam; Sankowski, Piotr",2023,1
https://doi.org/10.4230/LIPIcs.ICALP.2023.87,Simulating Markovian Open Quantum Systems Using Higher-Order Series Expansion,ICALP,conference_paper,"Li, Xiantao; Wang, Chunhao",2023,1
https://doi.org/10.4230/LIPIcs.ICALP.2023.98,Scheduling Under Non-Uniform Job and Machine Delays,ICALP,conference_paper,"Rajaraman, Rajmohan; Stalfa, David; Yang, Sheng",2023,1
https://doi.org/10.4230/LIPIcs.ICALP.2024.105,An Improved Quantum Max Cut Approximation via Maximum Matching,ICALP,conference_paper,"Lee, Eunou; Parekh, Ojas",2024,1
https://doi.org/10.4230/LIPIcs.ICALP.2024.107,Improved Lower Bounds for Approximating Parameterized Nearest Codeword and Related Problems Under ETH,ICALP,conference_paper,"Li, Shuangle; Lin, Bingkai; Liu, Yuwei",2024,1
https://doi.org/10.4230/LIPIcs.ICALP.2024.108,Two-Source and Affine Non-Malleable Extractors for Small Entropy,ICALP,conference_paper,"Li, Xin; Zhong, Yan",2024,1
https://doi.org/10.4230/LIPIcs.ICALP.2024.110,Impagliazzo’s Worlds Through the Lens of Conditional Kolmogorov Complexity,ICALP,conference_paper,"Lu, Zhenjian; Santhanam, Rahul",2024,1
https://doi.org/10.4230/LIPIcs.ICALP.2024.113,Alphabet Reduction for Reconfiguration Problems,ICALP,conference_paper,"Ohsaka, Naoto",2024,1
https://doi.org/10.4230/LIPIcs.ICALP.2024.114,Delineating Half-Integrality of the Erdős-Pósa Property for Minors: The Case of Surfaces,ICALP,conference_paper,"Paul, Christophe; Protopapas, Evangelos; Thilikos, Dimitrios M.; Wiederrecht, Sebastian",2024,1
https://doi.org/10.4230/LIPIcs.ICALP.2024.117,Bounds on the Total Coefficient Size of Nullstellensatz Proofs of the Pigeonhole Principle,ICALP,conference_paper,"Potechin, Aaron; Zhang, Aaron",2024,1
https://doi.org/10.4230/LIPIcs.ICALP.2024.122,An Improved Integrality Gap for Disjoint Cycles in Planar Graphs,ICALP,conference_paper,"Schlomberg, Niklas",2024,1
https://doi.org/10.4230/LIPIcs.ICALP.2024.125,Edit Distance of Finite State Transducers,ICALP,conference_paper,"Aiswarya, C.; Manuel, Amaldev; Sunny, Saina",2024,1
https://doi.org/10.4230/LIPIcs.ICALP.2024.127,Decidability of Graph Neural Networks via Logical Characterizations,ICALP,conference_paper,"Benedikt, Michael; Lu, Chia-Hsuan; Motik, Boris; Tan, Tony",2024,1
https://doi.org/10.4230/LIPIcs.ICALP.2024.129,The Complexity of Computing in Continuous Time: Space Complexity Is Precision,ICALP,conference_paper,"Blanc, Manon; Bournez, Olivier",2024,1
https://doi.org/10.4230/LIPIcs.ICALP.2024.137,"On Classes of Bounded Tree Rank, Their Interpretations, and Efficient Sparsification",ICALP,conference_paper,"Gajarský, Jakub; McCarty, Rose",2024,1
https://doi.org/10.4230/LIPIcs.ICALP.2024.147,Smoothed Analysis of Deterministic Discounted and Mean-Payoff Games,ICALP,conference_paper,"Loff, Bruno; Skomra, Mateusz",2024,1
https://doi.org/10.4230/LIPIcs.ICALP.2024.150,Homogeneity and Homogenizability: Hard Problems for the Logic SNP,ICALP,conference_paper,"Rydval, Jakub",2024,1
https://doi.org/10.4230/LIPIcs.ICALP.2024.151,Identifying Tractable Quantified Temporal Constraints Within Ord-Horn,ICALP,conference_paper,"Rydval, Jakub; Semanišinová, Žaneta; Wrona, Michał",2024,1
https://doi.org/10.4230/LIPIcs.ICALP.2024.155,Regular Expressions with Backreferences and Lookaheads Capture NLOG,ICALP,conference_paper,"Uezato, Yuya",2024,1
https://doi.org/10.4230/LIPIcs.ICALP.2024.156,Verification of Population Protocols with Unordered Data,ICALP,conference_paper,"van Bergerem, Steffen; Guttenberg, Roland; Kiefer, Sandra; Mascle, Corto; Waldburger, Nicolas; Weil-Kennedy, Chana",2024,1
https://doi.org/10.4230/LIPIcs.ICALP.2024.18,It’s Hard to HAC Average Linkage!,ICALP,conference_paper,"Bateni, MohammadHossein; Dhulipala, Laxman; Gowda, Kishen N.; Hershkowitz, D. Ellis; Jayaram, Rajesh; Łącki, Jakub",2024,1
https://doi.org/10.4230/LIPIcs.ICALP.2024.22,Two-Sets Cut-Uncut on Planar Graphs,ICALP,conference_paper,"Bentert, Matthias; Drange, Pål Grønås; Fomin, Fedor V.; Golovach, Petr A.; Korhonen, Tuukka",2024,1
https://doi.org/10.4230/LIPIcs.ICALP.2024.24,Exponential Lower Bounds via Exponential Sums,ICALP,conference_paper,"Bhattacharjee, Somnath; Bläser, Markus; Dutta, Pranjal; Mukherjee, Saswata",2024,1
https://doi.org/10.4230/LIPIcs.ICALP.2024.25,Random Separating Hyperplane Theorem and Learning Polytopes,ICALP,conference_paper,"Bhattacharyya, Chiranjib; Kannan, Ravindran; Kumar, Amit",2024,1
https://doi.org/10.4230/LIPIcs.ICALP.2024.27,The Discrepancy of Shortest Paths,ICALP,conference_paper,"Bodwin, Greg; Deng, Chengyuan; Gao, Jie; Hoppenworth, Gary; Upadhyay, Jalaj; Wang, Chen",2024,1
https://doi.org/10.4230/LIPIcs.ICALP.2024.34,Fundamental Problems on Bounded-Treewidth Graphs: The Real Source of Hardness,ICALP,conference_paper,"Can Esmer, Barış; Focke, Jacob; Marx, Dániel; Rzążewski, Paweł",2024,1
https://doi.org/10.4230/LIPIcs.ICALP.2024.35,A Spectral Approach to Approximately Counting Independent Sets in Dense Bipartite Graphs,ICALP,conference_paper,"Carlson, Charlie; Davies, Ewan; Kolla, Alexandra; Potukuchi, Aditya",2024,1
https://doi.org/10.4230/LIPIcs.ICALP.2024.36,Vertex-Minor Universal Graphs for Generating Entangled Quantum Subsystems,ICALP,conference_paper,"Cautrès, Maxime; Claudet, Nathan; Mhalla, Mehdi; Perdrix, Simon; Savin, Valentin; Thomassé, Stéphan",2024,1
https://doi.org/10.4230/LIPIcs.ICALP.2024.53,Parameterized Algorithms for Coordinated Motion Planning: Minimizing Energy,ICALP,conference_paper,"Deligkas, Argyrios; Eiben, Eduard; Ganian, Robert; Kanj, Iyad; Ramanujan, M. S.",2024,1
https://doi.org/10.4230/LIPIcs.ICALP.2024.56,Lower Bounds for Matroid Optimization Problems with a Linear Constraint,ICALP,conference_paper,"Doron-Arad, Ilan; Kulik, Ariel; Shachnai, Hadas",2024,1
https://doi.org/10.4230/LIPIcs.ICALP.2024.63,A Note on Approximating Weighted Nash Social Welfare with Additive Valuations,ICALP,conference_paper,"Feng, Yuda; Li, Shi",2024,1
https://doi.org/10.4230/LIPIcs.ICALP.2024.68,A Tight Subexponential-Time Algorithm for Two-Page Book Embedding,ICALP,conference_paper,"Ganian, Robert; Müller, Haiko; Ordyniak, Sebastian; Paesani, Giacomo; Rychlicki, Mateusz",2024,1
https://doi.org/10.4230/LIPIcs.ICALP.2024.77,Towards Tight Bounds for the Graph Homomorphism Problem Parameterized by Cutwidth via Asymptotic Matrix Parameters,ICALP,conference_paper,"Groenland, Carla; Mannens, Isja; Nederlof, Jesper; Piecyk, Marta; Rzążewski, Paweł",2024,1
https://doi.org/10.4230/LIPIcs.ICALP.2024.8,Approximation Schemes for Geometric Knapsack for Packing Spheres and Fat Objects,ICALP,conference_paper,"Acharya, Pritam; Bhore, Sujoy; Gupta, Aaryan; Khan, Arindam; Mondal, Bratin; Wiese, Andreas",2024,1
https://doi.org/10.4230/LIPIcs.ICALP.2024.88,"Satisfiability to Coverage in Presence of Fairness, Matroid, and Global Constraints",ICALP,conference_paper,"Inamdar, Tanmay; Jain, Pallavi; Lokshtanov, Daniel; Sahu, Abhishek; Saurabh, Saket; Upasana, Anannya",2024,1
https://doi.org/10.4230/LIPIcs.ICALP.2024.9,Detecting Disjoint Shortest Paths in Linear Time and More,ICALP,conference_paper,"Akmal, Shyan; Vassilevska Williams, Virginia; Wein, Nicole",2024,1
https://doi.org/10.4230/LIPIcs.ICALP.2024.92,Algorithms for the Generalized Poset Sorting Problem,ICALP,conference_paper,"Jiang, Shaofeng H.-C.; Wang, Wenqian; Zhang, Yubo; Zhang, Yuhao",2024,1
https://doi.org/10.4230/LIPIcs.ICALP.2024.94,A Faster Algorithm for Pigeonhole Equal Sums,ICALP,conference_paper,"Jin, Ce; Wu, Hongxun",2024,1
https://doi.org/10.4230/LIPIcs.ICALP.2024.97,Cut Sparsification and Succinct Representation of Submodular Hypergraphs,ICALP,conference_paper,"Kenneth, Yotam; Krauthgamer, Robert",2024,1
https://doi.org/10.4230/LIPIcs.ICALP.2025.10,On the Complexity of Telephone Broadcasting from Cacti to Bounded Pathwidth Graphs,ICALP,conference_paper,"Aminian, Aida; Kamali, Shahin; Seyed-Javadi, Seyed-Mohammad; Sumedha",2025,1
https://doi.org/10.4230/LIPIcs.ICALP.2025.115,On the Complexity of Hazard-Free Formulas,ICALP,conference_paper,"London Arazi, Leah; Shpilka, Amir",2025,1
https://doi.org/10.4230/LIPIcs.ICALP.2025.118,P-Time Algorithms for Typical #EO Problems,ICALP,conference_paper,"Meng, Boning; Wang, Juqiu; Xia, Mingji",2025,1
https://doi.org/10.4230/LIPIcs.ICALP.2025.124,Subgraph Counting in Subquadratic Time for Bounded Degeneracy Graphs,ICALP,conference_paper,"Paul-Pena, Daniel; Seshadhri, C.",2025,1
https://doi.org/10.4230/LIPIcs.ICALP.2025.131,Deterministic Complexity Analysis of Hermitian Eigenproblems,ICALP,conference_paper,"Sobczyk, Aleksandros",2025,1
https://doi.org/10.4230/LIPIcs.ICALP.2025.139,Minimality and Computability of Languages of G-Shifts,ICALP,conference_paper,"Amir, Djamel Eddine; Hellouin de Menibus, Benjamin",2025,1
https://doi.org/10.4230/LIPIcs.ICALP.2025.144,Probabilistic and Causal Satisfiability: Constraining the Model,ICALP,conference_paper,"Bläser, Markus; Dörfler, Julian; Liśkiewicz, Maciej; van der Zander, Benito",2025,1
https://doi.org/10.4230/LIPIcs.ICALP.2025.149,The Memory of ω-Regular and BC(Σ⁰₂) Objectives,ICALP,conference_paper,"Casares, Antonio; Ohlmann, Pierre",2025,1
https://doi.org/10.4230/LIPIcs.ICALP.2025.153,Reachability in 3-VASS Is Elementary,ICALP,conference_paper,"Czerwiński, Wojciech; Jecker, Ismaël; Lasota, Sławomir; Orlikowski, Łukasz",2025,1
https://doi.org/10.4230/LIPIcs.ICALP.2025.155,Approximate Problems for Finite Transducers,ICALP,conference_paper,"Filiot, Emmanuel; Jecker, Ismaël; Madnani, Khushraj; Sunny, Saina",2025,1
https://doi.org/10.4230/LIPIcs.ICALP.2025.156,Membership and Conjugacy in Inverse Semigroups,ICALP,conference_paper,"Fleischer, Lukas; Stober, Florian; Thumm, Alexander; Weiß, Armin",2025,1
https://doi.org/10.4230/LIPIcs.ICALP.2025.158,Restricted CSPs and F-Free Digraph Algorithmics,ICALP,conference_paper,"Guzmán-Pro, Santiago; Martin, Barnaby",2025,1
https://doi.org/10.4230/LIPIcs.ICALP.2025.162,Positive and Monotone Fragments of FO and LTL,ICALP,conference_paper,"Iosti, Simon; Kuperberg, Denis; Moreau, Quentin",2025,1
https://doi.org/10.4230/LIPIcs.ICALP.2025.167,Forbidden Induced Subgraphs for Bounded Shrub-Depth and the Expressive Power of MSO,ICALP,conference_paper,"Mählmann, Nikolas",2025,1
https://doi.org/10.4230/LIPIcs.ICALP.2025.172,Weighted GKAT: Completeness and Complexity,ICALP,conference_paper,"Van Koevering, Spencer; Różowski, Wojciech; Silva, Alexandra",2025,1
https://doi.org/10.4230/LIPIcs.ICALP.2025.21,Multiparty Communication Complexity of Collision-Finding and Cutting Planes Proofs of Concise Pigeonhole Principles,ICALP,conference_paper,"Beame, Paul; Whitmeyer, Michael",2025,1
https://doi.org/10.4230/LIPIcs.ICALP.2025.24,Counting Permutation Patterns with Multidimensional Trees,ICALP,conference_paper,"Beniamini, Gal; Lavee, Nir",2025,1
https://doi.org/10.4230/LIPIcs.ICALP.2025.28,Faster & Deterministic FPT Algorithm for Worst-Case Tensor Decomposition,ICALP,conference_paper,"Bhargava, Vishwas; Shringi, Devansh",2025,1
https://doi.org/10.4230/LIPIcs.ICALP.2025.30,Light Spanners with Small Hop-Diameter,ICALP,conference_paper,"Bhore, Sujoy; Milenković, Lazar",2025,1
https://doi.org/10.4230/LIPIcs.ICALP.2025.31,Stable Hypergraph Matching in Unimodular Hypergraphs,ICALP,conference_paper,"Biró, Péter; Csáji, Gergely; Schlotter, Ildikó",2025,1
https://doi.org/10.4230/LIPIcs.ICALP.2025.36,Faster Fréchet Distance Under Transformations,ICALP,conference_paper,"Buchin, Kevin; Buchin, Maike; Huang, Zijin; Nusser, André; Wong, Sampson",2025,1
https://doi.org/10.4230/LIPIcs.ICALP.2025.4,Induced Disjoint Paths Without an Induced Minor,ICALP,conference_paper,"Aboulker, Pierre; Bonnet, Édouard; Picavet, Timothé; Trotignon, Nicolas",2025,1
https://doi.org/10.4230/LIPIcs.ICALP.2025.43,On Deleting Vertices to Reduce Density in Graphs and Supermodular Functions,ICALP,conference_paper,"Chandrasekaran, Karthekeyan; Chekuri, Chandra; Kulkarni, Shubhang",2025,1
https://doi.org/10.4230/LIPIcs.ICALP.2025.44,Online Disjoint Spanning Trees and Polymatroid Bases,ICALP,conference_paper,"Chandrasekaran, Karthekeyan; Chekuri, Chandra; Zhu, Weihao",2025,1
https://doi.org/10.4230/LIPIcs.ICALP.2025.46,Minimum Cost Nowhere-Zero Flows and Cut-Balanced Orientations,ICALP,conference_paper,"Chandrasekaran, Karthekeyan; Liu, Siyue; Ravi, R.",2025,1
https://doi.org/10.4230/LIPIcs.ICALP.2025.5,Acceleration Meets Inverse Maintenance: Faster 𝓁_∞-Regression,ICALP,conference_paper,"Adil, Deeksha; Jiang, Shunhua; Kyng, Rasmus",2025,1
https://doi.org/10.4230/LIPIcs.ICALP.2025.50,New Results on a General Class of Minimum Norm Optimization Problems,ICALP,conference_paper,"Chen, Kuowen; Li, Jian; Rabani, Yuval; Zhang, Yiran",2025,1
https://doi.org/10.4230/LIPIcs.ICALP.2025.56,Boosting SNARKs and Rate-1 Barrier in Arguments of Knowledge,ICALP,conference_paper,"Cheng, Jiaqi; Goyal, Rishab",2025,1
https://doi.org/10.4230/LIPIcs.ICALP.2025.58,A New Impossibility Result for Online Bipartite Matching Problems,ICALP,conference_paper,"Chierichetti, Flavio; Giacchini, Mirko; Panconesi, Alessandro; Vattani, Andrea",2025,1
https://doi.org/10.4230/LIPIcs.ICALP.2025.59,Deciding Local Unitary Equivalence of Graph States in Quasi-Polynomial Time,ICALP,conference_paper,"Claudet, Nathan; Perdrix, Simon",2025,1
https://doi.org/10.4230/LIPIcs.ICALP.2025.6,Decremental (1+ε)-Approximate Maximum Eigenvector: Dynamic Power Method,ICALP,conference_paper,"Adil, Deeksha; Saranurak, Thatchaphol",2025,1
https://doi.org/10.4230/LIPIcs.ICALP.2025.65,Ultra-Resilient Superimposed Codes: Near-Optimal Construction and Applications,ICALP,conference_paper,"De Marco, Gianluca; Kowalski, Dariusz R.",2025,1
https://doi.org/10.4230/LIPIcs.ICALP.2025.72,k-Leaf Powers Cannot Be Characterized by a Finite Set of Forbidden Induced Subgraphs for k ≥ 5,ICALP,conference_paper,"Dupré la Tour, Max; Lafond, Manuel; Ndiaye, Ndiamé; Vetta, Adrian",2025,1
https://doi.org/10.4230/LIPIcs.ICALP.2025.74,Drainability and Fillability of Polyominoes in Diverse Models of Global Control,ICALP,conference_paper,"Fekete, Sándor P.; Kramer, Peter; Reinhardt, Jan-Marc; Rieck, Christian; Scheffer, Christian",2025,1
https://doi.org/10.4230/LIPIcs.ICALP.2025.80,Deterministic Even-Cycle Detection in Broadcast CONGEST,ICALP,conference_paper,"Fraigniaud, Pierre; Luce, Maël; Magniez, Frédéric; Todinca, Ioan",2025,1
https://doi.org/10.4230/LIPIcs.ICALP.2025.81,Worst-Case and Average-Case Hardness of Hypercycle and Database Problems,ICALP,conference_paper,"Fu, Cheng-Hao; Lincoln, Andrea; Reyes, Rene",2025,1
https://doi.org/10.4230/LIPIcs.ICALP.2025.85,Towards the Proximity Conjecture on Group-Labeled Matroids,ICALP,conference_paper,"Garamvölgyi, Dániel; Mizutani, Ryuhei; Oki, Taihei; Schwarcz, Tamás; Yamaguchi, Yutaro",2025,1
https://doi.org/10.4230/LIPIcs.ICALP.2025.86,Optimal Distance Labeling for Permutation Graphs,ICALP,conference_paper,"Gawrychowski, Paweł; Janczewski, Wojciech",2025,1
https://doi.org/10.4230/LIPIcs.ICALP.2025.89,On the Complexity of Client-Waiter and Waiter-Client Games,ICALP,conference_paper,"Gledel, Valentin; Oijid, Nacim; Tavenas, Sébastien; Thomassé, Stéphan",2025,1
https://doi.org/10.4230/LIPIcs.ICALP.2025.90,Revisiting Directed Disjoint Paths on Tournaments (And Relatives),ICALP,conference_paper,"de C. M. Gomes, Guilherme; Lopes, Raul; Sau, Ignasi",2025,1
https://doi.org/10.4230/LIPIcs.ICALP.2025.94,A Nearly Optimal Deterministic Algorithm for Online Transportation Problem,ICALP,conference_paper,"Harada, Tsubasa; Itoh, Toshiya",2025,1
https://doi.org/10.4230/LIPIcs.ICALP.2025.99,Algorithmic Aspects of Semistability of Quiver Representations,ICALP,conference_paper,"Iwamasa, Yuni; Oki, Taihei; Soma, Tasuku",2025,1
https://doi.org/10.4230/LIPIcs.ICALP.2026.102,Tight Bounds for Low-Error Frequency Moment Estimation and the Power of Multiple Passes,ICALP,conference_paper,"Green-Maimon, Naomi; Zamir, Or",2026,1
https://doi.org/10.4230/LIPIcs.ICALP.2026.103,On the Pure Quantum Polynomial Hierarchy and Quantified Hamiltonian Complexity,ICALP,conference_paper,"Grewal, Sabee; Rudolph, Dorian",2026,1
https://doi.org/10.4230/LIPIcs.ICALP.2026.104,Algorithms for Finite Group Epimorphism Testing,ICALP,conference_paper,"Grochow, Joshua A.; Srivastava, Pranjal; Thakkar, Dhara",2026,1
https://doi.org/10.4230/LIPIcs.ICALP.2026.106,Spiky Rank and Its Applications to Rigidity and Circuits,ICALP,conference_paper,"Hambardzumyan, Lianna; Myasnikov, Konstantin; Riazanov, Artur; Shirley, Morgan; Shraibman, Adi",2026,1
https://doi.org/10.4230/LIPIcs.ICALP.2026.120,Going Beyond Twin-Width? CSPs with Unbounded Domain and Few Variables,ICALP,conference_paper,"Jonsson, Peter; Lagerkvist, Victor; de Vlas, Jorke M.; Wahlström, Magnus",2026,1
https://doi.org/10.4230/LIPIcs.ICALP.2026.122,"Hardness, Tractability and Density Thresholds of Finite Pinwheel Scheduling Variants",ICALP,conference_paper,"Kanellopoulos, Sotiris; Mitropoulos, Giorgos; Pergaminelis, Christos; Tolias, Thanos",2026,1
https://doi.org/10.4230/LIPIcs.ICALP.2026.131,Persistence Meets Resistance: Doubling down on Hardness,ICALP,conference_paper,"Kolbe, Benedikt; Mayr, Tim",2026,1
https://doi.org/10.4230/LIPIcs.ICALP.2026.132,"VP, VNP and Algebraic Branching Programs over Min-Plus Semirings",ICALP,conference_paper,"Komarath, Balagopal; Mittal, Harshil; Sarma, Jayalal",2026,1
https://doi.org/10.4230/LIPIcs.ICALP.2026.139,Connectivity Oracle Under Vertex Failures by Shortcutting Unbreakable Decomposition,ICALP,conference_paper,"Li, Xizhe; Long, Yaowei; Pidugu, David; Saranurak, Thatchaphol; Wang, Benyu",2026,1
https://doi.org/10.4230/LIPIcs.ICALP.2026.141,Online Steiner Forest with Recourse,ICALP,conference_paper,"Long, Yaowei; Mahabadi, Sepideh; Sarkar, Sherry; Tarnawski, Jakub",2026,1
https://doi.org/10.4230/LIPIcs.ICALP.2026.142,Combinatorial Perpetual Scheduling: Existence and Computation of Low-Height Schedules,ICALP,conference_paper,"Mendoza-Cadena, Mirabel; Merino, Arturo; Nielsen, Mads Anker; Schewior, Kevin",2026,1
https://doi.org/10.4230/LIPIcs.ICALP.2026.148,Alternation Depth of Threshold Decision Lists,ICALP,conference_paper,"Podolskii, Vladimir; Prior, Morgan",2026,1
https://doi.org/10.4230/LIPIcs.ICALP.2026.149,Colorful Minors,ICALP,conference_paper,"Protopapas, Evangelos; Thilikos, Dimitrios M.; Wiederrecht, Sebastian",2026,1
https://doi.org/10.4230/LIPIcs.ICALP.2026.151,Average-Case Hardness of Binary-Encoded Clique in Proof and Communication Complexity,ICALP,conference_paper,"de Rezende, Susanna F.; Engström, David; Ghannane, Yassine; Janett, Duri Andrea; Riazanov, Artur",2026,1
https://doi.org/10.4230/LIPIcs.ICALP.2026.153,Dynamic Set Cover with Worst-Case Recourse,ICALP,conference_paper,"Solomon, Shay; Uzrad, Amitai",2026,1
https://doi.org/10.4230/LIPIcs.ICALP.2026.154,Sample-Optimal Quantum Estimators for Pure-State Trace Distance and Fidelity via Samplizer,ICALP,conference_paper,"Wang, Qisheng; Zhang, Zhicheng",2026,1
https://doi.org/10.4230/LIPIcs.ICALP.2026.159,Unambiguisability and Register Minimisation of Min-Plus Models,ICALP,conference_paper,"Almagor, Shaull; Arbel, Guy; Sheinvald, Sarai",2026,1
https://doi.org/10.4230/LIPIcs.ICALP.2026.161,Out-Of-Order Membership in Regular Languages,ICALP,conference_paper,"Amarilli, Antoine; Labbe, Sebastien; Paperman, Charles",2026,1
https://doi.org/10.4230/LIPIcs.ICALP.2026.163,Shuffles of Context-Free Languages Along Regular Trajectories,ICALP,conference_paper,"Barloy, Corentin; Cadilhac, Michaël; Ockerlund, Kyle",2026,1
https://doi.org/10.4230/LIPIcs.ICALP.2026.166,The Complexity of Bisimilarity and Model Checking in Finitary Diagrams,ICALP,conference_paper,"Bläser, Markus; Dutta, Sagnik; Okyay, Samuel",2026,1
https://doi.org/10.4230/LIPIcs.ICALP.2026.167,Population Protocols over Ordered Agents,ICALP,conference_paper,"Blondin, Michael; Cadilhac, Michaël; Courchesne, Benjamin; Guillou, Lucie; Mascle, Corto; Vialard, Isa",2026,1
https://doi.org/10.4230/LIPIcs.ICALP.2026.168,The Network Satisfaction Problem for Relation Algebras with at Most 4 Atoms,ICALP,conference_paper,"Bodirsky, Manuel; Jahn, Moritz; Knäuer, Simon; Konečný, Matěj; Winkler, Paul",2026,1
https://doi.org/10.4230/LIPIcs.ICALP.2026.169,The Complexity of Finding Coset-Generating Polymorphisms and the Promise Metaproblem,ICALP,conference_paper,"Bodirsky, Manuel; Weiß, Armin",2026,1
https://doi.org/10.4230/LIPIcs.ICALP.2026.170,Transducers on Compressed Strings,ICALP,conference_paper,"Bojańczyk, Mikołaj; Lohrey, Markus",2026,1
https://doi.org/10.4230/LIPIcs.ICALP.2026.175,Loop Termination and Generalized Collatz Sequences,ICALP,conference_paper,"Carelli, Mishel",2026,1
https://doi.org/10.4230/LIPIcs.ICALP.2026.177,Exploring VASS Parameterised by Geometric Dimension,ICALP,conference_paper,"Czerwiński, Wojciech; Guttenberg, Roland; Orlikowski, Łukasz; Sinclair-Banks, Henry; Zheng, Yangluo",2026,1
https://doi.org/10.4230/LIPIcs.ICALP.2026.18,Online Metric TSP: Beyond the √n Barrier,ICALP,conference_paper,"Azar, Yossi; Panigrahi, Debmalya; Vardi, Or",2026,1
https://doi.org/10.4230/LIPIcs.ICALP.2026.180,Optimally Controlling a Random Population,ICALP,conference_paper,"Gimbert, Hugo; Mascle, Corto; Totzke, Patrick",2026,1
https://doi.org/10.4230/LIPIcs.ICALP.2026.183,On the Constructive Dimension Spectrum of Polynomials,ICALP,conference_paper,"Koul, Prajval; Nandakumar, Satyadev",2026,1
https://doi.org/10.4230/LIPIcs.ICALP.2026.185,"Persistent Amortised Analysis, Operationally",ICALP,conference_paper,"Lorenzen, Anton",2026,1
https://doi.org/10.4230/LIPIcs.ICALP.2026.188,"Scoped MSO, Register Automata, and Expressions: Equivalence over Data Words",ICALP,conference_paper,"Piórkowski, Radosław",2026,1
https://doi.org/10.4230/LIPIcs.ICALP.2026.19,Clustering Permutations Under the Ulam Metric: A Parameterized Complexity Study,ICALP,conference_paper,"Bai, Tian; Fomin, Fedor V.; Golovach, Petr A.; More, Yash Hiren; Wietheger, Simon",2026,1
https://doi.org/10.4230/LIPIcs.ICALP.2026.21,Geometric Optimization Parameterized by Piercing Complexity,ICALP,conference_paper,"Banik, Aritra; Raman, Rajiv; Ray, Saurabh",2026,1
https://doi.org/10.4230/LIPIcs.ICALP.2026.22,Expander Decomposition with Almost Optimal Overhead,ICALP,conference_paper,"Bansal, Nikhil; Jambulapati, Arun; Saranurak, Thatchaphol",2026,1
https://doi.org/10.4230/LIPIcs.ICALP.2026.25,Permutation Patterns in Streams,ICALP,conference_paper,"Berendsohn, Benjamin Aram",2026,1
https://doi.org/10.4230/LIPIcs.ICALP.2026.34,Near-Optimal Dynamic Data Structures for Maximum Depth and Klee’s Measure of Boxes,ICALP,conference_paper,"Bhore, Sujoy; Suri, Subhash; Xue, Jie; Yang, Xiongxin; Zhu, Jiumu",2026,1
https://doi.org/10.4230/LIPIcs.ICALP.2026.41,Connected Dominating Sets in Triangulations,ICALP,conference_paper,"Bose, Prosenjit; Dujmović, Vida; Houdrouge, Hussein; Morin, Pat; Odak, Saeed",2026,1
https://doi.org/10.4230/LIPIcs.ICALP.2026.43,Unique Decoding of Reed–Solomon and Related Codes for Semi-Adversarial Errors,ICALP,conference_paper,"Brakensiek, Joshua; Chen, Yeyuan; Dhar, Manik; Zhang, Zihan",2026,1
https://doi.org/10.4230/LIPIcs.ICALP.2026.44,Multiplicative Error Set System Sparsification: A Simpler Proof via Chain Length Contraction,ICALP,conference_paper,"Brakensiek, Joshua; Guruswami, Venkatesan; Putterman, Aaron",2026,1
https://doi.org/10.4230/LIPIcs.ICALP.2026.47,A Constant-Factor Approximation for Continuous Dynamic Time Warping in 2D,ICALP,conference_paper,"Buchin, Kevin; Buchin, Maike; Swiadek, Jan Erik; Wong, Sampson",2026,1
https://doi.org/10.4230/LIPIcs.ICALP.2026.51,Well-Quasi-Ordering Eulerian Digraphs: Bounded Carving Width,ICALP,conference_paper,"Cavallaro, Dario; Kawarabayashi, Ken-ichi; Kreutzer, Stephan",2026,1
https://doi.org/10.4230/LIPIcs.ICALP.2026.53,Hardness and Approximation for Coloring Digraphs,ICALP,conference_paper,"Chalermsook, Parinya; Gahlawat, Harmender; Klingelhoefer, Felix; Newman, Alantha; Tang, Chaoliang",2026,1
https://doi.org/10.4230/LIPIcs.ICALP.2026.56,Faster Deterministic Streaming Vertex Coloring,ICALP,conference_paper,"Chechik, Shiri; Chen, Hongyi; Zhang, Tianyi",2026,1
https://doi.org/10.4230/LIPIcs.ICALP.2026.6,Quantum Advantage in Proof Systems Without Entanglement,ICALP,conference_paper,"Agaram, Krishna; Spooner, Nicholas; Zheng, Yuxi",2026,1
https://doi.org/10.4230/LIPIcs.ICALP.2026.63,Learning Multinomial Logits in O(n log n) Time,ICALP,conference_paper,"Chierichetti, Flavio; Giacchini, Mirko; Kumar, Ravi; Lattanzi, Silvio; Panconesi, Alessandro; Tani, Erasmo; Tomkins, Andrew",2026,1
https://doi.org/10.4230/LIPIcs.ICALP.2026.66,Online Monotone Metric Embeddings,ICALP,conference_paper,"Coester, Christian; Huang, Yichen",2026,1
https://doi.org/10.4230/LIPIcs.ICALP.2026.68,Tracing AG Codes: Toward Meeting the Gilbert-Varshamov Bound,ICALP,conference_paper,"Cohen, Gil; Doron, Dean; Goldgraber, Noam; Manket, Tomer",2026,1
https://doi.org/10.4230/LIPIcs.ICALP.2026.69,Online Matroid Embeddings,ICALP,conference_paper,"Cristi, Andrés; Dütting, Paul; Kleinberg, Robert; Paes Leme, Renato; Patel, Neel",2026,1
https://doi.org/10.4230/LIPIcs.ICALP.2026.74,Unsplittable Transshipments,ICALP,conference_paper,"Debgupta, Srinwanti; Morell, Sarah; Skutella, Martin",2026,1
https://doi.org/10.4230/LIPIcs.ICALP.2026.75,Coordinated Motion Planning Is FPT on Discretized Simple Polygons,ICALP,conference_paper,"Deligkas, Argyrios; Eiben, Eduard; Ganian, Robert; Kanj, Iyad",2026,1
https://doi.org/10.4230/LIPIcs.ICALP.2026.8,Mind the Gap? Not for SVP Hardness Under ETH!,ICALP,conference_paper,"Aggarwal, Divesh; Gupta, Rishav; Morolia, Aditya; Zhang, Chuanqi",2026,1
https://doi.org/10.4230/LIPIcs.ICALP.2026.83,On the Hardness of Recognizing Graphs of Small Mim-Width and Its Variants,ICALP,conference_paper,"Dupré la Tour, Max; Lafond, Manuel; Ndiaye, Ndiamé",2026,1
https://doi.org/10.4230/LIPIcs.ICALP.2026.9,Symmetric Parameterised Holants on Hypergraphs: Towards a Classification for Parameterised VCSPs,ICALP,conference_paper,"Aivasiliotis, Panagiotis; Göbel, Andreas; Roth, Marc",2026,1
https://doi.org/10.4230/LIPIcs.ICDT.2015.110,A Trichotomy in the Complexity of Counting Answers to Conjunctive Queries,ICDT,conference_paper,"Chen, Hubie; Mengel, Stefan",2015,1
https://doi.org/10.4230/LIPIcs.ICDT.2015.177,Regular Queries on Graph Databases,ICDT,conference_paper,"Reutter, Juan L.; Romero, Miguel; Vardi, Moshe Y.",2015,1
https://doi.org/10.4230/LIPIcs.ICDT.2015.277,Shared-Constraint Range Reporting,ICDT,conference_paper,"Biswas, Sudip; Patil, Manish; Shah, Rahul; Thankachan, Sharma V.",2015,1
https://doi.org/10.4230/LIPIcs.ICDT.2015.291,Optimal Broadcasting Strategies for Conjunctive Queries over Distributed Data,ICDT,conference_paper,"Ketsman, Bas; Neven, Frank",2015,1
https://doi.org/10.4230/LIPIcs.ICDT.2015.380,On the Data Complexity of Consistent Query Answering over Graph Databases,ICDT,conference_paper,"Barceló, Pablo; Fontaine, Gaëlle",2015,1
https://doi.org/10.4230/LIPIcs.ICDT.2015.76,Answering Conjunctive Queries with Inequalities,ICDT,conference_paper,"Koutris, Paraschos; Milo, Tova; Roy, Sudeepa; Suciu, Dan",2015,1
https://doi.org/10.4230/LIPIcs.ICDT.2016.10,A Formal Study of Collaborative Access Control in Distributed Datalog,ICDT,conference_paper,"Abiteboul, Serge; Bourhis, Pierre; Vianu, Victor",2016,1
https://doi.org/10.4230/LIPIcs.ICDT.2016.11,It's All a Matter of Degree: Using Degree Information to Optimize Multiway Joins,ICDT,conference_paper,"Joglekar, Manas R.; Ré, Christopher M.",2016,1
https://doi.org/10.4230/LIPIcs.ICDT.2016.14,Dynamic Graph Queries,ICDT,conference_paper,"Muñoz, Pablo; Vortmeier, Nils; Zeume, Thomas",2016,1
https://doi.org/10.4230/LIPIcs.ICDT.2016.16,Query Stability in Monotonic Data-Aware Business Processes,ICDT,conference_paper,"Savkovic, Ognjen; Marengo, Elisa; Nutt, Werner",2016,1
https://doi.org/10.4230/LIPIcs.ICDT.2016.19,Limits of Schema Mappings,ICDT,conference_paper,"Kolaitis, Phokion G.; Pichler, Reinhard; Sallinger, Emanuel; Savenkov, Vadim",2016,1
https://doi.org/10.4230/LIPIcs.ICDT.2016.20,Reasoning About Integrity Constraints for Tree-Structured Data,ICDT,conference_paper,"Czerwinski, Wojciech; David, Claire; Murlak, Filip; Parys, Pawel",2016,1
https://doi.org/10.4230/LIPIcs.ICDT.2016.22,On the Complexity of Enumerating the Answers to Well-designed Pattern Trees,ICDT,conference_paper,"Kröll, Markus; Pichler, Reinhard; Skritek, Sebastian",2016,1
https://doi.org/10.4230/LIPIcs.ICDT.2017.1,"Rewritability in Monadic Disjunctive Datalog, MMSNP, and Expressive Description Logics (Invited Talk)",ICDT,conference_paper,"Feier, Cristina; Kuusisto, Antti; Lutz, Carsten",2017,1
https://doi.org/10.4230/LIPIcs.ICDT.2017.11,k-Regret Minimizing Set: Efficient Algorithms and Hardness,ICDT,conference_paper,"Cao, Wei; Li, Jian; Wang, Haitao; Wang, Kangning; Wang, Ruosong; Chi-Wing Wong, Raymond; Zhan, Wei",2017,1
https://doi.org/10.4230/LIPIcs.ICDT.2017.13,A Logic for Document Spanners,ICDT,conference_paper,"Freydenberger, Dominik D.",2017,1
https://doi.org/10.4230/LIPIcs.ICDT.2017.14,Distributed Query Monitoring through Convex Analysis: Towards Composable Safe Zones,ICDT,conference_paper,"Garofalakis, Minos; Samoladas, Vasilis",2017,1
https://doi.org/10.4230/LIPIcs.ICDT.2017.18,Compression of Unordered XML Trees,ICDT,conference_paper,"Lohrey, Markus; Maneth, Sebastian; Reh, Carl Philipp",2017,1
https://doi.org/10.4230/LIPIcs.ICDT.2017.19,Dynamic Complexity under Definable Changes,ICDT,conference_paper,"Schwentick, Thomas; Vortmeier, Nils; Zeume, Thomas",2017,1
https://doi.org/10.4230/LIPIcs.ICDT.2017.5,Top-k Querying of Unknown Values under Order Constraints,ICDT,conference_paper,"Amarilli, Antoine; Amsterdamer, Yael; Milo, Tova; Senellart, Pierre",2017,1
https://doi.org/10.4230/LIPIcs.ICDT.2017.6,Combined Tractability of Query Evaluation via Tree Automata and Cycluits,ICDT,conference_paper,"Amarilli, Antoine; Bourhis, Pierre; Monet, Mikaël; Senellart, Pierre",2017,1
https://doi.org/10.4230/LIPIcs.ICDT.2017.8,Answering FO+MOD Queries Under Updates on Bounded Degree Databases,ICDT,conference_paper,"Berkholz, Christoph; Keppeler, Jens; Schweikardt, Nicole",2017,1
https://doi.org/10.4230/LIPIcs.ICDT.2018.11,Enumeration Complexity of Conjunctive Queries with Functional Dependencies,ICDT,conference_paper,"Carmeli, Nofar; Kröll, Markus",2018,1
https://doi.org/10.4230/LIPIcs.ICDT.2018.6,Connecting Width and Structure in Knowledge Compilation,ICDT,conference_paper,"Amarilli, Antoine; Monet, Mikaël; Senellart, Pierre",2018,1
https://doi.org/10.4230/LIPIcs.ICDT.2018.7,A More General Theory of Static Approximations for Conjunctive Queries,ICDT,conference_paper,"Barceló, Pablo; Romero, Miguel; Zeume, Thomas",2018,1
https://doi.org/10.4230/LIPIcs.ICDT.2019.10,Approximating Distance Measures for the Skyline,ICDT,conference_paper,"Kumar, Nirman; Raichel, Benjamin; Sintos, Stavros; Van Buskirk, Gregory",2019,1
https://doi.org/10.4230/LIPIcs.ICDT.2019.13,Recursive Programs for Document Spanners,ICDT,conference_paper,"Peterfreund, Liat; Cate, Balder ten; Fagin, Ronald; Kimelfeld, Benny",2019,1
https://doi.org/10.4230/LIPIcs.ICDT.2019.18,A Single Approach to Decide Chase Termination on Linear Existential Rules,ICDT,conference_paper,"Leclère, Michel; Mugnier, Marie-Laure; Thomazo, Michaël; Ulliana, Federico",2019,1
https://doi.org/10.4230/LIPIcs.ICDT.2019.19,Additive First-Order Queries,ICDT,conference_paper,"Berger, Gerald; Otto, Martin; Pieris, Andreas; Surinx, Dimitri; Van den Bussche, Jan",2019,1
https://doi.org/10.4230/LIPIcs.ICDT.2019.21,Boolean Tensor Decomposition for Conjunctive Queries with Negation,ICDT,conference_paper,"Abo Khamis, Mahmoud; Ngo, Hung Q.; Olteanu, Dan; Suciu, Dan",2019,1
https://doi.org/10.4230/LIPIcs.ICDT.2019.3,The Power of the Terminating Chase (Invited Talk),ICDT,conference_paper,"Krötzsch, Markus; Marx, Maximilian; Rudolph, Sebastian",2019,1
https://doi.org/10.4230/LIPIcs.ICDT.2019.5,A Formal Framework for Complex Event Processing,ICDT,conference_paper,"Grez, Alejandro; Riveros, Cristian; Ugarte, Martín",2019,1
https://doi.org/10.4230/LIPIcs.ICDT.2019.9,Categorical Range Reporting with Frequencies,ICDT,conference_paper,"Ganguly, Arnab; Munro, J. Ian; Nekrich, Yakov; Shah, Rahul; Thankachan, Sharma V.",2019,1
https://doi.org/10.4230/LIPIcs.ICDT.2020.15,On the Expressiveness of Languages for Complex Event Recognition,ICDT,conference_paper,"Grez, Alejandro; Riveros, Cristian; Ugarte, Martín; Vansummeren, Stijn",2020,1
https://doi.org/10.4230/LIPIcs.ICDT.2020.19,Datalog with Negation and Monotonicity,ICDT,conference_paper,"Ketsman, Bas; Koch, Christoph",2020,1
https://doi.org/10.4230/LIPIcs.ICDT.2020.20,The Shapley Value of Tuples in Query Answering,ICDT,conference_paper,"Livshits, Ester; Bertossi, Leopoldo; Kimelfeld, Benny; Sebag, Moshe",2020,1
https://doi.org/10.4230/LIPIcs.ICDT.2020.21,Optimal Joins Using Compact Data Structures,ICDT,conference_paper,"Navarro, Gonzalo; Reutter, Juan L.; Rojas-Ledesma, Javiel",2020,1
https://doi.org/10.4230/LIPIcs.ICDT.2020.5,A Dichotomy for Homomorphism-Closed Queries on Probabilistic Graphs,ICDT,conference_paper,"Amarilli, Antoine; Ceylan, İsmail İlkan",2020,1
https://doi.org/10.4230/LIPIcs.ICDT.2020.6,On the Expressiveness of LARA: A Unified Language for Linear and Relational Algebra,ICDT,conference_paper,"Barceló, Pablo; Higuera, Nelson; Pérez, Jorge; Subercaseaux, Bernardo",2020,1
https://doi.org/10.4230/LIPIcs.ICDT.2021.10,The Complexity of Aggregates over Extractions by Regular Expressions,ICDT,conference_paper,"Doleschal, Johannes; Bratman, Noa; Kimelfeld, Benny; Martens, Wim",2021,1
https://doi.org/10.4230/LIPIcs.ICDT.2021.11,Answer Counting Under Guarded TGDs,ICDT,conference_paper,"Feier, Cristina; Lutz, Carsten; Przybyłko, Marcin",2021,1
https://doi.org/10.4230/LIPIcs.ICDT.2021.14,Enumeration Algorithms for Conjunctive Queries with Projection,ICDT,conference_paper,"Deep, Shaleen; Hu, Xiao; Koutris, Paraschos",2021,1
https://doi.org/10.4230/LIPIcs.ICDT.2021.17,Uniform Reliability of Self-Join-Free Conjunctive Queries,ICDT,conference_paper,"Amarilli, Antoine; Kimelfeld, Benny",2021,1
https://doi.org/10.4230/LIPIcs.ICDT.2021.19,Fine-Grained Complexity of Regular Path Queries,ICDT,conference_paper,"Casel, Katrin; Schmid, Markus L.",2021,1
https://doi.org/10.4230/LIPIcs.ICDT.2021.5,Ranked Enumeration of Conjunctive Query Results,ICDT,conference_paper,"Deep, Shaleen; Koutris, Paraschos",2021,1
https://doi.org/10.4230/LIPIcs.ICDT.2021.7,Grammars for Document Spanners,ICDT,conference_paper,"Peterfreund, Liat",2021,1
https://doi.org/10.4230/LIPIcs.ICDT.2021.9,Conjunctive Queries: Unique Characterizations and Exact Learnability,ICDT,conference_paper,"ten Cate, Balder; Dalmau, Victor",2021,1
https://doi.org/10.4230/LIPIcs.ICDT.2022.10,Splitting Spanner Atoms: A Tool for Acyclic Core Spanners,ICDT,conference_paper,"Freydenberger, Dominik D.; Thompson, Sam M.",2022,1
https://doi.org/10.4230/LIPIcs.ICDT.2022.12,Characterising Fixed Parameter Tractability for Query Evaluation over Guarded TGDs,ICDT,conference_paper,"Feier, Cristina",2022,1
https://doi.org/10.4230/LIPIcs.ICDT.2022.13,Tuple-Generating Dependencies Capture Complex Values,ICDT,conference_paper,"Marx, Maximilian; Krötzsch, Markus",2022,1
https://doi.org/10.4230/LIPIcs.ICDT.2022.14,Inference of Shape Graphs for Graph Databases,ICDT,conference_paper,"Groz, Benoît; Lemay, Aurélien; Staworko, Sławek; Wieczorek, Piotr",2022,1
https://doi.org/10.4230/LIPIcs.ICDT.2022.15,Expressiveness of SHACL Features,ICDT,conference_paper,"Bogaerts, Bart; Jakubowski, Maxime; Van den Bussche, Jan",2022,1
https://doi.org/10.4230/LIPIcs.ICDT.2022.19,Streaming Enumeration on Nested Documents,ICDT,conference_paper,"Muñoz, Martín; Riveros, Cristian",2022,1
https://doi.org/10.4230/LIPIcs.ICDT.2022.8,Rewriting with Acyclic Queries: Mind Your Head,ICDT,conference_paper,"Geck, Gaetano; Keppeler, Jens; Schwentick, Thomas; Spinrath, Christopher",2022,1
https://doi.org/10.4230/LIPIcs.ICDT.2023.11,The Complexity of the Shapley Value for Regular Path Queries,ICDT,conference_paper,"Khalil, Majd; Kimelfeld, Benny",2023,1
https://doi.org/10.4230/LIPIcs.ICDT.2023.13,Size Bounds and Algorithms for Conjunctive Regular Path Queries,ICDT,conference_paper,"Cucumides, Tamara; Reutter, Juan; Vrgoč, Domagoj",2023,1
https://doi.org/10.4230/LIPIcs.ICDT.2023.15,Approximation and Semantic Tree-Width of Conjunctive Regular Path Queries,ICDT,conference_paper,"Figueira, Diego; Morvan, Rémi",2023,1
https://doi.org/10.4230/LIPIcs.ICDT.2023.18,Finite-Cliquewidth Sets of Existential Rules: Toward a General Criterion for Decidable yet Highly Expressive Querying,ICDT,conference_paper,"Feller, Thomas; Lyon, Tim S.; Ostropolski-Nalewaja, Piotr; Rudolph, Sebastian",2023,1
https://doi.org/10.4230/LIPIcs.ICDT.2023.20,Probabilistic Query Evaluation with Bag Semantics,ICDT,conference_paper,"Grohe, Martin; Lindner, Peter; Standke, Christoph",2023,1
https://doi.org/10.4230/LIPIcs.ICDT.2023.22,The Consistency of Probabilistic Databases with Independent Cells,ICDT,conference_paper,"Gilad, Amir; Imber, Aviram; Kimelfeld, Benny",2023,1
https://doi.org/10.4230/LIPIcs.ICDT.2023.23,Consistent Query Answering for Primary Keys and Conjunctive Queries with Counting,ICDT,conference_paper,"Amezian El Khalfioui, Aziz; Wijsen, Jef",2023,1
https://doi.org/10.4230/LIPIcs.ICDT.2023.9,Absolute Expressiveness of Subgraph-Based Centrality Measures,ICDT,conference_paper,"Pieris, Andreas; Salas, Jorge",2023,1
https://doi.org/10.4230/LIPIcs.ICDT.2024.12,Enumeration and Updates for Conjunctive Linear Algebra Queries Through Expressibility,ICDT,conference_paper,"Muñoz Serrano, Thomas; Riveros, Cristian; Vansummeren, Stijn",2024,1
https://doi.org/10.4230/LIPIcs.ICDT.2024.15,Conjunctive Queries on Probabilistic Graphs: The Limits of Approximability,ICDT,conference_paper,"Amarilli, Antoine; van Bremen, Timothy; Meel, Kuldeep S.",2024,1
https://doi.org/10.4230/LIPIcs.ICDT.2024.18,Computing Data Distribution from Query Selectivities,ICDT,conference_paper,"Agarwal, Pankaj K.; Raychaudhury, Rahul; Sintos, Stavros; Yang, Jun",2024,1
https://doi.org/10.4230/LIPIcs.ICDT.2024.20,Conditional Independence on Semiring Relations,ICDT,conference_paper,"Hannula, Miika",2024,1
https://doi.org/10.4230/LIPIcs.ICDT.2024.6,Range Entropy Queries and Partitioning,ICDT,conference_paper,"Krishnan, Sanjay; Sintos, Stavros",2024,1
https://doi.org/10.4230/LIPIcs.ICDT.2025.1,The Quest for Faster Join Algorithms (Invited Talk),ICDT,conference_paper,"Koutris, Paraschos; Deep, Shaleen; Fan, Austen; Zhao, Hangdong",2025,1
https://doi.org/10.4230/LIPIcs.ICDT.2025.13,Symmetric Linear Arc Monadic Datalog and Gadget Reductions,ICDT,conference_paper,"Bodirsky, Manuel; Starke, Florian",2025,1
https://doi.org/10.4230/LIPIcs.ICDT.2025.14,Repairing Databases over Metric Spaces with Coincidence Constraints,ICDT,conference_paper,"Kaminsky, Youri; Kimelfeld, Benny; Livshits, Ester; Naumann, Felix; Wajc, David",2025,1
https://doi.org/10.4230/LIPIcs.ICDT.2025.15,Query Repairs,ICDT,conference_paper,"ten Cate, Balder; Kolaitis, Phokion G.; Lutz, Carsten",2025,1
https://doi.org/10.4230/LIPIcs.ICDT.2025.17,Partition Constraints for Conjunctive Queries: Bounds and Worst-Case Optimal Joins,ICDT,conference_paper,"Deeds, Kyle; Merkl, Timo Camillo",2025,1
https://doi.org/10.4230/LIPIcs.ICDT.2025.20,A Formal Language Perspective on Factorized Representations,ICDT,conference_paper,"Kimelfeld, Benny; Martens, Wim; Niewerth, Matthias",2025,1
https://doi.org/10.4230/LIPIcs.ICDT.2025.24,Learning Tree Pattern Transformations,ICDT,conference_paper,"Neider, Daniel; Sabellek, Leif; Schmidt, Johannes; Vehlken, Fabian; Zeume, Thomas",2025,1
https://doi.org/10.4230/LIPIcs.ICDT.2025.25,Optimal Oblivious Algorithms for Multi-Way Joins,ICDT,conference_paper,"Hu, Xiao; Wu, Zhiang",2025,1
https://doi.org/10.4230/LIPIcs.ICDT.2025.27,Parallel Query Processing with Heterogeneous Machines,ICDT,conference_paper,"Frisk, Simon; Koutris, Paraschos",2025,1
https://doi.org/10.4230/LIPIcs.ICDT.2025.28,Generalized Covers for Conjunctive Queries,ICDT,conference_paper,"Koutris, Paraschos",2025,1
https://doi.org/10.4230/LIPIcs.ICDT.2025.35,Database Theory in Action: Database Visualization,ICDT,conference_paper,"Wu, Eugene",2025,1
https://doi.org/10.4230/LIPIcs.ICDT.2025.5,Bag Containment of Join-On-Free Queries,ICDT,conference_paper,"Konstantinidis, George; Mogavero, Fabio",2025,1
https://doi.org/10.4230/LIPIcs.ICDT.2025.9,Query Languages for Neural Networks,ICDT,conference_paper,"Grohe, Martin; Standke, Christoph; Steegmans, Juno; Van den Bussche, Jan",2025,1
https://doi.org/10.4230/LIPIcs.ICDT.2026.11,Factorised Representations of Join Queries: Tight Bounds and a New Dichotomy,ICDT,conference_paper,"Berkholz, Christoph; Vinall-Smeeth, Harry",2026,1
https://doi.org/10.4230/LIPIcs.ICDT.2026.16,"Gamma Acyclicity, Annotated Relations, and Consistency Witness Functions",ICDT,conference_paper,"Atserias, Albert; Kolaitis, Phokion G.",2026,1
https://doi.org/10.4230/LIPIcs.ICDT.2026.17,Algorithms for Optimizing Acyclic Queries,ICDT,conference_paper,"Luo, Zheng; Van den Broeck, Wim; Van den Broeck, Guy; Wang, Yisu Remy",2026,1
https://doi.org/10.4230/LIPIcs.ICDT.2026.18,Output-Sensitive Evaluation of Acyclic Conjunctive Regular Path Queries,ICDT,conference_paper,"Abo Khamis, Mahmoud; Hurjui, Alexandru-Mihai; Kara, Ahmet; Olteanu, Dan; Suciu, Dan; Tian, Zilu",2026,1
https://doi.org/10.4230/LIPIcs.ICDT.2026.20,Responsibility Measures for Conjunctive Queries with Negation,ICDT,conference_paper,"Bienvenu, Meghyn; Figueira, Diego; Lafourcade, Pierre",2026,1
https://doi.org/10.4230/LIPIcs.ICDT.2026.23,Conjunctive Query Containment with Safe Negation and TGD One-Boundedness,ICDT,conference_paper,"Oriol, Xavier",2026,1
https://doi.org/10.4230/LIPIcs.ICDT.2026.8,Neither Cover nor Pack: Distributed Worst-Case Optimality of Degree-2 Joins,ICDT,conference_paper,"Aamer, Heba; Hu, Xiao; Ketsman, Bas",2026,1
https://doi.org/10.4230/LIPIcs.IPEC.2015.138,An FPT Algorithm and a Polynomial Kernel for Linear Rankwidth-1 Vertex Deletion,IPEC,conference_paper,"Kanté, Mamadou Moustapha; Kim, Eun Jung; Kwon, O-joung; Paul, Christophe",2015,1
https://doi.org/10.4230/LIPIcs.IPEC.2015.236,Fixed-parameter Tractable Distances to Sparse Graph Classes,IPEC,conference_paper,"Bulian, Jannis; Dawar, Anuj",2015,1
https://doi.org/10.4230/LIPIcs.IPEC.2015.248,Strong ETH and Resolution via Games and the Multiplicity of Strategies,IPEC,conference_paper,"Bonacina, Ilario; Talebanfard, Navid",2015,1
https://doi.org/10.4230/LIPIcs.IPEC.2015.30,Variants of  Plane Diameter Completion,IPEC,conference_paper,"Golovach, Petr A.; Requilé, Clément; Thilikos, Dimitrios M.",2015,1
https://doi.org/10.4230/LIPIcs.IPEC.2015.319,The Graph Motif Problem Parameterized by the Structure of the Input Graph,IPEC,conference_paper,"Bonnet, Édouard; Sikora, Florian",2015,1
https://doi.org/10.4230/LIPIcs.IPEC.2015.331,Kernels for Structural Parameterizations of Vertex Cover - Case of Small Degree Modulators,IPEC,conference_paper,"Majumdar, Diptapriyo; Raman, Venkatesh; Saurabh, Saket",2015,1
https://doi.org/10.4230/LIPIcs.IPEC.2015.365,Parameterized Lower Bound and Improved Kernel for Diamond-free Edge Deletion,IPEC,conference_paper,"Sandeep, R. B.; Sivadasan, Naveen",2015,1
https://doi.org/10.4230/LIPIcs.IPEC.2015.389,B-Chromatic Number: Beyond NP-Hardness,IPEC,conference_paper,"Panolan, Fahad; Philip, Geevarghese; Saurabh, Saket",2015,1
https://doi.org/10.4230/LIPIcs.IPEC.2015.402,Fast Biclustering by Dual Parameterization,IPEC,conference_paper,"Drange, Pål Grønås; Reidl, Felix; Sánchez Villaamil, Fernando; Sikdar, Somnath",2015,1
https://doi.org/10.4230/LIPIcs.IPEC.2015.90,Improved Exact Algorithms for Mildly Sparse Instances of Max SAT,IPEC,conference_paper,"Sakai, Takayuki; Seto, Kazuhisa; Tamaki, Suguru; Teruyama, Junichi",2015,1
https://doi.org/10.4230/LIPIcs.IPEC.2016.10,A Parameterized Algorithmics Framework for Degree Sequence Completion Problems in Directed Graphs,IPEC,conference_paper,"Bredereck, Robert; Froese, Vincent; Koseler, Marcel; Millani, Marcelo Garlet; Nichterlein, André; Niedermeier, Rolf",2016,1
https://doi.org/10.4230/LIPIcs.IPEC.2016.16,Computing Graph Distances Parameterized by Treewidth and Diameter,IPEC,conference_paper,"Husfeldt, Thore",2016,1
https://doi.org/10.4230/LIPIcs.IPEC.2016.2,Improved Algorithms and Combinatorial Bounds for Independent Feedback Vertex Set,IPEC,conference_paper,"Agrawal, Akanksha; Gupta, Sushmita; Saurabh, Saket; Sharma, Roohani",2016,1
https://doi.org/10.4230/LIPIcs.IPEC.2016.21,Structural Parameterizations of Feedback Vertex Set,IPEC,conference_paper,"Majumdar, Diptapriyo",2016,1
https://doi.org/10.4230/LIPIcs.IPEC.2016.22,Randomised Enumeration of Small Witnesses Using a Decision Oracle,IPEC,conference_paper,"Meeks, Kitty",2016,1
https://doi.org/10.4230/LIPIcs.IPEC.2016.25,Ground Reachability and Joinability in Linear Term Rewriting Systems are Fixed Parameter Tractable with Respect to Depth,IPEC,conference_paper,"de Oliveira Oliveira, Mateus",2016,1
https://doi.org/10.4230/LIPIcs.IPEC.2016.26,Edge Bipartization Faster Than 2^k,IPEC,conference_paper,"Pilipczuk, Marcin; Pilipczuk, Michal; Wrochna, Marcin",2016,1
https://doi.org/10.4230/LIPIcs.IPEC.2016.3,"H-Free Graphs, Independent Sets, and Subexponential-Time Algorithms",IPEC,conference_paper,"Bacsó, Gábor; Marx, Dániel; Tuza, Zsolt",2016,1
https://doi.org/10.4230/LIPIcs.IPEC.2016.5,Finding Secluded Places of Special Interest in Graphs,IPEC,conference_paper,"van Bevern, René; Fluschnik, Till; Mertzios, George B.; Molter, Hendrik; Sorge, Manuel; Suchý, Ondrej",2016,1
https://doi.org/10.4230/LIPIcs.IPEC.2016.6,The Parameterized Complexity of Dependency Detection in Relational Databases,IPEC,conference_paper,"Bläsius, Thomas; Friedrich, Tobias; Schirneck, Martin",2016,1
https://doi.org/10.4230/LIPIcs.IPEC.2017.10,How Much Does a Treedepth Modulator Help to Obtain Polynomial Kernels Beyond Sparse Graphs?,IPEC,conference_paper,"Bougeret, Marin; Sau, Ignasi",2017,1
https://doi.org/10.4230/LIPIcs.IPEC.2017.11,Solving and Sampling with Many Solutions: Satisfiability and Other Hard Problems,IPEC,conference_paper,"Cardinal, Jean; Nummenpalo, Jerri; Welzl, Emo",2017,1
https://doi.org/10.4230/LIPIcs.IPEC.2017.15,Tight Conditional Lower Bounds for Longest Common Increasing Subsequence,IPEC,conference_paper,"Duraj, Lech; Künnemann, Marvin; Polak, Adam",2017,1
https://doi.org/10.4230/LIPIcs.IPEC.2017.19,FO Model Checking of Geometric Graphs,IPEC,conference_paper,"Hlineny, Petr; Pokrývka, Filip; Roy, Bodhayan",2017,1
https://doi.org/10.4230/LIPIcs.IPEC.2017.29,Computing Treewidth on the GPU,IPEC,conference_paper,"van der Zanden, Tom C.; Bodlaender, Hans L.",2017,1
https://doi.org/10.4230/LIPIcs.IPEC.2017.5,Contraction-Bidimensionality of Geometric Intersection Graphs,IPEC,conference_paper,"Baste, Julien; Thilikos, Dimitrios M.",2017,1
https://doi.org/10.4230/LIPIcs.IPEC.2018.10,On the Distance Identifying Set Meta-Problem and Applications to the Complexity of Identifying Problems on Graphs,IPEC,conference_paper,"Barbero, Florian; Isenmann, Lucas; Thiebaut, Jocelyn",2018,1
https://doi.org/10.4230/LIPIcs.IPEC.2018.11,The Parameterized Complexity of Finding Point Sets with Hereditary Properties,IPEC,conference_paper,"Eppstein, David; Lokshtanov, Daniel",2018,1
https://doi.org/10.4230/LIPIcs.IPEC.2018.14,Exploring the Kernelization Borders for Hitting Cycles,IPEC,conference_paper,"Agrawal, Akanksha; Jain, Pallavi; Kanesh, Lawqueen; Misra, Pranabendu; Saurabh, Saket",2018,1
https://doi.org/10.4230/LIPIcs.IPEC.2018.17,Parameterized Complexity of Independent Set in H-Free Graphs,IPEC,conference_paper,"Bonnet, Édouard; Bousquet, Nicolas; Charbit, Pierre; Thomassé, Stéphan; Watrigant, Rémi",2018,1
https://doi.org/10.4230/LIPIcs.IPEC.2018.18,Multi-Budgeted Directed Cuts,IPEC,conference_paper,"Kratsch, Stefan; Li, Shaohua; Marx, Dániel; Pilipczuk, Marcin; Wahlström, Magnus",2018,1
https://doi.org/10.4230/LIPIcs.IPEC.2018.19,"Matching Cut: Kernelization, Single-Exponential Time FPT, and Exact Exponential Algorithms",IPEC,conference_paper,"Komusiewicz, Christian; Kratsch, Dieter; Le, Van Bang",2018,1
https://doi.org/10.4230/LIPIcs.IPEC.2018.2,A Complexity Dichotomy for Hitting Small Planar Minors Parameterized by Treewidth,IPEC,conference_paper,"Baste, Julien; Sau, Ignasi; Thilikos, Dimitrios M.",2018,1
https://doi.org/10.4230/LIPIcs.IPEC.2018.22,Solving Target Set Selection with Bounded Thresholds Faster than 2^n,IPEC,conference_paper,"Bliznets, Ivan; Sagunov, Danil",2018,1
https://doi.org/10.4230/LIPIcs.IPEC.2018.3,Lower Bounds for Dynamic Programming on Planar Graphs of Bounded Cutwidth,IPEC,conference_paper,"van Geffen, Bas A. M.; Jansen, Bart M. P.; de Kroon, Arnoud A. W. M.; Morel, Rolf",2018,1
https://doi.org/10.4230/LIPIcs.IPEC.2018.6,Generalized Distance Domination Problems and Their Complexity on Graphs of Bounded mim-width,IPEC,conference_paper,"Jaffke, Lars; Kwon, O-joung; Strømme, Torstein J. F.; Telle, Jan Arne",2018,1
https://doi.org/10.4230/LIPIcs.IPEC.2018.9,The Parameterised Complexity of Computing the Maximum Modularity of a Graph,IPEC,conference_paper,"Meeks, Kitty; Skerman, Fiona",2018,1
https://doi.org/10.4230/LIPIcs.IPEC.2019.14,Multistage Vertex Cover,IPEC,conference_paper,"Fluschnik, Till; Niedermeier, Rolf; Rohm, Valentin; Zschoche, Philipp",2019,1
https://doi.org/10.4230/LIPIcs.IPEC.2019.19,"Finding Cuts of Bounded Degree: Complexity, FPT and Exact Algorithms, and Kernelization",IPEC,conference_paper,"C. M. Gomes, Guilherme; Sau, Ignasi",2019,1
https://doi.org/10.4230/LIPIcs.IPEC.2019.22,Improved Analysis of Highest-Degree Branching for Feedback Vertex Set,IPEC,conference_paper,"Iwata, Yoichi; Kobayashi, Yusuke",2019,1
https://doi.org/10.4230/LIPIcs.IPEC.2019.4,Hierarchy of Transportation Network Parameters and Hardness Results,IPEC,conference_paper,"Blum, Johannes",2019,1
https://doi.org/10.4230/LIPIcs.IPEC.2019.7,Towards a Theory of Parameterized Streaming Algorithms,IPEC,conference_paper,"Chitnis, Rajesh; Cormode, Graham",2019,1
https://doi.org/10.4230/LIPIcs.IPEC.2020.10,A Polynomial Kernel for Paw-Free Editing,IPEC,conference_paper,"Eiben, Eduard; Lochet, William; Saurabh, Saket",2020,1
https://doi.org/10.4230/LIPIcs.IPEC.2020.12,Parameterized Complexity of Directed Spanner Problems,IPEC,conference_paper,"Fomin, Fedor V.; Golovach, Petr A.; Lochet, William; Misra, Pranabendu; Saurabh, Saket; Sharma, Roohani",2020,1
https://doi.org/10.4230/LIPIcs.IPEC.2020.16,Approximation Algorithms for Steiner Tree Based on Star Contractions: A Unified View,IPEC,conference_paper,"Hušek, Radek; Knop, Dušan; Masařík, Tomáš",2020,1
https://doi.org/10.4230/LIPIcs.IPEC.2020.17,Fixed-Parameter Tractability of the Weighted Edge Clique Partition Problem,IPEC,conference_paper,"Feldmann, Andreas Emil; Issac, Davis; Rai, Ashutosh",2020,1
https://doi.org/10.4230/LIPIcs.IPEC.2020.22,Finding Optimal Triangulations Parameterized by Edge Clique Cover,IPEC,conference_paper,"Korhonen, Tuukka",2020,1
https://doi.org/10.4230/LIPIcs.IPEC.2020.26,On the Parameterized Complexity of Maximum Degree Contraction Problem,IPEC,conference_paper,"Saurabh, Saket; Tale, Prafullkumar",2020,1
https://doi.org/10.4230/LIPIcs.IPEC.2020.4,Parameterized Complexity of Scheduling Chains of Jobs with Delays,IPEC,conference_paper,"Bodlaender, Hans L.; van der Wegen, Marieke",2020,1
https://doi.org/10.4230/LIPIcs.IPEC.2020.5,Vertex Deletion into Bipartite Permutation Graphs,IPEC,conference_paper,"Bożyk, Łukasz; Derbisz, Jan; Krawczyk, Tomasz; Novotná, Jana; Okrasa, Karolina",2020,1
https://doi.org/10.4230/LIPIcs.IPEC.2020.8,Recognizing Proper Tree-Graphs,IPEC,conference_paper,"Chaplick, Steven; Golovach, Petr A.; Hartmann, Tim A.; Knop, Dušan",2020,1
https://doi.org/10.4230/LIPIcs.IPEC.2021.12,Lower Bounds for Conjunctive and Disjunctive Turing Kernels,IPEC,conference_paper,"Burjons, Elisabet; Rossmanith, Peter",2021,1
https://doi.org/10.4230/LIPIcs.IPEC.2021.14,Preprocessing for Outerplanar Vertex Deletion: An Elementary Kernel of Quartic Size,IPEC,conference_paper,"Donkers, Huib; Jansen, Bart M. P.; Włodarczyk, Michał",2021,1
https://doi.org/10.4230/LIPIcs.IPEC.2021.19,An Investigation of the Recoverable Robust Assignment Problem,IPEC,conference_paper,"Fischer, Dennis; Hartmann, Tim A.; Lendl, Stefan; Woeginger, Gerhard J.",2021,1
https://doi.org/10.4230/LIPIcs.IPEC.2021.20,Dynamic Data Structures for Timed Automata Acceptance,IPEC,conference_paper,"Grez, Alejandro; Mazowiecki, Filip; Pilipczuk, Michał; Puppis, Gabriele; Riveros, Cristian",2021,1
https://doi.org/10.4230/LIPIcs.IPEC.2021.24,Hardness of Metric Dimension in Graphs of Constant Treewidth,IPEC,conference_paper,"Li, Shaohua; Pilipczuk, Marcin",2021,1
https://doi.org/10.4230/LIPIcs.IPEC.2021.25,Classification of OBDD Size for Monotone 2-CNFs,IPEC,conference_paper,"Razgon, Igor",2021,1
https://doi.org/10.4230/LIPIcs.IPEC.2021.3,The Fine-Grained Complexity of Multi-Dimensional Ordering Properties,IPEC,conference_paper,"An, Haozhe; Gurumukhani, Mohit; Impagliazzo, Russell; Jaber, Michael; Künnemann, Marvin; Nina, Maria Paula Parga",2021,1
https://doi.org/10.4230/LIPIcs.IPEC.2021.8,(Sub)linear Kernels for Edge Modification Problems Towards Structured Graph Classes,IPEC,conference_paper,"Bathie, Gabriel; Bousquet, Nicolas; Pierron, Théo",2021,1
https://doi.org/10.4230/LIPIcs.IPEC.2022.1,A Finite Algorithm for the Realizabilty of a Delaunay Triangulation,IPEC,conference_paper,"Agrawal, Akanksha; Saurabh, Saket; Zehavi, Meirav",2022,1
https://doi.org/10.4230/LIPIcs.IPEC.2022.10,Obstructions to Faster Diameter Computation: Asteroidal Sets,IPEC,conference_paper,"Ducoffe, Guillaume",2022,1
https://doi.org/10.4230/LIPIcs.IPEC.2022.12,Computing Generalized Convolutions Faster Than Brute Force,IPEC,conference_paper,"Esmer, Barış Can; Kulik, Ariel; Marx, Dániel; Schepper, Philipp; Węgrzycki, Karol",2022,1
https://doi.org/10.4230/LIPIcs.IPEC.2022.17,Towards Exact Structural Thresholds for Parameterized Complexity,IPEC,conference_paper,"Hegerfeld, Falko; Kratsch, Stefan",2022,1
https://doi.org/10.4230/LIPIcs.IPEC.2022.18,Hardness of Interval Scheduling on Unrelated Machines,IPEC,conference_paper,"Hermelin, Danny; Itzhaki, Yuval; Molter, Hendrik; Shabtay, Dvir",2022,1
https://doi.org/10.4230/LIPIcs.IPEC.2022.19,Vertex Cover and Feedback Vertex Set Above and Below Structural Guarantees,IPEC,conference_paper,"Kellerhals, Leon; Koana, Tomohiro; Kunz, Pascal",2022,1
https://doi.org/10.4230/LIPIcs.IPEC.2022.20,Parameterized Local Search for Vertex Cover: When Only the Search Radius Is Crucial,IPEC,conference_paper,"Komusiewicz, Christian; Morawietz, Nils",2022,1
https://doi.org/10.4230/LIPIcs.IPEC.2022.24,Parameterized Complexity of Streaming Diameter and Connectivity Problems,IPEC,conference_paper,"Oostveen, Jelle J.; van Leeuwen, Erik Jan",2022,1
https://doi.org/10.4230/LIPIcs.IPEC.2022.3,On the Hardness of Generalized Domination Problems Parameterized by Mim-Width,IPEC,conference_paper,"Bakkane, Brage I. K.; Jaffke, Lars",2022,1
https://doi.org/10.4230/LIPIcs.IPEC.2022.5,On Sparse Hitting Sets: From Fair Vertex Cover to Highway Dimension,IPEC,conference_paper,"Blum, Johannes; Disser, Yann; Feldmann, Andreas Emil; Gupta, Siddharth; Zych-Pawlewicz, Anna",2022,1
https://doi.org/10.4230/LIPIcs.IPEC.2022.6,On the Complexity of Problems on Tree-Structured Graphs,IPEC,conference_paper,"Bodlaender, Hans L.; Groenland, Carla; Jacob, Hugo; Pilipczuk, Marcin; Pilipczuk, Michał",2022,1
https://doi.org/10.4230/LIPIcs.IPEC.2022.7,On the Parameterized Complexity of Computing Tree-Partitions,IPEC,conference_paper,"Bodlaender, Hans L.; Groenland, Carla; Jacob, Hugo",2022,1
https://doi.org/10.4230/LIPIcs.IPEC.2022.8,XNLP-Completeness for Parameterized Problems on Graphs with a Linear Structure,IPEC,conference_paper,"Bodlaender, Hans L.; Groenland, Carla; Jacob, Hugo; Jaffke, Lars; Lima, Paloma T.",2022,1
https://doi.org/10.4230/LIPIcs.IPEC.2023.13,Budgeted Matroid Maximization: a Parameterized Viewpoint,IPEC,conference_paper,"Doron-Arad, Ilan; Kulik, Ariel; Shachnai, Hadas",2023,1
https://doi.org/10.4230/LIPIcs.IPEC.2023.17,Approximate Monotone Local Search for Weighted Problems,IPEC,conference_paper,"Esmer, Barış Can; Kulik, Ariel; Marx, Dániel; Neuen, Daniel; Sharma, Roohani",2023,1
https://doi.org/10.4230/LIPIcs.IPEC.2023.2,Cluster Editing with Overlapping Communities,IPEC,conference_paper,"Arrighi, Emmanuel; Bentert, Matthias; Drange, Pål Grønås; Sullivan, Blair D.; Wolf, Petra",2023,1
https://doi.org/10.4230/LIPIcs.IPEC.2023.20,Graph Clustering Problems Under the Lens of Parameterized Local Search,IPEC,conference_paper,"Garvardt, Jaroslav; Morawietz, Nils; Nichterlein, André; Weller, Mathias",2023,1
https://doi.org/10.4230/LIPIcs.IPEC.2023.26,Dynamic Programming on Bipartite Tree Decompositions,IPEC,conference_paper,"Jaffke, Lars; Morelle, Laure; Sau, Ignasi; Thilikos, Dimitrios M.",2023,1
https://doi.org/10.4230/LIPIcs.IPEC.2023.27,Kernelization for Counting Problems on Graphs: Preserving the Number of Minimum Solutions,IPEC,conference_paper,"Jansen, Bart M. P.; van der Steenhoven, Bart",2023,1
https://doi.org/10.4230/LIPIcs.IPEC.2023.28,On the Parameterized Complexity of Multiway Near-Separator,IPEC,conference_paper,"Jansen, Bart M. P.; Roy, Shivesh K.",2023,1
https://doi.org/10.4230/LIPIcs.IPEC.2023.29,Sunflowers Meet Sparsity: A Linear-Vertex Kernel for Weighted Clique-Packing on Sparse Graphs,IPEC,conference_paper,"Jansen, Bart M. P.; Roy, Shivesh K.",2023,1
https://doi.org/10.4230/LIPIcs.IPEC.2023.3,Existential Second-Order Logic over Graphs: Parameterized Complexity,IPEC,conference_paper,"Bannach, Max; Chudigiewitsch, Florian; Tantau, Till",2023,1
https://doi.org/10.4230/LIPIcs.IPEC.2023.30,How Can We Maximize Phylogenetic Diversity? Parameterized Approaches for Networks,IPEC,conference_paper,"Jones, Mark; Schestag, Jannik",2023,1
https://doi.org/10.4230/LIPIcs.IPEC.2023.31,Sidestepping Barriers for Dominating Set in Parameterized Complexity,IPEC,conference_paper,"Koutis, Ioannis; Włodarczyk, Michał; Zehavi, Meirav",2023,1
https://doi.org/10.4230/LIPIcs.IPEC.2023.32,Approximate Turing Kernelization and Lower Bounds for Domination Problems,IPEC,conference_paper,"Kratsch, Stefan; Kunz, Pascal",2023,1
https://doi.org/10.4230/LIPIcs.IPEC.2023.4,On the Complexity of Finding a Sparse Connected Spanning Subgraph in a Non-Uniform Failure Model,IPEC,conference_paper,"Bentert, Matthias; Schestag, Jannik; Sommer, Frank",2023,1
https://doi.org/10.4230/LIPIcs.IPEC.2023.6,The Parameterised Complexity Of Integer Multicommodity Flow,IPEC,conference_paper,"Bodlaender, Hans L.; Mannens, Isja; Oostveen, Jelle J.; Pandey, Sukanya; van Leeuwen, Erik Jan",2023,1
https://doi.org/10.4230/LIPIcs.IPEC.2023.7,Treewidth Is NP-Complete on Cubic Graphs,IPEC,conference_paper,"Bodlaender, Hans L.; Bonnet, Édouard; Jaffke, Lars; Knop, Dušan; Lima, Paloma T.; Milanič, Martin; Ordyniak, Sebastian; Pandey, Sukanya; Suchý, Ondřej",2023,1
https://doi.org/10.4230/LIPIcs.IPEC.2024.15,Preprocessing to Reduce the Search Space for Odd Cycle Transversal,IPEC,conference_paper,"Jansen, Bart M. P.; Mizutani, Yosuke; Sullivan, Blair D.; Verhaegh, Ruben F. A.",2024,1
https://doi.org/10.4230/LIPIcs.IPEC.2024.19,Single-Machine Scheduling to Minimize the Number of Tardy Jobs with Release Dates,IPEC,conference_paper,"Kaul, Matthias; Mnich, Matthias; Molter, Hendrik",2024,1
https://doi.org/10.4230/LIPIcs.IPEC.2024.20,Quasi-Linear Distance Query Reconstruction for Graphs of Bounded Treelength,IPEC,conference_paper,"Bastide, Paul; Groenland, Carla",2024,1
https://doi.org/10.4230/LIPIcs.IPEC.2024.21,Component Order Connectivity Admits No Polynomial Kernel Parameterized by the Distance to Subdivided Comb Graphs,IPEC,conference_paper,"Greilhuber, Jakob; Sharma, Roohani",2024,1
https://doi.org/10.4230/LIPIcs.IPEC.2024.24,Roman Hitting Functions,IPEC,conference_paper,"Fernau, Henning; Mann, Kevin",2024,1
https://doi.org/10.4230/LIPIcs.IPEC.2024.25,"Matching (Multi)Cut: Algorithms, Complexity, and Enumeration",IPEC,conference_paper,"C. M. Gomes, Guilherme; Juliano, Emanuel; Martins, Gabriel; F. dos Santos, Vinicius",2024,1
https://doi.org/10.4230/LIPIcs.IPEC.2024.4,On the Parameterized Complexity of Eulerian Strong Component Arc Deletion,IPEC,conference_paper,"Blažej, Václav; Jana, Satyabrata; Ramanujan, M. S.; Strulo, Peter",2024,1
https://doi.org/10.4230/LIPIcs.IPEC.2024.9,Fine-Grained Complexity of Multiple Domination and Dominating Patterns in Sparse Graphs,IPEC,conference_paper,"Künnemann, Marvin; Redzic, Mirza",2024,1
https://doi.org/10.4230/LIPIcs.IPEC.2025.11,Parameterized Algorithms for Diversity of Networks with Ecological Dependencies,IPEC,conference_paper,"Jones, Mark; Schestag, Jannik",2025,1
https://doi.org/10.4230/LIPIcs.IPEC.2025.13,On Maximum 2-Clubs,IPEC,conference_paper,"Dumont, Joanne; Lampis, Michael; Liedloff, Mathieu; Perez, Anthony; Todinca, Ioan",2025,1
https://doi.org/10.4230/LIPIcs.IPEC.2025.16,Designing Compact ILPs via Fast Witness Verification,IPEC,conference_paper,"Włodarczyk, Michał",2025,1
https://doi.org/10.4230/LIPIcs.IPEC.2025.23,Enumeration Kernels for Vertex Cover and Feedback Vertex Set,IPEC,conference_paper,"Bougeret, Marin; C. M. Gomes, Guilherme; dos Santos, Vinicius F.; Sau, Ignasi",2025,1
https://doi.org/10.4230/LIPIcs.IPEC.2025.27,Uniformity Within Parameterized Circuit Classes,IPEC,conference_paper,"Hegeman, Steef; Martens, Jan; Laarman, Alfons",2025,1
https://doi.org/10.4230/LIPIcs.IPEC.2025.28,Geodetic Set on Graphs of Constant Pathwidth and Feedback Vertex Set Number,IPEC,conference_paper,"Tale, Prafullkumar",2025,1
https://doi.org/10.4230/LIPIcs.IPEC.2025.29,Hitting Geodesic Intervals in Structurally Restricted Graphs,IPEC,conference_paper,"Gima, Tatsuya; Kobayashi, Yasuaki; Okada, Yuto; Otachi, Yota; Takaike, Hayato",2025,1
https://doi.org/10.4230/LIPIcs.IPEC.2025.30,A Graph Width Perspective on Partially Ordered Hamiltonian Paths and Cycles II: Vertex and Edge Deletion Numbers,IPEC,conference_paper,"Beisegel, Jesse; Klost, Katharina; Knorr, Kristin; Ratajczak, Fabienne; Scheffler, Robert",2025,1
https://doi.org/10.4230/LIPIcs.ISAAC.2016.10,Reconstruction of Weakly Simple Polygons from their Edges,ISAAC,conference_paper,"Akitaya, Hugo A.; Tóth, Csaba D.",2016,1
https://doi.org/10.4230/LIPIcs.ISAAC.2016.18,"Dynamic Relative Compression, Dynamic Partial Sums, and Substring Concatenation",ISAAC,conference_paper,"Bille, Philip; Cording, Patrick Hagge; Gørtz, Inge Li; Skjoldjensen, Frederik Rye; Vildhøj, Hjalte Wedel; Vind, Søren",2016,1
https://doi.org/10.4230/LIPIcs.ISAAC.2016.27,Search on a Line by Byzantine Robots,ISAAC,conference_paper,"Czyzowicz, Jurek; Georgiou, Konstantinos; Kranakis, Evangelos; Krizanc, Danny; Narayanan, Lata; Opatrny, Jaroslav; Shende, Sunil",2016,1
https://doi.org/10.4230/LIPIcs.ISAAC.2016.30,Space-Efficient Plane-Sweep Algorithms,ISAAC,conference_paper,"Elmasry, Amr; Kammer, Frank",2016,1
https://doi.org/10.4230/LIPIcs.ISAAC.2016.32,Universal Guard Problems,ISAAC,conference_paper,"Fekete, Sándor P.; Li, Qian; Mitchell, Joseph S. B.; Scheffer, Christian",2016,1
https://doi.org/10.4230/LIPIcs.ISAAC.2016.33,Fast Approximation Algorithms for the Generalized Survivable Network Design Problem,ISAAC,conference_paper,"Feldmann, Andreas Emil; Könemann, Jochen; Pashkovich, Kanstantsin; Sanità, Laura",2016,1
https://doi.org/10.4230/LIPIcs.ISAAC.2016.48,A Refined Definition for Groups of Moving Entities and its Computation,ISAAC,conference_paper,"van Kreveld, Marc; Löffler, Maarten; Staals, Frank; Wiratma, Lionov",2016,1
https://doi.org/10.4230/LIPIcs.ISAAC.2016.50,On the Complexity of Matching Cut in Graphs of Fixed Diameter,ISAAC,conference_paper,"Le, Hoang-Oanh; Le, Van Bang",2016,1
https://doi.org/10.4230/LIPIcs.ISAAC.2016.61,An Improved Tax Scheme for Selfish Routing,ISAAC,conference_paper,"Wang, Te-Li; Yeh, Chih-Kuan; Chen, Ho-Lin",2016,1
https://doi.org/10.4230/LIPIcs.ISAAC.2017.10,Routing in Polygonal Domains,ISAAC,conference_paper,"Banyassady, Bahareh; Chiu, Man-Kwun; Korman, Matias; Mulzer, Wolfgang; van Renssen, André; Roeloffzen, Marcel; Seiferth, Paul; Stein, Yannik; Vogtenhuber, Birgit; Willert, Max",2017,1
https://doi.org/10.4230/LIPIcs.ISAAC.2017.11,Tilt Assembly: Algorithms for Micro-Factories that Build Objects with Uniform External Forces,ISAAC,conference_paper,"Becker, Aaron T.; Fekete, Sándor P.; Keldenich, Phillip; Krupke, Dominik; Rieck, Christian; Scheffer, Christian; Schmidt, Arne",2017,1
https://doi.org/10.4230/LIPIcs.ISAAC.2017.12,A Simple Greedy Algorithm for Dynamic Graph Orientation,ISAAC,conference_paper,"Berglin, Edvin; Stølting Brodal, Gerth",2017,1
https://doi.org/10.4230/LIPIcs.ISAAC.2017.13,Crossing Number for Graphs with Bounded~Pathwidth,ISAAC,conference_paper,"Biedl, Therese; Chimani, Markus; Derka, Martin; Mutzel, Petra",2017,1
https://doi.org/10.4230/LIPIcs.ISAAC.2017.17,On the Convergence Time of a Natural Dynamics for Linear Programming,ISAAC,conference_paper,"Bonifaci, Vincenzo",2017,1
https://doi.org/10.4230/LIPIcs.ISAAC.2017.18,Routing on the Visibility Graph,ISAAC,conference_paper,"Bose, Prosenjit; Korman, Matias; van Renssen, André; Verdonschot, Sander",2017,1
https://doi.org/10.4230/LIPIcs.ISAAC.2017.31,Conflict-Free Coloring of Intersection Graphs,ISAAC,conference_paper,"Fekete, Sándor P.; Keldenich, Phillip",2017,1
https://doi.org/10.4230/LIPIcs.ISAAC.2017.49,Improved Algorithms for Scheduling Unsplittable Flows on Paths,ISAAC,conference_paper,"Jahanjou, Hamidreza; Kantor, Erez; Rajaraman, Rajmohan",2017,1
https://doi.org/10.4230/LIPIcs.ISAAC.2017.52,Improved Bounds for Online Dominating Sets of Trees,ISAAC,conference_paper,"Kobayashi, Koji M.",2017,1
https://doi.org/10.4230/LIPIcs.ISAAC.2017.65,Hybrid VCSPs with Crisp and Valued Conservative Templates,ISAAC,conference_paper,"Takhanov, Rustem",2017,1
https://doi.org/10.4230/LIPIcs.ISAAC.2017.9,Shortcuts for the Circle,ISAAC,conference_paper,"Bae, Sang Won; de Berg, Mark; Cheong, Otfried; Gudmundsson, Joachim; Levcopoulos, Christos",2017,1
https://doi.org/10.4230/LIPIcs.ISAAC.2018.10,Half-Duplex Communication Complexity,ISAAC,conference_paper,"Hoover, Kenneth; Impagliazzo, Russell; Mihajlin, Ivan; Smal, Alexander V.",2018,1
https://doi.org/10.4230/LIPIcs.ISAAC.2018.15,Computing Optimal Shortcuts for Networks,ISAAC,conference_paper,"Garijo, Delia; Márquez, Alberto; Rodríguez, Natalia; Silveira, Rodrigo I.",2018,1
https://doi.org/10.4230/LIPIcs.ISAAC.2018.28,Beyond-Planarity: Turán-Type Results for Non-Planar Bipartite Graphs,ISAAC,conference_paper,"Angelini, Patrizio; Bekos, Michael A.; Kaufmann, Michael; Pfister, Maximilian; Ueckerdt, Torsten",2018,1
https://doi.org/10.4230/LIPIcs.ISAAC.2018.37,Algorithms for Coloring Reconfiguration Under Recolorability Constraints,ISAAC,conference_paper,"Osawa, Hiroki; Suzuki, Akira; Ito, Takehiro; Zhou, Xiao",2018,1
https://doi.org/10.4230/LIPIcs.ISAAC.2018.44,Correlation Clustering Generalized,ISAAC,conference_paper,"Gleich, David F.; Veldt, Nate; Wirth, Anthony",2018,1
https://doi.org/10.4230/LIPIcs.ISAAC.2018.46,Coresets for Fuzzy K-Means with Applications,ISAAC,conference_paper,"Blömer, Johannes; Brauer, Sascha; Bujna, Kathrin",2018,1
https://doi.org/10.4230/LIPIcs.ISAAC.2018.48,Deterministic Treasure Hunt in the Plane with Angular Hints,ISAAC,conference_paper,"Bouchard, Sébastien; Dieudonné, Yoann; Pelc, Andrzej; Petit, Franck",2018,1
https://doi.org/10.4230/LIPIcs.ISAAC.2018.53,Extending the Centerpoint Theorem to Multiple Points,ISAAC,conference_paper,"Pilz, Alexander; Schnider, Patrick",2018,1
https://doi.org/10.4230/LIPIcs.ISAAC.2018.62,Impatient Online Matching,ISAAC,conference_paper,"Liu, Xingwu; Pan, Zhida; Wang, Yuyi; Wattenhofer, Roger",2018,1
https://doi.org/10.4230/LIPIcs.ISAAC.2018.63,Extensions of Self-Improving Sorters,ISAAC,conference_paper,"Cheng, Siu-Wing; Yan, Lie",2018,1
https://doi.org/10.4230/LIPIcs.ISAAC.2018.70,Longest Unbordered Factor in Quasilinear Time,ISAAC,conference_paper,"Kociumaka, Tomasz; Kundu, Ritu; Mohamed, Manal; Pissis, Solon P.",2018,1
https://doi.org/10.4230/LIPIcs.ISAAC.2019.13,Approximate Pricing in Networks: How to Boost the Betweenness and Revenue of a Node,ISAAC,conference_paper,"Brokkelkamp, Ruben; Polak, Sven; Schäfer, Guido; Velaj, Yllka",2019,1
https://doi.org/10.4230/LIPIcs.ISAAC.2019.15,Measure and Conquer for Max Hamming Distance XSAT,ISAAC,conference_paper,"Hoi, Gordon; Stephan, Frank",2019,1
https://doi.org/10.4230/LIPIcs.ISAAC.2019.16,Cyclability in Graph Classes,ISAAC,conference_paper,"Crespelle, Christophe; Feghali, Carl; Golovach, Petr A.",2019,1
https://doi.org/10.4230/LIPIcs.ISAAC.2019.31,Searching for Cryptogenography Upper Bounds via Sum of Square Programming,ISAAC,conference_paper,"Scheder, Dominik; Tang, Shuyang; Zhang, Jiaheng",2019,1
https://doi.org/10.4230/LIPIcs.ISAAC.2019.32,On the Complexity of Lattice Puzzles,ISAAC,conference_paper,"Kobayashi, Yasuaki; Suetsugu, Koki; Tsuiki, Hideki; Uehara, Ryuhei",2019,1
https://doi.org/10.4230/LIPIcs.ISAAC.2019.36,How Does Object Fatness Impact the Complexity of Packing in d Dimensions?,ISAAC,conference_paper,"Kisfaludi-Bak, Sándor; Marx, Dániel; van der Zanden, Tom C.",2019,1
https://doi.org/10.4230/LIPIcs.ISAAC.2019.37,On One-Round Discrete Voronoi Games,ISAAC,conference_paper,"de Berg, Mark; Kisfaludi-Bak, Sándor; Mehr, Mehran",2019,1
https://doi.org/10.4230/LIPIcs.ISAAC.2019.38,On Explicit Branching Programs for the Rectangular Determinant and Permanent Polynomials,ISAAC,conference_paper,"Arvind, V.; Chatterjee, Abhranil; Datta, Rajit; Mukhopadhyay, Partha",2019,1
https://doi.org/10.4230/LIPIcs.ISAAC.2019.41,Parameterized Complexity Classification of Deletion to List Matrix-Partition for Low-Order Matrices,ISAAC,conference_paper,"Agrawal, Akanksha; Kolay, Sudeshna; Madathil, Jayakrishnan; Saurabh, Saket",2019,1
https://doi.org/10.4230/LIPIcs.ISAAC.2019.44,Parameterized Complexity of Stable Roommates with Ties and Incomplete Lists Through the Lens of Graph Parameters,ISAAC,conference_paper,"Bredereck, Robert; Heeger, Klaus; Knop, Dušan; Niedermeier, Rolf",2019,1
https://doi.org/10.4230/LIPIcs.ISAAC.2019.48,Efficient Interactive Proofs for Linear Algebra,ISAAC,conference_paper,"Cormode, Graham; Hickey, Chris",2019,1
https://doi.org/10.4230/LIPIcs.ISAAC.2019.62,Unbounded Regions of High-Order Voronoi Diagrams of Lines and Segments in Higher Dimensions,ISAAC,conference_paper,"Barequet, Gill; Papadopoulou, Evanthia; Suderland, Martin",2019,1
https://doi.org/10.4230/LIPIcs.ISAAC.2020.13,"Between Shapes, Using the Hausdorff Distance",ISAAC,conference_paper,"van Kreveld, Marc; Miltzow, Tillmann; Ophelders, Tim; Sonke, Willem; Vermeulen, Jordi L.",2020,1
https://doi.org/10.4230/LIPIcs.ISAAC.2020.18,Complexity of Scheduling Few Types of Jobs on Related and Unrelated Machines,ISAAC,conference_paper,"Koutecký, Martin; Zink, Johannes",2020,1
https://doi.org/10.4230/LIPIcs.ISAAC.2020.20,Computing Dense and Sparse Subgraphs of Weakly Closed Graphs,ISAAC,conference_paper,"Koana, Tomohiro; Komusiewicz, Christian; Sommer, Frank",2020,1
https://doi.org/10.4230/LIPIcs.ISAAC.2020.25,Distance Oracles for Interval Graphs via Breadth-First Rank/Select in Succinct Trees,ISAAC,conference_paper,"He, Meng; Munro, J. Ian; Nekrich, Yakov; Wild, Sebastian; Wu, Kaiyu",2020,1
https://doi.org/10.4230/LIPIcs.ISAAC.2020.26,Diverse Pairs of Matchings,ISAAC,conference_paper,"Fomin, Fedor V.; Golovach, Petr A.; Jaffke, Lars; Philip, Geevarghese; Sagunov, Danil",2020,1
https://doi.org/10.4230/LIPIcs.ISAAC.2020.31,Flexible List Colorings in Graphs with Special Degeneracy Conditions,ISAAC,conference_paper,"Bradshaw, Peter; Masařík, Tomáš; Stacho, Ladislav",2020,1
https://doi.org/10.4230/LIPIcs.ISAAC.2020.36,Length-Bounded Cuts: Proper Interval Graphs and Structural Parameters,ISAAC,conference_paper,"Bentert, Matthias; Heeger, Klaus; Knop, Dušan",2020,1
https://doi.org/10.4230/LIPIcs.ISAAC.2020.37,Linear Transformations Between Dominating Sets in the TAR-Model,ISAAC,conference_paper,"Bousquet, Nicolas; Joffard, Alice; Ouvrard, Paul",2020,1
https://doi.org/10.4230/LIPIcs.ISAAC.2020.43,Multistage s-t Path: Confronting Similarity with Dissimilarity in Temporal Graphs,ISAAC,conference_paper,"Fluschnik, Till; Niedermeier, Rolf; Schubert, Carsten; Zschoche, Philipp",2020,1
https://doi.org/10.4230/LIPIcs.ISAAC.2020.50,Recursed Is Not Recursive: A Jarring Result,ISAAC,conference_paper,"Demaine, Erik D.; Kopinsky, Justin; Lynch, Jayson",2020,1
https://doi.org/10.4230/LIPIcs.ISAAC.2020.57,Sparse Hop Spanners for Unit Disk Graphs,ISAAC,conference_paper,"Dumitrescu, Adrian; Ghosh, Anirban; Tóth, Csaba D.",2020,1
https://doi.org/10.4230/LIPIcs.ISAAC.2020.6,A Reduction of the Dynamic Time Warping Distance to the Longest Increasing Subsequence Length,ISAAC,conference_paper,"Sakai, Yoshifumi; Inenaga, Shunsuke",2020,1
https://doi.org/10.4230/LIPIcs.ISAAC.2020.60,The Online Broadcast Range-Assignment Problem,ISAAC,conference_paper,"de Berg, Mark; Markovic, Aleksandar; Umboh, Seeun William",2020,1
https://doi.org/10.4230/LIPIcs.ISAAC.2020.61,The k-Server Problem with Delays on the Uniform Metric Space,ISAAC,conference_paper,"Krnetić, Predrag; Melnyk, Darya; Wang, Yuyi; Wattenhofer, Roger",2020,1
https://doi.org/10.4230/LIPIcs.ISAAC.2020.7,Algorithms and Complexity for Geodetic Sets on Planar and Chordal Graphs,ISAAC,conference_paper,"Chakraborty, Dibyayan; Das, Sandip; Foucaud, Florent; Gahlawat, Harmender; Lajou, Dimitri; Roy, Bodhayan",2020,1
https://doi.org/10.4230/LIPIcs.ISAAC.2021.10,Enclosing Depth and Other Depth Measures,ISAAC,conference_paper,"Schnider, Patrick",2021,1
https://doi.org/10.4230/LIPIcs.ISAAC.2021.13,The Complexity of Sharing a Pizza,ISAAC,conference_paper,"Schnider, Patrick",2021,1
https://doi.org/10.4230/LIPIcs.ISAAC.2021.16,Efficiently Partitioning the Edges of a 1-Planar Graph into a Planar Graph and a Forest,ISAAC,conference_paper,"Barr, Sam; Biedl, Therese",2021,1
https://doi.org/10.4230/LIPIcs.ISAAC.2021.17,On the Kernel and Related Problems in Interval Digraphs,ISAAC,conference_paper,"Francis, Mathew C.; Hell, Pavol; Jacob, Dalu",2021,1
https://doi.org/10.4230/LIPIcs.ISAAC.2021.20,Algorithms and Complexity on Indexing Elastic Founder Graphs,ISAAC,conference_paper,"Equi, Massimo; Norri, Tuukka; Alanko, Jarno; Cazaux, Bastien; Tomescu, Alexandru I.; Mäkinen, Veli",2021,1
https://doi.org/10.4230/LIPIcs.ISAAC.2021.22,Clique-Based Separators for Geometric Intersection Graphs,ISAAC,conference_paper,"de Berg, Mark; Kisfaludi-Bak, Sándor; Monemizadeh, Morteza; Theocharous, Leonidas",2021,1
https://doi.org/10.4230/LIPIcs.ISAAC.2021.28,MAX CUT in Weighted Random Intersection Graphs and Discrepancy of Sparse Random Set Systems,ISAAC,conference_paper,"Nikoletseas, Sotiris; Raptopoulos, Christoforos; Spirakis, Paul",2021,1
https://doi.org/10.4230/LIPIcs.ISAAC.2021.33,Impatient PPSZ - A Faster Algorithm for CSP,ISAAC,conference_paper,"Li, Shibo; Scheder, Dominik",2021,1
https://doi.org/10.4230/LIPIcs.ISAAC.2021.35,Essentially Tight Kernels For (Weakly) Closed Graphs,ISAAC,conference_paper,"Koana, Tomohiro; Komusiewicz, Christian; Sommer, Frank",2021,1
https://doi.org/10.4230/LIPIcs.ISAAC.2021.36,Filling Crosswords Is Very Hard,ISAAC,conference_paper,"Gourvès, Laurent; Harutyunyan, Ararat; Lampis, Michael; Melissinos, Nikolaos",2021,1
https://doi.org/10.4230/LIPIcs.ISAAC.2021.4,Approximate Maximum Halfspace Discrepancy,ISAAC,conference_paper,"Matheny, Michael; Phillips, Jeff M.",2021,1
https://doi.org/10.4230/LIPIcs.ISAAC.2021.42,On the Extended TSP Problem,ISAAC,conference_paper,"Mestre, Julián; Pupyrev, Sergey; Umboh, Seeun William",2021,1
https://doi.org/10.4230/LIPIcs.ISAAC.2021.67,Computing Shapley Values for Mean Width in 3-D,ISAAC,conference_paper,"Tan, Shuhao",2021,1
https://doi.org/10.4230/LIPIcs.ISAAC.2021.9,Connected Coordinated Motion Planning with Bounded Stretch,ISAAC,conference_paper,"Fekete, Sándor P.; Keldenich, Phillip; Kosfeld, Ramin; Rieck, Christian; Scheffer, Christian",2021,1
https://doi.org/10.4230/LIPIcs.ISAAC.2022.12,Complexity and Algorithms for ISOMETRIC PATH COVER on Chordal Graphs and Beyond,ISAAC,conference_paper,"Chakraborty, Dibyayan; Dailly, Antoine; Das, Sandip; Foucaud, Florent; Gahlawat, Harmender; Ghosh, Subir Kumar",2022,1
https://doi.org/10.4230/LIPIcs.ISAAC.2022.14,Computing Homomorphisms in Hereditary Graph Classes: The Peculiar Case of the 5-Wheel and Graphs with No Long Claws,ISAAC,conference_paper,"Dębski, Michał; Lonc, Zbigniew; Okrasa, Karolina; Piecyk, Marta; Rzążewski, Paweł",2022,1
https://doi.org/10.4230/LIPIcs.ISAAC.2022.17,Efficiently Reconfiguring a Connected Swarm of Labeled Robots,ISAAC,conference_paper,"Fekete, Sándor P.; Kramer, Peter; Rieck, Christian; Scheffer, Christian; Schmidt, Arne",2022,1
https://doi.org/10.4230/LIPIcs.ISAAC.2022.18,Entropy Matters: Understanding Performance of Sparse Random Embeddings,ISAAC,conference_paper,"Skorski, Maciej",2022,1
https://doi.org/10.4230/LIPIcs.ISAAC.2022.22,Finding Matching Cuts in H-Free Graphs,ISAAC,conference_paper,"Lucke, Felicia; Paulusma, Daniël; Ries, Bernard",2022,1
https://doi.org/10.4230/LIPIcs.ISAAC.2022.29,Integer Complexity and Mixed Binary-Ternary Representation,ISAAC,conference_paper,"Amano, Kazuyuki",2022,1
https://doi.org/10.4230/LIPIcs.ISAAC.2022.3,A Local Search Algorithm for the Min-Sum Submodular Cover Problem,ISAAC,conference_paper,"Hellerstein, Lisa; Lidbetter, Thomas; Witter, R. Teal",2022,1
https://doi.org/10.4230/LIPIcs.ISAAC.2022.40,On Graphs Coverable by k Shortest Paths,ISAAC,conference_paper,"Dumas, Maël; Foucaud, Florent; Perez, Anthony; Todinca, Ioan",2022,1
https://doi.org/10.4230/LIPIcs.ISAAC.2022.43,On the Complexity of Rainbow Vertex Colouring Diametral Path Graphs,ISAAC,conference_paper,"Dyrseth, Jakob; Lima, Paloma T.",2022,1
https://doi.org/10.4230/LIPIcs.ISAAC.2022.46,On the Parameterized Intractability of Determinant Maximization,ISAAC,conference_paper,"Ohsaka, Naoto",2022,1
https://doi.org/10.4230/LIPIcs.ISAAC.2022.49,Package Delivery Using Drones with Restricted Movement Areas,ISAAC,conference_paper,"Erlebach, Thomas; Luo, Kelin; Spieksma, Frits C.R.",2022,1
https://doi.org/10.4230/LIPIcs.ISAAC.2022.50,Parameterized Approximation Algorithms for TSP,ISAAC,conference_paper,"Zhou, Jianqi; Li, Peihua; Guo, Jiong",2022,1
https://doi.org/10.4230/LIPIcs.ISAAC.2022.51,Partial and Simultaneous Transitive Orientations via Modular Decompositions,ISAAC,conference_paper,"Münch, Miriam; Rutter, Ignaz; Stumpf, Peter",2022,1
https://doi.org/10.4230/LIPIcs.ISAAC.2022.53,Pop & Push: Ordered Tree Iteration in 𝒪(1)-Time,ISAAC,conference_paper,"Lapey, Paul; Williams, Aaron",2022,1
https://doi.org/10.4230/LIPIcs.ISAAC.2022.55,Proportional Allocation of Indivisible Goods up to the Least Valued Good on Average,ISAAC,conference_paper,"Kobayashi, Yusuke; Mahara, Ryoga",2022,1
https://doi.org/10.4230/LIPIcs.ISAAC.2022.60,Simon’s Congruence Pattern Matching,ISAAC,conference_paper,"Kim, Sungmin; Ko, Sang-Ki; Han, Yo-Sub",2022,1
https://doi.org/10.4230/LIPIcs.ISAAC.2022.63,Subquadratic Weighted Matroid Intersection Under Rank Oracles,ISAAC,conference_paper,"Tu, Ta-Wei",2022,1
https://doi.org/10.4230/LIPIcs.ISAAC.2022.65,Succinct List Indexing in Optimal Time,ISAAC,conference_paper,"Holland, William L.",2022,1
https://doi.org/10.4230/LIPIcs.ISAAC.2022.66,Super-Cubic Lower Bound for Generalized Karchmer-Wigderson Games,ISAAC,conference_paper,"Ignatiev, Artur; Mihajlin, Ivan; Smal, Alexander",2022,1
https://doi.org/10.4230/LIPIcs.ISAAC.2022.67,The Dispersive Art Gallery Problem,ISAAC,conference_paper,"Rieck, Christian; Scheffer, Christian",2022,1
https://doi.org/10.4230/LIPIcs.ISAAC.2022.7,Approximating the Minimum Logarithmic Arrangement Problem,ISAAC,conference_paper,"Mestre, Julián; Pupyrev, Sergey",2022,1
https://doi.org/10.4230/LIPIcs.ISAAC.2022.8,Bi-Criteria Approximation Algorithms for Bounded-Degree Subset TSP,ISAAC,conference_paper,"Friggstad, Zachary; Mousavi, Ramin",2022,1
https://doi.org/10.4230/LIPIcs.ISAAC.2023.14,Improved Guarantees for the a Priori TSP,ISAAC,conference_paper,"Blauth, Jannis; Neuwohner, Meike; Puhlmann, Luise; Vygen, Jens",2023,1
https://doi.org/10.4230/LIPIcs.ISAAC.2023.15,An FPT Algorithm for Splitting a Necklace Among Two Thieves,ISAAC,conference_paper,"Borzechowski, Michaela; Schnider, Patrick; Weber, Simon",2023,1
https://doi.org/10.4230/LIPIcs.ISAAC.2023.16,Fast Convolutions for Near-Convex Sequences,ISAAC,conference_paper,"Brand, Cornelius; Lassota, Alexandra",2023,1
https://doi.org/10.4230/LIPIcs.ISAAC.2023.26,Rectilinear-Upward Planarity Testing of Digraphs,ISAAC,conference_paper,"Didimo, Walter; Kaufmann, Michael; Liotta, Giuseppe; Ortali, Giacomo; Patrignani, Maurizio",2023,1
https://doi.org/10.4230/LIPIcs.ISAAC.2023.28,Exact Matching: Correct Parity and FPT Parameterized by Independence Number,ISAAC,conference_paper,"El Maalouly, Nicolas; Steiner, Raphael; Wulf, Lasse",2023,1
https://doi.org/10.4230/LIPIcs.ISAAC.2023.31,Matching Cuts in Graphs of High Girth and H-Free Graphs,ISAAC,conference_paper,"Feghali, Carl; Lucke, Felicia; Paulusma, Daniël; Ries, Bernard",2023,1
https://doi.org/10.4230/LIPIcs.ISAAC.2023.32,Computing Paths of Large Rank in Planar Frameworks Deterministically,ISAAC,conference_paper,"Fomin, Fedor V.; Golovach, Petr A.; Korhonen, Tuukka; Stamoulis, Giannos",2023,1
https://doi.org/10.4230/LIPIcs.ISAAC.2023.33,"Pattern-Avoiding Binary Trees - Generation, Counting, and Bijections",ISAAC,conference_paper,"Gregor, Petr; Mütze, Torsten; Namrata",2023,1
https://doi.org/10.4230/LIPIcs.ISAAC.2023.36,Coloring and Recognizing Mixed Interval Graphs,ISAAC,conference_paper,"Gutowski, Grzegorz; Junosza-Szaniawski, Konstanty; Klesen, Felix; Rzążewski, Paweł; Wolff, Alexander; Zink, Johannes",2023,1
https://doi.org/10.4230/LIPIcs.ISAAC.2023.38,Temporal Separators with Deadlines,ISAAC,conference_paper,"Harutyunyan, Hovhannes A.; Koupayi, Kamran; Pankratov, Denis",2023,1
https://doi.org/10.4230/LIPIcs.ISAAC.2023.39,Regularization of Low Error PCPs and an Application to MCSP,ISAAC,conference_paper,"Hirahara, Shuichi; Moshkovitz, Dana",2023,1
https://doi.org/10.4230/LIPIcs.ISAAC.2023.46,The st-Planar Edge Completion Problem Is Fixed-Parameter Tractable,ISAAC,conference_paper,"Khazaliya, Liana; Kindermann, Philipp; Liotta, Giuseppe; Montecchiani, Fabrizio; Simonov, Kirill",2023,1
https://doi.org/10.4230/LIPIcs.ISAAC.2023.53,On the Complexity of the Eigenvalue Deletion Problem,ISAAC,conference_paper,"Misra, Neeldhara; Mittal, Harshil; Saurabh, Saket; Thakkar, Dhara",2023,1
https://doi.org/10.4230/LIPIcs.ISAAC.2023.55,On the Fine-Grained Query Complexity of Symmetric Functions,ISAAC,conference_paper,"Podder, Supartha; Yao, Penghui; Ye, Zekun",2023,1
https://doi.org/10.4230/LIPIcs.ISAAC.2024.13,The Existential Theory of the Reals with Summation Operators,ISAAC,conference_paper,"Bläser, Markus; Dörfler, Julian; Liśkiewicz, Maciej; van der Zander, Benito",2024,1
https://doi.org/10.4230/LIPIcs.ISAAC.2024.19,Tight (Double) Exponential Bounds for Identification Problems: Locating-Dominating Set and Test Cover,ISAAC,conference_paper,"Chakraborty, Dipayan; Foucaud, Florent; Majumdar, Diptapriyo; Tale, Prafullkumar",2024,1
https://doi.org/10.4230/LIPIcs.ISAAC.2024.23,Simple Realizability of Abstract Topological Graphs,ISAAC,conference_paper,"Da Lozzo, Giordano; Didimo, Walter; Montecchiani, Fabrizio; Münch, Miriam; Patrignani, Maurizio; Rutter, Ignaz",2024,1
https://doi.org/10.4230/LIPIcs.ISAAC.2024.25,The Complexity of Geodesic Spanners Using Steiner Points,ISAAC,conference_paper,"de Berg, Sarita; Ophelders, Tim; Parada, Irene; Staals, Frank; Wulms, Jules",2024,1
https://doi.org/10.4230/LIPIcs.ISAAC.2024.28,Subsequence Matching and Analysis Problems for Formal Languages,ISAAC,conference_paper,"Fazekas, Szilárd Zsolt; Koß, Tore; Manea, Florin; Mercaş, Robert; Specht, Timo",2024,1
https://doi.org/10.4230/LIPIcs.ISAAC.2024.33,Robust Bichromatic Classification Using Two Lines,ISAAC,conference_paper,"Glazenburg, Erwin; van der Horst, Thijs; Peters, Tom; Speckmann, Bettina; Staals, Frank",2024,1
https://doi.org/10.4230/LIPIcs.ISAAC.2024.37,Approximating the Fréchet Distance When Only One Curve Is c-Packed,ISAAC,conference_paper,"Gudmundsson, Joachim; Mai, Tiancheng; Wong, Sampson",2024,1
https://doi.org/10.4230/LIPIcs.ISAAC.2024.4,Minimum Plane Bichromatic Spanning Trees,ISAAC,conference_paper,"A. Akitaya, Hugo; Biniaz, Ahmad; Demaine, Erik D.; Kleist, Linda; Stock, Frederick; Tóth, Csaba D.",2024,1
https://doi.org/10.4230/LIPIcs.ISAAC.2024.43,Reconfiguration of Labeled Matchings in Triangular Grid Graphs,ISAAC,conference_paper,"Kakimura, Naonori; Mishima, Yuta",2024,1
https://doi.org/10.4230/LIPIcs.ISAAC.2024.46,"Uniform Polynomial Kernel for Deletion to K_{2,p} Minor-Free Graphs",ISAAC,conference_paper,"Lochet, William; Sharma, Roohani",2024,1
https://doi.org/10.4230/LIPIcs.ISAAC.2024.47,"Complexity Framework for Forbidden Subgraphs II: Edge Subdivision and the ""H""-Graphs",ISAAC,conference_paper,"Lozin, Vadim; Martin, Barnaby; Pandey, Sukanya; Paulusma, Daniël; Siggers, Mark; Smith, Siani; van Leeuwen, Erik Jan",2024,1
https://doi.org/10.4230/LIPIcs.ISAAC.2024.49,Online Multi-Level Aggregation with Delays and Stochastic Arrivals,ISAAC,conference_paper,"Mari, Mathieu; Pawłowski, Michał; Ren, Runtian; Sankowski, Piotr",2024,1
https://doi.org/10.4230/LIPIcs.ISAAC.2024.51,"Easier Ways to Prove Counting Hard: A Dichotomy for Generalized #SAT, Applied to Constraint Graphs",ISAAC,conference_paper,"MIT Hardness Group; Brunner, Josh; Demaine, Erik D.; Diomidova, Jenny; Gomez, Timothy; Hecher, Markus; Stock, Frederick; Zhou, Zixiang",2024,1
https://doi.org/10.4230/LIPIcs.ISAAC.2024.52,Single Family Algebra Operation on BDDs and ZDDs Leads to Exponential Blow-Up,ISAAC,conference_paper,"Nakamura, Kengo; Nishino, Masaaki; Denzumi, Shuhei",2024,1
https://doi.org/10.4230/LIPIcs.ISAAC.2024.57,Constant Approximating Disjoint Paths on Acyclic Digraphs Is W[1]-Hard,ISAAC,conference_paper,"Włodarczyk, Michał",2024,1
https://doi.org/10.4230/LIPIcs.ISAAC.2024.58,Does Subset Sum Admit Short Proofs?,ISAAC,conference_paper,"Włodarczyk, Michał",2024,1
https://doi.org/10.4230/LIPIcs.ISAAC.2024.6,Dynamic Parameterized Problems on Unit Disk Graphs,ISAAC,conference_paper,"An, Shinwoo; Cho, Kyungjin; Jang, Leo; Jung, Byeonghyeon; Lee, Yudam; Oh, Eunjin; Shin, Donghun; Shin, Hyeonjun; Song, Chanho",2024,1
https://doi.org/10.4230/LIPIcs.ISAAC.2024.8,Lower Bounds for Adaptive Relaxation-Based Algorithms for Single-Source Shortest Paths,ISAAC,conference_paper,"Atalig, Sunny; Hickerson, Alexander; Srivastav, Arrdya; Zheng, Tingting; Chrobak, Marek",2024,1
https://doi.org/10.4230/LIPIcs.ISAAC.2025.11,Finding Diverse Solutions in Combinatorial Problems with a Distributive Lattice Structure,ISAAC,conference_paper,"de Berg, Mark; López Martínez, Andrés; Spieksma, Frits",2025,1
https://doi.org/10.4230/LIPIcs.ISAAC.2025.12,Star-Based Separators for Intersection Graphs of c-Colored Pseudo-Segments,ISAAC,conference_paper,"de Berg, Mark; Jansen, Bart M. P.; Lamme, Jeroen S. K.",2025,1
https://doi.org/10.4230/LIPIcs.ISAAC.2025.13,Optimal Online Bipartite Matching in Degree-2 Graphs,ISAAC,conference_paper,"Bhangale, Amey; Chakraborty, Arghya; Harsha, Prahladh",2025,1
https://doi.org/10.4230/LIPIcs.ISAAC.2025.15,Parameterized Complexity of Directed Traveling Salesman Problem,ISAAC,conference_paper,"Blažej, Václav; Feldmann, Andreas Emil; Fioravantes, Foivos; Rzążewski, Paweł; Suchý, Ondřej",2025,1
https://doi.org/10.4230/LIPIcs.ISAAC.2025.19,Traffic-Oblivious Multi-Commodity Flow Network Design,ISAAC,conference_paper,"Chimani, Markus; Ilsen, Max",2025,1
https://doi.org/10.4230/LIPIcs.ISAAC.2025.26,A Tight Lower Bound for Online Service with Deadlines and Lazy Server,ISAAC,conference_paper,"Disser, Yann; Thelen, Linda",2025,1
https://doi.org/10.4230/LIPIcs.ISAAC.2025.28,Pathfinding in Self-Deleting Graphs,ISAAC,conference_paper,"Dvořák, Michal; Knop, Dušan; Opler, Michal; Pokorný, Jan; Suchý, Ondřej; Szilágyi, Krisztina",2025,1
https://doi.org/10.4230/LIPIcs.ISAAC.2025.32,Time-Optimal k-Server,ISAAC,conference_paper,"Frei, Fabian; Komm, Dennis; Stocker, Moritz; Whittington, Philip",2025,1
https://doi.org/10.4230/LIPIcs.ISAAC.2025.33,Coloring Reconfiguration Under Color Swapping,ISAAC,conference_paper,"Fuchs, Janosch; Saito, Rin; Suga, Tatsuhiro; Suzuki, Takahiro; Tamura, Yuma",2025,1
https://doi.org/10.4230/LIPIcs.ISAAC.2025.34,Deterministic Local Problems in Radio Networks: On the Impact of Local Domination and a Bit of Advice,ISAAC,conference_paper,"Garncarek, Pawel; Jurdzinski, Tomasz; Kowalski, Dariusz R.; Kutten, Shay; Mosteiro, Miguel A.",2025,1
https://doi.org/10.4230/LIPIcs.ISAAC.2025.38,Structural Parameters for Steiner Orientation,ISAAC,conference_paper,"Hanaka, Tesshu; Lampis, Michael; Melissinos, Nikolaos; Nemery, Edouard; Ono, Hirotaka; Vasilakis, Manolis",2025,1
https://doi.org/10.4230/LIPIcs.ISAAC.2025.4,Finding d-Cuts in Claw-Free Graphs,ISAAC,conference_paper,"Ahn, Jungho; Eagling-Vose, Tala; Lucke, Felicia; Paulusma, Daniël; Smith, Siani",2025,1
https://doi.org/10.4230/LIPIcs.ISAAC.2025.42,Parameterized Reunion with Achromatic Number,ISAAC,conference_paper,"Jana, Satyabrata; Saha, Souvik; Saurabh, Saket; Upasana, Anannya",2025,1
https://doi.org/10.4230/LIPIcs.ISAAC.2025.46,Realizing Metric Spaces with Convex Obstacles,ISAAC,conference_paper,"Kisfaludi-Bak, Sándor; Theocharous, Leonidas",2025,1
https://doi.org/10.4230/LIPIcs.ISAAC.2025.5,Graph Coloring Below Guarantees via Co-Triangle Packing,ISAAC,conference_paper,"Akmal, Shyan; Koana, Tomohiro",2025,1
https://doi.org/10.4230/LIPIcs.ISAAC.2025.51,Distributed Complexity of P_k-Freeness: Decision and Certification,ISAAC,conference_paper,"Miyamoto, Masayuki",2025,1
https://doi.org/10.4230/LIPIcs.ISAAC.2025.52,Local Routing on Ordered Θ-Graphs,ISAAC,conference_paper,"van Renssen, André; Sakaguchi, Shuei",2025,1
https://doi.org/10.4230/LIPIcs.ISAAC.2025.6,A Dimension-Reducing Fréchet Simplification Oracle,ISAAC,conference_paper,"Aronov, Boris; Farhana, Tsuri; Katz, Matthew J.; Ramesh, Indu",2025,1
https://doi.org/10.4230/LIPIcs.ITC.2020.1,Separating Local & Shuffled Differential Privacy via Histograms,ITC,conference_paper,"Balcer, Victor; Cheu, Albert",2020,1
https://doi.org/10.4230/LIPIcs.ITC.2020.15,Pure Differentially Private Summation from Anonymous Messages,ITC,conference_paper,"Ghazi, Badih; Golowich, Noah; Kumar, Ravi; Manurangsi, Pasin; Pagh, Rasmus; Velingker, Ameya",2020,1
https://doi.org/10.4230/LIPIcs.ITC.2021.13,"Doubly-Affine Extractors, and Their Applications",ITC,conference_paper,"Dodis, Yevgeniy; Yeo, Kevin",2021,1
https://doi.org/10.4230/LIPIcs.ITC.2021.19,Differentially Oblivious Database Joins: Overcoming the Worst-Case Curse of Fully Oblivious Algorithms,ITC,conference_paper,"Chu, Shumo; Zhuo, Danyang; Shi, Elaine; Chan, T-H. Hubert",2021,1
https://doi.org/10.4230/LIPIcs.ITC.2021.2,More Communication Lower Bounds for Information-Theoretic MPC,ITC,conference_paper,"Damgård, Ivan Bjerre; Li, Boyang; Schwartzbach, Nikolaj Ignatieff",2021,1
https://doi.org/10.4230/LIPIcs.ITC.2021.20,Communication Complexity of Private Simultaneous Quantum Messages Protocols,ITC,conference_paper,"Kawachi, Akinori; Nishimura, Harumichi",2021,1
https://doi.org/10.4230/LIPIcs.ITC.2021.22,On the Security of Proofs of Sequential Work in a Post-Quantum World,ITC,conference_paper,"Blocki, Jeremiah; Lee, Seunghoon; Zhou, Samson",2021,1
https://doi.org/10.4230/LIPIcs.ITC.2022.10,Refuting the Dream XOR Lemma via Ideal Obfuscation and Resettable MPC,ITC,conference_paper,"Badrinarayanan, Saikrishna; Ishai, Yuval; Khurana, Dakshita; Sahai, Amit; Wichs, Daniel",2022,1
https://doi.org/10.4230/LIPIcs.ITC.2022.11,Revisiting Collision and Local Opening Analysis of ABR Hash,ITC,conference_paper,"Dhar, Chandranan; Dodis, Yevgeniy; Nandi, Mridul",2022,1
https://doi.org/10.4230/LIPIcs.ITC.2022.17,Information-Theoretic Distributed Point Functions,ITC,conference_paper,"Boyle, Elette; Gilboa, Niv; Ishai, Yuval; Kolobov, Victor I.",2022,1
https://doi.org/10.4230/LIPIcs.ITC.2022.5,"From Privacy-Only to Simulatable OT: Black-Box, Round-Optimal, Information-Theoretic",ITC,conference_paper,"Madathil, Varun; Orsini, Chris; Scafuro, Alessandra; Venturi, Daniele",2022,1
https://doi.org/10.4230/LIPIcs.ITC.2023.12,Randomness Recoverable Secret Sharing Schemes,ITC,conference_paper,"Hajiabadi, Mohammad; Khazaei, Shahram; Vahdani, Behzad",2023,1
https://doi.org/10.4230/LIPIcs.ITC.2024.11,Fast Secure Computations on Shared Polynomials and Applications to Private Set Operations,ITC,conference_paper,"Giorgi, Pascal; Laguillaumie, Fabien; Ottow, Lucas; Vergnaud, Damien",2024,1
https://doi.org/10.4230/LIPIcs.ITC.2024.2,Communication Complexity vs Randomness Complexity in Interactive Proofs,ITC,conference_paper,"Applebaum, Benny; Bhushan, Kaartik; Prabhakaran, Manoj",2024,1
https://doi.org/10.4230/LIPIcs.ITC.2024.5,On the Power of Adaptivity for Function Inversion,ITC,conference_paper,"Gajulapalli, Karthik; Golovnev, Alexander; King, Samuel",2024,1
https://doi.org/10.4230/LIPIcs.ITC.2024.6,Information-Theoretic Single-Server PIR in the Shuffle Model,ITC,conference_paper,"Ishai, Yuval; Kelkar, Mahimna; Lee, Daniel; Ma, Yiping",2024,1
https://doi.org/10.4230/LIPIcs.ITC.2025.1,Amortized Locally Decodable Codes for Insertions and Deletions,ITC,conference_paper,"Blocki, Jeremiah; Zhang, Justin",2025,1
https://doi.org/10.4230/LIPIcs.ITC.2025.10,Multi-Source Randomness Extraction and Generation in the Random-Oracle Model,ITC,conference_paper,"Coretti, Sandro; Farshim, Pooya; Harasser, Patrick; Southern, Karl",2025,1
https://doi.org/10.4230/LIPIcs.ITC.2026.1,Tighter Bounds for the Oblivious Bit-Fixing Inner Product Extractor on Biased Seeds,ITC,conference_paper,"Doerner, Jack; Roy, Lawrence",2026,1
https://doi.org/10.4230/LIPIcs.ITC.2026.12,Partial Derandomization for Leakage-Resilient Shamir’s Secret Sharing over Composite Order Fields,ITC,conference_paper,"Venkitesh, S.",2026,1
https://doi.org/10.4230/LIPIcs.ITC.2026.6,Towards Characterizing Secure Samplability,ITC,conference_paper,"Anilkumar, Hari Krishnan P.; Jain, Keval; Prabhakaran, Manoj; Prabhakaran, Vinod M.",2026,1
https://doi.org/10.4230/LIPIcs.ITCS.2017.10,Towards Human Computable Passwords,ITCS,conference_paper,"Blocki, Jeremiah; Blum, Manuel; Datta, Anupam; Vempala, Santosh",2017,1
https://doi.org/10.4230/LIPIcs.ITCS.2017.15,Computational Tradeoffs in Biological Neural Networks: Self-Stabilizing Winner-Take-All Networks,ITCS,conference_paper,"Lynch, Nancy; Musco, Cameron; Parter, Merav",2017,1
https://doi.org/10.4230/LIPIcs.ITCS.2017.16,"Mutation, Sexual Reproduction and Survival in Dynamic Environments",ITCS,conference_paper,"Mehta, Ruta; Panageas, Ioannis; Piliouras, Georgios; Tetali, Prasad; Vazirani, Vijay V.",2017,1
https://doi.org/10.4230/LIPIcs.ITCS.2017.23,The Classification of Reversible Bit Operations,ITCS,conference_paper,"Aaronson, Scott; Grier, Daniel; Schaeffer, Luke",2017,1
https://doi.org/10.4230/LIPIcs.ITCS.2017.28,Low-Sensitivity Functions from Unambiguous Certificates,ITCS,conference_paper,"Ben-David, Shalev; Hatami, Pooya; Tal, Avishay",2017,1
https://doi.org/10.4230/LIPIcs.ITCS.2017.3,Linear Coupling: An Ultimate Unification of Gradient and Mirror Descent,ITCS,conference_paper,"Allen-Zhu, Zeyuan; Orecchia, Lorenzo",2017,1
https://doi.org/10.4230/LIPIcs.ITCS.2017.30,What Circuit Classes Can Be Learned with Non-Trivial Savings?,ITCS,conference_paper,"Servedio, Rocco A.; Tan, Li-Yang",2017,1
https://doi.org/10.4230/LIPIcs.ITCS.2017.31,Expander Construction in VNC1,ITCS,conference_paper,"Buss, Sam; Kabanets, Valentine; Kolokolova, Antonina; Koucky, Michal",2017,1
https://doi.org/10.4230/LIPIcs.ITCS.2017.38,Cumulative Space in Black-White Pebbling and Resolution,ITCS,conference_paper,"Alwen, Joël; de Rezende, Susanna F.; Nordström, Jakob; Vinyals, Marc",2017,1
https://doi.org/10.4230/LIPIcs.ITCS.2017.39,A Hierarchy Theorem for Interactive Proofs of Proximity,ITCS,conference_paper,"Gur, Tom; Rothblum, Ron D.",2017,1
https://doi.org/10.4230/LIPIcs.ITCS.2017.43,Inherent Trade-Offs in the Fair Determination of Risk Scores,ITCS,conference_paper,"Kleinberg, Jon; Mullainathan, Sendhil; Raghavan, Manish",2017,1
https://doi.org/10.4230/LIPIcs.ITCS.2017.5,Real Stability Testing,ITCS,conference_paper,"Raghavendra, Prasad; Ryder, Nick; Srivastava, Nikhil",2017,1
https://doi.org/10.4230/LIPIcs.ITCS.2017.52,Approximating Approximate Distance Oracles,ITCS,conference_paper,"Dinitz, Michael; Zhang, Zeyu",2017,1
https://doi.org/10.4230/LIPIcs.ITCS.2017.59,"SOS Is Not Obviously Automatizable, Even Approximately",ITCS,conference_paper,"O'Donnell, Ryan",2017,1
https://doi.org/10.4230/LIPIcs.ITCS.2017.60,The Journey from NP to TFNP Hardness,ITCS,conference_paper,"Hubácek, Pavel; Naor, Moni; Yogev, Eylon",2017,1
https://doi.org/10.4230/LIPIcs.ITCS.2018.1,Barriers for Rank Methods in Arithmetic Complexity,ITCS,conference_paper,"Efremenko, Klim; Garg, Ankit; Oliveira, Rafael; Wigderson, Avi",2018,1
https://doi.org/10.4230/LIPIcs.ITCS.2018.10,Stabbing Planes,ITCS,conference_paper,"Beame, Paul; Fleming, Noah; Impagliazzo, Russell; Kolokolova, Antonina; Pankratov, Denis; Pitassi, Toniann; Robere, Robert",2018,1
https://doi.org/10.4230/LIPIcs.ITCS.2018.17,Pseudo-Deterministic Proofs,ITCS,conference_paper,"Goldwasser, Shafi; Grossman, Ofer; Holden, Dhiraj",2018,1
https://doi.org/10.4230/LIPIcs.ITCS.2018.19,Zero-Knowledge Proofs of Proximity,ITCS,conference_paper,"Berman, Itay; Rothblum, Ron D.; Vaikuntanathan, Vinod",2018,1
https://doi.org/10.4230/LIPIcs.ITCS.2018.20,"Minimum Circuit Size, Graph Isomorphism, and Related Problems",ITCS,conference_paper,"Allender, Eric; Grochow, Joshua A.; van Melkebeek, Dieter; Moore, Cristopher; Morgan, Andrew",2018,1
https://doi.org/10.4230/LIPIcs.ITCS.2018.3,Quantum Query Algorithms are Completely Bounded Forms,ITCS,conference_paper,"Arunachalam, Srinivasan; Briët, Jop; Palazuelos, Carlos",2018,1
https://doi.org/10.4230/LIPIcs.ITCS.2018.36,ETH-Hardness of Approximating 2-CSPs and Directed Steiner Network,ITCS,conference_paper,"Dinur, Irit; Manurangsi, Pasin",2018,1
https://doi.org/10.4230/LIPIcs.ITCS.2018.4,A Complete Characterization of Unitary Quantum Space,ITCS,conference_paper,"Fefferman, Bill; Lin, Cedric Yen-Yu",2018,1
https://doi.org/10.4230/LIPIcs.ITCS.2018.41,Graph Clustering using Effective Resistance,ITCS,conference_paper,"Alev, Vedat Levi; Anari, Nima; Lau, Lap Chi; Oveis Gharan, Shayan",2018,1
https://doi.org/10.4230/LIPIcs.ITCS.2018.42,Lattice-based Locality Sensitive Hashing is Optimal,ITCS,conference_paper,"Chandrasekaran, Karthekeyan; Dadush, Daniel; Gandikota, Venkata; Grigorescu, Elena",2018,1
https://doi.org/10.4230/LIPIcs.ITCS.2018.57,Long Term Memory and the Densest K-Subgraph Problem,ITCS,conference_paper,"Legenstein, Robert; Maass, Wolfgang; Papadimitriou, Christos H.; Vempala, Santosh S.",2018,1
https://doi.org/10.4230/LIPIcs.ITCS.2019.10,"Algorithms, Bounds, and Strategies for Entangled XOR Games",ITCS,conference_paper,"Bene Watts, Adam; Harrow, Aram W.; Kanwar, Gurtej; Natarajan, Anand",2019,1
https://doi.org/10.4230/LIPIcs.ITCS.2019.11,Testing Local Properties of Arrays,ITCS,conference_paper,"Ben-Eliezer, Omri",2019,1
https://doi.org/10.4230/LIPIcs.ITCS.2019.14,Almost Envy-Free Allocations with Connected Bundles,ITCS,conference_paper,"Bilò, Vittorio; Caragiannis, Ioannis; Flammini, Michele; Igarashi, Ayumi; Monaco, Gianpiero; Peters, Dominik; Vinci, Cosimo; Zwicker, William S.",2019,1
https://doi.org/10.4230/LIPIcs.ITCS.2019.17,On Closest Pair in Euclidean Metric: Monochromatic is as Hard as Bichromatic,ITCS,conference_paper,"C. S., Karthik; Manurangsi, Pasin",2019,1
https://doi.org/10.4230/LIPIcs.ITCS.2019.2,Hamiltonian Sparsification and Gap-Simulation,ITCS,conference_paper,"Aharonov, Dorit; Zhou, Leo",2019,1
https://doi.org/10.4230/LIPIcs.ITCS.2019.23,Classical Algorithms from Quantum and Arthur-Merlin Communication Protocols,ITCS,conference_paper,"Chen, Lijie; Wang, Ruosong",2019,1
https://doi.org/10.4230/LIPIcs.ITCS.2019.24,Capturing Complementarity in Set Functions by Going Beyond Submodularity/Subadditivity,ITCS,conference_paper,"Chen, Wei; Teng, Shang-Hua; Zhang, Hanrui",2019,1
https://doi.org/10.4230/LIPIcs.ITCS.2019.25,Probabilistic Checking Against Non-Signaling Strategies from Linearity Testing,ITCS,conference_paper,"Chiesa, Alessandro; Manohar, Peter; Shinkar, Igor",2019,1
https://doi.org/10.4230/LIPIcs.ITCS.2019.26,On the Algorithmic Power of Spiking Neural Networks,ITCS,conference_paper,"Chou, Chi-Ning; Chung, Kai-Min; Lu, Chi-Jen",2019,1
https://doi.org/10.4230/LIPIcs.ITCS.2019.30,Every Set in P Is Strongly Testable Under a Suitable Encoding,ITCS,conference_paper,"Dinur, Irit; Goldreich, Oded; Gur, Tom",2019,1
https://doi.org/10.4230/LIPIcs.ITCS.2019.35,Cubic Formula Size Lower Bounds Based on Compositions with Majority,ITCS,conference_paper,"Gál, Anna; Tal, Avishay; Trejo Nuñez, Adrian",2019,1
https://doi.org/10.4230/LIPIcs.ITCS.2019.36,The Space Complexity of Mirror Games,ITCS,conference_paper,"Garg, Sumegha; Schneider, Jon",2019,1
https://doi.org/10.4230/LIPIcs.ITCS.2019.37,The Subgraph Testing Model,ITCS,conference_paper,"Goldreich, Oded; Ron, Dana",2019,1
https://doi.org/10.4230/LIPIcs.ITCS.2019.38,Adventures in Monotone Complexity and TFNP,ITCS,conference_paper,"Göös, Mika; Kamath, Pritish; Robere, Robert; Sokolov, Dmitry",2019,1
https://doi.org/10.4230/LIPIcs.ITCS.2019.4,Placing Conditional Disclosure of Secrets in the Communication Complexity Universe,ITCS,conference_paper,"Applebaum, Benny; Vasudevan, Prashant Nalini",2019,1
https://doi.org/10.4230/LIPIcs.ITCS.2019.42,How to Subvert Backdoored Encryption: Security Against Adversaries that Decrypt All Ciphertexts,ITCS,conference_paper,"Horel, Thibaut; Park, Sunoo; Richelson, Silas; Vaikuntanathan, Vinod",2019,1
https://doi.org/10.4230/LIPIcs.ITCS.2019.46,Simulating Random Walks on Graphs in the Streaming Model,ITCS,conference_paper,"Jin, Ce",2019,1
https://doi.org/10.4230/LIPIcs.ITCS.2019.48,The Orthogonal Vectors Conjecture for Branching Programs and Formulas,ITCS,conference_paper,"Kane, Daniel M.; Williams, Richard Ryan",2019,1
https://doi.org/10.4230/LIPIcs.ITCS.2019.49,"SOS Lower Bounds with Hard Constraints: Think Global, Act Local",ITCS,conference_paper,"Kothari, Pravesh K.; O'Donnell, Ryan; Schramm, Tselil",2019,1
https://doi.org/10.4230/LIPIcs.ITCS.2019.54,On the Communication Complexity of High-Dimensional Permutations,ITCS,conference_paper,"Linial, Nati; Pitassi, Toniann; Shraibman, Adi",2019,1
https://doi.org/10.4230/LIPIcs.ITCS.2019.57,Random Projection in the Brain and Computation with Assemblies of Neurons,ITCS,conference_paper,"Papadimitriou, Christos H.; Vempala, Santosh S.",2019,1
https://doi.org/10.4230/LIPIcs.ITCS.2019.64,A New Approach to Multi-Party Peer-to-Peer Communication Complexity,ITCS,conference_paper,"Rosén, Adi; Urrutia, Florent",2019,1
https://doi.org/10.4230/LIPIcs.ITCS.2020.1,Hardness Amplification of Optimization Problems,ITCS,conference_paper,"Goldenberg, Elazar; Karthik C. S.",2020,1
https://doi.org/10.4230/LIPIcs.ITCS.2020.11,Algorithms and Lower Bounds for Cycles and Walks: Small Space and Sparse Graphs,ITCS,conference_paper,"Lincoln, Andrea; Vyas, Nikhil",2020,1
https://doi.org/10.4230/LIPIcs.ITCS.2020.16,Preference-Informed Fairness,ITCS,conference_paper,"Kim, Michael P.; Korolova, Aleksandra; Rothblum, Guy N.; Yona, Gal",2020,1
https://doi.org/10.4230/LIPIcs.ITCS.2020.18,"Tarski’s Theorem, Supermodular Games, and the Complexity of Equilibria",ITCS,conference_paper,"Etessami, Kousha; Papadimitriou, Christos; Rubinstein, Aviad; Yannakakis, Mihalis",2020,1
https://doi.org/10.4230/LIPIcs.ITCS.2020.19,Resolution with Counting: Dag-Like Lower Bounds and Different Moduli,ITCS,conference_paper,"Part, Fedor; Tzameret, Iddo",2020,1
https://doi.org/10.4230/LIPIcs.ITCS.2020.21,Strategy-Stealing Is Non-Constructive,ITCS,conference_paper,"Bodwin, Greg; Grossman, Ofer",2020,1
https://doi.org/10.4230/LIPIcs.ITCS.2020.25,Distributional Property Testing in a Quantum World,ITCS,conference_paper,"Gilyén, András; Li, Tongyang",2020,1
https://doi.org/10.4230/LIPIcs.ITCS.2020.27,Local Access to Huge Random Objects Through Partial Sampling,ITCS,conference_paper,"Biswas, Amartya Shankha; Rubinfeld, Ronitt; Yodpinyanee, Anak",2020,1
https://doi.org/10.4230/LIPIcs.ITCS.2020.32,Robust Algorithms for the Secretary Problem,ITCS,conference_paper,"Bradac, Domagoj; Gupta, Anupam; Singla, Sahil; Zuzic, Goran",2020,1
https://doi.org/10.4230/LIPIcs.ITCS.2020.33,"Universal Communication, Universal Graphs, and Graph Labeling",ITCS,conference_paper,"Harms, Nathaniel",2020,1
https://doi.org/10.4230/LIPIcs.ITCS.2020.47,Fault Tolerant Subgraphs with Applications in Kernelization,ITCS,conference_paper,"Lochet, William; Lokshtanov, Daniel; Misra, Pranabendu; Saurabh, Saket; Sharma, Roohani; Zehavi, Meirav",2020,1
https://doi.org/10.4230/LIPIcs.ITCS.2020.51,Generalized List Decoding,ITCS,conference_paper,"Zhang, Yihan; Budkuley, Amitalok J.; Jaggi, Sidharth",2020,1
https://doi.org/10.4230/LIPIcs.ITCS.2020.56,Instance Complexity and Unlabeled Certificates in the Decision Tree Model,ITCS,conference_paper,"Grossman, Tomer; Komargodski, Ilan; Naor, Moni",2020,1
https://doi.org/10.4230/LIPIcs.ITCS.2020.58,Lower Bounds for (Non-Monotone) Comparator Circuits,ITCS,conference_paper,"Gál, Anna; Robere, Robert",2020,1
https://doi.org/10.4230/LIPIcs.ITCS.2020.59,A Tight Lower Bound For Non-Coherent Index Erasure,ITCS,conference_paper,"Lindzey, Nathan; Rosmanis, Ansis",2020,1
https://doi.org/10.4230/LIPIcs.ITCS.2020.62,Toward a General Complexity Theory of Motion Planning: Characterizing Which Gadgets Make Games Hard,ITCS,conference_paper,"Demaine, Erik D.; Hendrickson, Dylan H.; Lynch, Jayson",2020,1
https://doi.org/10.4230/LIPIcs.ITCS.2020.64,New Query Lower Bounds for Submodular Function Minimization,ITCS,conference_paper,"Graur, Andrei; Pollner, Tristan; Ramaswamy, Vidhya; Weinberg, S. Matthew",2020,1
https://doi.org/10.4230/LIPIcs.ITCS.2020.66,Convertible Codes: New Class of Codes for Efficient Conversion of Coded Data in Distributed Storage,ITCS,conference_paper,"Maturana, Francisco; Rashmi, K. V.",2020,1
https://doi.org/10.4230/LIPIcs.ITCS.2020.68,Pseudorandomness and the Minimum Circuit Size Problem,ITCS,conference_paper,"Santhanam, Rahul",2020,1
https://doi.org/10.4230/LIPIcs.ITCS.2020.71,Separating Two-Round Secure Computation From Oblivious Transfer,ITCS,conference_paper,"Applebaum, Benny; Brakerski, Zvika; Garg, Sanjam; Ishai, Yuval; Srinivasan, Akshayaram",2020,1
https://doi.org/10.4230/LIPIcs.ITCS.2020.72,Trade-Offs Between Size and Degree in Polynomial Calculus,ITCS,conference_paper,"Lagarde, Guillaume; Nordström, Jakob; Sokolov, Dmitry; Swernofsky, Joseph",2020,1
https://doi.org/10.4230/LIPIcs.ITCS.2020.73,Smoothed Efficient Algorithms and Reductions for Network Coordination Games,ITCS,conference_paper,"Boodaghians, Shant; Kulkarni, Rucha; Mehta, Ruta",2020,1
https://doi.org/10.4230/LIPIcs.ITCS.2020.75,MPC for MPC: Secure Computation on a Massively Parallel Computing Architecture,ITCS,conference_paper,"Chan, T-H. Hubert; Chung, Kai-Min; Lin, Wei-Kai; Shi, Elaine",2020,1
https://doi.org/10.4230/LIPIcs.ITCS.2020.8,From Independent Sets and Vertex Colorings to Isotropic Spaces and Isotropic Decompositions: Another Bridge Between Graphs and Alternating Matrix Spaces,ITCS,conference_paper,"Bei, Xiaohui; Chen, Shiteng; Guan, Ji; Qiao, Youming; Sun, Xiaoming",2020,1
https://doi.org/10.4230/LIPIcs.ITCS.2021.12,Understanding the Relative Strength of QBF CDCL Solvers and QBF Resolution,ITCS,conference_paper,"Beyersdorff, Olaf; Böhm, Benjamin",2021,1
https://doi.org/10.4230/LIPIcs.ITCS.2021.14,Approximately Strategyproof Tournament Rules in the Probabilistic Setting,ITCS,conference_paper,"Ding, Kimberly; Weinberg, S. Matthew",2021,1
https://doi.org/10.4230/LIPIcs.ITCS.2021.17,Comparison Graphs: A Unified Method for Uniformity Testing,ITCS,conference_paper,"Meir, Uri",2021,1
https://doi.org/10.4230/LIPIcs.ITCS.2021.18,Circular Trace Reconstruction,ITCS,conference_paper,"Narayanan, Shyam; Ren, Michael",2021,1
https://doi.org/10.4230/LIPIcs.ITCS.2021.22,Tight Hardness Results for Training Depth-2 ReLU Networks,ITCS,conference_paper,"Goel, Surbhi; Klivans, Adam; Manurangsi, Pasin; Reichman, Daniel",2021,1
https://doi.org/10.4230/LIPIcs.ITCS.2021.23,A Largish Sum-Of-Squares Implies Circuit Hardness and Derandomization,ITCS,conference_paper,"Dutta, Pranjal; Saxena, Nitin; Thierauf, Thomas",2021,1
https://doi.org/10.4230/LIPIcs.ITCS.2021.29,On Basing Auxiliary-Input Cryptography on NP-Hardness via Nonadaptive Black-Box Reductions,ITCS,conference_paper,"Nanashima, Mikito",2021,1
https://doi.org/10.4230/LIPIcs.ITCS.2021.30,Spoofing Linear Cross-Entropy Benchmarking in Shallow Quantum Circuits,ITCS,conference_paper,"Barak, Boaz; Chou, Chi-Ning; Gao, Xun",2021,1
https://doi.org/10.4230/LIPIcs.ITCS.2021.31,"On the Complexity of Isomorphism Problems for Tensors, Groups, and Polynomials I: Tensor Isomorphism-Completeness",ITCS,conference_paper,"Grochow, Joshua A.; Qiao, Youming",2021,1
https://doi.org/10.4230/LIPIcs.ITCS.2021.33,Query Complexity Lower Bounds for Local List-Decoding and Hard-Core Predicates (Even for Small Rate and Huge Lists),ITCS,conference_paper,"Ron-Zewi, Noga; Shaltiel, Ronen; Varma, Nithin",2021,1
https://doi.org/10.4230/LIPIcs.ITCS.2021.35,Algorithms and Hardness for Multidimensional Range Updates and Queries,ITCS,conference_paper,"Lau, Joshua; Ritossa, Angus",2021,1
https://doi.org/10.4230/LIPIcs.ITCS.2021.36,Two Combinatorial MA-Complete Problems,ITCS,conference_paper,"Aharonov, Dorit; Grilo, Alex B.",2021,1
https://doi.org/10.4230/LIPIcs.ITCS.2021.41,Interactive Proofs for Verifying Machine Learning,ITCS,conference_paper,"Goldwasser, Shafi; Rothblum, Guy N.; Shafer, Jonathan; Yehudayoff, Amir",2021,1
https://doi.org/10.4230/LIPIcs.ITCS.2021.43,Error Correcting Codes for Uncompressed Messages,ITCS,conference_paper,"Grossman, Ofer; Holmgren, Justin",2021,1
https://doi.org/10.4230/LIPIcs.ITCS.2021.44,Total Functions in the Polynomial Hierarchy,ITCS,conference_paper,"Kleinberg, Robert; Korten, Oliver; Mitropolsky, Daniel; Papadimitriou, Christos",2021,1
https://doi.org/10.4230/LIPIcs.ITCS.2021.45,Relaxing Common Belief for Social Networks,ITCS,conference_paper,"Burrell, Noah; Schoenebeck, Grant",2021,1
https://doi.org/10.4230/LIPIcs.ITCS.2021.53,No Quantum Speedup over Gradient Descent for Non-Smooth Convex Optimization,ITCS,conference_paper,"Garg, Ankit; Kothari, Robin; Netrapalli, Praneeth; Sherif, Suhail",2021,1
https://doi.org/10.4230/LIPIcs.ITCS.2021.59,Computational Complexity of the Hylland-Zeckhauser Scheme for One-Sided Matching Markets,ITCS,conference_paper,"Vazirani, Vijay V.; Yannakakis, Mihalis",2021,1
https://doi.org/10.4230/LIPIcs.ITCS.2021.60,An O(N) Time Algorithm for Finding Hamilton Cycles with High Probability,ITCS,conference_paper,"Nenadov, Rajko; Steger, Angelika; Su, Pascal",2021,1
https://doi.org/10.4230/LIPIcs.ITCS.2021.61,Communication Memento: Memoryless Communication Complexity,ITCS,conference_paper,"Arunachalam, Srinivasan; Podder, Supartha",2021,1
https://doi.org/10.4230/LIPIcs.ITCS.2021.62,Relative Lipschitzness in Extragradient Methods and a Direct Recipe for Acceleration,ITCS,conference_paper,"Cohen, Michael B.; Sidford, Aaron; Tian, Kevin",2021,1
https://doi.org/10.4230/LIPIcs.ITCS.2021.65,Towards Local Testability for Quantum Coding,ITCS,conference_paper,"Leverrier, Anthony; Londe, Vivien; Zémor, Gilles",2021,1
https://doi.org/10.4230/LIPIcs.ITCS.2021.7,Pseudorandom Generators for Unbounded-Width Permutation Branching Programs,ITCS,conference_paper,"Hoza, William M.; Pyne, Edward; Vadhan, Salil",2021,1
https://doi.org/10.4230/LIPIcs.ITCS.2021.80,Erasure-Resilient Sublinear-Time Graph Algorithms,ITCS,conference_paper,"Levi, Amit; Pallavoor, Ramesh Krishnan S.; Raskhodnikova, Sofya; Varma, Nithin",2021,1
https://doi.org/10.4230/LIPIcs.ITCS.2021.81,How to Sell Information Optimally: An Algorithmic Study,ITCS,conference_paper,"Cai, Yang; Velegkas, Grigoris",2021,1
https://doi.org/10.4230/LIPIcs.ITCS.2021.83,Sampling Arborescences in Parallel,ITCS,conference_paper,"Anari, Nima; Hu, Nathan; Saberi, Amin; Schild, Aaron",2021,1
https://doi.org/10.4230/LIPIcs.ITCS.2022.1,Maximizing Revenue in the Presence of Intermediaries,ITCS,conference_paper,"Aggarwal, Gagan; Bhawalkar, Kshipra; Guruganesh, Guru; Perlroth, Andres",2022,1
https://doi.org/10.4230/LIPIcs.ITCS.2022.100,Beating Classical Impossibility of Position Verification,ITCS,conference_paper,"Liu, Jiahui; Liu, Qipeng; Qian, Luowen",2022,1
https://doi.org/10.4230/LIPIcs.ITCS.2022.104,Lifting with Sunflowers,ITCS,conference_paper,"Lovett, Shachar; Meka, Raghu; Mertz, Ian; Pitassi, Toniann; Zhang, Jiapeng",2022,1
https://doi.org/10.4230/LIPIcs.ITCS.2022.106,Support Recovery in Universal One-Bit Compressed Sensing,ITCS,conference_paper,"Mazumdar, Arya; Pal, Soumyabrata",2022,1
https://doi.org/10.4230/LIPIcs.ITCS.2022.116,"On Hardness Assumptions Needed for ""Extreme High-End"" PRGs and Fast Derandomization",ITCS,conference_paper,"Shaltiel, Ronen; Viola, Emanuele",2022,1
https://doi.org/10.4230/LIPIcs.ITCS.2022.117,Low-Bandwidth Recovery of Linear Functions of Reed-Solomon-Encoded Data,ITCS,conference_paper,"Shutty, Noah; Wootters, Mary",2022,1
https://doi.org/10.4230/LIPIcs.ITCS.2022.120,Probing to Minimize,ITCS,conference_paper,"Wang, Weina; Gupta, Anupam; Williams, Jalani K.",2022,1
https://doi.org/10.4230/LIPIcs.ITCS.2022.15,Indistinguishability Obfuscation of Null Quantum Circuits and Applications,ITCS,conference_paper,"Bartusek, James; Malavolta, Giulio",2022,1
https://doi.org/10.4230/LIPIcs.ITCS.2022.18,What Does Dynamic Optimality Mean in External Memory?,ITCS,conference_paper,"Bender, Michael A.; Farach-Colton, Martín; Kuszmaul, William",2022,1
https://doi.org/10.4230/LIPIcs.ITCS.2022.19,Improved Hardness of BDD and SVP Under Gap-(S)ETH,ITCS,conference_paper,"Bennett, Huck; Peikert, Chris; Tang, Yi",2022,1
https://doi.org/10.4230/LIPIcs.ITCS.2022.26,Bounded Indistinguishability for Simple Sources,ITCS,conference_paper,"Bogdanov, Andrej; Dinesh, Krishnamoorthy; Filmus, Yuval; Ishai, Yuval; Kaplan, Avi; Srinivasan, Akshayaram",2022,1
https://doi.org/10.4230/LIPIcs.ITCS.2022.29,"Local Problems on Trees from the Perspectives of Distributed Algorithms, Finitary Factors, and Descriptive Combinatorics",ITCS,conference_paper,"Brandt, Sebastian; Chang, Yi-Jun; Grebík, Jan; Grunau, Christoph; Rozhoň, Václav; Vidnyánszky, Zoltán",2022,1
https://doi.org/10.4230/LIPIcs.ITCS.2022.30,PCPs and Instance Compression from a Cryptographic Lens,ITCS,conference_paper,"Bronfman, Liron; Rothblum, Ron D.",2022,1
https://doi.org/10.4230/LIPIcs.ITCS.2022.31,Limits of Quantum Speed-Ups for Computational Geometry and Other Problems: Fine-Grained Complexity via Quantum Walks,ITCS,conference_paper,"Buhrman, Harry; Loff, Bruno; Patro, Subhasree; Speelman, Florian",2022,1
https://doi.org/10.4230/LIPIcs.ITCS.2022.37,Adversarially Robust Coloring for Graph Streams,ITCS,conference_paper,"Chakrabarti, Amit; Ghosh, Prantar; Stoeckl, Manuel",2022,1
https://doi.org/10.4230/LIPIcs.ITCS.2022.40,The Space Complexity of Sampling,ITCS,conference_paper,"Chattopadhyay, Eshan; Goodman, Jesse; Zuckerman, David",2022,1
https://doi.org/10.4230/LIPIcs.ITCS.2022.47,Quantum Meets the Minimum Circuit Size Problem,ITCS,conference_paper,"Chia, Nai-Hui; Chou, Chi-Ning; Zhang, Jiayu; Zhang, Ruizhe",2022,1
https://doi.org/10.4230/LIPIcs.ITCS.2022.49,Optimal Deterministic Clock Auctions and Beyond,ITCS,conference_paper,"Christodoulou, Giorgos; Gkatzelis, Vasilis; Schoepflin, Daniel",2022,1
https://doi.org/10.4230/LIPIcs.ITCS.2022.5,Domain Sparsification of Discrete Distributions Using Entropic Independence,ITCS,conference_paper,"Anari, Nima; Dereziński, Michał; Vuong, Thuy-Duong; Yang, Elizabeth",2022,1
https://doi.org/10.4230/LIPIcs.ITCS.2022.51,A Complete Linear Programming Hierarchy for Linear Codes,ITCS,conference_paper,"Coregliano, Leonardo Nagami; Jeronimo, Fernando Granha; Jones, Chris",2022,1
https://doi.org/10.4230/LIPIcs.ITCS.2022.53,Convex Influences,ITCS,conference_paper,"De, Anindya; Nadimpalli, Shivam; Servedio, Rocco A.",2022,1
https://doi.org/10.4230/LIPIcs.ITCS.2022.55,Mechanism Design with Moral Bidders,ITCS,conference_paper,"Dobzinski, Shahar; Oren, Sigal",2022,1
https://doi.org/10.4230/LIPIcs.ITCS.2022.56,Small-Box Cryptography,ITCS,conference_paper,"Dodis, Yevgeniy; Karthikeyan, Harish; Wichs, Daniel",2022,1
https://doi.org/10.4230/LIPIcs.ITCS.2022.58,Matroid Secretary Is Equivalent to Contention Resolution,ITCS,conference_paper,"Dughmi, Shaddin",2022,1
https://doi.org/10.4230/LIPIcs.ITCS.2022.63,A Unifying Framework for Characterizing and Computing Width Measures,ITCS,conference_paper,"Eiben, Eduard; Ganian, Robert; Hamm, Thekla; Jaffke, Lars; Kwon, O-joung",2022,1
https://doi.org/10.4230/LIPIcs.ITCS.2022.72,A Variant of the VC-Dimension with Applications to Depth-3 Circuits,ITCS,conference_paper,"Frankl, Peter; Gryaznov, Svyatoslav; Talebanfard, Navid",2022,1
https://doi.org/10.4230/LIPIcs.ITCS.2022.77,Sample-Based Proofs of Proximity,ITCS,conference_paper,"Goldberg, Guy; N. Rothblum, Guy",2022,1
https://doi.org/10.4230/LIPIcs.ITCS.2022.78,Testing Distributions of Huge Objects,ITCS,conference_paper,"Goldreich, Oded; Ron, Dana",2022,1
https://doi.org/10.4230/LIPIcs.ITCS.2022.8,"Secret Sharing, Slice Formulas, and Monotone Real Circuits",ITCS,conference_paper,"Applebaum, Benny; Beimel, Amos; Nir, Oded; Peter, Naty; Pitassi, Toniann",2022,1
https://doi.org/10.4230/LIPIcs.ITCS.2022.80,Mixing in Non-Quasirandom Groups,ITCS,conference_paper,"Gowers, W. T.; Viola, Emanuele",2022,1
https://doi.org/10.4230/LIPIcs.ITCS.2022.81,Time-Traveling Simulators Using Blockchains and Their Applications,ITCS,conference_paper,"Goyal, Vipul; Raizes, Justin; Soni, Pratik",2022,1
https://doi.org/10.4230/LIPIcs.ITCS.2022.83,Adaptive Massively Parallel Constant-Round Tree Contraction,ITCS,conference_paper,"Hajiaghayi, MohammadTaghi; Knittel, Marina; Saleh, Hamed; Su, Hsin-Hao",2022,1
https://doi.org/10.4230/LIPIcs.ITCS.2022.93,Optimal Bounds for Dominating Set in Graph Streams,ITCS,conference_paper,"Khanna, Sanjeev; Konrad, Christian",2022,1
https://doi.org/10.4230/LIPIcs.ITCS.2022.99,Double Coverage with Machine-Learned Advice,ITCS,conference_paper,"Lindermayr, Alexander; Megow, Nicole; Simon, Bertrand",2022,1
https://doi.org/10.4230/LIPIcs.ITCS.2023.15,Is This Correct? Let’s Check!,ITCS,conference_paper,"Ben-Eliezer, Omri; Mikulincer, Dan; Mossel, Elchanan; Sudan, Madhu",2023,1
https://doi.org/10.4230/LIPIcs.ITCS.2023.16,Online Learning and Bandits with Queried Hints,ITCS,conference_paper,"Bhaskara, Aditya; Gollapudi, Sreenivas; Im, Sungjin; Kollias, Kostas; Munagala, Kamesh",2023,1
https://doi.org/10.4230/LIPIcs.ITCS.2023.18,Certification with an NP Oracle,ITCS,conference_paper,"Blanc, Guy; Koch, Caleb; Lange, Jane; Strassle, Carmen; Tan, Li-Yang",2023,1
https://doi.org/10.4230/LIPIcs.ITCS.2023.19,Matrix Multiplication via Matrix Groups,ITCS,conference_paper,"Blasiak, Jonah; Cohn, Henry; Grochow, Joshua A.; Pratt, Kevin; Umans, Chris",2023,1
https://doi.org/10.4230/LIPIcs.ITCS.2023.2,Matroid Partition Property and the Secretary Problem,ITCS,conference_paper,"Abdolazimi, Dorna; Karlin, Anna R.; Klein, Nathan; Oveis Gharan, Shayan",2023,1
https://doi.org/10.4230/LIPIcs.ITCS.2023.20,Epic Fail: Emulators Can Tolerate Polynomially Many Edge Faults for Free,ITCS,conference_paper,"Bodwin, Greg; Dinitz, Michael; Nazari, Yasamin",2023,1
https://doi.org/10.4230/LIPIcs.ITCS.2023.27,Counting Subgraphs in Somewhere Dense Graphs,ITCS,conference_paper,"Bressan, Marco; Goldberg, Leslie Ann; Meeks, Kitty; Roth, Marc",2023,1
https://doi.org/10.4230/LIPIcs.ITCS.2023.3,Kolmogorov Complexity Characterizes Statistical Zero Knowledge,ITCS,conference_paper,"Allender, Eric; Hirahara, Shuichi; Tirumala, Harsha",2023,1
https://doi.org/10.4230/LIPIcs.ITCS.2023.30,TFNP Characterizations of Proof Systems and Monotone Circuits,ITCS,conference_paper,"Buss, Sam; Fleming, Noah; Impagliazzo, Russell",2023,1
https://doi.org/10.4230/LIPIcs.ITCS.2023.32,Certificate Games,ITCS,conference_paper,"Chakraborty, Sourav; Gál, Anna; Laplante, Sophie; Mittal, Rajat; Sunny, Anupa",2023,1
https://doi.org/10.4230/LIPIcs.ITCS.2023.4,Communication Complexity of Inner Product in Symmetric Normed Spaces,ITCS,conference_paper,"Andoni, Alexandr; Błasiok, Jarosław; Filtser, Arnold",2023,1
https://doi.org/10.4230/LIPIcs.ITCS.2023.5,Concentration Bounds for Quantum States and Limitations on the QAOA from Polynomial Approximations,ITCS,conference_paper,"Anshu, Anurag; Metger, Tony",2023,1
https://doi.org/10.4230/LIPIcs.ITCS.2023.51,On Flipping the Fréchet Distance,ITCS,conference_paper,"Filtser, Omrit; Goswami, Mayank; Mitchell, Joseph S. B.; Polishchuk, Valentin",2023,1
https://doi.org/10.4230/LIPIcs.ITCS.2023.53,"Quantum Space, Ground Space Traversal, and How to Embed Multi-Prover Interactive Proofs into Unentanglement",ITCS,conference_paper,"Gharibian, Sevag; Rudolph, Dorian",2023,1
https://doi.org/10.4230/LIPIcs.ITCS.2023.54,Algorithms with More Granular Differential Privacy Guarantees,ITCS,conference_paper,"Ghazi, Badih; Kumar, Ravi; Manurangsi, Pasin; Steinke, Thomas",2023,1
https://doi.org/10.4230/LIPIcs.ITCS.2023.55,Private Counting of Distinct and k-Occurring Items in Time Windows,ITCS,conference_paper,"Ghazi, Badih; Kumar, Ravi; Nelson, Jelani; Manurangsi, Pasin",2023,1
https://doi.org/10.4230/LIPIcs.ITCS.2023.6,On Identity Testing and Noncommutative Rank Computation over the Free Skew Field,ITCS,conference_paper,"Arvind, V.; Chatterjee, Abhranil; Ghosal, Utsab; Mukhopadhyay, Partha; Ramya, C.",2023,1
https://doi.org/10.4230/LIPIcs.ITCS.2023.64,Low-Stabilizer-Complexity Quantum States Are Not Pseudorandom,ITCS,conference_paper,"Grewal, Sabee; Iyer, Vishnu; Kretschmer, William; Liang, Daniel",2023,1
https://doi.org/10.4230/LIPIcs.ITCS.2023.67,Downward Self-Reducibility in TFNP,ITCS,conference_paper,"Harsha, Prahladh; Mitropolsky, Daniel; Rosen, Alon",2023,1
https://doi.org/10.4230/LIPIcs.ITCS.2023.68,Symmetric Formulas for Products of Permutations,ITCS,conference_paper,"He, William; Rossman, Benjamin",2023,1
https://doi.org/10.4230/LIPIcs.ITCS.2023.72,Comparative Learning: A Sample Complexity Theory for Two Hypothesis Classes,ITCS,conference_paper,"Hu, Lunjia; Peale, Charlotte",2023,1
https://doi.org/10.4230/LIPIcs.ITCS.2023.75,Learning Reserve Prices in Second-Price Auctions,ITCS,conference_paper,"Jin, Yaonan; Lu, Pinyan; Xiao, Tao",2023,1
https://doi.org/10.4230/LIPIcs.ITCS.2023.76,The Complexity of Infinite-Horizon General-Sum Stochastic Games,ITCS,conference_paper,"Jin, Yujia; Muthukumar, Vidya; Sidford, Aaron",2023,1
https://doi.org/10.4230/LIPIcs.ITCS.2023.77,Random Max-CSPs Inherit Algorithmic Hardness from Spin Glasses,ITCS,conference_paper,"Jones, Chris; Marwaha, Kunal; Sandhu, Juspreet Singh; Shi, Jonathan",2023,1
https://doi.org/10.4230/LIPIcs.ITCS.2023.88,"Extremal Combinatorics, Iterated Pigeonhole Arguments and Generalizations of PPP",ITCS,conference_paper,"Pasarkar, Amol; Papadimitriou, Christos; Yannakakis, Mihalis",2023,1
https://doi.org/10.4230/LIPIcs.ITCS.2023.89,The Strength of Equality Oracles in Communication,ITCS,conference_paper,"Pitassi, Toniann; Shirley, Morgan; Shraibman, Adi",2023,1
https://doi.org/10.4230/LIPIcs.ITCS.2023.9,Making Auctions Robust to Aftermarkets,ITCS,conference_paper,"Babaioff, Moshe; Immorlica, Nicole; Li, Yingkai; Lucier, Brendan",2023,1
https://doi.org/10.4230/LIPIcs.ITCS.2023.95,An Improved Lower Bound for Matroid Intersection Prophet Inequalities,ITCS,conference_paper,"Saxena, Raghuvansh R.; Velusamy, Santhoshini; Weinberg, S. Matthew",2023,1
https://doi.org/10.4230/LIPIcs.ITCS.2024.1,"A Qubit, a Coin, and an Advice String Walk into a Relational Problem",ITCS,conference_paper,"Aaronson, Scott; Buhrman, Harry; Kretschmer, William",2024,1
https://doi.org/10.4230/LIPIcs.ITCS.2024.10,Towards Stronger Depth Lower Bounds,ITCS,conference_paper,"Bathie, Gabriel; Williams, R. Ryan",2024,1
https://doi.org/10.4230/LIPIcs.ITCS.2024.12,Are There Graphs Whose Shortest Path Structure Requires Large Edge Weights?,ITCS,conference_paper,"Bernstein, Aaron; Bodwin, Greg; Wein, Nicole",2024,1
https://doi.org/10.4230/LIPIcs.ITCS.2024.2,Quantum Pseudoentanglement,ITCS,conference_paper,"Aaronson, Scott; Bouland, Adam; Fefferman, Bill; Ghosh, Soumik; Vazirani, Umesh; Zhang, Chenyi; Zhou, Zixin",2024,1
https://doi.org/10.4230/LIPIcs.ITCS.2024.21,Noisy Decoding by Shallow Circuits with Parities: Classical and Quantum (Extended Abstract),ITCS,conference_paper,"Briët, Jop; Buhrman, Harry; Castro-Silva, Davi; Neumann, Niels M. P.",2024,1
https://doi.org/10.4230/LIPIcs.ITCS.2024.22,The NFA Acceptance Hypothesis: Non-Combinatorial and Dynamic Lower Bounds,ITCS,conference_paper,"Bringmann, Karl; Grønlund, Allan; Künnemann, Marvin; Larsen, Kasper Green",2024,1
https://doi.org/10.4230/LIPIcs.ITCS.2024.23,Private Distribution Testing with Heterogeneous Constraints: Your Epsilon Might Not Be Mine,ITCS,conference_paper,"Canonne, Clément L.; Sun, Yucheng",2024,1
https://doi.org/10.4230/LIPIcs.ITCS.2024.25,Learning Arithmetic Formulas in the Presence of Noise: A General Framework and Applications to Unsupervised Learning,ITCS,conference_paper,"Chandra, Pritam; Garg, Ankit; Kayal, Neeraj; Mittal, Kunal; Sinha, Tanmay",2024,1
https://doi.org/10.4230/LIPIcs.ITCS.2024.31,"On the Complexity of Isomorphism Problems for Tensors, Groups, and Polynomials III: Actions by Classical Groups",ITCS,conference_paper,"Chen, Zhili; Grochow, Joshua A.; Qiao, Youming; Tang, Gang; Zhang, Chuanqi",2024,1
https://doi.org/10.4230/LIPIcs.ITCS.2024.36,Fraud Detection for Random Walks,ITCS,conference_paper,"Dani, Varsha; Hayes, Thomas P.; Pettie, Seth; Saia, Jared",2024,1
https://doi.org/10.4230/LIPIcs.ITCS.2024.42,Time- and Communication-Efficient Overlay Network Construction via Gossip,ITCS,conference_paper,"Dufoulon, Fabien; Moorman, Michael; Moses Jr., William K.; Pandurangan, Gopal",2024,1
https://doi.org/10.4230/LIPIcs.ITCS.2024.43,Homogeneous Algebraic Complexity Theory and Algebraic Formulas,ITCS,conference_paper,"Dutta, Pranjal; Gesmundo, Fulvio; Ikenmeyer, Christian; Jindal, Gorav; Lysikov, Vladimir",2024,1
https://doi.org/10.4230/LIPIcs.ITCS.2024.45,Two-State Spin Systems with Negative Interactions,ITCS,conference_paper,"Fei, Yumou; Goldberg, Leslie Ann; Lu, Pinyan",2024,1
https://doi.org/10.4230/LIPIcs.ITCS.2024.47,Distribution Testing with a Confused Collector,ITCS,conference_paper,"Ferreira Pinto Jr., Renato; Harms, Nathaniel",2024,1
https://doi.org/10.4230/LIPIcs.ITCS.2024.50,One-Way Functions vs. TFNP: Simpler and Improved,ITCS,conference_paper,"Folwarczný, Lukáš; Göös, Mika; Hubáček, Pavel; Maystre, Gilbert; Yuan, Weiqiang",2024,1
https://doi.org/10.4230/LIPIcs.ITCS.2024.51,An Axiomatic Characterization of CFMMs and Equivalence to Prediction Markets,ITCS,conference_paper,"Frongillo, Rafael; Papireddygari, Maneesha; Waggoner, Bo",2024,1
https://doi.org/10.4230/LIPIcs.ITCS.2024.58,An Improved Protocol for ExactlyN with More Than 3 Players,ITCS,conference_paper,"Hambardzumyan, Lianna; Pitassi, Toniann; Sherif, Suhail; Shirley, Morgan; Shraibman, Adi",2024,1
https://doi.org/10.4230/LIPIcs.ITCS.2024.61,Quickly Determining Who Won an Election,ITCS,conference_paper,"Hellerstein, Lisa; Liu, Naifeng; Schewior, Kevin",2024,1
https://doi.org/10.4230/LIPIcs.ITCS.2024.64,Exponential-Time Approximation Schemes via Compression,ITCS,conference_paper,"Inamdar, Tanmay; Kundu, Madhumita; Parviainen, Pekka; Ramanujan, M. S.; Saurabh, Saket",2024,1
https://doi.org/10.4230/LIPIcs.ITCS.2024.66,A VLSI Circuit Model Accounting for Wire Delay,ITCS,conference_paper,"Jin, Ce; Williams, R. Ryan; Young, Nathaniel",2024,1
https://doi.org/10.4230/LIPIcs.ITCS.2024.67,Small Sunflowers and the Structure of Slice Rank Decompositions,ITCS,conference_paper,"Karam, Thomas",2024,1
https://doi.org/10.4230/LIPIcs.ITCS.2024.69,Quantum and Classical Low-Degree Learning via a Dimension-Free Remez Inequality,ITCS,conference_paper,"Klein, Ohad; Slote, Joseph; Volberg, Alexander; Zhang, Haonan",2024,1
https://doi.org/10.4230/LIPIcs.ITCS.2024.7,Geometric Covering via Extraction Theorem,ITCS,conference_paper,"Bandyapadhyay, Sayan; Maheshwari, Anil; Roy, Sasanka; Smid, Michiel; Varadarajan, Kasturi",2024,1
https://doi.org/10.4230/LIPIcs.ITCS.2024.70,A Combinatorial Approach to Robust PCA,ITCS,conference_paper,"Kong, Weihao; Qiao, Mingda; Sen, Rajat",2024,1
https://doi.org/10.4230/LIPIcs.ITCS.2024.75,Total NP Search Problems with Abundant Solutions,ITCS,conference_paper,"Li, Jiawei",2024,1
https://doi.org/10.4230/LIPIcs.ITCS.2024.78,Modularity and Graph Expansion,ITCS,conference_paper,"Louf, Baptiste; McDiarmid, Colin; Skerman, Fiona",2024,1
https://doi.org/10.4230/LIPIcs.ITCS.2024.81,A Myersonian Framework for Optimal Liquidity Provision in Automated Market Makers,ITCS,conference_paper,"Milionis, Jason; Moallemi, Ciamac C.; Roughgarden, Tim",2024,1
https://doi.org/10.4230/LIPIcs.ITCS.2024.88,Color Fault-Tolerant Spanners,ITCS,conference_paper,"Petruschka, Asaf; Sapir, Shay; Tzalik, Elad",2024,1
https://doi.org/10.4230/LIPIcs.ITCS.2024.9,Quantum Merlin-Arthur and Proofs Without Relative Phase,ITCS,conference_paper,"Bassirian, Roozbeh; Fefferman, Bill; Marwaha, Kunal",2024,1
https://doi.org/10.4230/LIPIcs.ITCS.2024.92,Parity vs. AC0 with Simple Quantum Preprocessing,ITCS,conference_paper,"Slote, Joseph",2024,1
https://doi.org/10.4230/LIPIcs.ITCS.2024.93,Training Multi-Layer Over-Parametrized Neural Network in Subquadratic Time,ITCS,conference_paper,"Song, Zhao; Zhang, Lichen; Zhang, Ruizhe",2024,1
https://doi.org/10.4230/LIPIcs.ITCS.2024.95,Stretching Demi-Bits and Nondeterministic-Secure Pseudorandomness,ITCS,conference_paper,"Tzameret, Iddo; Zhang, Lu-Ming",2024,1
https://doi.org/10.4230/LIPIcs.ITCS.2024.98,Maximizing Miner Revenue in Transaction Fee Mechanism Design,ITCS,conference_paper,"Wu, Ke; Shi, Elaine; Chung, Hao",2024,1
https://doi.org/10.4230/LIPIcs.ITCS.2025.13,Low Sensitivity Hopsets,ITCS,conference_paper,"Ashvinkumar, Vikrant; Bernstein, Aaron; Deng, Chengyuan; Gao, Jie; Wein, Nicole",2025,1
https://doi.org/10.4230/LIPIcs.ITCS.2025.15,Exponential-Time Approximation (Schemes) for Vertex-Ordering Problems,ITCS,conference_paper,"Bentert, Matthias; Fomin, Fedor V.; Inamdar, Tanmay; Saurabh, Saket",2025,1
https://doi.org/10.4230/LIPIcs.ITCS.2025.17,Random Restrictions of Bounded Low Degree Polynomials Are Juntas,ITCS,conference_paper,"Bhattacharya, Sreejata Kishor",2025,1
https://doi.org/10.4230/LIPIcs.ITCS.2025.18,Finite Matrix Multiplication Algorithms from Infinite Groups,ITCS,conference_paper,"Blasiak, Jonah; Cohn, Henry; Grochow, Joshua A.; Pratt, Kevin; Umans, Chris",2025,1
https://doi.org/10.4230/LIPIcs.ITCS.2025.2,Improved Lower Bounds for 3-Query Matching Vector Codes,ITCS,conference_paper,"Aggarwal, Divesh; Dutta, Pranjal; Li, Zeyong; Obremski, Maciej; Saraogi, Sidhant",2025,1
https://doi.org/10.4230/LIPIcs.ITCS.2025.21,Adjacency Labeling Schemes for Small Classes,ITCS,conference_paper,"Bonnet, Édouard; Duron, Julien; Sylvester, John; Zamaraev, Viktor",2025,1
https://doi.org/10.4230/LIPIcs.ITCS.2025.24,Sampling List Packings,ITCS,conference_paper,"Camrud, Evan; Davies, Ewan; Karduna, Alex; Lee, Holden",2025,1
https://doi.org/10.4230/LIPIcs.ITCS.2025.3,Sparsity Lower Bounds for Probabilistic Polynomials,ITCS,conference_paper,"Alman, Josh; Chattopadhyay, Arkadev; Williams, Ryan",2025,1
https://doi.org/10.4230/LIPIcs.ITCS.2025.31,Quantum Advantage and Lower Bounds in Parallel Query Complexity,ITCS,conference_paper,"Carolan, Joseph; Gilani, Amin Shiraz; Vempati, Mahathi",2025,1
https://doi.org/10.4230/LIPIcs.ITCS.2025.32,Succinct Fermion Data Structures,ITCS,conference_paper,"Carolan, Joseph; Schaeffer, Luke",2025,1
https://doi.org/10.4230/LIPIcs.ITCS.2025.33,Bosonic Quantum Computational Complexity,ITCS,conference_paper,"Chabaud, Ulysse; Joseph, Michael; Mehraban, Saeed; Motamedi, Arsalan",2025,1
https://doi.org/10.4230/LIPIcs.ITCS.2025.34,"Directed Hypercube Routing, a Generalized Lehman-Ron Theorem, and Monotonicity Testing",ITCS,conference_paper,"Chakrabarty, Deeparnab; Seshadhri, C.",2025,1
https://doi.org/10.4230/LIPIcs.ITCS.2025.38,"Backdoor Defense, Learnability and Obfuscation",ITCS,conference_paper,"Christiano, Paul; Hilton, Jacob; Lecomte, Victor; Xu, Mark",2025,1
https://doi.org/10.4230/LIPIcs.ITCS.2025.42,Nearest Neighbor Complexity and Boolean Circuits,ITCS,conference_paper,"DiCicco, Mason; Podolskii, Vladimir; Reichman, Daniel",2025,1
https://doi.org/10.4230/LIPIcs.ITCS.2025.5,Edge-Minimum Walk of Modular Length in Polynomial Time,ITCS,conference_paper,"Amarilli, Antoine; Groz, Benoît; Wein, Nicole",2025,1
https://doi.org/10.4230/LIPIcs.ITCS.2025.52,Combinatorial Pen Testing (Or Consumer Surplus of Deferred-Acceptance Auctions),ITCS,conference_paper,"Ganesh, Aadityan; Hartline, Jason",2025,1
https://doi.org/10.4230/LIPIcs.ITCS.2025.55,Completeness Theorems for k-SUM and Geometric Friends: Deciding Fragments of Linear Integer Arithmetic,ITCS,conference_paper,"Gokaj, Geri; Künnemann, Marvin",2025,1
https://doi.org/10.4230/LIPIcs.ITCS.2025.58,The Computational Complexity of Factored Graphs,ITCS,conference_paper,"Gupta, Shreya; Huang, Boyang; Impagliazzo, Russell; Woo, Stanley; Ye, Christopher",2025,1
https://doi.org/10.4230/LIPIcs.ITCS.2025.60,List Decoding Bounds for Binary Codes with Noiseless Feedback,ITCS,conference_paper,"Gupta, Meghal; Zhang, Rachel Yun",2025,1
https://doi.org/10.4230/LIPIcs.ITCS.2025.64,A Universal Sequence of Tensors for the Asymptotic Rank Conjecture,ITCS,conference_paper,"Kaski, Petteri; Michałek, Mateusz",2025,1
https://doi.org/10.4230/LIPIcs.ITCS.2025.66,Graph Reconstruction via MIS Queries,ITCS,conference_paper,"Konrad, Christian; O'Sullivan, Conor; Traistaru, Victor",2025,1
https://doi.org/10.4230/LIPIcs.ITCS.2025.73,On White-Box Learning and Public-Key Encryption,ITCS,conference_paper,"Liu, Yanyi; Mazor, Noam; Pass, Rafael",2025,1
https://doi.org/10.4230/LIPIcs.ITCS.2025.76,A Quantum Unique Games Conjecture,ITCS,conference_paper,"Mousavi, Hamoon; Spirig, Taro",2025,1
https://doi.org/10.4230/LIPIcs.ITCS.2025.77,"Sketching, Moment Estimation, and the Lévy-Khintchine Representation Theorem",ITCS,conference_paper,"Pettie, Seth; Wang, Dingyu",2025,1
https://doi.org/10.4230/LIPIcs.ITCS.2025.87,When to Give up on a Parallel Implementation,ITCS,conference_paper,"Sheffield, Nathan S.; Westover, Alek",2025,1
https://doi.org/10.4230/LIPIcs.ITCS.2025.90,"Polynomial Size, Short-Circuit Resilient Circuits for NC",ITCS,conference_paper,"Tauman Kalai, Yael; Saxena, Raghuvansh R.",2025,1
https://doi.org/10.4230/LIPIcs.ITCS.2026.10,On the Complexity of Unique Quantum Witnesses and Quantum Approximate Counting,ITCS,conference_paper,"Anshu, Anurag; Haferkamp, Jonas; Hwang, Yeongwoo; Nguyen, Quynh T.",2026,1
https://doi.org/10.4230/LIPIcs.ITCS.2026.104,Dimension-Free Correlated Sampling for the Hypersimplex,ITCS,conference_paper,"Naor, Joseph (Seffi); Raju, Nitya; Shetty, Abhishek; Srinivasan, Aravind; Valieva, Renata; Wajc, David",2026,1
https://doi.org/10.4230/LIPIcs.ITCS.2026.109,"Cloning Games, Black Holes and Cryptography",ITCS,conference_paper,"Poremba, Alexander; Ragavan, Seyoon; Vaikuntanathan, Vinod",2026,1
https://doi.org/10.4230/LIPIcs.ITCS.2026.111,Hardness of Range Avoidance and Proof Complexity Generators from Demi-Bits,ITCS,conference_paper,"Ren, Hanlin; Wang, Yichuan; Zhong, Yan",2026,1
https://doi.org/10.4230/LIPIcs.ITCS.2026.115,Lower Bounds for Noncommutative Circuits with Low Syntactic Degree,ITCS,conference_paper,"Shastri, Pratik",2026,1
https://doi.org/10.4230/LIPIcs.ITCS.2026.116,Decentralized Data Archival: New Definitions and Constructions,ITCS,conference_paper,"Shi, Elaine; Silver, Rose; Mu, Changrui",2026,1
https://doi.org/10.4230/LIPIcs.ITCS.2026.118,Markov Chain Robustness,ITCS,conference_paper,"Zuckerman, David",2026,1
https://doi.org/10.4230/LIPIcs.ITCS.2026.14,General Computation Using Slidable Tiles with Deterministic Global Forces,ITCS,conference_paper,"Avila-Jimenez, Alberto; Barreda, David; Evans, Sarah-Laurie; Luchsinger, Austin; Massie, Aiden; Schweller, Robert; Tomai, Evan; Wylie, Tim",2026,1
https://doi.org/10.4230/LIPIcs.ITCS.2026.16,Robust Streaming Against Low-Memory Adversaries,ITCS,conference_paper,"Ben-Eliezer, Omri; Onak, Krzysztof; Silwal, Sandeep",2026,1
https://doi.org/10.4230/LIPIcs.ITCS.2026.17,Unconditional Quantum Advantage for Sampling with Shallow Circuits,ITCS,conference_paper,"Bene Watts, Adam; Parham, Natalie",2026,1
https://doi.org/10.4230/LIPIcs.ITCS.2026.20,Samplability Makes Learning Easier,ITCS,conference_paper,"Blanc, Guy; Koch, Caleb; Lange, Jane; Strassle, Carmen; Tan, Li-Yang",2026,1
https://doi.org/10.4230/LIPIcs.ITCS.2026.21,Differential Privacy from Axioms,ITCS,conference_paper,"Blanc, Guy; Pires, William; Pitassi, Toniann",2026,1
https://doi.org/10.4230/LIPIcs.ITCS.2026.34,Testing Classical Properties from Quantum Data,ITCS,conference_paper,"Caro, Matthias C.; Naik, Preksha; Slote, Joseph",2026,1
https://doi.org/10.4230/LIPIcs.ITCS.2026.35,Symmetric Quantum Computation,ITCS,conference_paper,"Castro-Silva, Davi; Gur, Tom; Strelchuk, Sergii",2026,1
https://doi.org/10.4230/LIPIcs.ITCS.2026.36,Beyond 2-Edge-Connectivity: Algorithms and Impossibility for Content-Oblivious Leader Election,ITCS,conference_paper,"Chang, Yi-Jun; Chen, Lyuting; Zhou, Haoran",2026,1
https://doi.org/10.4230/LIPIcs.ITCS.2026.37,New Algebrization Barriers to Circuit Lower Bounds via Communication Complexity of Missing-String,ITCS,conference_paper,"Chen, Lijie; Hu, Yang; Ren, Hanlin",2026,1
https://doi.org/10.4230/LIPIcs.ITCS.2026.39,Efficient Algorithms for the Disjoint Shortest Paths Problem and Its Extensions,ITCS,conference_paper,"Choudhary, Keerti; Kumar, Amit; Saggi, Lakshay",2026,1
https://doi.org/10.4230/LIPIcs.ITCS.2026.42,Time and Space Efficient Deterministic List Decoding,ITCS,conference_paper,"Cook, Joshua; Moshkovitz, Dana",2026,1
https://doi.org/10.4230/LIPIcs.ITCS.2026.44,"Higher-Order Delsarte Dual LPs: Lifting, Constructions and Completeness",ITCS,conference_paper,"Coregliano, Leonardo Nagami; Jeronimo, Fernando Granha; Jones, Chris; Linial, Nati; Loyfer, Elyassaf",2026,1
https://doi.org/10.4230/LIPIcs.ITCS.2026.47,Dudeney’s Dissection Is Optimal,ITCS,conference_paper,"Demaine, Erik D.; Kamata, Tonan; Uehara, Ryuhei",2026,1
https://doi.org/10.4230/LIPIcs.ITCS.2026.5,Maximum-Flow and Minimum-Cut Sensitivity Oracles for Directed Graphs,ITCS,conference_paper,"Ahi, Mridul; Choudhary, Keerti; Pande, Shlok; Pushpraj; Saggi, Lakshay",2026,1
https://doi.org/10.4230/LIPIcs.ITCS.2026.51,Near-Optimal Sparsifiers for Stochastic Knapsack and Assignment Problems,ITCS,conference_paper,"Dughmi, Shaddin; Kalayci, Yusuf Hakan; Liu, Xinyu",2026,1
https://doi.org/10.4230/LIPIcs.ITCS.2026.52,Diffie-Hellman Key Exchange from Commutativity to Group Laws,ITCS,conference_paper,"Duong, Dung Hoang; Qiao, Youming; Zhang, Chuanqi",2026,1
https://doi.org/10.4230/LIPIcs.ITCS.2026.56,The Hardness of Learning Quantum Circuits and Its Cryptographic Applications,ITCS,conference_paper,"Fefferman, Bill; Ghosh, Soumik; Sinha, Makrand; Yuen, Henry",2026,1
https://doi.org/10.4230/LIPIcs.ITCS.2026.60,Total Search Problems in ZPP,ITCS,conference_paper,"Fleming, Noah; Grosser, Stefan; Jain, Siddhartha; Li, Jiawei; Ren, Hanlin; Shirley, Morgan; Yuan, Weiqiang",2026,1
https://doi.org/10.4230/LIPIcs.ITCS.2026.61,Random Unitaries in Constant (Quantum) Time,ITCS,conference_paper,"Foxman, Ben; Parham, Natalie; Vasconcelos, Francisca; Yuen, Henry",2026,1
https://doi.org/10.4230/LIPIcs.ITCS.2026.65,Characterizing Off-Chain Influence Proof Transaction Fee Mechanisms,ITCS,conference_paper,"Ganesh, Aadityan; Thomas, Clayton; Weinberg, S. Matthew",2026,1
https://doi.org/10.4230/LIPIcs.ITCS.2026.69,Computing Equilibrium Points of Electrostatic Potentials,ITCS,conference_paper,"Ghosh, Abheek; Goldberg, Paul W.; Hollender, Alexandros",2026,1
https://doi.org/10.4230/LIPIcs.ITCS.2026.70,Unconditional Pseudorandomness Against Shallow Quantum Circuits,ITCS,conference_paper,"Ghosh, Soumik; Subramanian, Sathyawageeswar; Zhan, Wei",2026,1
https://doi.org/10.4230/LIPIcs.ITCS.2026.72,Forrelation Is Extremally Hard,ITCS,conference_paper,"Girish, Uma; Servedio, Rocco",2026,1
https://doi.org/10.4230/LIPIcs.ITCS.2026.73,Quantum Advantage from Sampling Shallow Circuits: Beyond Hardness of Marginals,ITCS,conference_paper,"Grier, Daniel; Kane, Daniel M.; Morris, Jackson; Ostuni, Anthony; Wu, Kewen",2026,1
https://doi.org/10.4230/LIPIcs.ITCS.2026.79,Range Avoidance and Remote Point: New Algorithms and Hardness,ITCS,conference_paper,"Huang, Shengtang; Li, Xin; Zhong, Yan",2026,1
https://doi.org/10.4230/LIPIcs.ITCS.2026.83,The Pure-State Consistency of Local Density Matrices Problem: In PSPACE and Complete for a Class Between QMA and QMA(2),ITCS,conference_paper,"Kamminga, Jonas; Rudolph, Dorian",2026,1
https://doi.org/10.4230/LIPIcs.ITCS.2026.87,Range Longest Increasing Subsequence and Its Relatives,ITCS,conference_paper,"Karthik C. S.; Rahul, Saladi",2026,1
https://doi.org/10.4230/LIPIcs.ITCS.2026.88,Lower Bounds and Separations for Torus Polynomials,ITCS,conference_paper,"Krishan, Vaibhav; Vishwanathan, Sundar",2026,1
https://doi.org/10.4230/LIPIcs.ITCS.2026.9,On Closure Properties of Read-Once Oblivious Algebraic Branching Programs,ITCS,conference_paper,"Andrews, Robert; Armand, Jules; Dwivedi, Prateek; Hansen, Magnus Rahbek Dalgaard; Limaye, Nutan; Srinivasan, Srikanth; Tavenas, Sébastien",2026,1
https://doi.org/10.4230/LIPIcs.ITCS.2026.91,Limitations of Membership Queries in Testable Learning,ITCS,conference_paper,"Lange, Jane; Qiao, Mingda",2026,1
https://doi.org/10.4230/LIPIcs.ITCS.2026.93,Analyzing the Economic Impact of Decentralization on Users,ITCS,conference_paper,"Levy, Amit; Weinberg, S. Matthew; Zhou, Chenghan",2026,1
https://doi.org/10.4230/LIPIcs.MFCS.2016.17,Graph Properties in Node-Query Setting: Effect of Breaking Symmetry,MFCS,conference_paper,"Balaji, Nikhil; Datta, Samir; Kulkarni, Raghav; Podder, Supartha",2016,1
https://doi.org/10.4230/LIPIcs.MFCS.2016.25,Conditionally Optimal Algorithms for Generalized Büchi Games,MFCS,conference_paper,"Chatterjee, Krishnendu; Dvorák, Wolfgang; Henzinger, Monika; Loitzenbauer, Veronika",2016,1
https://doi.org/10.4230/LIPIcs.MFCS.2016.34,A Single-Exponential Fixed-Parameter Algorithm for Distance-Hereditary Vertex Deletion,MFCS,conference_paper,"Eiben, Eduard; Ganian, Robert; Kwon, O-joung",2016,1
https://doi.org/10.4230/LIPIcs.MFCS.2016.42,On Existential MSO and its Relation to ETH,MFCS,conference_paper,"Ganian, Robert; de Haan, Ronald; Kanj, Iyad; Szeider, Stefan",2016,1
https://doi.org/10.4230/LIPIcs.MFCS.2016.45,Circuit Size Lower Bounds and #SAT Upper Bounds Through a General Framework,MFCS,conference_paper,"Golovnev, Alexander; Kulikov, Alexander S.; Smal, Alexander V.; Tamaki, Suguru",2016,1
https://doi.org/10.4230/LIPIcs.MFCS.2016.46,On the Limits of Gate Elimination,MFCS,conference_paper,"Golovnev, Alexander; Hirsch, Edward A.; Knop, Alexander; Kulikov, Alexander S.",2016,1
https://doi.org/10.4230/LIPIcs.MFCS.2016.53,Minimal Phylogenetic Supertrees and Local Consensus Trees,MFCS,conference_paper,"Jansson, Jesper; Sung, Wing-Kin",2016,1
https://doi.org/10.4230/LIPIcs.MFCS.2016.59,Advice Complexity of the Online Induced Subgraph Problem,MFCS,conference_paper,"Komm, Dennis; Královic, Rastislav; Královic, Richard; Kudahl, Christian",2016,1
https://doi.org/10.4230/LIPIcs.MFCS.2016.64,A Preliminary Investigation of Satisfiability Problems Not Harder than 1-in-3-SAT,MFCS,conference_paper,"Lagerkvist, Victor; Roy, Biman",2016,1
https://doi.org/10.4230/LIPIcs.MFCS.2016.71,Optimal Sparsification for Some Binary CSPs Using Low-Degree Polynomials,MFCS,conference_paper,"Jansen, Bart M. P.; Pieterse, Astrid",2016,1
https://doi.org/10.4230/LIPIcs.MFCS.2016.76,Supplementarity is Necessary for Quantum Diagram Reasoning,MFCS,conference_paper,"Perdrix, Simon; Wang, Quanlong",2016,1
https://doi.org/10.4230/LIPIcs.MFCS.2016.80,Structural Control in Weighted Voting Games,MFCS,conference_paper,"Rey, Anja; Rothe, Jörg",2016,1
https://doi.org/10.4230/LIPIcs.MFCS.2016.81,Every Binary Pattern of Length Greater Than 14 Is Abelian-2-Avoidable,MFCS,conference_paper,"Rosenfeld, Matthieu",2016,1
https://doi.org/10.4230/LIPIcs.MFCS.2016.86,Polynomial Space Randomness in Analysis,MFCS,conference_paper,"Huang, Xiang; Stull, Donald M.",2016,1
https://doi.org/10.4230/LIPIcs.MFCS.2016.88,Transformation Between Regular Expressions and omega-Automata,MFCS,conference_paper,"Löding, Christof; Tollkötter, Andreas",2016,1
https://doi.org/10.4230/LIPIcs.MFCS.2017.1,Does Looking Inside a Circuit Help?,MFCS,conference_paper,"Impagliazzo, Russell; Kabanets, Valentine; Kolokolova, Antonina; McKenzie, Pierre; Romani, Shadab",2017,1
https://doi.org/10.4230/LIPIcs.MFCS.2017.11,ZX-Calculus: Cyclotomic Supplementarity and Incompleteness for Clifford+T Quantum Mechanics,MFCS,conference_paper,"Jeandel, Emmanuel; Perdrix, Simon; Vilmart, Renaud; Wang, Quanlong",2017,1
https://doi.org/10.4230/LIPIcs.MFCS.2017.15,The Complexity of Quantum Disjointness,MFCS,conference_paper,"Klauck, Hartmut",2017,1
https://doi.org/10.4230/LIPIcs.MFCS.2017.17,Time Complexity of Constraint Satisfaction via Universal Algebra,MFCS,conference_paper,"Jonsson, Peter; Lagerkvist, Victor; Roy, Biman",2017,1
https://doi.org/10.4230/LIPIcs.MFCS.2017.23,TC^0 Circuits for Algorithmic Problems in Nilpotent Groups,MFCS,conference_paper,"Myasnikov, Alexei; Weiß, Armin",2017,1
https://doi.org/10.4230/LIPIcs.MFCS.2017.25,Kernelization of the Subset General Position Problem in Geometry,MFCS,conference_paper,"Boissonnat, Jean-Daniel; Dutta, Kunal; Ghosh, Arijit; Kolay, Sudeshna",2017,1
https://doi.org/10.4230/LIPIcs.MFCS.2017.30,Combinatorial Properties and Recognition of Unit Square Visibility Graphs,MFCS,conference_paper,"Casel, Katrin; Fernau, Henning; Grigoriev, Alexander; Schmid, Markus L.; Whitesides, Sue",2017,1
https://doi.org/10.4230/LIPIcs.MFCS.2017.32,Model Checking and Validity in Propositional and Modal Inclusion Logics,MFCS,conference_paper,"Hella, Lauri; Kuusisto, Antti; Meier, Arne; Virtema, Jonni",2017,1
https://doi.org/10.4230/LIPIcs.MFCS.2017.33,Emptiness Problems for Integer Circuits,MFCS,conference_paper,"Barth, Dominik; Beck, Moritz; Dose, Titus; Glaßer, Christian; Michler, Larissa; Technau, Marc",2017,1
https://doi.org/10.4230/LIPIcs.MFCS.2017.35,The Quantum Monad on Relational Structures,MFCS,conference_paper,"Abramsky, Samson; Barbosa, Rui Soares; de Silva, Nadish; Zapata, Octavio",2017,1
https://doi.org/10.4230/LIPIcs.MFCS.2017.36,Towards a Polynomial Kernel for Directed Feedback Vertex Set,MFCS,conference_paper,"Bergougnoux, Benjamin; Eiben, Eduard; Ganian, Robert; Ordyniak, Sebastian; Ramanujan, M. S.",2017,1
https://doi.org/10.4230/LIPIcs.MFCS.2017.37,Timed Network Games,MFCS,conference_paper,"Avni, Guy; Guha, Shibashis; Kupferman, Orna",2017,1
https://doi.org/10.4230/LIPIcs.MFCS.2017.46,The Power of Linear-Time Data Reduction for Maximum Matching,MFCS,conference_paper,"Mertzios, George B.; Nichterlein, André; Niedermeier, Rolf",2017,1
https://doi.org/10.4230/LIPIcs.MFCS.2017.47,Two-Planar Graphs Are Quasiplanar,MFCS,conference_paper,"Hoffmann, Michael; Tóth, Csaba D.",2017,1
https://doi.org/10.4230/LIPIcs.MFCS.2017.52,Automata in the Category of Glued Vector Spaces,MFCS,conference_paper,"Colcombet, Thomas; Petrisan, Daniela",2017,1
https://doi.org/10.4230/LIPIcs.MFCS.2017.54,New Insights on the (Non-)Hardness of Circuit Minimization and Related Problems,MFCS,conference_paper,"Allender, Eric; Hirahara, Shuichi",2017,1
https://doi.org/10.4230/LIPIcs.MFCS.2017.67,Lossy Kernels for Hitting Subgraphs,MFCS,conference_paper,"Eiben, Eduard; Hermelin, Danny; Ramanujan, M. S.",2017,1
https://doi.org/10.4230/LIPIcs.MFCS.2017.7,Hypercube LSH for Approximate near Neighbors,MFCS,conference_paper,"Laarhoven, Thijs",2017,1
https://doi.org/10.4230/LIPIcs.MFCS.2017.70,Recognizing Graphs Close to Bipartite Graphs,MFCS,conference_paper,"Bonamy, Marthe; Dabrowski, Konrad K.; Feghali, Carl; Johnson, Matthew; Paulusma, Daniël",2017,1
https://doi.org/10.4230/LIPIcs.MFCS.2017.71,Parameterized Algorithms and Kernels for Rainbow Matching,MFCS,conference_paper,"Gupta, Sushmita; Roy, Sanjukta; Saurabh, Saket; Zehavi, Meirav",2017,1
https://doi.org/10.4230/LIPIcs.MFCS.2017.74,"Computing the Maximum using (min, +) Formulas",MFCS,conference_paper,"Mahajan, Meena; Nimbhorkar, Prajakta; Tawari, Anuj",2017,1
https://doi.org/10.4230/LIPIcs.MFCS.2017.76,K4-free Graphs as a Free Algebra,MFCS,conference_paper,"Cosme Llópez, Enric; Pous, Damien",2017,1
https://doi.org/10.4230/LIPIcs.MFCS.2017.78,Complexity of Restricted Variants of Skolem and Related Problems,MFCS,conference_paper,"S., Akshay; Balaji, Nikhil; Vyas, Nikhil",2017,1
https://doi.org/10.4230/LIPIcs.MFCS.2017.79,Being Even Slightly Shallow Makes Life Hard,MFCS,conference_paper,"Muzi, Irene; O'Brien, Michael P.; Reidl, Felix; Sullivan, Blair D.",2017,1
https://doi.org/10.4230/LIPIcs.MFCS.2017.9,Dividing Splittable Goods Evenly and With Limited Fragmentation,MFCS,conference_paper,"Damaschke, Peter",2017,1
https://doi.org/10.4230/LIPIcs.MFCS.2018.10,Team Semantics for the Specification and Verification of Hyperproperties,MFCS,conference_paper,"Krebs, Andreas; Meier, Arne; Virtema, Jonni; Zimmermann, Martin",2018,1
https://doi.org/10.4230/LIPIcs.MFCS.2018.11,Consistency for Counting Quantifiers,MFCS,conference_paper,"Madelaine, Florent R.; Martin, Barnaby",2018,1
https://doi.org/10.4230/LIPIcs.MFCS.2018.15,Sliding Windows over Context-Free Languages,MFCS,conference_paper,"Ganardi, Moses; Jez, Artur; Lohrey, Markus",2018,1
https://doi.org/10.4230/LIPIcs.MFCS.2018.2,Plain Stopping Time and Conditional Complexities Revisited,MFCS,conference_paper,"Andreev, Mikhail; Posobin, Gleb; Shen, Alexander",2018,1
https://doi.org/10.4230/LIPIcs.MFCS.2018.27,On the Complexity of Team Logic and Its Two-Variable Fragment,MFCS,conference_paper,"Lück, Martin",2018,1
https://doi.org/10.4230/LIPIcs.MFCS.2018.29,Recovering Sparse Graphs,MFCS,conference_paper,"Gajarský, Jakub; Král', Daniel",2018,1
https://doi.org/10.4230/LIPIcs.MFCS.2018.32,Complexity of Preimage Problems for Deterministic Finite Automata,MFCS,conference_paper,"Berlinkov, Mikhail V.; Ferens, Robert; Szykula, Marek",2018,1
https://doi.org/10.4230/LIPIcs.MFCS.2018.36,Faster Exploration of Degree-Bounded Temporal Graphs,MFCS,conference_paper,"Erlebach, Thomas; Spooner, Jakob T.",2018,1
https://doi.org/10.4230/LIPIcs.MFCS.2018.37,Approximating Dominating Set on Intersection Graphs of Rectangles and L-frames,MFCS,conference_paper,"Bandyapadhyay, Sayan; Maheshwari, Anil; Mehrabi, Saeed; Suri, Subhash",2018,1
https://doi.org/10.4230/LIPIcs.MFCS.2018.39,Balanced Connected Partitioning of Unweighted Grid Graphs,MFCS,conference_paper,"Berenger, Cedric; Niebert, Peter; Perrot, Kevin",2018,1
https://doi.org/10.4230/LIPIcs.MFCS.2018.45,The Complexity of Finding Small Separators in Temporal Graphs,MFCS,conference_paper,"Zschoche, Philipp; Fluschnik, Till; Molter, Hendrik; Niedermeier, Rolf",2018,1
https://doi.org/10.4230/LIPIcs.MFCS.2018.5,Balance Problems for Integer Circuits,MFCS,conference_paper,"Dose, Titus",2018,1
https://doi.org/10.4230/LIPIcs.MFCS.2018.50,Car-Sharing between Two Locations: Online Scheduling with Two Servers,MFCS,conference_paper,"Luo, Kelin; Erlebach, Thomas; Xu, Yinfeng",2018,1
https://doi.org/10.4230/LIPIcs.MFCS.2018.51,"The Robustness of LWPP and WPP, with an Application to Graph Reconstruction",MFCS,conference_paper,"Hemaspaandra, Edith; Hemaspaandra, Lane A.; Spakowski, Holger; Watanabe, Osamu",2018,1
https://doi.org/10.4230/LIPIcs.MFCS.2018.52,Shape Recognition by a Finite Automaton Robot,MFCS,conference_paper,"Gmyr, Robert; Hinnenthal, Kristian; Kostitsyna, Irina; Kuhn, Fabian; Rudolph, Dorian; Scheideler, Christian",2018,1
https://doi.org/10.4230/LIPIcs.MFCS.2018.56,Collective Fast Delivery by Energy-Efficient Agents,MFCS,conference_paper,"Bärtschi, Andreas; Graf, Daniel; Mihalák, Matús",2018,1
https://doi.org/10.4230/LIPIcs.MFCS.2018.58,Quantum Generalizations of the Polynomial Hierarchy with Applications to QMA(2),MFCS,conference_paper,"Gharibian, Sevag; Santha, Miklos; Sikora, Jamie; Sundaram, Aarthi; Yirka, Justin",2018,1
https://doi.org/10.4230/LIPIcs.MFCS.2018.59,A Subquadratic Algorithm for 3XOR,MFCS,conference_paper,"Dietzfelbinger, Martin; Schlag, Philipp; Walzer, Stefan",2018,1
https://doi.org/10.4230/LIPIcs.MFCS.2018.6,On Hadamard Series and Rotating Q-Automata,MFCS,conference_paper,"Dando, Louis-Marie; Lombardy, Sylvain",2018,1
https://doi.org/10.4230/LIPIcs.MFCS.2018.74,A Simple Augmentation Method for Matchings with Applications to Streaming Algorithms,MFCS,conference_paper,"Konrad, Christian",2018,1
https://doi.org/10.4230/LIPIcs.MFCS.2018.75,Reconfiguration of Graph Minors,MFCS,conference_paper,"Moore, Benjamin; Nishimura, Naomi; Subramanya, Vijay",2018,1
https://doi.org/10.4230/LIPIcs.MFCS.2018.77,Maximum Area Axis-Aligned Square Packings,MFCS,conference_paper,"Akitaya, Hugo A.; Jones, Matthew D.; Stalfa, David; Tóth, Csaba D.",2018,1
https://doi.org/10.4230/LIPIcs.MFCS.2018.81,Depth Two Majority Circuits for Majority and List Expanders,MFCS,conference_paper,"Amano, Kazuyuki",2018,1
https://doi.org/10.4230/LIPIcs.MFCS.2019.14,Colouring H-Free Graphs of Bounded Diameter,MFCS,conference_paper,"Martin, Barnaby; Paulusma, Daniël; Smith, Siani",2019,1
https://doi.org/10.4230/LIPIcs.MFCS.2019.15,Distance Labeling Schemes for Cube-Free Median Graphs,MFCS,conference_paper,"Chepoi, Victor; Labourel, Arnaud; Ratel, Sébastien",2019,1
https://doi.org/10.4230/LIPIcs.MFCS.2019.17,Finite Satisfiability of Unary Negation Fragment with Transitivity,MFCS,conference_paper,"Danielski, Daniel; Kieroński, Emanuel",2019,1
https://doi.org/10.4230/LIPIcs.MFCS.2019.19,Counting of Teams in First-Order Team Logics,MFCS,conference_paper,"Haak, Anselm; Kontinen, Juha; Müller, Fabian; Vollmer, Heribert; Yang, Fan",2019,1
https://doi.org/10.4230/LIPIcs.MFCS.2019.21,Distributed Minimum Vertex Coloring and Maximum Independent Set in Chordal Graphs,MFCS,conference_paper,"Konrad, Christian; Zamaraev, Viktor",2019,1
https://doi.org/10.4230/LIPIcs.MFCS.2019.28,A Sub-Exponential FPT Algorithm and a Polynomial Kernel for Minimum Directed Bisection on Semicomplete Digraphs,MFCS,conference_paper,"Madathil, Jayakrishnan; Sharma, Roohani; Zehavi, Meirav",2019,1
https://doi.org/10.4230/LIPIcs.MFCS.2019.30,Two variable fragment of Term Modal Logic,MFCS,conference_paper,"Padmanabha, Anantha; Ramanujam, R.",2019,1
https://doi.org/10.4230/LIPIcs.MFCS.2019.31,Choiceless Logarithmic Space,MFCS,conference_paper,"Grädel, Erich; Schalthöfer, Svenja",2019,1
https://doi.org/10.4230/LIPIcs.MFCS.2019.33,Parameterized Complexity of Fair Vertex Evaluation Problems,MFCS,conference_paper,"Knop, Dušan; Masařík, Tomáš; Toufar, Tomáš",2019,1
https://doi.org/10.4230/LIPIcs.MFCS.2019.36,On the Strength of Uniqueness Quantification in Primitive Positive Formulas,MFCS,conference_paper,"Lagerkvist, Victor; Nordh, Gustav",2019,1
https://doi.org/10.4230/LIPIcs.MFCS.2019.40,Domination Above r-Independence: Does Sparseness Help?,MFCS,conference_paper,"Einarson, Carl; Reidl, Felix",2019,1
https://doi.org/10.4230/LIPIcs.MFCS.2019.43,The Power Word Problem,MFCS,conference_paper,"Lohrey, Markus; Weiß, Armin",2019,1
https://doi.org/10.4230/LIPIcs.MFCS.2019.48,Semicomputable Points in Euclidean Spaces,MFCS,conference_paper,"Hoyrup, Mathieu; Stull, Donald M.",2019,1
https://doi.org/10.4230/LIPIcs.MFCS.2019.56,On the Stretch Factor of Polygonal Chains,MFCS,conference_paper,"Chen, Ke; Dumitrescu, Adrian; Mulzer, Wolfgang; Tóth, Csaba D.",2019,1
https://doi.org/10.4230/LIPIcs.MFCS.2019.60,Approximate Counting CSP Seen from the Other Side,MFCS,conference_paper,"Bulatov, Andrei A.; Živný, Stanislav",2019,1
https://doi.org/10.4230/LIPIcs.MFCS.2019.67,Indexing Graph Search Trees and Applications,MFCS,conference_paper,"Chakraborty, Sankardeep; Sadakane, Kunihiko",2019,1
https://doi.org/10.4230/LIPIcs.MFCS.2019.69,On Synthesis of Resynchronizers for Transducers,MFCS,conference_paper,"Bose, Sougata; Krishna, Shankara Narayanan; Muscholl, Anca; Penelle, Vincent; Puppis, Gabriele",2019,1
https://doi.org/10.4230/LIPIcs.MFCS.2019.7,Query-Competitive Sorting with Uncertainty,MFCS,conference_paper,"Halldórsson, Magnús M.; de Lima, Murilo Santos",2019,1
https://doi.org/10.4230/LIPIcs.MFCS.2019.70,Acceptance Ambiguity for Quantum Automata,MFCS,conference_paper,"Bell, Paul C.; Hirvensalo, Mika",2019,1
https://doi.org/10.4230/LIPIcs.MFCS.2019.76,Aperiodic Weighted Automata and Weighted First-Order Logic,MFCS,conference_paper,"Droste, Manfred; Gastin, Paul",2019,1
https://doi.org/10.4230/LIPIcs.MFCS.2019.8,Better Bounds for Online Line Chasing,MFCS,conference_paper,"Bienkowski, Marcin; Byrka, Jarosław; Chrobak, Marek; Coester, Christian; Jeż, Łukasz; Koutsoupias, Elias",2019,1
https://doi.org/10.4230/LIPIcs.MFCS.2019.82,Efficient Analysis of Unambiguous Automata Using Matrix Semigroup Techniques,MFCS,conference_paper,"Kiefer, Stefan; Widdershoven, Cas",2019,1
https://doi.org/10.4230/LIPIcs.MFCS.2020.13,Ideal Membership Problem and a Majority Polymorphism over the Ternary Domain,MFCS,conference_paper,"Bharathi, Arpitha P.; Mastrolilli, Monaldo",2020,1
https://doi.org/10.4230/LIPIcs.MFCS.2020.14,Layered Fan-Planar Graph Drawings,MFCS,conference_paper,"Biedl, Therese; Chaplick, Steven; Kaufmann, Michael; Montecchiani, Fabrizio; Nöllenburg, Martin; Raftopoulou, Chrysanthi",2020,1
https://doi.org/10.4230/LIPIcs.MFCS.2020.15,Topological Influence and Locality in Swap Schelling Games,MFCS,conference_paper,"Bilò, Davide; Bilò, Vittorio; Lenzner, Pascal; Molitor, Louise",2020,1
https://doi.org/10.4230/LIPIcs.MFCS.2020.2,Some Open Problems in Computational Geometry (Invited Talk),MFCS,conference_paper,"Cabello, Sergio",2020,1
https://doi.org/10.4230/LIPIcs.MFCS.2020.21,On a Temporal Logic of Prefixes and Infixes,MFCS,conference_paper,"Bozzelli, Laura; Montanari, Angelo; Peron, Adriano; Sala, Pietro",2020,1
https://doi.org/10.4230/LIPIcs.MFCS.2020.23,Quantum-Inspired Sublinear Algorithm for Solving Low-Rank Semidefinite Programming,MFCS,conference_paper,"Chia, Nai-Hui; Li, Tongyang; Lin, Han-Hsuan; Wang, Chunhao",2020,1
https://doi.org/10.4230/LIPIcs.MFCS.2020.29,Register Transducers Are Marble Transducers,MFCS,conference_paper,"Douéneau-Tabot, Gaëtan; Filiot, Emmanuel; Gastin, Paul",2020,1
https://doi.org/10.4230/LIPIcs.MFCS.2020.33,Synchronizing Deterministic Push-Down Automata Can Be Really Hard,MFCS,conference_paper,"Fernau, Henning; Wolf, Petra; Yamakami, Tomoyuki",2020,1
https://doi.org/10.4230/LIPIcs.MFCS.2020.34,Value Iteration Using Universal Graphs and the Complexity of Mean Payoff Games,MFCS,conference_paper,"Fijalkow, Nathanaël; Gawrychowski, Paweł; Ohlmann, Pierre",2020,1
https://doi.org/10.4230/LIPIcs.MFCS.2020.47,Hierarchical Clusterings of Unweighted Graphs,MFCS,conference_paper,"Høgemo, Svein; Paul, Christophe; Telle, Jan Arne",2020,1
https://doi.org/10.4230/LIPIcs.MFCS.2020.5,A Polynomial Kernel for 3-Leaf Power Deletion,MFCS,conference_paper,"Ahn, Jungho; Eiben, Eduard; Kwon, O-joung; Oum, Sang-il",2020,1
https://doi.org/10.4230/LIPIcs.MFCS.2020.50,Compressing Permutation Groups into Grammars and Polytopes. A Graph Embedding Approach,MFCS,conference_paper,"Jaffke, Lars; de Oliveira Oliveira, Mateus; Tiwary, Hans Raj",2020,1
https://doi.org/10.4230/LIPIcs.MFCS.2020.52,A Complexity Dichotomy for Permutation Pattern Matching on Grid Classes,MFCS,conference_paper,"Jelínek, Vít; Opler, Michal; Pekárek, Jakub",2020,1
https://doi.org/10.4230/LIPIcs.MFCS.2020.65,Elimination Distance to Bounded Degree on Planar Graphs,MFCS,conference_paper,"Lindermayr, Alexander; Siebertz, Sebastian; Vigny, Alexandre",2020,1
https://doi.org/10.4230/LIPIcs.MFCS.2020.68,A Relaxation of the Directed Disjoint Paths Problem: A Global Congestion Metric Helps,MFCS,conference_paper,"Lopes, Raul; Sau, Ignasi",2020,1
https://doi.org/10.4230/LIPIcs.MFCS.2020.75,On the Parameterized Complexity of Deletion to ℋ-Free Strong Components,MFCS,conference_paper,"Neogi, Rian; Ramanujan, M. S.; Saurabh, Saket; Sharma, Roohani",2020,1
https://doi.org/10.4230/LIPIcs.MFCS.2020.79,All Growth Rates of Abelian Exponents Are Attained by Infinite Binary Words,MFCS,conference_paper,"Peltomäki, Jarkko; Whiteland, Markus A.",2020,1
https://doi.org/10.4230/LIPIcs.MFCS.2020.82,Hitting Forbidden Induced Subgraphs on Bounded Treewidth Graphs,MFCS,conference_paper,"Sau, Ignasi; Souza, Uéverton dos Santos",2020,1
https://doi.org/10.4230/LIPIcs.MFCS.2021.11,Finitely Tractable Promise Constraint Satisfaction Problems,MFCS,conference_paper,"Asimi, Kristina; Barto, Libor",2021,1
https://doi.org/10.4230/LIPIcs.MFCS.2021.14,Parameterized Complexity of Feature Selection for Categorical Data Clustering,MFCS,conference_paper,"Bandyapadhyay, Sayan; Fomin, Fedor V.; Golovach, Petr A.; Simonov, Kirill",2021,1
https://doi.org/10.4230/LIPIcs.MFCS.2021.17,Graph Traversals as Universal Constructions,MFCS,conference_paper,"Bhaskar, Siddharth; Kaarsgaard, Robin",2021,1
https://doi.org/10.4230/LIPIcs.MFCS.2021.18,Space-Efficient Fault-Tolerant Diameter Oracles,MFCS,conference_paper,"Bilò, Davide; Cohen, Sarel; Friedrich, Tobias; Schirneck, Martin",2021,1
https://doi.org/10.4230/LIPIcs.MFCS.2021.21,Computational Complexity of Covering Multigraphs with Semi-Edges: Small Cases,MFCS,conference_paper,"Bok, Jan; Fiala, Jiří; Hliněný, Petr; Jedličková, Nikola; Kratochvíl, Jan",2021,1
https://doi.org/10.4230/LIPIcs.MFCS.2021.25,Dots & Boxes Is PSPACE-Complete,MFCS,conference_paper,"Buchin, Kevin; Hagedoorn, Mart; Kostitsyna, Irina; van Mulken, Max",2021,1
https://doi.org/10.4230/LIPIcs.MFCS.2021.29,Black-Box Hypotheses and Lower Bounds,MFCS,conference_paper,"Chapman, Brynmor K.; Williams, R. Ryan",2021,1
https://doi.org/10.4230/LIPIcs.MFCS.2021.36,Parallel Polynomial Permanent Mod Powers of 2 and Shortest Disjoint Cycles,MFCS,conference_paper,"Datta, Samir; Jaiswal, Kishlaya",2021,1
https://doi.org/10.4230/LIPIcs.MFCS.2021.41,Graph Characterization of the Universal Theory of Relations,MFCS,conference_paper,"Doumane, Amina",2021,1
https://doi.org/10.4230/LIPIcs.MFCS.2021.44,On Computing the Average Distance for Some Chordal-Like Graphs,MFCS,conference_paper,"Ducoffe, Guillaume",2021,1
https://doi.org/10.4230/LIPIcs.MFCS.2021.46,Lower Bounds on Avoiding Thresholds,MFCS,conference_paper,"Ferens, Robert; Szykuła, Marek; Vorel, Vojtěch",2021,1
https://doi.org/10.4230/LIPIcs.MFCS.2021.49,Keyboards as a New Model of Computation,MFCS,conference_paper,"Géran, Yoan; Laboureix, Bastien; Mascle, Corto; Richard, Valentin D.",2021,1
https://doi.org/10.4230/LIPIcs.MFCS.2021.55,On Deciding Linear Arithmetic Constraints Over p-adic Integers for All Primes,MFCS,conference_paper,"Haase, Christoph; Mansutti, Alessio",2021,1
https://doi.org/10.4230/LIPIcs.MFCS.2021.56,Obstructing Classification via Projection,MFCS,conference_paper,"Haghighatkhah, Pantea; Meulemans, Wouter; Speckmann, Bettina; Urhausen, Jérôme; Verbeek, Kevin",2021,1
https://doi.org/10.4230/LIPIcs.MFCS.2021.57,Online Domination: The Value of Getting to Know All Your Neighbors,MFCS,conference_paper,"Harutyunyan, Hovhannes A.; Pankratov, Denis; Racicot, Jesse",2021,1
https://doi.org/10.4230/LIPIcs.MFCS.2021.6,An Approximation Algorithm for the Matrix Tree Multiplication Problem,MFCS,conference_paper,"Abo-Khamis, Mahmoud; Curtin, Ryan; Im, Sungjin; Moseley, Benjamin; Ngo, Hung; Pruhs, Kirk; Samadian, Alireza",2021,1
https://doi.org/10.4230/LIPIcs.MFCS.2021.63,The Simplest Non-Regular Deterministic Context-Free Language,MFCS,conference_paper,"Jančar, Petr; Šíma, Jiří",2021,1
https://doi.org/10.4230/LIPIcs.MFCS.2021.64,On the Hardness of Compressing Weights,MFCS,conference_paper,"Jansen, Bart M. P.; Roy, Shivesh K.; Włodarczyk, Michał",2021,1
https://doi.org/10.4230/LIPIcs.MFCS.2021.65,Griddings of Permutations and Hardness of Pattern Matching,MFCS,conference_paper,"Jelínek, Vít; Opler, Michal; Pekárek, Jakub",2021,1
https://doi.org/10.4230/LIPIcs.MFCS.2021.69,The Power of One Clean Qubit in Communication Complexity,MFCS,conference_paper,"Klauck, Hartmut; Lim, Debbie",2021,1
https://doi.org/10.4230/LIPIcs.MFCS.2021.70,Connecting Constructive Notions of Ordinals in Homotopy Type Theory,MFCS,conference_paper,"Kraus, Nicolai; Nordvall Forsberg, Fredrik; Xu, Chuangjie",2021,1
https://doi.org/10.4230/LIPIcs.MFCS.2021.74,Parallel Algorithms for Power Circuits and the Word Problem of the Baumslag Group,MFCS,conference_paper,"Mattes, Caroline; Weiß, Armin",2021,1
https://doi.org/10.4230/LIPIcs.MFCS.2021.76,Temporal Reachability Minimization: Delaying vs. Deleting,MFCS,conference_paper,"Molter, Hendrik; Renken, Malte; Zschoche, Philipp",2021,1
https://doi.org/10.4230/LIPIcs.MFCS.2021.80,Ergodic Theorems and Converses for PSPACE Functions,MFCS,conference_paper,"Nandakumar, Satyadev; Pulari, Subin",2021,1
https://doi.org/10.4230/LIPIcs.MFCS.2021.82,Feedback Vertex Set and Even Cycle Transversal for H-Free Graphs: Finding Large Block Graphs,MFCS,conference_paper,"Paesani, Giacomo; Paulusma, Daniël; Rzążewski, Paweł",2021,1
https://doi.org/10.4230/LIPIcs.MFCS.2021.83,Stabilization Bounds for Influence Propagation from a Random Initial State,MFCS,conference_paper,"Papp, Pál András; Wattenhofer, Roger",2021,1
https://doi.org/10.4230/LIPIcs.MFCS.2021.84,Parameterized (Modular) Counting and Cayley Graph Expanders,MFCS,conference_paper,"Peyerimhoff, Norbert; Roth, Marc; Schmitt, Johannes; Stix, Jakob; Vdovina, Alina",2021,1
https://doi.org/10.4230/LIPIcs.MFCS.2021.9,Universal Gauge-Invariant Cellular Automata,MFCS,conference_paper,"Arrighi, Pablo; Costes, Marin; Eon, Nathanaël",2021,1
https://doi.org/10.4230/LIPIcs.MFCS.2021.90,Decision Problems for Origin-Close Top-Down Tree Transducers,MFCS,conference_paper,"Winter, Sarah",2021,1
https://doi.org/10.4230/LIPIcs.MFCS.2022.10,On Upward-Planar L-Drawings of Graphs,MFCS,conference_paper,"Angelini, Patrizio; Chaplick, Steven; Cornelsen, Sabine; Da Lozzo, Giordano",2022,1
https://doi.org/10.4230/LIPIcs.MFCS.2022.11,RAC Drawings of Graphs with Low Degree,MFCS,conference_paper,"Angelini, Patrizio; Bekos, Michael A.; Katheder, Julia; Kaufmann, Michael; Pfister, Maximilian",2022,1
https://doi.org/10.4230/LIPIcs.MFCS.2022.13,Graph Realization of Distance Sets,MFCS,conference_paper,"Bar-Noy, Amotz; Peleg, David; Perry, Mor; Rawitz, Dror",2022,1
https://doi.org/10.4230/LIPIcs.MFCS.2022.15,Towards a Model Theory of Ordered Logics: Expressivity and Interpolation,MFCS,conference_paper,"Bednarczyk, Bartosz; Jaakkola, Reijo",2022,1
https://doi.org/10.4230/LIPIcs.MFCS.2022.21,Deepening the (Parameterized) Complexity Analysis of Incremental Stable Matching Problems,MFCS,conference_paper,"Boehmer, Niclas; Heeger, Klaus; Niedermeier, Rolf",2022,1
https://doi.org/10.4230/LIPIcs.MFCS.2022.28,Continuous Rational Functions Are Deterministic Regular,MFCS,conference_paper,"Carton, Olivier; Douéneau-Tabot, Gaëtan",2022,1
https://doi.org/10.4230/LIPIcs.MFCS.2022.3,An Updated Survey of Bidding Games on Graphs (Invited Talk),MFCS,conference_paper,"Avni, Guy; Henzinger, Thomas A.",2022,1
https://doi.org/10.4230/LIPIcs.MFCS.2022.38,Enumeration Classes Defined by Circuits,MFCS,conference_paper,"Creignou, Nadia; Durand, Arnaud; Vollmer, Heribert",2022,1
https://doi.org/10.4230/LIPIcs.MFCS.2022.4,Probabilistic Model Checking for Strategic Equilibria-Based Decision Making: Advances and Challenges (Invited Talk),MFCS,conference_paper,"Kwiatkowska, Marta; Norman, Gethin; Parker, David; Santos, Gabriel; Yan, Rui",2022,1
https://doi.org/10.4230/LIPIcs.MFCS.2022.40,The Pseudo-Reachability Problem for Diagonalisable Linear Dynamical Systems,MFCS,conference_paper,"D'Costa, Julian; Karimov, Toghrul; Majumdar, Rupak; Ouaknine, Joël; Salamati, Mahmoud; Worrell, James",2022,1
https://doi.org/10.4230/LIPIcs.MFCS.2022.41,New Lower Bounds and Upper Bounds for Listing Avoidable Vertices,MFCS,conference_paper,"Deng, Mingyang; Vassilevska Williams, Virginia; Zhong, Ziqian",2022,1
https://doi.org/10.4230/LIPIcs.MFCS.2022.42,Constant-Factor Approximation Algorithm for Binary Search in Trees with Monotonic Query Times,MFCS,conference_paper,"Dereniowski, Dariusz; Wrosz, Izajasz",2022,1
https://doi.org/10.4230/LIPIcs.MFCS.2022.51,Metric Dimension Parameterized by Feedback Vertex Set and Other Structural Parameters,MFCS,conference_paper,"Galby, Esther; Khazaliya, Liana; Mc Inerney, Fionn; Sharma, Roohani; Tale, Prafullkumar",2022,1
https://doi.org/10.4230/LIPIcs.MFCS.2022.52,Graph Similarity Based on Matrix Norms,MFCS,conference_paper,"Gervens, Timo; Grohe, Martin",2022,1
https://doi.org/10.4230/LIPIcs.MFCS.2022.54,The Hamilton Compression of Highly Symmetric Graphs,MFCS,conference_paper,"Gregor, Petr; Merino, Arturo; Mütze, Torsten",2022,1
https://doi.org/10.4230/LIPIcs.MFCS.2022.60,Not All Strangers Are the Same: The Impact of Tolerance in Schelling Games,MFCS,conference_paper,"Kanellopoulos, Panagiotis; Kyropoulou, Maria; Voudouris, Alexandros A.",2022,1
https://doi.org/10.4230/LIPIcs.MFCS.2022.62,The Complexity of Computing Optimum Labelings for Temporal Connectivity,MFCS,conference_paper,"Klobas, Nina; Mertzios, George B.; Molter, Hendrik; Spirakis, Paul G.",2022,1
https://doi.org/10.4230/LIPIcs.MFCS.2022.72,Streaming Word Problems,MFCS,conference_paper,"Lohrey, Markus; Lück, Lukas",2022,1
https://doi.org/10.4230/LIPIcs.MFCS.2022.74,Learning Deterministic Visibly Pushdown Automata Under Accessible Stack,MFCS,conference_paper,"Michaliszyn, Jakub; Otop, Jan",2022,1
https://doi.org/10.4230/LIPIcs.MFCS.2022.75,Cohomology in Constraint Satisfaction and Structure Isomorphism,MFCS,conference_paper,"Ó Conghaile, Adam",2022,1
https://doi.org/10.4230/LIPIcs.MFCS.2022.77,On Uniformization in the Full Binary Tree,MFCS,conference_paper,"Rabinovich, Alexander",2022,1
https://doi.org/10.4230/LIPIcs.MFCS.2023.15,Entropic Risk for Turn-Based Stochastic Games,MFCS,conference_paper,"Baier, Christel; Chatterjee, Krishnendu; Meggendorfer, Tobias; Piribauer, Jakob",2023,1
https://doi.org/10.4230/LIPIcs.MFCS.2023.16,Speed Me up If You Can: Conditional Lower Bounds on Opacity Verification,MFCS,conference_paper,"Balun, Jiří; Masopust, Tomáš; Osička, Petr",2023,1
https://doi.org/10.4230/LIPIcs.MFCS.2023.17,Separating Automatic Relations,MFCS,conference_paper,"Barceló, Pablo; Figueira, Diego; Morvan, Rémi",2023,1
https://doi.org/10.4230/LIPIcs.MFCS.2023.18,On the Parameterized Complexity of Computing st-Orientations with Few Transitive Edges,MFCS,conference_paper,"Binucci, Carla; Liotta, Giuseppe; Montecchiani, Fabrizio; Ortali, Giacomo; Piselli, Tommaso",2023,1
https://doi.org/10.4230/LIPIcs.MFCS.2023.20,Locality Theorems in Semiring Semantics,MFCS,conference_paper,"Bizière, Clotilde; Grädel, Erich; Naaf, Matthias",2023,1
https://doi.org/10.4230/LIPIcs.MFCS.2023.28,Short Definitions in Constraint Languages,MFCS,conference_paper,"Bulín, Jakub; Kompatscher, Michael",2023,1
https://doi.org/10.4230/LIPIcs.MFCS.2023.30,Parikh One-Counter Automata,MFCS,conference_paper,"Cadilhac, Michaël; Ghosh, Arka; Pérez, Guillermo A.; Raha, Ritam",2023,1
https://doi.org/10.4230/LIPIcs.MFCS.2023.33,Support Size Estimation: The Power of Conditioning,MFCS,conference_paper,"Chakraborty, Diptarka; Kumar, Gunjan; Meel, Kuldeep S.",2023,1
https://doi.org/10.4230/LIPIcs.MFCS.2023.34,Query Complexity of Search Problems,MFCS,conference_paper,"Chattopadhyay, Arkadev; Dahiya, Yogesh; Mahajan, Meena",2023,1
https://doi.org/10.4230/LIPIcs.MFCS.2023.35,Tight Algorithmic Applications of Clique-Width Generalizations,MFCS,conference_paper,"Chekan, Vera; Kratsch, Stefan",2023,1
https://doi.org/10.4230/LIPIcs.MFCS.2023.42,Recontamination Helps a Lot to Hunt a Rabbit,MFCS,conference_paper,"Dissaux, Thomas; Fioravantes, Foivos; Gahlawat, Harmender; Nisse, Nicolas",2023,1
https://doi.org/10.4230/LIPIcs.MFCS.2023.45,Finding a Highly Connected Steiner Subgraph and its Applications,MFCS,conference_paper,"Eiben, Eduard; Majumdar, Diptapriyo; Ramanujan, M. S.",2023,1
https://doi.org/10.4230/LIPIcs.MFCS.2023.48,Positive Data Languages,MFCS,conference_paper,"Frank, Florian; Milius, Stefan; Urbat, Henning",2023,1
https://doi.org/10.4230/LIPIcs.MFCS.2023.49,Parameterized Analysis of the Cops and Robber Game,MFCS,conference_paper,"Gahlawat, Harmender; Zehavi, Meirav",2023,1
https://doi.org/10.4230/LIPIcs.MFCS.2023.6,Roman Census: Enumerating and Counting Roman Dominating Functions on Graph Classes,MFCS,conference_paper,"Abu-Khzam, Faisal N.; Fernau, Henning; Mann, Kevin",2023,1
https://doi.org/10.4230/LIPIcs.MFCS.2023.60,Set Semantics for Asynchronous TeamLTL: Expressivity and Complexity,MFCS,conference_paper,"Kontinen, Juha; Sandström, Max; Virtema, Jonni",2023,1
https://doi.org/10.4230/LIPIcs.MFCS.2023.61,Parameterized Complexity of Domination Problems Using Restricted Modular Partitions,MFCS,conference_paper,"Lafond, Manuel; Luo, Weidong",2023,1
https://doi.org/10.4230/LIPIcs.MFCS.2023.64,"Dichotomies for Maximum Matching Cut: H-Freeness, Bounded Diameter, Bounded Radius",MFCS,conference_paper,"Lucke, Felicia; Paulusma, Daniël; Ries, Bernard",2023,1
https://doi.org/10.4230/LIPIcs.MFCS.2023.69,On the Finite Variable-Occurrence Fragment of the Calculus of Relations with Bounded Dot-Dagger Alternation,MFCS,conference_paper,"Nakamura, Yoshiki",2023,1
https://doi.org/10.4230/LIPIcs.MFCS.2023.74,A Super-Polynomial Separation Between Resolution and Cut-Free Sequent Calculus,MFCS,conference_paper,"Papamakarios, Theodoros",2023,1
https://doi.org/10.4230/LIPIcs.MFCS.2023.76,Deciding Predicate Logical Theories Of Real-Valued Functions,MFCS,conference_paper,"Ratschan, Stefan",2023,1
https://doi.org/10.4230/LIPIcs.MFCS.2023.79,Counting Homomorphisms from Hypergraphs of Bounded Generalised Hypertree Width: A Logical Characterisation,MFCS,conference_paper,"Scheidt, Benjamin; Schweikardt, Nicole",2023,1
https://doi.org/10.4230/LIPIcs.MFCS.2023.8,Recognizing H-Graphs - Beyond Circular-Arc Graphs,MFCS,conference_paper,"Ağaoğlu Çağırıcı, Deniz; Çağırıcı, Onur; Derbisz, Jan; Hartmann, Tim A.; Hliněný, Petr; Kratochvíl, Jan; Krawczyk, Tomasz; Zeman, Peter",2023,1
https://doi.org/10.4230/LIPIcs.MFCS.2023.81,On the Work of Dynamic Constant-Time Parallel Algorithms for Regular Tree Languages and Context-Free Languages,MFCS,conference_paper,"Schmidt, Jonas; Schwentick, Thomas; Todtenhoefer, Jennifer",2023,1
https://doi.org/10.4230/LIPIcs.MFCS.2023.82,"Logical Equivalences, Homomorphism Indistinguishability, and Forbidden Minors",MFCS,conference_paper,"Seppelt, Tim",2023,1
https://doi.org/10.4230/LIPIcs.MFCS.2023.87,Ordinal Measures of the Set of Finite Multisets,MFCS,conference_paper,"Vialard, Isa",2023,1
https://doi.org/10.4230/LIPIcs.MFCS.2023.88,Checking Presence Reachability Properties on Parameterized Shared-Memory Systems,MFCS,conference_paper,"Waldburger, Nicolas",2023,1
https://doi.org/10.4230/LIPIcs.MFCS.2024.11,Switching Classes: Characterization and Computation,MFCS,conference_paper,"Antony, Dhanyamol; Cao, Yixin; Pal, Sagartanu; Sandeep, R. B.",2024,1
https://doi.org/10.4230/LIPIcs.MFCS.2024.12,Generalizing Roberts' Characterization of Unit Interval Graphs,MFCS,conference_paper,"Ardévol Martínez, Virginia; Rizzi, Romeo; Saffidine, Abdallah; Sikora, Florian; Vialette, Stéphane",2024,1
https://doi.org/10.4230/LIPIcs.MFCS.2024.17,On the Descriptive Complexity of Vertex Deletion Problems,MFCS,conference_paper,"Bannach, Max; Chudigiewitsch, Florian; Tantau, Till",2024,1
https://doi.org/10.4230/LIPIcs.MFCS.2024.19,The Canadian Traveller Problem on Outerplanar Graphs,MFCS,conference_paper,"Beaudou, Laurent; Bergé, Pierre; Chernyshev, Vsevolod; Dailly, Antoine; Gerard, Yan; Lagoutte, Aurélie; Limouzy, Vincent; Pastor, Lucas",2024,1
https://doi.org/10.4230/LIPIcs.MFCS.2024.2,Challenges of the Reachability Problem in Infinite-State Systems (Invited Paper),MFCS,conference_paper,"Czerwiński, Wojciech",2024,1
https://doi.org/10.4230/LIPIcs.MFCS.2024.20,"Simple Qudit ZX and ZH Calculi, via Integrals",MFCS,conference_paper,"de Beaudrap, Niel; East, Richard D. P.",2024,1
https://doi.org/10.4230/LIPIcs.MFCS.2024.22,Graph Search Trees and the Intermezzo Problem,MFCS,conference_paper,"Beisegel, Jesse; Köhler, Ekkehard; Ratajczak, Fabienne; Scheffler, Robert; Strehler, Martin",2024,1
https://doi.org/10.4230/LIPIcs.MFCS.2024.24,Breaking a Graph into Connected Components with Small Dominating Sets,MFCS,conference_paper,"Bentert, Matthias; Fellows, Michael R.; Golovach, Petr A.; Rosamond, Frances A.; Saurabh, Saket",2024,1
https://doi.org/10.4230/LIPIcs.MFCS.2024.27,Polynomial Calculus for Quantified Boolean Logic: Lower Bounds Through Circuits and Degree,MFCS,conference_paper,"Beyersdorff, Olaf; Hoffmann, Tim; Kasche, Kaspar; Spachmann, Luc Nicolas",2024,1
https://doi.org/10.4230/LIPIcs.MFCS.2024.29,Equitable Connected Partition and Structural Parameters Revisited: N-Fold Beats Lenstra,MFCS,conference_paper,"Blažej, Václav; Knop, Dušan; Pokorný, Jan; Schierreich, Šimon",2024,1
https://doi.org/10.4230/LIPIcs.MFCS.2024.32,Symmetric-Difference (Degeneracy) and Signed Tree Models,MFCS,conference_paper,"Bonnet, Édouard; Duron, Julien; Sylvester, John; Zamaraev, Viktor",2024,1
https://doi.org/10.4230/LIPIcs.MFCS.2024.36,Distance to Transitivity: New Parameters for Taming Reachability in Temporal Graphs,MFCS,conference_paper,"Casteigts, Arnaud; Morawietz, Nils; Wolf, Petra",2024,1
https://doi.org/10.4230/LIPIcs.MFCS.2024.37,Quasi-Isometric Reductions Between Infinite Strings,MFCS,conference_paper,"Celine, Karen Frilya; Gao, Ziyuan; Jain, Sanjay; Lou, Ryan; Stephan, Frank; Wu, Guohua",2024,1
https://doi.org/10.4230/LIPIcs.MFCS.2024.38,Algorithms and Complexity for Path Covers of Temporal DAGs,MFCS,conference_paper,"Chakraborty, Dibyayan; Dailly, Antoine; Foucaud, Florent; Klasing, Ralf",2024,1
https://doi.org/10.4230/LIPIcs.MFCS.2024.39,"Covering and Partitioning of Split, Chain and Cographs with Isometric Paths",MFCS,conference_paper,"Chakraborty, Dibyayan; Müller, Haiko; Ordyniak, Sebastian; Panolan, Fahad; Rychlicki, Mateusz",2024,1
https://doi.org/10.4230/LIPIcs.MFCS.2024.44,The Freeness Problem for Automaton Semigroups,MFCS,conference_paper,"D'Angeli, Daniele; Rodaro, Emanuele; Wächter, Jan Philipp",2024,1
https://doi.org/10.4230/LIPIcs.MFCS.2024.48,Local Certification of Geometric Graph Classes,MFCS,conference_paper,"Defrain, Oscar; Esperet, Louis; Lagoutte, Aurélie; Morin, Pat; Raymond, Jean-Florent",2024,1
https://doi.org/10.4230/LIPIcs.MFCS.2024.50,"An Oracle with no UP-Complete Sets, but NP = PSPACE",MFCS,conference_paper,"Dingel, David; Egidy, Fabian; Glaßer, Christian",2024,1
https://doi.org/10.4230/LIPIcs.MFCS.2024.51,Half-Space Separation in Monophonic Convexity,MFCS,conference_paper,"Elaroussi, Mohammed; Nourine, Lhouari; Vilmin, Simon",2024,1
https://doi.org/10.4230/LIPIcs.MFCS.2024.56,Specification and Automatic Verification of Computational Reductions,MFCS,conference_paper,"Grange, Julien; Vehlken, Fabian; Vortmeier, Nils; Zeume, Thomas",2024,1
https://doi.org/10.4230/LIPIcs.MFCS.2024.58,Parameterized Vertex Integrity Revisited,MFCS,conference_paper,"Hanaka, Tesshu; Lampis, Michael; Vasilakis, Manolis; Yoshiwatari, Kanae",2024,1
https://doi.org/10.4230/LIPIcs.MFCS.2024.6,Monotonicity of the Cops and Robber Game for Bounded Depth Treewidth,MFCS,conference_paper,"Adler, Isolde; Fluck, Eva",2024,1
https://doi.org/10.4230/LIPIcs.MFCS.2024.60,On the Complexity of Community-Aware Network Sparsification,MFCS,conference_paper,"Herrendorf, Emanuel; Komusiewicz, Christian; Morawietz, Nils; Sommer, Frank",2024,1
https://doi.org/10.4230/LIPIcs.MFCS.2024.61,ℋ-Clique-Width and a Hereditary Analogue of Product Structure,MFCS,conference_paper,"Hliněný, Petr; Jedelský, Jan",2024,1
https://doi.org/10.4230/LIPIcs.MFCS.2024.76,Point-To-Set Principle and Constructive Dimension Faithfulness,MFCS,conference_paper,"Nandakumar, Satyadev; Pulari, Subin; S, Akhil",2024,1
https://doi.org/10.4230/LIPIcs.MFCS.2024.78,C_{2k+1}-Coloring of Bounded-Diameter Graphs,MFCS,conference_paper,"Piecyk, Marta",2024,1
https://doi.org/10.4230/LIPIcs.MFCS.2025.11,Universality Frontier for Asynchronous Cellular Automata,MFCS,conference_paper,"Baburin, Ivan; Cook, Matthew; Grötschla, Florian; Plesner, Andreas; Wattenhofer, Roger",2025,1
https://doi.org/10.4230/LIPIcs.MFCS.2025.13,Solving Partial Dominating Set and Related Problems Using Twin-Width,MFCS,conference_paper,"Balabán, Jakub; Mock, Daniel; Rossmanith, Peter",2025,1
https://doi.org/10.4230/LIPIcs.MFCS.2025.16,Isometric-Universal Graphs for Trees,MFCS,conference_paper,"Baucher, Edgar; Dross, François; Gavoille, Cyril",2025,1
https://doi.org/10.4230/LIPIcs.MFCS.2025.17,Sensitivity and Query Complexity Under Uncertainty,MFCS,conference_paper,"Benson, Deepu; Komarath, Balagopal; Mande, Nikhil; Nalli, Sai Soumya; Sarma, Jayalal; Sreenivasaiah, Karteek",2025,1
https://doi.org/10.4230/LIPIcs.MFCS.2025.22,On the Reachability Problem for Two-Dimensional Branching VASS,MFCS,conference_paper,"Bizière, Clotilde; Hilaire, Thibault; Leroux, Jérôme; Sutre, Grégoire",2025,1
https://doi.org/10.4230/LIPIcs.MFCS.2025.24,Temporal Valued Constraint Satisfaction Problems,MFCS,conference_paper,"Bodirsky, Manuel; Bonnet, Édouard; Semanišinová, Žaneta",2025,1
https://doi.org/10.4230/LIPIcs.MFCS.2025.25,Polynomial-Time Tractable Problems over the p-Adic Numbers,MFCS,conference_paper,"Bodirsky, Manuel; Fehm, Arno",2025,1
https://doi.org/10.4230/LIPIcs.MFCS.2025.26,Computational Complexity of Covering Regular Trees,MFCS,conference_paper,"Bok, Jan; Fiala, Jiří; Jedličková, Nikola; Kratochvíl, Jan",2025,1
https://doi.org/10.4230/LIPIcs.MFCS.2025.29,A Universal Uniform Approximation Theorem for Neural Networks,MFCS,conference_paper,"Bournez, Olivier; Cohen, Johanne; Wurm, Adrian",2025,1
https://doi.org/10.4230/LIPIcs.MFCS.2025.30,"Finding Equilibria: Simpler for Pessimists, Simplest for Optimists",MFCS,conference_paper,"Brice, Léonard; Henzinger, Thomas A.; Thejaswini, K. S.",2025,1
https://doi.org/10.4230/LIPIcs.MFCS.2025.33,"Hitting and Covering Affine Families of Convex Polyhedra, with Applications to Robust Optimization",MFCS,conference_paper,"Cardinal, Jean; Goaoc, Xavier; Wajsbrot, Sarah",2025,1
https://doi.org/10.4230/LIPIcs.MFCS.2025.34,Adaptive Query Algorithms for Relational Structures Based on Homomorphism Counts,MFCS,conference_paper,"ten Cate, Balder; Kolaitis, Phokion G.; Kristjánsson, Arnar Á.",2025,1
https://doi.org/10.4230/LIPIcs.MFCS.2025.35,A Note on the Complexity of Defensive Domination,MFCS,conference_paper,"Chaplick, Steven; Gutowski, Grzegorz; Krawczyk, Tomasz",2025,1
https://doi.org/10.4230/LIPIcs.MFCS.2025.36,Counting Distinct Square Substrings in Sublinear Time,MFCS,conference_paper,"Charalampopoulos, Panagiotis; Mohamed, Manal; Radoszewski, Jakub; Rytter, Wojciech; Waleń, Tomasz; Zuba, Wiktor",2025,1
https://doi.org/10.4230/LIPIcs.MFCS.2025.40,Symmetric Proofs in the Ideal Proof System,MFCS,conference_paper,"Dawar, Anuj; Grädel, Erich; Kullmann, Leon; Pago, Benedikt",2025,1
https://doi.org/10.4230/LIPIcs.MFCS.2025.42,Broadcasting Under Structural Restrictions,MFCS,conference_paper,"Egami, Yudai; Gima, Tatsuya; Hanaka, Tesshu; Kobayashi, Yasuaki; Lampis, Michael; Mitsou, Valia; Nemery, Edouard; Otachi, Yota; Vasilakis, Manolis; Vaz, Daniel",2025,1
https://doi.org/10.4230/LIPIcs.MFCS.2025.43,The Complexity of Computing Second Solutions,MFCS,conference_paper,"Egidy, Fabian; Glaßer, Christian; Godau, Fynn",2025,1
https://doi.org/10.4230/LIPIcs.MFCS.2025.46,Guarding Offices with Maximum Dispersion,MFCS,conference_paper,"Fekete, Sándor P.; Kobbe, Kai; Krupke, Dominik; Mitchell, Joseph S. B.; Rieck, Christian; Scheffer, Christian",2025,1
https://doi.org/10.4230/LIPIcs.MFCS.2025.48,"Generalized De Bruijn Words, Invertible Necklaces, and the Burrows-Wheeler Transform",MFCS,conference_paper,"Fici, Gabriele; Gabory, Estéban",2025,1
https://doi.org/10.4230/LIPIcs.MFCS.2025.50,Lexicographic Transductions of Finite Words,MFCS,conference_paper,"Filiot, Emmanuel; Lhote, Nathan; Reynier, Pierre-Alain",2025,1
https://doi.org/10.4230/LIPIcs.MFCS.2025.57,Resolving Nondeterminism with Randomness,MFCS,conference_paper,"Henzinger, Thomas A.; Prakash, Keya; Thejaswini, K. S.",2025,1
https://doi.org/10.4230/LIPIcs.MFCS.2025.58,Random Permutations in Computational Complexity,MFCS,conference_paper,"Hitchcock, John M.; Sekoni, Adewale; Shafei, Hadi",2025,1
https://doi.org/10.4230/LIPIcs.MFCS.2025.66,Deciding Regular Games: a Playground for Exponential Time Algorithms,MFCS,conference_paper,"Liang, Zihui; Khoussainov, Bakh; Xiao, Mingyu",2025,1
https://doi.org/10.4230/LIPIcs.MFCS.2025.69,FO-Query Enumeration over SLP-Compressed Structures of Bounded Degree,MFCS,conference_paper,"Lohrey, Markus; Maneth, Sebastian; Schmid, Markus L.",2025,1
https://doi.org/10.4230/LIPIcs.MFCS.2025.70,Labelled Well Quasi Ordered Classes of Bounded Linear Clique-Width,MFCS,conference_paper,"Lopez, Aliaume",2025,1
https://doi.org/10.4230/LIPIcs.MFCS.2025.74,Subcoloring of (Unit) Disk Graphs,MFCS,conference_paper,"Marin, Malory; Watrigant, Rémi",2025,1
https://doi.org/10.4230/LIPIcs.MFCS.2025.75,Temporal Graph Realization with Bounded Stretch,MFCS,conference_paper,"Mertzios, George B.; Molter, Hendrik; Morawietz, Nils; Spirakis, Paul G.",2025,1
https://doi.org/10.4230/LIPIcs.MFCS.2025.78,Strong Keys for Tensor Isomorphism Cryptography,MFCS,conference_paper,"Narayanan, Anand Kumar",2025,1
https://doi.org/10.4230/LIPIcs.MFCS.2025.79,Deciding Robust Instances of an Escape Problem for Dynamical Systems in Euclidean Space,MFCS,conference_paper,"Neumann, Eike",2025,1
https://doi.org/10.4230/LIPIcs.MFCS.2025.8,Dynamic Membership for Regular Tree Languages,MFCS,conference_paper,"Amarilli, Antoine; Barloy, Corentin; Jachiet, Louis; Paperman, Charles",2025,1
https://doi.org/10.4230/LIPIcs.MFCS.2025.83,Three Fundamental Questions in Modern Infinite-Domain Constraint Satisfaction,MFCS,conference_paper,"Pinsker, Michael; Rydval, Jakub; Schöbi, Moritz; Spiess, Christoph",2025,1
https://doi.org/10.4230/LIPIcs.MFCS.2025.87,Lazy B-Trees,MFCS,conference_paper,"Rysgaard, Casper Moldrup; Wild, Sebastian",2025,1
https://doi.org/10.4230/LIPIcs.MFCS.2025.92,On Piecewise Affine Reachability with Bellman Operators,MFCS,conference_paper,"Varonka, Anton; Watanabe, Kazuki",2025,1
https://doi.org/10.4230/LIPIcs.MFCS.2026.14,Beating Trivial Time for Tricky Triangle Tasks,MFCS,conference_paper,"Pant, Neha; Williams, R. Ryan",2026,1
https://doi.org/10.4230/LIPIcs.MFCS.2026.18,Burning Graph Powers and Branching Trees,MFCS,conference_paper,"Jansson, Jesper; Kulamarva, Shashanka; Murakami, Yukihiro; Verhulst, Nikolaas",2026,1
https://doi.org/10.4230/LIPIcs.MFCS.2026.21,Compression for Coinductive Rewriting and the Cut-Elimination of Non-Wellfounded Proofs,MFCS,conference_paper,"Cerda, Rémy; Saurin, Alexis",2026,1
https://doi.org/10.4230/LIPIcs.MFCS.2026.22,Computational Power of Energy-Constrained Autonomous Robots Under Sequential Schedulers,MFCS,conference_paper,"Feletti, Caterina; Flocchini, Paola; Santoro, Nicola",2026,1
https://doi.org/10.4230/LIPIcs.MFCS.2026.23,Connectivity Augmentation of Plane Graphs,MFCS,conference_paper,"Dehaleesan, Krishnan; Khan, Asif; Misra, Pranabendu",2026,1
https://doi.org/10.4230/LIPIcs.MFCS.2026.24,Constant-Time Dynamic Enumeration of Word Infixes in a Regular Language,MFCS,conference_paper,"Amarilli, Antoine; Dziadek, Sven; Segoufin, Luc",2026,1
https://doi.org/10.4230/LIPIcs.MFCS.2026.37,Finding Shortest Reconfiguration Sequences on Independent Set Polytopes,MFCS,conference_paper,"Cardinal, Jean; Mann, Kevin; Suzuki, Akira; Suzuki, Takahiro; Tamura, Yuma; Zhou, Xiao",2026,1
https://doi.org/10.4230/LIPIcs.MFCS.2026.39,"Finite-State Dimension for Continued Fractions: Betting, Entropy and Normality",MFCS,conference_paper,"Nandakumar, Satyadev; Pulari, Subin; S, Akhil",2026,1
https://doi.org/10.4230/LIPIcs.MFCS.2026.40,Flood-It with Jewelry - Characterizing the Game Complexity for Cograph Generalizations,MFCS,conference_paper,"Darmüntzel, Martin; Rosenke, Christian; Scheibner, Mark",2026,1
https://doi.org/10.4230/LIPIcs.MFCS.2026.42,Forwarding Packets Greedily on the Line,MFCS,conference_paper,"Boyar, Joan; Favrholdt, Lene M.; Larsen, Kim S.; Schewior, Kevin; van Stee, Rob",2026,1
https://doi.org/10.4230/LIPIcs.MFCS.2026.43,Freeze-Tag with Return,MFCS,conference_paper,"Bonichon, Nicolas; Gavoille, Cyril; Hanusse, Nicolas; Le Bouder, Gabriel; Marcé, Taïssir; Morawietz, Nils",2026,1
https://doi.org/10.4230/LIPIcs.MFCS.2026.44,Functorial Semantics for First-Order Theories,MFCS,conference_paper,"Bonchi, Filippo; Di Giorgio, Alessandro; Di Virgilio, Roberto; Sobociński, Paweł",2026,1
https://doi.org/10.4230/LIPIcs.MFCS.2026.45,"Generalized Snarks, Disjoint Perfect Matchings, and Graph Covers",MFCS,conference_paper,"Filipi, Filip; Kratochvíl, Jan; Nedela, Roman",2026,1
https://doi.org/10.4230/LIPIcs.MFCS.2026.49,How Long Can The Escaping Ant Be Confined?,MFCS,conference_paper,"Etse, Kossi Roland",2026,1
https://doi.org/10.4230/LIPIcs.MFCS.2026.52,Increasing Arc-Connectivity by Bounded- and Fixed-Size Inversions,MFCS,conference_paper,"Hörsch, Florian; Picasarri-Arrieta, Lucas",2026,1
https://doi.org/10.4230/LIPIcs.MFCS.2026.55,Lower Bounds for Meta-Reconfiguration,MFCS,conference_paper,"Eickmeyer, Kord; Gima, Tatsuya; Lampis, Michael; Mitsou, Valia; Nemery, Edouard; Otachi, Yota; Vasilakis, Manolis; Vaz, Daniel",2026,1
https://doi.org/10.4230/LIPIcs.MFCS.2026.59,Multi-Head Finite-State Dimension,MFCS,conference_paper,"Huang, Xiang; Li, Xiaoyuan; Lutz, Jack H.; Lutz, Neil",2026,1
https://doi.org/10.4230/LIPIcs.MFCS.2026.60,Multi-Prover Interactive Proof Systems with Leakage,MFCS,conference_paper,"Asadi, Vahid R.; Hasegawa, Atsuya; Le Gall, François",2026,1
https://doi.org/10.4230/LIPIcs.MFCS.2026.62,On CC⁰ Lower Bounds for AND via Torus Polynomials,MFCS,conference_paper,"Krishan, Vaibhav; Sarma, Jayalal",2026,1
https://doi.org/10.4230/LIPIcs.MFCS.2026.65,On Positivity of Exponential-Trigonometric Polynomials and Irrationality Exponents,MFCS,conference_paper,"Collins, Pieter; Hanzon, Bernard; Neumann, Eike",2026,1
https://doi.org/10.4230/LIPIcs.MFCS.2026.71,Order-Invariant Cluster First-Order Logic on Graph Classes of Bounded Degree,MFCS,conference_paper,"Ghasemi, Fatemeh; Grange, Julien",2026,1
https://doi.org/10.4230/LIPIcs.MFCS.2026.72,Parameterized Complexity of Efficient Sortation,MFCS,conference_paper,"Ganian, Robert; Hoang, Hung P.; Wietheger, Simon",2026,1
https://doi.org/10.4230/LIPIcs.MFCS.2026.77,Randomized and Quantum Approximate Matrix Multiplication,MFCS,conference_paper,"Apers, Simon; Cornelissen, Arjan; Wang, Samson",2026,1
https://doi.org/10.4230/LIPIcs.MFCS.2026.81,Segment Watchman Routes,MFCS,conference_paper,"Brötzner, Anna; Filtser, Omrit; Nilsson, Bengt J.; Rieck, Christian; Schmidt, Christiane",2026,1
https://doi.org/10.4230/LIPIcs.MFCS.2026.85,Simple Nash Equilibria for Qualitative Multiplayer Games,MFCS,conference_paper,"Alluwaym, Mona; Main, James C. A.; Schewe, Sven",2026,1
https://doi.org/10.4230/LIPIcs.MFCS.2026.91,The 2D Ray Tracing Problem Using ABCD Lenses and Mirrors Is Turing Complete,MFCS,conference_paper,"Adejoh, Rosemary U.; Jakoby, Andreas; Mohanty, Sneha; Schindelhauer, Christian",2026,1
https://doi.org/10.4230/LIPIcs.MFCS.2026.93,The Descriptive Complexity of Relation Modification Problems,MFCS,conference_paper,"Chudigiewitsch, Florian; Gründel, Marlene; Komusiewicz, Christian; Morawietz, Nils; Tantau, Till",2026,1
https://doi.org/10.4230/LIPIcs.MFCS.2026.96,The Polynomial Hierarchy and ω-Categorical CSPs,MFCS,conference_paper,"Guzmán-Pro, Santiago; Rydval, Jakub",2026,1
https://doi.org/10.4230/LIPIcs.MFCS.2026.99,Upper Clique Transversal on Interval Graphs and Beyond,MFCS,conference_paper,"Jaffke, Lars; de Lima, Paloma; Nikabadi, Amir",2026,1
https://doi.org/10.4230/LIPIcs.OPODIS.2015.13,The Relative Power of Composite Loop Agreement Tasks,OPODIS,conference_paper,"Saraph, Vikram; Herlihy, Maurice",2015,1
https://doi.org/10.4230/LIPIcs.OPODIS.2015.15,A Heap-Based Concurrent Priority Queue with Mutable Priorities for Faster Parallel Algorithms,OPODIS,conference_paper,"Tamir, Orr; Morrison, Adam; Rinetzky, Noam",2015,1
https://doi.org/10.4230/LIPIcs.OPODIS.2015.24,Towards Establishing Monotonic Searchability in Self-Stabilizing Data Structures,OPODIS,conference_paper,"Scheideler, Christian; Setzer, Alexander; Strothmann, Thim",2015,1
https://doi.org/10.4230/LIPIcs.OPODIS.2015.3,Time to Change: On Distributed Computing in Dynamic Networks (Keynote),OPODIS,conference_paper,"Santoro, Nicola",2015,1
https://doi.org/10.4230/LIPIcs.OPODIS.2015.33,Non Trivial Computations in Anonymous Dynamic Networks,OPODIS,conference_paper,"Di Luna, Giuseppe; Baldoni, Roberto",2015,1
https://doi.org/10.4230/LIPIcs.OPODIS.2015.8,Bounds for Blind Rate Adaptation,OPODIS,conference_paper,"Gilbert, Seth; Newport, Calvin; Wang, Tonghe",2015,1
https://doi.org/10.4230/LIPIcs.OPODIS.2016.26,Relaxed Byzantine Vector Consensus,OPODIS,conference_paper,"Xiang, Zhuolun; Vaidya, Nitin H.",2016,1
https://doi.org/10.4230/LIPIcs.OPODIS.2017.11,Evacuating an Equilateral Triangle in the Face-to-Face Model,OPODIS,conference_paper,"Chuangpishit, Huda; Mehrabi, Saeed; Narayanan, Lata; Opatrny, Jaroslav",2017,1
https://doi.org/10.4230/LIPIcs.OPODIS.2017.14,Treasure Hunt with Barely Communicating Agents,OPODIS,conference_paper,"Dobrev, Stefan; Královic, Rastislav; Pardubská, Dana",2017,1
https://doi.org/10.4230/LIPIcs.OPODIS.2017.15,Anonymous  Processors with Synchronous Shared Memory:  Monte Carlo Algorithms,OPODIS,conference_paper,"Chlebus, Bogdan S.; De Marco, Gianluca; Talo, Muhammed",2017,1
https://doi.org/10.4230/LIPIcs.OPODIS.2017.19,Constant-Space Population Protocols for Uniform Bipartition,OPODIS,conference_paper,"Yasumi, Hiroto; Ooshita, Fukuhito; Yamaguchi, Ken'ichi; Inoue, Michiko",2017,1
https://doi.org/10.4230/LIPIcs.OPODIS.2017.21,Fast Distributed Approximation for TAP and 2-Edge-Connectivity,OPODIS,conference_paper,"Censor-Hillel, Keren; Dory, Michal",2017,1
https://doi.org/10.4230/LIPIcs.OPODIS.2017.29,Asynchronous Message Orderings Beyond Causality,OPODIS,conference_paper,"Shimi, Adam; Hurault, Aurélie; Quéinnec, Philippe",2017,1
https://doi.org/10.4230/LIPIcs.OPODIS.2017.4,Deterministic Subgraph Detection in Broadcast CONGEST,OPODIS,conference_paper,"Korhonen, Janne H.; Rybicki, Joel",2017,1
https://doi.org/10.4230/LIPIcs.OPODIS.2017.6,Lower Bounds for Subgraph Detection in the CONGEST Model,OPODIS,conference_paper,"Gonen, Tzlil; Oshman, Rotem",2017,1
https://doi.org/10.4230/LIPIcs.OPODIS.2018.13,Local Fast Segment Rerouting on Hypercubes,OPODIS,conference_paper,"Foerster, Klaus-Tycho; Parham, Mahmoud; Schmid, Stefan; Wen, Tao",2018,1
https://doi.org/10.4230/LIPIcs.OPODIS.2018.18,Characterizing Asynchronous Message-Passing Models Through Rounds,OPODIS,conference_paper,"Shimi, Adam; Hurault, Aurélie; Quéinnec, Philippe",2018,1
https://doi.org/10.4230/LIPIcs.OPODIS.2018.23,Task Computability in Unreliable Anonymous Networks,OPODIS,conference_paper,"Kuznetsov, Petr; Yanagisawa, Nayuta",2018,1
https://doi.org/10.4230/LIPIcs.OPODIS.2018.25,Linear Rendezvous with Asymmetric Clocks,OPODIS,conference_paper,"Czyzowicz, Jurek; Killick, Ryan; Kranakis, Evangelos",2018,1
https://doi.org/10.4230/LIPIcs.OPODIS.2018.26,Approximate Neighbor Counting in Radio Networks,OPODIS,conference_paper,"Newport, Calvin; Zheng, Chaodong",2018,1
https://doi.org/10.4230/LIPIcs.OPODIS.2018.7,The Sparsest Additive Spanner via Multiple Weighted BFS Trees,OPODIS,conference_paper,"Censor-Hillel, Keren; Paz, Ami; Ravid, Noam",2018,1
https://doi.org/10.4230/LIPIcs.OPODIS.2019.16,On Deterministic Linearizable Set Agreement Objects,OPODIS,conference_paper,"de Azevedo Piovezan, Felipe; Hadzilacos, Vassos; Toueg, Sam",2019,1
https://doi.org/10.4230/LIPIcs.OPODIS.2019.20,Consensus in Equilibrium: Can One Against All Decide Fairly?,OPODIS,conference_paper,"Harel, Itay; Jacob-Fanani, Amit; Sulamy, Moshe; Afek, Yehuda",2019,1
https://doi.org/10.4230/LIPIcs.OPODIS.2019.25,"On Memory, Communication, and Synchronous Schedulers When Moving and Computing",OPODIS,conference_paper,"Flocchini, Paola; Santoro, Nicola; Wada, Koichi",2019,1
https://doi.org/10.4230/LIPIcs.OPODIS.2019.26,Lower Bounds for Shoreline Searching With 2 or More Robots,OPODIS,conference_paper,"Acharjee, Sumi; Georgiou, Konstantinos; Kundu, Somnath; Srinivasan, Akshaya",2019,1
https://doi.org/10.4230/LIPIcs.OPODIS.2019.27,Gathering on Rings for Myopic Asynchronous Robots With Lights,OPODIS,conference_paper,"Kamei, Sayaka; Lamani, Anissa; Ooshita, Fukuhito; Tixeuil, Sébastien; Wada, Koichi",2019,1
https://doi.org/10.4230/LIPIcs.OPODIS.2019.30,Exact Byzantine Consensus on Arbitrary Directed Graphs Under Local Broadcast Model,OPODIS,conference_paper,"Khan, Muhammad Samir; Tseng, Lewis; Vaidya, Nitin H.",2019,1
https://doi.org/10.4230/LIPIcs.OPODIS.2019.7,Asymmetric Distributed Trust,OPODIS,conference_paper,"Cachin, Christian; Tackmann, Björn",2019,1
https://doi.org/10.4230/LIPIcs.OPODIS.2019.8,Uniform Partition in Population Protocol Model Under Weak Fairness,OPODIS,conference_paper,"Yasumi, Hiroto; Ooshita, Fukuhito; Inoue, Michiko",2019,1
https://doi.org/10.4230/LIPIcs.OPODIS.2020.13,Relaxed Queues and Stacks from Read/Write Operations,OPODIS,conference_paper,"Castañeda, Armando; Rajsbaum, Sergio; Raynal, Michel",2020,1
https://doi.org/10.4230/LIPIcs.OPODIS.2020.15,"Recoverable, Abortable, and Adaptive Mutual Exclusion with Sublogarithmic RMR Complexity",OPODIS,conference_paper,"Katzan, Daniel; Morrison, Adam",2020,1
https://doi.org/10.4230/LIPIcs.OPODIS.2020.19,Approximate Majority with Catalytic Inputs,OPODIS,conference_paper,"Amir, Talley; Aspnes, James; Lazarsfeld, John",2020,1
https://doi.org/10.4230/LIPIcs.OPODIS.2020.33,Uniform Bipartition in the Population Protocol Model with Arbitrary Communication Graphs,OPODIS,conference_paper,"Yasumi, Hiroto; Ooshita, Fukuhito; Inoue, Michiko; Tixeuil, Sébastien",2020,1
https://doi.org/10.4230/LIPIcs.OPODIS.2021.13,Population Protocols for Graph Class Identification Problems,OPODIS,conference_paper,"Yasumi, Hiroto; Ooshita, Fukuhito; Inoue, Michiko",2021,1
https://doi.org/10.4230/LIPIcs.OPODIS.2021.15,"Beyond Distributed Subgraph Detection: Induced Subgraphs, Multicolored Problems and Graph Parameters",OPODIS,conference_paper,"Nikabadi, Amir; Korhonen, Janne H.",2021,1
https://doi.org/10.4230/LIPIcs.OPODIS.2021.17,Distributed CONGEST Approximation of Weighted Vertex Covers and Matchings,OPODIS,conference_paper,"Faour, Salwa; Fuchs, Marc; Kuhn, Fabian",2021,1
https://doi.org/10.4230/LIPIcs.OPODIS.2021.22,Local Certification of Graph Decompositions and Applications to Minor-Free Classes,OPODIS,conference_paper,"Bousquet, Nicolas; Feuilloley, Laurent; Pierron, Théo",2021,1
https://doi.org/10.4230/LIPIcs.OPODIS.2021.4,Arbitrarily Accurate Aggregation Scheme for Byzantine SGD,OPODIS,conference_paper,"Maurer, Alexandre",2021,1
https://doi.org/10.4230/LIPIcs.OPODIS.2021.7,Twins: BFT Systems Made Robust,OPODIS,conference_paper,"Bano, Shehar; Sonnino, Alberto; Chursin, Andrey; Perelman, Dmitri; Li, Zekun; Ching, Avery; Malkhi, Dahlia",2021,1
https://doi.org/10.4230/LIPIcs.OPODIS.2021.9,Asynchronous Gathering in a Torus,OPODIS,conference_paper,"Kamei, Sayaka; Lamani, Anissa; Ooshita, Fukuhito; Tixeuil, Sébastien; Wada, Koichi",2021,1
https://doi.org/10.4230/LIPIcs.OPODIS.2022.10,When Is Spring Coming? A Security Analysis of Avalanche Consensus,OPODIS,conference_paper,"Amores-Sesar, Ignacio; Cachin, Christian; Tedeschi, Enrico",2022,1
https://doi.org/10.4230/LIPIcs.OPODIS.2022.12,Line Search for an Oblivious Moving Target,OPODIS,conference_paper,"Coleman, Jared; Kranakis, Evangelos; Krizanc, Danny; Morales-Ponce, Oscar",2022,1
https://doi.org/10.4230/LIPIcs.OPODIS.2022.13,Randomized Byzantine Gathering in Rings,OPODIS,conference_paper,"Augustine, John; Datar, Arnhav; Shadagopan, Nischith",2022,1
https://doi.org/10.4230/LIPIcs.OPODIS.2022.15,A Unifying Approach to Efficient (Near)-Gathering of Disoriented Robots with Limited Visibility,OPODIS,conference_paper,"Castenow, Jannik; Harbig, Jonas; Jung, Daniel; Kling, Peter; Knollmann, Till; Meyer auf der Heide, Friedhelm",2022,1
https://doi.org/10.4230/LIPIcs.OPODIS.2022.18,Make Every Word Count: Adaptive Byzantine Agreement with Fewer Words,OPODIS,conference_paper,"Cohen, Shir; Keidar, Idit; Spiegelman, Alexander",2022,1
https://doi.org/10.4230/LIPIcs.OPODIS.2022.20,Computing Power of Hybrid Models in Synchronous Networks,OPODIS,conference_paper,"Fraigniaud, Pierre; Montealegre, Pedro; Paredes, Pablo; Rapaport, Ivan; Ríos-Wilson, Martín; Todinca, Ioan",2022,1
https://doi.org/10.4230/LIPIcs.OPODIS.2022.4,Efficient Wait-Free Queue Algorithms with Multiple Enqueuers and Multiple Dequeuers,OPODIS,conference_paper,"Johnen, Colette; Khattabi, Adnane; Milani, Alessia",2022,1
https://doi.org/10.4230/LIPIcs.OPODIS.2023.14,Fever: Optimal Responsive View Synchronisation,OPODIS,conference_paper,"Lewis-Pye, Andrew; Abraham, Ittai",2023,1
https://doi.org/10.4230/LIPIcs.OPODIS.2023.17,A Wait-Free Deque With Polylogarithmic Step Complexity,OPODIS,conference_paper,"Asbell, Shalom M.; Ruppert, Eric",2023,1
https://doi.org/10.4230/LIPIcs.OPODIS.2023.18,Reliable Broadcast Despite Mobile Byzantine Faults,OPODIS,conference_paper,"Bonomi, Silvia; Farina, Giovanni; Tixeuil, Sébastien",2023,1
https://doi.org/10.4230/LIPIcs.OPODIS.2023.22,Local Recurrent Problems in the SUPPORTED Model,OPODIS,conference_paper,"Agrawal, Akanksha; Augustine, John; Peleg, David; Ramachandran, Srikkanth",2023,1
https://doi.org/10.4230/LIPIcs.OPODIS.2023.26,Tight Bounds on the Message Complexity of Distributed Tree Verification,OPODIS,conference_paper,"Kutten, Shay; Robinson, Peter; Tan, Ming Ming",2023,1
https://doi.org/10.4230/LIPIcs.OPODIS.2023.30,Distributed Partial Coloring via Gradual Rounding,OPODIS,conference_paper,"Das, Avinandan; Fraigniaud, Pierre; Rosén, Adi",2023,1
https://doi.org/10.4230/LIPIcs.OPODIS.2023.31,A Tight Bound on Multiple Spending in Decentralized Cryptocurrencies,OPODIS,conference_paper,"Bezerra, João Paulo; Kuznetsov, Petr",2023,1
https://doi.org/10.4230/LIPIcs.OPODIS.2023.4,The Synchronization Power of Auditable Registers,OPODIS,conference_paper,"Attiya, Hagit; Del Pozzo, Antonella; Milani, Alessia; Pavloff, Ulysse; Rapetti, Alexandre",2023,1
https://doi.org/10.4230/LIPIcs.OPODIS.2023.6,Multi-Valued Connected Consensus: A New Perspective on Crusader Agreement and Adopt-Commit,OPODIS,conference_paper,"Attiya, Hagit; Welch, Jennifer L.",2023,1
https://doi.org/10.4230/LIPIcs.OPODIS.2024.12,Crash-Tolerant Perpetual Exploration with Myopic Luminous Robots on Rings,OPODIS,conference_paper,"Ooshita, Fukuhito; Kitamura, Naoki; Eguchi, Ryota; Inoue, Michiko; Kakugawa, Hirotsugu; Kamei, Sayaka; Shibata, Masahiro; Sudo, Yuichi",2024,1
https://doi.org/10.4230/LIPIcs.OPODIS.2024.16,Byzantine Reliable Broadcast with Low Communication and Time Complexity,OPODIS,conference_paper,"Locher, Thomas",2024,1
https://doi.org/10.4230/LIPIcs.OPODIS.2024.26,The Singular Optimality of Distributed Computation in LOCAL,OPODIS,conference_paper,"Dufoulon, Fabien; Pandurangan, Gopal; Robinson, Peter; Scquizzato, Michele",2024,1
https://doi.org/10.4230/LIPIcs.OPODIS.2024.38,Efficient Algorithms for Demand-Aware Networks and a Connection to Virtual Network Embedding,OPODIS,conference_paper,"Figiel, Aleksander; Korhonen, Janne H.; Olver, Neil; Schmid, Stefan",2024,1
https://doi.org/10.4230/LIPIcs.OPODIS.2025.13,A General Input-Dependent Colorless Computability Theorem and Applications to Core-Dependent Adversaries,OPODIS,conference_paper,"Coutouly, Yannis; Godard, Emmanuel",2025,1
https://doi.org/10.4230/LIPIcs.OPODIS.2025.14,Optimal-Length Labeling Schemes for Fast Deterministic Communication in Radio Networks,OPODIS,conference_paper,"Ganczorz, Adam; Jurdzinski, Tomasz; Pelc, Andrzej",2025,1
https://doi.org/10.4230/LIPIcs.OPODIS.2025.16,Asynchronous Approximate Agreement with Quadratic Communication,OPODIS,conference_paper,"Mizrahi Erbes, Mose; Wattenhofer, Roger",2025,1
https://doi.org/10.4230/LIPIcs.OPODIS.2025.21,Solving Tasks with Fewer Registers Than Processes,OPODIS,conference_paper,"Gafni, Eli; Losa, Giuliano; Raynal, Michel; Taubenfeld, Gadi",2025,1
https://doi.org/10.4230/LIPIcs.OPODIS.2025.33,Resolving Conflicts with Grace: Dynamically Concurrent Universality,OPODIS,conference_paper,"Kuznetsov, Petr; Schrodt, Nathan Josia",2025,1
https://doi.org/10.4230/LIPIcs.OPODIS.2025.34,Uniform Deployment of Mobile Robots in Complete Bipartite Graphs,OPODIS,conference_paper,"Shibata, Masahiro; Kitamura, Naoki; Eguchi, Ryota; Sudo, Yuichi; Nakamura, Junya; Kim, Yonghwan; Katayama, Yoshiaki; Masuzawa, Toshimitsu; Bramas, Quentin; Tixeuil, Sébastien",2025,1
https://doi.org/10.4230/LIPIcs.OPODIS.2025.8,Weaker Assumptions for Asymmetric Trust,OPODIS,conference_paper,"Amores-Sesar, Ignacio; Cachin, Christian; Kamp, Simon Holmgaard; Villacis, Juan",2025,1
https://doi.org/10.4230/LIPIcs.SAND.2022.13,Dynamic Size Counting in Population Protocols,SAND,conference_paper,"Doty, David; Eftekhari, Mahsa",2022,1
https://doi.org/10.4230/LIPIcs.SAND.2022.18,Fully Dynamic Four-Vertex Subgraph Counting,SAND,conference_paper,"Hanauer, Kathrin; Henzinger, Monika; Hua, Qi Cheng",2022,1
https://doi.org/10.4230/LIPIcs.SAND.2022.21,Brief Announcement: Cooperative Guarding in Polygons with Holes,SAND,conference_paper,"Augustine, John; Ramachandran, Srikkanth",2022,1
https://doi.org/10.4230/LIPIcs.SAND.2022.6,Building Squares with Optimal State Complexity in Restricted Active Self-Assembly,SAND,conference_paper,"Alaniz, Robert M.; Caballero, David; Cirlos, Sonya C.; Gomez, Timothy; Grizzell, Elise; Rodriguez, Andrew; Schweller, Robert; Tenorio, Armando; Wylie, Tim",2022,1
https://doi.org/10.4230/LIPIcs.SAND.2022.9,Robustness of Distances and Diameter in a Fragile Network,SAND,conference_paper,"Casteigts, Arnaud; Corsini, Timothée; Hocquard, Hervé; Labourel, Arnaud",2022,1
https://doi.org/10.4230/LIPIcs.SAND.2023.12,Covert Computation in the Abstract Tile-Assembly Model,SAND,conference_paper,"Alaniz, Robert M.; Caballero, David; Gomez, Timothy; Grizzell, Elise; Rodriguez, Andrew; Schweller, Robert; Wylie, Tim",2023,1
https://doi.org/10.4230/LIPIcs.SAND.2023.13,Restless Exploration of Periodic Temporal Graphs,SAND,conference_paper,"Bellitto, Thomas; Conchon-Kerjan, Cyril; Escoffier, Bruno",2023,1
https://doi.org/10.4230/LIPIcs.SAND.2023.2,Partial Gathering of Mobile Agents in Dynamic Tori,SAND,conference_paper,"Shibata, Masahiro; Kitamura, Naoki; Eguchi, Ryota; Sudo, Yuichi; Nakamura, Junya; Kim, Yonghwan",2023,1
https://doi.org/10.4230/LIPIcs.SAND.2023.5,"Complexity of Motion Planning of Arbitrarily Many Robots: Gadgets, Petri Nets, and Counter Machines",SAND,conference_paper,"Ani, Joshua; Coulombe, Michael; Demaine, Erik D.; Diomidov, Yevhenii; Gomez, Timothy; Hendrickson, Dylan; Lynch, Jayson",2023,1
https://doi.org/10.4230/LIPIcs.SAND.2024.12,Parameterized Algorithms for Multi-Label Periodic Temporal Graph Realization,SAND,conference_paper,"Erlebach, Thomas; Morawietz, Nils; Wolf, Petra",2024,1
https://doi.org/10.4230/LIPIcs.SAND.2024.13,Computational Power of Opaque Robots,SAND,conference_paper,"Feletti, Caterina; Mambretti, Lucia; Mereghetti, Carlo; Palano, Beatrice",2024,1
https://doi.org/10.4230/LIPIcs.SAND.2024.16,Temporal Graph Realization from Fastest Paths,SAND,conference_paper,"Klobas, Nina; Mertzios, George B.; Molter, Hendrik; Spirakis, Paul G.",2024,1
https://doi.org/10.4230/LIPIcs.SAND.2024.19,Complexity of Boolean Automata Networks Under Block-Parallel Update Modes,SAND,conference_paper,"Perrot, Kévin; Sené, Sylvain; Tapin, Léah",2024,1
https://doi.org/10.4230/LIPIcs.SAND.2024.22,Brief Announcement: Collision-Free Robot Scheduling,SAND,conference_paper,"Adamson, Duncan; Flaherty, Nathan; Potapov, Igor; Spirakis, Paul G.",2024,1
https://doi.org/10.4230/LIPIcs.SAND.2024.27,Brief Announcement: On the Existence of δ-Temporal Cliques in Random Simple Temporal Graphs,SAND,conference_paper,"Mertzios, George B.; Nikoletseas, Sotiris; Raptopoulos, Christoforos; Spirakis, Paul G.",2024,1
https://doi.org/10.4230/LIPIcs.SAND.2024.4,Harmonious Colourings of Temporal Matchings,SAND,conference_paper,"Adamson, Duncan",2024,1
https://doi.org/10.4230/LIPIcs.SAND.2024.7,Online Space-Time Travel Planning in Dynamic Graphs,SAND,conference_paper,"Bramas, Quentin; Luttringer, Jean-Romain; Tixeuil, Sébastien",2024,1
https://doi.org/10.4230/LIPIcs.SAND.2025.11,Hardness of Traversing Gadget Systems with Small Bandwidth,SAND,conference_paper,"MIT Gadgets Group; Demaine, Erik D.; Diomidova, Jenny; Gomez, Timothy; Hecher, Markus; Lynch, Jayson",2025,1
https://doi.org/10.4230/LIPIcs.SAND.2025.12,Restless Exploration and Token Dissemination in Vertex-Permuted Temporal Graphs,SAND,conference_paper,"Ayoubi, Kamran; Narayanan, Lata",2025,1
https://doi.org/10.4230/LIPIcs.SAND.2025.13,Self-Stabilizing Weakly Byzantine Perpetual Gathering of Mobile Agents,SAND,conference_paper,"Hirose, Jion; Eguchi, Ryota; Sudo, Yuichi",2025,1
https://doi.org/10.4230/LIPIcs.SAND.2025.14,Fractals in Seeded Tile Automata,SAND,conference_paper,"Haun, Asher; Knobel, Ryan; Salinas, Adrian; Santos, Ramiro; Schweller, Robert; Wylie, Tim",2025,1
https://doi.org/10.4230/LIPIcs.SAND.2025.15,On the Runtime of Local Mutual Exclusion for Anonymous Dynamic Networks,SAND,conference_paper,"Chaturvedi, Anya; Daymude, Joshua J.; Richa, Andréa W.",2025,1
https://doi.org/10.4230/LIPIcs.SAND.2025.5,Undecidability of the Emptiness Problem for Weak Models of Distributed Computing,SAND,conference_paper,"Principato, Flavio T.; Esparza, Javier; Czerner, Philipp",2025,1
https://doi.org/10.4230/LIPIcs.SAND.2025.6,Dismountability in Temporal Cliques Revisited,SAND,conference_paper,"Carnevale, Daniele; Casteigts, Arnaud; Corsini, Timothée",2025,1
https://doi.org/10.4230/LIPIcs.SAND.2025.7,"Better Late, Then? The Hardness of Choosing Delays to Meet Passenger Demands in Temporal Graphs",SAND,conference_paper,"Kutner, David C.; Sommer, Anouk",2025,1
https://doi.org/10.4230/LIPIcs.SAND.2026.10,Asymptotic Subspace Consensus in Dynamic Networks,SAND,conference_paper,"Függer, Matthias; Nowak, Thomas",2026,1
https://doi.org/10.4230/LIPIcs.SAND.2026.14,Robust Temporal Cut,SAND,conference_paper,"Enright, Jessica; Erlebach, Thomas; Meeks, Kitty; Morawietz, Nils",2026,1
https://doi.org/10.4230/LIPIcs.SAND.2026.17,Label Correcting Algorithms for the Multiobjective Temporal Shortest Path Problem,SAND,conference_paper,"Marica, Edina; Thielen, Clemens; Wittmann, Alina",2026,1
https://doi.org/10.4230/LIPIcs.SAND.2026.21,Brief Announcement: Revisiting the Realizability of Periodic Temporal Graphs with Bounded Stretch,SAND,conference_paper,"Meusel, Julia; Morawietz, Nils; Müller-Hannemann, Matthias; Reinhardt, Klaus",2026,1
https://doi.org/10.4230/LIPIcs.SAND.2026.4,Families of Tractable Problems with Respect to Vertex-Interval-Membership Width and Its Generalisations,SAND,conference_paper,"Enright, Jessica; Hand, Samuel D.; Larios-Jones, Laura; Meeks, Kitty",2026,1
https://doi.org/10.4230/LIPIcs.SAND.2026.5,Complexity Gaps Between Point and Interval Temporal Graphs for Some Reachability Problems,SAND,conference_paper,"Aubian, Guillaume; Brunelli, Filippo; Dragan, Feodor F.; Ducoffe, Guillaume; Habib, Michel; Ibiapina, Allen; Viennot, Laurent",2026,1
https://doi.org/10.4230/LIPIcs.SAND.2026.6,"Broadcasts in Anonymous, Dynamic Networks: A New Algorithm and Impossibility Results",SAND,conference_paper,"Turau, Volker",2026,1
https://doi.org/10.4230/LIPIcs.SAND.2026.7,Extending Ghouila-Houri’s Characterization of Comparability Graphs to Temporal Graphs,SAND,conference_paper,"Charbit, Pierre; Habib, Michel; Sorondo, Amalia",2026,1
https://doi.org/10.4230/LIPIcs.SAT.2022.26,Analysis of Core-Guided MaxSat Using Cores and Correction Sets,SAT,conference_paper,"Narodytska, Nina; Bjørner, Nikolaj",2022,1
https://doi.org/10.4230/LIPIcs.SAT.2022.3,On the Performance of Deep Generative Models of Realistic SAT Instances,SAT,conference_paper,"Garzón, Iván; Mesejo, Pablo; Giráldez-Cru, Jesús",2022,1
https://doi.org/10.4230/LIPIcs.SAT.2023.1,Algorithms Transcending the SAT-Symmetry Interface,SAT,conference_paper,"Anders, Markus; Schweitzer, Pascal; Soos, Mate",2023,1
https://doi.org/10.4230/LIPIcs.SAT.2023.13,A SAT Solver’s Opinion on the Erdős-Faber-Lovász Conjecture,SAT,conference_paper,"Kirchweger, Markus; Peitl, Tomáš; Szeider, Stefan",2023,1
https://doi.org/10.4230/LIPIcs.SAT.2023.28,Explaining SAT Solving Using Causal Reasoning,SAT,conference_paper,"Yang, Jiong; Shaw, Arijit; Baluta, Teodora; Soos, Mate; Meel, Kuldeep S.",2023,1
https://doi.org/10.4230/LIPIcs.SAT.2023.4,QCDCL vs QBF Resolution: Further Insights,SAT,conference_paper,"Böhm, Benjamin; Beyersdorff, Olaf",2023,1
https://doi.org/10.4230/LIPIcs.SAT.2024.10,New Lower Bounds for Polynomial Calculus over Non-Boolean Bases,SAT,conference_paper,"Dahiya, Yogesh; Mahajan, Meena; Mouli, Sasank",2024,1
https://doi.org/10.4230/LIPIcs.SAT.2024.11,On the Relative Efficiency of Dynamic and Static Top-Down Compilation to Decision-DNNF,SAT,conference_paper,"de Colnet, Alexis",2024,1
https://doi.org/10.4230/LIPIcs.SAT.2024.28,Strategy Extraction by Interpolation,SAT,conference_paper,"Slivovsky, Friedrich",2024,1
https://doi.org/10.4230/LIPIcs.SAT.2024.31,Small Unsatisfiable k-CNFs with Bounded Literal Occurrence,SAT,conference_paper,"Zhang, Tianwei; Peitl, Tomáš; Szeider, Stefan",2024,1
https://doi.org/10.4230/LIPIcs.SAT.2024.7,MaxSAT Resolution with Inclusion Redundancy,SAT,conference_paper,"Bonacina, Ilario; Bonet, Maria Luisa; Lauria, Massimo",2024,1
https://doi.org/10.4230/LIPIcs.SAT.2025.28,CNOT-Optimal Clifford Synthesis as SAT,SAT,conference_paper,"Shaik, Irfansha; van de Pol, Jaco",2025,1
https://doi.org/10.4230/LIPIcs.SAT.2025.3,Problem Partitioning via Proof Prefixes,SAT,conference_paper,"Battleman, Zachary; Reeves, Joseph E.; Heule, Marijn J. H.",2025,1
https://doi.org/10.4230/LIPIcs.SAT.2025.5,Semi-Algebraic Proof Systems for QBF,SAT,conference_paper,"Beyersdorff, Olaf; Bonacina, Ilario; Kasche, Kaspar; Mahajan, Meena; Spachmann, Luc Nicolas",2025,1
https://doi.org/10.4230/LIPIcs.SAT.2025.7,Redundancy Rules for MaxSAT,SAT,conference_paper,"Bonacina, Ilario; Bonet, Maria Luisa; Buss, Sam; Lauria, Massimo",2025,1
https://doi.org/10.4230/LIPIcs.SAT.2025.9,CNFs and DNFs with Exactly k Solutions,SAT,conference_paper,"Chandran, L. Sunil; Gajjala, Rishikesh; Meel, Kuldeep S.",2025,1
https://doi.org/10.4230/LIPIcs.SAT.2026.10,A Canonical Generalization of OBDD,SAT,conference_paper,"Capelli, Florent; Choi, YooJung; Mengel, Stefan; Muñoz, Martín; Van den Broeck, Guy",2026,1
https://doi.org/10.4230/LIPIcs.SAT.2026.11,Strong (D)QBF Dependency Schemes via Pure Paths with Applications to Proof Checking,SAT,conference_paper,"Chew, Leroy; Peitl, Tomáš",2026,1
https://doi.org/10.4230/LIPIcs.SAT.2026.16,Bilateral Treewidth for QBF: Where Strategies and Resolution Meet,SAT,conference_paper,"Ganian, Robert; Gründel, Marlene",2026,1
https://doi.org/10.4230/LIPIcs.SAT.2026.18,D-QBF with Few Existential Variables Revisited,SAT,conference_paper,"Grigorjew, Andreas; Lampis, Michael",2026,1
https://doi.org/10.4230/LIPIcs.SAT.2026.29,Automated Reencoding Meets Graph Theory,SAT,conference_paper,"Przybocki, Benjamin; Subercaseaux, Bernardo; Heule, Marijn J. H.",2026,1
https://doi.org/10.4230/LIPIcs.SAT.2026.32,On Proof Systems for #QBF (Short Paper),SAT,conference_paper,"Chede, Sravanthi; Chew, Leroy; Krishan, Vaibhav; Shukla, Anil",2026,1
https://doi.org/10.4230/LIPIcs.SAT.2026.39,WhyUnsat: A Practical Explanation Tool (Tool Paper),SAT,conference_paper,"Nieuwenhuis, Robert; Oliveras, Albert; Rodríguez-Carbonell, Enric",2026,1
https://doi.org/10.4230/LIPIcs.SAT.2026.6,Proof Systems Based on Structured Circuits,SAT,conference_paper,"Berkholz, Christoph; Micun, Matthäus",2026,1
https://doi.org/10.4230/LIPIcs.SAT.2026.7,Towards Understanding the Complexity of CAQE: A Proof-Theoretic Analysis of Its Core Procedure,SAT,conference_paper,"Böhm, Benjamin; Beyersdorff, Olaf",2026,1
https://doi.org/10.4230/LIPIcs.SAT.2026.8,Conditional Autarkies: Hard Formulas Made Easy,SAT,conference_paper,"Bonacina, Ilario; Bonet, Maria Luisa; Kolokolova, Antonina; Lauria, Massimo",2026,1
https://doi.org/10.4230/LIPIcs.SAT.2026.9,Beyond Core-Guided MaxSAT,SAT,conference_paper,"Bonacina, Ilario; Levy, Jordi; Liberal, Ion Mikel",2026,1
https://doi.org/10.4230/LIPIcs.SEA.2018.10,Evaluating and Tuning n-fold Integer Programming,SEA,conference_paper,"Altmanová, Katerina; Knop, Dusan; Koutecký, Martin",2018,1
https://doi.org/10.4230/LIPIcs.SEA.2018.11,A Computational Investigation on the Strength of Dantzig-Wolfe Reformulations,SEA,conference_paper,"Bastubbe, Michael; Lübbecke, Marco E.; Witt, Jonas T.",2018,1
https://doi.org/10.4230/LIPIcs.SEA.2018.29,Finding Hamiltonian Cycle in Graphs of Bounded Treewidth: Experimental Evaluation,SEA,conference_paper,"Ziobro, Michal; Pilipczuk, Marcin",2018,1
https://doi.org/10.4230/LIPIcs.SEA.2018.8,A 3/2-Approximation Algorithm for the Student-Project Allocation Problem,SEA,conference_paper,"Cooper, Frances; Manlove, David",2018,1
https://doi.org/10.4230/LIPIcs.SEA.2020.12,Pattern Discovery in Colored Strings,SEA,conference_paper,"Lipták, Zsuzsanna; Puglisi, Simon J.; Rossi, Massimiliano",2020,1
https://doi.org/10.4230/LIPIcs.SEA.2020.20,Algorithms for New Types of Fair Stable Matchings,SEA,conference_paper,"Cooper, Frances; Manlove, David",2020,1
https://doi.org/10.4230/LIPIcs.SEA.2020.21,Crystal Structure Prediction via Oblivious Local Search,SEA,conference_paper,"Antypov, Dmytro; Deligkas, Argyrios; Gusev, Vladimir; Rosseinsky, Matthew J.; Spirakis, Paul G.; Theofilatos, Michail",2020,1
https://doi.org/10.4230/LIPIcs.SEA.2020.5,Probing a Set of Trajectories to Maximize Captured Information,SEA,conference_paper,"Fekete, Sándor P.; Hill, Alexander; Krupke, Dominik; Mayer, Tyler; Mitchell, Joseph S. B.; Parekh, Ojas; Phillips, Cynthia A.",2020,1
https://doi.org/10.4230/LIPIcs.SEA.2021.17,Targeted Branching for the Maximum Independent Set Problem,SEA,conference_paper,"Hespe, Demian; Lamm, Sebastian; Schorr, Christian",2021,1
https://doi.org/10.4230/LIPIcs.SEA.2022.10,A Parallel Framework for Approximate Max-Dicut in Partitionable Graphs,SEA,conference_paper,"Bertram, Nico; Ellert, Jonas; Fischer, Johannes",2022,1
https://doi.org/10.4230/LIPIcs.SEA.2022.16,RLBWT Tricks,SEA,conference_paper,"Brown, Nathaniel K.; Gagie, Travis; Rossi, Massimiliano",2022,1
https://doi.org/10.4230/LIPIcs.SEA.2022.19,An Experimental Evaluation of Semidefinite Programming and Spectral Algorithms for Max Cut,SEA,conference_paper,"Mirka, Renee; Williamson, David P.",2022,1
https://doi.org/10.4230/LIPIcs.SEA.2022.2,Solving and Generating Nagareru Puzzles,SEA,conference_paper,"Ishihata, Masakazu; Tokumasu, Fumiya",2022,1
https://doi.org/10.4230/LIPIcs.SEA.2022.8,Efficient and Accurate Group Testing via Belief Propagation: An Empirical Study,SEA,conference_paper,"Coja-Oghlan, Amin; Hahn-Klimroth, Max; Loick, Philipp; Penschuck, Manuel",2022,1
https://doi.org/10.4230/LIPIcs.SEA.2022.9,Efficient Exact Learning Algorithms for Road Networks and Other Graphs with Bounded Clustering Degrees,SEA,conference_paper,"Afshar, Ramtin; Goodrich, Michael T.; Ozel, Evrim",2022,1
https://doi.org/10.4230/LIPIcs.SEA.2023.16,Arc-Flags Meet Trip-Based Public Transit Routing,SEA,conference_paper,"Großmann, Ernestine; Sauer, Jonas; Schulz, Christian; Steil, Patrick",2023,1
https://doi.org/10.4230/LIPIcs.SEA.2024.14,Accelerating ILP Solvers for Minimum Flow Decompositions Through Search Space and Dimensionality Reductions,SEA,conference_paper,"Grigorjew, Andreas; Dias, Fernando H. C.; Cracco, Andrea; Rizzi, Romeo; Tomescu, Alexandru I.",2024,1
https://doi.org/10.4230/LIPIcs.SEA.2024.16,Solving the Optimal Experiment Design Problem with Mixed-Integer Convex Methods,SEA,conference_paper,"Hendrych, Deborah; Besançon, Mathieu; Pokutta, Sebastian",2024,1
https://doi.org/10.4230/LIPIcs.SEA.2025.10,Algorithm Engineering of SSSP with Negative Edge Weights,SEA,conference_paper,"Cassis, Alejandro; Karrenbauer, Andreas; Nusser, André; Rinaldi, Paolo Luigi",2025,1
https://doi.org/10.4230/LIPIcs.SEA.2025.15,Succinct Rank Dictionaries Revisited,SEA,conference_paper,"Dönges, Saska; Puglisi, Simon J.",2025,1
https://doi.org/10.4230/LIPIcs.SEA.2025.21,PtrHash: Minimal Perfect Hashing at RAM Throughput,SEA,conference_paper,"Groot Koerkamp, Ragnar",2025,1
https://doi.org/10.4230/LIPIcs.SEA.2025.26,Mixed-Integer Optimization for Loopless Flux Distributions in Metabolic Networks,SEA,conference_paper,"Troppens, Hannah; Besançon, Mathieu; Wilken, St. Elmo; Pokutta, Sebastian",2025,1
https://doi.org/10.4230/LIPIcs.SEA.2025.6,Planar Network Diversion,SEA,conference_paper,"Bentert, Matthias; Drange, Pål Grønås; Fomin, Fedor V.; Simonnes, Steinar",2025,1
https://doi.org/10.4230/LIPIcs.SEA.2026.1,Global Polyline Simplification Under the Fréchet Distance: Theory and Practice,SEA,conference_paper,"Abdullahad, Christian; Storandt, Sabine",2026,1
https://doi.org/10.4230/LIPIcs.SEA.2026.14,K-Hole Separation in PEO‑Based ILP Treewidth Formulation,SEA,conference_paper,"D'Ascenzo, Andrea",2026,1
https://doi.org/10.4230/LIPIcs.SEA.2026.2,Different Scales of Randomness: Empirical Mixing Times of the Edge Switching and Curveball MCMC,SEA,conference_paper,"Ajwani, Deepak; Kallmayer, Melvin; Leonhardt, Alexander; Meyer, Ulrich; O'Connor, Ryan; Penschuck, Manuel",2026,1
https://doi.org/10.4230/LIPIcs.SOCG.2015.126,Optimal Morphs of Convex Drawings,SoCG,conference_paper,"Angelini, Patrizio; Da Lozzo, Giordano; Frati, Fabrizio; Lubiw, Anna; Patrignani, Maurizio; Roselli, Vincenzo",2015,1
https://doi.org/10.4230/LIPIcs.SOCG.2015.141,1-String B_2-VPG Representation of Planar Graphs,SoCG,conference_paper,"Biedl, Therese; Derka, Martin",2015,1
https://doi.org/10.4230/LIPIcs.SOCG.2015.390,Star Unfolding from a Geodesic Curve,SoCG,conference_paper,"Kiazyk, Stephen; Lubiw, Anna",2015,1
https://doi.org/10.4230/LIPIcs.SOCG.2015.406,On the Beer Index of Convexity and Its Variants,SoCG,conference_paper,"Balko, Martin; Jelínek, Vít; Valtr, Pavel; Walczak, Bartosz",2015,1
https://doi.org/10.4230/LIPIcs.SOCG.2015.44,Computational Aspects of the Colorful Carathéodory Theorem,SoCG,conference_paper,"Mulzer, Wolfgang; Stein, Yannik",2015,1
https://doi.org/10.4230/LIPIcs.SOCG.2015.768,A Fire Fighter’s Problem,SoCG,conference_paper,"Klein, Rolf; Langetepe, Elmar; Levcopoulos, Christos",2015,1
https://doi.org/10.4230/LIPIcs.SOCG.2015.842,On Computability and Triviality of Well Groups,SoCG,conference_paper,"Franek, Peter; Krcál, Marek",2015,1
https://doi.org/10.4230/LIPIcs.STACS.2011.105,Data Monoids,STACS,conference_paper,"Bojanczyk, Mikolaj",2011,1
https://doi.org/10.4230/LIPIcs.STACS.2011.177,Vertex Cover Kernelization Revisited: Upper and Lower Bounds for a Refined Parameter,STACS,conference_paper,"Jansen, Bart M. P.; Bodlaender, Hans L.",2011,1
https://doi.org/10.4230/LIPIcs.STACS.2011.189,Hitting forbidden minors: Approximation and Kernelization,STACS,conference_paper,"Fomin, Fedor V.; Lokshtanov, Daniel; Misra, Neeldhara; Philip, Geevarghese; Saurabh, Saket",2011,1
https://doi.org/10.4230/LIPIcs.STACS.2011.237,Improving PPSZ for 3-SAT using Critical Variables,STACS,conference_paper,"Hertli, Timon; Moser, Robin A.; Scheder, Dominik",2011,1
https://doi.org/10.4230/LIPIcs.STACS.2011.261,The #CSP Dichotomy is Decidable,STACS,conference_paper,"Dyer, Martin; Richerby, David",2011,1
https://doi.org/10.4230/LIPIcs.STACS.2011.308,Analysis of Agglomerative Clustering,STACS,conference_paper,"Ackermann, Marcel R.; Bloemer, Johannes; Kuntze, Daniel; Sohler, Christian",2011,1
https://doi.org/10.4230/LIPIcs.STACS.2011.531,Balanced Interval Coloring,STACS,conference_paper,"Antoniadis, Antonios; Hueffner, Falk; Lenzner, Pascal; Moldenhauer, Carsten; Souza, Alexander",2011,1
https://doi.org/10.4230/LIPIcs.STACS.2011.555,Randomness Efficient Testing of Sparse Black Box Identities of Unbounded Degree over the Reals,STACS,conference_paper,"Blaeser, Markus; Engels, Christian",2011,1
https://doi.org/10.4230/LIPIcs.STACS.2011.603,Collapse Operation Increases Expressive Power of Deterministic Higher Order Pushdown Automata,STACS,conference_paper,"Parys, Pawel",2011,1
https://doi.org/10.4230/LIPIcs.STACS.2012.100,Balanced Partitions of Trees and Applications,STACS,conference_paper,"Feldmann, Andreas Emil; Foschini, Luca",2012,1
https://doi.org/10.4230/LIPIcs.STACS.2012.160,Conflict-free Chromatic Art Gallery Coverage,STACS,conference_paper,"Bärtschi, Andreas; Suri, Subhash",2012,1
https://doi.org/10.4230/LIPIcs.STACS.2012.218,Efficient algorithms for highly compressed data: The Word Problem in Higman's group is in P,STACS,conference_paper,"Diekert, Volker; Laun, Jürn; Ushakov, Alexander",2012,1
https://doi.org/10.4230/LIPIcs.STACS.2012.290,Linear-Space Data Structures for Range Mode Query in Arrays,STACS,conference_paper,"Chan, Timothy M.; Durocher, Stephane; Larsen, Kasper Green; Morrison, Jason; Wilkinson, Bryan T.",2012,1
https://doi.org/10.4230/LIPIcs.STACS.2012.350,Mind Change Speed-up for Learning Languages from Positive Data,STACS,conference_paper,"Jain, Sanjay; Kinber, Efim",2012,1
https://doi.org/10.4230/LIPIcs.STACS.2012.408,On the treewidth and related parameters of random geometric graphs,STACS,conference_paper,"Mitsche, Dieter; Perarnau, Guillem",2012,1
https://doi.org/10.4230/LIPIcs.STACS.2012.432,Parameterized Complexity of Connected Even/Odd Subgraph Problems,STACS,conference_paper,"Fomin, Fedor V.; Golovach, Petr A.",2012,1
https://doi.org/10.4230/LIPIcs.STACS.2012.555,The Determinacy of Context-Free Games,STACS,conference_paper,"Finkel, Olivier",2012,1
https://doi.org/10.4230/LIPIcs.STACS.2012.567,The dimension of ergodic random sequences,STACS,conference_paper,"Hoyrup, Mathieu",2012,1
https://doi.org/10.4230/LIPIcs.STACS.2012.589,The Limits of Decidability for First Order Logic on CPDA Graphs,STACS,conference_paper,"Broadbent, Christopher H.",2012,1
https://doi.org/10.4230/LIPIcs.STACS.2012.78,An Approximation Algorithm for #k-SAT,STACS,conference_paper,"Thurley, Marc",2012,1
https://doi.org/10.4230/LIPIcs.STACS.2012.88,Asymptotic enumeration of Minimal Automata,STACS,conference_paper,"Bassino, Frédérique; David, Julien; Sportiello, Andrea",2012,1
https://doi.org/10.4230/LIPIcs.STACS.2013.160,Lossy Chains and Fractional Secret Sharing,STACS,conference_paper,"Ishai, Yuval; Kushilevitz, Eyal; Strulovich, Omer",2013,1
https://doi.org/10.4230/LIPIcs.STACS.2013.317,FO^2 with one transitive relation is decidable,STACS,conference_paper,"Szwast, Wieslaw; Tendera, Lidia",2013,1
https://doi.org/10.4230/LIPIcs.STACS.2013.32,Tight bounds for Parameterized Complexity of Cluster Editing,STACS,conference_paper,"Fomin, Fedor V.; Kratsch, Stefan; Pilipczuk, Marcin; Pilipczuk, Michal; Villanger, Yngve",2013,1
https://doi.org/10.4230/LIPIcs.STACS.2013.329,Two-variable first order logic with modular predicates over words,STACS,conference_paper,"Dartois, Luc; Paperman, Charles",2013,1
https://doi.org/10.4230/LIPIcs.STACS.2013.353,Subexponential-Time Parameterized Algorithm for Steiner Tree on Planar Graphs,STACS,conference_paper,"Pilipczuk, Marcin; Pilipczuk, Michal; Sankowski, Piotr; van Leeuwen, Erik Jan",2013,1
https://doi.org/10.4230/LIPIcs.STACS.2013.424,Fooling One-Sided Quantum Protocols,STACS,conference_paper,"Klauck, Hartmut; de Wolf, Ronald",2013,1
https://doi.org/10.4230/LIPIcs.STACS.2013.434,Explicit relation between all lower bound techniques for quantum query complexity,STACS,conference_paper,"Magnin, Loïck; Roland, Jérémie",2013,1
https://doi.org/10.4230/LIPIcs.STACS.2013.514,Mortality of Iterated Piecewise Affine Functions over the Integers: Decidability and Complexity (Extended Abstract),STACS,conference_paper,"Ben-Amram, Amir M.",2013,1
https://doi.org/10.4230/LIPIcs.STACS.2013.55,Model Counting for CNF Formulas of Bounded Modular Treewidth,STACS,conference_paper,"Paulusma, Daniel; Slivovsky, Friedrich; Szeider, Stefan",2013,1
https://doi.org/10.4230/LIPIcs.STACS.2013.610,Search using queries on indistinguishable items,STACS,conference_paper,"Braverman, Mark; Oshri, Gal",2013,1
https://doi.org/10.4230/LIPIcs.STACS.2013.67,Backdoors to q-Horn,STACS,conference_paper,"Gaspers, Serge; Ordyniak, Sebastian; Ramanujan, M. S.; Saurabh, Saket; Szeider, Stefan",2013,1
https://doi.org/10.4230/LIPIcs.STACS.2013.8,Searching for better fill-in,STACS,conference_paper,"Fomin, Fedor V.; Villanger, Yngve",2013,1
https://doi.org/10.4230/LIPIcs.STACS.2014.187,Balls into bins via local search: cover time and maximum load,STACS,conference_paper,"Bringmann, Karl; Sauerwald, Thomas; Stauffer, Alexandre; Sun, He",2014,1
https://doi.org/10.4230/LIPIcs.STACS.2014.300,From Small Space to Small Width in Resolution,STACS,conference_paper,"Filmus, Yuval; Lauria, Massimo; Miksa, Mladen; Nordström, Jakob; Vinyals, Marc",2014,1
https://doi.org/10.4230/LIPIcs.STACS.2014.337,Testing Generalised Freeness of Words,STACS,conference_paper,"Gawrychowski, Pawel; Manea, Florin; Nowotka, Dirk",2014,1
https://doi.org/10.4230/LIPIcs.STACS.2014.350,Counting Homomorphisms to Cactus Graphs Modulo 2,STACS,conference_paper,"Göbel, Andreas; Goldberg, Leslie Ann; Richerby, David",2014,1
https://doi.org/10.4230/LIPIcs.STACS.2014.482,An optimal quantum algorithm for the oracle identification problem,STACS,conference_paper,"Kothari, Robin",2014,1
https://doi.org/10.4230/LIPIcs.STACS.2014.542,Everything you always wanted to know about the parameterized complexity of Subgraph Isomorphism (but were afraid to ask),STACS,conference_paper,"Marx, Dániel; Pilipczuk, Michal",2014,1
https://doi.org/10.4230/LIPIcs.STACS.2014.627,Communication Lower Bounds for Distributed-Memory Computations,STACS,conference_paper,"Scquizzato, Michele; Silvestri, Francesco",2014,1
https://doi.org/10.4230/LIPIcs.STACS.2014.87,Generalized Reordering Buffer Management,STACS,conference_paper,"Azar, Yossi; Englert, Matthias; Gamzu, Iftah; Kidron, Eytan",2014,1
https://doi.org/10.4230/LIPIcs.STACS.2015.116,Advice Complexity for a Class of Online Problems,STACS,conference_paper,"Boyar, Joan; Favrholdt, Lene M.; Kudahl, Christian; Mikkelsen, Jesper W.",2015,1
https://doi.org/10.4230/LIPIcs.STACS.2015.143,Understanding Model Counting for beta-acyclic CNF-formulas,STACS,conference_paper,"Brault-Baron, Johann; Capelli, Florent; Mengel, Stefan",2015,1
https://doi.org/10.4230/LIPIcs.STACS.2015.2,The Complexity of Constraint Satisfaction Problems (Invited Talk),STACS,conference_paper,"Bodirsky, Manuel",2015,1
https://doi.org/10.4230/LIPIcs.STACS.2015.211,Tractable Probabilistic mu-Calculus That Expresses Probabilistic Temporal Logics,STACS,conference_paper,"Castro, Pablo; Kilmurray, Cecilia; Piterman, Nir",2015,1
https://doi.org/10.4230/LIPIcs.STACS.2015.329,On Matrix Powering in Low Dimensions,STACS,conference_paper,"Galby, Esther; Ouaknine, Joël; Worrell, James",2015,1
https://doi.org/10.4230/LIPIcs.STACS.2015.367,Comparing 1D and 2D Real Time on Cellular Automata,STACS,conference_paper,"Grandjean, Anaël; Poupet, Victor",2015,1
https://doi.org/10.4230/LIPIcs.STACS.2015.420,Inductive Inference and Reverse Mathematics,STACS,conference_paper,"Hölzl, Rupert; Jain, Sanjay; Stephan, Frank",2015,1
https://doi.org/10.4230/LIPIcs.STACS.2015.447,On the Information Carried by Programs about the Objects They Compute,STACS,conference_paper,"Hoyrup, Mathieu; Rojas, Cristóbal",2015,1
https://doi.org/10.4230/LIPIcs.STACS.2015.527,Multi-k-ic Depth Three Circuit Lower Bound,STACS,conference_paper,"Kayal, Neeraj; Saha, Chandan",2015,1
https://doi.org/10.4230/LIPIcs.STACS.2015.540,Automorphism Groups of Geometrically Represented Graphs,STACS,conference_paper,"Klavík­, Pavel; Zeman, Peter",2015,1
https://doi.org/10.4230/LIPIcs.STACS.2015.622,Testing Small Set Expansion in General Graphs,STACS,conference_paper,"Li, Angsheng; Peng, Pan",2015,1
https://doi.org/10.4230/LIPIcs.STACS.2015.703,Existential Second-order Logic over Graphs: A Complete Complexity-theoretic Classification,STACS,conference_paper,"Tantau, Till",2015,1
https://doi.org/10.4230/LIPIcs.STACS.2015.730,Homomorphism Reconfiguration via Homotopy,STACS,conference_paper,"Wrochna, Marcin",2015,1
https://doi.org/10.4230/LIPIcs.STACS.2015.76,Proof Complexity of Resolution-based QBF Calculi,STACS,conference_paper,"Beyersdorff, Olaf; Chew, Leroy; Janota, Mikolás",2015,1
https://doi.org/10.4230/LIPIcs.STACS.2016.11,Entropy Games and Matrix Multiplication Games,STACS,conference_paper,"Asarin, Eugene; Cervelle, Julien; Degorre, Aldric; Dima, Catalin; Horn, Florian; Kozyakin, Victor",2016,1
https://doi.org/10.4230/LIPIcs.STACS.2016.13,Dense Subset Sum May Be the Hardest,STACS,conference_paper,"Austrin, Per; Kaski, Petteri; Koivisto, Mikko; Nederlof, Jesper",2016,1
https://doi.org/10.4230/LIPIcs.STACS.2016.15,Are Short Proofs Narrow? QBF Resolution is not Simple,STACS,conference_paper,"Beyersdorff, Olaf; Chew, Leroy; Mahajan, Meena; Shukla, Anil",2016,1
https://doi.org/10.4230/LIPIcs.STACS.2016.17,A Catalog of EXISTS-R-Complete Decision Problems About Nash Equilibria in Multi-Player Games,STACS,conference_paper,"Bilò, Vittorio; Mavronicolas, Marios",2016,1
https://doi.org/10.4230/LIPIcs.STACS.2016.20,The Complexity of Phylogeny Constraint Satisfaction,STACS,conference_paper,"Bodirsky, Manuel; Jonsson, Peter; Van Pham, Trung",2016,1
https://doi.org/10.4230/LIPIcs.STACS.2016.22,Time-Approximation Trade-offs for Inapproximable Problems,STACS,conference_paper,"Bonnet, Édouard; Lampis, Michael; Paschos, Vangelis Th.",2016,1
https://doi.org/10.4230/LIPIcs.STACS.2016.27,Bottleneck Paths and Trees and Deterministic Graphical Games,STACS,conference_paper,"Chechik, Shiri; Kaplan, Haim; Thorup, Mikkel; Zamir, Or; Zwick, Uri",2016,1
https://doi.org/10.4230/LIPIcs.STACS.2016.33,Preprocessing Under Uncertainty,STACS,conference_paper,"Fafianie, Stefan; Kratsch, Stefan; Anh Quyen, Vuong",2016,1
https://doi.org/10.4230/LIPIcs.STACS.2016.42,Autoreducibility of NP-Complete Sets,STACS,conference_paper,"Hitchcock, John M.; Shafei, Hadi",2016,1
https://doi.org/10.4230/LIPIcs.STACS.2016.44,Periods and Borders of Random Words,STACS,conference_paper,"Holub, Štepán; Shallit, Jeffrey",2016,1
https://doi.org/10.4230/LIPIcs.STACS.2016.45,Constrained Bipartite Vertex Cover: The Easy Kernel is Essentially Tight,STACS,conference_paper,"Jansen, Bart M. P.",2016,1
https://doi.org/10.4230/LIPIcs.STACS.2016.48,Quantum Query Complexity of Subgraph Isomorphism and Homomorphism,STACS,conference_paper,"Kulkarni, Raghav; Podder, Supartha",2016,1
https://doi.org/10.4230/LIPIcs.STACS.2016.50,"Knapsack in Graph Groups, HNN-Extensions and Amalgamated Products",STACS,conference_paper,"Lohrey, Markus; Zetzsche, Georg",2016,1
https://doi.org/10.4230/LIPIcs.STACS.2016.53,"Copyless Cost-Register Automata: Structure, Expressiveness, and Closure Properties",STACS,conference_paper,"Mazowiecki, Filip; Riveros, Cristian",2016,1
https://doi.org/10.4230/LIPIcs.STACS.2017.11,Towards Tighter Space Bounds for Counting Triangles and Other Substructures in Graph Streams,STACS,conference_paper,"Bera, Suman K.; Chakrabarti, Amit",2017,1
https://doi.org/10.4230/LIPIcs.STACS.2017.16,Complexity of Token Swapping and its Variants,STACS,conference_paper,"Bonnet, Édouard; Miltzow, Tillmann; Rzazewski, Pawel",2017,1
https://doi.org/10.4230/LIPIcs.STACS.2017.21,Lower Bounds for Elimination via Weak Regularity,STACS,conference_paper,"Chattopadhyay, Arkadev; Dvorák, Pavel; Koucký, Michal; Loff, Bruno; Mukhopadhyay, Sagnik",2017,1
https://doi.org/10.4230/LIPIcs.STACS.2017.24,Separability of Reachability Sets of Vector Addition Systems,STACS,conference_paper,"Clemente, Lorenzo; Czerwinski, Wojciech; Lasota, Slawomir; Paperman, Charles",2017,1
https://doi.org/10.4230/LIPIcs.STACS.2017.33,Deterministic Regular Expressions with Back-References,STACS,conference_paper,"Freydenberger, Dominik D.; Schmid, Markus L.",2017,1
https://doi.org/10.4230/LIPIcs.STACS.2017.49,Computing Majority by Constant Depth Majority Circuits with Low Fan-in Gates,STACS,conference_paper,"Kulikov, Alexander S.; Podolskii, Vladimir V.",2017,1
https://doi.org/10.4230/LIPIcs.STACS.2017.50,Minkowski Games,STACS,conference_paper,"Le Roux, Stéphane; Pauly, Arno; Raskin, Jean-François",2017,1
https://doi.org/10.4230/LIPIcs.STACS.2017.51,On the Sensitivity Complexity of k-Uniform Hypergraph Properties,STACS,conference_paper,"Li, Qian; Sun, Xiaoming",2017,1
https://doi.org/10.4230/LIPIcs.STACS.2017.56,Improved Distance Queries and Cycle Counting by Frobenius Normal Form,STACS,conference_paper,"Sankowski, Piotr; Wegrzycki, Karol",2017,1
https://doi.org/10.4230/LIPIcs.STACS.2018.10,Parameterized (Approximate) Defective Coloring,STACS,conference_paper,"Belmonte, Rémy; Lampis, Michael; Mitsou, Valia",2018,1
https://doi.org/10.4230/LIPIcs.STACS.2018.16,Large Flocks of Small Birds: on the Minimal Size of Population Protocols,STACS,conference_paper,"Blondin, Michael; Esparza, Javier; Jaax, Stefan",2018,1
https://doi.org/10.4230/LIPIcs.STACS.2018.20,The Firing Squad Problem Revisited,STACS,conference_paper,"Charron-Bost, Bernadette; Moran, Shlomo",2018,1
https://doi.org/10.4230/LIPIcs.STACS.2018.26,Parameterized Approximation Schemes for Steiner Trees with Small Number of Steiner Vertices,STACS,conference_paper,"Dvořák, Pavel; Feldmann, Andreas Emil; Knop, Dušan; Masařík, Tomáš; Toufar, Tomáš; Veselý, Pavel",2018,1
https://doi.org/10.4230/LIPIcs.STACS.2018.28,Small Resolution Proofs for QBF using Dependency Treewidth,STACS,conference_paper,"Eiben, Eduard; Ganian, Robert; Ordyniak, Sebastian",2018,1
https://doi.org/10.4230/LIPIcs.STACS.2018.29,Lossy Kernels for Connected Dominating Set on Sparse Graphs,STACS,conference_paper,"Eiben, Eduard; Kumar, Mithilesh; Mouawad, Amer E.; Panolan, Fahad; Siebertz, Sebastian",2018,1
https://doi.org/10.4230/LIPIcs.STACS.2018.3,On the Positive Calculus of Relations with Transitive Closure,STACS,conference_paper,"Pous, Damien",2018,1
https://doi.org/10.4230/LIPIcs.STACS.2018.34,Dependences in Strategy Logic,STACS,conference_paper,"Gardy, Patrick; Bouyer, Patricia; Markey, Nicolas",2018,1
https://doi.org/10.4230/LIPIcs.STACS.2018.35,Colouring Square-Free Graphs without Long Induced Paths,STACS,conference_paper,"Gaspers, Serge; Huang, Shenwei; Paulusma, Daniel",2018,1
https://doi.org/10.4230/LIPIcs.STACS.2018.41,On the Power of Tree-Depth for Fully Polynomial FPT Algorithms,STACS,conference_paper,"Iwata, Yoichi; Ogasawara, Tomoaki; Ohsaka, Naoto",2018,1
https://doi.org/10.4230/LIPIcs.STACS.2018.42,A Unified Polynomial-Time Algorithm for Feedback Vertex Set on Graphs of Bounded Mim-Width,STACS,conference_paper,"Jaffke, Lars; Kwon, O-joung; Telle, Jan Arne",2018,1
https://doi.org/10.4230/LIPIcs.STACS.2018.46,Relations Between Greedy and Bit-Optimal LZ77 Encodings,STACS,conference_paper,"Kosolobov, Dmitry",2018,1
https://doi.org/10.4230/LIPIcs.STACS.2018.47,Width of Non-deterministic Automata,STACS,conference_paper,"Kuperberg, Denis; Majumdar, Anirban",2018,1
https://doi.org/10.4230/LIPIcs.STACS.2018.6,Property Testing for Bounded Degree Databases,STACS,conference_paper,"Adler, Isolde; Harwath, Frederik",2018,1
https://doi.org/10.4230/LIPIcs.STACS.2019.16,Enumerating Minimal Dominating Sets in Triangle-Free Graphs,STACS,conference_paper,"Bonamy, Marthe; Defrain, Oscar; Heinrich, Marc; Raymond, Jean-Florent",2019,1
https://doi.org/10.4230/LIPIcs.STACS.2019.19,A Tight Extremal Bound on the Lovász Cactus Number in Planar Graphs,STACS,conference_paper,"Chalermsook, Parinya; Schmid, Andreas; Uniyal, Sumedha",2019,1
https://doi.org/10.4230/LIPIcs.STACS.2019.2,The Many Facets of String Transducers (Invited Talk),STACS,conference_paper,"Muscholl, Anca; Puppis, Gabriele",2019,1
https://doi.org/10.4230/LIPIcs.STACS.2019.21,Pairwise Preferences in the Stable Marriage Problem,STACS,conference_paper,"Cseh, Ágnes; Juhos, Attila",2019,1
https://doi.org/10.4230/LIPIcs.STACS.2019.22,Closure Properties of Synchronized Relations,STACS,conference_paper,"Descotte, María Emilia; Figueira, Diego; Figueira, Santiago",2019,1
https://doi.org/10.4230/LIPIcs.STACS.2019.24,Constant-Time Retrieval with O(log m) Extra Bits,STACS,conference_paper,"Dietzfelbinger, Martin; Walzer, Stefan",2019,1
https://doi.org/10.4230/LIPIcs.STACS.2019.25,Complexity of the Steiner Network Problem with Respect to the Number of Terminals,STACS,conference_paper,"Eiben, Eduard; Knop, Dušan; Panolan, Fahad; Suchý, Ondřej",2019,1
https://doi.org/10.4230/LIPIcs.STACS.2019.28,Modification to Planarity is Fixed Parameter Tractable,STACS,conference_paper,"Fomin, Fedor V.; Golovach, Petr A.; Thilikos, Dimitrios M.",2019,1
https://doi.org/10.4230/LIPIcs.STACS.2019.31,Wealth Inequality and the Price of Anarchy,STACS,conference_paper,"Gemici, Kurtuluş; Koutsoupias, Elias; Monnot, Barnabé; Papadimitriou, Christos H.; Piliouras, Georgios",2019,1
https://doi.org/10.4230/LIPIcs.STACS.2019.38,How to Secure Matchings Against Edge Failures,STACS,conference_paper,"Hommelsheim, Felix; Mühlenthaler, Moritz; Schaudt, Oliver",2019,1
https://doi.org/10.4230/LIPIcs.STACS.2019.41,Lower Bounds for DeMorgan Circuits of Bounded Negation Width,STACS,conference_paper,"Jukna, Stasys; Lingas, Andrzej",2019,1
https://doi.org/10.4230/LIPIcs.STACS.2019.44,Tight Complexity Lower Bounds for Integer Linear Programming with Few Constraints,STACS,conference_paper,"Knop, Dušan; Pilipczuk, Michał; Wrochna, Marcin",2019,1
https://doi.org/10.4230/LIPIcs.STACS.2019.47,Tree Automata with Global Constraints for Infinite Trees,STACS,conference_paper,"Landwehr, Patrick; Löding, Christof",2019,1
https://doi.org/10.4230/LIPIcs.STACS.2019.52,Beyond Boolean Surjective VCSPs,STACS,conference_paper,"Matl, Gregor; Živný, Stanislav",2019,1
https://doi.org/10.4230/LIPIcs.STACS.2019.56,Paging with Dynamic Memory Capacity,STACS,conference_paper,"Peserico, Enoch",2019,1
https://doi.org/10.4230/LIPIcs.STACS.2020.13,On Covering Segments with Unit Intervals,STACS,conference_paper,"Bergren, Dan; Eiben, Eduard; Ganian, Robert; Kanj, Iyad",2020,1
https://doi.org/10.4230/LIPIcs.STACS.2020.14,Decidability and Periodicity of Low Complexity Tilings,STACS,conference_paper,"Kari, Jarkko; Moutot, Etienne",2020,1
https://doi.org/10.4230/LIPIcs.STACS.2020.15,The Tandem Duplication Distance Is NP-Hard,STACS,conference_paper,"Lafond, Manuel; Zhu, Binhai; Zou, Peng",2020,1
https://doi.org/10.4230/LIPIcs.STACS.2020.17,On the Termination of Flooding,STACS,conference_paper,"Hussak, Walter; Trehan, Amitabh",2020,1
https://doi.org/10.4230/LIPIcs.STACS.2020.20,Oracle Complexity Classes and Local Measurements on Physical Hamiltonians,STACS,conference_paper,"Gharibian, Sevag; Piddock, Stephen; Yirka, Justin",2020,1
https://doi.org/10.4230/LIPIcs.STACS.2020.22,Using Statistical Encoding to Achieve Tree Succinctness Never Seen Before,STACS,conference_paper,"Gańczorz, Michał",2020,1
https://doi.org/10.4230/LIPIcs.STACS.2020.27,Computing Maximum Matchings in Temporal Graphs,STACS,conference_paper,"Mertzios, George B.; Molter, Hendrik; Niedermeier, Rolf; Zamaraev, Viktor; Zschoche, Philipp",2020,1
https://doi.org/10.4230/LIPIcs.STACS.2020.32,Unambiguous Separators for Tropical Tree Automata,STACS,conference_paper,"Colcombet, Thomas; Lombardy, Sylvain",2020,1
https://doi.org/10.4230/LIPIcs.STACS.2020.35,Shortest Reconfiguration of Colorings Under Kempe Changes,STACS,conference_paper,"Bonamy, Marthe; Heinrich, Marc; Ito, Takehiro; Kobayashi, Yusuke; Mizuta, Haruka; Mühlenthaler, Moritz; Suzuki, Akira; Wasa, Kunihiro",2020,1
https://doi.org/10.4230/LIPIcs.STACS.2020.36,"Elimination Distances, Blocking Sets, and Kernels for Vertex Cover",STACS,conference_paper,"Hols, Eva-Maria C.; Kratsch, Stefan; Pieterse, Astrid",2020,1
https://doi.org/10.4230/LIPIcs.STACS.2020.38,Efficient Parameterized Algorithms for Computing All-Pairs Shortest Paths,STACS,conference_paper,"Kratsch, Stefan; Nelles, Florian",2020,1
https://doi.org/10.4230/LIPIcs.STACS.2020.40,Succinct Population Protocols for Presburger Arithmetic,STACS,conference_paper,"Blondin, Michael; Esparza, Javier; Genest, Blaise; Helfrich, Martin; Jaax, Stefan",2020,1
https://doi.org/10.4230/LIPIcs.STACS.2020.42,Fixed-Parameter Algorithms for Unsplittable Flow Cover,STACS,conference_paper,"Cristi, Andrés; Mari, Mathieu; Wiese, Andreas",2020,1
https://doi.org/10.4230/LIPIcs.STACS.2020.43,Identifiability of Graphs with Small Color Classes by the Weisfeiler-Leman Algorithm,STACS,conference_paper,"Fuhlbrück, Frank; Köbler, Johannes; Verbitsky, Oleg",2020,1
https://doi.org/10.4230/LIPIcs.STACS.2020.44,Better Approximations for General Caching and UFP-Cover Under Resource Augmentation,STACS,conference_paper,"Cristi, Andrés; Wiese, Andreas",2020,1
https://doi.org/10.4230/LIPIcs.STACS.2020.48,Observation and Distinction. Representing Information in Infinite Games,STACS,conference_paper,"Berwanger, Dietmar; Doyen, Laurent",2020,1
https://doi.org/10.4230/LIPIcs.STACS.2020.5,Inapproximability Results for Scheduling with Interval and Resource Restrictions,STACS,conference_paper,"Maack, Marten; Jansen, Klaus",2020,1
https://doi.org/10.4230/LIPIcs.STACS.2020.60,Reversible Pebble Games and the Relation Between Tree-Like and General Resolution Space,STACS,conference_paper,"Torán, Jacobo; Wörz, Florian",2020,1
https://doi.org/10.4230/LIPIcs.STACS.2020.8,Descriptive Complexity on Non-Polish Spaces,STACS,conference_paper,"Callard, Antonin; Hoyrup, Mathieu",2020,1
https://doi.org/10.4230/LIPIcs.STACS.2021.10,Symmetric Promise Constraint Satisfaction Problems: Beyond the Boolean Case,STACS,conference_paper,"Barto, Libor; Battistelli, Diego; Berg, Kevin M.",2021,1
https://doi.org/10.4230/LIPIcs.STACS.2021.11,A Characterization of Wreath Products Where Knapsack Is Decidable,STACS,conference_paper,"Bergsträßer, Pascal; Ganardi, Moses; Zetzsche, Georg",2021,1
https://doi.org/10.4230/LIPIcs.STACS.2021.13,On Euclidean Steiner (1+ε)-Spanners,STACS,conference_paper,"Bhore, Sujoy; Tóth, Csaba D.",2021,1
https://doi.org/10.4230/LIPIcs.STACS.2021.19,A Framework of Quantum Strong Exponential-Time Hypotheses,STACS,conference_paper,"Buhrman, Harry; Patro, Subhasree; Speelman, Florian",2021,1
https://doi.org/10.4230/LIPIcs.STACS.2021.24,Inference and Mutual Information on Random Factor Graphs,STACS,conference_paper,"Coja-Oghlan, Amin; Hahn-Klimroth, Max; Loick, Philipp; Müller, Noela; Panagiotou, Konstantinos; Pasch, Matija",2021,1
https://doi.org/10.4230/LIPIcs.STACS.2021.26,Barrington Plays Cards: The Complexity of Card-Based Protocols,STACS,conference_paper,"Dvořák, Pavel; Koucký, Michal",2021,1
https://doi.org/10.4230/LIPIcs.STACS.2021.27,Round-Competitive Algorithms for Uncertainty Problems with Parallel Queries,STACS,conference_paper,"Erlebach, Thomas; Hoffmann, Michael; de Lima, Murilo Santos",2021,1
https://doi.org/10.4230/LIPIcs.STACS.2021.29,A Faster Algorithm for Finding Tarski Fixed Points,STACS,conference_paper,"Fearnley, John; Savani, Rahul",2021,1
https://doi.org/10.4230/LIPIcs.STACS.2021.31,Diverse Collections in Matroids and Graphs,STACS,conference_paper,"Fomin, Fedor V.; Golovach, Petr A.; Panolan, Fahad; Philip, Geevarghese; Saurabh, Saket",2021,1
https://doi.org/10.4230/LIPIcs.STACS.2021.35,Finding an Optimal Alphabet Ordering for Lyndon Factorization Is Hard,STACS,conference_paper,"Gibney, Daniel; Thankachan, Sharma V.",2021,1
https://doi.org/10.4230/LIPIcs.STACS.2021.37,Refined Notions of Parameterized Enumeration Kernels with Applications to Matching Cut Enumeration,STACS,conference_paper,"Golovach, Petr A.; Komusiewicz, Christian; Kratsch, Dieter; Le, Van Bang",2021,1
https://doi.org/10.4230/LIPIcs.STACS.2021.40,Parameterised Counting in Logspace,STACS,conference_paper,"Haak, Anselm; Meier, Arne; Prakash, Om; Rao B. V., Raghavendra",2021,1
https://doi.org/10.4230/LIPIcs.STACS.2021.42,Good r-Divisions Imply Optimal Amortized Decremental Biconnectivity,STACS,conference_paper,"Holm, Jacob; Rotenberg, Eva",2021,1
https://doi.org/10.4230/LIPIcs.STACS.2021.45,An Improved Sketching Algorithm for Edit Distance,STACS,conference_paper,"Jin, Ce; Nelson, Jelani; Wu, Kewen",2021,1
https://doi.org/10.4230/LIPIcs.STACS.2021.47,Binary Matrix Completion Under Diameter Constraints,STACS,conference_paper,"Koana, Tomohiro; Froese, Vincent; Niedermeier, Rolf",2021,1
https://doi.org/10.4230/LIPIcs.STACS.2021.50,Exploiting Dense Structures in Parameterized Complexity,STACS,conference_paper,"Lochet, William; Lokshtanov, Daniel; Saurabh, Saket; Zehavi, Meirav",2021,1
https://doi.org/10.4230/LIPIcs.STACS.2021.51,"Subgroup Membership in GL(2,Z)",STACS,conference_paper,"Lohrey, Markus",2021,1
https://doi.org/10.4230/LIPIcs.STACS.2021.55,Spectrum Preserving Short Cycle Removal on Regular Graphs,STACS,conference_paper,"Paredes, Pedro",2021,1
https://doi.org/10.4230/LIPIcs.STACS.2021.56,Fine-Grained Complexity of the List Homomorphism Problem: Feedback Vertex Set and Cutwidth,STACS,conference_paper,"Piecyk, Marta; Rzążewski, Paweł",2021,1
https://doi.org/10.4230/LIPIcs.STACS.2021.57,6-Uniform Maker-Breaker Game Is PSPACE-Complete,STACS,conference_paper,"Rahman, Md Lutfar; Watson, Thomas",2021,1
https://doi.org/10.4230/LIPIcs.STACS.2021.7,Achieving Anonymity via Weak Lower Bound Constraints for k-Median and k-Means,STACS,conference_paper,"Arutyunova, Anna; Schmidt, Melanie",2021,1
https://doi.org/10.4230/LIPIcs.STACS.2021.9,Tight Approximation Guarantees for Concave Coverage Problems,STACS,conference_paper,"Barman, Siddharth; Fawzi, Omar; Fermé, Paul",2021,1
https://doi.org/10.4230/LIPIcs.STACS.2022.11,Probabilistic vs Deterministic Gamblers,STACS,conference_paper,"Bienvenu, Laurent; Delle Rose, Valentino; Steifer, Tomasz",2022,1
https://doi.org/10.4230/LIPIcs.STACS.2022.15,Reconfiguration of Spanning Trees with Degree Constraint or Diameter Constraint,STACS,conference_paper,"Bousquet, Nicolas; Ito, Takehiro; Kobayashi, Yusuke; Mizuta, Haruka; Ouvrard, Paul; Suzuki, Akira; Wasa, Kunihiro",2022,1
https://doi.org/10.4230/LIPIcs.STACS.2022.16,Characterizing Omega-Regularity Through Finite-Memory Determinacy of Games on Infinite Graphs,STACS,conference_paper,"Bouyer, Patricia; Randour, Mickael; Vandenhove, Pierre",2022,1
https://doi.org/10.4230/LIPIcs.STACS.2022.19,The Aperiodic Domino Problem in Higher Dimension,STACS,conference_paper,"Callard, Antonin; Hellouin de Menibus, Benjamin",2022,1
https://doi.org/10.4230/LIPIcs.STACS.2022.26,The Isomorphism Problem for Plain Groups Is in Σ₃^{𝖯},STACS,conference_paper,"Dietrich, Heiko; Elder, Murray; Piggott, Adam; Qiao, Youming; Weiß, Armin",2022,1
https://doi.org/10.4230/LIPIcs.STACS.2022.29,Detours in Directed Graphs,STACS,conference_paper,"Fomin, Fedor V.; Golovach, Petr A.; Lochet, William; Sagunov, Danil; Simonov, Kirill; Saurabh, Saket",2022,1
https://doi.org/10.4230/LIPIcs.STACS.2022.35,Improved Quantum Lower and Upper Bounds for Matrix Scaling,STACS,conference_paper,"Gribling, Sander; Nieuwboer, Harold",2022,1
https://doi.org/10.4230/LIPIcs.STACS.2022.36,Tight Bounds for Counting Colorings and Connected Edge Sets Parameterized by Cutwidth,STACS,conference_paper,"Groenland, Carla; Mannens, Isja; Nederlof, Jesper; Szilágyi, Krisztina",2022,1
https://doi.org/10.4230/LIPIcs.STACS.2022.37,Satisfiability of Circuits and Equations over Finite Malcev Algebras,STACS,conference_paper,"Idziak, Paweł M.; Kawałek, Piotr; Krzaczkowski, Jacek",2022,1
https://doi.org/10.4230/LIPIcs.STACS.2022.39,Further Exploiting c-Closure for FPT Algorithms and Kernels for Domination Problems,STACS,conference_paper,"Kanesh, Lawqueen; Madathil, Jayakrishnan; Roy, Sanjukta; Sahu, Abhishek; Saurabh, Saket",2022,1
https://doi.org/10.4230/LIPIcs.STACS.2022.42,Covering Many (Or Few) Edges with k Vertices in Sparse Graphs,STACS,conference_paper,"Koana, Tomohiro; Komusiewicz, Christian; Nichterlein, André; Sommer, Frank",2022,1
https://doi.org/10.4230/LIPIcs.STACS.2022.44,"If VNP Is Hard, Then so Are Equations for It",STACS,conference_paper,"Kumar, Mrinal; Ramya, C.; Saptharishi, Ramprasad; Tengse, Anamay",2022,1
https://doi.org/10.4230/LIPIcs.STACS.2022.48,Extending the Reach of the Point-To-Set Principle,STACS,conference_paper,"Lutz, Jack H.; Lutz, Neil; Mayordomo, Elvira",2022,1
https://doi.org/10.4230/LIPIcs.STACS.2022.53,On Finer Separations Between Subclasses of Read-Once Oblivious ABPs,STACS,conference_paper,"Ramya, C.; Tengse, Anamay",2022,1
https://doi.org/10.4230/LIPIcs.STACS.2022.54,A Relativization Perspective on Meta-Complexity,STACS,conference_paper,"Ren, Hanlin; Santhanam, Rahul",2022,1
https://doi.org/10.4230/LIPIcs.STACS.2022.55,Superlinear Lower Bounds Based on ETH,STACS,conference_paper,"Salamon, András Z.; Wehar, Michael",2022,1
https://doi.org/10.4230/LIPIcs.STACS.2022.7,Existential Definability over the Subword Ordering,STACS,conference_paper,"Baumann, Pascal; Ganardi, Moses; Thinniyam, Ramanathan S.; Zetzsche, Georg",2022,1
https://doi.org/10.4230/LIPIcs.STACS.2022.8,Intrinsic Complexity of Recursive Functions on Natural Numbers with Standard Order,STACS,conference_paper,"Bazhenov, Nikolay; Kalociński, Dariusz; Wrocławski, Michał",2022,1
https://doi.org/10.4230/LIPIcs.STACS.2023.11,Tight Lower Bounds for Problems Parameterized by Rank-Width,STACS,conference_paper,"Bergougnoux, Benjamin; Korhonen, Tuukka; Nederlof, Jesper",2023,1
https://doi.org/10.4230/LIPIcs.STACS.2023.14,Tight Bounds for Connectivity Problems Parameterized by Cutwidth,STACS,conference_paper,"Bojikian, Narek; Chekan, Vera; Hegerfeld, Falko; Kratsch, Stefan",2023,1
https://doi.org/10.4230/LIPIcs.STACS.2023.23,Online Paging with Heterogeneous Cache Slots,STACS,conference_paper,"Chrobak, Marek; Haney, Samuel; Liaee, Mehraneh; Panigrahi, Debmalya; Rajaraman, Rajmohan; Sundaram, Ravi; Young, Neal E.",2023,1
https://doi.org/10.4230/LIPIcs.STACS.2023.24,On Rational Recursive Sequences,STACS,conference_paper,"Clemente, Lorenzo; Donten-Bury, Maria; Mazowiecki, Filip; Pilipczuk, Michał",2023,1
https://doi.org/10.4230/LIPIcs.STACS.2023.29,Exact Matching: Algorithms and Related Problems,STACS,conference_paper,"El Maalouly, Nicolas",2023,1
https://doi.org/10.4230/LIPIcs.STACS.2023.35,Parameterized Lower Bounds for Problems in P via Fine-Grained Cross-Compositions,STACS,conference_paper,"Heeger, Klaus; Nichterlein, André; Niedermeier, Rolf",2023,1
https://doi.org/10.4230/LIPIcs.STACS.2023.39,Induced Matching Below Guarantees: Average Paves the Way for Fixed-Parameter Tractability,STACS,conference_paper,"Koana, Tomohiro",2023,1
https://doi.org/10.4230/LIPIcs.STACS.2023.41,Maximum Matching via Maximal Matching Queries,STACS,conference_paper,"Konrad, Christian; Naidu, Kheeran K.; Steward, Arun",2023,1
https://doi.org/10.4230/LIPIcs.STACS.2023.48,Real Numbers Equally Compressible in Every Base,STACS,conference_paper,"Nandakumar, Satyadev; Pulari, Subin",2023,1
https://doi.org/10.4230/LIPIcs.STACS.2023.51,An Algebraic Approach to Vectorial Programs,STACS,conference_paper,"Paperman, Charles; Salvati, Sylvain; Soyez-Martin, Claire",2023,1
https://doi.org/10.4230/LIPIcs.STACS.2023.55,Restless Temporal Path Parameterized Above Lower Bounds,STACS,conference_paper,"Zschoche, Philipp",2023,1
https://doi.org/10.4230/LIPIcs.STACS.2023.6,Improved Weighted Matching in the Sliding Window Model,STACS,conference_paper,"Alexandru, Cezar-Mihail; Dvořák, Pavel; Konrad, Christian; Naidu, Kheeran K.",2023,1
https://doi.org/10.4230/LIPIcs.STACS.2023.7,Approximate Sampling and Counting of Graphs with Near-Regular Degree Intervals,STACS,conference_paper,"Amanatidis, Georgios; Kleer, Pieter",2023,1
https://doi.org/10.4230/LIPIcs.STACS.2023.8,Enumerating Regular Languages with Bounded Delay,STACS,conference_paper,"Amarilli, Antoine; Monet, Mikaël",2023,1
https://doi.org/10.4230/LIPIcs.STACS.2023.9,Regular Separability in Büchi VASS,STACS,conference_paper,"Baumann, Pascal; Meyer, Roland; Zetzsche, Georg",2023,1
https://doi.org/10.4230/LIPIcs.STACS.2024.11,A Characterization of Efficiently Compilable Constraint Languages,STACS,conference_paper,"Berkholz, Christoph; Mengel, Stefan; Wilhelm, Hermann",2024,1
https://doi.org/10.4230/LIPIcs.STACS.2024.12,Modal Logic Is More Succinct Iff Bi-Implication Is Available in Some Form,STACS,conference_paper,"Berkholz, Christoph; Kuske, Dietrich; Schwarz, Christian",2024,1
https://doi.org/10.4230/LIPIcs.STACS.2024.14,A Subquadratic Bound for Online Bisection,STACS,conference_paper,"Bienkowski, Marcin; Schmid, Stefan",2024,1
https://doi.org/10.4230/LIPIcs.STACS.2024.19,The Complexity of Homomorphism Reconstructibility,STACS,conference_paper,"Böker, Jan; Härtel, Louis; Runde, Nina; Seppelt, Tim; Standke, Christoph",2024,1
https://doi.org/10.4230/LIPIcs.STACS.2024.21,"Local Certification of Local Properties: Tight Bounds, Trade-Offs and New Parameters",STACS,conference_paper,"Bousquet, Nicolas; Feuilloley, Laurent; Zeitoun, Sébastien",2024,1
https://doi.org/10.4230/LIPIcs.STACS.2024.23,Fault-tolerant k-Supplier with Outliers,STACS,conference_paper,"Chakrabarty, Deeparnab; Cote, Luc; Sarkar, Ankita",2024,1
https://doi.org/10.4230/LIPIcs.STACS.2024.26,"A Myhill-Nerode Theorem for Generalized Automata, with Applications to Pattern Matching and Compression",STACS,conference_paper,"Cotumaccio, Nicola",2024,1
https://doi.org/10.4230/LIPIcs.STACS.2024.27,Nonnegativity Problems for Matrix Semigroups,STACS,conference_paper,"D'Costa, Julian; Ouaknine, Joël; Worrell, James",2024,1
https://doi.org/10.4230/LIPIcs.STACS.2024.31,On the Power of Border Width-2 ABPs over Fields of Characteristic 2,STACS,conference_paper,"Dutta, Pranjal; Ikenmeyer, Christian; Komarath, Balagopal; Mittal, Harshil; Nanoti, Saraswati Girish; Thakkar, Dhara",2024,1
https://doi.org/10.4230/LIPIcs.STACS.2024.32,O(1/ε) Is the Answer in Online Weighted Throughput Maximization,STACS,conference_paper,"Eberle, Franziska",2024,1
https://doi.org/10.4230/LIPIcs.STACS.2024.33,On the Exact Matching Problem in Dense Graphs,STACS,conference_paper,"El Maalouly, Nicolas; Haslebacher, Sebastian; Wulf, Lasse",2024,1
https://doi.org/10.4230/LIPIcs.STACS.2024.38,The AC⁰-Complexity of Visibly Pushdown Languages,STACS,conference_paper,"Göller, Stefan; Grosshans, Nathan",2024,1
https://doi.org/10.4230/LIPIcs.STACS.2024.4,Max Weight Independent Set in Sparse Graphs with No Long Claws,STACS,conference_paper,"Abrishami, Tara; Chudnovsky, Maria; Pilipczuk, Marcin; Rzążewski, Paweł",2024,1
https://doi.org/10.4230/LIPIcs.STACS.2024.41,Linear Loop Synthesis for Quadratic Invariants,STACS,conference_paper,"Hitarth, S.; Kenison, George; Kovács, Laura; Varonka, Anton",2024,1
https://doi.org/10.4230/LIPIcs.STACS.2024.45,Circuit Equivalence in 2-Nilpotent Algebras,STACS,conference_paper,"Kawałek, Piotr; Kompatscher, Michael; Krzaczkowski, Jacek",2024,1
https://doi.org/10.4230/LIPIcs.STACS.2024.46,The Subpower Membership Problem of 2-Nilpotent Algebras,STACS,conference_paper,"Kompatscher, Michael",2024,1
https://doi.org/10.4230/LIPIcs.STACS.2024.52,Worst-Case and Smoothed Analysis of the Hartigan-Wong Method for k-Means Clustering,STACS,conference_paper,"Manthey, Bodo; van Rhijn, Jesse",2024,1
https://doi.org/10.4230/LIPIcs.STACS.2024.53,Homomorphism-Distinguishing Closedness for Graphs of Bounded Tree-Width,STACS,conference_paper,"Neuen, Daniel",2024,1
https://doi.org/10.4230/LIPIcs.STACS.2024.54,Positionality in Σ⁰₂ and a Completeness Result,STACS,conference_paper,"Ohlmann, Pierre; Skrzypczak, Michał",2024,1
https://doi.org/10.4230/LIPIcs.STACS.2024.57,Shortest Two Disjoint Paths in Conservative Graphs,STACS,conference_paper,"Schlotter, Ildikó",2024,1
https://doi.org/10.4230/LIPIcs.STACS.2024.6,On a Hierarchy of Spectral Invariants for Graphs,STACS,conference_paper,"Arvind, V.; Fuhlbrück, Frank; Köbler, Johannes; Verbitsky, Oleg",2024,1
https://doi.org/10.4230/LIPIcs.STACS.2024.8,Faster Graph Algorithms Through DAG Compression,STACS,conference_paper,"Bannach, Max; Marwitz, Florian Andreas; Tantau, Till",2024,1
https://doi.org/10.4230/LIPIcs.STACS.2024.9,Testing Equivalence to Design Polynomials,STACS,conference_paper,"Baraskar, Omkar; Dewan, Agrim; Saha, Chandan",2024,1
https://doi.org/10.4230/LIPIcs.STACS.2025.13,Hyperbolic Random Graphs: Clique Number and Degeneracy with Implications for Colouring,STACS,conference_paper,"Baguley, Samuel; Maus, Yannic; Ruff, Janosch; Skretas, George",2025,1
https://doi.org/10.4230/LIPIcs.STACS.2025.16,Listing Spanning Trees of Outerplanar Graphs by Pivot-Exchanges,STACS,conference_paper,"Behrooznia, Nastaran; Mütze, Torsten",2025,1
https://doi.org/10.4230/LIPIcs.STACS.2025.17,Tight Approximation and Kernelization Bounds for Vertex-Disjoint Shortest Paths,STACS,conference_paper,"Bentert, Matthias; Fomin, Fedor V.; Golovach, Petr A.",2025,1
https://doi.org/10.4230/LIPIcs.STACS.2025.23,How to Play the Accordion: Uniformity and the (Non-)Conservativity of the Linear Approximation of the λ-Calculus,STACS,conference_paper,"Cerda, Rémy; Vaux Auclair, Lionel",2025,1
https://doi.org/10.4230/LIPIcs.STACS.2025.32,A Faster Algorithm for Constrained Correlation Clustering,STACS,conference_paper,"Fischer, Nick; Kipouridis, Evangelos; Klausen, Jonas; Thorup, Mikkel",2025,1
https://doi.org/10.4230/LIPIcs.STACS.2025.36,MaxMin Separation Problems: FPT Algorithms for st-Separator and Odd Cycle Transversal,STACS,conference_paper,"Gaikwad, Ajinkya; Kumar, Hitendra; Maity, Soumen; Saurabh, Saket; Sharma, Roohani",2025,1
https://doi.org/10.4230/LIPIcs.STACS.2025.38,Two-Dimensional Longest Common Extension Queries in Compact Space,STACS,conference_paper,"Ganguly, Arnab; Gibney, Daniel; Shah, Rahul; Thankachan, Sharma V.",2025,1
https://doi.org/10.4230/LIPIcs.STACS.2025.43,Approximating Densest Subgraph in Geometric Intersection Graphs,STACS,conference_paper,"Har-Peled, Sariel; Rahul, Saladi",2025,1
https://doi.org/10.4230/LIPIcs.STACS.2025.45,Forbidden Patterns in Mixed Linear Layouts,STACS,conference_paper,"Haun, Deborah; Merker, Laura; Pupyrev, Sergey",2025,1
https://doi.org/10.4230/LIPIcs.STACS.2025.47,Minimizing the Number of Tardy Jobs with Uniform Processing Times on Parallel Machines,STACS,conference_paper,"Heeger, Klaus; Molter, Hendrik",2025,1
https://doi.org/10.4230/LIPIcs.STACS.2025.48,Subshifts Defined by Nondeterministic and Alternating Plane-Walking Automata,STACS,conference_paper,"Hellouin de Menibus, Benjamin; Perrotin, Pacôme",2025,1
https://doi.org/10.4230/LIPIcs.STACS.2025.52,Polynomial Kernel and Incompressibility for Prison-Free Edge Deletion and Completion,STACS,conference_paper,"Houari-Durand, Séhane Bel; Eiben, Eduard; Wahlström, Magnus",2025,1
https://doi.org/10.4230/LIPIcs.STACS.2025.55,Modal Separation of Fixpoint Formulae,STACS,conference_paper,"Jung, Jean Christoph; Kołodziejski, Jędrzej",2025,1
https://doi.org/10.4230/LIPIcs.STACS.2025.56,Transforming Stacks into Queues: Mixed and Separated Layouts of Graphs,STACS,conference_paper,"Katheder, Julia; Kaufmann, Michael; Pupyrev, Sergey; Ueckerdt, Torsten",2025,1
https://doi.org/10.4230/LIPIcs.STACS.2025.61,Efficiently Computing the Minimum Rank of a Matrix in a Monoid of Zero-One Matrices,STACS,conference_paper,"Kiefer, Stefan; Ryzhikov, Andrew",2025,1
https://doi.org/10.4230/LIPIcs.STACS.2025.62,Faster Algorithms on Linear Delta-Matroids,STACS,conference_paper,"Koana, Tomohiro; Wahlström, Magnus",2025,1
https://doi.org/10.4230/LIPIcs.STACS.2025.66,The Hardness of Decision Tree Complexity,STACS,conference_paper,"Loff, Bruno; Milovanov, Alexey",2025,1
https://doi.org/10.4230/LIPIcs.STACS.2025.68,Slightly Non-Linear Higher-Order Tree Transducers,STACS,conference_paper,"Nguyễn, Lê Thành Dũng (Tito); Vanoni, Gabriele",2025,1
https://doi.org/10.4230/LIPIcs.STACS.2025.7,Faster Edge Coloring by Partition Sieving,STACS,conference_paper,"Akmal, Shyan; Koana, Tomohiro",2025,1
https://doi.org/10.4230/LIPIcs.STACS.2025.72,Card-Based Protocols Imply PSM Protocols,STACS,conference_paper,"Shinagawa, Kazumasa; Nuida, Koji",2025,1
https://doi.org/10.4230/LIPIcs.STACS.2025.8,Tropical Proof Systems: Between R(CP) and Resolution,STACS,conference_paper,"Alekseev, Yaroslav; Grigoriev, Dima; Hirsch, Edward A.",2025,1
https://doi.org/10.4230/LIPIcs.STACS.2025.9,"Improved Approximation Algorithms for (1,2)-TSP and Max-TSP Using Path Covers in the Semi-Streaming Model",STACS,conference_paper,"Alipour, Sharareh; Farokhnejad, Ermiya; Mömke, Tobias",2025,1
https://doi.org/10.4230/LIPIcs.STACS.2026.1,Query Languages for Machine-Learning Models (Invited Talk),STACS,conference_paper,"Grohe, Martin",2026,1
https://doi.org/10.4230/LIPIcs.STACS.2026.10,A Polynomial Bound on the Pathwidth of Graphs Edge-Coverable by k Shortest Paths,STACS,conference_paper,"Baste, Julien; De Meyer, Lucas; Giocanti, Ugo; Objois, Etienne; Picavet, Timothé",2026,1
https://doi.org/10.4230/LIPIcs.STACS.2026.11,The Diameter of (Threshold) Geometric Inhomogeneous Random Graphs,STACS,conference_paper,"Benjert, Zylan; Lakis, Kostas; Lengler, Johannes; Ravi, Raghu Raman",2026,1
https://doi.org/10.4230/LIPIcs.STACS.2026.13,Line Cover and Related Problems,STACS,conference_paper,"Bentert, Matthias; Fomin, Fedor V.; Golovach, Petr A.; Saha, Souvik; Seetharaman, Sanjay; Upasana, Anannya",2026,1
https://doi.org/10.4230/LIPIcs.STACS.2026.24,"Foremost, Fastest, Shortest: Temporal Graph Realization Under Various Path Metrics",STACS,conference_paper,"Cauvi, Justine; Morawietz, Nils; Viennot, Laurent",2026,1
https://doi.org/10.4230/LIPIcs.STACS.2026.28,"Conditional Complexity Hardness: Monotone Circuit Size, Matrix Rigidity, and Tensor Rank",STACS,conference_paper,"Chukhin, Nikolai; Kulikov, Alexander S.; Mihajlin, Ivan; Smirnova, Arina",2026,1
https://doi.org/10.4230/LIPIcs.STACS.2026.31,Lower Bounds for Ranking-Based Pivot Rules,STACS,conference_paper,"Disser, Yann; Loho, Georg; Maat, Matthew; Mosis, Nils",2026,1
https://doi.org/10.4230/LIPIcs.STACS.2026.33,Higher Hardness Results for the Reconfiguration of Odd Matchings,STACS,conference_paper,"Dorfer, Joseph",2026,1
https://doi.org/10.4230/LIPIcs.STACS.2026.35,A Quantum Pigeonhole Principle and Two Semidefinite Relaxations of Communication Complexity,STACS,conference_paper,"Dvořák, Pavel; Loff, Bruno; Sherif, Suhail",2026,1
https://doi.org/10.4230/LIPIcs.STACS.2026.4,Unit Interval Selection in Random Order Streams,STACS,conference_paper,"Alexandru, Cezar-Mihail; Diddapur, Adithya; Halldórsson, Magnús M.; Konrad, Christian; Naidu, Kheeran K.",2026,1
https://doi.org/10.4230/LIPIcs.STACS.2026.41,On the Complexity of Computing Strahler Numbers,STACS,conference_paper,"Ganardi, Moses; Lohrey, Markus",2026,1
https://doi.org/10.4230/LIPIcs.STACS.2026.45,The Complexity of Homomorphism Reconstruction Revisited,STACS,conference_paper,"Gervens, Timo; Grohe, Martin; Härtel, Louis; da Silva Fonseca, Philipp",2026,1
https://doi.org/10.4230/LIPIcs.STACS.2026.46,Smaller Circuits for Bit Addition,STACS,conference_paper,"Goncharov, Mikhail; Kulikov, Alexander S.; Levtsov, Georgie",2026,1
https://doi.org/10.4230/LIPIcs.STACS.2026.5,On the Complexity of Language Membership for Probabilistic Words,STACS,conference_paper,"Amarilli, Antoine; Monet, Mikaël; Raphaël, Paul; Salvati, Sylvain",2026,1
https://doi.org/10.4230/LIPIcs.STACS.2026.50,A Polynomial Kernel for Face Cover on Non-Embedded Planar Graphs,STACS,conference_paper,"Hamm, Thekla; Pandey, Sukanya; Szilágyi, Krisztina",2026,1
https://doi.org/10.4230/LIPIcs.STACS.2026.53,Maximum Reachability Orientation of Mixed Graphs,STACS,conference_paper,"Hörsch, Florian",2026,1
https://doi.org/10.4230/LIPIcs.STACS.2026.54,A 13/6-Approximation for Strip Packing via the Bottom-Left Algorithm,STACS,conference_paper,"Hougardy, Stefan; Zondervan, Bart",2026,1
https://doi.org/10.4230/LIPIcs.STACS.2026.56,A Practical 73/50 Approximation for Contiguous Monotone Moldable Job Scheduling,STACS,conference_paper,"Jansen, Klaus; Ohnesorge, Felix",2026,1
https://doi.org/10.4230/LIPIcs.STACS.2026.58,A Polylogarithmic Competitive Algorithm for Stochastic Online Sorting and TSP,STACS,conference_paper,"Kalavas, Andreas; Platanos, Charalampos; Tolias, Thanos",2026,1
https://doi.org/10.4230/LIPIcs.STACS.2026.59,When Is Local Search Both Effective and Efficient?,STACS,conference_paper,"Kaznatcheev, Artem; Vazquez Alferez, Sofia",2026,1
https://doi.org/10.4230/LIPIcs.STACS.2026.62,Relative Compressed Reverse Suffix Array,STACS,conference_paper,"Kulekci, Muhammed Oguzhan; Parthasarathi, Mano Prakash; Shah, Rahul; Thankachan, Sharma V.",2026,1
https://doi.org/10.4230/LIPIcs.STACS.2026.64,One-Clock Synthesis Problems,STACS,conference_paper,"Lasota, Sławomir; Lehaut, Mathieu; Parreaux, Julie; Piórkowski, Radosław",2026,1
https://doi.org/10.4230/LIPIcs.STACS.2026.65,Demystifying Codensity Monads via Duality,STACS,conference_paper,"Lenke, Fabian; Wittrock, Nico; Milius, Stefan; Urbat, Henning",2026,1
https://doi.org/10.4230/LIPIcs.STACS.2026.70,A Permanental Analog of the Rank-Nullity Theorem for Symmetric Matrices,STACS,conference_paper,"Pant, Priyanshu; Chakrabartty, Surabhi; Singh, Ranveer",2026,1
https://doi.org/10.4230/LIPIcs.STACS.2026.77,An Improved Version of Hmelevskii’s Theorem on Three-Variable Word Equations,STACS,conference_paper,"Saarela, Aleksi",2026,1
https://doi.org/10.4230/LIPIcs.STACS.2026.78,Protrusion Decompositions Revisited: Uniform Lossy Kernels for Reducing Treewidth and Linear Kernels for Hitting Disconnected Minors,STACS,conference_paper,"Sharma, Roohani; Włodarczyk, Michał",2026,1
https://doi.org/10.4230/LIPIcs.STACS.2026.79,"Mind the Gap. Doubling Constant Parametrization of Weighted Problems: TSP, Max-Cut, and More",STACS,conference_paper,"Stoian, Mihail",2026,1
https://doi.org/10.4230/LIPIcs.STACS.2026.80,Efficient Compression in Semigroups,STACS,conference_paper,"Thumm, Alexander; Weiß, Armin",2026,1
https://doi.org/10.4230/LIPIcs.STACS.2026.9,Algebraic Characterizations of Classes of Regular Languages in DynFO,STACS,conference_paper,"Barloy, Corentin; Tschirbs, Felix; Vortmeier, Nils; Zeume, Thomas",2026,1
https://doi.org/10.4230/LIPIcs.SWAT.2016.12,Lower Bounds for Approximation Schemes for Closest String,SWAT,conference_paper,"Cygan, Marek; Lokshtanov, Daniel; Pilipczuk, Marcin; Pilipczuk, Michal; Saurabh, Saket",2016,1
https://doi.org/10.4230/LIPIcs.SWAT.2016.21,Online Dominating Set,SWAT,conference_paper,"Boyar, Joan; Eidenbenz, Stephan J.; Favrholdt, Lene M.; Kotrbcik, Michal; Larsen, Kim S.",2016,1
https://doi.org/10.4230/LIPIcs.SWAT.2016.26,Approximating the Integral Fréchet Distance,SWAT,conference_paper,"Maheshwari, Anil; Sack, Jörg-Rüdiger; Scheffer, Christian",2016,1
https://doi.org/10.4230/LIPIcs.SWAT.2016.7,A Simple Mergeable Dictionary,SWAT,conference_paper,"Karczmarz, Adam",2016,1
https://doi.org/10.4230/LIPIcs.SWAT.2016.8,Cuckoo Filter: Simplification and Analysis,SWAT,conference_paper,"Eppstein, David",2016,1
https://doi.org/10.4230/LIPIcs.SWAT.2018.10,On the Size of Outer-String Representations,SWAT,conference_paper,"Biedl, Therese; Biniaz, Ahmad; Derka, Martin",2018,1
https://doi.org/10.4230/LIPIcs.SWAT.2018.12,Boundary Labeling for Rectangular Diagrams,SWAT,conference_paper,"Bose, Prosenjit; Carmi, Paz; Keil, J. Mark; Mehrabi, Saeed; Mondal, Debajyoti",2018,1
https://doi.org/10.4230/LIPIcs.SWAT.2018.21,Partial Complementation of Graphs,SWAT,conference_paper,"Fomin, Fedor V.; Golovach, Petr A.; Strømme, Torstein J. F.; Thilikos, Dimitrios M.",2018,1
https://doi.org/10.4230/LIPIcs.SWAT.2018.23,Parameterized Aspects of Strong Subgraph Closure,SWAT,conference_paper,"Golovach, Petr A.; Heggernes, Pinar; Konstantinidis, Athanasios L.; Lima, Paloma T.; Papadopoulos, Charis",2018,1
https://doi.org/10.4230/LIPIcs.SWAT.2018.27,Reconfiguration of Colorable Sets in Classes of Perfect Graphs,SWAT,conference_paper,"Ito, Takehiro; Otachi, Yota",2018,1
https://doi.org/10.4230/LIPIcs.SWAT.2018.7,Multistage Matchings,SWAT,conference_paper,"Bampis, Evripidis; Escoffier, Bruno; Lampis, Michael; Paschos, Vangelis Th.",2018,1
https://doi.org/10.4230/LIPIcs.SWAT.2020.15,Low-Stretch Spanning Trees of Graphs with Bounded Width,SWAT,conference_paper,"Borradaile, Glencora; Chambers, Erin Wolf; Eppstein, David; Maxwell, William; Nayyeri, Amir",2020,1
https://doi.org/10.4230/LIPIcs.SWAT.2020.19,On the Hardness of Computing an Average Curve,SWAT,conference_paper,"Buchin, Kevin; Driemel, Anne; Struijs, Martijn",2020,1
https://doi.org/10.4230/LIPIcs.SWAT.2020.21,Drawing Graphs with Circular Arcs and Right-Angle Crossings,SWAT,conference_paper,"Chaplick, Steven; Förster, Henry; Kryven, Myroslav; Wolff, Alexander",2020,1
https://doi.org/10.4230/LIPIcs.SWAT.2020.22,Clustering Moving Entities in Euclidean Space,SWAT,conference_paper,"Durocher, Stephane; Hassan, Md Yeakub",2020,1
https://doi.org/10.4230/LIPIcs.SWAT.2020.26,Maximum Edge-Colorable Subgraph and Strong Triadic Closure Parameterized by Distance to Low-Degree Graphs,SWAT,conference_paper,"Grüttemeier, Niels; Komusiewicz, Christian; Morawietz, Nils",2020,1
https://doi.org/10.4230/LIPIcs.SWAT.2020.29,Fast Multi-Subset Transform and Weighted Sums over Acyclic Digraphs,SWAT,conference_paper,"Koivisto, Mikko; Röyskö, Antti",2020,1
https://doi.org/10.4230/LIPIcs.SWAT.2020.8,Submodular Clustering in Low Dimensions,SWAT,conference_paper,"Backurs, Arturs; Har-Peled, Sariel",2020,1
https://doi.org/10.4230/LIPIcs.SWAT.2020.9,Kernelizing the Hitting Set Problem in Linear Sequential and Constant Parallel Time,SWAT,conference_paper,"Bannach, Max; Skambath, Malte; Tantau, Till",2020,1
https://doi.org/10.4230/LIPIcs.SWAT.2022.13,Dense Graph Partitioning on Sparse and Dense Graphs,SWAT,conference_paper,"Bazgan, Cristina; Casel, Katrin; Cazals, Pierre",2022,1
https://doi.org/10.4230/LIPIcs.SWAT.2022.17,Lions and Contamination: Monotone Clearings,SWAT,conference_paper,"Bertschinger, Daniel; M. Reddy, Meghana; Mann, Enrico",2022,1
https://doi.org/10.4230/LIPIcs.SWAT.2022.21,Nearest-Neighbor Decompositions of Drawings,SWAT,conference_paper,"Cleve, Jonas; Grelier, Nicolas; Knorr, Kristin; Löffler, Maarten; Mulzer, Wolfgang; Perz, Daniel",2022,1
https://doi.org/10.4230/LIPIcs.SWAT.2022.27,Matroid-Constrained Maximum Vertex Cover: Approximate Kernels and Streaming Algorithms,SWAT,conference_paper,"Huang, Chien-Chung; Sellier, François",2022,1
https://doi.org/10.4230/LIPIcs.SWAT.2022.29,Most Classic Problems Remain NP-Hard on Relative Neighborhood Graphs and Their Relatives,SWAT,conference_paper,"Kunz, Pascal; Fluschnik, Till; Niedermeier, Rolf; Renken, Malte",2022,1
https://doi.org/10.4230/LIPIcs.SWAT.2022.33,Space-Efficient Data Structure for Posets with Applications,SWAT,conference_paper,"Yanagita, Tatsuya; Chakraborty, Sankardeep; Sadakane, Kunihiko; Satti, Srinivasa Rao",2022,1
https://doi.org/10.4230/LIPIcs.SWAT.2022.4,Compacting Squares: Input-Sensitive In-Place Reconfiguration of Sliding Squares,SWAT,conference_paper,"A. Akitaya, Hugo; Demaine, Erik D.; Korman, Matias; Kostitsyna, Irina; Parada, Irene; Sonke, Willem; Speckmann, Bettina; Uehara, Ryuhei; Wulms, Jules",2022,1
https://doi.org/10.4230/LIPIcs.SWAT.2024.1,Eliminating Crossings in Ordered Graphs,SWAT,conference_paper,"Agrawal, Akanksha; Cabello, Sergio; Kaufmann, Michael; Saurabh, Saket; Sharma, Roohani; Uno, Yushi; Wolff, Alexander",2024,1
https://doi.org/10.4230/LIPIcs.SWAT.2024.18,Dynamic L-Budget Clustering of Curves,SWAT,conference_paper,"Buchin, Kevin; Buchin, Maike; Gudmundsson, Joachim; Plätz, Lukas; Thiel, Lea; Wong, Sampson",2024,1
https://doi.org/10.4230/LIPIcs.SWAT.2024.19,Fixed-Parameter Tractable Certified Algorithms for Covering and Dominating in Planar Graphs and Beyond,SWAT,conference_paper,"Bumpus, Benjamin Merlin; Jansen, Bart M. P.; Venne, Jaime",2024,1
https://doi.org/10.4230/LIPIcs.SWAT.2024.2,Local Spanners Revisited,SWAT,conference_paper,"Ashur, Stav; Har-Peled, Sariel",2024,1
https://doi.org/10.4230/LIPIcs.SWAT.2024.20,Sparsity-Parameterised Dynamic Edge Colouring,SWAT,conference_paper,"Christiansen, Aleksander B. G.; Rotenberg, Eva; Vlieghe, Juliette",2024,1
https://doi.org/10.4230/LIPIcs.SWAT.2024.21,Approximating Minimum Sum Coloring with Bundles,SWAT,conference_paper,"Darbouy, Seyed Parsa; Friggstad, Zachary",2024,1
https://doi.org/10.4230/LIPIcs.SWAT.2024.24,Optimizing Symbol Visibility Through Displacement,SWAT,conference_paper,"Gärtner, Bernd; Kalani, Vishwas; M. Reddy, Meghana; Meulemans, Wouter; Speckmann, Bettina; Stojaković, Miloš",2024,1
https://doi.org/10.4230/LIPIcs.SWAT.2024.25,Delaunay Triangulations in the Hilbert Metric,SWAT,conference_paper,"Gezalyan, Auguste H.; Kim, Soo H.; Lopez, Carlos; Skora, Daniel; Stefankovic, Zofia; Mount, David M.",2024,1
https://doi.org/10.4230/LIPIcs.SWAT.2024.26,No-Dimensional Tverberg Partitions Revisited,SWAT,conference_paper,"Har-Peled, Sariel; Robson, Eliot W.",2024,1
https://doi.org/10.4230/LIPIcs.SWAT.2024.28,Search-Space Reduction via Essential Vertices Revisited: Vertex Multicut and Cograph Deletion,SWAT,conference_paper,"Jansen, Bart M. P.; Verhaegh, Ruben F. A.",2024,1
https://doi.org/10.4230/LIPIcs.SWAT.2024.29,Edge Multiway Cut and Node Multiway Cut Are Hard for Planar Subcubic Graphs,SWAT,conference_paper,"Johnson, Matthew; Martin, Barnaby; Pandey, Sukanya; Paulusma, Daniël; Smith, Siani; van Leeuwen, Erik Jan",2024,1
https://doi.org/10.4230/LIPIcs.SWAT.2024.3,Pairwise Rearrangement is Fixed-Parameter Tractable in the Single Cut-and-Join Model,SWAT,conference_paper,"Bailey, Lora; Blake, Heather Smith; Cochran, Garner; Fox, Nathan; Levet, Michael; Mahmoud, Reem; Singgih, Inne; Stadnyk, Grace; Wiedemann, Alexander",2024,1
https://doi.org/10.4230/LIPIcs.SWAT.2024.30,Parameterized Complexity of Submodular Minimization Under Uncertainty,SWAT,conference_paper,"Kakimura, Naonori; Schlotter, Ildikó",2024,1
https://doi.org/10.4230/LIPIcs.SWAT.2024.31,Optimal In-Place Compaction of Sliding Cubes,SWAT,conference_paper,"Kostitsyna, Irina; Ophelders, Tim; Parada, Irene; Peters, Tom; Sonke, Willem; Speckmann, Bettina",2024,1
https://doi.org/10.4230/LIPIcs.SWAT.2024.35,Solving a Family Of Multivariate Optimization and Decision Problems on Classes of Bounded Expansion,SWAT,conference_paper,"Mock, Daniel; Rossmanith, Peter",2024,1
https://doi.org/10.4230/LIPIcs.SWAT.2024.38,Finding Induced Subgraphs from Graphs with Small Mim-Width,SWAT,conference_paper,"Otachi, Yota; Suzuki, Akira; Tamura, Yuma",2024,1
https://doi.org/10.4230/LIPIcs.SWAT.2024.6,Destroying Densest Subgraphs Is Hard,SWAT,conference_paper,"Bazgan, Cristina; Nichterlein, André; Vazquez Alferez, Sofia",2024,1
https://doi.org/10.4230/LIPIcs.SWAT.2024.8,Correlation Clustering with Vertex Splitting,SWAT,conference_paper,"Bentert, Matthias; Crane, Alex; Drange, Pål Grønås; Reidl, Felix; Sullivan, Blair D.",2024,1
https://doi.org/10.4230/LIPIcs.SWAT.2026.11,Improved Approximation of Two Watchmen’s Routes in Simple Polygons,SWAT,conference_paper,"Brötzner, Anna; Nilsson, Bengt J.; Schmidt, Christiane",2026,1
https://doi.org/10.4230/LIPIcs.SWAT.2026.16,Online Hitting Set for Axis-Aligned Squares,SWAT,conference_paper,"De, Minati; Singh, Satyam; Tóth, Csaba D.",2026,1
https://doi.org/10.4230/LIPIcs.SWAT.2026.2,On the Fragile Complexity of Geometric Algorithms,SWAT,conference_paper,"Aronov, Boris; Goswami, Mayank; Iacono, John; Ramesh, Indu",2026,1
https://doi.org/10.4230/LIPIcs.SWAT.2026.22,Search-Space Reduction for Boolean MinCSPs via Essential Constraints,SWAT,conference_paper,"Jansen, Bart M. P.; Verhaegh, Ruben F. A.",2026,1
https://doi.org/10.4230/LIPIcs.SWAT.2026.24,Cutwidth Versus BFS-Width with Applications to Graph Reconstruction from Distance Queries,SWAT,conference_paper,"Kaudan, Chirag; Nayyeri, Amir",2026,1
https://doi.org/10.4230/LIPIcs.SWAT.2026.25,Parameterized Critical Node Cut Revisited,SWAT,conference_paper,"Knop, Dušan; Melissinos, Nikolaos; Vasilakis, Manolis",2026,1
https://doi.org/10.4230/LIPIcs.SWAT.2026.26,On the Parameterized Complexity of Min-Sum-Radii,SWAT,conference_paper,"Kumar, Pankaj; Müller, Haiko; Ordyniak, Sebastian; Schmidt, Melanie",2026,1
https://doi.org/10.4230/LIPIcs.SWAT.2026.27,New Results on Three-Sided Skyline Range Counting and Reporting,SWAT,conference_paper,"Kushwaha, Suruchi; Nekrich, Yakov",2026,1
https://doi.org/10.4230/LIPIcs.SWAT.2026.33,Polychromatic 2-Colorings with Bounded Discrepancy for Triangulations,SWAT,conference_paper,"Loyola, Alma Arevalo; Biniaz, Ahmad; Bose, Prosenjit; Shermer, Thomas",2026,1
https://doi.org/10.4230/LIPIcs.SoCG.2016.13,Anchored Rectangle and Square Packings,SoCG,conference_paper,"Balas, Kevin; Dumitrescu, Adrian; Tóth, Csaba",2016,1
https://doi.org/10.4230/LIPIcs.SoCG.2016.19,On Visibility Representations of Non-Planar Graphs,SoCG,conference_paper,"Biedl, Therese; Liotta, Giuseppe; Montecchiani, Fabrizio",2016,1
https://doi.org/10.4230/LIPIcs.SoCG.2016.20,Delaunay Triangulations on Orientable Surfaces of Low Genus,SoCG,conference_paper,"Bogdanov, Mikhail; Teillaud, Monique; Vegter, Gert",2016,1
https://doi.org/10.4230/LIPIcs.SoCG.2016.28,Two Approaches to Building Time-Windowed Geometric Data Structures,SoCG,conference_paper,"Chan, Timothy M.; Pratt, Simon",2016,1
https://doi.org/10.4230/LIPIcs.SoCG.2016.30,Inserting Multiple Edges into a Planar Graph,SoCG,conference_paper,"Chimani, Markus; Hlinený, Petr",2016,1
https://doi.org/10.4230/LIPIcs.SoCG.2016.36,On the Number of Maximum Empty Boxes Amidst n Points,SoCG,conference_paper,"Dumitrescu, Adrian; Jiang, Minghui",2016,1
https://doi.org/10.4230/LIPIcs.SoCG.2016.37,Strongly Monotone Drawings of Planar Graphs,SoCG,conference_paper,"Felsner, Stefan; Igamberdiev, Alexander; Kindermann, Philipp; Klemz, Boris; Mchedlidze, Tamara; Scheucher, Manfred",2016,1
https://doi.org/10.4230/LIPIcs.SoCG.2016.38,Hyperplane Separability and Convexity of Probabilistic Point Sets,SoCG,conference_paper,"Fink, Martin; Hershberger, John; Kumar, Nirman; Suri, Subhash",2016,1
https://doi.org/10.4230/LIPIcs.SoCG.2016.47,Fixed Points of the Restricted Delaunay Triangulation Operator,SoCG,conference_paper,"Khoury, Marc; Shewchuk, Jonathan Richard",2016,1
https://doi.org/10.4230/LIPIcs.SoCG.2016.48,Congruence Testing of Point Sets in 4-Space,SoCG,conference_paper,"Kim, Heuna; Rote, Günter",2016,1
https://doi.org/10.4230/LIPIcs.SoCG.2016.5,Coloring Points with Respect to Squares,SoCG,conference_paper,"Ackerman, Eyal; Keszegh, Balázs; Vizer, Máté",2016,1
https://doi.org/10.4230/LIPIcs.SoCG.2016.50,A Quasilinear-Time Algorithm for Tiling the Plane Isohedrally with a Polyomino,SoCG,conference_paper,"Langerman, Stefan; Winslow, Andrew",2016,1
https://doi.org/10.4230/LIPIcs.SoCG.2016.59,Weak 1/r-Nets for Moving Points,SoCG,conference_paper,"Rok, Alexandre; Smorodinsky, Shakhar",2016,1
https://doi.org/10.4230/LIPIcs.SoCG.2016.8,Recognizing Weakly Simple Polygons,SoCG,conference_paper,"Akitaya, Hugo A.; Aloupis, Greg; Erickson, Jeff; Tóth, Csaba",2016,1
https://doi.org/10.4230/LIPIcs.SoCG.2017.11,Exact Algorithms for Terrain Guarding,SoCG,conference_paper,"Ashok, Pradeesha; Fomin, Fedor V.; Kolay, Sudeshna; Saurabh, Saket; Zehavi, Meirav",2017,1
https://doi.org/10.4230/LIPIcs.SoCG.2017.14,Towards a Topology-Shape-Metrics Framework for Ortho-Radial Drawings,SoCG,conference_paper,"Barth, Lukas; Niedermann, Benjamin; Rutter, Ignaz; Wolf, Matthias",2017,1
https://doi.org/10.4230/LIPIcs.SoCG.2017.16,On Optimal 2- and 3-Planar Graphs,SoCG,conference_paper,"Bekos, Michael A.; Kaufmann, Michael; Raftopoulou, Chrysanthi N.",2017,1
https://doi.org/10.4230/LIPIcs.SoCG.2017.22,Maximum Volume Subset Selection for Anchored Boxes,SoCG,conference_paper,"Bringmann, Karl; Cabello, Sergio; Emmerich, Michael T. M.",2017,1
https://doi.org/10.4230/LIPIcs.SoCG.2017.23,Declutter and Resample: Towards Parameter Free Denoising,SoCG,conference_paper,"Buchet, Mickael; Dey, Tamal K.; Wang, Jiayuan; Wang, Yusu",2017,1
https://doi.org/10.4230/LIPIcs.SoCG.2017.25,Local Equivalence and Intrinsic Metrics between Reeb Graphs,SoCG,conference_paper,"Carrière, Mathieu; Oudot, Steve",2017,1
https://doi.org/10.4230/LIPIcs.SoCG.2017.35,Computing the Geometric Intersection Number of Curves,SoCG,conference_paper,"Despré, Vincent; Lazarus, Francis",2017,1
https://doi.org/10.4230/LIPIcs.SoCG.2017.39,Topological Data Analysis with Bregman Divergences,SoCG,conference_paper,"Edelsbrunner, Herbert; Wagner, Hubert",2017,1
https://doi.org/10.4230/LIPIcs.SoCG.2017.45,Lower Bounds for Differential Privacy from Gaussian Width,SoCG,conference_paper,"Kattis, Assimakis; Nikolov, Aleksandar",2017,1
https://doi.org/10.4230/LIPIcs.SoCG.2017.49,A Proof of the Orbit Conjecture for Flipping Edge-Labelled Triangulations,SoCG,conference_paper,"Lubiw, Anna; Masárová, Zuzana; Wagner, Uli",2017,1
https://doi.org/10.4230/LIPIcs.SoCG.2017.53,A Quest to Unravel the Metric Structure Behind Perturbed Networks,SoCG,conference_paper,"Parthasarathy, Srinivasan; Sivakoff, David; Tian, Minghao; Wang, Yusu",2017,1
https://doi.org/10.4230/LIPIcs.SoCG.2017.54,From Crossing-Free Graphs on Wheel Sets to Embracing Simplices and Polytopes with Few Vertices,SoCG,conference_paper,"Pilz, Alexander; Welzl, Emo; Wettstein, Manuel",2017,1
https://doi.org/10.4230/LIPIcs.SoCG.2017.63,Ruler of the Plane - Games of Geometry (Multimedia Contribution),SoCG,conference_paper,"Beekhuis, Sander; Buchin, Kevin; Castermans, Thom; Hurks, Thom; Sonke, Willem",2017,1
https://doi.org/10.4230/LIPIcs.SoCG.2018.15,Realizations of Indecomposable Persistence Modules of Arbitrarily Large Dimension,SoCG,conference_paper,"Buchet, Mickaël; Escolar, Emerson G.",2018,1
https://doi.org/10.4230/LIPIcs.SoCG.2018.2,Approximating Maximum Diameter-Bounded Subgraph in Unit Disk Graphs,SoCG,conference_paper,"Abu-Affash, A. Karim; Carmi, Paz; Maheshwari, Anil; Morin, Pat; Smid, Michiel; Smorodinsky, Shakhar",2018,1
https://doi.org/10.4230/LIPIcs.SoCG.2018.27,Embedding Graphs into Two-Dimensional Simplicial Complexes,SoCG,conference_paper,"Verdière, Éric Colin de; Magnard, Thomas; Mohar, Bojan",2018,1
https://doi.org/10.4230/LIPIcs.SoCG.2018.29,Coordinated Motion Planning: Reconfiguring a Swarm of Labeled Robots with Bounded Stretch,SoCG,conference_paper,"Demaine, Erik D.; Fekete, Sándor P.; Keldenich, Phillip; Scheffer, Christian; Meijer, Henk",2018,1
https://doi.org/10.4230/LIPIcs.SoCG.2018.38,Rainbow Cycles in Flip Graphs,SoCG,conference_paper,"Felsner, Stefan; Kleist, Linda; Mütze, Torsten; Sering, Leon",2018,1
https://doi.org/10.4230/LIPIcs.SoCG.2018.43,Computational Topology and the Unique Games Conjecture,SoCG,conference_paper,"Grochow, Joshua A.; Tucker-Foltz, Jamie",2018,1
https://doi.org/10.4230/LIPIcs.SoCG.2018.48,Optimality of Geometric Local Search,SoCG,conference_paper,"Jartoux, Bruno; Mustafa, Nabil H.",2018,1
https://doi.org/10.4230/LIPIcs.SoCG.2018.50,Deletion in Abstract Voronoi Diagrams in Expected Linear Time,SoCG,conference_paper,"Junginger, Kolja; Papadopoulou, Evanthia",2018,1
https://doi.org/10.4230/LIPIcs.SoCG.2018.52,Coloring Intersection Hypergraphs of Pseudo-Disks,SoCG,conference_paper,"Keszegh, Balázs",2018,1
https://doi.org/10.4230/LIPIcs.SoCG.2018.53,Minimizing Crossings in Constrained Two-Sided Circular Graph Layouts,SoCG,conference_paper,"Klute, Fabian; Nöllenburg, Martin",2018,1
https://doi.org/10.4230/LIPIcs.SoCG.2018.54,Discrete Stratified Morse Theory: A User's Guide,SoCG,conference_paper,"Knudson, Kevin; Wang, Bei",2018,1
https://doi.org/10.4230/LIPIcs.SoCG.2018.59,Further Consequences of the Colorful Helly Hypothesis,SoCG,conference_paper,"Martínez-Sandoval, Leonardo; Roldán-Pensado, Edgardo; Rubin, Natan",2018,1
https://doi.org/10.4230/LIPIcs.SoCG.2018.60,Random Walks on Polytopes of Constant Corank,SoCG,conference_paper,"Milatz, Malte",2018,1
https://doi.org/10.4230/LIPIcs.SoCG.2018.61,Table Based Detection of Degenerate Predicates in Free Space Construction,SoCG,conference_paper,"Milenkovic, Victor; Sacks, Elisha; Butt, Nabeel",2018,1
https://doi.org/10.4230/LIPIcs.SoCG.2018.73,New Bounds for Range Closest-Pair Problems,SoCG,conference_paper,"Xue, Jie; Li, Yuan; Rahul, Saladi; Janardan, Ravi",2018,1
https://doi.org/10.4230/LIPIcs.SoCG.2019.19,A Spanner for the Day After,SoCG,conference_paper,"Buchin, Kevin; Har-Peled, Sariel; Oláh, Dániel",2019,1
https://doi.org/10.4230/LIPIcs.SoCG.2019.20,Computing Shapley Values in the Plane,SoCG,conference_paper,"Cabello, Sergio; Chan, Timothy M.",2019,1
https://doi.org/10.4230/LIPIcs.SoCG.2019.24,Dynamic Geometric Data Structures via Shallow Cuttings,SoCG,conference_paper,"Chan, Timothy M.",2019,1
https://doi.org/10.4230/LIPIcs.SoCG.2019.25,Lower Bounds for Electrical Reduction on Surfaces,SoCG,conference_paper,"Chang, Hsien-Chih; Cossarini, Marcos; Erickson, Jeff",2019,1
https://doi.org/10.4230/LIPIcs.SoCG.2019.29,Dual Circumference and Collinear Sets,SoCG,conference_paper,"Dujmović, Vida; Morin, Pat",2019,1
https://doi.org/10.4230/LIPIcs.SoCG.2019.31,Topological Data Analysis in Information Space,SoCG,conference_paper,"Edelsbrunner, Herbert; Virk, Žiga; Wagner, Hubert",2019,1
https://doi.org/10.4230/LIPIcs.SoCG.2019.32,Cubic Planar Graphs That Cannot Be Drawn On Few Lines,SoCG,conference_paper,"Eppstein, David",2019,1
https://doi.org/10.4230/LIPIcs.SoCG.2019.33,Counting Polygon Triangulations is Hard,SoCG,conference_paper,"Eppstein, David",2019,1
https://doi.org/10.4230/LIPIcs.SoCG.2019.38,The Crossing Tverberg Theorem,SoCG,conference_paper,"Fulek, Radoslav; Gärtner, Bernd; Kupavskii, Andrey; Valtr, Pavel; Wagner, Uli",2019,1
https://doi.org/10.4230/LIPIcs.SoCG.2019.54,On the Chromatic Number of Disjointness Graphs of Curves,SoCG,conference_paper,"Pach, János; Tomon, István",2019,1
https://doi.org/10.4230/LIPIcs.SoCG.2019.62,On the Complexity of the k-Level in Arrangements of Pseudoplanes,SoCG,conference_paper,"Sharir, Micha; Ziv, Chen",2019,1
https://doi.org/10.4230/LIPIcs.SoCG.2019.64,Properties of Minimal-Perimeter Polyominoes (Multimedia Exposition),SoCG,conference_paper,"Barequet, Gill; Ben-Shachar, Gil",2019,1
https://doi.org/10.4230/LIPIcs.SoCG.2019.9,Circumscribing Polygons and Polygonizations for Disjoint Line Segments,SoCG,conference_paper,"Akitaya, Hugo A.; Korman, Matias; Rudoy, Mikhail; Souvaine, Diane L.; Tóth, Csaba D.",2019,1
https://doi.org/10.4230/LIPIcs.SoCG.2020.1,An Almost Optimal Bound on the Number of Intersections of Two Simple Polygons,SoCG,conference_paper,"Ackerman, Eyal; Keszegh, Balázs; Rote, Günter",2020,1
https://doi.org/10.4230/LIPIcs.SoCG.2020.24,Geometric Secluded Paths and Planar Satisfiability,SoCG,conference_paper,"Buchin, Kevin; Polishchuk, Valentin; Sedov, Leonid; Voronov, Roman",2020,1
https://doi.org/10.4230/LIPIcs.SoCG.2020.26,Elder-Rule-Staircodes for Augmented Metric Spaces,SoCG,conference_paper,"Cai, Chen; Kim, Woojin; Mémoli, Facundo; Wang, Yusu",2020,1
https://doi.org/10.4230/LIPIcs.SoCG.2020.33,Finding Closed Quasigeodesics on Convex Polyhedra,SoCG,conference_paper,"Demaine, Erik D.; Hesterberg, Adam C.; Ku, Jason S.",2020,1
https://doi.org/10.4230/LIPIcs.SoCG.2020.37,Persistence of the Conley Index in Combinatorial Dynamical Systems,SoCG,conference_paper,"Dey, Tamal K.; Mrozek, Marian; Slechta, Ryan",2020,1
https://doi.org/10.4230/LIPIcs.SoCG.2020.41,Combinatorial Properties of Self-Overlapping Curves and Interior Boundaries,SoCG,conference_paper,"Evans, Parker; Fasy, Brittany Terese; Wenk, Carola",2020,1
https://doi.org/10.4230/LIPIcs.SoCG.2020.43,Minimum Scan Cover with Angular Transition Costs,SoCG,conference_paper,"Fekete, Sándor P.; Kleist, Linda; Krupke, Dominik",2020,1
https://doi.org/10.4230/LIPIcs.SoCG.2020.5,The ε-t-Net Problem,SoCG,conference_paper,"Alon, Noga; Jartoux, Bruno; Keller, Chaya; Smorodinsky, Shakhar; Yuditsky, Yelena",2020,1
https://doi.org/10.4230/LIPIcs.SoCG.2020.52,How to Find a Point in the Convex Hull Privately,SoCG,conference_paper,"Kaplan, Haim; Sharir, Micha; Stemmer, Uri",2020,1
https://doi.org/10.4230/LIPIcs.SoCG.2020.59,Four-Dimensional Dominance Range Reporting in Linear Space,SoCG,conference_paper,"Nekrich, Yakov",2020,1
https://doi.org/10.4230/LIPIcs.SoCG.2020.6,Terrain Visibility Graphs: Persistence Is Not Enough,SoCG,conference_paper,"Ameer, Safwa; Gibson-Lopez, Matt; Krohn, Erik; Soderman, Sean; Wang, Qing",2020,1
https://doi.org/10.4230/LIPIcs.SoCG.2020.71,The Spiroplot App (Media Exposition),SoCG,conference_paper,"van Dommelen, Casper; van Kreveld, Marc; Urhausen, Jérôme",2020,1
https://doi.org/10.4230/LIPIcs.SoCG.2020.78,Hiding Sliding Cubes: Why Reconfiguring Modular Robots Is Not Easy (Media Exposition),SoCG,conference_paper,"Miltzow, Tillmann; Parada, Irene; Sonke, Willem; Speckmann, Bettina; Wulms, Jules",2020,1
https://doi.org/10.4230/LIPIcs.SoCG.2020.83,Computing Low-Cost Convex Partitions for Planar Point Sets with Randomized Local Search and Constraint Programming (CG Challenge),SoCG,conference_paper,"Zheng, Da Wei; Spalding-Jamieson, Jack; Zhang, Brandon",2020,1
https://doi.org/10.4230/LIPIcs.SoCG.2020.9,Extending Drawings of Graphs to Arrangements of Pseudolines,SoCG,conference_paper,"Arroyo, Alan; Bensmail, Julien; Richter, R. Bruce",2020,1
https://doi.org/10.4230/LIPIcs.SoCG.2021.12,"On Undecided LP, Clustering and Active Learning",SoCG,conference_paper,"Ashur, Stav; Har-Peled, Sariel",2021,1
https://doi.org/10.4230/LIPIcs.SoCG.2021.15,Light Euclidean Steiner Spanners in the Plane,SoCG,conference_paper,"Bhore, Sujoy; Tóth, Csaba D.",2021,1
https://doi.org/10.4230/LIPIcs.SoCG.2021.16,Counting Cells of Order-k Voronoi Tessellations in ℝ³ with Morse Theory,SoCG,conference_paper,"Biswas, Ranita; Cultrera di Montesano, Sebastiano; Edelsbrunner, Herbert; Saghafian, Morteza",2021,1
https://doi.org/10.4230/LIPIcs.SoCG.2021.17,Tracing Isomanifolds in ℝ^d in Time Polynomial in d Using Coxeter-Freudenthal-Kuhn Triangulations,SoCG,conference_paper,"Boissonnat, Jean-Daniel; Kachanovich, Siargey; Wintraecken, Mathijs",2021,1
https://doi.org/10.4230/LIPIcs.SoCG.2021.18,Translating Hausdorff Is Hard: Fine-Grained Lower Bounds for Hausdorff Distance Under Translation,SoCG,conference_paper,"Bringmann, Karl; Nusser, André",2021,1
https://doi.org/10.4230/LIPIcs.SoCG.2021.29,Colouring Polygon Visibility Graphs and Their Generalizations,SoCG,conference_paper,"Davies, James; Krawczyk, Tomasz; McCarty, Rose; Walczak, Bartosz",2021,1
https://doi.org/10.4230/LIPIcs.SoCG.2021.32,The Density Fingerprint of a Periodic Point Set,SoCG,conference_paper,"Edelsbrunner, Herbert; Heiss, Teresa; Kurlin, Vitaliy; Smith, Philip; Wintraecken, Mathijs",2021,1
https://doi.org/10.4230/LIPIcs.SoCG.2021.34,On Ray Shooting for Triangles in 3-Space and Related Problems,SoCG,conference_paper,"Ezra, Esther; Sharir, Micha",2021,1
https://doi.org/10.4230/LIPIcs.SoCG.2021.37,Sunflowers in Set Systems of Bounded Dimension,SoCG,conference_paper,"Fox, Jacob; Pach, János; Suk, Andrew",2021,1
https://doi.org/10.4230/LIPIcs.SoCG.2021.38,Strong Hanani-Tutte for the Torus,SoCG,conference_paper,"Fulek, Radoslav; Pelsmajer, Michael J.; Schaefer, Marcus",2021,1
https://doi.org/10.4230/LIPIcs.SoCG.2021.39,"Improved Approximation Algorithms for 2-Dimensional Knapsack: Packing into Multiple L-Shapes, Spirals, and More",SoCG,conference_paper,"Gálvez, Waldo; Grandoni, Fabrizio; Khan, Arindam; Ramírez-Romero, Diego; Wiese, Andreas",2021,1
https://doi.org/10.4230/LIPIcs.SoCG.2021.41,Throwing a Sofa Through the Window,SoCG,conference_paper,"Halperin, Dan; Sharir, Micha; Yehuda, Itay",2021,1
https://doi.org/10.4230/LIPIcs.SoCG.2021.48,On Guillotine Separable Packings for the Two-Dimensional Geometric Knapsack Problem,SoCG,conference_paper,"Khan, Arindam; Maiti, Arnab; Sharma, Amatya; Wiese, Andreas",2021,1
https://doi.org/10.4230/LIPIcs.SoCG.2021.49,Restricted Constrained Delaunay Triangulations,SoCG,conference_paper,"Khoury, Marc; Shewchuk, Jonathan Richard",2021,1
https://doi.org/10.4230/LIPIcs.SoCG.2021.5,Chasing Puppies: Mobile Beacon Routing on Closed Curves,SoCG,conference_paper,"Abrahamsen, Mikkel; Erickson, Jeff; Kostitsyna, Irina; Löffler, Maarten; Miltzow, Tillmann; Urhausen, Jérôme; Vermeulen, Jordi; Viglietta, Giovanni",2021,1
https://doi.org/10.4230/LIPIcs.SoCG.2021.50,Near Neighbor Search via Efficient Average Distortion Embeddings,SoCG,conference_paper,"Kush, Deepanshu; Nikolov, Aleksandar; Tang, Haohua",2021,1
https://doi.org/10.4230/LIPIcs.SoCG.2021.52,Combinatorial Resultants in the Algebraic Rigidity Matroid,SoCG,conference_paper,"Malić, Goran; Streinu, Ileana",2021,1
https://doi.org/10.4230/LIPIcs.SoCG.2021.55,Polygon-Universal Graphs,SoCG,conference_paper,"Ophelders, Tim; Rutter, Ignaz; Speckmann, Bettina; Verbeek, Kevin",2021,1
https://doi.org/10.4230/LIPIcs.SoCG.2021.58,A Sparse Delaunay Filtration,SoCG,conference_paper,"Sheehy, Donald R.",2021,1
https://doi.org/10.4230/LIPIcs.SoCG.2021.59,An Optimal Deterministic Algorithm for Geodesic Farthest-Point Voronoi Diagrams in Simple Polygons,SoCG,conference_paper,"Wang, Haitao",2021,1
https://doi.org/10.4230/LIPIcs.SoCG.2021.6,Online Packing to Minimize Area or Perimeter,SoCG,conference_paper,"Abrahamsen, Mikkel; Beretta, Lorenzo",2021,1
https://doi.org/10.4230/LIPIcs.SoCG.2021.61,An Interactive Tool for Experimenting with Bounded-Degree Plane Geometric Spanners (Media Exposition),SoCG,conference_paper,"Anderson, Fred; Ghosh, Anirban; Graham, Matthew; Mougeot, Lucas; Wisnosky, David",2021,1
https://doi.org/10.4230/LIPIcs.SoCG.2021.7,Complexity of Maximum Cut on Interval Graphs,SoCG,conference_paper,"Adhikary, Ranendu; Bose, Kaustav; Mukherjee, Satwik; Roy, Bodhayan",2021,1
https://doi.org/10.4230/LIPIcs.SoCG.2022.10,Erdős-Szekeres-Type Problems in the Real Projective Plane,SoCG,conference_paper,"Balko, Martin; Scheucher, Manfred; Valtr, Pavel",2022,1
https://doi.org/10.4230/LIPIcs.SoCG.2022.12,Unlabeled Multi-Robot Motion Planning with Tighter Separation Bounds,SoCG,conference_paper,"Banyassady, Bahareh; de Berg, Mark; Bringmann, Karl; Buchin, Kevin; Fernau, Henning; Halperin, Dan; Kostitsyna, Irina; Okamoto, Yoshio; Slot, Stijn",2022,1
https://doi.org/10.4230/LIPIcs.SoCG.2022.17,ETH-Tight Algorithms for Finding Surfaces in Simplicial Complexes of Bounded Treewidth,SoCG,conference_paper,"Black, Mitchell; Blaser, Nello; Nayyeri, Amir; Vågset, Erlend Raa",2022,1
https://doi.org/10.4230/LIPIcs.SoCG.2022.2,On Cyclic Solutions to the Min-Max Latency Multi-Robot Patrolling Problem,SoCG,conference_paper,"Afshani, Peyman; de Berg, Mark; Buchin, Kevin; Gao, Jie; Löffler, Maarten; Nayyeri, Amir; Raichel, Benjamin; Sarkar, Rik; Wang, Haotian; Yang, Hao-Tsung",2022,1
https://doi.org/10.4230/LIPIcs.SoCG.2022.20,Dynamic Time Warping Under Translation: Approximation Guided by Space-Filling Curves,SoCG,conference_paper,"Bringmann, Karl; Kisfaludi‑Bak, Sándor; Künnemann, Marvin; Marx, Dániel; Nusser, André",2022,1
https://doi.org/10.4230/LIPIcs.SoCG.2022.23,Long Plane Trees,SoCG,conference_paper,"Cabello, Sergio; Hoffmann, Michael; Klost, Katharina; Mulzer, Wolfgang; Tkadlec, Josef",2022,1
https://doi.org/10.4230/LIPIcs.SoCG.2022.25,On Complexity of Computing Bottleneck and Lexicographic Optimal Cycles in a Homology Class,SoCG,conference_paper,"Chambers, Erin Wolf; Parsa, Salman; Schreiber, Hannah",2022,1
https://doi.org/10.4230/LIPIcs.SoCG.2022.30,Hop-Spanners for Geometric Intersection Graphs,SoCG,conference_paper,"Conroy, Jonathan B.; Tóth, Csaba D.",2022,1
https://doi.org/10.4230/LIPIcs.SoCG.2022.34,Computing Generalized Rank Invariant for 2-Parameter Persistence Modules via Zigzag Persistence and Its Applications,SoCG,conference_paper,"Dey, Tamal K.; Kim, Woojin; Mémoli, Facundo",2022,1
https://doi.org/10.4230/LIPIcs.SoCG.2022.35,Tracking Dynamical Features via Continuation and Persistence,SoCG,conference_paper,"Dey, Tamal K.; Lipiński, Michał; Mrozek, Marian; Slechta, Ryan",2022,1
https://doi.org/10.4230/LIPIcs.SoCG.2022.39,Weak Coloring Numbers of Intersection Graphs,SoCG,conference_paper,"Dvořák, Zdeněk; Pekárek, Jakub; Ueckerdt, Torsten; Yuditsky, Yelena",2022,1
https://doi.org/10.4230/LIPIcs.SoCG.2022.45,Hardness and Approximation of Minimum Convex Partition,SoCG,conference_paper,"Grelier, Nicolas",2022,1
https://doi.org/10.4230/LIPIcs.SoCG.2022.46,Parameterised Partially-Predrawn Crossing Number,SoCG,conference_paper,"Hamm, Thekla; Hliněný, Petr",2022,1
https://doi.org/10.4230/LIPIcs.SoCG.2022.5,Twisted Ways to Find Plane Structures in Simple Drawings of Complete Graphs,SoCG,conference_paper,"Aichholzer, Oswin; García, Alfredo; Tejel, Javier; Vogtenhuber, Birgit; Weinberger, Alexandra",2022,1
https://doi.org/10.4230/LIPIcs.SoCG.2022.55,Minimum Height Drawings of Ordered Trees in Polynomial Time: Homotopy Height of Tree Duals,SoCG,conference_paper,"Ophelders, Tim; Parsa, Salman",2022,1
https://doi.org/10.4230/LIPIcs.SoCG.2022.56,Disjointness Graphs of Short Polygonal Chains,SoCG,conference_paper,"Pach, János; Tardos, Gábor; Tóth, Géza",2022,1
https://doi.org/10.4230/LIPIcs.SoCG.2022.57,Covering Points by Hyperplanes and Related Problems,SoCG,conference_paper,"Patáková, Zuzana; Sharir, Micha",2022,1
https://doi.org/10.4230/LIPIcs.SoCG.2022.58,The Degree-Rips Complexes of an Annulus with Outliers,SoCG,conference_paper,"Rolle, Alexander",2022,1
https://doi.org/10.4230/LIPIcs.SoCG.2022.6,Edge Partitions of Complete Geometric Graphs,SoCG,conference_paper,"Aichholzer, Oswin; Obenaus, Johannes; Orthaber, Joachim; Paul, Rosna; Schnider, Patrick; Steiner, Raphael; Taubner, Tim; Vogtenhuber, Birgit",2022,1
https://doi.org/10.4230/LIPIcs.SoCG.2022.61,From Geometry to Topology: Inverse Theorems for Distributed Persistence,SoCG,conference_paper,"Solomon, Elchanan; Wagner, Alexander; Bendich, Paul",2022,1
https://doi.org/10.4230/LIPIcs.SoCG.2023.10,Coresets for Clustering in Geometric Intersection Graphs,SoCG,conference_paper,"Bandyapadhyay, Sayan; Fomin, Fedor V.; Inamdar, Tanmay",2023,1
https://doi.org/10.4230/LIPIcs.SoCG.2023.12,FPT Constant-Approximations for Capacitated Clustering to Minimize the Sum of Cluster Radii,SoCG,conference_paper,"Bandyapadhyay, Sayan; Lochet, William; Saurabh, Saket",2023,1
https://doi.org/10.4230/LIPIcs.SoCG.2023.17,An Extension Theorem for Signotopes,SoCG,conference_paper,"Bergold, Helena; Felsner, Stefan; Scheucher, Manfred",2023,1
https://doi.org/10.4230/LIPIcs.SoCG.2023.21,Finding Large Counterexamples by Selectively Exploring the Pachner Graph,SoCG,conference_paper,"Burton, Benjamin A.; He, Alexander",2023,1
https://doi.org/10.4230/LIPIcs.SoCG.2023.28,The Parameterized Complexity of Coordinated Motion Planning,SoCG,conference_paper,"Eiben, Eduard; Ganian, Robert; Kanj, Iyad",2023,1
https://doi.org/10.4230/LIPIcs.SoCG.2023.31,Linear Size Universal Point Sets for Classes of Planar Graphs,SoCG,conference_paper,"Felsner, Stefan; Schrezenmaier, Hendrik; Schröder, Felix; Steiner, Raphael",2023,1
https://doi.org/10.4230/LIPIcs.SoCG.2023.32,"When Ternary Triangulated Disc Packings Are Densest: Examples, Counter-Examples and Techniques",SoCG,conference_paper,"Fernique, Thomas; Pchelina, Daria",2023,1
https://doi.org/10.4230/LIPIcs.SoCG.2023.42,On the Width of Complicated JSJ Decompositions,SoCG,conference_paper,"Huszár, Kristóf; Spreer, Jonathan",2023,1
https://doi.org/10.4230/LIPIcs.SoCG.2023.44,On the Geometric Thickness of 2-Degenerate Graphs,SoCG,conference_paper,"Jain, Rahul; Ricci, Marco; Rollin, Jonathan; Schulz, André",2023,1
https://doi.org/10.4230/LIPIcs.SoCG.2023.47,Sparse Euclidean Spanners with Optimal Diameter: A General and Robust Lower Bound via a Concave Inverse-Ackermann Function,SoCG,conference_paper,"Le, Hung; Milenković, Lazar; Solomon, Shay",2023,1
https://doi.org/10.4230/LIPIcs.SoCG.2023.6,Drawings of Complete Multipartite Graphs up to Triangle Flips,SoCG,conference_paper,"Aichholzer, Oswin; Chiu, Man-Kwun; Hoang, Hung P.; Hoffmann, Michael; Kynčl, Jan; Maus, Yannic; Vogtenhuber, Birgit; Weinberger, Alexandra",2023,1
https://doi.org/10.4230/LIPIcs.SoCG.2024.18,Plane Hamiltonian Cycles in Convex Drawings,SoCG,conference_paper,"Bergold, Helena; Felsner, Stefan; M. Reddy, Meghana; Orthaber, Joachim; Scheucher, Manfred",2024,1
https://doi.org/10.4230/LIPIcs.SoCG.2024.19,Fully Dynamic Maximum Independent Sets of Disks in Polylogarithmic Update Time,SoCG,conference_paper,"Bhore, Sujoy; Nöllenburg, Martin; Tóth, Csaba D.; Wulms, Jules",2024,1
https://doi.org/10.4230/LIPIcs.SoCG.2024.20,Constrained and Ordered Level Planarity Parameterized by the Number of Levels,SoCG,conference_paper,"Blažej, Václav; Klemz, Boris; Klesen, Felix; Sieper, Marie Diana; Wolff, Alexander; Zink, Johannes",2024,1
https://doi.org/10.4230/LIPIcs.SoCG.2024.25,Fine-Grained Complexity of Earth Mover’s Distance Under Translation,SoCG,conference_paper,"Bringmann, Karl; Staals, Frank; Węgrzycki, Karol; van Wordragen, Geert",2024,1
https://doi.org/10.4230/LIPIcs.SoCG.2024.28,Computing Shortest Closed Curves on Non-Orientable Surfaces,SoCG,conference_paper,"Bulavka, Denys; Colin de Verdière, Éric; Fuladi, Niloufar",2024,1
https://doi.org/10.4230/LIPIcs.SoCG.2024.65,On the Parameterized Complexity of Motion Planning for Rectangular Robots,SoCG,conference_paper,"Kanj, Iyad; Parsa, Salman",2024,1
https://doi.org/10.4230/LIPIcs.SoCG.2024.68,"A Quadtree, a Steiner Spanner, and Approximate Nearest Neighbours in Hyperbolic Space",SoCG,conference_paper,"Kisfaludi-Bak, Sándor; van Wordragen, Geert",2024,1
https://doi.org/10.4230/LIPIcs.SoCG.2024.73,Demystifying Latschev’s Theorem: Manifold Reconstruction from Noisy Data,SoCG,conference_paper,"Majhi, Sushovan",2024,1
https://doi.org/10.4230/LIPIcs.SoCG.2024.9,A Clique-Based Separator for Intersection Graphs of Geodesic Disks in ℝ²,SoCG,conference_paper,"Aronov, Boris; de Berg, Mark; Theocharous, Leonidas",2024,1
https://doi.org/10.4230/LIPIcs.SoCG.2025.10,Steinhaus Filtration and Stable Paths in the Mapper,SoCG,conference_paper,"Arendt, Dustin L.; Broussard, Matthew; Krishnamoorthy, Bala; Saul, Nathaniel; Thrall, Amber",2025,1
https://doi.org/10.4230/LIPIcs.SoCG.2025.14,Extremal Betti Numbers and Persistence in Flag Complexes,SoCG,conference_paper,"Beers, Lies; Bakke Botnan, Magnus",2025,1
https://doi.org/10.4230/LIPIcs.SoCG.2025.16,Signotopes with Few Plus Signs,SoCG,conference_paper,"Bergold, Helena; Egeling, Lukas; Hoang, Hung P.",2025,1
https://doi.org/10.4230/LIPIcs.SoCG.2025.2,The Maximum Number of Digons Formed by Pairwise Intersecting Pseudocircles,SoCG,conference_paper,"Ackerman, Eyal; Damásdi, Gábor; Keszegh, Balázs; Pinchasi, Rom; Raffay, Rebeka",2025,1
https://doi.org/10.4230/LIPIcs.SoCG.2025.21,Structure and Independence in Hyperbolic Uniform Disk Graphs,SoCG,conference_paper,"Bläsius, Thomas; von der Heydt, Jean-Pierre; Kisfaludi-Bak, Sándor; Wilhelm, Marcus; van Wordragen, Geert",2025,1
https://doi.org/10.4230/LIPIcs.SoCG.2025.24,An 11/6-Approximation Algorithm for Vertex Cover on String Graphs,SoCG,conference_paper,"Bonnet, Édouard; Rzążewski, Paweł",2025,1
https://doi.org/10.4230/LIPIcs.SoCG.2025.26,Geometric Spanners of Bounded Tree-Width,SoCG,conference_paper,"Buchin, Kevin; Rehs, Carolin; Scheele, Torben",2025,1
https://doi.org/10.4230/LIPIcs.SoCG.2025.27,Computing Oriented Spanners and Their Dilation,SoCG,conference_paper,"Buchin, Kevin; Kalb, Antonia; Maheshwari, Anil; Odak, Saeed; Rehs, Carolin; Smid, Michiel; Wong, Sampson",2025,1
https://doi.org/10.4230/LIPIcs.SoCG.2025.36,Strongly Sublinear Separators and Bounded Asymptotic Dimension for Sphere Intersection Graphs,SoCG,conference_paper,"Davies, James; Georgakopoulos, Agelos; Hatzel, Meike; McCarty, Rose",2025,1
https://doi.org/10.4230/LIPIcs.SoCG.2025.44,A Minor-Testing Approach for Coordinated Motion Planning with Sliding Robots,SoCG,conference_paper,"Eiben, Eduard; Ganian, Robert; Kanj, Iyad; Ramanujan, M. S.",2025,1
https://doi.org/10.4230/LIPIcs.SoCG.2025.48,Exact Algorithms for Minimum Dilation Triangulation,SoCG,conference_paper,"Fekete, Sándor P.; Keldenich, Phillip; Perk, Michael",2025,1
https://doi.org/10.4230/LIPIcs.SoCG.2025.5,Optimal Motion Planning for Two Square Robots in a Rectilinear Environment,SoCG,conference_paper,"Agarwal, Pankaj K.; de Berg, Mark; Holmgren, Benjamin; Steiger, Alex; Struijs, Martijn",2025,1
https://doi.org/10.4230/LIPIcs.SoCG.2025.65,Recognizing 2-Layer and Outer k-Planar Graphs,SoCG,conference_paper,"Kobayashi, Yasuaki; Okada, Yuto; Wolff, Alexander",2025,1
https://doi.org/10.4230/LIPIcs.SoCG.2025.66,Lipschitz Decompositions of Finite 𝓁_{p} Metrics,SoCG,conference_paper,"Krauthgamer, Robert; Petruschka, Nir",2025,1
https://doi.org/10.4230/LIPIcs.SoCG.2025.68,Persistent (Co)Homology in Matrix Multiplication Time,SoCG,conference_paper,"Morozov, Dmitriy; Skraba, Primoz",2025,1
https://doi.org/10.4230/LIPIcs.SoCG.2025.72,Geometric Bipartite Matching Based Exact Algorithms for Server Problems,SoCG,conference_paper,"Raghvendra, Sharath; Shirzadian, Pouyan; Sowle, Rachita",2025,1
https://doi.org/10.4230/LIPIcs.SoCG.2025.9,Geometric Realizations of Dichotomous Ordinal Graphs,SoCG,conference_paper,"Angelini, Patrizio; Cornelsen, Sabine; Haase, Carolina; Hoffmann, Michael; Katsanou, Eleni; Montecchiani, Fabrizio; Steiner, Raphael; Symvonis, Antonios",2025,1
https://doi.org/10.4230/LIPIcs.SoCG.2026.13,Dynamic Light Spanners in Doubling Metrics,SoCG,conference_paper,"Bhore, Sujoy; Conroy, Jonathan; Filtser, Arnold",2026,1
https://doi.org/10.4230/LIPIcs.SoCG.2026.15,Euclidean Noncrossing Steiner Spanners of Nearly Optimal Sparsity,SoCG,conference_paper,"Bhore, Sujoy; Kisfaludi‑Bak, Sándor; Milenković, Lazar; Tóth, Csaba D.; Węgrzycki, Karol; Wong, Sampson",2026,1
https://doi.org/10.4230/LIPIcs.SoCG.2026.18,Product Structure and Treewidth of Hyperbolic Uniform Disk Graphs,SoCG,conference_paper,"Bläsius, Thomas; Dohse, Emil; Haun, Deborah; Merker, Laura",2026,1
https://doi.org/10.4230/LIPIcs.SoCG.2026.22,Disproving Two Conjectures on the Hamiltonicity of Venn Diagrams,SoCG,conference_paper,"Brenner, Sofia; Kleist, Linda; Mütze, Torsten; Rieck, Christian; Verciani, Francesco",2026,1
https://doi.org/10.4230/LIPIcs.SoCG.2026.25,The Typical Algebraic Shifting of Graphs and Surfaces,SoCG,conference_paper,"Bulavka, Denys; Nevo, Eran; Peled, Yuval",2026,1
https://doi.org/10.4230/LIPIcs.SoCG.2026.27,The Squishy Grid Problem,SoCG,conference_paper,"Cai, Zixi; Chen, Kuowen; Du, Shengquan; Filtser, Arnold; Pettie, Seth; Skora, Daniel",2026,1
https://doi.org/10.4230/LIPIcs.SoCG.2026.29,Charting the Diameter Computation Landscape of Intersection Graphs in 3D and Above,SoCG,conference_paper,"Chan, Timothy M.; Chang, Hsien-Chih; Gao, Jie; Kisfaludi-Bak, Sándor; Le, Hung; Zheng, Da Wei",2026,1
https://doi.org/10.4230/LIPIcs.SoCG.2026.30,Computing the Girth of a Segment Intersection Graph,SoCG,conference_paper,"Chan, Timothy M.; Yu, Yuancheng",2026,1
https://doi.org/10.4230/LIPIcs.SoCG.2026.41,The Depth Poset Under Transpositions in the Filter,SoCG,conference_paper,"Edelsbrunner, Herbert; Lipiński, Michał; Mrozek, Marian; Soriano-Trigueros, Manuel; Zimin, Fedor",2026,1
https://doi.org/10.4230/LIPIcs.SoCG.2026.43,Unlabeled Multi-Robot Motion Planning with Improved Separation Trade-Offs,SoCG,conference_paper,"Farhana, Tsuri; Filtser, Omrit; Goldshtein, Shalev",2026,1
https://doi.org/10.4230/LIPIcs.SoCG.2026.44,Tilt Automata: Gathering Particles with Uniform External Control,SoCG,conference_paper,"Fekete, Sándor P.; Friemel, Jonas; Kramer, Peter; Reinhardt, Jan-Marc; Rieck, Christian; Scheffer, Christian",2026,1
https://doi.org/10.4230/LIPIcs.SoCG.2026.54,Approximating Pareto Sum via Bounded Monotone Min-Plus Convolution,SoCG,conference_paper,"Gokaj, Geri; Künnemann, Marvin; Storandt, Sabine; Truschel, Carina",2026,1
https://doi.org/10.4230/LIPIcs.SoCG.2026.55,Linear Time Single-Source Shortest Path Algorithms in Euclidean Graph Classes,SoCG,conference_paper,"Gudmundsson, Joachim; Sha, Yuan; Wong, Sampson",2026,1
https://doi.org/10.4230/LIPIcs.SoCG.2026.64,Gap-ETH-Tight Algorithms for Hyperbolic TSP and Steiner Tree,SoCG,conference_paper,"Kisfaludi-Bak, Sándor; Odak, Saeed; Singh, Satyam; van Wordragen, Geert",2026,1
https://doi.org/10.4230/LIPIcs.SoCG.2026.65,Near-Optimal Dynamic Steiner Spanners for Constant-Curvature Spaces,SoCG,conference_paper,"Kisfaludi-Bak, Sándor; van Wordragen, Geert",2026,1
https://doi.org/10.4230/LIPIcs.SoCG.2026.73,The Complete 10-Tetrahedra Census of Orientable Cusped Hyperbolic 3-Manifolds,SoCG,conference_paper,"Li, Shana Yunsheng",2026,1
https://doi.org/10.4230/LIPIcs.SoCG.2026.77,Robust Algorithms for Path and Cycle Problems in Geometric Intersection Graphs,SoCG,conference_paper,"Marin, Malory; Raymond, Jean-Florent; Watrigant, Rémi",2026,1
https://doi.org/10.4230/LIPIcs.SoCG.2026.85,ETH-Tight Complexity of Optimal Morse Matching on Bounded-Treewidth Complexes,SoCG,conference_paper,"Philip, Geevarghese; Vågset, Erlend Raa",2026,1
https://doi.org/10.4230/LIPIcs.SoCG.2026.94,Mixup Barcodes: Quantifying Geometric-Topological Interactions Between Point Clouds,SoCG,conference_paper,"Wagner, Hubert; Arustamyan, Nickolas; Wheeler, Matthew; Bubenik, Peter",2026,1
https://doi.org/10.4230/LIPIcs.SoCG.2026.98,Interactive Uniform Floodlight Illumination and Rotating Rays Voronoi Diagrams (Media Exposition),SoCG,conference_paper,"Alegría, Carlos; Mantas, Ioannis; Savić, Marko; Suderland, Martin",2026,1
https://doi.org/10.4230/LIPIcs.TIME.2018.23,Computational Complexity of a Core Fragment of Halpern-Shoham Logic,TIME,conference_paper,"Walega, Przemyslaw Andrzej",2018,1
https://doi.org/10.4230/LIPIcs.TIME.2019.15,A Bounded Domain Property for an Expressive Fragment of First-Order Linear Temporal Logic,TIME,conference_paper,"Peyras, Quentin; Brunel, Julien; Chemouil, David",2019,1
https://doi.org/10.4230/LIPIcs.TIME.2021.14,"Achieving a Sequenced, Relational Query Language with Log-Segmented Timestamps",TIME,conference_paper,"Dyreson, Curtis E.; Ahsan, M. A. Manazir",2021,1
https://doi.org/10.4230/LIPIcs.TIME.2022.7,Logical Forms of Chronicles,TIME,conference_paper,"Guyet, Thomas; Markey, Nicolas",2022,1
https://doi.org/10.4230/LIPIcs.TIME.2023.10,The Calculus of Temporal Influence,TIME,conference_paper,"Bruse, Florian; Kastaun, Marit; Lange, Martin; Möller, Sören",2023,1
https://doi.org/10.4230/LIPIcs.TIME.2023.2,"LTL over Finite Words Can Be Exponentially More Succinct Than Pure-Past LTL, and vice versa",TIME,conference_paper,"Artale, Alessandro; Geatti, Luca; Gigante, Nicola; Mazzullo, Andrea; Montanari, Angelo",2023,1
https://doi.org/10.4230/LIPIcs.TIME.2023.7,More Than 0s and 1s: Metric Quantifiers and Counting over Timed Words,TIME,conference_paper,"Ho, Hsi-Ming; Madnani, Khushraj",2023,1
https://doi.org/10.4230/LIPIcs.TIME.2024.16,Real-Time Higher-Order Recursion Schemes,TIME,conference_paper,"Alsmann, Eric; Bruse, Florian",2024,1
https://doi.org/10.4230/LIPIcs.TIME.2025.10,Safety and Liveness on Finite Words,TIME,conference_paper,"Geatti, Luca; Pessotto, Stefano; Tonetta, Stefano",2025,1
https://doi.org/10.4230/LIPIcs.TQC.2013.270,The Quantum Entropy Cone of Stabiliser States,TQC,conference_paper,"Linden, Noah; Matus, Frantisek; Ruskai, Mary Beth; Winter, Andreas",2013,1
https://doi.org/10.4230/LIPIcs.TQC.2013.50,Easy and Hard Functions for the Boolean Hidden Shift Problem,TQC,conference_paper,"Childs, Andrew M.; Kothari, Robin; Ozols, Maris; Roetteler, Martin",2013,1
https://doi.org/10.4230/LIPIcs.TQC.2014.118,Difficult Instances of the Counting Problem for 2-quantum-SAT are Very Atypical,TQC,conference_paper,"de Beaudrap, Niel",2014,1
https://doi.org/10.4230/LIPIcs.TQC.2014.141,Circuit Obfuscation Using Braids,TQC,conference_paper,"Alagic, Gorjan; Jeffery, Stacey; Jordan, Stephen",2014,1
https://doi.org/10.4230/LIPIcs.TQC.2014.176,Blindness and Verification of Quantum Computation with One Pure Qubit,TQC,conference_paper,"Kapourniotis, Theodoros; Kashefi, Elham; Datta, Animesh",2014,1
https://doi.org/10.4230/LIPIcs.TQC.2014.217,Quantum Linear Network Coding as One-way Quantum Computation,TQC,conference_paper,"de Beaudrap, Niel; Roetteler, Martin",2014,1
https://doi.org/10.4230/LIPIcs.TQC.2014.67,Graph-theoretical Bounds on the Entangled Value of Non-local Games,TQC,conference_paper,"Chailloux, André; Mancinska, Laura; Scarpa, Giannicola; Severini, Simone",2014,1
https://doi.org/10.4230/LIPIcs.TQC.2014.7,Exact Classical Simulation of the GHZ Distribution,TQC,conference_paper,"Brassard, Gilles; Devroye, Luc; Gravel, Claude",2014,1
https://doi.org/10.4230/LIPIcs.TQC.2015.27,The Resource Theory of Steering,TQC,conference_paper,"Gallego, Rodrigo; Aolita, Leandro",2015,1
https://doi.org/10.4230/LIPIcs.TQC.2015.39,How Many Quantum Correlations Are Not Local?,TQC,conference_paper,"González-Guillén, Carlos E.; Jiménez, C. Hugo; Palazuelos, Carlos; Villanueva, Ignacio",2015,1
https://doi.org/10.4230/LIPIcs.TQC.2015.92,New Constructions for Quantum Money,TQC,conference_paper,"Georgiou, Marios; Kerenidis, Iordanis",2015,1
https://doi.org/10.4230/LIPIcs.TQC.2016.2,Quantum-Proof Multi-Source Randomness Extractors in the Markov Model,TQC,conference_paper,"Arnon-Friedman, Rotem; Portmann, Christopher; Scholz, Volkher B.",2016,1
https://doi.org/10.4230/LIPIcs.TQC.2016.3,Lower Bound on Expected Communication Cost of Quantum Huffman Coding,TQC,conference_paper,"Anshu, Anurag; Garg, Ankit; Harrow, Aram W.; Yao, Penghui",2016,1
https://doi.org/10.4230/LIPIcs.TQC.2016.8,Quantum Algorithms for Abelian Difference Sets and Applications to Dihedral Hidden Subgroups,TQC,conference_paper,"Roetteler, Martin",2016,1
https://doi.org/10.4230/LIPIcs.TQC.2017.1,A Single Entangled System Is an Unbounded Source of Nonlocal Correlations and of Certified Random Numbers,TQC,conference_paper,"Curchod, Florian J.; Johansson, Markus; Augusiak, Remigiusz; Hoban, Matty J.; Wittek, Peter; Acín, Antonio",2017,1
https://doi.org/10.4230/LIPIcs.TQC.2017.2,The Complexity of Simulating Local Measurements on Quantum Systems,TQC,conference_paper,"Gharibian, Sevag; Yirka, Justin",2017,1
https://doi.org/10.4230/LIPIcs.TQC.2017.4,"Quantum Coin Hedging, and a Counter Measure",TQC,conference_paper,"Ganz, Maor; Sattath, Or",2017,1
https://doi.org/10.4230/LIPIcs.TQC.2017.9,Minimum Quantum Resources for Strong Non-Locality,TQC,conference_paper,"Abramsky, Samson; Barbosa, Rui Soares; Carù, Giovanni; de Silva, Nadish; Kishida, Kohei; Mansfield, Shane",2017,1
https://doi.org/10.4230/LIPIcs.TQC.2018.2,On the Complexity of Two Dimensional Commuting Local Hamiltonians,TQC,conference_paper,"Aharonov, Dorit; Kenneth, Oded; Vigdorovich, Itamar",2018,1
https://doi.org/10.4230/LIPIcs.TQC.2018.3,Quantum Lower Bounds for Tripartite Versions of the Hidden Shift and the Set Equality Problems,TQC,conference_paper,"Belovs, Aleksandrs; Rosmanis, Ansis",2018,1
https://doi.org/10.4230/LIPIcs.TQC.2019.10,Parameterization of Tensor Network Contraction,TQC,conference_paper,"O'Gorman, Bryan",2019,1
https://doi.org/10.4230/LIPIcs.TQC.2019.2,"Quantum Distinguishing Complexity, Zero-Error Algorithms, and Statistical Zero Knowledge",TQC,conference_paper,"Ben-David, Shalev; Kothari, Robin",2019,1
https://doi.org/10.4230/LIPIcs.TQC.2019.3,Circuit Transformations for Quantum Architectures,TQC,conference_paper,"Childs, Andrew M.; Schoute, Eddie; Unsal, Cem M.",2019,1
https://doi.org/10.4230/LIPIcs.TQC.2020.6,Towards Quantum One-Time Memories from Stateless Hardware,TQC,conference_paper,"Broadbent, Anne; Gharibian, Sevag; Zhou, Hong-Sheng",2020,1
https://doi.org/10.4230/LIPIcs.TQC.2021.1,Quantum Time-Space Tradeoff for Finding Multiple Collision Pairs,TQC,conference_paper,"Hamoudi, Yassine; Magniez, Frédéric",2021,1
https://doi.org/10.4230/LIPIcs.TQC.2021.4,StoqMA Meets Distribution Testing,TQC,conference_paper,"Liu, Yupan",2021,1
https://doi.org/10.4230/LIPIcs.TQC.2021.6,A Note About Claw Function with a Small Range,TQC,conference_paper,"Ambainis, Andris; Balodis, Kaspars; Iraids, Jānis",2021,1
https://doi.org/10.4230/LIPIcs.TQC.2021.9,Quantum Probability Oracles & Multidimensional Amplitude Estimation,TQC,conference_paper,"van Apeldoorn, Joran",2021,1
https://doi.org/10.4230/LIPIcs.TQC.2022.12,Qutrit Metaplectic Gates Are a Subset of Clifford+T,TQC,conference_paper,"Glaudell, Andrew N.; Ross, Neil J.; van de Wetering, John; Yeh, Lia",2022,1
https://doi.org/10.4230/LIPIcs.TQC.2022.4,Averaged Circuit Eigenvalue Sampling,TQC,conference_paper,"Flammia, Steven T.",2022,1
https://doi.org/10.4230/LIPIcs.TQC.2022.7,The Quantum Approximate Optimization Algorithm at High Depth for MaxCut on Large-Girth Regular Graphs and the Sherrington-Kirkpatrick Model,TQC,conference_paper,"Basso, Joao; Farhi, Edward; Marwaha, Kunal; Villalonga, Benjamin; Zhou, Leo",2022,1
https://doi.org/10.4230/LIPIcs.TQC.2023.12,Efficient Tomography of Non-Interacting-Fermion States,TQC,conference_paper,"Aaronson, Scott; Grewal, Sabee",2023,1
https://doi.org/10.4230/LIPIcs.TQC.2023.13,Quantum Policy Gradient Algorithms,TQC,conference_paper,"Jerbi, Sofiene; Cornelissen, Arjan; Ozols, Maris; Dunjko, Vedran",2023,1
https://doi.org/10.4230/LIPIcs.TQC.2023.9,Rewindable Quantum Computation and Its Equivalence to Cloning and Adaptive Postselection,TQC,conference_paper,"Hiromasa, Ryo; Mizutani, Akihiro; Takeuchi, Yuki; Tani, Seiichiro",2023,1
https://doi.org/10.4230/LIPIcs.TQC.2024.4,One-Wayness in Quantum Cryptography,TQC,conference_paper,"Morimae, Tomoyuki; Yamakawa, Takashi",2024,1
https://doi.org/10.4230/LIPIcs.TQC.2024.8,(Quantum) Complexity of Testing Signed Graph Clusterability,TQC,conference_paper,"Chen, Kuo-Chin; Apers, Simon; Hsieh, Min-Hsiu",2024,1
https://doi.org/10.4230/LIPIcs.TQC.2025.1,Quantum Search with In-Place Queries,TQC,conference_paper,"Holman, Blake; Ramachandran, Ronak; Yirka, Justin",2025,1
https://doi.org/10.4230/LIPIcs.TQC.2025.11,Quantum Catalytic Space,TQC,conference_paper,"Buhrman, Harry; Folkertsma, Marten; Mertz, Ian; Speelman, Florian; Strelchuk, Sergii; Subramanian, Sathyawageeswar; Tupker, Quinten",2025,1
https://doi.org/10.4230/LIPIcs.TQC.2025.2,A Quantum Cloning Game with Applications to Quantum Position Verification,TQC,conference_paper,"Colisson Palais, Léo; Escolà-Farràs, Llorenç; Speelman, Florian",2025,1
https://doi.org/10.4230/LIPIcs.TQC.2025.7,Uniformity Testing When You Have the Source Code,TQC,conference_paper,"Canonne, Clément L.; Kothari, Robin; O'Donnell, Ryan",2025,1
https://doi.org/10.4230/LIPIcs.TQC.2025.8,Self-Testing in the Compiled Setting via Tilted-CHSH Inequalities,TQC,conference_paper,"Mehta, Arthur; Paddock, Connor; Wooltorton, Lewis",2025,1
https://doi.org/10.4230/LIPIcs.TQC.2026.2,Characterization of Permutation Gates in the Third Level of the Clifford Hierarchy,TQC,conference_paper,"He, Zhiyang; Robitaille, Luke; Tan, Xinyu",2026,1
https://doi.org/10.4230/LIPIcs.TQC.2026.5,Quantum Merlin-Arthur with an Internally Separable Proof,TQC,conference_paper,"Bassirian, Roozbeh; Fefferman, Bill; Leigh, Itai; Marwaha, Kunal; Wu, Pei",2026,1
https://doi.org/10.4230/LIPIcs.TQC.2026.6,Limitations of Decoded Quantum Interferometry for MaxCut,TQC,conference_paper,"Parekh, Ojas",2026,1
https://doi.org/10.4230/LIPIcs.TYPES.2011.28,A new approach to the semantics of model diagrams,TYPES,conference_paper,"Granström, Johan G.",2011,1
https://doi.org/10.4230/LIPIcs.TYPES.2011.41,Testing versus proving in climate impact research,TYPES,conference_paper,"Ionescu, Cezar; Jansson, Patrik",2011,1
https://doi.org/10.4230/LIPIcs.TYPES.2013.129,"Isomorphism of ""Functional"" Intersection Types",TYPES,conference_paper,"Coppo, Mario; Dezani-Ciancaglini, Mariangiola; Margaria, Ines; Zacchi, Maddalena",2013,1
https://doi.org/10.4230/LIPIcs.TYPES.2013.64,Ramsey Theorem for Pairs As a Classical Principle in Intuitionistic Arithmetic,TYPES,conference_paper,"Berardi, Stefano; Steila, Silvia",2013,1
https://doi.org/10.4230/LIPIcs.TYPES.2015.3,Towards a Cubical Type Theory without an Interval,TYPES,conference_paper,"Altenkirch, Thorsten; Kaposi, Ambrus",2015,1
https://doi.org/10.4230/LIPIcs.TYPES.2016.7,"Parametricity, Automorphisms of the Universe, and Excluded Middle",TYPES,conference_paper,"Booij, Auke B.; Escardó, Martín H.; Lumsdaine, Peter LeFanu; Shulman, Michael",2016,1
https://doi.org/10.4230/LIPIcs.TYPES.2018.1,Martin Hofmann’s Case for Non-Strictly Positive Data Types,TYPES,conference_paper,"Berger, Ulrich; Matthes, Ralph; Setzer, Anton",2018,1
https://doi.org/10.4230/LIPIcs.TYPES.2018.4,Semantic Subtyping for Non-Strict Languages,TYPES,conference_paper,"Petrucciani, Tommaso; Castagna, Giuseppe; Ancona, Davide; Zucca, Elena",2018,1
https://doi.org/10.4230/LIPIcs.TYPES.2018.6,Normalization by Evaluation for Typed Weak lambda-Reduction,TYPES,conference_paper,"Sestini, Filippo",2018,1
https://doi.org/10.4230/LIPIcs.TYPES.2018.7,"Cubical Assemblies, a Univalent and Impredicative Universe and a Failure of Propositional Resizing",TYPES,conference_paper,"Uemura, Taichi",2018,1
https://doi.org/10.4230/LIPIcs.TYPES.2019.1,Making Isabelle Content Accessible in Knowledge Representation Formats,TYPES,conference_paper,"Kohlhase, Michael; Rabe, Florian; Wenzel, Makarius",2019,1
https://doi.org/10.4230/LIPIcs.TYPES.2019.3,A Quantitative Understanding of Pattern Matching,TYPES,conference_paper,"Alves, Sandra; Kesner, Delia; Ventura, Daniel",2019,1
https://doi.org/10.4230/LIPIcs.TYPES.2019.6,"For Finitary Induction-Induction, Induction Is Enough",TYPES,conference_paper,"Kaposi, Ambrus; Kovács, András; Lafont, Ambroise",2019,1
https://doi.org/10.4230/LIPIcs.TYPES.2019.9,Is Impredicativity Implicitly Implicit?,TYPES,conference_paper,"Monnier, Stefan; Bos, Nathaniel",2019,1
https://doi.org/10.4230/LIPIcs.TYPES.2020.6,Encoding of Predicate Subtyping with Proof Irrelevance in the λΠ-Calculus Modulo Theory,TYPES,conference_paper,"Hondet, Gabriel; Blanqui, Frédéric",2020,1
https://doi.org/10.4230/LIPIcs.TYPES.2020.8,Why Not W?,TYPES,conference_paper,"Hugunin, Jasper",2020,1
https://doi.org/10.4230/LIPIcs.TYPES.2021.10,Quantitative Polynomial Functors,TYPES,conference_paper,"Nakov, Georgi; Nordvall Forsberg, Fredrik",2021,1
https://doi.org/10.4230/LIPIcs.TYPES.2021.4,A Machine-Checked Proof of Birkhoff’s Variety Theorem in Martin-Löf Type Theory,TYPES,conference_paper,"DeMeo, William; Carette, Jacques",2021,1
https://doi.org/10.4230/LIPIcs.TYPES.2021.6,Internal Strict Propositions Using Point-Free Equations,TYPES,conference_paper,"Donkó, István; Kaposi, Ambrus",2021,1
https://doi.org/10.4230/LIPIcs.TYPES.2021.9,Simulating Large Eliminations in Cedille,TYPES,conference_paper,"Jenkins, Christa; Marmaduke, Andrew; Stump, Aaron",2021,1
https://doi.org/10.4230/LIPIcs.TYPES.2022.13,Type Theory with Explicit Universe Polymorphism,TYPES,conference_paper,"Bezem, Marc; Coquand, Thierry; Dybjer, Peter; Escardó, Martín",2022,1
https://doi.org/10.4230/LIPIcs.TYPES.2022.2,Classical Natural Deduction from Truth Tables,TYPES,conference_paper,"Geuvers, Herman; Hurkens, Tonny",2022,1
https://doi.org/10.4230/LIPIcs.TYPES.2022.3,On Dynamic Lifting and Effect Typing in Circuit Description Languages,TYPES,conference_paper,"Colledan, Andrea; Dal Lago, Ugo",2022,1
https://doi.org/10.4230/LIPIcs.TYPES.2022.4,Expressing Ecumenical Systems in the λΠ-Calculus Modulo Theory,TYPES,conference_paper,"Grienenberger, Emilie",2022,1
https://doi.org/10.4230/LIPIcs.TYPES.2022.8,Linear Rank Intersection Types,TYPES,conference_paper,"Reis, Fábio; Alves, Sandra; Florido, Mário",2022,1
https://doi.org/10.4230/LIPIcs.TYPES.2022.9,A Metatheoretic Analysis of Subtype Universes,TYPES,conference_paper,"Bradley, Felix; Luo, Zhaohui",2022,1
https://doi.org/10.4230/LIPIcs.TYPES.2024.6,Data Types with Symmetries via Action Containers,TYPES,conference_paper,"Joram, Philipp; Veltri, Niccolò",2024,1
https://doi.org/10.4230/LIPIcs.TYPES.2025.13,A Data Type of Intrinsically Plane Graphs in Agda,TYPES,conference_paper,"Altenmüller, Malin; Mc Bride, Conor Titania",2025,1
https://doi.org/10.4230/LIPIcs.TYPES.2025.6,Formalisation and Extension of Lagois Connections for Secure Information Flow,TYPES,conference_paper,"Ståhl, Casper; Gondelman, Levs; Hansen, René Rydhof; Poulsen, Danny Bøgsted",2025,1
https://doi.org/10.4230/LIPIcs.TYPES.2025.7,Towards Fuzzy Constructive Type Theories,TYPES,conference_paper,"Dundua, Besik; Honsell, Furio; Kutsia, Temur; Lenisa, Marina; Liquori, Luigi",2025,1
https://doi.org/10.4230/LIPIcs.TYPES.2025.9,Kleisli Categories with Display Maps,TYPES,conference_paper,"Jubert, Moana",2025,1
https://doi.org/10.4230/LIPIcs.WABI.2018.2,Prefix-Free Parsing for Building Big BWTs,WABI,conference_paper,"Boucher, Christina; Gagie, Travis; Kuhnle, Alan; Manzini, Giovanni",2018,1
https://doi.org/10.4230/LIPIcs.WABI.2018.5,Reconciling Multiple Genes Trees via Segmental Duplications and Losses,WABI,conference_paper,"Dondi, Riccardo; Lafond, Manuel; Scornavacca, Celine",2018,1
https://doi.org/10.4230/LIPIcs.WABI.2019.1,Building a Small and Informative Phylogenetic Supertree,WABI,conference_paper,"Jansson, Jesper; Mampentzidis, Konstantinos; T. P., Sandhya",2019,1
https://doi.org/10.4230/LIPIcs.WABI.2019.10,Jointly Embedding Multiple Single-Cell Omics Measurements,WABI,conference_paper,"Liu, Jie; Huang, Yuanhao; Singh, Ritambhara; Vert, Jean-Philippe; Noble, William Stafford",2019,1
https://doi.org/10.4230/LIPIcs.WABI.2019.13,Weighted Minimum-Length Rearrangement Scenarios,WABI,conference_paper,"Simonaitis, Pijus; Chateau, Annie; Swenson, Krister M.",2019,1
https://doi.org/10.4230/LIPIcs.WABI.2019.16,Bounded-Length Smith-Waterman Alignment,WABI,conference_paper,"Tiskin, Alexander",2019,1
https://doi.org/10.4230/LIPIcs.WABI.2019.21,Empirical Performance of Tree-Based Inference of Phylogenetic Networks,WABI,conference_paper,"Cao, Zhen; Zhu, Jiafan; Nakhleh, Luay",2019,1
https://doi.org/10.4230/LIPIcs.WABI.2019.4,TRACTION: Fast Non-Parametric Improvement of Estimated Gene Trees,WABI,conference_paper,"Christensen, Sarah; Molloy, Erin K.; Vachaspati, Pranjal; Warnow, Tandy",2019,1
https://doi.org/10.4230/LIPIcs.WABI.2020.14,The Bourque Distances for Mutation Trees of Cancers,WABI,conference_paper,"Jahn, Katharina; Beerenwinkel, Niko; Zhang, Louxin",2020,1
https://doi.org/10.4230/LIPIcs.WABI.2020.3,Natural Family-Free Genomic Distance,WABI,conference_paper,"Rubert, Diego P.; Martinez, Fábio V.; Braga, Marília D. V.",2020,1
https://doi.org/10.4230/LIPIcs.WABI.2020.6,The Longest Run Subsequence Problem,WABI,conference_paper,"Schrinner, Sven; Goel, Manish; Wulfert, Michael; Spohr, Philipp; Schneeberger, Korbinian; Klau, Gunnar W.",2020,1
https://doi.org/10.4230/LIPIcs.WABI.2021.16,Flow Decomposition with Subpath Constraints,WABI,conference_paper,"Williams, Lucia; Tomescu, Alexandru I.; Mumey, Brendan",2021,1
https://doi.org/10.4230/LIPIcs.WABI.2021.17,Conflict Resolution Algorithms for Deep Coalescence Phylogenetic Networks,WABI,conference_paper,"Wawerka, Marcin; Dąbkowski, Dawid; Rutecka, Natalia; Mykowiecka, Agnieszka; Górecki, Paweł",2021,1
https://doi.org/10.4230/LIPIcs.WABI.2021.20,Fast Approximate Shortest Hyperpaths for Inferring Pathways in Cell Signaling Hypergraphs,WABI,conference_paper,"Krieger, Spencer; Kececioglu, John",2021,1
https://doi.org/10.4230/LIPIcs.WABI.2022.15,WGSUniFrac: Applying UniFrac Metric to Whole Genome Shotgun Data,WABI,conference_paper,"Wei, Wei; Koslicki, David",2022,1
https://doi.org/10.4230/LIPIcs.WABI.2022.21,A Maximum Parsimony Principle for Multichromosomal Complex Genome Rearrangements,WABI,conference_paper,"Simonaitis, Pijus; Raphael, Benjamin J.",2022,1
https://doi.org/10.4230/LIPIcs.WABI.2023.7,Making a Network Orchard by Adding Leaves,WABI,conference_paper,"van Iersel, Leo; Jones, Mark; Julien, Esther; Murakami, Yukihiro",2023,1
https://doi.org/10.4230/LIPIcs.WABI.2024.11,The mod-minimizer: A Simple and Efficient Sampling Algorithm for Long k-mers,WABI,conference_paper,"Groot Koerkamp, Ragnar; Pibiri, Giulio Ermanno",2024,1
https://doi.org/10.4230/LIPIcs.WABI.2024.16,Finding Maximum Common Contractions Between Phylogenetic Networks,WABI,conference_paper,"Marchand, Bertrand; Tahiri, Nadia; Tremblay-Savard, Olivier; Lafond, Manuel",2024,1
https://doi.org/10.4230/LIPIcs.WABI.2024.19,RNA Inverse Folding Can Be Solved in Linear Time for Structures Without Isolated Stacks or Base Pairs,WABI,conference_paper,"Boury, Théo; Bulteau, Laurent; Ponty, Yann",2024,1
https://doi.org/10.4230/LIPIcs.WABI.2024.20,The Path-Label Reconciliation (PLR) Dissimilarity Measure for Gene Trees,WABI,conference_paper,"López Sánchez, Alitzel; Ramírez-Rafael, José Antonio; Flores-Lamas, Alejandro; Hernández-Rosales, Maribel; Lafond, Manuel",2024,1
https://doi.org/10.4230/LIPIcs.WABI.2024.21,McDag: Indexing Maximal Common Subsequences in Practice,WABI,conference_paper,"Buzzega, Giovanni; Conte, Alessio; Grossi, Roberto; Punzi, Giulia",2024,1
https://doi.org/10.4230/LIPIcs.WABI.2024.3,An Efficient Algorithm for the Reconciliation of a Gene Network and Species Tree,WABI,conference_paper,"Chan, Yao-ban",2024,1
https://doi.org/10.4230/LIPIcs.WABI.2024.5,Memoization on Shared Subtrees Accelerates Computations on Genealogical Forests,WABI,conference_paper,"Hübner, Lukas; Stamatakis, Alexandros",2024,1
https://doi.org/10.4230/LIPIcs.WABI.2025.12,Extension of Partial Atom-To-Atom Maps: Uniqueness and Algorithms,WABI,conference_paper,"González Laffitte, Marcos E.; Phan, Tieu-Long; Stadler, Peter F.",2025,1
https://doi.org/10.4230/LIPIcs.WABI.2025.15,Average-Tree Phylogenetic Diversity of Networks,WABI,conference_paper,"van Iersel, Leo; Jones, Mark; Schestag, Jannik; Scornavacca, Celine; Weller, Mathias",2025,1
https://doi.org/10.4230/LIPIcs.WABI.2025.16,Estimation of Substitution and Indel Rates via k-mer Statistics,WABI,conference_paper,"Rahman Hera, Mahmudur; Medvedev, Paul; Koslicki, David; Blanca, Antonio",2025,1
https://doi.org/10.4230/LIPIcs.WABI.2025.7,Sequence Similarity Estimation by Random Subsequence Sketching,WABI,conference_paper,"Chen, Ke; Pattar, Vinamratha; Shao, Mingfu",2025,1
https://doi.org/10.4230/LIPIcs.WABI.2026.12,RNA Inverse Folding Under Stacked Base Pair Maximization,WABI,conference_paper,"Boury, Théo; Bulteau, Laurent; Ponty, Yann",2026,1
https://doi.org/10.4230/LIPIcs.WABI.2026.17,Discriminative Learning of Substitution Matrices and Gap Penalties for Pairwise Alignment of Biological Sequences,WABI,conference_paper,"Ciach, Michał Aleksander; Zacharopoulou, Elissavet; Startek, Michał Piotr; Miasojedow, Błażej; Alexiou, Panagiotis",2026,1
https://doi.org/10.4230/LIPIcs.WABI.2026.18,Fast Set Operations for Compact k-mer Sets,WABI,conference_paper,"Alanko, Jarno N.; Depuydt, Lore; Marchet, Camille; Puglisi, Simon J.",2026,1
https://doi.org/10.4230/LIPIcs.WABI.2026.23,Statistical Inconsistency of Error-Correction Objectives for Perfect Phylogenies,WABI,conference_paper,"Satas, Gryte; Myers, Matthew A.; Shah, Sohrab P.",2026,1
https://doi.org/10.4230/LIPIcs.WABI.2026.25,Constructing Incompatibility Graphs of Pairs of Trees in Optimal Output-Sensitive Time,WABI,conference_paper,"Lafond, Manuel",2026,1
https://doi.org/10.4230/LIPIcs.WABI.2026.5,10-Minimizers: A Promising Class of Constant-Space Minimizers,WABI,conference_paper,"Shur, Arseny; Tziony, Ido; Orenstein, Yaron",2026,1
https://doi.org/10.4230/LIPIcs.WADS.2025.10,On Geodesic Disks Enclosing Many Points,WADS,conference_paper,"Bose, Prosenjit; Esteban, Guillermo; Orden, David; Silveira, Rodrigo I.; Tuttle, Tyler",2025,1
https://doi.org/10.4230/LIPIcs.WADS.2025.11,Crossing and Independent Families Among Polygons,WADS,conference_paper,"Brötzner, Anna; Ganian, Robert; Hamm, Thekla; Klute, Fabian; Parada, Irene",2025,1
https://doi.org/10.4230/LIPIcs.WADS.2025.12,Testing Whether a Subgraph Is Convex or Isometric,WADS,conference_paper,"Cabello, Sergio",2025,1
https://doi.org/10.4230/LIPIcs.WADS.2025.15,Enumerating Minimal Dominating Sets and Variants in Chordal Bipartite Graphs,WADS,conference_paper,"Castelo, Emanuel; Defrain, Oscar; C. M. Gomes, Guilherme",2025,1
https://doi.org/10.4230/LIPIcs.WADS.2025.19,On the Enumeration of Signatures of XOR-CNF’s,WADS,conference_paper,"Creignou, Nadia; Defrain, Oscar; Olive, Frédéric; Vilmin, Simon",2025,1
https://doi.org/10.4230/LIPIcs.WADS.2025.20,Routing Few Robots in a Crowded Network,WADS,conference_paper,"Deligkas, Argyrios; Eiben, Eduard; Ganian, Robert; Kanj, Iyad; Leko, Dominik; Ramanujan, M. S.",2025,1
https://doi.org/10.4230/LIPIcs.WADS.2025.23,Novel Complexity Results for Temporal Separators with Deadlines,WADS,conference_paper,"Dondi, Riccardo; Lafond, Manuel",2025,1
https://doi.org/10.4230/LIPIcs.WADS.2025.29,Linear Layouts of Graphs with Priority Queues,WADS,conference_paper,"Di Giacomo, Emilio; Didimo, Walter; Förster, Henry; Ueckerdt, Torsten; Zink, Johannes",2025,1
https://doi.org/10.4230/LIPIcs.WADS.2025.31,Repairing Schedules by Removing Waiting Times: A Parameterized Complexity Analysis,WADS,conference_paper,"Grüttemeier, Niels; Heeger, Klaus",2025,1
https://doi.org/10.4230/LIPIcs.WADS.2025.34,"Link Diameter, Radius and 2-Point Link Distance Queries in Polygonal Domains",WADS,conference_paper,"Hagedoorn, Mart; Polishchuk, Valentin",2025,1
https://doi.org/10.4230/LIPIcs.WADS.2025.38,Clustering Point Sets Revisited,WADS,conference_paper,"Hossain, Md. Billal; Raichel, Benjamin",2025,1
https://doi.org/10.4230/LIPIcs.WADS.2025.4,Evolving Distributions Under Local Motion,WADS,conference_paper,"Acharya, Aditya; Mount, David M.",2025,1
https://doi.org/10.4230/LIPIcs.WADS.2025.42,The Parameterized Landscape of Labeled Graph Contractions,WADS,conference_paper,"Lafond, Manuel; Marchand, Bertrand",2025,1
https://doi.org/10.4230/LIPIcs.WADS.2025.45,Fast Kd-Trees for the Kullback-Leibler Divergence and Other Decomposable Bregman Divergences,WADS,conference_paper,"Pham, Tuyen; Wagner, Hubert",2025,1
https://doi.org/10.4230/LIPIcs.WADS.2025.5,On Planar Straight-Line Dominance Drawings,WADS,conference_paper,"Angelini, Patrizio; Bekos, Michael A.; Di Battista, Giuseppe; Frati, Fabrizio; Grilli, Luca; Ortali, Giacomo",2025,1
https://doi.org/10.4230/LIPIcs.WADS.2025.6,Vantage Point Selection Algorithms for Bottleneck Capacity Estimation,WADS,conference_paper,"Ashvinkumar, Vikrant; Chowdhury, Rezaul; Gao, Jie; Goswami, Mayank; Mitchell, Joseph S. B.; Polishchuk, Valentin",2025,1
https://doi.org/10.4230/LIPIcs.WADS.2025.8,Tight Bounds on the Number of Closest Pairs in Vertical Slabs,WADS,conference_paper,"Biniaz, Ahmad; Bose, Prosenjit; Chung, Chaeyoon; De Carufel, Jean-Lou; Iacono, John; Maheshwari, Anil; Odak, Saeed; Smid, Michiel; Tóth, Csaba D.",2025,1
https://eccc.weizmann.ac.il/report/2023/019/,Theory of Unconditional Pseudorandom Generators,Theory of Unconditional Pseudorandom Generators,survey,Pooya Hatami; William M. Hoza,2023,14
https://eccc.weizmann.ac.il/report/2023/094/,New ways of studying the BPP = P conjecture,New ways of studying the BPP = P conjecture,survey,Lijie Chen; Roei Tell,2023,4
https://eccc.weizmann.ac.il/report/2025/083/,A primer on the closure of algebraic complexity classes under factoring,A primer on the closure of algebraic complexity classes under factoring,survey,C. S. Bhargav; Prateek Dwivedi; Nitin Saxena,2025,3
https://eccc.weizmann.ac.il/report/2026/045/,Using Hardness vs Randomness to Design Low-Space Algorithms,Using Hardness vs Randomness to Design Low-Space Algorithms,survey,Edward Pyne; Roei Tell,2026,3
https://jukkasuomela.fi/open/,,Jukka Suomela: locality problems,original_collection,Jukka Suomela,2026,16
https://notes.0xparc.org/problems/algebraic-digit-extraction/,,0xPARC research workshops,original_collection,0xPARC workshop contributors,2025,1
https://notes.0xparc.org/problems/amplifier-polynomials-fhe/,,0xPARC research workshops,original_collection,0xPARC workshop contributors,2025,1
https://notes.0xparc.org/problems/compute-bezout/,,0xPARC research workshops,original_collection,0xPARC workshop contributors,2024,1
https://notes.0xparc.org/problems/hash/,,0xPARC research workshops,original_collection,0xPARC workshop contributors,2024,1
https://notes.0xparc.org/problems/matrix-challenge/,,0xPARC research workshops,original_collection,0xPARC workshop contributors,2025,1
https://notes.0xparc.org/problems/multiplication-decomposition/,,0xPARC research workshops,original_collection,0xPARC workshop contributors,2024,1
https://notes.0xparc.org/problems/nonnative-arithmetic/,,0xPARC research workshops,original_collection,0xPARC workshop contributors,2024,1
https://notes.0xparc.org/problems/oram/,,0xPARC research workshops,original_collection,0xPARC workshop contributors,2024,1
https://notes.0xparc.org/problems/outsourcing-zkproofs/,,0xPARC research workshops,original_collection,0xPARC workshop contributors,2024,1
https://notes.0xparc.org/problems/parallelizing-blind-rotation/,,0xPARC research workshops,original_collection,0xPARC workshop contributors,2025,1
https://notes.0xparc.org/problems/pir-short/,,0xPARC research workshops,original_collection,0xPARC workshop contributors,2024,1
https://notes.0xparc.org/problems/range-check-2/,,0xPARC research workshops,original_collection,0xPARC workshop contributors,2024,1
https://notes.0xparc.org/problems/sharding-protocol-efficiency/,,0xPARC research workshops,original_collection,0xPARC workshop contributors,2025,1
https://notes.0xparc.org/problems/sparse-matrix-lpn/,,0xPARC research workshops,original_collection,0xPARC workshop contributors,2025,1
https://notes.0xparc.org/problems/weighted-threshold-signatures/,,0xPARC research workshops,original_collection,0xPARC workshop contributors,2024,1
https://pacs2024.github.io/pacs2024-open-problems.pdf,,PACS 2024 workshop,original_collection,,2024,8
https://people.seas.harvard.edu/~salil/pseudorandomness/,Pseudorandomness,Pseudorandomness,book,Salil P. Vadhan,2012,21
https://proceedings.mlr.press/v117/bary-weisberg20a.html,Distribution Free Learning with Local Queries,ALT,conference_paper,"Galit Bary-Weisberg, Amit Daniely, Shai Shalev-Shwartz",2020,1
https://proceedings.mlr.press/v117/bhattacharjee20a.html,What relations are reliably embeddable in Euclidean space?,ALT,conference_paper,"Robi Bhattacharjee, Sanjoy Dasgupta",2020,1
https://proceedings.mlr.press/v117/cesa-bianchi20a.html,Cooperative Online Learning: Keeping your Neighbors Updated,ALT,conference_paper,"Nicolò Cesa-Bianchi, Tommaso Cesari, Claire Monteleoni",2020,1
https://proceedings.mlr.press/v117/doskoc20a.html,Cautious Limit Learning,ALT,conference_paper,"Vanja Doskoč, Timo Kötzing",2020,1
https://proceedings.mlr.press/v117/lin20a.html,On Learning Causal Structures from Non-Experimental Data without Any Faithfulness Assumption,ALT,conference_paper,"Hanti Lin, Jiji Zhang",2020,1
https://proceedings.mlr.press/v125/amid20a.html,Winnowing with Gradient Descent,COLT,conference_paper,"Ehsan Amid, Manfred K. Warmuth",2020,1
https://proceedings.mlr.press/v125/brutzkus20a.html,ID3 Learns Juntas for Smoothed Product Distributions,COLT,conference_paper,"Alon Brutzkus, Amit Daniely, Eran Malach",2020,1
https://proceedings.mlr.press/v125/chen20a.html,Learning Polynomials in Few Relevant Dimensions,COLT,conference_paper,"Sitan Chen, Raghu Meka",2020,1
https://proceedings.mlr.press/v125/cohen20a.html,Pessimism About Unknown Unknowns Inspires Conservatism,COLT,conference_paper,"Michael K. Cohen, Marcus Hutter",2020,1
https://proceedings.mlr.press/v125/diakonikolas20a.html,Halpern Iteration for Near-Optimal and Parameter-Free Monotone Inclusion and Strong Solutions to Variational Inequalities,COLT,conference_paper,Jelena Diakonikolas,2020,1
https://proceedings.mlr.press/v125/diakonikolas20b.html,Approximation Schemes for ReLU Regression,COLT,conference_paper,"Ilias Diakonikolas, Surbhi Goel, Sushrut Karmalkar, Adam R. Klivans, Mahdi Soltanolkotabi",2020,1
https://proceedings.mlr.press/v125/ding20a.html,Consistent recovery threshold of hidden nearest neighbor graphs,COLT,conference_paper,"Jian Ding, Yihong Wu, Jiaming Xu, Dana Yang",2020,1
https://proceedings.mlr.press/v125/foster20a.html,,COLT / PMLR,original_collection,Dylan J. Foster; Akshay Krishnamurthy; Haipeng Luo,2020,1
https://proceedings.mlr.press/v125/ganassali20a.html,From tree matching to sparse graph alignment,COLT,conference_paper,"Luca Ganassali, Laurent Massoulié",2020,1
https://proceedings.mlr.press/v125/golowich20a.html,Last Iterate is Slower than Averaged Iterate in Smooth Convex-Concave Saddle Point Problems,COLT,conference_paper,"Noah Golowich, Sarath Pattathil, Constantinos Daskalakis, Asuman Ozdaglar",2020,1
https://proceedings.mlr.press/v125/gopi20a.html,Locally Private Hypothesis Selection,COLT,conference_paper,"Sivakanth Gopi, Gautam Kamath, Janardhan Kulkarni, Aleksandar Nikolov, Zhiwei Steven Wu, Huanyu Zhang",2020,1
https://proceedings.mlr.press/v125/hazan20a.html,Faster Projection-free Online Learning,COLT,conference_paper,"Elad Hazan, Edgar Minasyan",2020,1
https://proceedings.mlr.press/v125/kwon20a.html,The EM Algorithm gives Sample-Optimality for Learning Mixtures of Well-Separated Gaussians,COLT,conference_paper,"Jeongyeol Kwon, Constantine Caramanis",2020,1
https://proceedings.mlr.press/v125/lee20b.html,Logsmooth Gradient Concentration and Tighter Runtimes for Metropolized Hamiltonian Monte Carlo,COLT,conference_paper,"Yin Tat Lee, Ruoqi Shen, Kevin Tian",2020,1
https://proceedings.mlr.press/v125/misra20a.html,Information Theoretic Optimal Learning of Gaussian Graphical Models,COLT,conference_paper,"Sidhant Misra, Marc Vuffray, Andrey Y. Lokhov",2020,1
https://proceedings.mlr.press/v125/neu20b.html,Efficient and robust algorithms for adversarial linear contextual bandits,COLT,conference_paper,"Gergely Neu, Julia Olkhovskaya",2020,1
https://proceedings.mlr.press/v125/paes-leme20a.html,Costly Zero Order Oracles,COLT,conference_paper,"Renato Paes Leme, Jon Schneider",2020,1
https://proceedings.mlr.press/v125/rouyer20a.html,Tsallis-INF for Decoupled Exploration and Exploitation in Multi-armed Bandits,COLT,conference_paper,"Chloé Rouyer, Yevgeny Seldin",2020,1
https://proceedings.mlr.press/v125/steinke20b.html,,COLT / PMLR,original_collection,Thomas Steinke; Lydia Zakynthinou,2020,1
https://proceedings.mlr.press/v125/turner20a.html,Balancing Gaussian vectors in high dimension,COLT,conference_paper,"Paxton Turner, Raghu Meka, Philippe Rigollet",2020,1
https://proceedings.mlr.press/v132/addanki21a.html,Intervention Efficient Algorithms for Approximate Learning of Causal Graphs,ALT,conference_paper,"Raghavendra Addanki, Andrew McGregor, Cameron Musco",2021,1
https://proceedings.mlr.press/v132/bhatt21a.html,Sequential prediction under log-loss with side information,ALT,conference_paper,"Alankrita Bhatt, Young-Han Kim",2021,1
https://proceedings.mlr.press/v132/chan21a.html,Learning and Testing Irreducible Markov Chains via the $k$-Cover Time,ALT,conference_paper,"Siu On Chan, Qinghua Ding, Sing Hei Li",2021,1
https://proceedings.mlr.press/v132/gajjar21a.html,Subspace Embeddings under Nonlinear Transformations,ALT,conference_paper,"Aarshvi Gajjar, Cameron Musco",2021,1
https://proceedings.mlr.press/v132/warmuth21a.html,A case where a spindly two-layer linear network decisively outperforms any neural network with a fully connected input layer,ALT,conference_paper,"Manfred K. Warmuth, Wojciech Kotłowski, Ehsan Amid",2021,1
https://proceedings.mlr.press/v132/wu21a.html,Non-uniform Consistency of Online Learning with Random Sampling,ALT,conference_paper,"Changlong Wu, Narayana Santhanam",2021,1
https://proceedings.mlr.press/v134/amir21a.html,SGD Generalizes Better Than GD (And Regularization Doesn’t Help),COLT,conference_paper,"Idan Amir, Tomer Koren, Roi Livni",2021,1
https://proceedings.mlr.press/v134/awasthi21a.html,Adversarially Robust Low Dimensional Representations,COLT,conference_paper,"Pranjal Awasthi, Vaggos Chatziafratis, Xue Chen, Aravindan Vijayaraghavan",2021,1
https://proceedings.mlr.press/v134/carmon21a.html,Thinking Inside the Ball: Near-Optimal Minimization of the Maximal Loss,COLT,conference_paper,"Yair Carmon, Arun Jambulapati, Yujia Jin, Aaron Sidford",2021,1
https://proceedings.mlr.press/v134/chen21a.html,Breaking The Dimension Dependence in Sparse Distribution Estimation under Communication Constraints,COLT,conference_paper,"Wei-Ning Chen, Peter Kairouz, Ayfer Ozgur",2021,1
https://proceedings.mlr.press/v134/chen21c.html,Black-Box Control for Linear Dynamical Systems,COLT,conference_paper,"Xinyi Chen, Elad Hazan",2021,1
https://proceedings.mlr.press/v134/chen21d.html,Query complexity of least absolute deviation regression via robust uniform convergence,COLT,conference_paper,"Xue Chen, Michal Derezinski",2021,1
https://proceedings.mlr.press/v134/chen21f.html,Impossible Tuning Made Possible: A New Expert Algorithm and Its Applications,COLT,conference_paper,"Liyu Chen, Haipeng Luo, Chen-Yu Wei",2021,1
https://proceedings.mlr.press/v134/grunwald21a.html,"PAC-Bayes, MAC-Bayes and Conditional Mutual Information: Fast rate bounds that handle general VC classes",COLT,conference_paper,"Peter Grunwald, Thomas Steinke, Lydia Zakynthinou",2021,1
https://proceedings.mlr.press/v134/iliopoulos21a.html,Group testing and local search: is there a computational-statistical gap?,COLT,conference_paper,"Fotis Iliopoulos, Ilias Zadik",2021,1
https://proceedings.mlr.press/v134/kairouz21a.html,(Nearly) Dimension Independent Private ERM with AdaGrad Rates\{via Publicly Estimated Subspaces,COLT,conference_paper,"Peter Kairouz, Monica Ribero Diaz, Keith Rush, Abhradeep Thakurta",2021,1
https://proceedings.mlr.press/v134/open-problem-agarwal21b.html,Open Problem: Are all VC-classes CPAC learnable?,COLT,conference_paper,"Sushant Agarwal, Nivasini Ananthakrishnan, Shai Ben-David, Tosca Lechner, Ruth Urner",2021,1
https://proceedings.mlr.press/v134/open-problem-hanneke21b.html,Open Problem: Is There an Online Learning Algorithm That Learns Whenever Online Learning Is Possible?,COLT,conference_paper,Steve Hanneke,2021,1
https://proceedings.mlr.press/v134/paquette21a.html,"SGD in the Large: Average-case Analysis, Asymptotics, and Stepsize Criticality",COLT,conference_paper,"Courtney Paquette, Kiwon Lee, Fabian Pedregosa, Elliot Paquette",2021,1
https://proceedings.mlr.press/v134/perdomo21a.html,Towards a Dimension-Free Understanding of Adaptive Linear Control,COLT,conference_paper,"Juan C Perdomo, Max Simchowitz, Alekh Agarwal, Peter Bartlett",2021,1
https://proceedings.mlr.press/v134/qiao21a.html,Exponential Weights Algorithms for Selective Learning,COLT,conference_paper,"Mingda Qiao, Gregory Valiant",2021,1
https://proceedings.mlr.press/v134/rashtchian21a.html,Average-Case Communication Complexity of Statistical Problems,COLT,conference_paper,"Cyrus Rashtchian, David Woodruff, Peng Ye, Hanlin Zhu",2021,1
https://proceedings.mlr.press/v134/safran21a.html,The Effects of Mild Over-parameterization on the Optimization Landscape of Shallow ReLU Neural Networks,COLT,conference_paper,"Itay M Safran, Gilad Yehudai, Ohad Shamir",2021,1
https://proceedings.mlr.press/v134/vanerven21a.html,Robust Online Convex Optimization in the Presence of Outliers,COLT,conference_paper,"Tim van Erven, Sarah Sachs, Wouter M Koolen, Wojciech Kotlowski",2021,1
https://proceedings.mlr.press/v167/blanchard22a.html,Universal Online Learning with Unbounded Losses: Memory Is All You Need,ALT,conference_paper,"Moïse Blanchard, Romain Cosson, Steve Hanneke",2022,1
https://proceedings.mlr.press/v167/charles22a.html,"Iterated Vector Fields and Conservatism, with Applications to Federated Learning",ALT,conference_paper,"Zachary Charles, Keith Rush",2022,1
https://proceedings.mlr.press/v167/hanneke22a.html,Universally Consistent Online Learning with Arbitrarily Dependent Responses,ALT,conference_paper,Steve Hanneke,2022,1
https://proceedings.mlr.press/v167/holte22a.html,Distinguishing Relational Pattern Languages With a Small Number of Short Strings,ALT,conference_paper,"Robert C. Holte, S. Mahmoud Mousawi, Sandra Zilles",2022,1
https://proceedings.mlr.press/v167/morwani22a.html,Inductive Bias of Gradient Descent for Weight Normalized Smooth Homogeneous Neural Nets,ALT,conference_paper,"Depen Morwani, Harish G. Ramaswamy",2022,1
https://proceedings.mlr.press/v178/blanchard22a.html,Universal Online Learning with Bounded Loss: Reduction to Binary Classification,COLT,conference_paper,"Moise Blanchard, Romain Cosson",2022,1
https://proceedings.mlr.press/v178/bolthausen22a.html,Gardner formula for Ising perceptron models at small densities,COLT,conference_paper,"Erwin Bolthausen, Shuta Nakajima, Nike Sun, Changji Xu",2022,1
https://proceedings.mlr.press/v178/domingo-enrich22a.html,Depth and Feature Learning are Provably Beneficial for Neural Network Discriminators,COLT,conference_paper,Carles Domingo-Enrich,2022,1
https://proceedings.mlr.press/v178/gaudio22a.html,Exact Community Recovery in Correlated Stochastic Block Models,COLT,conference_paper,"Julia Gaudio, Miklos Z. Racz, Anirudh Sridhar",2022,1
https://proceedings.mlr.press/v178/grigorescu22a.html,Hardness of Maximum Likelihood Learning of DPPs,COLT,conference_paper,"Elena Grigorescu, Brendan Juba, Karl Wimmer, Ning Xie",2022,1
https://proceedings.mlr.press/v178/jacobsen22a.html,Parameter-free Mirror Descent,COLT,conference_paper,"Andrew Jacobsen, Ashok Cutkosky",2022,1
https://proceedings.mlr.press/v178/kane22a.html,Computational-Statistical Gap in Reinforcement Learning,COLT,conference_paper,"Daniel Kane, Sihan Liu, Shachar Lovett, Gaurav Mahajan",2022,1
https://proceedings.mlr.press/v178/kargin22a.html,Thompson Sampling Achieves $\tilde{O}(\sqrt{T})$ Regret in Linear Quadratic Control,COLT,conference_paper,"Taylan Kargin, Sahin Lale, Kamyar Azizzadenesheli, Animashree Anandkumar, Babak Hassibi",2022,1
https://proceedings.mlr.press/v178/kelner22a.html,Big-Step-Little-Step: Efficient Gradient Methods for Objectives with Multiple Scales,COLT,conference_paper,"Jonathan Kelner, Annie Marsden, Vatsal Sharan, Aaron Sidford, Gregory Valiant, Honglin Yuan",2022,1
https://proceedings.mlr.press/v178/kur22a.html,An Efficient Minimax Optimal Estimator For Multivariate Convex Regression,COLT,conference_paper,"Gil Kur, Eli Putterman",2022,1
https://proceedings.mlr.press/v178/lattimore22a.html,Minimax Regret for Partial Monitoring: Infinite Outcomes and Rustichini’s Regret,COLT,conference_paper,Tor Lattimore,2022,1
https://proceedings.mlr.press/v178/lugosi22a.html,Generalization Bounds via Convex Analysis,COLT,conference_paper,"Gabor Lugosi, Gergely Neu",2022,1
https://proceedings.mlr.press/v178/mayo22a.html,Scale-free Unconstrained Online Learning for Curved Losses,COLT,conference_paper,"Jack J. Mayo, Hedi Hadiji, Tim van Erven",2022,1
https://proceedings.mlr.press/v178/open-problem-bassily22a.html,,COLT / PMLR,original_collection,Raef Bassily; Mehryar Mohri; Ananda Theertha Suresh,2022,1
https://proceedings.mlr.press/v178/open-problem-blanc22a.html,,COLT / PMLR,original_collection,Guy Blanc; Jane Lange; Mingda Qiao; Li-Yang Tan,2022,1
https://proceedings.mlr.press/v178/open-problem-fountoulakis22a.html,,COLT / PMLR,original_collection,Kimon Fountoulakis; Shenghao Yang,2022,1
https://proceedings.mlr.press/v178/open-problem-marinov22a.html,,COLT / PMLR,original_collection,Teodor Vanislavov Marinov; Mehryar Mohri; Julian Zimmert,2022,1
https://proceedings.mlr.press/v178/open-problem-qin22a.html,Open Problem: Optimal Best Arm Identification with Fixed-Budget,COLT,conference_paper,Chao Qin,2022,1
https://proceedings.mlr.press/v178/open-problem-sanyal22a.html,,COLT / PMLR,original_collection,Amartya Sanyal; Giorgia Ramponi,2022,1
https://proceedings.mlr.press/v178/open-problem-vakili22a.html,,COLT / PMLR,original_collection,Sattar Vakili,2022,1
https://proceedings.mlr.press/v178/sterkenburg22a.html,On characterizations of learnability with computable learners,COLT,conference_paper,Tom F. Sterkenburg,2022,1
https://proceedings.mlr.press/v178/suk22a.html,Tracking Most Significant Arm Switches in Bandits,COLT,conference_paper,"Joe Suk, Samory Kpotufe",2022,1
https://proceedings.mlr.press/v178/tsiamis22a.html,Learning to Control Linear Systems can be Hard,COLT,conference_paper,"Anastasios Tsiamis, Ingvar M Ziemann, Manfred Morari, Nikolai Matni, George J. Pappas",2022,1
https://proceedings.mlr.press/v178/vardi22a.html,Width is Less Important than Depth in ReLU Neural Networks,COLT,conference_paper,"Gal Vardi, Gilad Yehudai, Ohad Shamir",2022,1
https://proceedings.mlr.press/v178/xiao22a.html,Eigenspace Restructuring: A Principle of Space and Frequency in Neural Networks,COLT,conference_paper,Lechao Xiao,2022,1
https://proceedings.mlr.press/v19/daniely11a.html,Multiclass Learnability and the ERM principle,COLT,conference_paper,"Amit Daniely, Sivan Sabato, Shai Ben-David, Shai Shalev-Shwartz",2011,1
https://proceedings.mlr.press/v19/foygel11a.html,Concentration-Based Guarantees for Low-Rank Matrix Reconstruction,COLT,conference_paper,"Rina Foygel, Nathan Srebro",2011,1
https://proceedings.mlr.press/v19/hazan11a.html,Beyond the regret minimization barrier: an optimal algorithm for stochastic strongly-convex optimization,COLT,conference_paper,"Elad Hazan, Satyen Kale",2011,1
https://proceedings.mlr.press/v19/hazan11b.html,A simple multi-armed bandit algorithm with optimal variation-bounded regret,COLT,conference_paper,"Elad Hazan, Satyen Kale",2011,1
https://proceedings.mlr.press/v19/vainsencher11a.html,The Sample Complexity of Dictionary Learning,COLT,conference_paper,"Daniel Vainsencher, Shie Mannor, Alfred M. Bruckstein",2011,1
https://proceedings.mlr.press/v195/asi23a.html,Private Online Prediction from Experts: Separations and Faster Rates,COLT,conference_paper,"Hilal Asi, Vitaly Feldman, Tomer Koren, Kunal Talwar",2023,1
https://proceedings.mlr.press/v195/blanca23a.html,Complexity of High-Dimensional Identity Testing with Coordinate Conditional Sampling,COLT,conference_paper,"Antonio Blanca, Zongchen Chen, Daniel Štefankovič, Eric Vigoda",2023,1
https://proceedings.mlr.press/v195/block23a.html,The Sample Complexity of Approximate Rejection Sampling With Applications to Smoothed Online Learning,COLT,conference_paper,"Adam Block, Yury Polyanskiy",2023,1
https://proceedings.mlr.press/v195/chae23a.html,,COLT / PMLR,original_collection,Jiseok Chae; Kyuwon Kim; Donghwan Kim,2023,1
https://proceedings.mlr.press/v195/chen23a.html,Learning Narrow One-Hidden-Layer ReLU Networks,COLT,conference_paper,"Sitan Chen, Zehao Dou, Surbhi Goel, Adam Klivans, Raghu Meka",2023,1
https://proceedings.mlr.press/v195/cohen23b.html,,COLT / PMLR,original_collection,Doron Cohen; Aryeh Kontorovich,2023,1
https://proceedings.mlr.press/v195/criscitiello23b.html,,COLT / PMLR,original_collection,Christopher Criscitiello; David Martínez-Rubio; Nicolas Boumal,2023,1
https://proceedings.mlr.press/v195/degenne23a.html,On the Existence of a Complexity in Fixed Budget Bandit Identification,COLT,conference_paper,Rémy Degenne,2023,1
https://proceedings.mlr.press/v195/dong23a.html,Toward L_∞Recovery of Nonlinear Functions: A Polynomial Sample Complexity Bound for Gaussian Random Fields,COLT,conference_paper,"Kefan Dong, Tengyu Ma",2023,1
https://proceedings.mlr.press/v195/fan23a.html,Improved dimension dependence of a proximal algorithm for sampling,COLT,conference_paper,"Jiaojiao Fan, Bo Yuan, Yongxin Chen",2023,1
https://proceedings.mlr.press/v195/filmus23a.html,Optimal Prediction Using Expert Advice and Randomized Littlestone Dimension,COLT,conference_paper,"Yuval Filmus, Steve Hanneke, Idan Mehalel, Shay Moran",2023,1
https://proceedings.mlr.press/v195/gamarnik23a.html,Geometric Barriers for Stable and Online Algorithms for Discrepancy Minimization,COLT,conference_paper,"David Gamarnik, Eren C. Kizildağ, Will Perkins, Changji Xu",2023,1
https://proceedings.mlr.press/v195/ghazi23a.html,Ticketed Learning–Unlearning Schemes,COLT,conference_paper,"Badih Ghazi, Pritish Kamath, Ravi Kumar, Pasin Manurangsi, Ayush Sekhari, Chiyuan Zhang",2023,1
https://proceedings.mlr.press/v195/hanneke23b.html,Multiclass Online Learning and Uniform Convergence,COLT,conference_paper,"Steve Hanneke, Shay Moran, Vinod Raman, Unique Subedi, Ambuj Tewari",2023,1
https://proceedings.mlr.press/v195/kandiros23a.html,Learning and Testing Latent-Tree Ising Models Efficiently,COLT,conference_paper,"Vardis Kandiros, Constantinos Daskalakis, Yuval Dagan, Davin Choo",2023,1
https://proceedings.mlr.press/v195/kelner23a.html,Semi-Random Sparse Recovery in Nearly-Linear Time,COLT,conference_paper,"Jonathan Kelner, Jerry Li, Allen X. Liu, Aaron Sidford, Kevin Tian",2023,1
https://proceedings.mlr.press/v195/kothari23a.html,Is Planted Coloring Easier than Planted Clique?,COLT,conference_paper,"Pravesh Kothari, Santosh S Vempala, Alexander S Wein, Jeff Xu",2023,1
https://proceedings.mlr.press/v195/liu23b.html,Exponential Hardness of Reinforcement Learning with Linear Function Approximation,COLT,conference_paper,"Sihan Liu, Gaurav Mahajan, Daniel Kane, Shachar Lovett, Gellért Weisz, Csaba Szepesvári",2023,1
https://proceedings.mlr.press/v195/liu23d.html,Asymptotic confidence sets for random linear programs,COLT,conference_paper,"Shuyu Liu, Florentina Bunea, Jonathan Niles-Weed",2023,1
https://proceedings.mlr.press/v195/mahajan23a.html,Learning Hidden Markov Models Using Conditional Samples,COLT,conference_paper,"Gaurav Mahajan, Sham Kakade, Akshay Krishnamurthy, Cyril Zhang",2023,1
https://proceedings.mlr.press/v195/manoj23a.html,Shortest Program Interpolation Learning,COLT,conference_paper,"Naren Sarayu Manoj, Nathan Srebro",2023,1
https://proceedings.mlr.press/v195/novikov23a.html,Sparse PCA Beyond Covariance Thresholding,COLT,conference_paper,Gleb Novikov,2023,1
https://proceedings.mlr.press/v195/warmuth23a.html,,COLT / PMLR,original_collection,Manfred K. Warmuth; Ehsan Amid,2023,1
https://proceedings.mlr.press/v195/wu23b.html,Lower Bounds for the Convergence of Tensor Power Iteration on Random Overcomplete Models,COLT,conference_paper,"Yuchen Wu, Kangjie Zhou",2023,1
https://proceedings.mlr.press/v195/yue23a.html,On the Lower Bound of Minimizing Polyak-Łojasiewicz functions,COLT,conference_paper,"Pengyun Yue, Cong Fang, Zhouchen Lin",2023,1
https://proceedings.mlr.press/v195/zhang23a.html,Improved Discretization Analysis for Underdamped Langevin Monte Carlo,COLT,conference_paper,"Shunshi Zhang, Sinho Chewi, Mufan Li, Krishna Balasubramanian, Murat A. Erdogdu",2023,1
https://proceedings.mlr.press/v195/zhou23a.html,A new ranking scheme for modern data and its application to two-sample hypothesis testing,COLT,conference_paper,"Doudou Zhou, Hao Chen",2023,1
https://proceedings.mlr.press/v201/biggar23a.html,"The Replicator Dynamic, Chain Components and the Response Graph",ALT,conference_paper,"Oliver Biggar, Iman Shames",2023,1
https://proceedings.mlr.press/v201/chewi23a.html,On the complexity of finding stationary points of smooth functions in one dimension,ALT,conference_paper,"Sinho Chewi, Sébastien Bubeck, Adil Salim",2023,1
https://proceedings.mlr.press/v201/dann23a.html,Pseudonorm Approachability and Applications to Regret Minimization,ALT,conference_paper,"Christoph Dann, Yishay Mansour, Mehryar Mohri, Jon Schneider, Balubramanian Sivan",2023,1
https://proceedings.mlr.press/v201/dann23b.html,A Unified Algorithm for Stochastic Path Problems,ALT,conference_paper,"Christoph Dann, Chen-Yu Wei, Julian Zimmert",2023,1
https://proceedings.mlr.press/v201/duman-keles23a.html,On The Computational Complexity of Self-Attention,ALT,conference_paper,"Feyza Duman Keles, Pruthuvi Mahesakya Wijewardena, Chinmay Hegde",2023,1
https://proceedings.mlr.press/v201/gabbianelli23a.html,Online Learning with Off-Policy Feedback,ALT,conference_paper,"Germano Gabbianelli, Gergely Neu, Matteo Papini",2023,1
https://proceedings.mlr.press/v201/haghifam23a.html,Limitations of Information-Theoretic Generalization Bounds for Gradient Descent Methods in Stochastic Convex Optimization,ALT,conference_paper,"Mahdi Haghifam, Borja Rodríguez-Gálvez, Ragnar Thobaben, Mikael Skoglund, Daniel M. Roy, Gintare Karolina Dziugaite",2023,1
https://proceedings.mlr.press/v201/jourdan23a.html,Dealing with Unknown Variances in Best-Arm Identification,ALT,conference_paper,"Marc Jourdan, Degenne Rémy, Kaufmann Emilie",2023,1
https://proceedings.mlr.press/v201/kevi23a.html,Primal-Dual Algorithms with Predictions for Online Bounded Allocation and Ad-Auctions Problems,ALT,conference_paper,"Enikő Kevi, Kim Tháng Nguyễn",2023,1
https://proceedings.mlr.press/v201/simon23a.html,"Tournaments, Johnson Graphs and NC-Teaching",ALT,conference_paper,Hans U. Simon,2023,1
https://proceedings.mlr.press/v23/li12.html,Open Problem: Regret Bounds for Thompson Sampling,COLT,conference_paper,"Lihong Li, Olivier Chapelle",2012,1
https://proceedings.mlr.press/v23/lim12.html,Autonomous Exploration For Navigating In MDPs,COLT,conference_paper,"Shiau Hong Lim, Peter Auer",2012,1
https://proceedings.mlr.press/v23/ramon12.html,,COLT / PMLR,original_collection,Jan Ramon; Constantin Comendant,2012,1
https://proceedings.mlr.press/v23/recht12.html,"Toward a Noncommutative Arithmetic-geometric Mean Inequality: Conjectures, Case-studies, and Consequences",COLT,conference_paper,"Benjamin Recht, Christopher Re",2012,1
https://proceedings.mlr.press/v23/rudin12.html,,COLT / PMLR,original_collection,Cynthia Rudin; Robert E. Schapire; Ingrid Daubechies,2012,1
https://proceedings.mlr.press/v237/afzali24a.html,Mixtures of Gaussians are Privately Learnable with a Polynomial Number of Samples,ALT,conference_paper,"Mohammad Afzali, Hassan Ashtiani, Christopher Liaw",2024,1
https://proceedings.mlr.press/v237/awasthi24a.html,Semi-supervised Group DRO: Combating Sparsity with Unlabeled Data,ALT,conference_paper,"Pranjal Awasthi, Satyen Kale, Ankit Pensia",2024,1
https://proceedings.mlr.press/v237/blanchard24a.html,Tight Bounds for Local Glivenko-Cantelli,ALT,conference_paper,"Moïse Blanchard, Vaclav Voracek",2024,1
https://proceedings.mlr.press/v237/brugere24a.html,"Distances for Markov Chains, and Their Differentiation",ALT,conference_paper,"Tristan Brugère, Zhengchao Wan, Yusu Wang",2024,1
https://proceedings.mlr.press/v237/brunel24a.html,Concentration of empirical barycenters in metric spaces,ALT,conference_paper,"Victor-Emmanuel Brunel, Jordan Serres",2024,1
https://proceedings.mlr.press/v237/devulapalli24a.html,The Dimension of Self-Directed Learning,ALT,conference_paper,"Pramith Devulapalli, Steve Hanneke",2024,1
https://proceedings.mlr.press/v237/mao24a.html,Predictor-Rejector Multi-Class Abstention: Theoretical Analysis and Algorithms,ALT,conference_paper,"Anqi Mao, Mehryar Mohri, Yutao Zhong",2024,1
https://proceedings.mlr.press/v237/neu24a.html,Adversarial Contextual Bandits Go Kernelized,ALT,conference_paper,"Gergely Neu, Julia Olkhovskaya, Sattar Vakili",2024,1
https://proceedings.mlr.press/v237/pasteris24a.html,Adversarial Online Collaborative Filtering,ALT,conference_paper,"Stephen Pasteris, Fabio Vitale, Mark Herbster, Claudio Gentile, Andre Panisson",2024,1
https://proceedings.mlr.press/v237/peng24a.html,The complexity of non-stationary reinforcement learning,ALT,conference_paper,"Binghui Peng, Christos Papadimitriou",2024,1
https://proceedings.mlr.press/v237/subedi24a.html,Online Infinite-Dimensional Regression: Learning Linear Operators,ALT,conference_paper,"Unique Subedi, Vinod Raman, Ambuj Tewari",2024,1
https://proceedings.mlr.press/v247/aden-ali24a.html,Majority-of-Three: The Simplest Optimal Learner?,COLT,conference_paper,"Ishaq Aden-Ali, Mikael Møller Høandgsgaard, Kasper Green Larsen, Nikita Zhivotovskiy",2024,1
https://proceedings.mlr.press/v247/aliakbarpour24a.html,Metalearning with Very Few Samples Per Task,COLT,conference_paper,"Maryam Aliakbarpour, Konstantina Bairaktari, Gavin Brown, Adam Smith, Nathan Srebro, Jonathan Ullman",2024,1
https://proceedings.mlr.press/v247/alon24a.html,A Unified Characterization of Private Learnability via Graph Theory,COLT,conference_paper,"Noga Alon, Shay Moran, Hilla Schefler, Amir Yehudayoff",2024,1
https://proceedings.mlr.press/v247/amortila24a.html,Mitigating Covariate Shift in Misspecified Regression with Applications to Reinforcement Learning,COLT,conference_paper,"Philip Amortila, Tongyi Cao, Akshay Krishnamurthy",2024,1
https://proceedings.mlr.press/v247/asi24a.html,Universally Instance-Optimal Mechanisms for Private Statistical Estimation,COLT,conference_paper,"Hilal Asi, John C. Duchi, Saminul Haque, Zewei Li, Feng Ruan",2024,1
https://proceedings.mlr.press/v247/asilis24b.html,,COLT / PMLR,original_collection,Julian Asilis; Siddartha Devic; Shaddin Dughmi; Vatsal Sharan; Shang-Hua Teng,2024,1
https://proceedings.mlr.press/v247/azize24a.html,,COLT / PMLR,original_collection,Achraf Azize; Debabrota Basu,2024,1
https://proceedings.mlr.press/v247/bateni24a.html,Metric Clustering and MST with Strong and Weak Distance Oracles,COLT,conference_paper,"MohammadHossein Bateni, Prathamesh Dharangutte, Rajesh Jayaram, Chen Wang",2024,1
https://proceedings.mlr.press/v247/bresler24a.html,Thresholds for Reconstruction of Random Hypergraphs From Graph Projections,COLT,conference_paper,"Guy Bresler, Chenghao Guo, Yury Polyanskiy",2024,1
https://proceedings.mlr.press/v247/canonne24a.html,,COLT / PMLR,original_collection,Clément Canonne,2024,1
https://proceedings.mlr.press/v247/caro24a.html,Information-theoretic generalization bounds for learning from quantum data,COLT,conference_paper,"Matthias C. Caro, Tom Gur, Cambyse Rouzé, Daniel Stilck França, Sathyawageeswar Subramanian",2024,1
https://proceedings.mlr.press/v247/chase24a.html,Dual VC Dimension Obstructs Sample Compression by Embeddings,COLT,conference_paper,"Zachary Chase, Bogdan Chornomaz, Steve Hanneke, Shay Moran, Amir Yehudayoff",2024,1
https://proceedings.mlr.press/v247/chen24e.html,,COLT / PMLR,original_collection,Xinyi Chen; Elad Hazan,2024,1
https://proceedings.mlr.press/v247/christ24a.html,Undetectable Watermarks for Language Models,COLT,conference_paper,"Miranda Christ, Sam Gunn, Or Zamir",2024,1
https://proceedings.mlr.press/v247/diakonikolas24c.html,Efficiently Learning One-Hidden-Layer ReLU Networks via SchurPolynomials,COLT,conference_paper,"Ilias Diakonikolas, Daniel M. Kane",2024,1
https://proceedings.mlr.press/v247/dmitriev24a.html,On the Growth of Mistakes in Differentially Private Online Learning: A Lower Bound Perspective,COLT,conference_paper,"Daniil Dmitriev, Kristóf Szabó, Amartya Sanyal",2024,1
https://proceedings.mlr.press/v247/ergen24a.html,Topological Expressivity of ReLU Neural Networks,COLT,conference_paper,"Ekin Ergen, Moritz Grillo",2024,1
https://proceedings.mlr.press/v247/gangrade24a.html,Safe Linear Bandits over Unknown Polytopes,COLT,conference_paper,"Aditya Gangrade, Tianrui Chen, Venkatesh Saligrama",2024,1
https://proceedings.mlr.press/v247/gatmiry24b.html,Adversarial Online Learning with Temporal Feedback Graphs,COLT,conference_paper,"Khashayar Gatmiry, Jon Schneider",2024,1
https://proceedings.mlr.press/v247/hanneke24a.html,The Star Number and Eluder Dimension: Elementary Observations About the Dimensions of Disagreement,COLT,conference_paper,Steve Hanneke,2024,1
https://proceedings.mlr.press/v247/hanneke24c.html,,COLT / PMLR,original_collection,Steve Hanneke; Shay Moran; Waknine Tom,2024,1
https://proceedings.mlr.press/v247/hsu24a.html,On the sample complexity of parameter estimation in logistic regression with normal design,COLT,conference_paper,"Daniel Hsu, Arya Mazumdar",2024,1
https://proceedings.mlr.press/v247/hu24a.html,,COLT / PMLR,original_collection,Bingshan Hu; Nishant A. Mehta,2024,1
https://proceedings.mlr.press/v247/kook24a.html,Sampling from the Mean-Field Stationary Distribution,COLT,conference_paper,"Yunbum Kook, Matthew S. Zhang, Sinho Chewi, Murat A. Erdogdu, Mufan (Bill) Li",2024,1
https://proceedings.mlr.press/v247/kornowski24a.html,,COLT / PMLR,original_collection,Guy Kornowski; Ohad Shamir,2024,1
https://proceedings.mlr.press/v247/kozachinskiy24a.html,Simple online learning with consistent oracle,COLT,conference_paper,"Alexander Kozachinskiy, Tomasz Steifer",2024,1
https://proceedings.mlr.press/v247/li24b.html,Optimistic Rates for Learning from Label Proportions,COLT,conference_paper,"Gene Li, Lin Chen, Adel Javanmard, Vahab Mirrokni",2024,1
https://proceedings.mlr.press/v247/marchetti24a.html,Harmonics of Learning: Universal Fourier Features Emerge in Invariant Networks,COLT,conference_paper,"Giovanni Luca Marchetti, Christopher J Hillar, Danica Kragic, Sophia Sanborn",2024,1
https://proceedings.mlr.press/v247/neu24a.html,Optimistic Information Directed Sampling,COLT,conference_paper,"Gergely Neu, Matteo Papini, Ludovic Schwartz",2024,1
https://proceedings.mlr.press/v247/patel24a.html,The Limits and Potentials of Local SGD for Distributed Heterogeneous Learning with Intermittent Communication,COLT,conference_paper,"Kumar Kshitij Patel, Margalit Glasgow, Ali Zindari, Lingxiao Wang, Sebastian U Stich, Ziheng Cheng, Nirmit Joshi, Nathan Srebro",2024,1
https://proceedings.mlr.press/v247/puchkin24a.html,Dimension-free Structured Covariance Estimation,COLT,conference_paper,"Nikita Puchkin, Maxim Rakhuba",2024,1
https://proceedings.mlr.press/v247/samsonov24a.html,Improved High-Probability Bounds for the Temporal Difference Learning Algorithm via Exponential Stability,COLT,conference_paper,"Sergey Samsonov, Daniil Tiapkin, Alexey Naumov, Eric Moulines",2024,1
https://proceedings.mlr.press/v247/vakili24a.html,,COLT / PMLR,original_collection,Sattar Vakili,2024,1
https://proceedings.mlr.press/v247/wang24c.html,,COLT / PMLR,original_collection,Guillaume Wang; Lénaïc Chizat,2024,1
https://proceedings.mlr.press/v247/wibisono24a.html,Optimal score estimation via empirical Bayes smoothing,COLT,conference_paper,"Andre Wibisono, Yihong Wu, Kaylee Yingxi Yang",2024,1
https://proceedings.mlr.press/v247/wu24b.html,Large Stepsize Gradient Descent for Logistic Loss: Non-Monotonicity of the Loss Improves Optimization Efficiency,COLT,conference_paper,"Jingfeng Wu, Peter L. Bartlett, Matus Telgarsky, Bin Yu",2024,1
https://proceedings.mlr.press/v247/yang24a.html,Multiple-output composite quantile regression through an optimal transport lens,COLT,conference_paper,"Xuzhi Yang, Tengyao Wang",2024,1
https://proceedings.mlr.press/v272/asilis25b.html,Proper Learnability and the Role of Unlabeled Data,ALT,conference_paper,"Julian Asilis, Siddartha Devic, Shaddin Dughmi, Vatsal Sharan, Shang-Hua Teng",2025,1
https://proceedings.mlr.press/v272/attias25a.html,Sample Compression Scheme Reductions,ALT,conference_paper,"Idan Attias, Steve Hanneke, Arvind Ramaswami",2025,1
https://proceedings.mlr.press/v272/bar-on25a.html,Non-stochastic Bandits With Evolving Observations,ALT,conference_paper,"Yogev Bar-On, Yishay Mansour",2025,1
https://proceedings.mlr.press/v272/cunha25a.html,"Boosting, Voting Classifiers and Randomized Sample Compression Schemes",ALT,conference_paper,"Arthur da Cunha, Kasper Green Larsen, Martin Ritzert",2025,1
https://proceedings.mlr.press/v272/hanneke25a.html,Reliable Active Apprenticeship Learning,ALT,conference_paper,"Steve Hanneke, Liu Yang, Gongju Wang, Yulun Song",2025,1
https://proceedings.mlr.press/v272/lau25a.html,Quantile Multi-Armed Bandits with 1-bit Feedback,ALT,conference_paper,"Ivan Lau, Jonathan Scarlett",2025,1
https://proceedings.mlr.press/v272/pabbaraju25a.html,A Characterization of List Regression,ALT,conference_paper,"Chirag Pabbaraju, Sahasrajit Sarmasarkar",2025,1
https://proceedings.mlr.press/v272/putta25a.html,Data Dependent Regret Bounds for Online Portfolio Selection with Predicted Returns,ALT,conference_paper,"Sudeep Raja Putta, Shipra Agrawal",2025,1
https://proceedings.mlr.press/v272/schliserman25a.html,The Dimension Strikes Back with Gradients: Generalization of Gradient Methods in Stochastic Convex Optimization,ALT,conference_paper,"Matan Schliserman, Uri Sherman, Tomer Koren",2025,1
https://proceedings.mlr.press/v272/sokolov25a.html,Self-Directed Node Classification on Graphs,ALT,conference_paper,"Georgy Sokolov, Maximilian Thiessen, Margarita Akhmejanova, Fabio Vitale, Francesco Orabona",2025,1
https://proceedings.mlr.press/v272/warmuth25a.html,How rotation invariant algorithms are fooled by noise on sparse targets,ALT,conference_paper,"Manfred K. Warmuth, Wojciech Kot\polishlowski, Matt Jones, Ehsan Amid",2025,1
https://proceedings.mlr.press/v291/assos25a.html,Computational Intractability of Strategizing against Online Learners,COLT,conference_paper,"Angelos Assos, Yuval Dagan, Nived Rajaraman",2025,1
https://proceedings.mlr.press/v291/blum25a.html,Proofs as Explanations: Short Certificates for Reliable Predictions,COLT,conference_paper,"Avrim Blum, Steve Hanneke, Chirag Pabbaraju, Donya Saless",2025,1
https://proceedings.mlr.press/v291/bresler25a.html,Partial and Exact Recovery of a Random Hypergraph from its Graph Projection,COLT,conference_paper,"Guy Bresler, Chenghao Guo, Yury Polyanskiy, Andrew Yao",2025,1
https://proceedings.mlr.press/v291/chen25a.html,Solving Convex-Concave Problems with $\mathcal{O}(\epsilon^{-4/7})$ Second-Order Oracle Complexity,COLT,conference_paper,"Lesi Chen, Chengchang Liu, Luo Luo, Jingzhao Zhang",2025,1
https://proceedings.mlr.press/v291/chen25c.html,Predicting quantum channels over general product distributions,COLT,conference_paper,"Sitan Chen, Jaume de Dios Pont, Jun-Ting Hsieh, Hsin-Yuan Huang, Jane Lange, Jerry Li",2025,1
https://proceedings.mlr.press/v291/chen25e.html,Learning general Gaussian mixtures with efficient score matching,COLT,conference_paper,"Sitan Chen, Vasilis Kontonis, Kulin Shah",2025,1
https://proceedings.mlr.press/v291/chen25g.html,"Optimization, Isoperimetric Inequalities, and Sampling via Lyapunov Potentials",COLT,conference_paper,"August Y Chen, Karthik Sridharan",2025,1
https://proceedings.mlr.press/v291/chornomaz25a.html,Spherical Dimension,COLT,conference_paper,"Bogdan Chornomaz, Shay Moran, Tom Waknine",2025,1
https://proceedings.mlr.press/v291/elimelech25a.html,Detecting Arbitrary Planted Subgraphs in Random Graphs,COLT,conference_paper,"Dor Elimelech, Wasim Huleihel",2025,1
https://proceedings.mlr.press/v291/froese25b.html,,COLT / PMLR,original_collection,Vincent Froese; Moritz Grillo; Christoph Hertrich; Martin Skutella,2025,1
https://proceedings.mlr.press/v291/gao25b.html,Computing High-dimensional Confidence Sets for Arbitrary Distributions,COLT,conference_paper,"Chao Gao, Liren Shan, Vaidehi Srinivas, Aravindan Vijayaraghavan",2025,1
https://proceedings.mlr.press/v291/gatmiry25a.html,Computing Optimal Regularizers for Online Linear Optimization,COLT,conference_paper,"Khashayar Gatmiry, Jon Schneider, Stefanie Jegelka",2025,1
https://proceedings.mlr.press/v291/genalti25a.html,,COLT / PMLR,original_collection,Gianmarco Genalti; Alberto Maria Metelli,2025,1
https://proceedings.mlr.press/v291/gu25a.html,"Tight Bounds for Noisy Computation of High-Influence Functions, Connectivity, and Threshold",COLT,conference_paper,"Yuzhou Gu, Xin Li, Yinzhan Xu",2025,1
https://proceedings.mlr.press/v291/gu25b.html,,COLT / PMLR,original_collection,Yihong Gu,2025,1
https://proceedings.mlr.press/v291/hanneke25a.html,Data Selection for ERMs,COLT,conference_paper,"Steve Hanneke, Shay Moran, Alexander Shlimovich, Amir Yehudayoff",2025,1
https://proceedings.mlr.press/v291/hanneke25e.html,,COLT / PMLR,original_collection,Steve Hanneke; Shay Moran; Alexander Shlimovich; Amir Yehudayoff,2025,1
https://proceedings.mlr.press/v291/joshi25a.html,A Theory of Learning with Autoregressive Chain of Thought,COLT,conference_paper,"Nirmit Joshi, Gal Vardi, Adam Block, Surbhi Goel, Zhiyuan Li, Theodor Misiakiewicz, Nathan Srebro",2025,1
https://proceedings.mlr.press/v291/kumar25a.html,Spike-and-Slab Posterior Sampling in High Dimensions,COLT,conference_paper,"Symantak Kumar, Purnamrita Sarkar, Kevin Tian, Yusong Zhu",2025,1
https://proceedings.mlr.press/v291/maiti25b.html,,COLT / PMLR,original_collection,Arnab Maiti,2025,1
https://proceedings.mlr.press/v291/mhammedi25a.html,Online Convex Optimization with a Separation Oracle,COLT,conference_paper,Zakaria Mhammedi,2025,1
https://proceedings.mlr.press/v291/mhammedi25b.html,Sample and Oracle Efficient Reinforcement Learning for MDPs with Linearly-Realizable Value Functions,COLT,conference_paper,Zakaria Mhammedi,2025,1
https://proceedings.mlr.press/v291/nguyen25a.html,Data-dependent Bounds with $T$-Optimal Best-of-Both-Worlds Guarantees in Multi-Armed Bandits using Stability-Penalty Matching,COLT,conference_paper,"Quan Nguyen, Shinji Ito, Junpei Komiyama, Mehta Nishant",2025,1
https://proceedings.mlr.press/v291/ryu25a.html,Improved Offline Contextual Bandits with Second-Order Bounds: Betting and Freezing,COLT,conference_paper,"J. Jon Ryu, Jeongyeol Kwon, Benjamin Koppe, Kwang-Sung Jun",2025,1
https://proceedings.mlr.press/v291/saad25a.html,New Lower Bounds for Non-Convex Stochastic Optimization through Divergence Decomposition,COLT,conference_paper,"El Mehdi Saad, Wei-Cheng Lee, Francesco Orabona",2025,1
https://proceedings.mlr.press/v291/vasconcelos25a.html,Learning shallow quantum circuits with many-qubit gates,COLT,conference_paper,"Francisca Vasconcelos, Hsin-Yuan Huang",2025,1
https://proceedings.mlr.press/v291/zhu25a.html,Quantifying Overfitting along the Regularization Path for Two-Part-Code MDL in Supervised Classification,COLT,conference_paper,"Xiaohan Zhu, Nathan Srebro",2025,1
https://proceedings.mlr.press/v30/Abraham13.html,Adaptive Crowdsourcing Algorithms for the Bandit Survey Problem,COLT,conference_paper,"Ittai Abraham, Omar Alonso, Vasilis Kandylas, Aleksandrs Slivkins",2013,1
https://proceedings.mlr.press/v30/Bartok13.html,A near-optimal algorithm for finite partial-monitoring games against adversarial opponents,COLT,conference_paper,Gábor Bartók,2013,1
https://proceedings.mlr.press/v30/Daniely13.html,The price of bandit information in multiclass online classification,COLT,conference_paper,"Amit Daniely, Tom Helbertal",2013,1
https://proceedings.mlr.press/v30/Kaufmann13.html,Information Complexity in Bandit Subset Selection,COLT,conference_paper,"Emilie Kaufmann, Shivaram Kalyanakrishnan",2013,1
https://proceedings.mlr.press/v30/Koolen13.html,Learning a set of directions,COLT,conference_paper,"Wouter M. Koolen, Jiazhong Nie, Manfred Warmuth",2013,1
https://proceedings.mlr.press/v30/Livni13.html,Honest Compressions and Their Application to Compression Schemes,COLT,conference_paper,"Roi Livni, Pierre Simon",2013,1
https://proceedings.mlr.press/v30/Mahdavi13.html,Passive Learning with Target Risk,COLT,conference_paper,"Mehrdad Mahdavi, Rong Jin",2013,1
https://proceedings.mlr.press/v30/Nie13.html,,COLT / PMLR,original_collection,Jiazhong Nie; Manfred K. Warmuth; S.V.N. Vishwanathan; Xinhua Zhang,2013,1
https://proceedings.mlr.press/v30/Perchet13.html,"Approachability, fast and slow",COLT,conference_paper,"Vianney Perchet, Shie Mannor",2013,1
https://proceedings.mlr.press/v313/amin26a.html,Learning from Synthetic Data: Limitations of ERM,ALT,conference_paper,"Kareem Amin, Alex Bie, Weiwei Kong, Umar Syed, Sergei Vassilvitskii",2026,1
https://proceedings.mlr.press/v313/ashkezari26a.html,Robust Online Learning,ALT,conference_paper,Sajad Ashkezari,2026,1
https://proceedings.mlr.press/v313/attias26a.html,On the Hardness of Learning Regular Expressions,ALT,conference_paper,"Idan Attias, Lev Reyzin, Nathan Srebro, Gal Vardi",2026,1
https://proceedings.mlr.press/v313/charikar26a.html,Pareto-optimal Non-uniform Language Generation,ALT,conference_paper,"Moses Charikar, Chirag Pabbaraju",2026,1
https://proceedings.mlr.press/v313/evron26a.html,From Continual Learning to SGD and Back: Better Rates for Continual Linear Models,ALT,conference_paper,"Itay Evron, Ran Levinstein, Matan Schliserman, Uri Sherman, Tomer Koren, Daniel Soudry, Nathan Srebro",2026,1
https://proceedings.mlr.press/v313/larsen26a.html,Learning with Monotone Adversarial Corruptions,ALT,conference_paper,"Kasper Green Larsen, Chirag Pabbaraju, Abhishek Shetty",2026,1
https://proceedings.mlr.press/v313/lezane26a.html,Accelerated Mirror Descent for Non-Euclidean Star-convex Functions,ALT,conference_paper,"Clement LEZANE, Sophie Langer, Wouter M Koolen",2026,1
https://proceedings.mlr.press/v313/r-26a.html,"Large Average Subtensor Problem: Ground-State, Algorithms, and Algorithmic Barriers",ALT,conference_paper,"Abhishek Hegade K. R., Eren C. Kizildag",2026,1
https://proceedings.mlr.press/v313/sankagiri26a.html,Recycling History: Efficient Recommendations from Contextual Dueling Bandits,ALT,conference_paper,"Suryanarayana Sankagiri, Jalal Etesami, Pouria Fatemi, Matthias Grossglauser",2026,1
https://proceedings.mlr.press/v313/snoeck26a.html,Compressibility Barriers to Neighborhood-Preserving Data Visualization,ALT,conference_paper,"Szymon Snoeck, Noah Bergam, Nakul Verma",2026,1
https://proceedings.mlr.press/v313/wang26a.html,Multi-distribution Learning: From Worst-Case Optimality to Lexicographic Min-Max Optimality,ALT,conference_paper,"Guanghui Wang, Umar Syed, Robert E. Schapire, Jacob Abernethy",2026,1
https://proceedings.mlr.press/v313/warton26a.html,Graph Inference with Effective Resistance Queries,ALT,conference_paper,"Evelyn Warton, Huck Bennett, Mitchell Black, Amir Nayyeri",2026,1
https://proceedings.mlr.press/v336/adil26a.html,On efficient robust regression with subquadratic samples,COLT,conference_paper,"Deeksha Adil, Jarosław Błasiok, Hongjie Chen, Deepak Narayanan Sridharan",2026,1
https://proceedings.mlr.press/v336/anagnostides26a.html,Swap Regret Minimization Through Response-Based Approachability,COLT,conference_paper,"Ioannis Anagnostides, Gabriele Farina, Maxwell Fishelson, Haipeng Luo, Jon Schneider",2026,1
https://proceedings.mlr.press/v336/applebaum26a.html,Statistical Learning from Attribution Sets,COLT,conference_paper,"Lorne Applebaum, Robert Busa-Fekete, August Chen, Claudio Gentile, Tomer Koren, Aryan Mokhtari",2026,1
https://proceedings.mlr.press/v336/arvanitakis26a.html,,COLT / PMLR,original_collection,Dionysis Arvanitakis; Vaidehi Srinivas; Aravindan Vijayaraghavan,2026,1
https://proceedings.mlr.press/v336/balcan26a.html,,COLT / PMLR,original_collection,Maria-Florina Balcan; Wesley Pegden; Dravyansh Sharma,2026,1
https://proceedings.mlr.press/v336/bansal26a.html,Cloning is as Hard as Learning for Stabilizer States,COLT,conference_paper,"Nikhil Bansal, Matthias C. Caro, Gaurav Mahajan",2026,1
https://proceedings.mlr.press/v336/barzilai26a.html,Limitations of SGD for Multi-Index Models Beyond Statistical Queries,COLT,conference_paper,"Daniel Barzilai, Ohad Shamir",2026,1
https://proceedings.mlr.press/v336/carpentier26a.html,Phase Transition for Stochastic Block Model with more than $\sqrtn$ Communities,COLT,conference_paper,"Alexandra Carpentier, Christophe Giraud, Nicolas Verzelen",2026,1
https://proceedings.mlr.press/v336/chase26a.html,A Tight Lower Bound for Non-stochastic Multi-armed Bandits with Expert Advice,COLT,conference_paper,"Zachary Chase, Shinji Ito, Idan Mehalel",2026,1
https://proceedings.mlr.press/v336/chen26c.html,Instance-optimal high-precision shadow tomography with few-copy measurements: A metrological approach,COLT,conference_paper,"Senrui Chen, Weiyuan Gong, Sisi Zhou",2026,1
https://proceedings.mlr.press/v336/crawshaw26a.html,Tight Bounds for Logistic Regression with Large Stepsize Gradient Descent in Low Dimension,COLT,conference_paper,"Michael Crawshaw, Mingrui Liu",2026,1
https://proceedings.mlr.press/v336/ding26b.html,Rate-optimal community detection near the KS threshold via node-robust algorithms,COLT,conference_paper,"Jingqiu Ding, Yiding Hua, Kasper Lindberg, David Steurer, Aleksandr Storozhenko",2026,1
https://proceedings.mlr.press/v336/dughmi26a.html,Relatively Smart: A New Approach for Instance-Optimal Learning,COLT,conference_paper,"Shaddin Dughmi, Alireza F. Pour",2026,1
https://proceedings.mlr.press/v336/dutta26a.html,"The Median is Easier than it Looks: Approximation with a Constant-Depth, Linear-Width ReLU Network",COLT,conference_paper,"Abhigyan Dutta, Itay Safran, Paul Valiant",2026,1
https://proceedings.mlr.press/v336/feldman26a.html,,COLT / PMLR,original_collection,Vitaly Feldman; Pritish Kamath; Nathan Srebro,2026,1
https://proceedings.mlr.press/v336/filmus26a.html,Optimal Reconstruction from Linear Queries,COLT,conference_paper,"Yuval Filmus, Shay Moran, Elizaveta Nesterova",2026,1
https://proceedings.mlr.press/v336/flammarion26a.html,Space-Efficient Language Generation in the Limit,COLT,conference_paper,"Nicolas Flammarion, Chirag Pabbaraju, Hristo Papazov, Miltiadis Stouras, Ola Svensson",2026,1
https://proceedings.mlr.press/v336/frongillo26a.html,Toward Simultaneously Optimal Regret in U-Calibration,COLT,conference_paper,"Rafael Frongillo, Haipeng Luo, Nishant A. Mehta, Jon Schneider",2026,1
https://proceedings.mlr.press/v336/gamarnik26a.html,Optimal Hardness of Online Algorithms for Large Common Induced Subgraphs,COLT,conference_paper,"David Gamarnik, Miklós Z. Rácz, Gabe Schoenbach",2026,1
https://proceedings.mlr.press/v336/ghazi26a.html,Nearly Linear-Time User-Level DP-SCO with Optimal Rates,COLT,conference_paper,"Badih Ghazi, Ravi Kumar, Daogao Liu, Pasin Manurangsi",2026,1
https://proceedings.mlr.press/v336/giapitzakis26a.html,On the Statistical Query Complexity of Learning Semiautomata: a Random Walk Approach,COLT,conference_paper,"George Giapitzakis, Kimon Fountoulakis, Eshaan Nichani, Jason D. Lee",2026,1
https://proceedings.mlr.press/v336/goel26a.html,Testing Noise Assumptions of Learning Algorithms,COLT,conference_paper,"Surbhi Goel, Adam Klivans, Konstantinos Stavropoulos, Arsen Vasilyan",2026,1
https://proceedings.mlr.press/v336/jin26a.html,Avoiding exp($k^*$) Scaling for Thompson Sampling in Combinatorial Semi-Bandits: From Multiple Seeds to a Single Seed,COLT,conference_paper,"Tianyuan Jin, Heyang Zhao, Vincent Y. F. Tan, Quanquan Gu",2026,1
https://proceedings.mlr.press/v336/kattermann26a.html,Recursively Enumerably Representable Classes and Computable Versions of the Fundamental Theorem of Statistical Learning,COLT,conference_paper,"David Kattermann, Lothar Sebastian Krapp",2026,1
https://proceedings.mlr.press/v336/klivans26a.html,Sandwiching Polynomials for Geometric Concepts with Low Intrinsic Dimension,COLT,conference_paper,"Adam Klivans, Konstantinos Stavropoulos, Arsen Vasilyan",2026,1
https://proceedings.mlr.press/v336/kumar26a.html,A Distribution Testing Approach to Clustering Distributions,COLT,conference_paper,"Gunjan Kumar, Yash Pote, Jonathan Scarlett",2026,1
https://proceedings.mlr.press/v336/lau26a.html,,COLT / PMLR,original_collection,Ivan Lau; Jonathan Scarlett,2026,1
https://proceedings.mlr.press/v336/levy26a.html,Self-Concordant Perturbations for Linear Bandits,COLT,conference_paper,"Lucas Lévy, Jean-Lou Valeau, Arya Akhavan, Patrick Rebeschini",2026,1
https://proceedings.mlr.press/v336/maran26a.html,Online Market Making and the Value of Observing the Order Book,COLT,conference_paper,"Davide Maran, Marcello Restelli",2026,1
https://proceedings.mlr.press/v336/mehrotra26a.html,Language Generation with Infinite Contamination,COLT,conference_paper,"Anay Mehrotra, Grigoris Velegkas, Xifan Yu, Felix Zhou",2026,1
https://proceedings.mlr.press/v336/mulayoff26a.html,On the Stability of Nonlinear Dynamics in GD and SGD: Beyond Quadratic Potentials,COLT,conference_paper,"Rotem Mulayoff, Sebastian U. Stich",2026,1
https://proceedings.mlr.press/v336/nissim26a.html,,COLT / PMLR,original_collection,Kobbi Nissim; Uri Stemmer; Eliad Tsfadia,2026,1
https://proceedings.mlr.press/v336/qin26a.html,Taming the Monster Every Context: Complexity Measure and Unified Framework for Offline-Oracle Efficient Contextual Bandits,COLT,conference_paper,"Hao Qin, Chicheng Zhang",2026,1
https://proceedings.mlr.press/v336/qiu26a.html,Near-Optimal Regret for Distributed Adversarial Bandits: A Black-Box Approach,COLT,conference_paper,"Hao Qiu, Mengxiao Zhang, Nicolò Cesa-Bianchi",2026,1
https://proceedings.mlr.press/v336/soleymani26a.html,Efficient Learning and Symmetry Discovery under Exact Invariances,COLT,conference_paper,"Ashkan Soleymani, Behrooz Tahmasebi, Patrick Jaillet, Stefanie Jegelka",2026,1
https://proceedings.mlr.press/v336/steinke26a.html,Privately Estimating Black-Box Statistics,COLT,conference_paper,"Günter Steinke, Thomas Steinke",2026,1
https://proceedings.mlr.press/v336/stradi26a.html,Truly Adapting to Adversarial Constraints in Constrained MABs,COLT,conference_paper,"Francesco Emanuele Stradi, Kalana Kalupahana, Matteo Castiglioni, Alberto Marchesi, Nicola Gatti",2026,1
https://proceedings.mlr.press/v336/thurin26a.html,CONVERGENCE RATES FOR DISTRIBUTION MATCHING WITH SLICED OPTIMAL TRANSPORT,COLT,conference_paper,"Gauthier Thurin, Claire Boyer, Kimia Nadjahi",2026,1
https://proceedings.mlr.press/v336/tkachuk26a.html,Trajectory Data Suffices for Statistically Efficient Policy Evaluation in Fixed-Horizon Offline RL with Linear $q^\pi$-Realizability and Concentrability,COLT,conference_paper,"Volodymyr Tkachuk, Csaba Szepesvári, Xiaoqi Tan",2026,1
https://proceedings.mlr.press/v336/voitovych26a.html,Learning with Simulators: No Regret in a Computationally Bounded World,COLT,conference_paper,"Sasha Voitovych, Abhishek Shetty, Noah Golowich, Alexander Rakhlin",2026,1
https://proceedings.mlr.press/v336/wang26b.html,"A simple, optimal and efficient algorithm for online exp-concave optimization",COLT,conference_paper,"Yi-Han Wang, Peng Zhao, Zhi-Hua Zhou",2026,1
https://proceedings.mlr.press/v336/wang26c.html,Accelerated Convex Optimization via Hamiltonian Dynamics with Deterministic Integration Time,COLT,conference_paper,"Xiuyuan Wang, Vishwak Srinivasan, Qiang Fu, Siddharth Mitra, Ashia Wilson, Andre Wibisono",2026,1
https://proceedings.mlr.press/v336/yang26a.html,Tight Sample Complexity of Transformers,COLT,conference_paper,"Chenxiao Yang, Nathan Srebro, Zhiyuan Li",2026,1
https://proceedings.mlr.press/v336/yu26a.html,Distribution-Free Sequential Prediction with Abstentions,COLT,conference_paper,"Jialin Yu, Moïse Blanchard",2026,1
https://proceedings.mlr.press/v35/bandeira14.html,,COLT / PMLR,original_collection,Afonso S. Bandeira; Yuehaw Khoo; Amit Singer,2014,1
https://proceedings.mlr.press/v35/bhaskara14b.html,,COLT / PMLR,original_collection,Aditya Bhaskara; Moses Charikar; Ankur Moitra; Aravindan Vijayaraghavan,2014,1
https://proceedings.mlr.press/v35/christiano14.html,,COLT / PMLR,original_collection,Paul Christiano,2014,1
https://proceedings.mlr.press/v35/daniely14a.html,The Complexity of Learning Halfspaces using Generalized Linear Methods,COLT,conference_paper,"Amit Daniely, Nati Linial, Shai Shalev-Shwartz",2014,1
https://proceedings.mlr.press/v35/daskalakis14.html,Faster and Sample Near-Optimal Algorithms for Proper Learning Mixtures of Gaussians,COLT,conference_paper,"Constantinos Daskalakis, Gautam Kamath",2014,1
https://proceedings.mlr.press/v35/dekel14.html,Online Learning with Composite Loss Functions,COLT,conference_paper,"Ofer Dekel, Jian Ding, Tomer Koren, Yuval Peres",2014,1
https://proceedings.mlr.press/v35/feldman14c.html,,COLT / PMLR,original_collection,Vitaly Feldman,2014,1
https://proceedings.mlr.press/v35/gomezrodriguez14.html,,COLT / PMLR,original_collection,Manuel Gomez-Rodriguez; Le Song; Bernhard Schoelkopf,2014,1
https://proceedings.mlr.press/v35/jain14.html,Learning Mixtures of Discrete Product Distributions using Spectral Decompositions,COLT,conference_paper,"Prateek Jain, Sewoong Oh",2014,1
https://proceedings.mlr.press/v35/kale14b.html,,COLT / PMLR,original_collection,Satyen Kale,2014,1
https://proceedings.mlr.press/v35/kegl14.html,,COLT / PMLR,original_collection,Balázs Kégl,2014,1
https://proceedings.mlr.press/v35/warmuth14.html,,COLT / PMLR,original_collection,Manfred K. Warmuth; Wouter M. Koolen,2014,1
https://proceedings.mlr.press/v40/Arora15.html,"Simple, Efficient, and Neural Algorithms for Sparse Coding",COLT,conference_paper,"Sanjeev Arora, Rong Ge, Tengyu Ma, Ankur Moitra",2015,1
https://proceedings.mlr.press/v40/Banerjee15.html,,COLT / PMLR,original_collection,Arindam Banerjee; Sheng Chen; Vidyashankar Sivakumar,2015,1
https://proceedings.mlr.press/v40/Cesa-Bianchi15.html,On the Complexity of Learning with Kernels,COLT,conference_paper,"Nicolò Cesa-Bianchi, Yishay Mansour, Ohad Shamir",2015,1
https://proceedings.mlr.press/v40/Choromanska15.html,,COLT / PMLR,original_collection,Anna Choromanska; Yann LeCun; Gérard Ben Arous,2015,1
https://proceedings.mlr.press/v40/Falahatgar15.html,Faster Algorithms for Testing under Conditional Sampling,COLT,conference_paper,"Moein Falahatgar, Ashkan Jafarpour, Alon Orlitsky, Venkatadheeraj Pichapati, Ananda Theertha Suresh",2015,1
https://proceedings.mlr.press/v40/Guzman15.html,,COLT / PMLR,original_collection,Cristóbal Guzmán,2015,1
https://proceedings.mlr.press/v40/Hajek15.html,Computational Lower Bounds for Community Detection on Random Graphs,COLT,conference_paper,"Bruce Hajek, Yihong Wu, Jiaming Xu",2015,1
https://proceedings.mlr.press/v40/Harchaoui15.html,Adaptive Recovery of Signals by Convex Optimization,COLT,conference_paper,"Zaid Harchaoui, Anatoli Juditsky, Arkadi Nemirovski, Dmitry Ostrovsky",2015,1
https://proceedings.mlr.press/v40/Koolen15a.html,Second-order Quantile Methods for Experts and Combinatorial Games,COLT,conference_paper,"Wouter M. Koolen, Tim Van Erven",2015,1
https://proceedings.mlr.press/v40/Koolen15b.html,,COLT / PMLR,original_collection,Wouter M. Koolen; Manfred K. Warmuth; Dmitri Adamskiy,2015,1
https://proceedings.mlr.press/v40/Kun15.html,,COLT / PMLR,original_collection,Jeremy Kun; Lev Reyzin,2015,1
https://proceedings.mlr.press/v40/Reid15.html,Generalized Mixability via Entropic Duality,COLT,conference_paper,"Mark D. Reid, Rafael M. Frongillo, Robert C. Williamson, Nishant Mehta",2015,1
https://proceedings.mlr.press/v40/Shamir15.html,On the Complexity of Bandit Linear Optimization,COLT,conference_paper,Ohad Shamir,2015,1
https://proceedings.mlr.press/v40/Simon15b.html,,COLT / PMLR,original_collection,Hans U. Simon; Sandra Zilles,2015,1
https://proceedings.mlr.press/v40/Vempala15.html,Max vs Min: Tensor Decomposition and ICA with nearly Linear Sample Complexity,COLT,conference_paper,"Santosh S. Vempala, Ying. Xiao",2015,1
https://proceedings.mlr.press/v49/azizzadenesheli16a.html,Reinforcement Learning of POMDPs using Spectral Methods,COLT,conference_paper,"Kamyar Azizzadenesheli, Alessandro Lazaric, Animashree Anandkumar",2016,1
https://proceedings.mlr.press/v49/azizzadenesheli16b.html,,COLT / PMLR,original_collection,Kamyar Azizzadenesheli; Alessandro Lazaric; Animashree Anandkumar,2016,1
https://proceedings.mlr.press/v49/bach16.html,Highly-Smooth Zero-th Order Online Optimization,COLT,conference_paper,"Francis Bach, Vianney Perchet",2016,1
https://proceedings.mlr.press/v49/balcan16b.html,Learning Combinatorial Functions from Pairwise Comparisons,COLT,conference_paper,"Maria-Florina Balcan, Ellen Vitercik, Colin White",2016,1
https://proceedings.mlr.press/v49/carpentier16.html,Tight (Lower) Bounds for the Fixed Budget Best Arm Identification Bandit Problem,COLT,conference_paper,"Alexandra Carpentier, Andrea Locatelli",2016,1
https://proceedings.mlr.press/v49/cesa-bianchi16.html,Delay and Cooperation in Nonstochastic Bandits,COLT,conference_paper,"Nicol‘o Cesa-Bianchi, Claudio Gentile, Yishay Mansour, Alberto Minora",2016,1
https://proceedings.mlr.press/v49/chen16b.html,,COLT / PMLR,original_collection,Lijie Chen; Jian Li,2016,1
https://proceedings.mlr.press/v49/christiano16.html,Provably manipulation-resistant reputation systems,COLT,conference_paper,Paul Christiano,2016,1
https://proceedings.mlr.press/v49/cummings16.html,Adaptive Learning with Robust Generalization Guarantees,COLT,conference_paper,"Rachel Cummings, Katrina Ligett, Kobbi Nissim, Aaron Roth, Zhiwei Steven Wu",2016,1
https://proceedings.mlr.press/v49/diakonikolas16b.html,Properly Learning Poisson Binomial Distributions in Almost Polynomial Time,COLT,conference_paper,"I. Diakonikolas, D. M. Kane, A. Stewart",2016,1
https://proceedings.mlr.press/v49/feragen16.html,,COLT / PMLR,original_collection,Aasa Feragen; Søren Hauberg,2016,1
https://proceedings.mlr.press/v49/florescu16.html,Spectral thresholds in the bipartite stochastic block model,COLT,conference_paper,"Laura Florescu, Will Perkins",2016,1
https://proceedings.mlr.press/v49/freund16.html,,COLT / PMLR,original_collection,Yoav Freund,2016,1
https://proceedings.mlr.press/v49/frongillo16.html,,COLT / PMLR,original_collection,Rafael Frongillo; Ian Kash; Stephen Becker,2016,1
https://proceedings.mlr.press/v49/garivier16a.html,Optimal Best Arm Identification with Fixed Confidence,COLT,conference_paper,"Aurélien Garivier, Emilie Kaufmann",2016,1
https://proceedings.mlr.press/v49/hazan16.html,Online Learning with Low Rank Experts,COLT,conference_paper,"Elad Hazan, Tomer Koren, Roi Livni, Yishay Mansour",2016,1
https://proceedings.mlr.press/v49/risteski16.html,How to calculate partition functions using convex programming hierarchies: provable bounds for variational methods,COLT,conference_paper,Andrej Risteski,2016,1
https://proceedings.mlr.press/v65/balkanski17a.html,The Sample Complexity of Optimizing a Convex Function,COLT,conference_paper,"Eric Balkanski, Yaron Singer",2017,1
https://proceedings.mlr.press/v65/cohen17a.html,Tight Bounds for Bandit Combinatorial Optimization,COLT,conference_paper,"Alon Cohen, Tamir Hazan, Tomer Koren",2017,1
https://proceedings.mlr.press/v65/daskalakis17a.html,Square Hellinger Subadditivity for Bayesian Networks and its Applications to Identity Testing,COLT,conference_paper,"Constantinos Daskalakis, Qinxuan Pan",2017,1
https://proceedings.mlr.press/v65/fish17a.html,,COLT / PMLR,original_collection,Benjamin Fish; Lev Reyzin,2017,1
https://proceedings.mlr.press/v65/flammarion17a.html,Stochastic Composite Least-Squares Regression with Convergence Rate $O(1/n)$,COLT,conference_paper,"Nicolas Flammarion, Francis Bach",2017,1
https://proceedings.mlr.press/v65/hu17b.html,A Unified Analysis of Stochastic Optimization Methods Using Jump System Theory and Quadratic Constraints,COLT,conference_paper,"Bin Hu, Peter Seiler, Anders Rantzer",2017,1
https://proceedings.mlr.press/v65/manurangsi17a.html,Inapproximability of VC Dimension and Littlestone’s Dimension,COLT,conference_paper,"Pasin Manurangsi, Aviad Rubinstein",2017,1
https://proceedings.mlr.press/v65/potechin17a.html,Exact tensor completion with sum-of-squares,COLT,conference_paper,"Aaron Potechin, David Steurer",2017,1
https://proceedings.mlr.press/v65/vadhan17a.html,On Learning vs. Refutation,COLT,conference_paper,Salil Vadhan,2017,1
https://proceedings.mlr.press/v75/carpenter18a.html,Near-Optimal Sample Complexity Bounds for Maximum Likelihood Estimation of Multivariate Log-concave Densities,COLT,conference_paper,"Timothy Carpenter, Ilias Diakonikolas, Anastasios Sidiropoulos, Alistair Stewart",2018,1
https://proceedings.mlr.press/v75/cassel18a.html,A General Approach to Multi-Armed Bandits Under Risk Criteria,COLT,conference_paper,"Asaf Cassel, Shie Mannor, Assaf Zeevi",2018,1
https://proceedings.mlr.press/v75/cheng18b.html,Non-Convex Matrix Completion Against a Semi-Random Adversary,COLT,conference_paper,"Yu Cheng, Rong Ge",2018,1
https://proceedings.mlr.press/v75/daskalakis18a.html,Testing Symmetric Markov Chains From a Single Trajectory,COLT,conference_paper,"Constantinos Daskalakis, Nishanth Dikkala, Nick Gravin",2018,1
https://proceedings.mlr.press/v75/hazan18a.html,,COLT / PMLR,original_collection,Elad Hazan; Livni Roi,2018,1
https://proceedings.mlr.press/v75/jiang18a.html,,COLT / PMLR,original_collection,Nan Jiang; Alekh Agarwal,2018,1
https://proceedings.mlr.press/v75/kirschner18a.html,Information Directed Sampling and Bandits with Heteroscedastic Noise,COLT,conference_paper,"Johannes Kirschner, Andreas Krause",2018,1
https://proceedings.mlr.press/v75/tan18a.html,Polynomial Time and Sample Complexity for Non-Gaussian Component Analysis: Spectral Methods,COLT,conference_paper,"Yan Shuo Tan, Roman Vershynin",2018,1
https://proceedings.mlr.press/v75/tripuraneni18a.html,Averaging Stochastic Gradient Descent on Riemannian Manifolds,COLT,conference_paper,"Nilesh Tripuraneni, Nicolas Flammarion, Francis Bach, Michael I. Jordan",2018,1
https://proceedings.mlr.press/v76/angluin17a.html,The Power of Random Counterexamples,ALT,conference_paper,"Dana Angluin, Tyler Dohrn",2017,1
https://proceedings.mlr.press/v76/bayeh17a.html,Erasing Pattern Languages Distinguishable by a Finite Number of Strings,ALT,conference_paper,"Fahimeh Bayeh, Ziyuan Gao, Sandra Zilles",2017,1
https://proceedings.mlr.press/v76/h%C3%B6lzl17a.html,Automatic Learning from Repetitive Texts,ALT,conference_paper,"Rupert Hölzl, Sanjay Jain, Philipp Schlicht, Karen Seidel, Frank Stephan",2017,1
https://proceedings.mlr.press/v76/lozin17a.html,Specifying a positive threshold function via extremal points,ALT,conference_paper,"Vadim Lozin, Igor Razgon, Viktor Zamaraev, Elena Zamaraeva, Nikolai Yu. Zolotykh",2017,1
https://proceedings.mlr.press/v76/ryabko17a.html,Universality of Bayesian mixture predictors,ALT,conference_paper,Daniil Ryabko,2017,1
https://proceedings.mlr.press/v83/cesa-bianchi18a.html,Bandit Regret Scaling with the Effective Loss Range,ALT,conference_paper,"Nicolò Cesa-Bianchi, Ohad Shamir",2018,1
https://proceedings.mlr.press/v83/gajane18a.html,Corrupt Bandits for Preserving Local Privacy,ALT,conference_paper,"Pratik Gajane, Tanguy Urvoy, Emilie Kaufmann",2018,1
https://proceedings.mlr.press/v83/mao18a.html,Minimax Rates and Efficient Algorithms for Noisy Sorting,ALT,conference_paper,"Cheng Mao, Jonathan Weed, Philippe Rigollet",2018,1
https://proceedings.mlr.press/v98/achddou19a.html,A minimax near-optimal algorithm for adaptive rejection sampling,ALT,conference_paper,"Juliette Achddou, Joseph Lam-Weil, Alexandra Carpentier, Gilles Blanchard",2019,1
https://proceedings.mlr.press/v98/cortes19a.html,Online Non-Additive Path Learning under Full and Partial Information,ALT,conference_paper,"Corinna Cortes, Vitaly Kuznetsov, Mehryar Mohri, Holakou Rahmanian, Manfred Warmuth",2019,1
https://proceedings.mlr.press/v98/kirkpatrick19a.html,Optimal Collusion-Free Teaching,ALT,conference_paper,"David Kirkpatrick, Hans U. Simon, Sandra Zilles",2019,1
https://proceedings.mlr.press/v98/maillard19a.html,Sequential change-point detection: Laplace concentration of scan statistics and non-asymptotic delay bounds,ALT,conference_paper,Odalric-Ambrym Maillard,2019,1
https://proceedings.mlr.press/v98/xuedong19a.html,General parallel optimization a without metric,ALT,conference_paper,"Xuedong Shang, Emilie Kaufmann, Michal Valko",2019,1
https://proceedings.mlr.press/v99/auer19a.html,Adaptively Tracking the Best Bandit Arm with an Unknown Number of Distribution Changes,COLT,conference_paper,"Peter Auer, Pratik Gajane, Ronald Ortner",2019,1
https://proceedings.mlr.press/v99/braverman19a.html,Sorted Top-k in Rounds,COLT,conference_paper,"Mark Braverman, Jieming Mao, Yuval Peres",2019,1
https://proceedings.mlr.press/v99/chen19a.html,Active Regression via Linear-Sample Sparsification,COLT,conference_paper,"Xue Chen, Eric Price",2019,1
https://proceedings.mlr.press/v99/dagan19a.html,Learning from Weakly Dependent Data under Dobrushin’s Condition,COLT,conference_paper,"Yuval Dagan, Constantinos Daskalakis, Nishanth Dikkala, Siddhartha Jayanti",2019,1
https://proceedings.mlr.press/v99/diakonikolas19c.html,Lower Bounds for Parallel and Randomized Convex Optimization,COLT,conference_paper,"Jelena Diakonikolas, Cristóbal Guzmán",2019,1
https://proceedings.mlr.press/v99/dong19a.html,On the Performance of Thompson Sampling on Logistic Bandits,COLT,conference_paper,"Shi Dong, Tengyu Ma, Benjamin Van Roy",2019,1
https://proceedings.mlr.press/v99/fang19a.html,Sharp Analysis for Nonconvex SGD Escaping from Saddle Points,COLT,conference_paper,"Cong Fang, Zhouchen Lin, Tong Zhang",2019,1
https://proceedings.mlr.press/v99/feldman19b.html,,COLT / PMLR,original_collection,Vitaly Feldman; Roy Frostig; Moritz Hardt,2019,1
https://proceedings.mlr.press/v99/foster19b.html,The Complexity of Making the Gradient Small in Stochastic Convex Optimization,COLT,conference_paper,"Dylan J. Foster, Ayush Sekhari, Ohad Shamir, Nathan Srebro, Karthik Sridharan, Blake Woodworth",2019,1
https://proceedings.mlr.press/v99/ge19b.html,,COLT / PMLR,original_collection,Rong Ge; Prateek Jain; Sham M. Kakade; Rahul Kidambi; Dheeraj M. Nagaraj; Praneeth Netrapalli,2019,1
https://proceedings.mlr.press/v99/hazla19a.html,Reasoning in Bayesian Opinion Exchange Networks Is PSPACE-Hard,COLT,conference_paper,"Jan Hązła, Ali Jadbabaie, Elchanan Mossel, M. Amin Rahimian",2019,1
https://proceedings.mlr.press/v99/jain19a.html,Making the Last Iterate of SGD Information Theoretically Optimal,COLT,conference_paper,"Prateek Jain, Dheeraj Nagaraj, Praneeth Netrapalli",2019,1
https://proceedings.mlr.press/v99/kane19a.html,On Communication Complexity of Classification Problems,COLT,conference_paper,"Daniel Kane, Roi Livni, Shay Moran, Amir Yehudayoff",2019,1
https://proceedings.mlr.press/v99/montasser19a.html,"VC Classes are Adversarially Robustly Learnable, but Only Improperly",COLT,conference_paper,"Omar Montasser, Steve Hanneke, Nathan Srebro",2019,1
https://proceedings.mlr.press/v99/perotto19a.html,,COLT / PMLR,original_collection,Filipo S. Perotto; Mathieu Bourgais; Bruno C. Silva; Laurent Vercouter,2019,1
https://proceedings.mlr.press/v99/savarese19a.html,How do infinite width bounded norm networks look in function space?,COLT,conference_paper,"Pedro Savarese, Itay Evron, Daniel Soudry, Nathan Srebro",2019,1
https://proceedings.mlr.press/v99/tu19a.html,The Gap Between Model-Based and Model-Free Methods on the Linear Quadratic Regulator: An Asymptotic Viewpoint,COLT,conference_paper,"Stephen Tu, Benjamin Recht",2019,1
https://proceedings.mlr.press/v99/viering19a.html,,COLT / PMLR,original_collection,Tom Viering; Alexander Mey; Marco Loog,2019,1
https://proceedings.mlr.press/v99/woodworth19a.html,,COLT / PMLR,original_collection,Blake Woodworth; Nathan Srebro,2019,1
https://sublinear.info/index.php?title=Open_Problems:101,,Sublinear.info,original_collection,Sorrachai Yingchareonthawornchai,2019,1
https://sublinear.info/index.php?title=Open_Problems:102,,Sublinear.info,original_collection,Jukka Suomela,2019,1
https://sublinear.info/index.php?title=Open_Problems:13,,Sublinear.info,original_collection,Yossi Matias,2006,1
https://sublinear.info/index.php?title=Open_Problems:14,,Sublinear.info,original_collection,Andrew McGregor,2006,1
https://sublinear.info/index.php?title=Open_Problems:15,,Sublinear.info,original_collection,Andrew McGregor,2006,1
https://sublinear.info/index.php?title=Open_Problems:16,,Sublinear.info,original_collection,Andrew McGregor,2006,1
https://sublinear.info/index.php?title=Open_Problems:17,,Sublinear.info,original_collection,S. Muthkrishnan,2006,1
https://sublinear.info/index.php?title=Open_Problems:18,,Sublinear.info,original_collection,Nicole Schweikardt,2006,1
https://sublinear.info/index.php?title=Open_Problems:19,,Sublinear.info,original_collection,D. Sivakumar,2006,1
https://sublinear.info/index.php?title=Open_Problems:20,,Sublinear.info,original_collection,Christian Sohler,2006,1
https://sublinear.info/index.php?title=Open_Problems:21,,Sublinear.info,original_collection,Martin Strauss,2006,1
https://sublinear.info/index.php?title=Open_Problems:22,,Sublinear.info,original_collection,Rina Panigrahy,2009,1
https://sublinear.info/index.php?title=Open_Problems:24,,Sublinear.info,original_collection,Piotr Indyk,2009,1
https://sublinear.info/index.php?title=Open_Problems:26,,Sublinear.info,original_collection,Paul Beame,2009,1
https://sublinear.info/index.php?title=Open_Problems:27,,Sublinear.info,original_collection,Paul Beame,2009,1
https://sublinear.info/index.php?title=Open_Problems:28,,Sublinear.info,original_collection,Sudipto Guha,2009,1
https://sublinear.info/index.php?title=Open_Problems:3,,Sublinear.info,original_collection,Graham Cormode,2006,1
https://sublinear.info/index.php?title=Open_Problems:30,,Sublinear.info,original_collection,Jelani Nelson,2009,1
https://sublinear.info/index.php?title=Open_Problems:32,,Sublinear.info,original_collection,Andrew McGregor,2009,1
https://sublinear.info/index.php?title=Open_Problems:33,,Sublinear.info,original_collection,Ely Porat,2009,1
https://sublinear.info/index.php?title=Open_Problems:34,,Sublinear.info,original_collection,Michael Mahoney,2009,1
https://sublinear.info/index.php?title=Open_Problems:35,,Sublinear.info,original_collection,Joel Tropp,2009,1
https://sublinear.info/index.php?title=Open_Problems:36,,Sublinear.info,original_collection,Rocco A. Servedio,2011,1
https://sublinear.info/index.php?title=Open_Problems:37,,Sublinear.info,original_collection,C. Seshadhri,2011,1
https://sublinear.info/index.php?title=Open_Problems:4,,Sublinear.info,original_collection,Sumit Ganguly,2006,1
https://sublinear.info/index.php?title=Open_Problems:41,,Sublinear.info,original_collection,Dana Ron,2011,1
https://sublinear.info/index.php?title=Open_Problems:42,,Sublinear.info,original_collection,Noga Alon,2011,1
https://sublinear.info/index.php?title=Open_Problems:43,,Sublinear.info,original_collection,Madhu Sudan,2011,1
https://sublinear.info/index.php?title=Open_Problems:44,,Sublinear.info,original_collection,Amit Chakrabarti,2011,1
https://sublinear.info/index.php?title=Open_Problems:46,,Sublinear.info,original_collection,Jelani Nelson,2011,1
https://sublinear.info/index.php?title=Open_Problems:48,,Sublinear.info,original_collection,Alexandr Andoni,2011,1
https://sublinear.info/index.php?title=Open_Problems:49,,Sublinear.info,original_collection,Piotr Indyk,2011,1
https://sublinear.info/index.php?title=Open_Problems:5,,Sublinear.info,original_collection,Sudipto Guha and Piotr Indyk,2006,1
https://sublinear.info/index.php?title=Open_Problems:50,,Sublinear.info,original_collection,Piotr Indyk,2011,1
https://sublinear.info/index.php?title=Open_Problems:51,,Sublinear.info,original_collection,Martin Strauss,2012,1
https://sublinear.info/index.php?title=Open_Problems:52,,Sublinear.info,original_collection,Christian Sohler,2012,1
https://sublinear.info/index.php?title=Open_Problems:53,,Sublinear.info,original_collection,Ely Porat,2012,1
https://sublinear.info/index.php?title=Open_Problems:55,,Sublinear.info,original_collection,He Sun,2012,1
https://sublinear.info/index.php?title=Open_Problems:56,,Sublinear.info,original_collection,Rina Panigrahy,2012,1
https://sublinear.info/index.php?title=Open_Problems:57,,Sublinear.info,original_collection,Atri Rudra,2012,1
https://sublinear.info/index.php?title=Open_Problems:58,,Sublinear.info,original_collection,Rasmus Pagh,2012,1
https://sublinear.info/index.php?title=Open_Problems:59,,Sublinear.info,original_collection,Hossein Jowhari,2012,1
https://sublinear.info/index.php?title=Open_Problems:6,,Sublinear.info,original_collection,Sariel Har-Peled,2006,1
https://sublinear.info/index.php?title=Open_Problems:61,,Sublinear.info,original_collection,Qin Zhang,2014,1
https://sublinear.info/index.php?title=Open_Problems:62,,Sublinear.info,original_collection,Andrea Montanari,2014,1
https://sublinear.info/index.php?title=Open_Problems:63,,Sublinear.info,original_collection,Amit Chakrabarti,2014,1
https://sublinear.info/index.php?title=Open_Problems:66,,Sublinear.info,original_collection,Eldar Fischer,2014,1
https://sublinear.info/index.php?title=Open_Problems:68,,Sublinear.info,original_collection,Yuichi Yoshida,2014,1
https://sublinear.info/index.php?title=Open_Problems:69,,Sublinear.info,original_collection,Clément Canonne,2016,1
https://sublinear.info/index.php?title=Open_Problems:7,,Sublinear.info,original_collection,Piotr Indyk,2006,1
https://sublinear.info/index.php?title=Open_Problems:70,,Sublinear.info,original_collection,Grigory Yaroslavtsev,2016,1
https://sublinear.info/index.php?title=Open_Problems:71,,Sublinear.info,original_collection,Krzysztof Onak,2016,1
https://sublinear.info/index.php?title=Open_Problems:72,,Sublinear.info,original_collection,Qin Zhang,2016,1
https://sublinear.info/index.php?title=Open_Problems:73,,Sublinear.info,original_collection,Edo Liberty,2016,1
https://sublinear.info/index.php?title=Open_Problems:74,,Sublinear.info,original_collection,Robert Krauthgamer,2016,1
https://sublinear.info/index.php?title=Open_Problems:75,,Sublinear.info,original_collection,Kasper Green Larsen,2017,1
https://sublinear.info/index.php?title=Open_Problems:76,,Sublinear.info,original_collection,Mark Braverman,2017,1
https://sublinear.info/index.php?title=Open_Problems:77,,Sublinear.info,original_collection,Justin Thaler,2017,1
https://sublinear.info/index.php?title=Open_Problems:78,,Sublinear.info,original_collection,Grigory Yaroslavtsev,2017,1
https://sublinear.info/index.php?title=Open_Problems:79,,Sublinear.info,original_collection,Joshua Brody,2017,1
https://sublinear.info/index.php?title=Open_Problems:8,,Sublinear.info,original_collection,Piotr Indyk,2006,1
https://sublinear.info/index.php?title=Open_Problems:80,,Sublinear.info,original_collection,Amit Chakrabarti,2017,1
https://sublinear.info/index.php?title=Open_Problems:81,,Sublinear.info,original_collection,Jayadev Acharya,2017,1
https://sublinear.info/index.php?title=Open_Problems:82,,Sublinear.info,original_collection,Clément Canonne,2017,1
https://sublinear.info/index.php?title=Open_Problems:83,,Sublinear.info,original_collection,Clément Canonne,2017,1
https://sublinear.info/index.php?title=Open_Problems:85,,Sublinear.info,original_collection,Ryan O'Donnell,2017,1
https://sublinear.info/index.php?title=Open_Problems:86,,Sublinear.info,original_collection,Clément Canonne,2017,1
https://sublinear.info/index.php?title=Open_Problems:87,,Sublinear.info,original_collection,Jayadev Acharya,2017,1
https://sublinear.info/index.php?title=Open_Problems:88,,Sublinear.info,original_collection,Clément Canonne,2017,1
https://sublinear.info/index.php?title=Open_Problems:89,,Sublinear.info,original_collection,Tom Gur,2017,1
https://sublinear.info/index.php?title=Open_Problems:9,,Sublinear.info,original_collection,Sampath Kannan,2006,1
https://sublinear.info/index.php?title=Open_Problems:90,,Sublinear.info,original_collection,Clément Canonne,2018,1
https://sublinear.info/index.php?title=Open_Problems:91,,Sublinear.info,original_collection,Robert Krauthgamer,2018,1
https://sublinear.info/index.php?title=Open_Problems:92,,Sublinear.info,original_collection,He Sun,2018,1
https://sublinear.info/index.php?title=Open_Problems:93,,Sublinear.info,original_collection,Graham Cormode,2018,1
https://sublinear.info/index.php?title=Open_Problems:94,,Sublinear.info,original_collection,,2018,1
https://sublinear.info/index.php?title=Open_Problems:95,,Sublinear.info,original_collection,Oliver Gebhard,2019,1
https://sublinear.info/index.php?title=Open_Problems:96,,Sublinear.info,original_collection,Clément Canonne,2019,1
https://sublinear.info/index.php?title=Open_Problems:97,,Sublinear.info,original_collection,Mohsen Gaffhari,2019,1
https://sublinear.info/index.php?title=Open_Problems:98,,Sublinear.info,original_collection,C. Seshadhri,2019,1
https://sublinear.info/index.php?title=Open_Problems:99,,Sublinear.info,original_collection,Oded Goldreich,2019,1
https://tcsopenproblems.com/problem/1,,TCS Open Problems,original_collection,,2026,1
https://tcsopenproblems.com/problem/10,,TCS Open Problems,original_collection,,2026,1
https://tcsopenproblems.com/problem/12,,TCS Open Problems,original_collection,,2026,1
https://tcsopenproblems.com/problem/13,,TCS Open Problems,original_collection,,2026,1
https://tcsopenproblems.com/problem/2,,TCS Open Problems,original_collection,,2026,1
https://tcsopenproblems.com/problem/3,,TCS Open Problems,original_collection,,2026,1
https://tcsopenproblems.com/problem/4,,TCS Open Problems,original_collection,,2026,1
https://tcsopenproblems.com/problem/5,,TCS Open Problems,original_collection,,2026,1
https://tcsopenproblems.com/problem/6,,TCS Open Problems,original_collection,,2026,1
https://tcsopenproblems.com/problem/7,,TCS Open Problems,original_collection,,2026,1
https://tcsopenproblems.com/problem/8,,TCS Open Problems,original_collection,,2026,1
https://tcsopenproblems.com/problem/9,,TCS Open Problems,original_collection,,2026,1
https://topp.openproblem.net/p10,,The Open Problems Project,original_collection,Erik D. Demaine; Joseph S. B. Mitchell; Joseph O’Rourke (editors),2001,1
https://topp.openproblem.net/p11,,The Open Problems Project,original_collection,Erik D. Demaine; Joseph S. B. Mitchell; Joseph O’Rourke (editors),2025,1
https://topp.openproblem.net/p13,,The Open Problems Project,original_collection,Erik D. Demaine; Joseph S. B. Mitchell; Joseph O’Rourke (editors),2001,1
https://topp.openproblem.net/p15,,The Open Problems Project,original_collection,Erik D. Demaine; Joseph S. B. Mitchell; Joseph O’Rourke (editors),2001,1
https://topp.openproblem.net/p16,,The Open Problems Project,original_collection,Erik D. Demaine; Joseph S. B. Mitchell; Joseph O’Rourke (editors),2025,1
https://topp.openproblem.net/p17,,The Open Problems Project,original_collection,Erik D. Demaine; Joseph S. B. Mitchell; Joseph O’Rourke (editors),2001,1
https://topp.openproblem.net/p19,,The Open Problems Project,original_collection,Erik D. Demaine; Joseph S. B. Mitchell; Joseph O’Rourke (editors),2001,1
https://topp.openproblem.net/p22,,The Open Problems Project,original_collection,Erik D. Demaine; Joseph S. B. Mitchell; Joseph O’Rourke (editors),2001,1
https://topp.openproblem.net/p23,,The Open Problems Project,original_collection,Erik D. Demaine; Joseph S. B. Mitchell; Joseph O’Rourke (editors),2007,1
https://topp.openproblem.net/p24,,The Open Problems Project,original_collection,Erik D. Demaine; Joseph S. B. Mitchell; Joseph O’Rourke (editors),2001,1
https://topp.openproblem.net/p25,,The Open Problems Project,original_collection,Erik D. Demaine; Joseph S. B. Mitchell; Joseph O’Rourke (editors),2020,1
https://topp.openproblem.net/p26,,The Open Problems Project,original_collection,Erik D. Demaine; Joseph S. B. Mitchell; Joseph O’Rourke (editors),2001,1
https://topp.openproblem.net/p28,,The Open Problems Project,original_collection,Erik D. Demaine; Joseph S. B. Mitchell; Joseph O’Rourke (editors),2008,1
https://topp.openproblem.net/p29,,The Open Problems Project,original_collection,Erik D. Demaine; Joseph S. B. Mitchell; Joseph O’Rourke (editors),2007,1
https://topp.openproblem.net/p3,,The Open Problems Project,original_collection,Erik D. Demaine; Joseph S. B. Mitchell; Joseph O’Rourke (editors),2001,1
https://topp.openproblem.net/p30,,The Open Problems Project,original_collection,Erik D. Demaine; Joseph S. B. Mitchell; Joseph O’Rourke (editors),2005,1
https://topp.openproblem.net/p31,,The Open Problems Project,original_collection,Erik D. Demaine; Joseph S. B. Mitchell; Joseph O’Rourke (editors),2009,1
https://topp.openproblem.net/p33,,The Open Problems Project,original_collection,Erik D. Demaine; Joseph S. B. Mitchell; Joseph O’Rourke (editors),2009,1
https://topp.openproblem.net/p34,,The Open Problems Project,original_collection,Erik D. Demaine; Joseph S. B. Mitchell; Joseph O’Rourke (editors),2001,1
https://topp.openproblem.net/p37,,The Open Problems Project,original_collection,Erik D. Demaine; Joseph S. B. Mitchell; Joseph O’Rourke (editors),2025,1
https://topp.openproblem.net/p38,,The Open Problems Project,original_collection,Erik D. Demaine; Joseph S. B. Mitchell; Joseph O’Rourke (editors),2002,1
https://topp.openproblem.net/p39,,The Open Problems Project,original_collection,Erik D. Demaine; Joseph S. B. Mitchell; Joseph O’Rourke (editors),2002,1
https://topp.openproblem.net/p4,,The Open Problems Project,original_collection,Erik D. Demaine; Joseph S. B. Mitchell; Joseph O’Rourke (editors),2003,1
https://topp.openproblem.net/p40,,The Open Problems Project,original_collection,Erik D. Demaine; Joseph S. B. Mitchell; Joseph O’Rourke (editors),2002,1
https://topp.openproblem.net/p41,,The Open Problems Project,original_collection,Erik D. Demaine; Joseph S. B. Mitchell; Joseph O’Rourke (editors),2006,1
https://topp.openproblem.net/p42,,The Open Problems Project,original_collection,Erik D. Demaine; Joseph S. B. Mitchell; Joseph O’Rourke (editors),2002,1
https://topp.openproblem.net/p43,,The Open Problems Project,original_collection,Erik D. Demaine; Joseph S. B. Mitchell; Joseph O’Rourke (editors),2008,1
https://topp.openproblem.net/p44,,The Open Problems Project,original_collection,Erik D. Demaine; Joseph S. B. Mitchell; Joseph O’Rourke (editors),2002,1
https://topp.openproblem.net/p45,,The Open Problems Project,original_collection,Erik D. Demaine; Joseph S. B. Mitchell; Joseph O’Rourke (editors),2010,1
https://topp.openproblem.net/p46,,The Open Problems Project,original_collection,Erik D. Demaine; Joseph S. B. Mitchell; Joseph O’Rourke (editors),2005,1
https://topp.openproblem.net/p49,,The Open Problems Project,original_collection,Erik D. Demaine; Joseph S. B. Mitchell; Joseph O’Rourke (editors),2003,1
https://topp.openproblem.net/p5,,The Open Problems Project,original_collection,Erik D. Demaine; Joseph S. B. Mitchell; Joseph O’Rourke (editors),2002,1
https://topp.openproblem.net/p54,,The Open Problems Project,original_collection,Erik D. Demaine; Joseph S. B. Mitchell; Joseph O’Rourke (editors),2004,1
https://topp.openproblem.net/p55,,The Open Problems Project,original_collection,Erik D. Demaine; Joseph S. B. Mitchell; Joseph O’Rourke (editors),2004,1
https://topp.openproblem.net/p57,,The Open Problems Project,original_collection,Erik D. Demaine; Joseph S. B. Mitchell; Joseph O’Rourke (editors),2009,1
https://topp.openproblem.net/p58,,The Open Problems Project,original_collection,Erik D. Demaine; Joseph S. B. Mitchell; Joseph O’Rourke (editors),2004,1
https://topp.openproblem.net/p59,,The Open Problems Project,original_collection,Erik D. Demaine; Joseph S. B. Mitchell; Joseph O’Rourke (editors),2004,1
https://topp.openproblem.net/p6,,The Open Problems Project,original_collection,Erik D. Demaine; Joseph S. B. Mitchell; Joseph O’Rourke (editors),2001,1
https://topp.openproblem.net/p60,,The Open Problems Project,original_collection,Erik D. Demaine; Joseph S. B. Mitchell; Joseph O’Rourke (editors),2005,1
https://topp.openproblem.net/p61,,The Open Problems Project,original_collection,Erik D. Demaine; Joseph S. B. Mitchell; Joseph O’Rourke (editors),2005,1
https://topp.openproblem.net/p62,,The Open Problems Project,original_collection,Erik D. Demaine; Joseph S. B. Mitchell; Joseph O’Rourke (editors),2005,1
https://topp.openproblem.net/p63,,The Open Problems Project,original_collection,Erik D. Demaine; Joseph S. B. Mitchell; Joseph O’Rourke (editors),2006,1
https://topp.openproblem.net/p64,,The Open Problems Project,original_collection,Erik D. Demaine; Joseph S. B. Mitchell; Joseph O’Rourke (editors),2007,1
https://topp.openproblem.net/p66,,The Open Problems Project,original_collection,Erik D. Demaine; Joseph S. B. Mitchell; Joseph O’Rourke (editors),2008,1
https://topp.openproblem.net/p68,,The Open Problems Project,original_collection,Erik D. Demaine; Joseph S. B. Mitchell; Joseph O’Rourke (editors),2012,1
https://topp.openproblem.net/p7,,The Open Problems Project,original_collection,Erik D. Demaine; Joseph S. B. Mitchell; Joseph O’Rourke (editors),2025,1
https://topp.openproblem.net/p72,,The Open Problems Project,original_collection,Erik D. Demaine; Joseph S. B. Mitchell; Joseph O’Rourke (editors),2009,1
https://topp.openproblem.net/p73,,The Open Problems Project,original_collection,Erik D. Demaine; Joseph S. B. Mitchell; Joseph O’Rourke (editors),2011,1
https://topp.openproblem.net/p74,,The Open Problems Project,original_collection,Erik D. Demaine; Joseph S. B. Mitchell; Joseph O’Rourke (editors),2012,1
https://topp.openproblem.net/p75,,The Open Problems Project,original_collection,Erik D. Demaine; Joseph S. B. Mitchell; Joseph O’Rourke (editors),2010,1
https://topp.openproblem.net/p76,,The Open Problems Project,original_collection,Erik D. Demaine; Joseph S. B. Mitchell; Joseph O’Rourke (editors),2011,1
https://topp.openproblem.net/p77,,The Open Problems Project,original_collection,Erik D. Demaine; Joseph S. B. Mitchell; Joseph O’Rourke (editors),2012,1
https://topp.openproblem.net/p78,,The Open Problems Project,original_collection,Erik D. Demaine; Joseph S. B. Mitchell; Joseph O’Rourke (editors),2012,1
https://topp.openproblem.net/p8,,The Open Problems Project,original_collection,Erik D. Demaine; Joseph S. B. Mitchell; Joseph O’Rourke (editors),2010,1
https://topp.openproblem.net/p9,,The Open Problems Project,original_collection,Erik D. Demaine; Joseph S. B. Mitchell; Joseph O’Rourke (editors),2001,1
https://web.vu.lt/mif/s.jukna/Knizka/index.html,Complexity of Linear Boolean Operators,Complexity of Linear Boolean Operators,monograph,Stasys Jukna; Igor Sergeev,2013,7
https://web.vu.lt/mif/s.jukna/boolean/index.html,Boolean Function Complexity: Advances and Frontiers (author's early draft),Boolean Function Complexity: Advances and Frontiers (author's early draft),book_draft,Stasys Jukna,2012,22
https://www.claymath.org/millennium/p-vs-np/,,Landmark reference,original_collection,Clay Mathematics Institute,,1
https://www.cs.tau.ac.il/~nachum/rtaloop/problems/1.html,,RTA Open Problems,original_collection,Jan Willem Klop,1991,1
https://www.cs.tau.ac.il/~nachum/rtaloop/problems/10.html,,RTA Open Problems,original_collection,J. R. Kennaway,1991,1
https://www.cs.tau.ac.il/~nachum/rtaloop/problems/100.html,,RTA Open Problems,original_collection,Nachum Dershowitz,2002,1
https://www.cs.tau.ac.il/~nachum/rtaloop/problems/101.html,,RTA Open Problems,original_collection,Hitoshi Ohsaki [ OT02 ],2002,1
https://www.cs.tau.ac.il/~nachum/rtaloop/problems/103.html,,RTA Open Problems,original_collection,Bruno Courcelle,2005,1
https://www.cs.tau.ac.il/~nachum/rtaloop/problems/106.html,,RTA Open Problems,original_collection,Jürgen Giesl and Hans Zantema,2010,1
https://www.cs.tau.ac.il/~nachum/rtaloop/problems/107.html,,RTA Open Problems,original_collection,Georg Moser and Harald Zankl,2010,1
https://www.cs.tau.ac.il/~nachum/rtaloop/problems/13.html,,RTA Open Problems,original_collection,Jean-Jacques Lévy,1991,1
https://www.cs.tau.ac.il/~nachum/rtaloop/problems/14.html,,RTA Open Problems,original_collection,Jean-Pierre Jouannaud,1991,1
https://www.cs.tau.ac.il/~nachum/rtaloop/problems/15.html,,RTA Open Problems,original_collection,Yoshihito Toyama,1991,1
https://www.cs.tau.ac.il/~nachum/rtaloop/problems/16.html,,RTA Open Problems,original_collection,Yoshihito Toyama,1991,1
https://www.cs.tau.ac.il/~nachum/rtaloop/problems/17.html,,RTA Open Problems,original_collection,Roel C. de Vrijer,1991,1
https://www.cs.tau.ac.il/~nachum/rtaloop/problems/19.html,,RTA Open Problems,original_collection,Jean-Jacques Lévy,1991,1
https://www.cs.tau.ac.il/~nachum/rtaloop/problems/21.html,,RTA Open Problems,original_collection,Max Dauchet,1991,1
https://www.cs.tau.ac.il/~nachum/rtaloop/problems/24.html,,RTA Open Problems,original_collection,Jean-Pierre Jouannaud,1991,1
https://www.cs.tau.ac.il/~nachum/rtaloop/problems/26.html,,RTA Open Problems,original_collection,Jan Willem Klop,1991,1
https://www.cs.tau.ac.il/~nachum/rtaloop/problems/27.html,,RTA Open Problems,original_collection,Pierre Lescanne,1991,1
https://www.cs.tau.ac.il/~nachum/rtaloop/problems/29.html,,RTA Open Problems,original_collection,Jean-Pierre Jouannaud,1991,1
https://www.cs.tau.ac.il/~nachum/rtaloop/problems/30.html,,RTA Open Problems,original_collection,Wayne Snyder,1991,1
https://www.cs.tau.ac.il/~nachum/rtaloop/problems/31.html,,RTA Open Problems,original_collection,Albert Meyer,1991,1
https://www.cs.tau.ac.il/~nachum/rtaloop/problems/32.html,,RTA Open Problems,original_collection,John Pedersen,1991,1
https://www.cs.tau.ac.il/~nachum/rtaloop/problems/36.html,,RTA Open Problems,original_collection,H. Zhang,1991,1
https://www.cs.tau.ac.il/~nachum/rtaloop/problems/37.html,,RTA Open Problems,original_collection,"U. Reddy, F. Bronsard",1991,1
https://www.cs.tau.ac.il/~nachum/rtaloop/problems/39.html,,RTA Open Problems,original_collection,Jean-Pierre Jouannaud,1991,1
https://www.cs.tau.ac.il/~nachum/rtaloop/problems/40.html,,RTA Open Problems,original_collection,Participants at Unif Val d’Ajol,1991,1
https://www.cs.tau.ac.il/~nachum/rtaloop/problems/45.html,,RTA Open Problems,original_collection,M. Venturini-Zilli,1991,1
https://www.cs.tau.ac.il/~nachum/rtaloop/problems/46.html,,RTA Open Problems,original_collection,Deepak Kapur,1991,1
https://www.cs.tau.ac.il/~nachum/rtaloop/problems/49.html,,RTA Open Problems,original_collection,Miki Hermann,1991,1
https://www.cs.tau.ac.il/~nachum/rtaloop/problems/53.html,,RTA Open Problems,original_collection,Richard Statman,1993,1
https://www.cs.tau.ac.il/~nachum/rtaloop/problems/54.html,,RTA Open Problems,original_collection,Richard Statman,1993,1
https://www.cs.tau.ac.il/~nachum/rtaloop/problems/55.html,,RTA Open Problems,original_collection,Richard Statman,1993,1
https://www.cs.tau.ac.il/~nachum/rtaloop/problems/57.html,,RTA Open Problems,original_collection,Franz Baader [ Baa90 ],1993,1
https://www.cs.tau.ac.il/~nachum/rtaloop/problems/58.html,,RTA Open Problems,original_collection,Michio Oyamaguchi,1993,1
https://www.cs.tau.ac.il/~nachum/rtaloop/problems/59.html,,RTA Open Problems,original_collection,"M. Kurihara, M. Krishna Rao",1993,1
https://www.cs.tau.ac.il/~nachum/rtaloop/problems/64.html,,RTA Open Problems,original_collection,Nachum Dershowitz,1993,1
https://www.cs.tau.ac.il/~nachum/rtaloop/problems/65.html,,RTA Open Problems,original_collection,"D. Cohen, Phil Watson [ CW91 ]",1993,1
https://www.cs.tau.ac.il/~nachum/rtaloop/problems/69.html,,RTA Open Problems,original_collection,"Claude Kirchner , J. Zhang",1993,1
https://www.cs.tau.ac.il/~nachum/rtaloop/problems/73.html,,RTA Open Problems,original_collection,Jean-Claude Raoult,1993,1
https://www.cs.tau.ac.il/~nachum/rtaloop/problems/75.html,,RTA Open Problems,original_collection,D. Plump,1993,1
https://www.cs.tau.ac.il/~nachum/rtaloop/problems/79.html,,RTA Open Problems,original_collection,Mizuhito Ogawa,1995,1
https://www.cs.tau.ac.il/~nachum/rtaloop/problems/8.html,,RTA Open Problems,original_collection,Aart Middeldorp,1991,1
https://www.cs.tau.ac.il/~nachum/rtaloop/problems/80.html,,RTA Open Problems,original_collection,Hubert Comon,1995,1
https://www.cs.tau.ac.il/~nachum/rtaloop/problems/82.html,,RTA Open Problems,original_collection,J. Zhang,1995,1
https://www.cs.tau.ac.il/~nachum/rtaloop/problems/84.html,,RTA Open Problems,original_collection,Jean-Pierre Jouannaud,1995,1
https://www.cs.tau.ac.il/~nachum/rtaloop/problems/86.html,,RTA Open Problems,original_collection,Hans Zantema,1995,1
https://www.cs.tau.ac.il/~nachum/rtaloop/problems/89.html,,RTA Open Problems,original_collection,"Hubert Comon , Robert Nieuwenhuis",1998,1
https://www.cs.tau.ac.il/~nachum/rtaloop/problems/9.html,,RTA Open Problems,original_collection,Aart Middeldorp,1991,1
https://www.cs.tau.ac.il/~nachum/rtaloop/problems/91.html,,RTA Open Problems,original_collection,Friedrich Otto [ OSKM98 ],1998,1
https://www.cs.tau.ac.il/~nachum/rtaloop/problems/92.html,,RTA Open Problems,original_collection,Klaus Schulz,1998,1
https://www.cs.tau.ac.il/~nachum/rtaloop/problems/93.html,,RTA Open Problems,original_collection,Ralf Treinen [ Tre96 ],1996,1
https://www.cs.tau.ac.il/~nachum/rtaloop/problems/95.html,,RTA Open Problems,original_collection,Hans Zantema,1999,1
https://www.cs.tau.ac.il/~nachum/rtaloop/problems/96.html,,RTA Open Problems,original_collection,Richard Statman [ Sta00 ],2000,1
https://www.cs.tau.ac.il/~nachum/rtaloop/problems/97.html,,RTA Open Problems,original_collection,Henk Barendregt [ Bar75 ],1975,1
https://www.cs.tau.ac.il/~nachum/rtaloop/problems/98.html,,RTA Open Problems,original_collection,Dan Dougherty (Talk at RTA 2000),2000,1
https://www.cs.toronto.edu/~nisarg/teaching/2556s22/papers/fair-division-survey.pdf,Fair Division of Indivisible Goods: A Survey,Fair Division of Indivisible Goods: A Survey,survey,Georgios Amanatidis; Georgios Birmpas; Aris Filos-Ratsikas; Alexandros A. Voudouris,2022,6
https://www.cs.umd.edu/~gasarch/open/LUCA/luca.pdf,,SIGACT Open Problems Column,original_collection,,2024,3
https://www.cs.umd.edu/~gasarch/open/bb.pdf,,SIGACT Open Problems Column,original_collection,,2026,7
https://www.cs.umd.edu/~gasarch/open/busybeaver.pdf,,SIGACT Open Problems Column,original_collection,,2020,4
https://www.cs.umd.edu/~gasarch/open/clique.pdf,,SIGACT Open Problems Column,original_collection,,2024,1
https://www.cs.umd.edu/~gasarch/open/convexfgh.pdf,,SIGACT Open Problems Column,original_collection,,2018,1
https://www.cs.umd.edu/~gasarch/open/cross.pdf,,SIGACT Open Problems Column,original_collection,,2022,2
https://www.cs.umd.edu/~gasarch/open/cross2.pdf,,SIGACT Open Problems Column,original_collection,,2026,6
https://www.cs.umd.edu/~gasarch/open/crt.pdf,,SIGACT Open Problems Column,original_collection,,2025,2
https://www.cs.umd.edu/~gasarch/open/fast.pdf,,SIGACT Open Problems Column,original_collection,,2026,6
https://www.cs.umd.edu/~gasarch/open/finegrain.pdf,,SIGACT Open Problems Column,original_collection,,2017,6
https://www.cs.umd.edu/~gasarch/open/forehead.pdf,,SIGACT Open Problems Column,original_collection,,2025,2
https://www.cs.umd.edu/~gasarch/open/kolm.pdf,,SIGACT Open Problems Column,original_collection,,2021,25
https://www.cs.umd.edu/~gasarch/open/lbfornp.pdf,,SIGACT Open Problems Column,original_collection,,2016,5
https://www.cs.umd.edu/~gasarch/open/nate.pdf,,SIGACT Open Problems Column,original_collection,,2019,5
https://www.cs.umd.edu/~gasarch/open/oracles.pdf,,SIGACT Open Problems Column,original_collection,,2021,2
https://www.cs.umd.edu/~gasarch/open/streamapprox.pdf,,SIGACT Open Problems Column,original_collection,Noah G. Singer,2025,9
https://www.cs.umd.edu/~gasarch/open/svp-color.pdf,,SIGACT Open Problems Column,original_collection,,2023,17
https://www.math.ias.edu/files/mathandcomp.pdf,,Mathematics and Computation (2018 draft),original_collection,Avi Wigderson,2018,25
https://www.scottaaronson.com/papers/open.pdf,,Open Problems Related to Quantum Query Complexity,original_collection,Scott Aaronson,2021,9
https://www.wisdom.weizmann.ac.il/~oded/pt-intro.html,Introduction to Property Testing (April 2017 manuscript),Introduction to Property Testing (April 2017 manuscript),book_draft,Oded Goldreich,2017,9
https://yehudayoff.net.technion.ac.il/files/2016/03/book.pdf,Communication Complexity (author manuscript),Communication Complexity (author manuscript),book_draft,Anup Rao; Amir Yehudayoff,,1
