id	title	category	disposition	sha256
TCS-0001	P versus NP	Computational complexity	not_shortlisted	dcf52e48702a458c629523cb3581f6445c57f840ca5a07072287eba63a24d435
TCS-0002	NP versus coNP	Computational complexity	not_shortlisted	d3d050382c3e54bd7164cceaff7aca1e4251745e48bc86842f36cc2ac15db231
TCS-0003	P versus BPP	Pseudorandomness and derandomization	not_shortlisted	a7ae303a80fa003252a69e429c59fd6a42cd8c89a2e4d5173a5e25e0eee61974
TCS-0004	L versus NL	Computational complexity	not_shortlisted	f2232bcc489e4204025c17fcf1cb640ce1cf66b2e408204937ee78a749bdd0b2
TCS-0005	VP versus VNP	Algebraic computation	not_shortlisted	bdae7abbb467a76361829cd5d7fe087d18c116ddfa1a3c902e5f0f24adff8758
TCS-0006	Unique Games Conjecture	Approximation algorithms and inapproximability	not_shortlisted	9eb969b6dd109b687924349165442cd33e2f8439bd274d1b4776d3eeeaee9b75
TCS-0007	Matrix multiplication exponent	Algebraic computation	not_shortlisted	c79b7dcd14902f6926baa95af03ea3d84f8074ea290ea961f57d75c14345c189
TCS-0008	Strongly polynomial linear programming	Optimization and numerical computation	not_shortlisted	0e6d5d45e0f14bb438db1655720208134084d03a7c5fe69168a96dded084d0c4
TCS-0009	Explicit univariate arithmetic circuit lower bounds	Algebraic computation	not_shortlisted	4de7e4bbed69190713787a4190e95afeb1fac111ccbee759a8a75caf30db3492
TCS-0010	Superlinear constant-degree arithmetic circuit lower bounds	Algebraic computation	not_shortlisted	c5761c5fe21613716f7ac56decd978311939c66bb74d6d5a06ebb6e5be97cc26
TCS-0011	Existence of complete EFX allocations for additive valuations	Game theory, social choice and fair division	not_shortlisted	3499b29f3d5dee85a1294cb9502a47c3441803033aa4658ceb7a5e469bc7eee3
TCS-0012	Average-case NP hardness from \(\mathrm{P} \ne  \mathrm{NP}\)	Beyond worst-case and average-case analysis	not_shortlisted	c412e4dff100dbd8c699ce13f7822faef6f10847bde363c52b7f0b80752cff2e
TCS-0013	Efficient explicit constant-rate tree codes	Coding and information theory	not_shortlisted	98e18061a4a3525adce4ff47b04e74b1b544ef67c8e891ec58a3baf650071cc5
TCS-0015	Superlinear Boolean circuit lower bounds	Computational complexity	not_shortlisted	ddf22253b9348eb0574a01f085ac72f5be83f970c250dfae9faecb70a759e5f4
TCS-0016	Exponential circuit lower bounds for 3-SAT	Computational complexity	not_shortlisted	d0104f4d22e76e0d09da6ccc4b9d1e5284a799ad35b2c64616070281e8b35a27
TCS-0017	Karchmer–Raz–Wigderson conjecture	Computational complexity	not_shortlisted	08f3c1c0e7dcfad0b46c5aa3f6602b4d36b1bcad1bb97c892d788f5aa7588a1f
TCS-0018	P versus NP intersect coNP	Computational complexity	not_shortlisted	eea67a86c82ea87a72320450a7b7233db1f32d67d89f78839b3fa297ccd83f8f
TCS-0019	Polynomial formulas versus linear circuits	Computational complexity	not_shortlisted	2452d5d9086009d1def16d67e77766d8bac64be9bd70dd3bd2a02f355efc88b2
TCS-0020	Polynomial-size circuits for EXP	Computational complexity	not_shortlisted	b8b390ad9ecc9ec29c6e427b158a0c68f421d0484732ae75f7575a5157d01dd5
TCS-0021	NP versus P/poly	Computational complexity	not_shortlisted	6091738a0e7ba41d02e669a4396205632d6787f158bea23340cb793f714f012b
TCS-0022	One-way functions from \(\mathrm{P} \ne  \mathrm{NP}\)	Cryptography	not_shortlisted	da0e8e9df0c6ba7a66bd530e247e344fe025c15895e0cae9b791ca2057951d99
TCS-0024	Frege lower bounds from circuit hardness	Proof complexity	not_shortlisted	7fcb16a797f9316b7f96a6720e42026b866d7d60f0baf1b4aab31fa7e1ad5577
TCS-0025	Superpolynomial lower bounds for unrestricted Frege proofs	Proof complexity	not_shortlisted	8e5c1d1b947b97c4170005c10c035eb50f9099ba003a0bade474df79d9fae189
TCS-0026	L versus BPL	Pseudorandomness and derandomization	not_shortlisted	b0c86ac8257948dc2489975f9e5216779df9c8d57f5ee1685a686bdc0c974f8b
TCS-0027	Black-box unitary synthesis	Quantum computation and information	not_shortlisted	a7fdafb85883dfe5eef26f0be7e226abcf92e12e201695fcff644534172d79be
TCS-0029	Maximum randomized-versus-quantum gap for total functions	Quantum computation and information	not_shortlisted	bd6ee14a8d16f95b00bc8fb56b6b981f51d0b1f7a72eb1d724a73a803ad0be07
TCS-0030	Oracle separation of BQP from efficient-prover interactive proofs	Quantum computation and information	not_shortlisted	ddb18e880ca17fe92b2dc0d4809aa4174bde930ae9f68e1cd4d08814369f2931
TCS-0031	Oracle separation of BQP from IP	Quantum computation and information	not_shortlisted	1f19b8bfb5d41cbf69fe368a8ce28408a97f00ae8d92b09a48d1bba5b548983f
TCS-0033	Quantum query complexity versus bounded approximate degree	Quantum computation and information	not_shortlisted	0fc4e990bce259dd5edc083d0ddb3443a4c726023bbbc16b336f7d0ccaab5a7f
TCS-0034	Quantum query–space tradeoffs for collisions and distinctness	Quantum computation and information	not_shortlisted	3689aefb7d4fe2404782891efc110f818b28485659e771c18e2dd1ad43ed36eb
TCS-0036	BPP versus BQP	Quantum computation and information	not_shortlisted	da648b5ac012959003c864e0c68f0edad7784cfefe0ae62d27b9a30edc0e30b9
TCS-0037	NP outside BQP	Quantum computation and information	not_shortlisted	130affd2f4995e23abc2f77e0872b0666c4e980bfdc4c44a10f7aec65fa93640
TCS-0046	Complexity of solving tropical or min-plus linear systems	Algebraic computation	not_shortlisted	b51f3ad07db58bf66a3c5f668e95b298a6b2492b82ffabca1e12273516bc16a8
TCS-0047	Complexity of testing membership to Kronecker polytopes	Algebraic computation	not_shortlisted	7b0698a03ffb3097959e2097760061a2be1bcf51f3b46790e4e22149a174f9c1
TCS-0053	Sign-representation	Communication complexity and Boolean function analysis	not_shortlisted	06f1d1cfa8afa237ebe03ad36e74dd92f55a054a012d9565c3df9fd9813427f2
TCS-0054	Tensor decomposition at the uniqueness threshold	Algebraic computation	proposed_candidate	3c0463eb445112303e135d015790560119cf4bf71000163acc251ee5882117bd
TCS-0055	Sum-of-square-roots problem	Algebraic computation	not_shortlisted	47c6728b221f973c97f6fce146e719c9a3ad196f844fc131f1f652dea91b9fd8
TCS-0056	Best \(\alpha\) for \(\alpha\)-MMS existence	Game theory, social choice and fair division	not_shortlisted	8cd97c33c831d80f281252a3101cc9ac26e2fdcae7ae9bf7c91e58b72470f7ab
TCS-0071	\(\mathrm{NC}^{0}\) proof systems	Proof complexity	not_shortlisted	71488e629d16a41f97d1adf86052d1127f5a7a3cf3c58b592868787d8aa1cc08
TCS-0073	Complexity of mixed equilibria in identical-payoff polymatrix games	Game theory, social choice and fair division	proposed_candidate	af1bc3eee32002fc15251b708be0543abdfdf5e6fec8bb04f0cbb13d689a80dc
TCS-0088	Optimal approximation of Max Di-Cut	Approximation algorithms and inapproximability	not_shortlisted	20beed3075211f76afb531420c78c68975d571679ad6f3b35801041db4f44722
TCS-0092	Complete methods for fair almost-sure termination	Semantics, logic and verification	not_shortlisted	a25cbf7696e6010221ae60b0e2d89b9f6fcf008ceee5f58d699a581f28662d5e
TCS-0095	Efficient LRS evaluation	Algebraic computation	not_shortlisted	3630cb43b8b153d62fbbe0542081a054227daeb7f82f9e1c56b4e331c51d0565
TCS-0114	Satisfiability of String Constraints with Subsequence relation	Automated reasoning, rewriting and unification	not_shortlisted	6a25a3a8e28e6997323a8613e7b0d192fa7cff88834ebeb2ccd0992e735ed767
TCS-0128	Better bounds on complementing unambiguous automata	Automata and formal languages	not_shortlisted	d105e233fdd7723c125d8bac18b531e04f68354d4ca3f63e33b7d64bfb827c86
TCS-0133	Stronger versions of inclusion of probabilistic automata	Automata and formal languages	proposed_candidate	dde79507820f7eec3f569ee974d2bf332880e29134a596e4fda3c3e7c7ab7488
TCS-0135	Zeroness problem	Automata and formal languages	not_shortlisted	d67171a7dccc32e40afd06798f969524b1292265828552c6da00d040772a6ee1
TCS-0136	Universality of register automata over ordered domains	Automata and formal languages	not_shortlisted	abedcad8b28338d9fe7aa4f58a07425c29116695266e758ab3b818df823b5575
TCS-0138	Deterministic separability of nondeterministic timed languages	Automata and formal languages	not_shortlisted	e31c6be7d32d3b5977fff68c78e4826bba921cf75d637b7371453995e6ed09bf
TCS-0146	Complexity of universality for unambiguous context-free grammars	Automata and formal languages	not_shortlisted	2fee66d7e3c78f98aa14aa5d84ef539592048553d2e92709d99f2c25c8bd5c9d
TCS-0154	Separating words problem	Automata and formal languages	not_shortlisted	ea35d314f6d4e573f2386f224f881e87c4dad2a544e923b95e74d1903d2e6483
TCS-0163	Complexity of satisfiable word equations	Automated reasoning, rewriting and unification	not_shortlisted	27e1274e29082fc603360617d123b9eaf263def424cbc917d50d2fde669d141e
TCS-0164	Equivalence for unambiguous grammars	Automata and formal languages	not_shortlisted	b16cfb8e75fc0b280d605b8be05535ebcf110d19d3a2d4943333a80440c4cfb9
TCS-0167	Primitive words and context-freeness	Automata and formal languages	not_shortlisted	d847c0cc2632a9aef6af3ccb88e1a384198221f295318102aa775cb94c87f62c
TCS-0171	Complexity of word unification	Automated reasoning, rewriting and unification	proposed_candidate	e3682cc5f577983d3c5e221c19c5c1712d548269fd924c3140024fb06a379d53
TCS-0173	Pattern unification modulo variable-preserving equations	Automated reasoning, rewriting and unification	proposed_candidate	67414348db4abea8e969ed85f01dbc4bb7ffc24a58e9bc59aa225ac2da2c9fbb
TCS-0178	Bounded-alphabet approximation of entropy-region faces	Coding and information theory	not_shortlisted	1ed8323166776dc031224c1571788904a059531eb96629a2fde35359e4332d72
TCS-0184	Entropic matroid approximations approaching unit ratio	Coding and information theory	not_shortlisted	2bf67e0f4a451cc322b1ff8c3c12c426f97c5344e02fc34a55745df23828ac78
TCS-0187	Field dependence of linear-rank inequalities	Coding and information theory	not_shortlisted	280a8f6aac97f4bb51e4362b468e851606989853b7eaf722ecf76f101857f1ed
TCS-0196	Polyhedrality of linear-rank inequality cones	Coding and information theory	not_shortlisted	0e2df866e64607411466b19e50ab0c788098782ac5b0abcd1ff696ed1d4bc660
TCS-0205	Infimum of the Ingleton score	Coding and information theory	not_shortlisted	0175a397297e0c105eafdfccba1ceb5ea082510bb23b6534424febe046b95b72
TCS-0218	Cryptogenography	Communication complexity and Boolean function analysis	not_shortlisted	8d9b54349867453b869da6f6c246c31895f35fa5f42ffe81620d00309e4e94a0
TCS-0220	External Information and Amortized Expected Communication	Communication complexity and Boolean function analysis	not_shortlisted	05abc1fbe5322abdff05120ad63a37ab6788f3df75621d370f9caaa38cfa0d31
TCS-0238	An algorithmic Ahlswede–Körner lemma	Computability and algorithmic information theory	not_shortlisted	13c73fcc381b17cf72823153eececbebf52e9a116bbf1aa258363f3a93d47c25
TCS-0240	Communication for algorithmic secret-key agreement	Computability and algorithmic information theory	not_shortlisted	1e2b2c6c5c20edaf758ba45432d70bc0852d4aadca2ac68f0727f3dc5e84906f
TCS-0247	Equivalence of Shannon and algorithmic network coding	Computability and algorithmic information theory	not_shortlisted	1a4d180a8b613b11cf50a897206b191904b71f16df3a0c44237e1ac080dff305
TCS-0250	Scaling joint Kolmogorov-complexity profiles	Computability and algorithmic information theory	not_shortlisted	9eaedd91c7f2bc16b297b16d4351bb0a2ed10a6ea20426197ec6c32a2141872c
TCS-0254	Networks characterized by information-flow inequalities	Computability and algorithmic information theory	not_shortlisted	fd3446055e89734e5c1f37c9fab627517ad2f9efd5e697d7e49709e7f4e4fb42
TCS-0279	Extraction of mutual information about two strings	Computability and algorithmic information theory	not_shortlisted	ef07391953b11c0695c37bf044f596c2541a681ccca339b32e0054db3675d403
TCS-0287	Strong extractors for infinite sequences	Computability and algorithmic information theory	not_shortlisted	cb29e83f24db4d4cdc4e1b680986a11475d4b9f24666278cd5a4e3099ab9ebfd
TCS-0293	Subquadratic deterministic simulation of nondeterministic space	Computational complexity	not_shortlisted	5694fe183cc70d950b67bd4dec3df00c9cd7efc7ca1cec859e29d99b189d3620
TCS-0297	A counting characterization of P with NP access	Computational complexity	not_shortlisted	6e4689b734180ff6ff97807ccfdc014a15f2e69e87c0fe7de4a90f847374c05f
TCS-0298	SAT multi-prover proofs using efficient SAT-oracle provers	Computational complexity	not_shortlisted	3d177513a723e484bfe7afa78929ed00b60ac62959f48fdbb0f8b974c76849b8
TCS-0300	Randomized complexity of online labeling	Data structures	not_shortlisted	96533ec7b7f3048f9f3ec447235d94a0b652961ec36745a6d8e4b0048c8bf587
TCS-0301	Excluding one-sided randomized quasilinear-time log-space SAT	Computational complexity	not_shortlisted	f75fc47a27b461805661102e8363d12b25cfd62490bf0eeffa6cd6ec664ce4fa
TCS-0303	Stronger log-space time lower bounds for SAT	Computational complexity	not_shortlisted	f00f42156ceb7499e5582a13da0ccc8fad81f0fe63e5f7cfa4b37b3962b39506
TCS-0305	Supercubic uniform formula lower bounds for SAT	Computational complexity	not_shortlisted	37a6865497fc5b60977fbc98a63e947ccefe1b6f14e0e4c28d8e1fb6363d947c
TCS-0306	Efficient negation of d-DNNFs	Automated reasoning, rewriting and unification	not_shortlisted	6d37844a3b6e9c92071251ff86fedb95e262b6c29647b161e35e8f419adfd0d5
TCS-0310	Polynomial-time weighted falsifiability of unambiguous DNFs	Computational complexity	proposed_candidate	7bbcf7ead60929fba4e83e2f52af7cf3f159f076f76995f651793cb581262c1e
TCS-0315	Fat Minors	Structural graph theory and graph algorithms	not_shortlisted	ffe3692a10577f57dab2e35598a9d514e15ce351030b5b6991b355044601aea0
TCS-0318	Planar k-set extremal function	Geometry, topology and metric spaces	not_shortlisted	7cb7ab7202fdfd08cd18ad534824d10a73864b703f8eb192fba4da92c891b03c
TCS-0327	Simple Polygonalizations	Geometry, topology and metric spaces	not_shortlisted	0357a814ee9bfdfc8d1f2f3762813e9146a2d22198c18ff6ad607683997c0dc6
TCS-0328	Sparse \((1 + \epsilon )\)-emulator for Euclidean Point Sets	Geometry, topology and metric spaces	proposed_candidate	1a922b08e3f43c00d363a5a8cc165bec2e7c560bbbeda4043d93910afc832ac7
TCS-0340	Average Distortion Embeddings	Geometry, topology and metric spaces	not_shortlisted	39502da76fa777fe99e04ff92a36a55c68b3bb52793e189ee0a35a0ee6f997e8
TCS-0344	Additivity of extension complexity under Cartesian products	Optimization and numerical computation	proposed_candidate	eaf125e58105d099666a70bb83e5e5ea4de2dc6d8bf8e0ff70b4c0b74566f848
TCS-0363	Negative cycles on surface embedded graphs	Geometry, topology and metric spaces	proposed_candidate	f47927f55a7f03f971e799761ecccaafe7a2da013680bccbe5dbf4f7d0e17870
TCS-0377	Smallest Universal Set of Points for Planar Graphs	Geometry, topology and metric spaces	not_shortlisted	7d0ea7de6c68b279edaf119ee82b76940961b79c8f6f982433475104ba888907
TCS-0381	Flip Graph Connectivity in 3D	Geometry, topology and metric spaces	not_shortlisted	a097bfcc7ea14a5d4ad5021ebd231d0ec21955f6a6b3b013bbbee454663706cd
TCS-0382	General Unfoldings of Nonconvex Polyhedra	Geometry, topology and metric spaces	not_shortlisted	6155968845528693a6636e4d1a1e8e8e29c68220944c7e67d8340ee184474223
TCS-0387	Dynamic Planar Nearest Neighbors	Dynamic algorithms	not_shortlisted	40e9fd4022e008d46591811590bca5e75704b9737eea5cfdf66fd77be5593902
TCS-0388	Sorting \(X + Y\)	Algorithms	not_shortlisted	c4d49f23f77c7ae5f1633d7fe078e5075e0c36cc71e7b92823b14f90b9e07ca7
TCS-0398	Planar Euclidean Maximum TSP	Geometry, topology and metric spaces	not_shortlisted	16fa62270d03785d46252abe21c5b1c074c751f548b2997525e4554170c9a092
TCS-0403	Euclidean Minimum Spanning Tree	Geometry, topology and metric spaces	not_shortlisted	b1a54dfcb9b60cf1447fb3762f777896c1388a370fef06036b3d260602478368
TCS-0406	Dürer’s conjecture	Geometry, topology and metric spaces	not_shortlisted	24d3a25912f6f86e34cd081d76e29119192555e3e32247d2e00f7b5ee76a84e2
TCS-0408	Minimum Euclidean Matching in 2D	Geometry, topology and metric spaces	not_shortlisted	185f112c87d354b9c186044d51dd8050b355e192d35b8873ca9a2d9c90741cd0
TCS-0409	Minimum-Link Path in 2D	Geometry, topology and metric spaces	not_shortlisted	c412804444de126c958e469f9b65d21e3455d29a664532ec9f994a14c057d636
TCS-0410	Output-sensitive Convex Hull in \(\mathbb{R}^{d}\)	Geometry, topology and metric spaces	not_shortlisted	2e1c892199decdf77d0611184e5e01b5eb9a8b5690a2d82eb33e72edbbf15c2e
TCS-0411	Point Location in 3D Subdivision	Geometry, topology and metric spaces	not_shortlisted	bd354512ac1ca8f0f3f7221e300b155ef396a53831824437d5b25203c2b7dfc3
TCS-0414	Surface Reconstruction	Geometry, topology and metric spaces	proposed_candidate	4a6b8bd4edebb3cf62c116dbf4ebcf6f424d57d9e79256392421b7d24c50ca0c
TCS-0416	Visibility Graph Recognition	Geometry, topology and metric spaces	not_shortlisted	18f238f4124038975e6d5b68fcba1d6870067944d9d6853d962a83b9ff5b5b4f
TCS-0417	Voronoi Diagram of Lines in 3D	Geometry, topology and metric spaces	not_shortlisted	15bfb3501d16e15cc48df0bb20ab1a9a6de08df6bd3788032cc0fb207045c06c
TCS-0419	coNP certificates for three-manifold homeomorphism	Geometry, topology and metric spaces	not_shortlisted	4338f5355abaee7a84991553ce626529e7d0d97c0ce395cc59af0ac26bb0eaad
TCS-0427	NP certificates for homeomorphism of three-manifolds	Geometry, topology and metric spaces	not_shortlisted	c1d98c0e0956eb2707c8675b79574f2d070c2acab0ef98e4e55b62906fe6df5e
TCS-0428	NP recognition of closed hyperbolic three-manifolds	Geometry, topology and metric spaces	not_shortlisted	5a1dd57389ba86ae9a36edbf6dfaacd2fabad9537472e9002d63bd76079f76d0
TCS-0430	NP-hardness of three-manifold homeomorphism	Geometry, topology and metric spaces	not_shortlisted	19459852d1b192178ca79bf61bec90f25349748f7a8b2123fd6eefec4ff83e57
TCS-0432	Polynomial flip-distance bounds for three-manifold triangulations	Geometry, topology and metric spaces	not_shortlisted	04679225cf288378e40a8a84894801df14ca8c2fe4e90bd09f1011d99563b9fc
TCS-0441	Characterizing CSP languages with linear non-redundancy	Constraint satisfaction	not_shortlisted	3171556921c2425d0ecbf06314d36467e5145e8c9b0c4e80b8dc9d009ec7e679
TCS-0444	Polynomial kernels for Boolean MinCSP	Constraint satisfaction	not_shortlisted	bd635cc4de73cb440a76b608ab5f3682b159cd6425ff3f7d48a46dbcb281d005
TCS-0464	Information leakage in distributed OR	Communication complexity and Boolean function analysis	not_shortlisted	9b99eb0d723d8822046b9238e2460182a73602019bfc55136890ce245ffbd891
TCS-0465	Sub-square-root share-size exponents in perfect secret sharing	Cryptography	not_shortlisted	6ff79876b1c121ecba3e5adf360a1d3e997ac61cd12609c3065147ede075e2d7
TCS-0467	Linear-space LZ77 random access	String algorithms and computational biology	not_shortlisted	5aa0f887626eb97ee89f3b40baf0adbf026bd205dceb2f62d048b35a6b2a4765
TCS-0468	Linear-time LZ77 pattern matching	String algorithms and computational biology	not_shortlisted	bf85245c48d03c960d40d046fd12dfbb0d155939d293d0274317b113c8aefd9a
TCS-0469	Maximum independent set in the congested clique	Distributed, parallel and sublinear algorithms	not_shortlisted	a3af24083e6eb7577ae3922b4a73cc6852a6ab956e8c8c1c67ad378c1f7f2d69
TCS-0470	Grammar random access in \(O(g \log  g)\) bits	String algorithms and computational biology	not_shortlisted	29ddd5c3cede66d808e82f09c3e764145aab8cc344cd64b710e209339ebbb2a5
TCS-0478	Dynamic APSP with edge-linear updates	Dynamic algorithms	not_shortlisted	3f18b1e9b33c862c7d5471a8b2fd9222de58270b97896c245cf79308e54de81b
TCS-0481	Cubic min-plus circuit lower bounds for shortest paths	Algebraic computation	not_shortlisted	7748bee8888ebf1578f301bf85f6f9a6c538f0a2a722f339b82cb7774f9e5431
TCS-0482	Linear-round convergence over stable semirings	Database theory and finite model theory	not_shortlisted	ae704fe2f42d455e87cd9953bb31ef72dca0238a8d09fcf70e05c11f0b2574bd
TCS-0487	Complexity of polymatroid query-size bounds	Database theory and finite model theory	not_shortlisted	3779fa8095d20a33d8827ee9b6e58ce7b791cbef72f54ec269ddbe060d4e8161
TCS-0488	Computability of entropic query-size bounds	Database theory and finite model theory	not_shortlisted	aedc31c3323560487e8e971f46660b31334dc0cfe08da50f288031f8534453ff
TCS-0491	Log-squared query complexity for fixed-dimensional Tarski	Optimization and numerical computation	not_shortlisted	f0adf163ce776879f1df30cc9f1beb4611bca1bd13fe1421e472e92386c9eb18
TCS-0492	Conjunctive-query containment under bag semantics	Database theory and finite model theory	not_shortlisted	58543ae0797bc2d240fa931be37fe84485c8af8294b3f372735c152f2bc3ee92
TCS-0494	Finite controllability from bounded derivation	Database theory and finite model theory	not_shortlisted	2f5873a9acebaa7bda8fc9d76b23047773fe72c6f104605c35c57f4b45f22a47
TCS-0499	Query evaluation with treewidth parameter	Database theory and finite model theory	not_shortlisted	2ee12107f35bb559392b467622fe34ca52c931ba02fb92d2229ec395c0634ff3
TCS-0502	Tractable probability versus tractable lineage	Database theory and finite model theory	not_shortlisted	fce982e09c8432c28b375f3b0e23d9b55a7b9ace26a5e7777c2135be5707be81
TCS-0504	Uniform algorithms across tractable CSPs	Constraint satisfaction	not_shortlisted	4196c9d83e7fe0a71a1be5931ebe98f7f32392c9ba19e5870c0f766ede2f3889
TCS-0505	Uniform reliability of homomorphism-closed queries	Database theory and finite model theory	not_shortlisted	34afd6f1e8ffa47ce69877c47219c4229d73172b16979fe8ad255fb1cbc770ed
TCS-0506	Private PAC sample complexity from VC and Littlestone dimensions	Differential privacy	not_shortlisted	2d7f326609c0cc80d786291a64806c627d69c82fda3b916439766121077e7804
TCS-0507	Optimal regret for private stochastic online learning	Differential privacy	not_shortlisted	001c587319c2f2213a77249504ac54f39fbe17ea9eb4aafc75b2444a0eeec978
TCS-0510	Cost of privacy in online learning	Differential privacy	not_shortlisted	68dfe50a420b051f568d53c26eac6b3d20d242c01a672916166a7686028f2b60
TCS-0515	Deterministic volume gap	Distributed, parallel and sublinear algorithms	not_shortlisted	5415e6501764473393f11ad423b2bb9404859fe4067b0d93a9cab03d6aced865
TCS-0519	Bipartite maximal matching with polynomial-in-degree volume	Distributed, parallel and sublinear algorithms	not_shortlisted	6244b99a4e14ba6cd6bf38e8c4156f1a0d71c29534dcae3604a5d79b8857a88b
TCS-0522	Quantum 3-coloring of cycles in \(o(\log * n)\) rounds	Distributed, parallel and sublinear algorithms	not_shortlisted	1b239514411cd36a10e7f503eb1b8b70cc66eb1b77d621fc519b4834ae10faf2
TCS-0524	LOCAL coloring below square-root degree dependence	Distributed, parallel and sublinear algorithms	not_shortlisted	f21d0ba152ffa235e4dbd10585a1011ac5f133a2adebc0387b245335d1cdeddc
TCS-0536	Dynamic edge coloring	Dynamic algorithms	not_shortlisted	82fe9ef25b398a2d0a7986911b3e8a32286c4ebbe26eec77837e53a057df218a
TCS-0538	Low-degree spanning trees	Dynamic algorithms	not_shortlisted	28a7351333507d72d045c702cc4b1bf268e0ccb9518c6e9781f1df2ead9b6929
TCS-0540	Communication Complexity of Max-Flow	Communication complexity and Boolean function analysis	not_shortlisted	0a5e995a4f47e8b44722f478dadce95bb992292d47f3f24964ec2ce9848943de
TCS-0541	Dynamic Complexity of Low-Stretch Spanning Trees	Dynamic algorithms	not_shortlisted	1bf6bb85b43d12c47a26dd00f62029c15d6335de145639c0b1dce6ca6ae40fa7
TCS-0543	Dynamic Maximal Matching	Dynamic algorithms	not_shortlisted	db8f38636625442130921cad0ad4cd4d610e9c2734c3b31c3e65c3704f87497a
TCS-0545	Reducing weighted matching to unweighted matching	Dynamic algorithms	not_shortlisted	3d4342f05670bd89f0ef1e13344650392db2c89e8342a3284ec67d3700f97199
TCS-0557	Truly subquadratic algorithms for 3SUM	Fine-grained complexity	not_shortlisted	f7dce647b66222789fc62e21bb3abfd86485ef44ea971d0fca72da38aefaac03
TCS-0560	Fine-grained reductions from Hitting Set to 3SUM	Fine-grained complexity	not_shortlisted	1210672006dcc87c596e91ec3ab74bb223a52f80cfef3b93395471f66c70102c
TCS-0562	Refuting nondeterministic SETH	Fine-grained complexity	not_shortlisted	fecb87ad5d077ef6fe7278728119cca7d1e70f71826122f4045b3db3d8be23b4
TCS-0571	Positional Nash Equilibria	Game theory, social choice and fair division	not_shortlisted	03bb1c5e9db665d799155d863b7968f492cb49dd0deb9d1e221f39566a984614
TCS-0587	Polylogarithmic treewidth with forbidden induced minors	Structural graph theory and graph algorithms	not_shortlisted	ae2a5c4866dfa038e4badfdf29f333b97418f73e809200de766a9fee40ad4aad
TCS-0594	3-colorability of diameter-two graphs	Structural graph theory and graph algorithms	not_shortlisted	9bc505b510681d5080c36cbd15f963797536da380e44a3aa5b7e0ca11a16daf3
TCS-0597	Parameterized coloring of H-free graphs	Parameterized complexity and algorithms	not_shortlisted	f969396db52e0d65c4601c1eb35444ab0fb84326f4f2a491ab697c74d7332e8f
TCS-0611	Bipartite Exact Matching: deterministic polynomial time	Structural graph theory and graph algorithms	not_shortlisted	d1ce1b383135f5c3ed83889bbef347aa9c15059569a5d879a73dc86295ac9fd6
TCS-0619	Reachability in Low-Dimensional VASS	Semantics, logic and verification	not_shortlisted	d7c63b4eda384d9fcaebedcb18acea5f582c36b0130848114260927dc3f5026a
TCS-0632	Complexity of fixed VAS reachability	Semantics, logic and verification	not_shortlisted	09f37ae7395c762f3414921296d22ffb35e8f338a0e4cf5ec69d3aabfe114c41
TCS-0640	Shortest runs in 3-D VASS	Semantics, logic and verification	not_shortlisted	34f0f7e9df76b5a15519c50907f4c7b21a50adcd877f3d01ead1f799b449b954
TCS-0648	Constant-gap hardness of unique SVP	Lattices and computational number theory	not_shortlisted	d38b6639f55585b7ea8e9dade51c0c9740fffcaac69fa824f60c2af00d9121d2
TCS-0651	Deterministic NP-hardness reductions for Euclidean SVP	Lattices and computational number theory	not_shortlisted	16603f047f05d24d3188df127e81b19998112806799d6a203acbf65a3f218f84
TCS-0652	Dimension-preserving search-to-decision reductions for SVP	Lattices and computational number theory	not_shortlisted	5c446d2dd176bda0b549f185fc91ad9e937aa9bd60cd2312975f94dbbc16695f
TCS-0653	Explicit quantum exponential-time lower bounds for Euclidean SVP	Lattices and computational number theory	not_shortlisted	0fee38c054d01f0648b65f514db67a2ea43cd44be60051a6d9ab414593b91091
TCS-0655	Polynomial-factor SVP hardness from standard assumptions	Lattices and computational number theory	not_shortlisted	0362199269716b9c1f0f94de5c21ba1d1874a442e3245e79aafc6b305f07ccc4
TCS-0656	Reducing factoring or discrete logarithms to approximate SVP	Lattices and computational number theory	not_shortlisted	cb9a114cb5cafe61e8727529084aed6f2e41a492e55b052857ebc68f5f69b6f8
TCS-0657	Smaller-factor coNP or coAM certificates for SVP	Lattices and computational number theory	not_shortlisted	25ca6cde95095569cdb747d7140aa3861c3086e8f2c19e73f45e3a2ac508b22c
TCS-0658	Standard-assumption hardness for cryptographic-factor SVP	Lattices and computational number theory	not_shortlisted	7a0f1f09e649645793607cf85305112b61a6e5192757750b91a9b0d4ae6c04f0
TCS-0659	Stronger worst-case reductions to SIS and LWE	Lattices and computational number theory	not_shortlisted	b617562071c93eef08f00dd47ab90dcb0b82fbf3bf7ccbf4665df43cad6c8436
TCS-0661	SVP hardness for fixed-rank module lattices	Lattices and computational number theory	not_shortlisted	d023feb2ac0ef69cff17b99100a534997e0b431be97054a46c51ecb8f5d55767
TCS-0662	Unconditional exponential hardness of \(n^{1+\varepsilon}\)-GapSVP	Lattices and computational number theory	not_shortlisted	5ecca068bc66398f745353e82d5ff763f47aa65bc5b0e29cac663f25e0760222
TCS-0664	Distribution dependence of deep-learning advantages	Learning theory	not_shortlisted	a9ff6926802b6a303e1595f6b14ac04cf4b5ec20ef7aa84e53ba59b08d772cdf
TCS-0670	Local regularization for multiclass learning	Learning theory	not_shortlisted	5038556a1a0ac9bbbe7cf429d2f177c94f90f7a754d8aca6d6610c03d4e14bdd
TCS-0671	Direct Sums in Learning Theory	Learning theory	not_shortlisted	80ebe6a33812be9450f879030d99b686f31ab96281f20da861dc8555776eb3d9
TCS-0672	Tight Characterization of Instance-Optimal Identity Testing	Property testing and distribution learning	not_shortlisted	634ce840af5526cf8b31d8e741d3c89208870ac44ef54491dbfd551535a9a055
TCS-0673	First-order convergence to local minimax optima	Optimization and numerical computation	not_shortlisted	499aef9d88525e67f8b2ed9761eb44e388511a34d64a89b85c9aa24cddf0e871
TCS-0677	Proper decision-tree learning in polynomial time	Learning theory	not_shortlisted	8c35eef43f68247751938075ec55de307ab3e25dc0dbffd4cb98c37f9e88570c
TCS-0682	Monotonicity of Learning	Learning theory	not_shortlisted	8415c1ddf0e6a729cec1a2f2fa1896298009b01926f0ef98193f3dc46018a83f
TCS-0683	Improper learning of mixtures of Gaussians	Learning theory	not_shortlisted	dd7751e571a28157947eabbce141c986a5f55f218fdb56016792102efb92b6d2
TCS-0684	Planning-horizon dependence of sample complexity	Learning theory	not_shortlisted	74e47f4acc9539119c3072eb02ee09b05780fd4dd055d19eebf68de254aa4019
TCS-0687	Gap-entropy conjecture	Optimization and numerical computation	not_shortlisted	48f88071c5fbf8739c0ccc87def50d735ae25d4bb26d11994b68c6b564482266
TCS-0689	Property Elicitation and Elicitation Complexity	Learning theory	not_shortlisted	05fa88e3a0ad2ed5c78a9d9a53e4a9eee85f7fc2b3679c620444235527e71718
TCS-0691	Recursive Teaching Dimension Versus VC Dimension	Learning theory	proposed_candidate	b2e2a2ec6a296cb26f3be6542d8a1e51ba4aecf2212db27b2af1a9814ae1e4eb
TCS-0694	Statistical-query complexity of sparse halfspaces	Learning theory	not_shortlisted	513813544645d95d3e6ace68197fa2be08fac537ad2ca01a127fd279cf7f3ffb
TCS-0700	Hardness of Correlated Prophet Inequality	Online algorithms, scheduling and packing	not_shortlisted	30d88ffff8a4a922459f5924214b632499063b87293788d56e84d498bbaa2f43
TCS-0708	Order Optimal Regret Bounds for Kernel-Based Reinforcement Learning	Online algorithms, scheduling and packing	not_shortlisted	49c985d8252c8a5916721849ed7341be2a1ae6a2d0c051279c186f38c831a428
TCS-0711	Model Selection for Contextual Bandits	Online algorithms, scheduling and packing	not_shortlisted	47b8a5699ff1b739d5226c89dc3006bf6bb32760b53df8a357e924d6e5ffac7c
TCS-0715	Efficient Online Sparse Regression	Online algorithms, scheduling and packing	not_shortlisted	3b79b06d4ecd15a5daf35009b99e9d73e9b485ff906c5c902fa285bf4c7f48e4
TCS-0716	Online Local Learning	Online algorithms, scheduling and packing	not_shortlisted	3bb2979518e4c0d9c5a92086d50cf1b3376854b59189d098dd937a925a6fca33
TCS-0722	Polynomial-time linear convergence for geodesically convex optimization	Optimization and numerical computation	not_shortlisted	386642a48d265eaf9b210432c4b4a8b93a0d40dc3aa2339cd338a543f76fd14a
TCS-0724	Limited-memory convex optimization	Optimization and numerical computation	not_shortlisted	502a6f674475771b3687ead0fa15cd967dfca6a8d41cf9d616224cf4a917d49e
TCS-0725	Second-order cone representability of semialgebraic convex hulls	Optimization and numerical computation	not_shortlisted	3e4b24aa17ee4e22ac40c422c86af35de6b65639b6b0af2ca4a09ee9eacf7450
TCS-0728	Smooth convex optimization in nonstandard oracle models	Optimization and numerical computation	not_shortlisted	6ee4011c0497a99cf37b5ee750d3c50619dd4d2e1d7b539c5512c53f4e957f4d
TCS-0734	FPT Inapproximability Results Beyond Gap-ETH	Parameterized complexity and algorithms	not_shortlisted	f5dbf5313fdef5f4543b5a29ddf5a94f3a0c1f3f07ecc257799855a5a8b5009c
TCS-0761	Fine-grained complexity of k-LCS	Fine-grained complexity	not_shortlisted	edc353a97de3e54dcb090ad14a3fda070807410593fd4daa7e9f9393d9905f82
TCS-0771	Computational complexity of planar treewidth	Structural graph theory and graph algorithms	not_shortlisted	77dc6b86091d03c1acdc42fe6cf6b4bffbddf2fb3fd4e76b9cdba30beb16e2fc
TCS-0775	Optimal exact-distance labels for planar graphs	Structural graph theory and graph algorithms	not_shortlisted	11417c27e2909fc22f02cb648d32ffac0e5b5f6a18d06bc051a63b124eb41e35
TCS-0784	Polynomial kernels for Edge-Disjoint Paths	Parameterized complexity and algorithms	not_shortlisted	f997af1d3218b5f6ed92ba93531e799a96394bb94e88d920a2266f146a1d53a1
TCS-0787	Lower Bounds for Computing Treewidth	Parameterized complexity and algorithms	not_shortlisted	dee7edff7df881f4d1ad6f6dab6d09bad38556bcea8b2e8cb256c51c86881c16
TCS-0799	Converting CNF to DNF	Parameterized complexity and algorithms	not_shortlisted	694ebeae5bd0196f862e2abfa7907ca841e1ef34e25f14910c5c4fbd80739fd9
TCS-0800	Cutwidth	Parameterized complexity and algorithms	not_shortlisted	95f9601fcd7dedc8b15d3bc00c23ead6a2e5ce3f8de798cd59ae5f91500785a6
TCS-0801	Directed Hamiltonicity	Parameterized complexity and algorithms	not_shortlisted	c94ac68a0d99910420409836ac529c29b4748172ccf7d9767ea073e22d0893bc
TCS-0805	Exact Counting of Linear Extensions	Parameterized complexity and algorithms	not_shortlisted	452523d6fa61e2fcfb1e1140172abcd1fa6c43d8ed7f610bb38dd75e2a313daf
TCS-0808	Maximum Acyclic Subgraph	Parameterized complexity and algorithms	not_shortlisted	4fcd944a88f49befc8c978d31849be8e3f443b5f422d60031108f7789d190aac
TCS-0809	Mincost flow in planar graphs	Algorithms	not_shortlisted	ae49d170c5fa8133544433a1293e67cbf362ed697ecf46e5ddcdebf9ed5e02ef
TCS-0811	Monochromatic Rectangles in Low-Rank Matrices	Communication complexity and Boolean function analysis	not_shortlisted	0bab9a6b1eb54140b87454d56954b9560bb63e3d9fd66d5edc128bdb1c51c05b
TCS-0815	Relation between permanent computation and SETH	Fine-grained complexity	not_shortlisted	5aff81b0400145b12d13cd8867ae561f42f24f59a013c2df4db59f8cbef17526
TCS-0816	Shortest common superstring problem	Parameterized complexity and algorithms	not_shortlisted	be0c83f584f2f713af9f3ddc3f72ef4af326b2841c97d9ebb5ae8e670e36daee
TCS-0818	Complexity of #k-SAT	Parameterized complexity and algorithms	not_shortlisted	79479d933e786da29cad64f1525c4814f761fcd90a8203ae01e0f82a7f0dc3cf
TCS-0834	Estimating a Graph's Degree Distribution	Distributed, parallel and sublinear algorithms	not_shortlisted	ab9f6ce449df576f41215263e68cf9d17552213a30a8b328a719c9b30c5cae63
TCS-0836	Non-Adaptive Group Testing	Distributed, parallel and sublinear algorithms	not_shortlisted	f4bff904d9b3d38becb27e23e7464d7e0b80b52d60cab81135f7e2532c44a796
TCS-0841	Equivalence Testing with Conditional Samples	Property testing and distribution learning	not_shortlisted	81a2ab1c873134d285f06950f6e83f83e5f0b1337bf362b9eec771e186cdcd1c
TCS-0847	Query complexity of directed acyclicity testing with bidirectional access	Property testing and distribution learning	not_shortlisted	6397cdd9b8deaa7c5b3d06be7e97d62a160edb4818ef2a7f2bdde25980282585
TCS-0848	Testing Submodularity	Property testing and distribution learning	not_shortlisted	7273292f25aaaac54a70c114abe105103e0635e9c605308c754ad891a777aa06
TCS-0849	Group Testing	Distributed, parallel and sublinear algorithms	not_shortlisted	a6821be03ecc60a1bf56b6e4ba0c8ceb8ea524c47e318c01ce4f491239d1cb3b
TCS-0854	Promise-ZPP versus Promise-BPP derandomization	Pseudorandomness and derandomization	not_shortlisted	7ce5ecd6cb074642440e90f07a4c90cee17e4df70560b2777abdd213fa865716
TCS-0860	Complexity of Quantum Approximate Counting	Quantum computation and information	not_shortlisted	4bb6a70963fc915884d863b69433396d7ddf7da8a3336fc1f1457beb77611232
TCS-0861	\(\mathrm{QMA}(2)\) versus BQEXP	Quantum computation and information	not_shortlisted	2135a8141ac1c2a2cf3e24de3c53504f2ef50da658f817cc928249a27628e319
TCS-0862	Constant-round QRG versus PSPACE	Quantum computation and information	not_shortlisted	d6de0eb027d8bc1af0b613cd5da4772bbe32ff7c75d7008fcf9682aecac583bb
TCS-0871	Universality and inclusion of AC-recognizable languages	Automata and formal languages	proposed_candidate	be74e0ba9f2c964ba251b58ad15699dd6f57d734be0e6f2a9e14f99558604dfe
TCS-0896	Recursive normalizing strategies for Church–Rosser rewriting	Semantics, logic and verification	not_shortlisted	8e04c85ff17d4be067bf63b36d68fcb444186c9b56850a5cae66cfb3b4a62482
TCS-0901	Decidability of one-rule linear rewriting termination	Semantics, logic and verification	not_shortlisted	94252dbc816c1ca57cfe2b67d03f4267fc0b466233ee0dbeb10764f316de7f62
TCS-0913	Word problem for the S-combinator	Semantics, logic and verification	not_shortlisted	971e988d68d738fefdabb56e484d4ff3672cd0f0bd3293f6304631e729f10ec2
TCS-0914	Deterministic min-cost matching with delays	Optimization and numerical computation	proposed_candidate	a17008debb88daa0d139a91fc562ea9230218af890aaf0380eae7ea685a94db1
TCS-0922	Generalized assignment	Online algorithms, scheduling and packing	not_shortlisted	9766c9a814380473a146a8ea3e0d1350cd20232860602ceedb98f984f311759e
TCS-0924	Precedence scheduling for weighted completion time	Online algorithms, scheduling and packing	not_shortlisted	03549dddc4a85ef3e181348f8d6fe04512bd9d7344bd741d9505dec46ea32b74
TCS-0935	Unit-job precedence scheduling complexity	Online algorithms, scheduling and packing	not_shortlisted	5a4f11ea212aba5eb5e76777d1518d98d7401d2061d6a0e8179caffa5f3b18d8
TCS-0940	Lifting sketching resistance to sublinear streaming resistance	Distributed, parallel and sublinear algorithms	not_shortlisted	f806bc9bbe6e8c605066b9f1d81e170b0bb60e184dd47c292f372addcfa369e7
TCS-0943	Polynomial-pass barriers to near-exact streaming Max-Cut	Distributed, parallel and sublinear algorithms	proposed_candidate	69e8ecc6ac36e2caaace12355440ffdc0eebb16e00aeaa4caf9c5c27ed86089c
TCS-0946	Hypergraph cut sparsifiers with \(O(n/\varepsilon ^{2})\) hyperedges	Algorithms	not_shortlisted	2d4989f95e059985d02a7955a401ab4a813994f981eb0d6b0d56bb75f8505d68
TCS-0949	Data Structure Lower Bound in the Cell Probe Model	Data structures	not_shortlisted	826b68c8ecd79ec5aa65c814afc747abaa1df2cbcd9444b8018ae857a122b7a9
TCS-0950	Linear Sketching Over $F_2$	Distributed, parallel and sublinear algorithms	not_shortlisted	81542cc1bcfbaa04bdd52b209616c8438544ad254dad838ac866eba1a312dcf8
TCS-0954	Metric TSP Cost Approximation	Distributed, parallel and sublinear algorithms	not_shortlisted	2c55c394a8471649519348b269a7fded0f1b85df1865c00f841411b50ef4109d
TCS-0957	Approximating Rank in the Bounded-Degree Model	Distributed, parallel and sublinear algorithms	proposed_candidate	3f2824ad3c9e67ebbece5a277fac87d37ec3596b0d37f3b9e281f905af0fc967
TCS-0968	“For All” Guarantee for Computationally Bounded Adversaries	Distributed, parallel and sublinear algorithms	proposed_candidate	c2e25205c4e0b4b8fd8ffabc69b6e26819392c6bb8c21b52daab46fc8a293f94
TCS-0969	Approximating LIS Length in the Streaming Model	Distributed, parallel and sublinear algorithms	not_shortlisted	341838fffa3480e8e75d0542edb2f70b7f937b0bd62d5f40edb236e128218d3b
TCS-0970	Fast JL Transform for Sparse Vectors	Geometry, topology and metric spaces	not_shortlisted	da78e27735d1c010461a3c1b325cdacc98a97eae12a97f1240604da0b9456cfa
TCS-0973	Sketching Earth Mover Distance	Geometry, topology and metric spaces	not_shortlisted	eb9ab76a96470e9ebaa1060abbcf89503a1caee9b17cfc62ef19d113eef57560
TCS-0980	Random Walks	Distributed, parallel and sublinear algorithms	not_shortlisted	6dd3ab6b1c8f49aaff7344347a5c0bccb54c296d598c538cd043b20c06f7c366
TCS-0984	“Ultimate” Deterministic Sparse Recovery	Distributed, parallel and sublinear algorithms	not_shortlisted	02dd31f6f218f76a6199224740c14753e6428593f0b2dbd8c38da6058c91710d
TCS-0985	$L_\infty$ Estimation	Distributed, parallel and sublinear algorithms	not_shortlisted	b0f6528b232d462fb2d9866e4bf80ef8d698cb531d1389b2380b18b29f496dbd
TCS-0986	Characterizing Sketchable Distances	Distributed, parallel and sublinear algorithms	not_shortlisted	1be075b9bb50d4190710d0f059a911886b26c2ec8d5ca78ea2ada075ac9d77f6
TCS-0987	Deterministic Heavy-Hitters & Fast Matrix Algorithms	Pseudorandomness and derandomization	not_shortlisted	6f89caa24950a30b9fc016518444ab03cc2bbbb62a04fcda5f24c5a2c8683eaf
TCS-0988	Deterministic Summary Structures	Distributed, parallel and sublinear algorithms	not_shortlisted	566f0f2e4187df02582963d003f9e5adab2400263c478e19093216a788593b29
TCS-0990	Estimating Earth-Mover Distance	Geometry, topology and metric spaces	not_shortlisted	246a62420eb9a2c487e507c837e5525677beed2ede84abbfb139640268a4df92
TCS-0993	Graph Distances	Distributed, parallel and sublinear algorithms	not_shortlisted	339b4b6fd5700f69e5445f6feccd732c6aa6eb76c858428e6cf5ed8adf7bc9eb
TCS-0994	Graph Matchings	Distributed, parallel and sublinear algorithms	not_shortlisted	eb67a1befa13bb9b4c9e30bab6906f1816ede6c42b294abf48dfa5ac87668d9f
TCS-0998	Sketching vs. Streaming	Distributed, parallel and sublinear algorithms	not_shortlisted	cb60a87d6b0497953d4033b83abb2887422563272915d3016204913e58a9054a
TCS-1004	Deterministic relative counting for DNF	Counting and enumeration	not_shortlisted	ff704e67ff70a4774c895fe983de8c87501700aa1a62f011d17fb7fec291d64d
TCS-1005	Unconditional subexponential simulation of BPP	Pseudorandomness and derandomization	not_shortlisted	0999ee04661a8a4968cd30e363c67277cf8b2f96fa7061fdfc4847a00960e3a5
TCS-1006	Explicit simultaneous isolation for perfect matchings	Pseudorandomness and derandomization	not_shortlisted	af466fbea9e349e7f20fda09530d4f0e0506276612fc02ef9f2531440dd04f65
TCS-1007	Universal traversal sequences under arbitrary labels	Pseudorandomness and derandomization	not_shortlisted	05f8fe694e005fd7fa3403de54a875304aac6a0f3da2f820ed6502b2dd7d383c
TCS-1008	Bipartite vertex expanders with constant expansion loss	Pseudorandomness and derandomization	not_shortlisted	46f18ab1bcc66d78ff52a8c7ed1058d44a0e81a9ca3b8222f0e373aa3e3b5841
TCS-1009	Near-lossless undirected constant-degree vertex expanders	Pseudorandomness and derandomization	not_shortlisted	1d758a752d67b78fcdd62d2cfebabed755bb1e5c38ef9b115375e99edd9819f3
TCS-1010	Optimal asymptotic binary rate–distance tradeoff	Coding and information theory	not_shortlisted	f1fa74ff7ac7998ad35789acb772efc009e18d395a3ea3009234d501fc8bd6da
TCS-1011	Full-length Reed–Solomon list decoding beyond Johnson	Coding and information theory	not_shortlisted	df528d6db3e65ac029adb895add70d8f494628af40d8d5fc6300de4dc35d80ae
TCS-1012	Explicit efficiently decoded binary codes beyond Gilbert–Varshamov	Coding and information theory	not_shortlisted	73464b8606899797a091bbb1d1e1fcfd11f4a4d6875b907e61122152cd9e7379
TCS-1013	Optimal-size highly unbalanced lossless expanders	Pseudorandomness and derandomization	not_shortlisted	64760b56a5ac499c994ca43cd497638c8f0db880fd4dc262fdd64f55d70098fb
TCS-1014	Constant-loss condensers with logarithmic seeds	Pseudorandomness and derandomization	not_shortlisted	7a6bd8f3e84e771aa7f7d1d378c748953c680ae2b29ad36d0879f867c8476905
TCS-1015	Seeded extraction with constant total entropy loss	Pseudorandomness and derandomization	not_shortlisted	e24a531ea0d58cd81731e6399fcc65b63bff146527340430b2ef9467a1ae2b0e
TCS-1016	Extraction with log n plus constant seed length	Pseudorandomness and derandomization	not_shortlisted	a2ff2553a78e4e336a5fb55ed55c97f066a70e7bbfcb9bb0fe7ceb08628ef4d6
TCS-1018	Optimal generators for hardness-to-randomness transformations	Pseudorandomness and derandomization	not_shortlisted	2676d3b6fe5a72ba8c73918aadec92c0b7766dcba3f66130e290a01004afcea3
TCS-1019	Polynomial-time derandomization of randomized AC0	Pseudorandomness and derandomization	not_shortlisted	be2e628a1e82669e04175c25436ed040604b010a2cb3c8823b69f47360fb057a
TCS-1020	Polynomial-length constant-query locally decodable codes	Coding and information theory	not_shortlisted	cb4022106b78913453d482eb05c72a22a825d37bd0c8a0a3e250e223f5e7a2f0
TCS-1021	Promise-BPP derandomization implying EXP circuit hardness	Pseudorandomness and derandomization	not_shortlisted	4f256030a91b780c8ad2f9634e8cc57f2b71a49b928800128da2bd108335d77e
TCS-1022	Derandomization implying exponential nondeterministic circuit hardness	Pseudorandomness and derandomization	not_shortlisted	15924fb15e6d0da9b09d822241ad0e47008cd18dadc73e93690cea7223a26371
TCS-1024	Extracting from low-entropy efficiently samplable sources	Pseudorandomness and derandomization	not_shortlisted	a531929b12d41d38b0b9672644d67a8c395134a6130b9793972a01a5065eff4b
TCS-1029	Sharp graph-removal bounds for fixed patterns	Property testing and distribution learning	not_shortlisted	7285ede5a3bf9fbb9a259c795b794b3a8baacfd4cbdc1e5ae9eb2a89d306624f
TCS-1030	Characterizing polynomial-query dense graph properties	Property testing and distribution learning	not_shortlisted	1e4659e6ff360b30f052bab4f1f30830778960dc0240034d2d3727ff4a8aced1
TCS-1033	Polynomial testability versus distance estimation	Property testing and distribution learning	not_shortlisted	ac4ee97b898648b30f2bf36909a58a3fdd1b1e2a7877d02152b2841d3bd916e5
TCS-1034	Largest separation between SUM and OR circuits	Computational complexity	not_shortlisted	b501dbe446cf629245ae1d7207f7c032acb18176455cb84bbcb18ddcc466890c
TCS-1035	Cost of restricting linear circuits to depth two	Computational complexity	proposed_candidate	329edb28a7fdfe7ff6b4a2a2d66ec8dca2c5907ae6d1ea4a6fd9ea6ef23e64ff
TCS-1036	Unbounded XOR-over-OR complexity separations	Computational complexity	not_shortlisted	62f151a37606f94a7c0e95f3762e00fdc2007d3b4b01d005c6268ab608adf6ad
TCS-1040	Nonlinear-gate advantages for binary linear operators	Computational complexity	not_shortlisted	e48333158b684c708a626303bddc6aa77682f790116b819fff1d92db5ccb6ccf
TCS-1043	Superlogarithmic clique-versus-independent-set communication	Communication complexity and Boolean function analysis	not_shortlisted	3ec9554a0de5f0de5d5d1db7baca12af0c823c49215ea646a29aac38e83f0ebd
TCS-1047	Formula size versus partition complexity	Communication complexity and Boolean function analysis	not_shortlisted	ef709972318138a6bc0f8ca5adc1cc2f5aac6d99e56d85de39d08b5715ba7d46
TCS-1052	Depth-three lower bounds beyond the switching-lemma barrier	Computational complexity	not_shortlisted	28c931ef82d69e4e95cc8332269280e26bec6bc52c9f5eabfe8a724968213d50
TCS-1053	Depth-three size bounds beyond exponential square root	Computational complexity	not_shortlisted	1f78bef372e043fbbebe5ead1e911f188a41ce881ffef7cf0a7b3df4f24708ff
TCS-1054	Exponential lower bounds for unrestricted threshold-of-threshold circuits	Computational complexity	not_shortlisted	b99ce8884245c2af18b10fefadb57015d97d55efe1ed0defb221a5672e31e13d
TCS-1056	Majority outside constant-depth modular circuits	Computational complexity	not_shortlisted	9aae9052e65aa4760b533dbfdd897b088b713bf0e69435c0975aa68e9418b905
TCS-1058	Explicit rigidity at rank n over log log n	Algebraic computation	not_shortlisted	5cbb0086e4d46b13c136218e3892abab1b29ce9a4641c1468f038bbfc7888261
TCS-1059	Linearizing arbitrary depth-two circuits efficiently	Communication complexity and Boolean function analysis	not_shortlisted	ab38a2150bbe4aec4a06489d277e750c4c0027b615c3270a853f35ad89e6ed9a
TCS-1061	Quadratic decision-tree bounds from block sensitivity	Communication complexity and Boolean function analysis	not_shortlisted	3720e210ad0ebc8f8240ed9f9b3ab4e6976d554b5ef8cbc86bbbc078302eb3a5
TCS-1069	Complexity of testing Zariski-closure membership	Algebraic computation	not_shortlisted	3ef1f41cd86cd8f5150d6c49f61a400d4764a9a3c9dbc37fb3eee8bd091b6c4b
TCS-1096	Unprovability of polynomial circuit upper bounds in \(S_{2}^{1}\)	Proof complexity	not_shortlisted	6f5f05f76acd2007171b75a6e5a6b53646aa1434eec8ca0fb463e66212b9834a
TCS-1097	Unprovability of NP circuit upper bounds in \(T_{2}^{1}\)	Proof complexity	not_shortlisted	4c165ad3d6d3e1c7912d5dd290fced0a7c245a976bdb96e7ee1a65e2d1de0b3a
TCS-1098	\(PV_{1}\) cannot verify any polynomial-time SAT solver	Proof complexity	not_shortlisted	c15963a7f5585401276d9fd554457692ef422767063ed9633d79e2fa1a1ee99b
TCS-1099	Separating levels of bounded arithmetic	Proof complexity	not_shortlisted	15fa43ddf59b88bde08e390586d20e6a662d5dc4fd92cdd160e068bc6f1b209f
TCS-1101	VP factor closure in positive characteristic	Algebraic computation	not_shortlisted	dd081140cbffed874980da2b7f506df99a1462ee2cc70e71cf2ee63d9f1a4925
TCS-1102	VBP factor closure in positive characteristic	Algebraic computation	not_shortlisted	cfba5e07a95821db3d98b399b46b12c2f72d324c19b7f25350d2ac9da971eec8
TCS-1103	Containment of border VP in VNP over arbitrary fields	Algebraic computation	not_shortlisted	3b8568817c600a97e80834ccad0898ddf19a060b478cac1280fc3bc680f31574
TCS-1108	EF1 existence for arbitrary mixed-item utilities	Game theory, social choice and fair division	not_shortlisted	7d41ddc221fad71335e3be57cb6833ff58b25254165e0d6f71a48f27b03b8fe9
TCS-1109	EF1 and Pareto optimality for additive mixed items	Game theory, social choice and fair division	not_shortlisted	c9090fd6e01944a31f758ee8c8c2444adc78dea67b014f52b9fc0bdd8af794ea
TCS-1115	Polynomial-time EF1 and Pareto-optimal goods allocation	Game theory, social choice and fair division	not_shortlisted	5c5d2e5a7c72081afe01657e1058626ff3e218b78dc4a0af1c1d794e5e5aac8a
TCS-1116	Optimal universal approximation factor for EFX	Game theory, social choice and fair division	not_shortlisted	bb73e740a7f8fb8bb3521803adf58eacaa31fa0c041f024608c10166166c41fd
TCS-1119	Existence of pairwise maximin-share allocations	Game theory, social choice and fair division	not_shortlisted	71c73533d9a85d5c49b4d2ef38abcf7eebb0c5354fda2b092c627c04a6f9bb75
TCS-1122	Nontrivial PRGs for logarithmic-degree binary polynomials	Pseudorandomness and derandomization	not_shortlisted	cadb5613cf9fb94dd11d1b39ee1bfa8217f00352ef1af4fb40c872d6432332c6
TCS-1124	Optimal PRGs for high-dimensional combinatorial rectangles	Pseudorandomness and derandomization	not_shortlisted	509393f457412b413994a08b2e9d3f9693bc8341877e938eeaaf56140205b74e
TCS-1125	Sub-log-squared seeds for width-four ordered branching programs	Pseudorandomness and derandomization	proposed_candidate	67b7721d19badc08ac633be857621f6ada4a3e7943d1fdd0de4c074a12ab4c26
TCS-1131	Sublinear-seed generators for AC0 with parity gates	Pseudorandomness and derandomization	not_shortlisted	3ac242370917e59cc4b11d06960c683a438c288c9d669cc86c7e6fe1e1312e0e
TCS-1133	Sub-log-squared seeds for polynomial-size CNFs and DNFs	Pseudorandomness and derandomization	proposed_candidate	f48fbbd12dc0125735893d04482fa3887eea325705a9496fc2646f7c7066dbcc
TCS-1135	Promise-AM derandomization via targeted hitting sets	Pseudorandomness and derandomization	not_shortlisted	6bced11e1db6416ca1e6a9bd4035033ac5177e651549631176b41eb85919ef22
TCS-1137	Derandomization from almost-everywhere uniform hardness	Pseudorandomness and derandomization	not_shortlisted	8e9d5ab38365a325da6be16a734096b043c56588e8792660b730de25fe97e842
TCS-1138	Polynomial-time computationally sound NP verification of #SAT	Cryptography	not_shortlisted	bc3aa66a50f597b616da191d3edd5592c2fbf749b9fee21becb65e760dc5094d
TCS-1141	Near-linear-time approximation of reachability diameter	Algorithms	not_shortlisted	6a3d94394313b567e07f8fa720add39542476b2bcb22a5d73d29a4139e7e8c7e
TCS-1151	Bounded-interval zero testing for exponential-trigonometric polynomials	Algebraic computation	not_shortlisted	8c8578b31fef7f636be00c6396e7932ebbeda7cc08b600e4c6686c8a80a0e1dd
TCS-1168	Hardness of coloring 2-dicolorable digraphs with any fixed number of colors	Approximation algorithms and inapproximability	not_shortlisted	7e13d20291f5f89f8f3103393cf7ea6d781ac6d1f0e3cd7179a8298d12943953
TCS-1170	ETH hardness of constant-factor shortest-vector approximation for \(1\le p\le 2\)	Lattices and computational number theory	not_shortlisted	c65ae789bf7e6f3ff7037885d3d41133a24c9a2389893ad3a31ebc14ee730ffb
TCS-1173	NP-intermediate \(\omega\)-categorical CSPs	Constraint satisfaction	not_shortlisted	a785fe03aa62b12651e0aa8a03d214c4f6ea5df319993d45a129a0ee2fc4d005
TCS-1206	Structural nowhere density of monadically stable graph classes	Structural graph theory and graph algorithms	not_shortlisted	859d8fcf05446de255ccdda5ecda8f2ffc2ef64130b4cde0fd7d4e4d33606562
TCS-1241	Sublogarithmic competitiveness for online metric TSP	Online algorithms, scheduling and packing	not_shortlisted	561df32b3bf97e40bd0a41183b63b16130490bfd4766a46b9b9e9c1afda3e736
TCS-1246	Well-quasi-ordering Eulerian digraphs by weak immersion	Structural graph theory and graph algorithms	not_shortlisted	835cabaf87e51e5bd052661cb45ca2aaae9e743f54a790befeb1766bf25114f7
TCS-1251	Output-sensitive evaluation of cyclic queries	Database theory and finite model theory	not_shortlisted	26c8bcd59108bc6b54d22394869b3fbe3569a40b0a276ce990860c32c9262586
TCS-1253	Superpolynomial Res\([\oplus ]\) lower bounds	Proof complexity	not_shortlisted	c664b04e43c361d9c3b9cd2e292379ed3b59c58a48e98faaf7b4f49dd04037a4
TCS-1259	Exact quantum fanout in constant depth with unrestricted circuit size	Quantum computation and information	not_shortlisted	ae8aec5c54f17041431ed4c5fcb9e29bdb343de05d7becaea31c42451b58b25f
TCS-1324	Quantum games PCP with efficient honest provers and short messages	Quantum computation and information	not_shortlisted	9f24e8ce08112811fdf185a93a8a8a63a7846a948aee6f8f88bfc1d1c29be270
TCS-1338	Set-system sparsifiers of size proportional to chain length	Algorithms	not_shortlisted	deb85778e7811b3a5c065c5b879497e63a62ef3b4b38a397187377f0107c19fd
TCS-1478	Adversarial sequential prediction with abstentions for VC classes	Learning theory	proposed_candidate	8ed5752e4e1f9e653144885784fc2c72be36b0a5929203d5be128c16f3b5a969
TCS-1529	One forecaster with the optimal regret rate for every proper loss	Online algorithms, scheduling and packing	not_shortlisted	2dd9b02002698a376c16163207ac4de745adae9f71bbac526b2392e14fe0ae20
TCS-1539	VC-dimension bounds for adversarially robust compression	Learning theory	proposed_candidate	e49244d86394f9f66656c2ce86929c4393d9cead5dd856a01e222b8a87fde5de
TCS-1540	Influence lower bounds for noisy query complexity	Communication complexity and Boolean function analysis	not_shortlisted	b04928961f5889476c342961604e8d1102dcfcee59a838d3601bf2de2c941f00
TCS-1544	Complexity classification of finite-semigroup membership	Algebraic computation	not_shortlisted	0253ca68b66135b1940153cf9da6f68692b2e3fb85977c1c487993c5356ebb2e
TCS-1555	VCSP tractability without pp-constructions of \(K_{3}\)	Constraint satisfaction	not_shortlisted	a235bee648da4bc86b03836e684ca21444b143bae3e5e00c98ac426dc8813ef8
TCS-1573	NP-hardness of improper learning of P/poly	Learning theory	not_shortlisted	f6da30a572ec5a24980c81a8d358db50b55458d1b84573fcbfe88ddfea5356c5
TCS-1588	Characterizing robustly computable predicates and functions	Distributed, parallel and sublinear algorithms	not_shortlisted	3e0259f9697d2e11697a19f0578f5c854e9614b4ead7f8392a71793e8738f944
TCS-1595	Decidability of fifth-order \(\beta\)-matching	Automated reasoning, rewriting and unification	proposed_candidate	fd506b8cfdbe5c2a63722e71b2a471e9ec1f6b0bc6462a7db8a12ba23ebd0f69
TCS-1602	Deterministic query complexity of tournament kings	Computational complexity	not_shortlisted	5795994d97f57f5ac6edd9562ca06f2bc67203e73b5d125550768a86db5d3f6d
TCS-1617	Planarity dichotomy for induced subdivision detection	Algorithms	not_shortlisted	366a710c8d4a04698cb49925d404be81107d5f33d4f2353239877726239fd0b7
TCS-1639	Linear neighborhood complexity of hereditary small graph classes	Structural graph theory and graph algorithms	not_shortlisted	1e6812952098dd188edd6145d2b490291df3ba9d99642b23634dcf42e50a1b52
TCS-1649	Decidability of branching-VASS reachability	Semantics, logic and verification	not_shortlisted	99f0df8083222fe9359a1fe17d8544a1d2d0649d890b798e26a46963c315d214
TCS-1659	Decidability of Bellman-operator reachability	Semantics, logic and verification	not_shortlisted	71eb67c31a5164336644051228a7a7b6ffc5e2bd5a605adc64ce4263e15e09fe
TCS-1714	Polynomial-time stable matching in unimodular hypergraphs	Game theory, social choice and fair division	not_shortlisted	8e88c20bb354ffa51db19fa57ace9ce8b105c558040e95c75a9bda3fa2c0d799
TCS-1807	Dichotomy for finite-domain restricted CSPs	Constraint satisfaction	not_shortlisted	6917606418fda17f1e12e7f695e38aaf1de0853ef50ae4fd3f9c5dab3c6394dc
TCS-1845	Complexity of truth-table decision-tree optimization	Communication complexity and Boolean function analysis	not_shortlisted	4145220a35a80b708e2906be0a3c03b0762f8e42c8e920437723d7fadb33eaa2
TCS-1882	Optimal quantum query complexity of uniformity testing	Quantum computation and information	not_shortlisted	c3db4602250bc0f029e3f05b73b961c1f3e16cf30ff5a4b58eddcadcf5e6ee5f
TCS-1930	Parameterized Inapproximability Hypothesis from \(\mathrm{FPT} \ne  \mathrm{W}[1]\)	Approximation algorithms and inapproximability	not_shortlisted	b415b81ea174a99561fb942d21007f76e67a651d7b2e43da1e67fcf62adee821
TCS-1945	Parameterized Nearest Codeword hardness beyond Gap-ETH	Parameterized complexity and algorithms	not_shortlisted	998380bcca4e139ed11225cfd7bfa14563681c4f5777ecd07c93c96365cf0183
TCS-1956	Super-bits from demi-bits	Pseudorandomness and derandomization	not_shortlisted	acfa70a70f5e197c3db60e68b3899356abebc2002d87afe5c3484becf368ef17
TCS-1961	One-way state generators versus EFI pairs	Quantum computation and information	not_shortlisted	166be523a54f395076fdded1f792668e87892a7bd567c2f5519b403156eb7643
TCS-1978	Search tractability of BLP-solvable promise CSPs	Constraint satisfaction	proposed_candidate	e24426987619c0b9e641419edd6b939be2c1dec003eaa250407ccdb99cb91257
TCS-1992	Decidability of Presburger arithmetic with primes	Automated reasoning, rewriting and unification	not_shortlisted	69da92bb865228ab280df864b20cdd7b3fb651f7165fe8c0b07a0c91651b2805
TCS-2018	Quadratic-size submodular hypergraph sparsifiers	Algorithms	not_shortlisted	6aaf386865a8d7ad6ca4ec8fadd3e3f048bd47d5a26112cb53badf0bcdf2eb49
TCS-2029	FBPP versus negligible-error FBPP	Computational complexity	not_shortlisted	7db98954fdf660a1f96dd0b236a62d85f18ba69765dc5372f17cf7f6823c8ca4
TCS-2033	Complexity of one-dimensional grammar-controlled VAS	Semantics, logic and verification	not_shortlisted	b74752dff4ef92b523f00117fe342864c63c99cfff6853965c0831719b528365
TCS-2039	Decidability of freeness in automaton groups	Algebraic computation	not_shortlisted	491c41387324fb8b21132cbfee29e7686172ffda83f3cfbf88de66035c8d6852
TCS-2077	Deterministic divisibility testing by a constant-degree polynomial	Algebraic computation	not_shortlisted	29c1ae011c2b5a341c741bed359e634b7a3ad7c27d459d564271c930820a88c1
TCS-2111	Fully polynomial learning of positive ReLU networks under Gaussian inputs	Learning theory	proposed_candidate	351ca211a2508d6623a7bd8e9a3d79ea5e01716107f8f6b9525707e869ce0d85
TCS-2201	Non-malleable extractors from standard extractors	Pseudorandomness and derandomization	not_shortlisted	85784db8b9af5f333953f54c145468ab74448b13526eb94e9a14881e1cbb9d5c
TCS-2202	NP-hardness of conditional polynomial-time pKt	Computability and algorithmic information theory	not_shortlisted	77c00803b11a080eabb397143e0f3f2db732b40dfd481efa19936a451ae7f3e3
TCS-2215	A real analogue of Toda’s theorem	Computational complexity	not_shortlisted	2d2206799b5e579f1788360b93978c65574974cc52a1b5e3fe70e14f6b8260a2
TCS-2229	QMA versus \(\mathrm{QMA}(2)\)	Quantum computation and information	not_shortlisted	d37e1f01b64cd462050bbb3bae4841d01ad0e4d77132e149c798b509ce2c74b6
TCS-2233	Superlinear local complexity of hereditary graph classes	Distributed, parallel and sublinear algorithms	not_shortlisted	6226c33e93937be69cd2d954a799ff28a6c0cc619ab77bca1f9f3f8f0366cb95
TCS-2243	\(\mathrm{TC}^{0}/\mathrm{NC}^{1}\) complexity dichotomy	Automata and formal languages	proposed_candidate	3888470fc74133f8fce0210428f32bc5d92770187f1bf077ae75261d902013a7
TCS-2333	Downward self-reducibility of PLS-complete problems	Computational complexity	not_shortlisted	7ebaacf256dacb0304e69d34bbc7d10feeda4616537f88ea1ea12f3beee097a3
TCS-2336	Optimal multiclass regret versus Littlestone dimension	Learning theory	not_shortlisted	a4133e4a2ee330d3a324c9d5b3e372e73d6cf3c0c7a8607b41c8db47447a9eaa
TCS-2339	Linear recursive teaching dimension versus VC dimension	Learning theory	not_shortlisted	1a908afde54ce9841a7ba85cee1dc7a2f3834cb26ef55650c08d8283c79f92ee
TCS-2408	Remote state preparation from quantum-secure one-way functions	Quantum computation and information	not_shortlisted	482f3bc364020698a8cc3305d30bbb0ba322054c2833bc4b1ecdc7f7415aa4aa
TCS-2425	Closure of SZK under truth-table reductions	Computational complexity	not_shortlisted	92cb3aa5445eb74d669736a82c9c41bed1ddb1e59a83dd53c882d9a31b24799d
TCS-2427	Zero-sum stochastic games with variable discount factors	Game theory, social choice and fair division	not_shortlisted	8d63780dfbcc69f23acaad2ec4bf475a64c6feba7850253c6b9de0cbfb4dac5e
TCS-2470	Breaking the quadratic color bound for bounded outdegree	Distributed, parallel and sublinear algorithms	not_shortlisted	332ec218d786a7f120a2723df0f662a36a286fcf374e143ac61e199346cca30f
TCS-2506	Algebraic branching programs versus formulas	Algebraic computation	not_shortlisted	7f0ecefafcc301cbe78250b8cd102c4ffd9ce52c51fc01e986d082113110a5c2
TCS-2529	Polynomial-time ultrametric embedding	Geometry, topology and metric spaces	proposed_candidate	684e5fee29b8661b3f7664adcbdd5e1cd59f75ff3f3f96d4ac62ace096fae85f
TCS-2532	Circuit lower bounds from indistinguishability obfuscation	Computational complexity	not_shortlisted	e92a55c7b63477cbaa50c180605f7435a533136024adedac9987add221f92ef1
TCS-2535	A dimension-free directed \(\mathrm{L}^{1}\) Poincaré inequality	Property testing and distribution learning	not_shortlisted	2a5e7bb6a5c75ab5559fcb90f495b9d7dc0c0aec8fe2a41f87924e8dfbbb60b8
TCS-2571	Communication characterization of nonmonotone Karchmer–Wigderson games	Communication complexity and Boolean function analysis	not_shortlisted	5cef832c2f6eedf071aa3aa6eef1658ae0239dfd9e4f790e810678aace0f039d
TCS-2625	Almost 3-colorable graphs versus graphs with no large independent set	Approximation algorithms and inapproximability	not_shortlisted	e02a5f6c33513b4b9863a51ca07ef5b05e5fb8e11f9a517516d8e37de8586e3b
TCS-2654	Strong universal consistency in online learning	Learning theory	not_shortlisted	f57bb06194a36b30d756357dd93618f9aef703d0797f1d6de2d004565861e97d
TCS-2658	Sign-rank bounds from constant margin	Communication complexity and Boolean function analysis	not_shortlisted	3505f2b6d2ef063221c5d59113659e035142cec9365ef2d52fdae7dfd0cf3eef
TCS-2662	Subexponential constant-gap Max-Clique under ETH	Parameterized complexity and algorithms	not_shortlisted	1fed75302889e73de56a48e35c85dfcd3cf033368b3b9d621bcab8ec85b44c5e
TCS-2664	Removing low-influence directions from convex sets	Communication complexity and Boolean function analysis	not_shortlisted	7c825834f55382a4f851be3f371ddd3b19ba8217c0245ddf821b2e50e62ecf10
TCS-2680	Relativizing subexponential UP from heuristic average-case NP	Beyond worst-case and average-case analysis	proposed_candidate	e99096560305106e7986fde22d63d63ca6585a9fc3d1c6579783a0f01aa1cbac
TCS-2681	UEOPL versus EOPL	Computational complexity	not_shortlisted	cb2633f4abf19b7b07a21353a08b820d6e5bb6e8bb75cbcf6760a29ae1128070
TCS-2689	Deterministic safety and termination in hybrid synchrony	Distributed, parallel and sublinear algorithms	proposed_candidate	bfedc61e2533083c341fc2db3eba2bb9bd6a465fcde87f95d36abfaa36e2a376
TCS-2707	Quantum partition functions from zero-freeness	Quantum computation and information	not_shortlisted	52cb34b0209b49a9c82cdffdc276b447f2d62a8c130ec9595893effb4573b688
TCS-2718	A uniform exponent saving for arbitrary generalized convolution	Algebraic computation	not_shortlisted	63e7f24ca136b80218c5b7298607a4f8b236226f0c37685456d69bf1d9f785e4
TCS-2732	Subpolynomial-key perfectly secure three-server DPFs	Cryptography	not_shortlisted	d9e23d033ae93ba5a82d306eff551d969ae1d45ecbc5506e0aa69d89440b7c75
TCS-2753	Fully adaptive strong Byzantine agreement with optimal resilience	Distributed, parallel and sublinear algorithms	not_shortlisted	bb07237c34241d5a100761e3c275f924d1f0cd5a9afe78f06ff653f2e1dfad66
TCS-2783	Erdős girth conjecture	Structural graph theory and graph algorithms	proposed_candidate	639337bccbe86152d04f5eedaa0ad3ffcd56c4f71efd480b7afd202474d3269a
TCS-2804	Slice-wise Polynomial Space Conjecture	Parameterized complexity and algorithms	not_shortlisted	de777363049e517df1e19d8a1f509d621ba360fb9b43085549ed67c6cae16c69
TCS-2822	Complexity of directed detours	Algorithms	not_shortlisted	9ec6c19d7fc652312c007eabfcd5729c0ed7c3ca594e6738e4c10a982274204b
TCS-2861	Efficient negatively dependent sampling from matroid polytopes	Sampling, Markov chains and mixing times	not_shortlisted	0f638f222cb8c0ab74c3589d51fb75ef3d7ec539e83dc31705f6a5e159a68dc0
TCS-2889	Short tree-like resolution from small proof space	Proof complexity	not_shortlisted	98765fe340bf4387807ab01fb5a677a32d79b66a2f82a72ba07d2665e03d44d0
TCS-2958	Efficient equations for VP with unrestricted complex coefficients	Algebraic computation	not_shortlisted	110eb168fe27c3ddb59f39e4a084ede2238e250542b47be36ec4f33c6900c6b6
TCS-2997	Triangle detection in CONGEST	Distributed, parallel and sublinear algorithms	not_shortlisted	3a7a79b5409480cca76799c884649329c1d3dcc6f946fa02c157ab2f76bbbe8c
TCS-3025	Exponentially hard weak versus strong one-way functions	Cryptography	not_shortlisted	e36aacabdc90f645c3ada71c7027143bfd062f3e853a263caf42a1808ec854e1
TCS-3031	Consistency of excluded middle and Church’s thesis in Coq	Semantics, logic and verification	not_shortlisted	d015000600200cf4a3eec85836f8e74fe2f067662242a2ccb9243597cb651a77
TCS-3037	Parity subgraph-counting dichotomy	Counting and enumeration	not_shortlisted	9822fbd4e55d0d54e977236bfc21add53ba67573a97c8cef3cad3142bc372654
TCS-3056	Deterministic convolution with negative entries	Algebraic computation	proposed_candidate	1fc062b63a740593b24e09b7edd42d364671ec7a3c32e8b7fe476bc8f121da4d
TCS-3059	Freedman’s conjecture	Geometry, topology and metric spaces	not_shortlisted	eed5da20a2e11fc88696a71fcb05f5f383765b960a9c174ccf10fba3fae05b3b
TCS-3075	RNC sampling for determinant-counted objects	Distributed, parallel and sublinear algorithms	not_shortlisted	dabfb563c1ffbbac65b4ca5520b4b6f9e940086ba71eb673f1bf5f311225bff5
TCS-3113	Finite VC dimension versus agnostic computable PAC learning	Learning theory	not_shortlisted	2798472661bc498bab6783ce7e9efc70f4300225eda850b3975cce35bd062a1e
TCS-3114	Thus, the case that remains open concerns uncountable X and general (random) sequences X.	Learning theory	proposed_candidate	20c69ee6a88d74368872db613d7eef82d4e917eb42b9813de81147d7f65e59c8
TCS-3117	Memory–sample tradeoffs for noisy parity learning	Learning theory	not_shortlisted	e017c35b67d7ee7016a6c4b32d550025a0a5816a86d90f17d687683fab6f094d
TCS-3153	Fourier rank versus sparsity	Communication complexity and Boolean function analysis	not_shortlisted	daa99aa15af238776086057b082d06068d7d7253a02c8a4ef7795c87904619ed
TCS-3177	Learning PH/poly from learning NP/poly	Learning theory	not_shortlisted	4fbcea2a622e2d6c759ffd710abf6ee54b2f0db3e665f2114798dfe1c4b4de6f
TCS-3263	Polynomial-time minimum-total-length disjoint paths for fixed k	Algorithms	not_shortlisted	97af2548b23ce4dd5be99038250e326ce072587aacf2619e8a7974e6ade99e7a
TCS-3275	Completeness and soundness amplification in StoqMA	Quantum computation and information	not_shortlisted	7dc1309a86af153ca898f55ae088049db1586442bc634e4234b563703feb84a0
TCS-3312	Polynomial-time private convex-hull point selection	Differential privacy	not_shortlisted	21656458043e60759b1b5c9170fcf285c76f54ad5aec7aa2e3f8e74ecfe265f8
TCS-3314	Competitive chasing of three sets on the line	Online algorithms, scheduling and packing	proposed_candidate	3e37d89e0f5876759557c9080d386ef68ea8c62899cea1122492d351926505b1
TCS-3318	Arithmetic circuit closure under pth roots	Algebraic computation	not_shortlisted	32318e4923431b81bd471f4b393ec4f42d598c994ca46514ff824dbeffee6ec4
TCS-3331	DynFO maintenance of red-predecessor parity	Dynamic algorithms	proposed_candidate	31181237f64a4a236a2b321fadc4edadfc7c069c099d498e786d08c91029eeb6
TCS-3344	Decidability of rounded planar-rotation reachability	Semantics, logic and verification	proposed_candidate	d5839ed4ce7ca2968bebaf9a5117708ec5c5f5561a97ffc17c3c40730ed09ba8
TCS-3346	Quasipolynomial dependence on vertices for hypergraph isomorphism	Algorithms	not_shortlisted	abb7eeecdc54f73615703db819b5f1d016e679e380b491b8dbefe84b8d97195a
TCS-3347	Complexity of conditional-independence implication	Coding and information theory	proposed_candidate	715852a6033e0eb59d47b92e1fb0f2472d64af1b0a98abb58541e522f882c483
TCS-3378	Low-complexity aperiodic two-dimensional shifts of finite type	Automata and formal languages	not_shortlisted	2f58d6e946221cc7308767f5669d5b592c7e0defdf5655dac8d167d7711f1333
TCS-3381	Polynomial-state protocols for Presburger arithmetic	Distributed, parallel and sublinear algorithms	not_shortlisted	b0aababb23aba770a89b1c2b6119e6711a9c35765ee8759b373363fe058d6361
TCS-3384	Approximate matching and set packing in \(\mathrm{AC}^{0}\)	Distributed, parallel and sublinear algorithms	not_shortlisted	1a8eb2b1bd47b21fba8c6296bf464d83964320c418d53fc94fbe34b028be9b7c
TCS-3391	Efficient learning of well-separated Gaussian mixtures	Learning theory	proposed_candidate	fd51cbaa90bf3e2eac49bbbb9361bdbbe7f7ccf16b3449aaaa85b6c937924d3a
TCS-3414	Explicit permutation groups requiring superpolynomial graph embeddings	Algebraic computation	proposed_candidate	c8872290a4687d7c2db1bff8c3106ce4ee7ee50a56ac22fec1f3891dd8544a56
TCS-3416	Wait-free exact FIFO queues in Common\(_{2}\)	Distributed, parallel and sublinear algorithms	not_shortlisted	8b36c9c2b071607647d5e7b8ec8919cfeef1f209a4b6febe8adff6f097095dbc
TCS-3480	Polynomial exact metric sparsifiers with a crossing-edge budget	Parameterized complexity and algorithms	not_shortlisted	52a2678a2c799839afb03d2e7d773c259e76cbd75a956f88935a7e4eabe24f39
TCS-3509	Tarski in CLS or EOPL	Computational complexity	not_shortlisted	3295dfb6f368af93da141b505c99a7b1d304e52998ca52a3926c88d6a24d71ae
TCS-3513	Explicit positive-rate codes below the Plotkin point	Coding and information theory	proposed_candidate	8fbd21569f138eb1ecb847b8d539e26b588286c2fce441a101183d0f4f140a0e
TCS-3557	Does extension preservation eliminate stratified intensional negation?	Database theory and finite model theory	proposed_candidate	6b177b59854c2a45f681bc7a4bb59088c26a7d02a024c2a920453bfda058f916
TCS-3580	Class-dependent parameter exponents for minor-closed vertex deletion	Parameterized complexity and algorithms	proposed_candidate	057bdf409f41fd7f53a52e6590a2e544c7d694961315755f910e17a20682b6c2
TCS-3585	Exact exponential-time equivalence for nonnegative Boolean Max-CSP	Constraint satisfaction	not_shortlisted	3a4baa02390109e7df7e0b369cd5376f14dc8cbaa834edcf8cb3fb7c8e439acf
TCS-3631	A logic capturing logarithmic space	Database theory and finite model theory	not_shortlisted	5c54527d2cb919c86d7db8fa9b5899c08cfdabbecc38dd6ff04b50cad6d0daee
TCS-3635	Treewidth classification of approximate counting CSP	Counting and enumeration	not_shortlisted	b3c40121a38c213cb1fa5e78759971d14c66008baa14c0befcd78d29d3f475c1
TCS-3655	Inductive-inductive types from inductive types without UIP	Semantics, logic and verification	proposed_candidate	2e1bfba2bfaa348788edf97f44276c942482af0a21328fd6bdfaf4b73283b429
TCS-3676	Binary-horizon MDP reward-threshold complexity	Optimization and numerical computation	proposed_candidate	f4c595f7c923ccd4f87cd81d4cac49e4fb099c2af8d2ea19183bf301e5fd29ea
TCS-3678	Polynomial-time tractability testing for core crisp CSP languages	Constraint satisfaction	not_shortlisted	6cc0d53b3f75cea97bb384b2657d1d78dfe8b992c67fffb77d59a7f9c4d8f7e8
TCS-3685	Average-case formula hardness of the majority Andreev function	Computational complexity	proposed_candidate	a7b95633333b9de6689b95c321943714035c46137986cb4e8aac687c78a13cfc
TCS-3689	Non-clashing teaching dimension versus VC dimension	Learning theory	not_shortlisted	0da324f333a70e48135809efa10764282d9df979a9a9745e2a7807a1be161997
TCS-3690	Untuned switching regret for oblivious adversarial bandits	Online algorithms, scheduling and packing	proposed_candidate	62eeedbd78f4c70dc9449530e213f46a16f2d5e2b13deae2c0f41f4965023266
TCS-3691	Uniform convergence under Dobrushin dependence	Learning theory	not_shortlisted	f4fbfa494f0ccfbba72dfbe1980f2373d30c6b8424db7ab701b3c3175663148d
TCS-3709	Lifting quantum query complexity to communication	Quantum computation and information	not_shortlisted	7402adfd3d7b682bb78a44e27cb2c1b66b786c60d1af9f9e15ddc9264a1bf616
TCS-3787	Proper unlabeled compression of ample classes	Learning theory	not_shortlisted	0bf274fc05812c6ebf54e6ed83aff7569c349d19024e495168affb2300510df3
TCS-3792	Deterministic linearizable objects for set agreement	Distributed, parallel and sublinear algorithms	proposed_candidate	9a68e8c8c01762a89b0b5c7f929b4476a03ab8686d7f9d5b2553d979553dd620
TCS-3845	Efficient distributed multicommodity routing	Distributed, parallel and sublinear algorithms	proposed_candidate	c9c590ee5a5be607c5c6108f3143d0dc3f10d48a1fac713e6473737f96e80826
TCS-3862	Complete problems for search zero knowledge	Computational complexity	not_shortlisted	741843c47cfe263366a877f8334bb20779d5e74f135240eecdb4b047c4fd6628
TCS-3863	Containment of finitely ambiguous automata	Automata and formal languages	not_shortlisted	3637f30f8334a7bff3a8ccc08674218bd0d06ea45d79199bdacd5eb094bc6005
TCS-3886	\(\exists \cdot \mathrm{BPP}\) versus MA	Computational complexity	not_shortlisted	b30d175678342fc7b21afb9198c6648ef631e791e5aab866c05c62b86e3d7fa8
TCS-3906	Sample complexity of symmetric Markov-chain identity testing	Property testing and distribution learning	proposed_candidate	106e4c376d732acab121736a4552567e3571aadd362bbeddb4cde583739124c4
TCS-3917	Disjoint-union closure of tractable forbidden patterns	Parameterized complexity and algorithms	not_shortlisted	ed549484de4b587636c7a789b2508d05e9aea99ffa62199ebf3316ca012fa5f4
TCS-3940	Note however that we do not know whether these lower bounds imply general algorithmic hardness.	Fine-grained complexity	proposed_candidate	2b24c573ad53c8cb7a97af660829f3ba6d30d17df7423ead3948785a6afa821a
TCS-3958	Pseudorandom generators for superlinear-size depth-two threshold circuits	Pseudorandomness and derandomization	not_shortlisted	ff089e71841b90d29c13f3bd5aeb94cb8b4a9000a6ae5400cb76e6e5ee2c6a2a
TCS-3959	Approximate polynomial satisfiability in AM under GRH	Algebraic computation	not_shortlisted	e57d03861f3f7f112147657b9948fbf40aa382c6d053a0e4abdf46cd1ae9026a
TCS-3984	Hardness of coloring 2-colorable 3-uniform hypergraphs	Constraint satisfaction	not_shortlisted	fed5c9c6b2ca86d9fd8eb4b172a5869dd351da0955be7c0b4f9615d5f7f6a0f4
TCS-3986	Circuit lower bounds from inverse-polynomial-error heuristics	Pseudorandomness and derandomization	not_shortlisted	8782d3a18bcfc7f0d6aa2e0a232146fa5934ea4b834ee3e53501519e5b2d8597
TCS-4017	Axiomatizing positive relation calculus with transitive closure	Semantics, logic and verification	not_shortlisted	732dce37d0a19171eff892abaa917c5bef9f6ddef48031b5a5bfa1a6afc02ad6
TCS-4099	Pseudodeterministic NC perfect matching in general graphs	Distributed, parallel and sublinear algorithms	not_shortlisted	c867c64baab22efe90b6e295a2a4e037be116a4a82ed71051c313f4138be3fc9
TCS-4185	Existence of strings without simple optimal hypotheses	Computability and algorithmic information theory	not_shortlisted	75ef9626e01b43e83fece02e026a9ac5aeecd7b62b61452c3d7a66b002475f97
TCS-4186	Learning speedups from random examples	Learning theory	not_shortlisted	f4a62b30705fec84bb73e04e199d3adecd9d963e19408c22e8d8304d434a6fa7
TCS-4193	LOCAL lower bounds for 2-ruling sets	Distributed, parallel and sublinear algorithms	not_shortlisted	41cd008b715a47aaf0dcd4bb75671a95d12ba8216d071c1c983689e437912497
TCS-4231	Complexity of general subgraph detection	Distributed, parallel and sublinear algorithms	not_shortlisted	4595fa3e6bd04129120a4806fd75c0fd8f31fed9da9e05f1b5ae8f80fb11e8cb
TCS-4238	Sequential randomness certification against non-signaling adversaries	Quantum computation and information	not_shortlisted	9719e0b35b1e2a0652c3a135d602808de10f183316e8e3b21f1849fe88e09c78
TCS-4245	Parity games in polynomial time	Semantics, logic and verification	not_shortlisted	463130322e5330ccc15d8253fa1df39b6f01e255edd56898bd13127b96123913
TCS-4259	Query cost of reducing testing adaptivity	Property testing and distribution learning	proposed_candidate	8a960050c41fb2bb49df503a72e55b7dbf3ae1f01839c1ba80575ed4ff635c3f
TCS-4274	Subpolynomial detection of two-connected patterns	Distributed, parallel and sublinear algorithms	not_shortlisted	57a5475130746370aca5b41f05427676f44a75f6410a262fe2678552285fe276
TCS-4289	\(\mathrm{W}[2]\)-hardness of bounded-VC-dimension Hitting Set	Parameterized complexity and algorithms	not_shortlisted	42d07729fa84b3412423f01ce46124000af6bebe1463ea371e9bb3ed6bc30ed6
TCS-4293	PLS-completeness of k-means local minima	Optimization and numerical computation	proposed_candidate	ce527ada2e522a2795c00c744672a0cf93f05b050538af3bdb8326c170ad011c
TCS-4299	Collision detection in deterministic broadcast	Distributed, parallel and sublinear algorithms	proposed_candidate	c07047ab18db6b2196e7dea1f1d717bac55bf4e9b3d8a7e04b68a2aafce277b9
TCS-4301	Two-sided hardness amplification by ODD-MAX-BIT	Communication complexity and Boolean function analysis	proposed_candidate	82e13f03da236b78e5955c57dc911bf1399d961c8b0ff9742ed4d8cb1784bbf1
TCS-4302	Strategy synthesis for multi-objective probabilistic LTL	Semantics, logic and verification	not_shortlisted	ea01f6e27bb4271ad38952ba72de4c65b88a73291e1f28a986474f6219ea4cc8
TCS-4350	Uniform compressed word problem for graph groups	Algebraic computation	proposed_candidate	bb18f1d26eb712a9d5f375ed02237050e0773777174aac1f4bca53fe948b11ef
TCS-4376	Characterizing sublinear-query testable graph properties	Property testing and distribution learning	not_shortlisted	cb9d4649ebc8d70572c77411a72a7f0160c442b7570e2193f87958de7a1d68b4
TCS-4417	Linear-time directed bottleneck paths and trees	Algorithms	not_shortlisted	b5dbf9d7007bb3e3bf438c2b03e9bad856948785af564db259c51ce04ead2208
TCS-4419	Structural randomized query lower bounds for subgraph containment	Communication complexity and Boolean function analysis	proposed_candidate	b1d52b094daebbbb38a32160ac1ada252dc767c50f4c1831f2aa78425db05004
TCS-4440	Expected FPT delay from small-witness decision	Parameterized complexity and algorithms	not_shortlisted	0b15d158ff70b37f627b6dc45e61a015d58b0cc78c30324a18bd0a26431463a4
TCS-4454	Half-snowflake embeddings into Wasserstein p-space	Geometry, topology and metric spaces	proposed_candidate	6204d101b898033d8f56f60eef2608b9d6eb7d5918e6e99d6a792617f2d3c2e0
TCS-4457	Simulation or postselection universality for two-qubit interactions	Quantum computation and information	not_shortlisted	615b6bb785dd65c496ccdc366074fca4432335cff1d7ad71cfefaf49e5605f0f
TCS-4458	First-order versus successor-invariant logic	Database theory and finite model theory	not_shortlisted	c63b6a0cab1e341e06066532c9154eb4aa074d545258c5472824643f0db16579
TCS-4463	Markov computability versus K-computability	Computability and algorithmic information theory	proposed_candidate	060c3fa0943a66c4cf5a544c74e524cd32af7fa55d670860f0e49ddecfd41589
TCS-4468	Subcube partition complexity versus query complexity	Computational complexity	not_shortlisted	5351bfa869390df4700ac1ac3d492f30dc3ee91a7cf822dd9080dad44ac21b62
TCS-4490	Complexity of positive matrix powers	Algebraic computation	proposed_candidate	09c67e152afc87f623dc7022e76fb31fe645c013d0c6268fadd4a133f0c7e868
TCS-4495	Recovery hardness for sparse planted dense subgraphs	Beyond worst-case and average-case analysis	proposed_candidate	1d7eff421dda1d14e4e9e3cfb4441a1a3634c111f3975bd09f09a7568dca8e79
TCS-4523	Complexity of dimension expansion	Algebraic computation	not_shortlisted	19d22447d90ca4d995d37d5f71a3a7d35d962c2ee8ca83be3d14823f1a46c0eb
TCS-4524	Positive-rate binary codes against adversarial deletions	Coding and information theory	not_shortlisted	63e5cc9a9616010b415ddff1761d60b0a755064bdb6c2f4d2256ba3536e355d9
TCS-4549	Polynomial-time colorful choice with polynomially many colors	Geometry, topology and metric spaces	proposed_candidate	140a1c521cf906b15513d98259ce08d89942595f3cf854f983d7b06fe0ab9507
TCS-4575	Universality of discounted-sum automata	Automata and formal languages	not_shortlisted	ed685a8bf3dedb78b8498c5f098c6b19599555972936c9e4ee127488c2cfc583
TCS-4584	Nash equilibria in concurrent terminal-reward games	Game theory, social choice and fair division	not_shortlisted	cb7bb6a151ef5f196d71581ad63b058a6f8de92e40dfa7687532b811d5e8b2cf
TCS-4592	Time complexity of Gaussian agnostic halfspace learning	Learning theory	not_shortlisted	2ed30261d7f35a101aca44d748f62cacb13287015652ff22771f9bb3b599aecb
TCS-4615	Quantum entropy inequalities beyond strong subadditivity	Quantum computation and information	not_shortlisted	51fa94636a95d181bffcd1b94c38ff1feedd412435acd5adb5b86a3e7f67b4c0
TCS-4636	Decidability of definability with modular predicates	Automata and formal languages	not_shortlisted	bc93c784a70e12b54ccf720f9f1f92fe6b67234843d5e2efed7d4e54a42ea907
TCS-4637	Subexponential Planar Steiner Tree by terminal count	Parameterized complexity and algorithms	not_shortlisted	e97da4e6098287e343f40ee7ab8d72220224f329e6bcf77aa0af862950f61c23
TCS-4659	Determinacy of Wadge games for Muller tree languages	Automata and formal languages	proposed_candidate	f595a15a9e14068ef3d864da678cd480d801d06f99ac715274bd1543a5a92f6b
TCS-4671	Decision versus approximate counting for fixed-width SAT	Counting and enumeration	not_shortlisted	035ee0d9498cf973ab95103fa2ed170909506a51ce735911610ce9ce2a7ec1be
TCS-4672	Price of bandit information in multiclass learning	Learning theory	not_shortlisted	2c3f91bbee42d922556cefc7f084037551543e0fdb676d2e26e1a3a3ced10493
TCS-4677	Deciding first-order definability of orbit-finite automata	Automata and formal languages	proposed_candidate	6a1e9ea97e21f2974289f2402e48b05252a046046bc63e1d174003a2ef6fa9fb
TCS-4695	Polynomial kernels for forbidden-minor vertex deletion	Parameterized complexity and algorithms	not_shortlisted	0ba6094234c91960c7dbf5c20518430bc09c50d6523d0d8c061bfa6d2b016822
TCS-4715	Succinct entangled proofs with efficient provers	Quantum computation and information	not_shortlisted	a3467499eb32f5a212b449cc820d81095302b87b15924cb756b25add5db12918
TCS-4716	\(\mathrm{AC}^{0}\)-distinguishable locally indistinguishable \(\mathrm{NC}^{0}\) sources	Pseudorandomness and derandomization	proposed_candidate	f9a6345c0ac6be3407dc9dc5c271389c797553f0e3cc0cfed3fb991b232c9b03
TCS-4734	Locality-preserving quantum gap amplification	Quantum computation and information	not_shortlisted	d7bbd3a8ac86632ab33b583f3b2c6ef6e4dc245bfdfc4c785e6bbbe3cc4c3855
TCS-4737	QMA versus \(\mathrm{QMA}_{1}\)	Quantum computation and information	not_shortlisted	4514516bf61fc5ccfea784aaf96a187526c0daf6317f31db0aef4eba13c148d3
TCS-4746	Effective enumeration of BPP	Computational complexity	not_shortlisted	d13ca69c4f5a7e5c0c723683691305f7906a9517645ba2c5eadef3f2617a7584
TCS-4753	\(\mathrm{QMA}(2)\) versus NEXP	Quantum computation and information	not_shortlisted	397aed20b961e30856e8de4b10a8cbd34747788f1c7a73468f0447695ca92fb9
TCS-4754	Unconditional zero knowledge for gap circuit complexity	Cryptography	not_shortlisted	aef6416077a9fece8a95c18764f0ae71bcdbc3bbe7bb04e85da8e9b65d03cd32
TCS-4763	Work-efficient parallel approximate flow	Distributed, parallel and sublinear algorithms	not_shortlisted	c80cb4c3ca08b2aab9845953d31f6419744636360c998117009a072342305ff3
TCS-4771	Two-sided versus one-sided randomized communication	Communication complexity and Boolean function analysis	not_shortlisted	9b266c7028a830dd6df9e6420c0bcb281b12f0d26be6749b9104d8c398bcbf8f
TCS-4778	Derandomizing amplified relational computation	Pseudorandomness and derandomization	proposed_candidate	c277a23da91b1c5518e2c212cf91465fd3b33dfca26f85ca24c6eb2ad0410f98
TCS-4786	Complexity of Minimum Circuit Size	Computational complexity	not_shortlisted	3383ede7317ea37b98610d5de5ce7c205af14de14f728b4b91f398aebf9c8292
TCS-4789	Collapse of the quantum-classical polynomial hierarchy	Quantum computation and information	not_shortlisted	eb81d5edb635fff1ab48d179e8f9b3f0030b9ad986c0fdb384e19f5ed9ea57d3
TCS-4790	Classical worst-case complexity of Subset Sum	Parameterized complexity and algorithms	not_shortlisted	2fcaff53a0b31631a62a6afa5f4bb7d5d7edb05dc2bfe77601c522dd3518d3f1
TCS-4792	Multiclass sample compression from binary compression	Learning theory	not_shortlisted	676b8931ef825a653858cf7271d16f49a53970343348aab41a89112c65a31cbe
TCS-4802	Noise tolerance of binary interactive codes	Coding and information theory	not_shortlisted	c24bb3fe8fa6d68eb7a9a83b281b9082e537142053ce930523f8ed1b0293f201
TCS-4811	Dihedral coset problem versus Subset Sum	Quantum computation and information	not_shortlisted	1a01a908554b0722a0116e3c6db88103c9f2979f9cb8f35e92a6377968bb8fda
TCS-4835	Characterizing nonunitary quantum space	Quantum computation and information	not_shortlisted	ef0a42455bbbc3e148b64f5fd6cf0b07f8dc15439425b6ab0592a40595ed7826
TCS-4869	Fine-grained reductions from 4-cycles to triangles	Fine-grained complexity	proposed_candidate	18cd16ec94f2bb4890b4b6ec8dec508a56199ae3d66f1313e5fa0c5a31d374cc
TCS-4876	Algorithmic threshold for random k-SAT	Beyond worst-case and average-case analysis	not_shortlisted	54755cddae3d34d4dbb6ecf95b5ac010f42e164c13f002904abe0e2b7c61de22
TCS-4894	Parity versus \(\mathrm{AC}^{0}\) with shallow quantum preprocessing	Quantum computation and information	proposed_candidate	34bbadcffcd7fee939cddd32414fde076186afec63be486ee5e30f92d257a0cf
TCS-4927	Classification of quantum gate sets	Quantum computation and information	not_shortlisted	58a01ad684281555be7150c6c156d7f92b8ed8141fa2e512269e767570654950
TCS-4949	Tensor decomposition at Kruskal’s uniqueness threshold	Algebraic computation	not_shortlisted	af09086e94ec24a3e00a1e6e43451e789f7de6e4cf9f1b2996459a5cc6d9de95
TCS-4952	Quantum–classical communication gaps for total functions	Quantum computation and information	not_shortlisted	0d8cc085976d28a8e0c7b9d0f28e51d99fc80e3f5b047fe14b1797d70d34e387
TCS-4960	Polynomial depth lower bounds for Transformers	Computational complexity	proposed_candidate	2e9527a354cb02e3f65925770760d59648fcef9de3bc2d83a6f510f2ab1e26c0
TCS-4968	Linear versus nonlinear code parameters	Coding and information theory	not_shortlisted	cc78ee5ea31957c026769d926a4d7f6766534d238062ecd0e1f08891421bf19b
TCS-4977	Classical-witness versus quantum-witness hierarchies	Quantum computation and information	proposed_candidate	1ef2bd20fca7aea90c4240bc277410cb7a955da42ed8faa2eaf907169e900d39
TCS-4982	Worst-case hardness behind circuit learning	Proof complexity	not_shortlisted	ea11bb0dd2b0d52aae916c69b81435d18352c4427143b3e1467eae5636dacd74
TCS-4983	Sublinear competitive ratio for randomized k-server	Online algorithms, scheduling and packing	not_shortlisted	85c4e19bffe375c18decf1590517583c79d4c6bf46642697a34767e900195ab8
TCS-4988	Existence of TFNP-complete problems	Computational complexity	not_shortlisted	aba0f699c8724aad9b2ca98fd4d414c541cc345a9a0507be7132b91d19b8a523
TCS-4991	Reducing shared entanglement in communication protocols	Quantum computation and information	not_shortlisted	79692a2ffe2a3cb251762355336b8532c6c7d5a6a09ec8dbc7e05d17d5ba60ec
TCS-4995	Entropic width versus submodular width	Database theory and finite model theory	not_shortlisted	3530ca2cd8a04565cd38b06fc74c85a9b8ed106232e61b52edb957c81e9ef24c
TCS-5004	Polynomial-time robust online decision making	Online algorithms, scheduling and packing	proposed_candidate	ea05aa513464347c558457b8bb746dc9e86d8c0b34d863cceee5dc5ca085d855
TCS-5010	Unconditional coding theorem for randomized Kolmogorov complexity	Computability and algorithmic information theory	not_shortlisted	fbc5ee5f2ce088b4537358d307a45654a1ff882432c589e2ce83616dc71df1ae
TCS-5011	Algorithmic threshold for the symmetric binary perceptron	Beyond worst-case and average-case analysis	not_shortlisted	cb1ae72d73a58492dad99ca487a61abd4f46f1c7834735237d01cd8437889b2c
TCS-5013	Sublinear-communication secure computation with polynomial setup	Cryptography	not_shortlisted	e3b969fe1e72cd071889c057537152e229d22616f3ceea7bf4a60929b1a6d1f2
TCS-5015	Foundations of quantum cryptography from EFI pairs	Cryptography	not_shortlisted	4172cd8f7a2d269235148fadf2cb09dd8f54a90bbe9966716ba1647ad2183588
TCS-5021	Limiting optimized QAOA energy in the SK model	Quantum computation and information	not_shortlisted	47d3f852fcd6ba565c5cc1f1729ebdd336d2e3ff8be36c4af97c767a74e126a0
TCS-5030	Optimal randomized competitive ratio of weighted k-server	Online algorithms, scheduling and packing	not_shortlisted	6912183f7fdc892d1eeecc6c9be94750e1dda3dd756cd01a8ace6cb9c0e754b1
TCS-5031	Littlestone-dimension regret bounds for unrestricted classes	Learning theory	proposed_candidate	a9a17e6c7039712b9dd5683a547de62df6f2f1ef43c96c403b8be359a19846df
TCS-5061	Computable PAC learning versus effective sample bounds	Learning theory	not_shortlisted	b19a28268e971248b07eaf454bd82e8e3bf637c8a75f7cdfe44847e1b08f34df
TCS-5077	Exponential repetition of two-player entangled games	Quantum computation and information	not_shortlisted	56cb33641e875e991fdb89753f6bd3bf929b2194efee8a316c2ea7e7c603f091
TCS-5085	Query complexity of Max-CSP testing	Property testing and distribution learning	not_shortlisted	7c7a32d505c055f277f9d817a476e6612c9a13a9a7b76807ae6e60b0f3e00f1f
TCS-5087	Polynomial-time robust spectral estimation	Learning theory	proposed_candidate	8e9bafb1f0c60b8a1fd0079932df378514280385d4940a0be1485f8b3182a797
TCS-5088	Learning halfspace intersections under factorizable distributions	Learning theory	not_shortlisted	a884a16e83bab30902803e597cf350dd877741fa5d13614b4c15829a70944a8d
TCS-5090	One-way functions from hardness of learning P/poly	Learning theory	not_shortlisted	2e07f36dba37109917e4afe5aff9cb778917492b1e934d45ceb065a8045c11f6
TCS-5114	Lovász–Schrijver versus cutting planes	Proof complexity	not_shortlisted	af9320b4167fcfa8d8b099d49eccef1bfe651d1cacae2ca243bb192a5e92ef5c
TCS-5119	Sample-optimal Gaussian graphical model learning in polynomial time	Learning theory	not_shortlisted	87a28c767014f3e4d9d291b329e17476b0d6502f5c66109db2f821493d9ff4c4
TCS-5127	Wait-free solvability of graph approximate agreement	Distributed, parallel and sublinear algorithms	not_shortlisted	c560fbe9eb7448a3c0d66a696dfe242e7e286ec3e27f91741ae9649c1ba5210d
TCS-5153	Characterizing adversarially robust PAC learnability	Learning theory	not_shortlisted	e1180664d60ef8388e7ec5847c081d39db3ef5d54b164946ce932d8a7863ad2d
TCS-5158	Constant-competitive online matching on the line	Online algorithms, scheduling and packing	not_shortlisted	c0be3f6a04ece8f8dc907e0cf9a9cd7dd98509540a99679e1e0a4f7b52d0c3c1
TCS-5189	Approximating decision-tree complexity	Communication complexity and Boolean function analysis	not_shortlisted	d534d9ef98a2511f623eee0c7de87f93bffb157d63cbf28467368a52f0c00198
TCS-5202	Quantum security of general seeded extractors	Quantum computation and information	not_shortlisted	543503fac94ffcbb3fb0498502f97b666f3171a0fd237caaf0031ae442ef5179
TCS-5209	Fully dynamic single-source distances beyond rebuilding	Dynamic algorithms	not_shortlisted	d02d1ed0c4adf8cb38a177055e7c1c13e20dc22991c10d6826064c66c78d1dfb
TCS-5210	Polylogarithmic-query pattern-freeness testing	Property testing and distribution learning	proposed_candidate	d57a72fcd00cbd9fdc9e2f108b56def0cdc1a59ae0d40a2c6109c7aa5571eb74
TCS-5215	Accuracy threshold for agnostic ReLU learning	Learning theory	proposed_candidate	0c4482acfcdd7b7c7f5cae8dbd5370376275ba7de6754b81ad8962ac86cdabb1
TCS-5221	Sublinear-in-q prophet inequalities for q-matroid intersection	Online algorithms, scheduling and packing	proposed_candidate	77f32e1cddeadedb71bc0edb449de003d7fac1e4294ab884dedf63498a302b9c
TCS-5240	Transferring arithmetic hardness to constantly many variables	Algebraic computation	not_shortlisted	dfe1cbe6df5671d83b14e0cd3ef2dd6cee90c7c025129748f5b32c6f165d2cd6
TCS-5252	Action-set-dependent regret in bandit combinatorial optimization	Online algorithms, scheduling and packing	not_shortlisted	c5e3806afe156f1dcba3d52c94add0e7267f2e91eaaaa7e60c2096b7addaa2ce
TCS-5260	Explicit rigid matrices over low-degree number fields	Algebraic computation	not_shortlisted	5b78339869367863eb90e5006f94e50e3dae2d18781f2df8dc2536c60ea71424
TCS-5272	Multiparty Clique lower bounds in compression games	Communication complexity and Boolean function analysis	not_shortlisted	0687bf17b5960ed27c5374cab574ec2b05b36f1e58d26b94bc71fc7d44a55e10
TCS-5275	Supercritical proof size–depth tradeoffs	Proof complexity	proposed_candidate	bb16b1c66391fe8de0974c065ca9a55d6df0d1cd4fbd5252d1c05c93a7e2e424
TCS-5287	Arithmetic formula hardness versus identity testing	Pseudorandomness and derandomization	not_shortlisted	45aac180b4125a824ccfd9d38d19dbcc79007c66587f3863ee6efdd21764661d
TCS-5288	Entropy-optimal grammar compression	String algorithms and computational biology	proposed_candidate	b03507a64355de372c5c8c0261b3b58e038fcce429358133d0a899c5ee9b46e4
TCS-5292	Optimal proof systems outside NP	Proof complexity	not_shortlisted	f0deb757b778b7564d39bd93fd02eee372bc06c4e36a8210c5502818928dd97d
TCS-5317	NP-hardness of Euclidean covering radius	Lattices and computational number theory	not_shortlisted	43fa98790b2ddb5e1b30ff69696328588afa553d6f0e885c1d43be3109b2e83f
TCS-5326	Communication compression to information cost	Communication complexity and Boolean function analysis	not_shortlisted	3a38551a61c92be56a30deb615302f60160e7dbbac6cabe009a18b1cb3bf989a
TCS-5330	Near-linear-query approximation schemes for matroid intersection	Optimization and numerical computation	proposed_candidate	66b08144584ee6c53b93c03915c8542008cbe933335751e70df1e38979f95d11
TCS-5332	Weak automatability of Resolution	Proof complexity	not_shortlisted	763605150b8d94594465059a7e32d66e990542739744f9fbf09c38c6acd0ef53
TCS-5333	Linear-space Cutting Planes refutations	Proof complexity	not_shortlisted	fbc384a8d459c48f3c146899125e0ecd010bbf9b5091fb4c63a759bf5ec971b7
TCS-5334	Sample-efficient latent-tree Ising learning	Property testing and distribution learning	proposed_candidate	ff4b74436569a07aefc7598d4b5bb59e4d13a1d1455895d716e171ddecf25ae5
TCS-5341	Pseudorandom generators from hitting-set generators	Pseudorandomness and derandomization	not_shortlisted	d141efee4040156717a8fd8bf34b3eb34d4a9037e29ff627576a36cae24f72ef
TCS-5349	Dimension-free regret for bounded-max-norm experts	Online algorithms, scheduling and packing	proposed_candidate	067660a53f0cfff83251999b6839db5a41cdb660db803ffcbc650842250ed73e
TCS-5358	Polynomial-time distribution-free PAC learning of DNF	Learning theory	not_shortlisted	ef507b816212aacadfb01923718ccc62455e9333fffaf4a9ad68bfe6b9ed30a0
TCS-5374	Degeneracy-sensitive classification of homomorphism counting	Parameterized complexity and algorithms	not_shortlisted	086bbda22bc8607489242031d9033bb37ed5fbf9dfca591225c49a505c7c3548
TCS-5395	Downward self-reducibility of integer factoring	Lattices and computational number theory	not_shortlisted	abb97d26ce737c2e671b785ba86ab573a46678c56fc642546582e1ad2a411578
TCS-5406	Optimization and certification in sparse random CSPs	Beyond worst-case and average-case analysis	not_shortlisted	5d1aff9a5701857bc1647ca30618f403fcb3c7e29b02ebf1256d3886bc5a1b01
TCS-5407	Optimal approximation for submodular maximization over a matroid	Approximation algorithms and inapproximability	not_shortlisted	7949ad38a26bcc9f456b18de93c6caf1b5db3680c22751efb4ab13028a6499e7
TCS-5422	Consequences of linear-time Orthogonal Vectors	Fine-grained complexity	not_shortlisted	bc319a599f817f1cc1f27e37f816b9b57883f6b7f65bf7db0e128672f50f22ee
TCS-5427	Characterizing multipass turnstile streaming	Distributed, parallel and sublinear algorithms	not_shortlisted	261a828d21dfebb92aefa7c824badf0c098c5d33ffbad67a6184b330c6be6569
TCS-5434	Nontrivial agnostic membership-query learning of \(\mathrm{ACC}^{0}\)	Learning theory	proposed_candidate	9219571fd58b92dc67b479cd0383d067d40973c148c53e87700f9a706d8ac73c
TCS-5442	Steiner Tree bidirected-cut integrality gap below two	Approximation algorithms and inapproximability	proposed_candidate	25e3bb0eedecf3f8d30ccd3564679ebb2c02422861ace754125cfbc47ad2722a
TCS-5443	Polynomial-time learning of Gaussian mixtures	Property testing and distribution learning	not_shortlisted	1609b8be4535556d69c3e0727eef0a1e80898a703746c1a72fae27bbbbb4e277
TCS-5494	Oracle complexity of stochastic approximate stationarity	Optimization and numerical computation	not_shortlisted	73db4b394593022eaad56e468a3ba9d3447ded2c72f8f0cc0bc4c8811a5bdce2
TCS-5520	Unconditional hardness of PosSLP	Algebraic computation	not_shortlisted	5d953d421df014638e2b61658763e8fe5c086b28035dca01550a51be2da0f06e
TCS-5544	d-to-1 versus Unique Games conjectures	Approximation algorithms and inapproximability	not_shortlisted	a20dad0dd1670ffcb73a343122612a1fafc4454fbe9a38d4dec5f13c30f56c51
TCS-5554	Subquadratic factor-three edit-distance approximation	Approximation algorithms and inapproximability	not_shortlisted	3bd3acfb34b0cc7204d9646aa6310f4e13fdf2e3a9e70fa192c3ee7868499d7d
TCS-5593	Black-Box Hypothesis	Computational complexity	not_shortlisted	7cb6027b5fb5bf1bf2bc2b4f364ca35b09b74ec76e39130983d33ae2aff75aa5
TCS-5603	Polynomial-time recognition of abelian cores	Automated reasoning, rewriting and unification	not_shortlisted	c2cb8fa58c21e0a8bc780579930195cf8ae67cc9c377c58d6df8d0f0685a3d12
TCS-5651	Recognizing good-for-games and good-for-MDP automata	Automata and formal languages	not_shortlisted	48bf27dc365b108b8318cb3127bf6911f60d620a146c3bd16e31fd9b3e164c64
TCS-5682	One-dimensional piecewise-affine reachability	Semantics, logic and verification	not_shortlisted	6f3ea4eab169fd8ba0c1a14287053d58289bde804cd13770792abb064cddb2fb
TCS-5705	Logarithmic adjacency labels for monotone graph classes	Algorithms	not_shortlisted	e26a2c64c60e6aab1d9ea2c98e16613bfc1f5857db60d01fee2f6e43c517fe47
TCS-5732	Regular separability of VASS reachability languages	Automata and formal languages	not_shortlisted	0cafffacbf405df0e9bd403714c7abb113126c6ffdd85eed78cbad89f620b508
TCS-5738	Recognizable separability of automatic relations	Automata and formal languages	not_shortlisted	b6a3036bff197dc8b1b06b4755d6cd09448631c5107bd3379644efaeff469b1f
TCS-5739	Collapse of rational recurrence systems to single recurrences	Algebraic computation	not_shortlisted	0908ac36dc3fd9e6dc52e78ed82be528bb65fd239a93e5d1bd8b1a977dac9922
TCS-5773	Skolem problem	Semantics, logic and verification	not_shortlisted	6eba599844a7cdef0c44ba3558d26a5dc4f18b6caa3789aa25f401d97c2a7f3b
TCS-5777	Monotone versus general spanning-tree polynomial circuits	Algebraic computation	proposed_candidate	6cb43956b16e2c1a5d4e7b8ec28069dd32dc1ab4f069c6796f1171b137de1361
TCS-5779	Constant-factor online contention resolution for matroids	Online algorithms, scheduling and packing	proposed_candidate	8463afacd24ba9455f555f06e6dbaa5824b7d1c5e2d585283807cc1f03a647c8
TCS-5787	Constant-factor approximation of graph crossing number	Approximation algorithms and inapproximability	not_shortlisted	64f768fff807376d76e1e57007c31f861b29c560cc8e372414e529d4b368832d
TCS-5793	Pseudorandom functions from hardness of learning	Cryptography	not_shortlisted	e378c33c00d0a2b29fc58410565fc7bbb71b30851f07b03130d15c004edd1da4
TCS-5795	One-pass semi-streaming depth-first search	Distributed, parallel and sublinear algorithms	not_shortlisted	8b1db03218464bec406128c0bf04c3cab9a2024a873fd5d6bf1e611350645086
TCS-5797	Linear scaling of local certificate size with verification radius	Distributed, parallel and sublinear algorithms	not_shortlisted	74a3525415db6d70d43f6e1b7a755b35f432465a8c2acddc77e3cc9ad458e371
TCS-5798	Pseudodeterministic construction of primes at every length	Pseudorandomness and derandomization	not_shortlisted	e46be307ff1219f3f6b21046ae230d439fd466c7b6a3e88547adc87bfb979385
TCS-5817	Computational interpretation of impredicativity with univalence	Semantics, logic and verification	not_shortlisted	0700f4f04a8cfce6e732831e260aea6ea790c38d5f2ea49b8ead2693ed1af755
TCS-5825	Superconstant word-RAM lower bounds for prefix-U1	Data structures	not_shortlisted	28145121ef6626f68ae898490784a660ea1e66ddcb82d35542bb68541bacc4e0
TCS-5847	Linear conditional-information bounds for VC learning	Learning theory	not_shortlisted	3ea18ad213f3f6e2e8d65ad0720d1ca2fe4a9415151f12036e2a3184b927627e
TCS-5851	Truly subcubic unweighted tree edit distance	String algorithms and computational biology	not_shortlisted	420b512daf2f807f8f850cf11db6faa313c69718f2f5ad0ce32e5ccb43ef4ed1
TCS-5863	Decidability of stochastic resolvability for \(\omega\)-automata	Automata and formal languages	proposed_candidate	66e98e5688e67d230cd72d01e78d7b7f81e1db176180fa69c49bd11e8d059437
TCS-5875	Hausdorff distance between semialgebraic sets	Geometry, topology and metric spaces	not_shortlisted	d61482abc761bca5dd98a1402afb6e5051710d050451c641b3f5efc9fb5aea4d
TCS-5892	Direct sums in randomized communication	Communication complexity and Boolean function analysis	not_shortlisted	ad723b53a474ab77ddc7f661fef107b68c98ebf2cc44b4f3e0c7d22eeb0758b7
TCS-5902	PAC learning of finite automata under the uniform distribution	Learning theory	not_shortlisted	6d5726cef96249ede2725a686aa06401df6ec01fc8ebe5529f98ca8ac9d5d55e
TCS-5904	Equivalence of discounted-sum automata	Automata and formal languages	not_shortlisted	869473f0c45d135652ed8b7de168557336d3f8f277eaa360529c98ea56bba2c1
TCS-5915	Constructive simplicial models with univalent universes	Semantics, logic and verification	not_shortlisted	c79c45fc38fc7b9189c53e3c489e0f4accd01a646c3baf945bd5160bcd5a110b
TCS-5921	Membership in \(2\times 2\) integer matrix semigroups	Algebraic computation	not_shortlisted	06fe7e07d710d0b4c1a27ec1a487c2e2391226a15f82bb2c84d468ddb50d84c5
TCS-5959	Complexity of the Game of Life limit set	Automata and formal languages	not_shortlisted	3414d13faf46aa30e114a2422302fce9423f50b120f7f1a94727a97767b32d31
TCS-5969	Complexity of planar 3-edge-colorability	Algorithms	not_shortlisted	41ba71dd1fe1fab118e618b72a8b6cd838eaff158902b8c19a0992589e6109f5
TCS-5975	Decidability of decisiveness in probabilistic transition systems	Semantics, logic and verification	not_shortlisted	d59fd403803f7d926c1899dfbafa99158e50e2d927cb0e05039734739bbbffff
TCS-5987	Decidability of weak bisimulation for normed BPA	Semantics, logic and verification	not_shortlisted	be8d7f4d4cb576e22aa000a5c3c8aa3e735d5c61fa5831b8c0572bc0db26587d
TCS-6006	Complexity of ARRIVAL	Computational complexity	not_shortlisted	67dc90c19ad4aae1d20c505292d388882ff39d9bd340303348a10e7cf9ddf4e4
TCS-6007	Explicit noncommutative circuit lower bounds	Algebraic computation	proposed_candidate	ccd05e187fd249dc752b183baaf9d8619747c1ae27f4c6a7f0fcbc1fe8381fac
TCS-6016	Satisfiability of weak MSO+U over infinite words	Automated reasoning, rewriting and unification	not_shortlisted	f4fd202a0d24842044cec51b5ce92390db45c233bd6a02100189c892aff9ed01
TCS-6025	Treewidth-dependent classification of subgraph isomorphism	Fine-grained complexity	not_shortlisted	0a7965675612252b1a808861eb6f6a29c62318fb3aa8e1af43e42cce2b0963b8
TCS-6036	Decidability of restricted elementary real functions	Semantics, logic and verification	not_shortlisted	c6f04bd79490a9339db60580a027c83e785425e81160cc98db9a904fc6b54450
TCS-6064	Characterizing cellular-automaton limit sets	Automata and formal languages	not_shortlisted	ec9c5c01b5cbd5715ab004121a2f509601c81e30e50def9dae547dc4aaf24d35
TCS-6078	Pinwheel Packing in NP	Online algorithms, scheduling and packing	not_shortlisted	6fffd08e0e4c97ccf85b5c9759b224d537a0eca3512aef7ce3846de75b2dca9e
TCS-6080	Linear-round weighted APSP in CONGEST	Distributed, parallel and sublinear algorithms	not_shortlisted	d5c161060ae041a29737ea38e1cf95ee52a60c7b8a96599024414cf3b27e24a0
TCS-6091	Exponential depth-three \(\mathrm{AC}^{0}\) lower bounds for E	Computational complexity	not_shortlisted	6a007177a349870a758393b424f59b79d021569ea5849bcd96f0d42daaa7dd21
TCS-6105	Computability of the Mandelbrot set	Computability and algorithmic information theory	not_shortlisted	594cf31ec8a6e872e870e61e0284756cc4881253fa5803aaeb35c4344bb79d8a
TCS-6112	Univalence, impredicativity and propositional resizing	Semantics, logic and verification	not_shortlisted	11b9674c1a647631dde3b464ecc4d09b62e8973321c1cf14141cf8182da7bb53
TCS-6125	Exponential LOCAL–CONGEST separation for bounded-degree LCLs	Distributed, parallel and sublinear algorithms	not_shortlisted	f6cd235342e38010a62f98d07374368604108a81e9946f5407ad327c9d588caa
TCS-6139	Subexponential derandomization of multipass randomized logspace	Computational complexity	not_shortlisted	740b5d9845cd583501f56e8e7476eb937a12ebc159443036c3c688f2d92cbd8a
TCS-6157	Determinacy and rewriting of regular path queries	Database theory and finite model theory	not_shortlisted	12b9e7b14e6460a6e4d20880beabda12e4764a57c41628721e0c5b37fff156eb
TCS-6158	Unique invariant measures versus cellular-automaton ergodicity	Automata and formal languages	not_shortlisted	6319acb6836ba022b0751013137cb65daad4781f6154d355b40b41de889c6a8f
TCS-6168	Does NP-hardness of MCSP imply circuit lower bounds for EXP?	Computational complexity	not_shortlisted	5feb1ab0c2f44375e024981f3dce215235947bad60a8a506c802d018f27b86c3
TCS-6173	Three disjoint directed shortest paths	Algorithms	not_shortlisted	7c6e0fcfe03d2d71635cff1a331145f7b3f7d96f02687b9a285b126b0ff14da8
TCS-6198	Majority hardness of balanced functions	Communication complexity and Boolean function analysis	proposed_candidate	fdb839cd3dcfbd1cbe2021a6ec84d9d92876cf020d6fca1afeef4c131df06497
TCS-6199	Decidability of contractibility for finite two-dimensional complexes	Geometry, topology and metric spaces	not_shortlisted	deaf5ede1c36ce7fa8396232fbafce7c28aa576ef02f7920e43bd1e4b2928be9
TCS-6206	Clique detection in CONGEST	Distributed, parallel and sublinear algorithms	not_shortlisted	3e11d3693cedb437557cb02a2bf1347dc3ba0048137f38b880470980dfd4fe25
TCS-6245	Exponential witness bounds for three-dimensional VAS	Semantics, logic and verification	not_shortlisted	cfc9c72b8fade923d0c8e5adcec1ef4011a13f89f8f45a6339fd9c35d76878f8
TCS-6251	Polynomial-time independent set under a forbidden forest	Algorithms	not_shortlisted	6343f20b0ad18dddfe7e2c8ab2da88b37790380829c9d26b740363c2f4a5a45c
TCS-6270	Near-linear-query reconstruction of bounded-degree graphs	Algorithms	not_shortlisted	4a2186616e0c169e692aff302ea2adc1d9d1e75a345302de7e98aeec980667b1
TCS-6285	Closure of UL under complement	Computational complexity	not_shortlisted	cb1529399bd34120d6c47cfde8c6a67f7c672e389ef7de4ed47968c191e096bf
TCS-6309	Constant-factor approximation for capacitated k-Median	Approximation algorithms and inapproximability	not_shortlisted	53702c133a78a1141f71e8719ef357c20e989704c159d4b29291755f088e286b
TCS-6359	Decidability and completeness of concurrent Kleene algebra	Semantics, logic and verification	not_shortlisted	bf5d6d0c620807ee4d2695908a9154d655cfc45b80a40da000db2f6db2f8f890
TCS-6372	Cai–Fürer–Immerman definability in choiceless polynomial time	Database theory and finite model theory	not_shortlisted	adf31cd935fc641f67c2f50063ee78d44ad38e7032e2e9b5b7048daae7afbadb
TCS-6379	Polynomial kernels for Directed Feedback Vertex Set	Parameterized complexity and algorithms	not_shortlisted	e7c0fa74b18a490f4673e1f8e0e9210a9b126067d83b4e91f6545ce1c9fdd39c
TCS-6380	Load-optimal parallel natural joins	Distributed, parallel and sublinear algorithms	not_shortlisted	89dc1be2c077e3b6c511838d7ea6e2a37eebe7872a5861d82d4a5a7fbbf1e540
TCS-6401	Finiteness of automaton semigroups	Algebraic computation	not_shortlisted	b4870a2049cda7692e4288229122ab2f6bba5f0820547c53af7038ebaae5967a
TCS-6418	Simultaneously time- and message-optimal distributed MST	Distributed, parallel and sublinear algorithms	proposed_candidate	ab011bbef469ffd24a183866da0ad987ed76d947edcbc615a04d6c98416d4179
TCS-6421	Isomorphism dichotomy for finitely forbidden hereditary classes	Algorithms	not_shortlisted	fd2786107a3ae66ce0d6aaddc59fc39d854371133be094500ef4200cb6e5301c
TCS-6433	Polynomial-time Győri–Lovász partitions	Algorithms	proposed_candidate	81bba61879305180b9774af24eebbf24be44e2f8aa3f3ad7d5f6ad5d81f68989
TCS-6446	Quantum PCP conjecture	Quantum computation and information	not_shortlisted	79d1e8d83049e87b1fe18aa74b779a9e5d73c0432f14f69467ba711acefdcf26
TCS-6447	Strong quantum IOPs with polynomial communication	Quantum computation and information	not_shortlisted	131e9c94375bd1f3325de9d19861c369759be02a6f95267df57c3a14754d884e
TCS-6448	QMA versus QCMA	Quantum computation and information	not_shortlisted	aaf1509468670524029e3432853b81e2f217531a9643c70b3c942be27a36fc0f
TCS-6449	Quantum versus classical nonuniform advice	Quantum computation and information	not_shortlisted	6c39034d0e305be686b73cff2ddc79f0848b62822ac1caa850afa6ce94cf614a
TCS-6450	Polynomial relation between classical and quantum communication	Communication complexity and Boolean function analysis	not_shortlisted	c938c7798cc7ad60038635104fa1ac3b1293769fde2dc888207550c90d884d91
TCS-6453	Infinitely-often one-way functions from average-case NP hardness	Beyond worst-case and average-case analysis	not_shortlisted	5dc4c5d13826f1643e95bdf9b9263f8361aba1f214310a4fbd98698261284a1b
TCS-6454	Low-noise LPN hardness from Nearest Codeword hardness	Cryptography	not_shortlisted	25b6a58e40f2e77fdca9fc347143ef7fa5a432681e5c0c1980482eff04288ff0
TCS-6455	Doubly efficient \(\mathrm{IP} = \mathrm{PSPACE}\) for the full time range	Computational complexity	not_shortlisted	3b26d6a8c175f0519ae433b85392335e03886c5eeefdecdb7c3333cc19cda6f8
TCS-6459	Entanglement without distillable secret key	Quantum computation and information	not_shortlisted	8eae4ee84e9135df0081c9baefb626c368d9ca93dfabc1e8c8a75b36176df9dc
TCS-6466	Polynomial tour complexity of BKZ	Lattices and computational number theory	proposed_candidate	eb563329042a7860c8422972eca08ed286ee96de57441e490a64ef8233cc596f
TCS-6477	Deterministic subquadratic dynamic s–t reachability	Dynamic algorithms	not_shortlisted	1aa33d9f50e9cd19f76dc7c188b249d684f64865030b76bb025841875709d127
TCS-6481	Complexity of bosonic quantum computation	Quantum computation and information	not_shortlisted	2be7fde165d32cf2d9752e3d7eb4b0925171b2a1ab5df028026bf0f10c23471b
TCS-6483	Superlinear randomized query lower bounds for submodular minimization	Optimization and numerical computation	not_shortlisted	68dd61deeb7ce69c478379d5102e9515f6bff80511fe7021c4a178040a4fe9be
TCS-6493	Complexity of tensor orbit-closure intersection	Algebraic computation	not_shortlisted	bb86be5efcf0b823140d6eda262b1ff41e5551b20d24f456da2223a71147559a
TCS-6498	Dynamic optimality conjecture	Data structures	not_shortlisted	b56448924af4a04dc57f52350ac95c44c926b16e596a55161607fd7e81c4e4f9
TCS-6499	Sublogarithmic distributed MIS	Distributed, parallel and sublinear algorithms	not_shortlisted	3d4c59288e8d5c2d83d27ae53be62bcdc62cec8978f8154a2b3a6d184bc2bc29
TCS-6500	Erdős girth conjecture	Structural graph theory and graph algorithms	not_shortlisted	09a9034ccdec79359c2565f57c2100dfa164c8cc307d5b36a26be51e3c96aac3
TCS-6501	Constant-round MIS in the congested clique	Distributed, parallel and sublinear algorithms	not_shortlisted	4d675cce05b9ec69e6b9de7875cb046971774fd78fa8800468a6f9c00b59b61d
TCS-6503	Online matrix–vector multiplication conjecture	Fine-grained complexity	not_shortlisted	8a01613ce51b0f7e3e949a901dd717be3b22c6afc86c0b86e0645327a2fe6f66
TCS-6504	Perfect matching in NC	Distributed, parallel and sublinear algorithms	not_shortlisted	41f17bc34caa145e326716547b44828c07100765d9b638cd4e95a08c77bde340
TCS-6505	One-cycle versus two-cycles conjecture	Distributed, parallel and sublinear algorithms	not_shortlisted	e86d377b60a20aa2e48b546ce08bf823eca9ed2768f7cb6e7630413fa5e2c4e8
TCS-6506	Deterministic LOCAL MIS in \(O(\log  n)\) rounds	Distributed, parallel and sublinear algorithms	not_shortlisted	a107b9d112851918e9692168373e2235874adb500ced35659938a576d7e14ac0
TCS-6507	Work-efficient parallel directed reachability	Distributed, parallel and sublinear algorithms	not_shortlisted	8ab4c93b3e82bde40067a6027257a54cf6e96b1689d2030add6b80f6f1f56c1d
TCS-6508	Deque conjecture	Data structures	not_shortlisted	ef716586640bc4586067a1e2d7d0b3700e4ad9285d554f66e4e41ceb1f01bc7e
TCS-6510	Truly subcubic APSP	Fine-grained complexity	not_shortlisted	ac58922fd3e4c37bdac9247ce7bf07b8c2f51c024d52759a7bc93cd374918d7b
TCS-6511	Deterministic Exact Matching	Structural graph theory and graph algorithms	not_shortlisted	3827bbc85aa830a19d80b0ba90be236488e2478f872dea78b9cc798b02388da8
TCS-6513	Constant-factor approximation of the smallest grammar	String algorithms and computational biology	not_shortlisted	641195b6c3e2cb86842533ae4acb52054f11158d47e3181b822b22d35e5179b1
TCS-6515	Asymptotically good quantum locally testable stabilizer codes	Quantum computation and information	not_shortlisted	fe7ad9ac08a7a3637fd5e5ed9c777d1dbf119ac32c23ff12e82290a52c292137
TCS-6516	Area law for gapped two-dimensional Hamiltonians	Quantum computation and information	not_shortlisted	8fc2f5e53a6a431547aad244d29c84cbea1386e480ad4b01591dd759cbc8db81
TCS-6517	Passive quantum memory in three dimensions	Quantum computation and information	not_shortlisted	c0f45df026f64db8e2172cd2ab31f6aff7894c8c0d2f24bf05558f2ce499d2ba
TCS-6518	NPT bound entanglement	Quantum computation and information	not_shortlisted	6dffcca628b6128fd07da1d88b685aa26eff1e51eea069497d04837d4defa1a2
TCS-6519	Quantum capacity of the qubit depolarizing channel	Quantum computation and information	not_shortlisted	b89997224f3f8ca16d3eae35542a8d79c52dde0afc5b526748eb45ef677e5584
TCS-6520	Computability of quantum channel capacity	Quantum computation and information	not_shortlisted	2267da06234e2409e9f34ecff3e861ccaf4669a7fc3b714b738e11b63e849996
TCS-6521	Dihedral hidden subgroup problem in BQP	Quantum computation and information	not_shortlisted	7bbf8093914ed72b2adab47db76433ebfbbc5b63be074570a4a17dbec931be4c
TCS-6522	Graph isomorphism in BQP	Quantum computation and information	not_shortlisted	5169a3bb969e7ca8a80c1cbd401c47e3bf542e551ed99c42ad7a71351a55403d
TCS-6523	Kannan–Lovász–Simonovits conjecture	Geometry, topology and metric spaces	not_shortlisted	cbdb2af25407293fe4c34133ab4f145ee88ddfd5527b39ec788040f43b85dc9a
TCS-6524	Lang–Plaut problem	Geometry, topology and metric spaces	not_shortlisted	af38870baebe9295a1726cb35833d2bfd7a570976f87d38ad82a992d0a42d88a
TCS-6525	Gupta–Newman–Rabinovich–Sinclair conjecture	Geometry, topology and metric spaces	not_shortlisted	222ae89d534f382aff416e6401a6ba919bbc5aae3fdfcddd6141dfbea1eca6c0
TCS-6526	Optimal size of weak \(\varepsilon\)-nets for convex ranges	Geometry, topology and metric spaces	not_shortlisted	9dbbe965601fd16f59c4fed22b8e8e5e3203ba6058b2e0da4931cec89f4714c0
TCS-6527	Constant-distortion Steiner point removal	Geometry, topology and metric spaces	not_shortlisted	b4e9de7bcf0012c98489df6a5c2b2ed401f5808c12888dd6bcbc960b157e6bf0
TCS-6528	Unknot recognition in polynomial time	Geometry, topology and metric spaces	not_shortlisted	1694e5cdb0cb7488ccccbeb03907b5abbc8ef821a019373815384cc9cdaea92f
TCS-6529	Optimal \(\ell\)\(_{1}\) distortion of planar Earth Mover Distance	Geometry, topology and metric spaces	not_shortlisted	9b6f84f69057ab015b9f70e7760b8d012f5edd9a33581174779bdff15f79f071
TCS-6530	P versus PSPACE	Computational complexity	not_shortlisted	d5c3a4e4d6e40a421ec39165f3f323ae01723271dd2f10abace6fb29e464c6d1
TCS-6531	L versus P	Computational complexity	not_shortlisted	c1547328d2ca48c5793ef894cc32002e40ea48b168fdcd10fac759f8742f4218
TCS-6532	Strictness of the polynomial hierarchy	Computational complexity	not_shortlisted	37cbfc4caa1d71569e83c6222c40c2b43bdc676aabfbe139f80ce0b14251e185
TCS-6533	NL versus UL	Computational complexity	not_shortlisted	d255985c0f6607107c0e3af3b13143027e2ee8de3d40c530a18a25286d4b5c19
TCS-6534	Berman–Hartmanis conjecture	Computational complexity	not_shortlisted	a41a6c3eb78cffbf325422b8d58e25b46e94bab7b286ed34bf356d0ca87a0b1f
TCS-6535	Nonuniform \(\mathrm{TC}^{0}\) versus \(\mathrm{NC}^{1}\)	Computational complexity	not_shortlisted	2c5be7cce5bad7b4bd795c3d6031187b04a05520cd1198ac33babf54a02308e6
TCS-6536	Deterministic linear-time minimum spanning tree	Structural graph theory and graph algorithms	not_shortlisted	a37cc42fdd9a9e73e8dc7fd28278eee73eb3266eca692c114d15c6fa21593c35
TCS-6537	Expected linear-time integer sorting for every word length	Algorithms	not_shortlisted	d9a1329d3501f78b4e524270f94e707047ba9634dce0bb7f3ae442893359f1ba
TCS-6538	Almost-linear-time exact maximum matching in general graphs	Structural graph theory and graph algorithms	not_shortlisted	ec6a7c9a4182da2ec1bc79953bedcdcaca4ecd072c0378a36624fd2ccedefbd7
TCS-6539	Almost-linear triangle detection	Structural graph theory and graph algorithms	not_shortlisted	0d0de39f5eafc225ffd51ef18e3377ded6f8d48957e2486e92a43ea80d2d5efb
TCS-6540	Superlogarithmic static cell-probe lower bounds	Data structures	not_shortlisted	09a6cd7764896af93ba61622d04d6cc56d1a95bd798ff6272583736ba3ec0461
TCS-6541	Linear-size sample compression	Learning theory	not_shortlisted	55bb5ede888adcf15835638fb0741001f6587a7025251a1607affc38e3f9f082
TCS-6542	Learning parity with noise in polynomial time	Learning theory	not_shortlisted	23a980b19523b7481440934f8c472397cb00dd760869ba02aaebe27ff626894e
TCS-6543	Learning Boolean juntas from uniform random examples	Learning theory	not_shortlisted	2713246250bf43e82e5ee2b1e2b43764475f8e6c0be795d9f8ca023fa7fa3f4d
TCS-6544	Distribution-free learning of intersections of two halfspaces	Learning theory	not_shortlisted	45ffdedf76048512f40ae8077b0373204c0deb5e74c14bd718780a1b4af8f3c4
TCS-6545	Public-key encryption from one-way functions	Cryptography	not_shortlisted	883112b007232dc585dd8ba463da6d42d40050b9a648e089af7ad1262370e940
TCS-6546	One-way permutations from one-way functions	Cryptography	not_shortlisted	175d6eb28739b177843e514fa72e7bac6d8637f4dd40c459392658ee8ffcbcaa
TCS-6547	Collision-resistant hashing from one-way functions	Cryptography	not_shortlisted	ae2ed40583d489278225d5e71331015b46c1ad5c92aa4c982b371e86f5bb7db2
TCS-6548	Chosen-ciphertext security from ordinary public-key encryption	Cryptography	not_shortlisted	3adf990dbc0710224344de349fbca8394bb1af4b0bb0fc426242d1f76cab624b
TCS-6549	Oblivious transfer from public-key encryption	Cryptography	not_shortlisted	3b90c1398b1d64a96d0473c2d4e27fce673d818b00850d7efcc588dd6b65dfd9
TCS-6550	Circuit obfuscation from polynomial-hard LWE	Cryptography	not_shortlisted	663ecfd1c83b64804b55c8600a0160c976ad4934408f6c6506d38794e2430f9f
TCS-6551	Unleveled fully homomorphic encryption from LWE alone	Cryptography	not_shortlisted	28c77ddf7d34358a71c1c86ae6e8cf9ee42ffb33629a4701d8c2b720799450a1
TCS-6552	Noninteractive zero knowledge from one-way functions	Cryptography	not_shortlisted	6b807cd482765f4f65ed976a1c4579a4e9e32c4a37c3232653aa721f480149ab
TCS-6553	P versus NC	Distributed, parallel and sublinear algorithms	not_shortlisted	60e80030fdd7108a3e382a4116346b7cd61f795b90b8c057d384ca2878bf129d
TCS-6554	Distributed Lovász Local Lemma in \(O(\log  \log  n)\) rounds	Distributed, parallel and sublinear algorithms	not_shortlisted	e6a57c27b9d08179594f2be46fbfc9d4ae88afd0327ea7f6dcd4d8182936a2dd
TCS-6555	Optimal exact single-source shortest paths in CONGEST	Distributed, parallel and sublinear algorithms	not_shortlisted	ddc5888dccf27beae436c94b30cedab9870f2d60ee403119325ec2e868035b80
TCS-6556	Directed reachability with nearly linear memory and polylogarithmic passes	Distributed, parallel and sublinear algorithms	not_shortlisted	b1a6ff1c41442f3668842f7271c370995b1094c383e7ea47ade424853a6bd7c3
TCS-6557	Explicit superconstant lower bounds in the congested clique	Distributed, parallel and sublinear algorithms	not_shortlisted	dca0f5b91d61f06ae65373c5fff7f6f7ac84a6a16833a6b77eaea11c4a9fc4ec
TCS-6558	Maximum reset threshold of synchronizing automata	Automata and formal languages	not_shortlisted	f6751541d17501f13c20ae039af0947cbf4e643b955f76394bdcfab679e03aa1
TCS-6559	Generalized star-height problem	Automata and formal languages	not_shortlisted	3999fb41f2bf14dc42ef937c2076132a9ee98bfe3cd0ba14c2216f2f2ee392f3
TCS-6560	Sakoda–Sipser problem	Automata and formal languages	not_shortlisted	a1b4e504a3c1374cd45608b3c294d409ab71ef344f24c1ff23550cc5617226e5
TCS-6561	Decidability of every level of the dot-depth hierarchy	Automata and formal languages	not_shortlisted	4abf929eed866d908842c8d6a5a648382ca3e07bf8c455fe3c0093109c7c78d2
TCS-6562	Word equations with linear length constraints	Automated reasoning, rewriting and unification	not_shortlisted	2e576fe983b9f4bb42683062e1b9be9d447937b80a1bca07d28b1627f864f8f3
TCS-6563	Equivalence of deterministic macro tree transducers	Automata and formal languages	not_shortlisted	138f226b29df9b4ae1c10d0e59679a9428e243c40a49d28516d614c9657c17dc
TCS-6564	First-order definability of regular tree languages	Automata and formal languages	not_shortlisted	d4cefe5645baa0bfa102e054a8e2e00d24f7ba62e10858ed7e0bbb8df05a26de
TCS-6565	Positivity problem for linear recurrences	Semantics, logic and verification	not_shortlisted	f85d8a0fe814bf28339cc97b4be050db2a93815d2672e2b5c76611ed2dfa04b8
TCS-6566	Continuous Skolem problem	Semantics, logic and verification	not_shortlisted	da28e5b84ab2abd35c31b034cf2dd9f43b49cdc14522568935aae84466f91f47
TCS-6567	Simple stochastic games in polynomial time	Semantics, logic and verification	not_shortlisted	5679b7dc1f6dc1ebb2181f2c7d8bd49ada8abcbf93ecc05fc639a730e4176353
TCS-6568	Mean-payoff games in polynomial time	Semantics, logic and verification	not_shortlisted	fc591871cd05cc4634ee7a371402ff6e3b9c55fb387617a13142a7010d44a3b3
TCS-6569	Internal semisimplicial types in ordinary HoTT	Semantics, logic and verification	not_shortlisted	b371d3d704588470589e05bfc7e5433c2dab383e9d526d5eb7c94a045f61e0db
TCS-6570	Scott-continuous lambda models with theory \(\lambda \beta\)	Semantics, logic and verification	not_shortlisted	5bfb36df5c06a93e4f7e9caf64128f216a85937e8b6742bf463e6cf0c88b8f1d
TCS-6571	Hilbert’s tenth problem over the rationals	Lattices and computational number theory	not_shortlisted	18654373d8156c0e8c8cb81b88d9fec688f470cbe406992278f926455c09df4d
TCS-6572	Polynomial-time simplex pivot rule	Optimization and numerical computation	not_shortlisted	ef0d903ad5d24e4de28cb0d5122bd183c06928f90a3799f54af7fc3d8c05fa85
TCS-6573	Polynomial Hirsch conjecture	Geometry, topology and metric spaces	not_shortlisted	d7ae5a29f5dd397b106eac02b1ff4a0149dc787e7efba5ba48bc84d0df49780c
TCS-6574	Exact semidefinite feasibility in polynomial time	Optimization and numerical computation	not_shortlisted	ac7dc0165715a645d74e586afbe2ead55383fc4c422d5131bceb38691631efb4
TCS-6575	Deterministic competitiveness of k-server	Online algorithms, scheduling and packing	not_shortlisted	869d9e8abeb3f7f1f3fd0494032635e15169157ed97e8aa783b7f06bf34eca5d
TCS-6576	Optimal competitive ratio for convex body chasing	Online algorithms, scheduling and packing	not_shortlisted	64b074c99651f686c609e29635edd7659dcb20689b2e8c2be1d13217a0e715dc
TCS-6577	Minimax dimension dependence in bandit convex optimization	Online algorithms, scheduling and packing	not_shortlisted	7c3c51b2c35e95ffd861cd4d4514b63abb452c8e6b03a962324d34a7c3c88b69
TCS-6578	Smale’s seventh problem	Optimization and numerical computation	not_shortlisted	10b1467210af0f813cc73dbe49179e23ee9c9b60c4282164cfda55fac1408cb3
TCS-6580	Information-theoretic classical verification of quantum computation	Quantum computation and information	not_shortlisted	0b881d64ac7d215c9dcdb2bb2ced837e273634f8d459e780893d4030561a2c89
TCS-6581	Mansour’s conjecture	Communication complexity and Boolean function analysis	not_shortlisted	edd5dfe43a295143dc377b96e252bea75ed44bb136aaa0c12c20e6d9c40a5a76
TCS-6582	Equivalence of deterministic higher-order recursion schemes	Automata and formal languages	not_shortlisted	96fdb4fba6b7763fb73b90cee76e54917760e9ab9f15c882d13e1e86fa5fe379
TCS-6583	Barendregt–Geuvers–Klop conjecture	Semantics, logic and verification	not_shortlisted	3e2aa7798ea1a9f78b23555a495f3ec8976e8c854a2c0bf507fa0afafc808db0
TCS-6584	Li–Li conjecture	Coding and information theory	not_shortlisted	a0185739b996b48b50ebb4f81ac7990ff1e89e58b0c28d7f4b560363097d04e2
TCS-6585	Nearly linear-time solution of general sparse linear systems	Optimization and numerical computation	not_shortlisted	e31116e7951fce5a2d616676349634165e5f4faa6b88db7f954775c53f4a4d87
TCS-6586	Deterministic linear-time static dictionaries	Data structures	not_shortlisted	0cad7c250399ea73a01cc3eeb214924819212ea2ed85bb44a3fbb44e1ac051d0
TCS-6587	Constant-factor approximation for Densest k-Subgraph	Approximation algorithms and inapproximability	not_shortlisted	408580890820772249a98ab210605295a6bc1fdd38b87f119041c5cff116b0fe
TCS-6588	Polylogarithmic approximation for Directed Steiner Tree	Approximation algorithms and inapproximability	not_shortlisted	be93c5d433878475b7ccb1a95aa1db719244bc1fd26c78dacbe0e8de9bdc5747
TCS-6589	Subtour-LP integrality gap for metric TSP	Approximation algorithms and inapproximability	not_shortlisted	6d22b55788f624a5955d662d7c2da66615f19fd021e307376be4a8257f61fe01
TCS-6590	Subtour-LP integrality gap for asymmetric TSP	Approximation algorithms and inapproximability	not_shortlisted	3fdc8af5072b0eb94412ef1ad90203e3b58081191426c885308f5c922d83c6cc
TCS-6591	Constant-factor approximation for Directed Feedback Vertex Set	Approximation algorithms and inapproximability	not_shortlisted	070a0aca68fd7638506f394281bc38c426e3a62dec3d60d3a3cce0f7e86d25bf
TCS-6592	FPT versus \(\mathrm{W}[1]\)	Parameterized complexity and algorithms	not_shortlisted	419ae442efbd0a5c56e7ee647dfc9ac81dc1dae09e29a6adf041336107c5fdc3
TCS-6593	Exponential Time Hypothesis	Parameterized complexity and algorithms	not_shortlisted	25ad844a07e50072d8009cecc2220a1378b15962bb7c7a779caff37fdb7194b6
TCS-6594	Set Cover Conjecture	Parameterized complexity and algorithms	not_shortlisted	91b2f9dab70f13a4faaef457118aa421c1278c9b922390e37a83f3c56e72262b
TCS-6595	Strong Exponential Time Hypothesis	Fine-grained complexity	not_shortlisted	edfac31d71d378ca2b429784a61192773aaed37b20a64a1ca084856d2e875fc1
TCS-6596	Orthogonal Vectors Hypothesis	Fine-grained complexity	not_shortlisted	bf99ffb29f74d153b4374ee368b4bfeb279799559d7d35ce0287c40a1b4e64f0
TCS-6597	Algebraic k-Clique Hypothesis	Fine-grained complexity	not_shortlisted	38ba5311ac2bf7dedc0b2d74758beebd17b3337f05b2ae7fc17f3fd8a97ecd30
TCS-6598	Min-Plus Convolution Hypothesis	Fine-grained complexity	not_shortlisted	76302887698dc8c590bcc159b76730d0a541ab0de5e7071d5e7a6ca012d9bcb3
TCS-6599	Hitting Set Conjecture	Fine-grained complexity	not_shortlisted	fc70afbb1a25511cad02001ebc3f410b21dc14a90a782b20deedb15582afe80e
TCS-6600	Optimal explicit pseudorandom generators for read-once branching programs	Pseudorandomness and derandomization	not_shortlisted	ed02258b44124b21204ddf87631ba39add2d0335f08d375940f0b1568b09ce0c
TCS-6601	Superpolynomial Extended Frege lower bounds	Proof complexity	not_shortlisted	e61bf665afb9119af71495c28be42a8fadb2f9ce0b43e085e76768443af9eceb
TCS-6602	Superpolynomial \(\mathrm{AC}^{0}[p]\)-Frege lower bounds	Proof complexity	not_shortlisted	7c914248cbeae2cb470c79c103fa90bf96a92568485912c083ca12973d6cf7e5
TCS-6603	Log-rank conjecture	Communication complexity and Boolean function analysis	not_shortlisted	028a5d9e89084bed4bcd07d9283ccb56291377d040683b1b514fc8e025eef3c7
TCS-6604	Fourier Entropy–Influence conjecture	Communication complexity and Boolean function analysis	not_shortlisted	8c203ec4c3eb441ba276117f5aec2acc38ae32dccb5d91410a58905ecd7f52cf
TCS-6605	Aaronson–Ambainis conjecture	Communication complexity and Boolean function analysis	not_shortlisted	8d41116d6fac0baee50e0e4bb8895a7468cad2a55266725949e43d1c1956ec5e
TCS-6606	Capacity of the two-user Gaussian interference channel	Coding and information theory	not_shortlisted	09af1c3e60e95e58191ea134c2fff679ba1235ad053525c4ebdafc41154b2d34
TCS-6607	Capacity of the binary deletion channel	Coding and information theory	not_shortlisted	832b16aeb8ae0621e8c34b44a9c188d30ef5f6ca7dba0ea697fc9d83dcd56e18
TCS-6608	Decidability of unconditional Shannon information inequalities	Coding and information theory	not_shortlisted	1053ccd0720b27fbed2efb5ee2283865dff3e2e95f12e545a3a22a342407788e
TCS-6609	Constant-rate binary locally decodable codes with logarithmic query complexity	Coding and information theory	not_shortlisted	c0211160b1e305cbf4457aa9fb1a60c0a0d6b290d2eaccdde690c2963ac88f74
TCS-6610	Shannon capacity of \(C_{7}\)	Coding and information theory	not_shortlisted	f93f107099967e4a48a9c5eff4207eddd6cb10415c8493612b5f016454b83269
TCS-6611	Permanent versus determinant	Algebraic computation	not_shortlisted	7691a763a0be06f658f104bc5cbdef7b9540b8b4aca5bf645e9e1493c4b260e7
TCS-6612	VP versus VBP over the complex numbers	Algebraic computation	not_shortlisted	10058645e9f962c8ed0706c8532b78c814babdb75533b989bed12ec7370ff0ab
TCS-6613	Polynomial-size arithmetic formulas for the determinant	Algebraic computation	not_shortlisted	dc8a520718182f4d77c568452a6e5d3a9e0114db7b18dbb118ee0e0d0796d7eb
TCS-6614	Deterministic polynomial-time factorization over finite fields	Algebraic computation	not_shortlisted	de6fb119331ba78613ffea9686e992a5127fed5838cb606b9ab141b5f44554e3
TCS-6615	Polynomial-time finite-group isomorphism in the Cayley-table model	Algebraic computation	not_shortlisted	21bae55e95889b2f980b95998a31815296478b52e453f6b8a037b1b78a0ba52e
TCS-6616	Breaking the \(2^{n}\) barrier for exact permanent computation	Algebraic computation	not_shortlisted	15cbb17e417600e1374109a47f8707c7d135edc236a61f2f8a7956732ecc1d40
TCS-6617	Integer factorization in randomized polynomial time	Lattices and computational number theory	not_shortlisted	1920f1e2739bda55932a72d8492f5bb746a016457c6f12372d31074c4cb1d258
TCS-6618	Prime-field discrete logarithms in randomized polynomial time	Lattices and computational number theory	not_shortlisted	274ad1ec58b6ca23094f445827a0f9c8ac865d23c962eab986871554f5c0392a
TCS-6619	Exact Euclidean SVP in single-exponential time and polynomial space	Lattices and computational number theory	not_shortlisted	39494a6e773152098b8f0ea25f21499424d5d927806e9ea5d78bc6104d7f5f61
TCS-6620	Vinogradov’s least quadratic nonresidue conjecture	Lattices and computational number theory	not_shortlisted	c46dbc7c52f8f7bd25b3ba9040c267db3b4d66e57b08ed72cf5041d861b01bce
TCS-6621	Rapid mixing of Glauber dynamics with \(\Delta +2\) colours	Sampling, Markov chains and mixing times	not_shortlisted	b5f6cb56aae1d9e6cece8b37f6bd21d5afff5bd8073598b6218454f89a42a1f4
TCS-6622	Kannan–Tetali–Vempala conjecture	Sampling, Markov chains and mixing times	not_shortlisted	d20f0f488c020daf5cbb2be91e3502fc51b8ee51e6ab1645f8d3eba4e17b0e0a
TCS-6623	Worst-case sample complexity of trace reconstruction	String algorithms and computational biology	not_shortlisted	1fdde69fa32fb49d9989cf7fd5dc533db806114170097d6a10f1995d06aa975e
TCS-6624	Constant-factor edit-distance approximation in \(O(n \operatorname{polylog} n)\) time	String algorithms and computational biology	not_shortlisted	b925ce2b0021d35b772435089b02cde613298dfe85304543daeaa2d1ef050ad6
TCS-6625	Deterministic fully dynamic connectivity with polylogarithmic worst-case updates	Dynamic algorithms	not_shortlisted	2c367cdb8c631835a2f1c61df21e9e2bc9da3783d1d1dbac6b324c7c501b2552
TCS-6626	Polylogarithmic worst-case updates for exact dynamic minimum spanning forests	Dynamic algorithms	not_shortlisted	ca9678dad00b21769acca59c1c48f37379e5de6ee0a4b5f82f114852c530d8d6
TCS-6627	Fully dynamic near-optimal matching with polylogarithmic updates	Dynamic algorithms	not_shortlisted	0229f4bc1ddfc057a4c0937ff96550c163bf817d60698ae96bc49d0fd276e08e
TCS-6628	FPRAS for counting perfect matchings	Counting and enumeration	not_shortlisted	9b31e37e1678d55f979aa06575cd857f85a94de6fca3d3a162a618808e604f08
TCS-6629	Deterministic FPTAS for the nonnegative permanent	Counting and enumeration	not_shortlisted	aac03b6ba3fe50cd7a335c47125bdadf1f88ff3555ee93b17c5a6a862e8c5a83
TCS-6630	Effective classification of polynomially testable hereditary graph properties	Property testing and distribution learning	not_shortlisted	b548826ddd3cdca7ebddc377f50b5a929ee578e6a4089d27e7a0fdab04a854f5
TCS-6632	Constant-factor universally truthful auctions for submodular bidders	Game theory, social choice and fair division	not_shortlisted	05e2a06f1f7f49cf3301c85192aa3608f6debd61ad074e1334d8683b83779384
TCS-6633	Polynomial query complexity of exact envy-free cake cutting	Game theory, social choice and fair division	not_shortlisted	04a3057d1e054b03c0756f2b0870abc6de15afeb9ab0df5f2c9884c7071fa532
TCS-6634	Randomized metric distortion in social choice	Game theory, social choice and fair division	not_shortlisted	64a4c652ce665f0d80117e306ddded7859c52801e54f9b252fccf393076883b4
TCS-6635	Finite-domain promise CSP dichotomy	Constraint satisfaction	not_shortlisted	630080d85ba14defe79a504b9ab39b4a2851475ce6b821c95a50616e70293192
TCS-6636	Bodirsky–Pinsker conjecture	Constraint satisfaction	not_shortlisted	748bf7e408d41052cbbd03cc9e8964332e59e7705b4a0a7c8d32816ade2a5837
TCS-6637	Constant-colour polynomial-time colouring of 3-colourable graphs	Constraint satisfaction	not_shortlisted	29f7b18735a5319769f74edc13547c8ebcfe1172abcf7df4a9f91b1c8d3b8504
TCS-6638	Optimal approximation ratio for unrelated-machine makespan	Online algorithms, scheduling and packing	not_shortlisted	782f1f1cf9bdcf059b433c8d56ca02148b526e8355667a8e4aa803f99200fdf1
TCS-6639	Constant-factor approximation for Santa Claus	Game theory, social choice and fair division	not_shortlisted	5e330dbaf8284825572f572baf82cde360d75165e57abda10f74129d3ab9c497
TCS-6640	Constant additive error for one-dimensional bin packing	Online algorithms, scheduling and packing	not_shortlisted	8b8dce0c2d27623797b18c279e0b487b38e12099d49c50ead097c2b48486f35d
TCS-6641	Word problem for one-relation monoids	Algebraic computation	not_shortlisted	98c09b3dce3a7f51737ea6b6a4da5df264ad2a16c70e18382cb694a30ab8f1a0
TCS-6642	Conjugacy problem for one-relator groups	Algebraic computation	not_shortlisted	826dfd772b6b29693a47f3f595977c948fdf7892ebf44bd577e58ca41c53a2f4
TCS-6643	Decidability of unification in the basic modal logic K	Automated reasoning, rewriting and unification	not_shortlisted	f457b1b0a197aa44c41cdd2750cfd4dab5db35b1e201b58b0572d75e7d8a4008
TCS-6644	Decidability of termination for one-rule string rewriting	Automated reasoning, rewriting and unification	not_shortlisted	bb72f963050a4f325552c4afc298046bdc766601db30dcc58443e24e6f3dbb37
TCS-6645	Constant-delay conjunctive-query classification	Database theory and finite model theory	not_shortlisted	1cdeceddf44998db0e581129bdab7bc5eb80a3fd106d69002e1e7ea46c3e65aa
TCS-6646	Martin’s conjecture	Computability and algorithmic information theory	not_shortlisted	9bcefeefeaf8c806a0c2a23c7c25d29ea7f6d57ce2aa585e9898da39061e9358
TCS-6647	Rigidity of the Turing degrees	Computability and algorithmic information theory	not_shortlisted	b00ecd9200601f0f95e0aab3cbb560d2d7fc3440be189f27a1c1ec62bd3e80e2
TCS-6648	Kolmogorov–Loveland randomness versus Martin-Löf randomness	Computability and algorithmic information theory	not_shortlisted	31d95e4bba737c34dbaeae03c22c1f915307c0b1bfd2dc6022be7919979c6812
TCS-6649	Reversal of Hindman’s theorem to the \(\omega\)-jump	Computability and algorithmic information theory	not_shortlisted	51e4a0809f5bd0984f572417a309c46acd3399336ae8a93e7ed99fbd4b3004e5
TCS-6650	Deterministic polynomial-time equivalence testing for d-DNNFs	Automated reasoning, rewriting and unification	not_shortlisted	2da606ee0aaae3c166f0ab1e8c323d4976707ea987bdd5cbfbd921953725be01
TCS-6651	Hadwiger’s conjecture	Structural graph theory and graph algorithms	not_shortlisted	c1f3204bc0ed17de34ad4cf5487fd0726e202238affe54e45a582dd934d3c2eb
TCS-6652	Erdős–Hajnal conjecture	Structural graph theory and graph algorithms	not_shortlisted	c6061fc97596e00e02ce04b55469daeaed7c0b2e4ff373ab93c219e1a66ca129
TCS-6653	Gyárfás–Sumner conjecture	Structural graph theory and graph algorithms	not_shortlisted	fbe63be4a2a36a23fc850f60d55e5f0140c7100617dbd97105ead8eda8c03297
TCS-6654	Seese’s conjecture	Structural graph theory and graph algorithms	not_shortlisted	13dea1fd8f835250ded20b19335be65ebb6e040478ab31da42406fd6bb13fb32
TCS-6655	Cereceda’s conjecture	Structural graph theory and graph algorithms	not_shortlisted	1b3d359636fb70c6d9390a065e4e9da0eeafb8af7bc8339733c498504b615a14
TCS-6656	Planted clique conjecture	Beyond worst-case and average-case analysis	not_shortlisted	f66af00fb4d34597e291d3f84fe55cc16e6f189811843fee93124cf4b5234af1
TCS-6657	Computational threshold for tensor PCA	Beyond worst-case and average-case analysis	not_shortlisted	f8611a7ae916c7bec5e1ff66c63840e8274b6fadec0b368a3a2bd00b108fddb9
TCS-6658	Polynomial smoothed complexity of FLIP for Max-Cut	Beyond worst-case and average-case analysis	not_shortlisted	df9438a6d62e413397192c8b430e2da20462a8ff2d440edb0275b1a20913c7bf
TCS-6659	Optimal polynomial-time approximation ratio for metric k-Median	Approximation algorithms and inapproximability	not_shortlisted	3f8eafe03d25fdca7daa8723a7e6822a369d0a650863ce6ccba21e18c6dde63c
TCS-6660	Polynomial kernel for Edge Multiway Cut	Parameterized complexity and algorithms	not_shortlisted	fae1db540f3881ba1f891f225cdfd43a2e3177434c50b6fedb0047aba5d453a8
TCS-6661	Hyperclique Hypothesis	Fine-grained complexity	not_shortlisted	25190f4d9d4f5d0b34827c338cec72fda74c86c52fd6ca922bf991830da412c7
TCS-6662	Optimal deterministic restricted-isometry matrices	Pseudorandomness and derandomization	not_shortlisted	038f56b6618254562f0089c5c1cd1c1743b87f669b79d38d408e8ead5466bb4e
TCS-6663	Frege versus Extended Frege	Proof complexity	not_shortlisted	14460aadef17f21be4352560db627e16972c4721edea7c750a2ae6ca9e30e0a3
TCS-6664	Maximum influence of polynomial threshold functions	Communication complexity and Boolean function analysis	not_shortlisted	b2700bdcaceef391cc1ad45a7aeb8f4595b7e959f5e18560eda22b976febf9ce
TCS-6665	Capacity of the general broadcast channel	Coding and information theory	not_shortlisted	fd492bc5fa8d6e045e61f859da9c1319d2ddc07b53d4a47700422dbb7de3bc96
TCS-6666	Shub–Smale \(\tau\)-conjecture	Algebraic computation	not_shortlisted	400e74322fd3ec0c154435a25fba4386a6203f7a4723dc14c87ca407ad7e78f7
TCS-6667	Polynomial-time, polynomial-factor approximation of Euclidean SVP	Lattices and computational number theory	not_shortlisted	d288d4af5ad5528538ba1e4d06fa12c5a33b15ddca4f87c29cf6fd5017b08151
TCS-6668	Polynomial mixing of critical three-dimensional Ising dynamics	Sampling, Markov chains and mixing times	not_shortlisted	5895c594952cea3c7f536d8b040c33cf464ee2e09eecc5f001c7757550290fbb
TCS-6669	Breaking factor two for sum-of-pairs multiple sequence alignment	String algorithms and computational biology	not_shortlisted	b67eabc056fe73d8d08169235ae090ef76d759c4ca68df456055e0adfb07537c
TCS-6670	Polylogarithmic maintenance of the exact global minimum cut	Dynamic algorithms	not_shortlisted	56c7d9c15725854405fa51664da2933e03c3c2b52409253e15e40bec79979748
TCS-6671	FPRAS for counting undirected Euler tours	Counting and enumeration	not_shortlisted	0f7ec7489fd7c341a33a59851833870e69d9fc7e07872fee668704b0398b4ca9
TCS-6672	Sublinear testing of bounded-degree graph isomorphism	Property testing and distribution learning	not_shortlisted	df750a01dfa5f6d83dc522caf45c6e458fa500394eb58b1788fe2c8673b23576
TCS-6673	Optimal error for pure-DP continual counting	Differential privacy	not_shortlisted	c37251d2bf1e0abe52b944a1dc3f0b2ea7fde2e04996ca807a15b69ad67ca68b
TCS-6674	Randomized truthful unrelated-machine scheduling	Game theory, social choice and fair division	not_shortlisted	fb2435c222c62ed6979fe59977d0754e465873b5c25a2bd079011afe56ff27a7
TCS-6675	Search-to-decision equivalence for finite promise CSPs	Constraint satisfaction	not_shortlisted	9f1d88cdbfd0bef532b7d96eb5926c415eb6263b47d05a424cee7eb9940e5467
TCS-6676	Optimal approximation ratio for precedence-constrained makespan	Online algorithms, scheduling and packing	not_shortlisted	a6e0186a641b29cc8ba8d3519e2af5814ebe37c099abfe4ca2c667ef48e63e27
TCS-6677	Isomorphism problem for one-relator groups	Algebraic computation	not_shortlisted	1163faec348864ebfad4b41220a8c772ecb0dba9cc0f2b6588a8e86bd84b58a9
TCS-6678	FO model checking on hereditary monadically dependent graph classes	Database theory and finite model theory	not_shortlisted	c8650f78c017e41fa8cb7b98254f86b9b17fda50961bd6ab1be723028811b529
TCS-6679	Universality of Turing equivalence	Computability and algorithmic information theory	not_shortlisted	5231e024745b7fb0642823324598f73dbdca2f83800eb33211cd80f5efc3defd
TCS-6680	Decidability of conjunctive-query entailment in SROIQ	Database theory and finite model theory	not_shortlisted	26c6c478413bb7b472be15d438e5842b238250b86aad14bfe45a750cf3d31951
TCS-6681	DNF versus d-DNNF succinctness	Computational complexity	not_shortlisted	b1b17b59fc3f54dd4570e6e0bea991396464653ecbf69b38a341821bfec56881
TCS-6682	Reed’s conjecture	Structural graph theory and graph algorithms	not_shortlisted	3864f4043e4b9ce13b561153f4899d144c64d73162b865d2f3064b0b158eeb5e
TCS-6683	Optimal bounds in the Excluded Grid Theorem	Structural graph theory and graph algorithms	not_shortlisted	d4186f49be3e976dff818da5e121d9be778bbd7e561a04e513560bc5ba864605
TCS-6684	Computational Kesten–Stigum threshold	Beyond worst-case and average-case analysis	not_shortlisted	25711c54d27d4a452c5a6b07887274c708df53255135d91a146a4508da37f307
TCS-6685	Busy Beaver \(\mathrm{BB}(6)\)	Computability and algorithmic information theory	not_shortlisted	788a9bcf5a19e1d95d5e1ba380264d971aad786daf8b25b71088617172186b1c
TCS-6686	P versus RP	Pseudorandomness and derandomization	not_shortlisted	7f4469d6945d4ecf7bdc7e2962616208aba3820a8100a1bcd137db9e30bef361
TCS-6689	Simultaneously optimal averaging samplers	Pseudorandomness and derandomization	not_shortlisted	f4e7f04d3d8cc40e84f989341625e73abb65f4b6e8d4075b3fa34b5d4315a7a5
TCS-6692	Linear-seed pseudorandom generators from one-way functions	Cryptography	not_shortlisted	e7fdbf79702fb036d9cc2a03e8269f69a57837118f33dafa7b19566afcff6f7b
TCS-6693	Subpolynomial-seed pseudorandom generators for \(\mathrm{AC}^{0}[2]\)	Pseudorandomness and derandomization	not_shortlisted	932bb4b0a371fccd488df13a87483ffb14a180771386499db456a43e98b8fb48
TCS-6696	Uniform PRGs from exponential-time hardness	Pseudorandomness and derandomization	not_shortlisted	6fab452668230a00397e2764008a3a502150d788019eea2a88cc7685511fc50e
TCS-6699	AM versus NP	Pseudorandomness and derandomization	not_shortlisted	d04973ffd6208913edde7d6a6ecd68dd836524c1e7402d645ca5c6d77ddfee62
TCS-6702	Worst-case-to-average-case reductions within NP	Beyond worst-case and average-case analysis	not_shortlisted	18d944559b4a7f4a46e645479da94260b6dacaf647bde046666fd624da65da36
TCS-6703	Optimal exponential-scale hardness amplification in NP	Beyond worst-case and average-case analysis	not_shortlisted	d6fcb967a607ceb929bc1a2cb44c39b940b2ebeff1b89e2233244342adc13931
TCS-6705	Sharp low-degree Fourier weight of halfspaces	Communication complexity and Boolean function analysis	not_shortlisted	2cd8d3cb358347bb96551517f1b68b78f007615f354f7cb14b8c3ad5233da03f
TCS-6707	Randomized query complexity of recursive majority-of-three	Communication complexity and Boolean function analysis	not_shortlisted	509618e2a677526c08b433cac82932befb39aaa33e3da24a8a607e159db64c89
TCS-6708	Fourier Min-Entropy–Influence conjecture	Communication complexity and Boolean function analysis	not_shortlisted	b1b3e7f15d8e490a42aaf669ddd265189f7afd9773dff07003abc65637bf365e
TCS-6710	Number-on-forehead Disjointness complexity	Communication complexity and Boolean function analysis	not_shortlisted	ec3197d208f833f70af3c64ba14a061c81bdb97975c463bcfeef7149872e30b3
TCS-6711	Deterministic communication versus monochromatic partition size	Communication complexity and Boolean function analysis	not_shortlisted	3a5a168e26603b3b34aca03e51f5e4099e359382ea85d31102b472193b2f13f6
TCS-6712	Nonuniform \(\mathrm{NC}^{1}\) versus P/poly	Computational complexity	not_shortlisted	84fd11a63be01aa9650a9bd71635df402db091dc02fccf8a2f1c4ace0fdda4fa
TCS-6714	Nonuniform \(\mathrm{NC}^{1}\) perfect matching	Computational complexity	not_shortlisted	e7dfcb6e756d196b762079c4541eb841b99a53d7793c721a5df9e9ca50c62245
TCS-6715	Monotone circuits versus monotone span programs	Computational complexity	not_shortlisted	080725e41151a7dec243ad4268105c85534dba42bb4506b1ea970d87c2ea71f5
TCS-6716	General versus monotone span programs	Computational complexity	not_shortlisted	e591037b09bd85c841d66f34721c2e435cc89bf0032c26d0605105081676c60a
TCS-6721	Additive-one approximation for bin packing	Online algorithms, scheduling and packing	proposed_candidate	3dc0b9f0021ae0ad0b5eb79a6211e14afae0214cdbff8e35c559afa125810689
TCS-6723	Steiner Forest approximation below factor two	Approximation algorithms and inapproximability	not_shortlisted	ae952d4d8ee5af6041a38598acb4625d958457b79bb4422af073f72e6f91fb72
TCS-6724	Constant-factor related-machine precedence scheduling	Online algorithms, scheduling and packing	not_shortlisted	208b986fcdcb8465d75af54fc2c9dab907a550988328eaf68a2a195fb1a7ab19
TCS-6725	Logarithmic-color approximation of 3-colorable graphs	Constraint satisfaction	not_shortlisted	7926a9f59712bb8e2cb8b243afc111eda07fd13c4bc29c09f837702a31dbda4b
TCS-6728	Chromatic number in \(2^{n}\) time and polynomial space	Parameterized complexity and algorithms	not_shortlisted	333c06b528832a982350de9cbdcddd57f490a19a9d8faf9f654b3cdfff747ff4
TCS-6729	Deterministic linear representations of transversal matroids	Pseudorandomness and derandomization	not_shortlisted	8a81cb4d30c76e2b8fd007b7080a75e95f7a96ff166cc85a2fa35c5f44ca7b8a
TCS-6731	Strictness of the W-hierarchy	Parameterized complexity and algorithms	not_shortlisted	bcd045caf5dbfc7791c133fd9af28b38c6f4bc4db1479925d663fdb49f002b97
TCS-6734	Polynomial compression versus polynomial kernelization	Parameterized complexity and algorithms	not_shortlisted	4028bdc07776cd6fb079c7f29dd2d22f170fa21c9e3d5958ad83fda64def1a48
TCS-6737	Polynomial-query testing of minor-closed bounded-degree properties	Property testing and distribution learning	proposed_candidate	1377bba5a8418cd56430b43de6b9be9ad10ed37b2e3f46cd33da526f9efef8d7
TCS-6738	Linear-length locally testable codes and proofs	Coding and information theory	not_shortlisted	dd582731e35914d47712f2ffd0b10c30cd9d86fdaa9d54048d1af74fd57e291f
TCS-6739	Locally decodable versus relaxed locally decodable code length	Coding and information theory	not_shortlisted	1b3071d37aad58c8c700439787f4627f181c7ae0e2ee1b7b97caf607a60a74bf
TCS-6743	Randomized evasiveness conjecture	Computational complexity	not_shortlisted	820d0b8c54437cc9ab271191009399ad2bb02daf2059c2340c577a01eba8c82c
TCS-6747	Graph nonisomorphism in BPP	Computational complexity	not_shortlisted	ad5075cb5289c3dbf582f159dd9f5d6d4845d00bfecbeb713b885c8d228418eb
TCS-6748	Boolean decision-Holant dichotomy	Constraint satisfaction	not_shortlisted	c9fca482e50047a25819306efa2d93b46d11ddd44c7dc773cc7375146703e869
TCS-6749	Deterministic polynomial kernels for Almost 2-SAT	Parameterized complexity and algorithms	not_shortlisted	d0ee3f66b76e94322bb26abd8e76e545a9640cb2c0bbeacbbf09ee4d0f6f87a3
TCS-6756	Optimal approximation of general-domain k-CSP	Approximation algorithms and inapproximability	not_shortlisted	d313a15c1c25ca63294c7405589e3f76dfac5cc24b2f276fa5779e6db1fe0b73
TCS-6757	Min-CSP approximation at the SDP integrality gap	Approximation algorithms and inapproximability	not_shortlisted	9c9853a1d947b9a5f0b97247fa67232b262e4bf41bf0e0c97088116b8707179a
TCS-6759	PSPACE-completeness of resolution space	Proof complexity	not_shortlisted	b94e9b809c5db3080a845df5994df8c0784e888eb5fbf9a518677fd465d612ab
TCS-6764	Quadratic resolution space for linear-size CNFs	Proof complexity	not_shortlisted	06f16ab8ccbe58cc7ff93fa741009bb6e0d394ec0d653a45307e8faed15eee0b
TCS-6766	Polynomial resolution length from logarithmic clause space	Proof complexity	not_shortlisted	8df39a4aee9d407b61dcfeeadf02726913be0761f6c707384e122e158251cd7f
TCS-6767	Resolution length–width tradeoffs	Proof complexity	not_shortlisted	ba5569d64150d591197dd9b65933969fc67ee5911aeaf419727f490a5d051ee9
TCS-6768	Simultaneous polynomial-length constant-space refutations	Proof complexity	proposed_candidate	4d24008664fa2b38163fc412554942e2a79094106a035fddccb26a1367770793
TCS-6770	Cutting Planes versus polynomial-coefficient Cutting Planes	Proof complexity	not_shortlisted	d4ecc879a9e0e7e4fc98e137ce7cad39ac5c1e45e77ed8731e8a90c0b49f41f5
TCS-6771	Linear versus general resolution	Proof complexity	not_shortlisted	ff1d6d4ca9195ffdb5b496124b632f1667dcbcfb8ae71397b81c667d2c02b5a8
TCS-6783	Optimal size of four-additive graph spanners	Algorithms	not_shortlisted	820311686e77b96b59f0f8a1ab32cb4cdb35935218bbe5ce42fefbd548c40f2c
TCS-6784	Spanners matching Thorup–Zwick emulator tradeoffs	Algorithms	proposed_candidate	45f2512e5fd224cb42d29bc7b68dfa1d4ec7844b1795269a7b468e510985468a
TCS-6785	Optimal additive error of linear-size spanners	Algorithms	not_shortlisted	36ba738239af35c759dc9f728e20049d9ca02edd765d73b4589f7d452caa7188
TCS-6814	Efficient PTAS for fixed-machine job-shop makespan	Parameterized complexity and algorithms	proposed_candidate	d2bddecd2ad40bb98ea72c9b709160823d26e6c2037e150f9e0af9f47d98f9e4
TCS-6817	Directed reachability in polynomial time and polylogarithmic space	Computational complexity	not_shortlisted	501dfbbd4d329d74401a8609a661d5baa8d743b7789f12c910433e13072ed66f
TCS-6820	FP versus #P	Counting and enumeration	not_shortlisted	ddf7b870305f6c0fa0ddc79640372f290a929e59313756cf742a5b9451dd5cd8
TCS-6821	FP = #P from \(\mathrm{P} = \mathrm{NP}\)	Counting and enumeration	not_shortlisted	822ec79b41daf2194345288238db2eb48be416038d9aae424ba3178f0525b510
TCS-6825	Computational versus statistical privacy in the curator model	Differential privacy	not_shortlisted	6eeb13d098ec4889afba37e8c5742db6e3ab46dabde6dedc5d4075d5be93ad2f
TCS-6832	Separations among P, RP and NP	Computational complexity	not_shortlisted	a8103fa9e5a7672b8e9eac313f6418539d61e2abcd2258b0e0f9919d216ca34e
TCS-6836	Regret in misspecified linear bandits	Online algorithms, scheduling and packing	not_shortlisted	4c037696a2d237092bddfa48fa350643219df30d4f8b0e4fa6f33104fa1f7eb9
TCS-6838	Instance-optimal finite-time best-arm identification	Online algorithms, scheduling and packing	not_shortlisted	d0158f27ebd5a1bac78ab657f3cb36f4c1fe45a291f973c89991521af63ca5d9
TCS-6839	Polynomial mixing of Ising dynamics with plus boundaries	Sampling, Markov chains and mixing times	not_shortlisted	c4c2a53d489bd55095c2c7d5a1f0b4d9786f1e399c646d045d72474d4e2b6aa2
TCS-6840	Monotonicity of Ising spectral gaps	Sampling, Markov chains and mixing times	not_shortlisted	74d2a1136539eb7c3d651d46bacf68ed32e33466f6ecf066529e92d38cb40392
TCS-6843	Cutoff for bounded-degree transitive expanders	Sampling, Markov chains and mixing times	not_shortlisted	51954c977600789e89f57c0029d326b0e28b3351428bc1391f3fc532ef7b25b5
TCS-6851	Polynomial-time computation of exact cover time	Sampling, Markov chains and mixing times	not_shortlisted	5eb05aa7895e8bf055be551a129e31608336d14cf14bb19658f8451e8b1aa606
TCS-6857	Mixing of the self-avoiding-walk pivot chain	Sampling, Markov chains and mixing times	not_shortlisted	c9f02866496c320065e734988963e8c810a08493f0a4d35bfeff9a8cf3d5fd01
TCS-6859	Polynomial-time Gilbert–Varshamov inner-code construction	Coding and information theory	proposed_candidate	5324bde69dd6eb93af9d6084b4276efff243bd78c27bb6e8d0974499fb0d1bde
TCS-6861	Classical reductions matching quantum LWE hardness	Lattices and computational number theory	not_shortlisted	c87bf1f537ad52cff9eb2bf7ece2f6b9b21017146cc89935710a76d9f5d4dc17
TCS-6863	Algorithmic advantages of ideal-lattice structure	Lattices and computational number theory	not_shortlisted	3615838224ea7d42e2e21e5ed499d825aeab40a3dfa5a66dccd9ecf1e71ee878
TCS-6864	Classical worst-case reductions for ring-LWE	Lattices and computational number theory	not_shortlisted	21b5bb34b3590e4d2173917a3ceabba572a61adc65e478b35570c00e1789fcca
TCS-6868	Worst-case and search-to-decision reductions for NTRU	Lattices and computational number theory	not_shortlisted	b7b71632e07cff3e088cb117842cd5b7584c8c5176eeb42bec7b371c90d145e4
TCS-6871	Fully homomorphic encryption from worst-case hardness	Cryptography	not_shortlisted	fec226a2156e5074d9299ab9d00bf0a7e41d8db6f411f6279a6e63b5c6e4f385
TCS-6874	Ramanujan graphs of every degree	Structural graph theory and graph algorithms	not_shortlisted	dbbba4089a3153e0e6c67fc4f988aa61a02a4b54aacd2bbb78ddf09f69c50a62
TCS-6875	Two-sided Ramanujan signings	Structural graph theory and graph algorithms	not_shortlisted	98b12b8e66401078c97c8045d754716e6c27b20b183ccd6a2325554ca4c38e89
TCS-6879	Explicit near-optimal vertex expanders	Pseudorandomness and derandomization	not_shortlisted	2e7fb9c717a34e0f34fbf00617229571b14361e2f0ead9e6e1477d39fbf11bcb
TCS-6880	Efficient constant-distortion cut-cone approximation	Geometry, topology and metric spaces	not_shortlisted	6ef0fabcb8302374efe3c7d9f33e29df5df554634de66c32884aa5243c908185
TCS-6882	Homogeneous versus unrestricted arithmetic formulas	Algebraic computation	not_shortlisted	0cbbaaade93167d20dbc256578cf89028a7254c6439453f53909e83d8cdfd224
TCS-6883	Multilinear versus general arithmetic circuits	Algebraic computation	not_shortlisted	49be6ab8f28bd5ce11dc919d1bc110aedfb9042b882f91c404750828c3493e69
TCS-6884	Semantic versus syntactic multilinear circuits	Algebraic computation	not_shortlisted	01dd56c42f20506551b590e14aa6b436c16d730f05b4d0a3ea29722c476be89d
TCS-6885	Constant-overhead second differentiation of circuits	Algebraic computation	not_shortlisted	2b72d1a5e66bcddc58399cfa9c4459067ae81c1d152e51517c6804d6ffb4937e
TCS-6888	Superpolynomial arithmetic formula lower bounds	Algebraic computation	not_shortlisted	c2cf9e015143e3673e0da32b45e60cb3ec31472d648b09b467ea7ab871ff81fb
TCS-6890	Superpolynomial noncommutative circuit lower bounds	Algebraic computation	not_shortlisted	2a1de28b309f95b4059fd09264c69b31e0a9ad41c11e0683805fc47fe4b45d2a
TCS-6893	Superpolynomial multilinear circuit lower bounds	Algebraic computation	not_shortlisted	f099125a990124e8c5eb860b46518576df6e07f1ac5fa21799c82a1739ce7e96
TCS-6895	Explicit three-dimensional tensors of superlinear rank	Algebraic computation	not_shortlisted	14b4ae212c38928f35f9145f187b1aa1d8fb47fe1aca9513a5dbf0ac97e82d86
TCS-6897	Permanent lower bounds from identity testing	Algebraic computation	not_shortlisted	a5457195ba2da22aca062bfea8ed52b709137d9afc678ac37b3eb0c680eada51
TCS-6898	Derandomizing black-box depth-four PIT	Algebraic computation	not_shortlisted	8fd9689188144bbe53adb7dfd466235830ce9bb279e1eecf7ebe54b491b455f5
TCS-6903	Derandomizing noncommutative PIT	Algebraic computation	not_shortlisted	ba1c1b1df7731239078fa517da801cf3e63727239b7522ef61458fc3bfa93e37
TCS-6914	Multivariate polynomial factorization from PIT derandomization	Algebraic computation	not_shortlisted	133f9f0d129cb4e67e0e86079fe9aa16a5772c2614866aebd70cb085afd4b211
TCS-6928	Linear-space representation from smallest string attractors	String algorithms and computational biology	not_shortlisted	fabc03f518db4c4b90c57b7f9f43fe096218d538b5bbe479eec76b5fc4c12515
TCS-6933	Classical hardness of Boson Sampling	Quantum computation and information	not_shortlisted	0b8d0d61c967d75843a0dba751dff9e01e7de85293784687f0c7ab1b5a5766db
TCS-6934	Unconditional SAT time lower bounds	Computational complexity	not_shortlisted	11decdf6be02149b32c01e1830813ea744f65d3468ab0289e6265dd65b5c5657
TCS-6935	Randomized Strong Exponential Time Hypothesis	Fine-grained complexity	not_shortlisted	357f128aa8d9c99299d4ac14847e0618f4cc62dea5b7d5e41d73e38366d2fcdc
TCS-6937	Randomized APSP hypothesis	Fine-grained complexity	proposed_candidate	15592198389c4197f3226e54c765cff46275e27fc9be6e28a4ae9fca9d5a9f1a
TCS-6940	Tree edit distance versus APSP	Fine-grained complexity	not_shortlisted	50294c700a58c531810f083c5f7d7cdb63c38e3e566a8a178ae6b2f12c539b60
TCS-6942	Hitting Set hardness from Orthogonal Vectors	Fine-grained complexity	not_shortlisted	d3c9e4c16c749f0363fbb75254931dd87367b1fdfd828ce802aba04067b4da00
TCS-6944	Min-Weight k-Clique hypothesis	Fine-grained complexity	not_shortlisted	726b0f638616820f85bdbbee8a305968532ab6663f3b6eaaa206ec87b736a719
TCS-6945	Exact-Weight k-Clique hypothesis	Fine-grained complexity	not_shortlisted	77cabb5ce224a32bedbb537661f98143987738fd15d268b18b5e3f8d4646bdd3
TCS-6946	Fine-grained relationship between APSP and 3SUM	Fine-grained complexity	not_shortlisted	5ab35d14a18e967fb59127865934352b932245a7d811064b67e975ceed8ac81a
TCS-6949	Exhaustive-search lower bounds for Circuit-SAT	Fine-grained complexity	not_shortlisted	e2dfafcb62d27f3d77ca818747fcfae30172f88034f58931f716ac259d35186f
TCS-6950	Disjunction of SETH, APSP and 3SUM hypotheses	Fine-grained complexity	not_shortlisted	d6e5ce7c348196f536c5e48b30e1a2c3fc293b70d820386af484320078f692cc
TCS-6953	Cryptographic primitives from worst-case or average-case hardness	Cryptography	proposed_candidate	b617f51a64a1a44b786ca0575878b55aed9f92b966fd066924dbb4ab9d3c7fda
TCS-6957	Characterizing domains restricted to affine maximizers	Game theory, social choice and fair division	not_shortlisted	468cb62891c1754ec58d0bd34fa1eb3cb4bd50e414800ccb302d0ab1caabe6fe
TCS-6958	Algorithmic versus dominant-strategy implementation	Game theory, social choice and fair division	not_shortlisted	8c6f85a22c5071f28e27dc26fcb3a2fa6a3311f29cfaa017fbec57a4f7fa3e14
TCS-6974	Formula-SAT below exhaustive search	Parameterized complexity and algorithms	not_shortlisted	52b59ce0d7563e05d51ffbe7cfe78f4e38ce6978f34c7fcc3edcd43b42d0ddd7
TCS-6977	Super-near-linear SAT time lower bounds	Computational complexity	not_shortlisted	945385c560c3ca31ec8d89c99c71959786aa322d7dab22c52414c9a3acc2d11b
TCS-6978	Separating space from comparable time bounds	Computational complexity	not_shortlisted	230408483e69ec36e17d49f2e4a50d0c616110dc3a902b74e1fa3d2fb8afcb01
TCS-6979	Independence of P versus NP	Computational complexity	not_shortlisted	49b2b4988df0741a479d9188337d22eb038c0a7f9de7f9beaa78868b73c49ddd
TCS-7006	Optimal input-sparsity subspace embeddings	Geometry, topology and metric spaces	not_shortlisted	8013d9610113012712f24c196ee6fa02c01a72631eeb9489b0bddc50bd8158d8
TCS-7007	Input-sparsity relative spectral low-rank approximation	Optimization and numerical computation	not_shortlisted	ed57c2318049c41eaa188607cf4d11e78231b3ab02383ee5a76b1d9b5e5cf8df
TCS-7008	Polynomial-time relative entrywise \(\ell\)\(_{1}\) low-rank approximation	Optimization and numerical computation	not_shortlisted	94cf1ba19b30d8c936cb470a9d2b0623242b9099fa79919589b7bc8d166b30e6
TCS-7010	Linear-sketch complexity of the nuclear norm	Distributed, parallel and sublinear algorithms	not_shortlisted	b29fa2c552f202f5b51c0b56adc5400d2dd823d797f048682db4f92080a9a71f
TCS-7022	Polynomial kernels for Planar Deletion	Parameterized complexity and algorithms	not_shortlisted	6977b456eb943fd341b18441d9062ae805636a9e2ded62f4a16d90d5fbccbd7b
TCS-7023	Polynomial kernels for H-minor-free Deletion	Parameterized complexity and algorithms	not_shortlisted	1ef8ac3d17ee96484e00bf254ac21e703ceb1f4ab5bdf0676cfd1f5874b3b8f9
TCS-7027	Fixed-parameter tractability of Perfect Deletion	Parameterized complexity and algorithms	not_shortlisted	062d0b7ce20ddddf56e104b0a967f6603f19a4eded46bf983200534f5030f73c
TCS-7033	Polynomial kernels for directed feedback sets	Parameterized complexity and algorithms	proposed_candidate	57a06354769f2da84f4d48b439c4aa25e2ff431406cc7cd32f286e0e4a83410d
TCS-7035	Single-exponential FPT for directed feedback sets	Parameterized complexity and algorithms	not_shortlisted	277a40ff8cffaad0afd04609116a02c17ff1ca3c033320e387f23627ad5d3fc8
TCS-7036	Parameterized complexity of three-pair Directed Edge Multicut	Parameterized complexity and algorithms	not_shortlisted	3152505e76fec83cd34054adf4bd5e8113c3adf9409d3da4a0e99227e47e6fa3
TCS-7061	Dichotomy for hereditary edge deletion	Algorithms	not_shortlisted	5ae63fa303525358e9e8bfc790d5537ace9932298104ffc42d5ad3d1b1e275e0
TCS-7075	Complexity of general vertex-connectivity augmentation	Algorithms	not_shortlisted	53a70b41e2bfa93625dea4c199e2de1ac9902c2c844580568a974fed7f337ed0
TCS-7082	OutputP versus IncP	Counting and enumeration	not_shortlisted	218903b0f51d567e7e0c7ea339efc40cb9db488adc8c2af25269c35fd630f46f
TCS-7084	Time–space separations in polynomial enumeration	Counting and enumeration	not_shortlisted	a48f85625b3887a88102f000922c69e39057cceb998041a540f96243c2438adf
TCS-7086	Incremental polynomial-time binary-matroid circuit enumeration	Counting and enumeration	proposed_candidate	2ce9bedd0407ca1512f5b07f13f1eccbe91cf05f14d382bfd59d55222f561d8d
TCS-7099	Finite-domain enumeration-CSP dichotomy	Counting and enumeration	not_shortlisted	30add6f7225a404859be1612f68d42ea7e2b9255fb2d42937167c33caa3976e7
TCS-7112	Output-polynomial hypergraph transversal enumeration	Counting and enumeration	not_shortlisted	ee66880b62d76df2e74ae77a947b6f3565e8e81dc0d6c9a48aad36606be85145
TCS-7113	Derandomizing polynomial identity testing	Algebraic computation	not_shortlisted	77b17259486f9e9a011fd6473eb21411004dead7f82ed1844fc5ad6278364f88
TCS-7116	Universal representation of NP by \(\omega\)-categorical CSPs	Constraint satisfaction	not_shortlisted	d3b08d90bea23e9d9842c74fea6cfe46a954a4f1df1331ae9accf3f52420b1fb
TCS-7124	SNP definability of CSPs in NP	Constraint satisfaction	not_shortlisted	95c591545afca2dca937319aa1f61042f0d49bda112b80bcff50f4be5bfd7ac7
TCS-7125	Two-sided distributive unification with a unit	Automated reasoning, rewriting and unification	not_shortlisted	dcea65c338046fe226f5f4a927665b116f7d01c2057886939e2f27f1de427ed5
TCS-7128	Unconditional constant-delay query-enumeration lower bounds	Database theory and finite model theory	not_shortlisted	219804c1ba2a7f15caf9a8766a7dd2413da0c4d6e7f1adf2eb8b21c176a963f8
TCS-7134	Polynomial-time equivalence of free binary decision diagrams	Automated reasoning, rewriting and unification	not_shortlisted	3b89f4cd9df9a75af3747ec8df5d50c03a9d4b476ab5f029787eb7be0bf49310
TCS-7143	Bipartite circle pivot-minors from large rank-width	Structural graph theory and graph algorithms	not_shortlisted	c9fe87b1bf01d9e5776965f8ab9fd070fd53708918e1b978e76b336d32d2b3f3
TCS-7144	Tree vertex-minors from large linear rank-width	Structural graph theory and graph algorithms	not_shortlisted	52243f2fafa0fe1251d5aada1196b85a4cbf6f7ae71f996376b5e08802dbe02a
TCS-7145	Well-quasi-ordering by pivot-minors	Structural graph theory and graph algorithms	not_shortlisted	4cb43e2bef5a1900e806b257b4909e3be57a1a4254c862cacf468114bdd17ffd
TCS-7146	Polynomial-time detection of fixed pivot- and vertex-minors	Algorithms	not_shortlisted	a6474eb12aec23c4e8e724625aa60523197916939f1813f28148959b0329d64e
TCS-7148	Smoothed simplex complexity under sparse perturbations	Beyond worst-case and average-case analysis	not_shortlisted	3cfe9ebe471fa934ae161a2ee84482d8bbe542a3eabc82d8d8eb80fb83d6e3a2
TCS-7153	Ultimate Positivity problem	Semantics, logic and verification	not_shortlisted	dee5402085e9628de0d64b94517f7f212f1cee5172c79a0cd27514a78316a8a1
TCS-7154	Effective ultimate-positivity thresholds for simple recurrences	Semantics, logic and verification	not_shortlisted	a68c36aabdfc056c9809aede5992c838a57badf1748f269e7f7720fd7ea00272
TCS-7156	Universal integer termination of affine linear loops	Semantics, logic and verification	not_shortlisted	649f464de1a80fd3eb1f9327787ca90f4364cd5d107cdb4bb3e2c15492a52230
TCS-7157	Termination of linear-constraint loops	Semantics, logic and verification	not_shortlisted	71120c70cc2202bf382994a983b6ce39b8847485de4f6235784bc6de42c3b6a7
TCS-7158	PH versus PSPACE	Computational complexity	not_shortlisted	4cd99f2d8477d5a6fb49eb3f6b417d7d074c80ad8321c6c7cdf3a6776673169c
TCS-7159	Hartmanis–Stearns conjecture	Computational complexity	not_shortlisted	af9a2dd46df908484e6b2b21635c412e681fce04c08a7fcd4c5abd7af14b582e
TCS-7160	Small-Set Expansion Hypothesis	Approximation algorithms and inapproximability	not_shortlisted	817e5a3e6c74a99dfa31d7264780dc9ca6d3aebffc7ea88ad85f5faa31a8b16f
TCS-7161	NEXP versus nonuniform \(\mathrm{TC}^{0}\)	Computational complexity	not_shortlisted	813c9fd3aa1b1d0dea5a1af0e79abbccfc6b3e8dae4344cd6a6ee860ec02193e
TCS-7162	Existence of p-optimal proof systems	Proof complexity	not_shortlisted	dfc8159ac4a9ab9521318b320d3ae6f4cffe0e6c75c33fef101d767f0deeb8b0
TCS-7163	Effective polynomial simulation of Extended Frege by Resolution	Proof complexity	not_shortlisted	dc9d64eae7605cc94dac357b00808e8336d73324d828747d0fc803d888dfca97
TCS-7167	Existence of one-way functions	Cryptography	not_shortlisted	b602e65d9618a4405467fbe607d7f082147378e3fedec4ea66e410e1cf01f45d
TCS-7168	Existence of public-key encryption	Cryptography	not_shortlisted	10725aeebe79ae626309dd335c5c99244d5e161a5b444ea85bbf02c582a0a758
TCS-7169	Exact Euclidean SVP in BQP	Lattices and computational number theory	not_shortlisted	4d7303ad9b259193ce4d2a9f90869679a707346e5ad20371e83f9a605161d50b
TCS-7170	Scholz–Brauer conjecture	Lattices and computational number theory	not_shortlisted	cf46c06140bcae88615ac2c522c12baf317708e37b8c2691e8675670df3a6f1e
TCS-7171	Baillie–PSW pseudoprimes	Lattices and computational number theory	not_shortlisted	328583968fa4ec0abf9162475314810b8c4f2010da324d5f690f0efd9af675b4
TCS-7172	Depth-first search in NC	Distributed, parallel and sublinear algorithms	not_shortlisted	343bf2e75615730275e8932822ee9d33d39574ab40a4b28694f85b4930e8b0fb
TCS-7174	Bit complexity of integer multiplication	Algebraic computation	not_shortlisted	c1019c78f621507de3ddb38b37a1ddf33849c2c116e75373fb274ba46e89612e
TCS-7175	Unrestricted arithmetic lower bounds for the discrete Fourier transform	Algebraic computation	not_shortlisted	5ddd123d65a28b72b3dee8978af878747adb92054e42f1af09fc112fb7172121
TCS-7177	\(1/3\)–\(2/3\) conjecture	Miscellaneous	not_shortlisted	23ee22729cd013d9a5c93eaad54f7336ac855cb00a83ab1da4b55bde1bcab9bc
TCS-7179	Truly subquadratic exact edit distance	Fine-grained complexity	not_shortlisted	59a07b39429a3daeae6003e1f948ab97b75eea394ae5aba5b9e20e9f30da073f
TCS-7180	Graph canonization versus graph isomorphism	Structural graph theory and graph algorithms	not_shortlisted	f2fc994e974f93b7e1b4f9892b90ce4ce24659e4dee725efc4f30238347365f7
TCS-7181	Exact recognition of bounded clique-width	Parameterized complexity and algorithms	not_shortlisted	145244c6146e29f23fb82dab9e0e870e035e1b3b9b5c3baa39561de5fc07f4c2
TCS-7182	Simultaneous embedding with fixed edges for two graphs	Geometry, topology and metric spaces	not_shortlisted	54b9fbaa8ad2b8aa2006c62fb57f6534c2c6514b51e1ef6ba887ff1771df0564
TCS-7184	Klee’s measure problem	Geometry, topology and metric spaces	not_shortlisted	5bceac58b67bd12cb5042a7e799bc04dba224624c11ca0c421ad0199cf7eea61
TCS-7189	Minimum-weight triangulation in NP	Geometry, topology and metric spaces	not_shortlisted	64ff15e39a15cf2e39aca2375e040d170b6d542f47b879ed1da1e74608548382
TCS-7192	Decidability of multiplicative-exponential linear logic	Semantics, logic and verification	not_shortlisted	c54f95e925ec7ee47b1ac8c011c48cdfb1e34ca7b2f747109e6357c2eff99676
TCS-7193	Mortality of \(2\times 2\) integer matrix semigroups	Computability and algorithmic information theory	not_shortlisted	9fd204947fbb8630d35eecf796cdefe07b09a4b75175257374410800225974f7
TCS-7194	Singly exponential shortest solutions of word equations	Automated reasoning, rewriting and unification	not_shortlisted	de2d65fdf27f558953630f3419c4769326566f156b541bcbbeebee9c1d0868e1
TCS-7195	A logic capturing polynomial time	Database theory and finite model theory	not_shortlisted	b3a3c3c5b6c855176ccdcdc21467f7682f06c54f4bac1c8e6daf931af03fc61b
TCS-7196	Polynomial-time EFX for three additive agents	Game theory, social choice and fair division	proposed_candidate	19ee6c76f9b15e69024e06a850a79bd5441e2f740dbc6fa18c7c1362c0d2c452
TCS-7197	Polynomial-time approximation of EFX	Game theory, social choice and fair division	not_shortlisted	9e17d38ad465221a89e8cec614464a2172201da1c0003f5b3187ff79f039bc78
TCS-7200	Multiplicative MMS guarantee for chores	Game theory, social choice and fair division	not_shortlisted	3269591f31c5aa60a8f0941596bf9491e714d2192038e0bfac045461206361ec
TCS-7203	Bounded protocols for connected envy-free proportional cake cutting	Game theory, social choice and fair division	not_shortlisted	9543560f264291bf3e97fbaec0f20621225d07755e969696d471469c882f24e0
TCS-7210	Capacity of the general two-user interference channel	Coding and information theory	not_shortlisted	7396d23c327dbe75af64543b0aec6988ad4ed97190a6f5bb575ab8d74b870e64
TCS-7211	Capacity of the general two-way channel	Coding and information theory	not_shortlisted	617ab9a05973e4cef6bdbdd7cc7845be39a452681cc01cd9449cdfaf62dc7784
TCS-7214	Rate–distortion tradeoff for distributed lossy source coding	Coding and information theory	not_shortlisted	07eea22f7d9a5871c3abc7f25f76928391903318226c4cda13ceb95d5b97e29e
TCS-7215	Computability of graph Shannon capacity	Coding and information theory	not_shortlisted	54371a2856eaf87bd5cd363e9b8b9643c845881416ee7e7efb8d6d294e8b58ef
TCS-7216	Vertex reconstruction conjecture	Structural graph theory and graph algorithms	not_shortlisted	231e2ae0c7d1117c89e8a15d0134682fc9ebeb6a09c9723bf96649c8834c4911
TCS-7217	Edge reconstruction conjecture	Structural graph theory and graph algorithms	not_shortlisted	38d78b3bded88affcb4ae5b9b7dbb8d3b17f46fb6a0219ddba90f8bb5ec7b195
TCS-7218	List edge-coloring conjecture	Structural graph theory and graph algorithms	not_shortlisted	616a1e9229bb66e7386a24d16cc3e166d50117ea1276406707f7f74e87245d39
TCS-7219	Aanderaa–Karp–Rosenberg conjecture	Communication complexity and Boolean function analysis	not_shortlisted	7337432f30246829aef3d1d9dd14efd74562c02d6cf1eaf1615dddf8fafe8ae6
TCS-7220	Truly subquadratic \((1+\varepsilon )\)-approximation of edit distance	String algorithms and computational biology	not_shortlisted	0582f14ad5df398e5b74b82f3771bd599659427f24167638700291e28c41c813
TCS-7221	FPRAS for #BIS	Counting and enumeration	not_shortlisted	a845a566db5fb1b538e328c12ae582e43e209ff71047fbe709905b25e751aee1
TCS-7222	Graph isomorphism in polynomial time	Structural graph theory and graph algorithms	not_shortlisted	d194793c0ea271f0130a9fe14fcf055ebfb8675348967cee2ad7331a21977ab5
TCS-7223	Linear-size circuits for integer multiplication	Algebraic computation	not_shortlisted	cd061c5dd93d721e861dc8955b2eed79035642f522978f425be97dc5a5360639
TCS-7224	Polynomial-time computation of addition-chain length	Algebraic computation	not_shortlisted	64bcee3797908e962e4b314cddbac4e6b83fd4badab80749dbb41cc9bc4a274b
TCS-7225	PZK versus SZK	Cryptography	not_shortlisted	e7c49280ccb2f5631cef30e8f5964d1695924c59741a78157f913f9336e503c7
TCS-7226	Woodall’s conjecture	Optimization and numerical computation	not_shortlisted	596a71e3dc371c86b46de5a37d6586154fe08e69d0b8a7f5b33b58f62474a814
TCS-7227	Conforti–Cornuéjols conjecture	Optimization and numerical computation	not_shortlisted	5a26c234ccdd44530a177c69d04df8a0457dba0b77fd674e142b4d9760224df7
TCS-7228	Exact directed maximum flow in \(O((m+n) \operatorname{polylog} n)\) time	Structural graph theory and graph algorithms	not_shortlisted	6927364e9ab5ec2ee615054a8934dd6df5bd6bbb846a13b6ae20b24693ff250c
TCS-7229	Key agreement from one-way functions	Cryptography	not_shortlisted	53613949b7e482b236db430b4cc151cdcea204c2348ef06caf1a150651f00dfc
TCS-7230	Tarski’s exponential function problem	Semantics, logic and verification	not_shortlisted	7ed0f3eac2c6a62a2a13c3b2b8d40f6bc7c791622e8b4653cb4ac67e0f8c86f9
TCS-7231	P-matrix linear complementarity in polynomial time	Optimization and numerical computation	not_shortlisted	74fb171e66e8e1ad267bb7676f860dff01dfb9c77ff9d2342416e2601ec5b4fa
TCS-7232	Asser’s problem	Database theory and finite model theory	not_shortlisted	68f87f85b9fc6525237f045f83ddef07c1787652bc5686278e2e0aadfcda6653
TCS-7233	Breaking the \(2^{n}\) barrier for weighted TSP	Parameterized complexity and algorithms	not_shortlisted	07449b10a370f4f4b2baaa8758f7b2dbb13606885875eb08b0b2ded8727ed956
TCS-7234	Quantum polynomial-factor approximation of Euclidean SVP	Lattices and computational number theory	not_shortlisted	ec5701980a77bac7d66f4470e5df928727056a902999c04491735701fcf2786b
TCS-7235	Almost-linear-time \((1+\varepsilon )\)-approximation of edit distance	String algorithms and computational biology	not_shortlisted	dce7180d3b671219e2794d40319d85ce6c0f8c24672c3552163fa3e24acca5a3
TCS-7236	Polynomial-time private release of all marginals	Differential privacy	not_shortlisted	771bdc8470caca63cff98888a8a8854828f9bb1ec35f4221dd982cc5c13e03c5
TCS-7237	Hardness of 6-coloring 3-colorable graphs	Constraint satisfaction	not_shortlisted	5f628a78389e75867aee68db5dd825f3791cf3f6bafc1a58a6fa85c74535d288
TCS-7238	Polynomial-time refutation of random 3-SAT at constant density	Beyond worst-case and average-case analysis	not_shortlisted	3c042142cb04130d8c5234bfb34cf20187fa18d077982a480dd33a0a64bef380
TCS-7239	Greedy CDCL without restarts versus resolution	Automated reasoning, rewriting and unification	not_shortlisted	7fc5ed4fd381c3a6a27086532501e9ddc036948321d12b25df7e2d0671024209
TCS-7240	Output-polynomial vertex enumeration	Counting and enumeration	not_shortlisted	b3e10929c5edd88c198e8d17a2b626bb9c3038efb782dbc31583213cc96b8237
TCS-7241	FPT approximation of twin-width	Parameterized complexity and algorithms	not_shortlisted	9bbfeb4f5d17d88ace1288e208cb212d8aa030fe1907b3591c7069b813be9fdc
TCS-7242	Decidability of PL four-sphere recognition	Geometry, topology and metric spaces	not_shortlisted	26a95b74e8dfd96c28aeed07f9d256e1412018ae8f7a54dc0dfbceb925d9d400
TCS-7243	Linear-size circuits for stable ternary compaction	Computational complexity	not_shortlisted	0f5be25fe04bc234384bc071a50680e53563976c9bb5eeea6b87b91ad93e7e4b
TCS-7244	Boolean dimension of posets with planar cover graphs	Structural graph theory and graph algorithms	not_shortlisted	c9eb993ffad8701bab51f27877ecb7c9465242005159629340d4d609c367380b
TCS-7245	Constant-factor treewidth preservation by subcubic subgraphs	Structural graph theory and graph algorithms	not_shortlisted	0fc850c8dd554a24e322140237bbde5f5dd59628e246d83f6825f6182580854d
TCS-7247	Independent set algorithms from tropical circuit size	Parameterized complexity and algorithms	not_shortlisted	70ea107a3f0194b44cfb16fa556ca547544871c61fe69cec3d7c6cc8d10d9ed8
TCS-7248	Tutte’s 5-flow conjecture	Structural graph theory and graph algorithms	not_shortlisted	cb3cc93cfdace6b44f7876faa2a0cabea64d5691f7ef7b8c4c090ce0669eba15
TCS-7249	Berge–Fulkerson conjecture	Structural graph theory and graph algorithms	not_shortlisted	7b4400c737aaecf343712b6021eea2a7834abed324af6f00211be552d8ddc2b7
TCS-7250	Barnette’s conjecture	Structural graph theory and graph algorithms	not_shortlisted	3549f0725710633aeca0b1571b2cf3376d4c1f997ff724a6db2850567757e20d
TCS-7251	Caccetta–Häggkvist conjecture	Structural graph theory and graph algorithms	not_shortlisted	b89d55bb1f318beca7cbc60302017adc5e972baeced7100ac6fa3583de06ffa7
TCS-7252	Triangle covering-to-packing ratio	Structural graph theory and graph algorithms	not_shortlisted	ef44a887e17adb0c2d04992458f35c6f94632a707e5f7eb3794fb5768f8b33db
TCS-7253	Seymour’s second-neighborhood conjecture	Structural graph theory and graph algorithms	not_shortlisted	ec3f5948a5b8cd8424c0d2f485e700ed1a7987433c07839c298c93346624aa18
TCS-7254	Neumann–Lara conjecture	Structural graph theory and graph algorithms	not_shortlisted	9db03775cd847c2ae5cde56d21cc243974b4e64ab0ac9ef5b649859128a30f66
TCS-7256	Reversible simulation in polynomial time and linear space simultaneously	Computational complexity	not_shortlisted	39139b735a412768598300d23f825ae886358de1e68e86aa6e1e3edf0397a13a
TCS-7257	Formula versus circuit noise thresholds	Computational complexity	not_shortlisted	cdbe4fa9cb2d58e354fc39d5659b503f969a2c423087ac9d6a72cccaf42c40af
TCS-7259	Two-dimensional sandpile prediction in NC	Distributed, parallel and sublinear algorithms	not_shortlisted	23503291baa80f93f822db0897bcc68bcc5594c41a4c050e65c946e231f63bdb
TCS-7260	Closure of d-DNNF under negation	Computational complexity	not_shortlisted	4b36d0b108584cc8b091025bd139bbac42cb18a7d4980ca955a2702142c577e4
TCS-7261	Linear-time minimization of deterministic finite automata	Automata and formal languages	not_shortlisted	cd5b403621e401ab3ea5ea58efbe811bb26dac0e716d5a41f6bd8b607d188dd2
TCS-7262	Strassen’s asymptotic rank conjecture	Algebraic computation	not_shortlisted	65188155b6106d3fe2a183ca5197a6d3efe52962064009b7d8c6e7d41b8898a2
TCS-7263	Linear-time directed shortest paths with positive integer weights	Structural graph theory and graph algorithms	not_shortlisted	7d2887cf079eca2ac0d1fe5407acf807939cd4a22a89277475f5c2db106244a5
TCS-7264	Single-exponential dependence on dimension for integer programming	Optimization and numerical computation	not_shortlisted	a489113e6a06770bf0d1bb16562d1ef41a75f07bd745dae47878d882d2732660
TCS-7265	Deterministic polynomial-time construction of a prime of a given bit length	Lattices and computational number theory	not_shortlisted	1d75b6b10c74659530a48e28a44f6d05d01434c1121b2bd6cdaa46a43d3ffcca
TCS-7266	Constant-factor approximation for uniform Sparsest Cut	Approximation algorithms and inapproximability	not_shortlisted	f2896154adf33ebbab5763015d0c8f22f83d1439f6cb4ede039a20fcc8c49ce1
TCS-7267	Binary codes beyond the Gilbert–Varshamov bound	Coding and information theory	not_shortlisted	7eed4486f520f3827ee9cf4a0aeccdc3425e85510d5a079ef4cd4cdd759fa95c
TCS-7268	Sliding-scale PCP conjecture	Computational complexity	not_shortlisted	36a00c69cd735fe0b4f244c08625114e9643dcbe50a679a5b3459cadd5a1241b
TCS-7269	Optimal multilinear-formula size of the permanent	Algebraic computation	not_shortlisted	d8d8c80f07447fe7873d6757543e7eab779ab2c543bbc52543217817ca72421c
TCS-7270	Linear-size Circuit-SAT below exhaustive search	Fine-grained complexity	not_shortlisted	d4d295bfcfa9e8a52678f0d8a29f23c5a82a2b1cb53546a2362daab4a8604336
TCS-7271	Two-source extraction at log n plus constant entropy	Pseudorandomness and derandomization	not_shortlisted	59a1e952dbeb804860b0e55caf8e143e313de7fb177d100a8eb32f675297abb5
TCS-7272	Noninteractive SZK versus SZK	Cryptography	not_shortlisted	3091fa2546124ba5c068249a3180fb61024cefd142575480939e4952f95f7273
TCS-7273	Complete disjoint NP pairs	Proof complexity	not_shortlisted	6a391e5405dcd3b4f814b391ab5f856918f5127c7f804923dfd30b48ec0e27e4
TCS-7274	One-way functions in \(\mathrm{NC}^{0}\) from one-way functions	Cryptography	not_shortlisted	c8db458a7a87d6f5fda6c906bd5e1ea49774f8ae136ebfb891964f842ee2dc9f
TCS-7276	Average-case RSA inversion versus factoring for exponent 65537	Cryptography	not_shortlisted	f44e1e412bffa67229bdbab95c3ac8d77ac37f4099a99c6e1d9fb13ab8278ade
TCS-7277	Fully homomorphic encryption from public-key encryption	Cryptography	not_shortlisted	484a8fa7be41c6b6f1c5a236498e4389bde81d27794c440ed9d5df7ffbbd50f0
TCS-7278	Identity-based encryption from arbitrary public-key encryption	Cryptography	not_shortlisted	5f111f5dd9393227beeb25d29cd795fcb4068152d43fc49f23c2ae6d29ed1ceb
TCS-7281	Unconditional NP-hardness at the Goemans–Williamson Max-Cut threshold	Approximation algorithms and inapproximability	not_shortlisted	4867c22e5d737423de54a7b55928a68a3905a6bf300cac71981a5cad1daaa1d1
TCS-7282	Vertex Cover approximation below factor two	Approximation algorithms and inapproximability	not_shortlisted	e6d9a7101d0428e65556bba7850b49ed1a343a9bccf6bbd98d3c06a17558f893
TCS-7283	Superpolynomial semidefinite extension complexity of perfect matching	Optimization and numerical computation	not_shortlisted	ae4cb249a86388c3b5c64a7dde7d77a02fb5334e2e51c49d9fec3ae157ed18af
TCS-7285	Strongly explicit Ramanujan families for every degree	Structural graph theory and graph algorithms	not_shortlisted	b384f2dfb0f1a2f676bcb649adc1d2c73df3eafa4ecf1da7d29a48fd1579f679
TCS-7286	CLS versus FP	Computational complexity	not_shortlisted	1d2d74bf0e5aa418a7cabfe0d3d9bf15f494564f71dafc867db7b0a51f2f347d
TCS-7287	Square-root logarithmic approximation for metric labeling	Approximation algorithms and inapproximability	not_shortlisted	b2dbb6fc70af8a5e5ab6be5882ead4818e88335b74c7cbca5172460493719caa
TCS-7288	Adaptivity gap of influence maximization with full feedback	Beyond worst-case and average-case analysis	proposed_candidate	9d4bb70b4420153d53bd443cfc6e0583a3bb831bf957fc73cec6d389ccc32985
TCS-7289	Lovász conjecture	Structural graph theory and graph algorithms	not_shortlisted	a51191fdebdb6ba3027970b8dea3d9369454d8aaa125934fbf53b289c0f86807
TCS-7290	Extremal size of sunflower-free set families	Miscellaneous	not_shortlisted	d1c0c41d2d98cb755de4b8833fcb749b8796687219eeb9837bd810599a2e223d
TCS-7292	Polynomial-time recognition of the 3-sphere	Geometry, topology and metric spaces	not_shortlisted	6c630a44f5fd902fa2af6d5b03368a38ee548a36f661f1182647ed81a7cb542d
TCS-7293	Distribution-free improper learning of two unrestricted halfspaces	Learning theory	not_shortlisted	3c02856fb1e73a61987702341fc52a983fa73cc1a7218aa0d893585315976f01
TCS-7294	Learning decision trees from uniform random examples in polynomial time	Learning theory	not_shortlisted	d57c6b7ace72f760343951775c17f0a3040228d0f777088775c086e92c57084e
TCS-7297	Optimal \(\ell\)\(_{1}\) distortion of edit distance	String algorithms and computational biology	not_shortlisted	bcfa0e351c2e61566256b81e4708e97628ff81c8e6ec339422336ee9c9415178
TCS-7298	Constant-factor entrywise \(\ell\)\(_{1}\) rank-k approximation with variable k	Optimization and numerical computation	not_shortlisted	ff77ba59720ffbf050279ee53552d90843fe11b08c3730f668076ddd8da264fd
TCS-7308	Bell nonlocality from finitely many copies of every entangled state	Quantum computation and information	not_shortlisted	4520164728aeb2c81d2498b13bc081814a8582a4a1dbee76a7ece309d57f9115
TCS-7309	Decidability with two parametric clocks and arbitrarily many integer parameters	Automata and formal languages	not_shortlisted	d191cc35872f73f277f8615f465a371e2595be0fe998e898ac34530d7ce83056
TCS-7310	Unconditional decidability of exact time-bounded CTMDP reachability	Semantics, logic and verification	not_shortlisted	d017872ee78c6eaab380156d5d60fafd2e63371c5870f3e57d810b74d383b2ac
TCS-7312	Fixed-parameter tractability of graph isomorphism by rank-width	Parameterized complexity and algorithms	not_shortlisted	bb297aba168e4f693aa6a89d769a8e566d1741fbc436deb01e70af2fb3f1a8b3
TCS-7313	ETH versus Gap-ETH	Fine-grained complexity	not_shortlisted	bd6d3b0027e7a5e4e88b7f695c1b957d22067a677e637375ce6b5c0a9c4134c7
TCS-7314	Komlós conjecture	Optimization and numerical computation	not_shortlisted	9c73f9457c0e12ec2638483d95b8cf724dd513d702b13803edc3b03a7ff73b4a
TCS-7315	Beck–Fiala conjecture	Optimization and numerical computation	not_shortlisted	461b2e4966608cf826548d725f1ff99876f2f967613d4a6f8325f2889847e908
TCS-7316	Matroid secretary conjecture	Online algorithms, scheduling and packing	not_shortlisted	ddddb545849468bca64e08c73a7ef4882767f31289ab09f6db7e663baa05ea51
TCS-7317	Randomized competitiveness of k-server	Online algorithms, scheduling and packing	not_shortlisted	e5640d876f2c6f02b471854d2c268053ced5532a54e1c1a280f45741adc79d4b
TCS-7318	Constant-factor approximation for Dasgupta’s hierarchical clustering objective	Approximation algorithms and inapproximability	not_shortlisted	e3e3bcc54a80582b707efb38e8759eaa0c8e6c3de3775014f5d9f8858f053aaf
TCS-7319	Minimax rate of sequential binary calibration	Online algorithms, scheduling and packing	not_shortlisted	2d98ec8beb054a229dc94dbc05fdcd6cb0ac5566fc710b6fb78347dd0677cfdb
TCS-7320	#BIS-easiness of Boolean log-supermodular counting CSPs	Counting and enumeration	not_shortlisted	94ed940b109f77c68d427c949f31b06b2683569ab36792ac65f4c598597937bf
TCS-7321	\(\mathrm{P}_{R}\) versus \(\mathrm{NP}_{R}\) in the Blum–Shub–Smale model	Computational complexity	not_shortlisted	0c5deed64fb73c6dcf0d833563fe53f53bf729fd6561507a245d669e1090bba7
TCS-7322	Optimal approximation ratio for shortest common superstring	String algorithms and computational biology	not_shortlisted	3e33e6990c8db20ad24046553eb510f304e8c89075d06e9fc0680ffb77aca997
