id	outcome	previous_title	reviewed_title	concurrent_removal_reason
TCS-0001	renamed	Does P equal NP?	P versus NP	
TCS-0002	renamed	Does every unsatisfiable Boolean formula have a short efficiently checkable certificate?	NP versus coNP	
TCS-0003	renamed	Can randomness always be removed from polynomial-time decision algorithms?	P versus BPP	
TCS-0004	renamed	Can directed reachability be decided in deterministic logarithmic space?	L versus NL	
TCS-0005	renamed	Does the permanent have polynomial-size arithmetic circuits?	VP versus VNP	
TCS-0006	renamed	Unique Games: is near-satisfiability NP-hard to distinguish from low value?	Unique Games Conjecture	
TCS-0007	renamed	Is the matrix multiplication exponent equal to two?	Matrix multiplication exponent	
TCS-0008	renamed	Does general rational linear programming have a strongly polynomial algorithm?	Strongly polynomial linear programming	
TCS-0009	retained	Explicit univariate arithmetic circuit lower bounds	Explicit univariate arithmetic circuit lower bounds	
TCS-0010	retained	Superlinear constant-degree arithmetic circuit lower bounds	Superlinear constant-degree arithmetic circuit lower bounds	
TCS-0011	retained	Existence of complete EFX allocations for additive valuations	Existence of complete EFX allocations for additive valuations	
TCS-0012	renamed	Does P≠NP imply a samplable NP problem outside AvgP?	Average-case NP hardness from P ≠ NP	
TCS-0013	retained	Efficient explicit constant-rate tree codes	Efficient explicit constant-rate tree codes	
TCS-0014	retained	Cubic monotone formulas for majority	Cubic monotone formulas for majority	
TCS-0015	renamed	An explicit function with no linear-size Boolean circuits	Superlinear Boolean circuit lower bounds	
TCS-0016	retained	Exponential circuit lower bounds for 3-SAT	Exponential circuit lower bounds for 3-SAT	
TCS-0017	renamed	Karchmer–Raz–Wigderson formula composition conjecture	Karchmer–Raz–Wigderson conjecture	
TCS-0018	retained	P versus NP intersect coNP	P versus NP intersect coNP	
TCS-0019	retained	Polynomial formulas versus linear circuits	Polynomial formulas versus linear circuits	
TCS-0020	retained	Polynomial-size circuits for EXP	Polynomial-size circuits for EXP	
TCS-0021	renamed	Does NP contain a language without polynomial-size Boolean circuits?	NP versus P/poly	
TCS-0022	renamed	Does P≠NP imply the existence of one-way functions?	One-way functions from P ≠ NP	
TCS-0024	retained	Frege lower bounds from circuit hardness	Frege lower bounds from circuit hardness	
TCS-0025	retained	Superpolynomial lower bounds for unrestricted Frege proofs	Superpolynomial lower bounds for unrestricted Frege proofs	
TCS-0026	renamed	Does deterministic logarithmic space equal bounded-error randomized logarithmic space?	L versus BPL	
TCS-0027	retained	Black-box unitary synthesis	Black-box unitary synthesis	
TCS-0028	retained	Injective quantum oracles: standard versus erasing access	Injective quantum oracles: standard versus erasing access	
TCS-0029	retained	Maximum randomized-versus-quantum gap for total functions	Maximum randomized-versus-quantum gap for total functions	
TCS-0030	retained	Oracle separation of BQP from efficient-prover interactive proofs	Oracle separation of BQP from efficient-prover interactive proofs	
TCS-0031	retained	Oracle separation of BQP from IP	Oracle separation of BQP from IP	
TCS-0033	retained	Quantum query complexity versus bounded approximate degree	Quantum query complexity versus bounded approximate degree	
TCS-0034	retained	Quantum query–space tradeoffs for collisions and distinctness	Quantum query–space tradeoffs for collisions and distinctness	
TCS-0036	renamed	Does BPP differ from BQP?	BPP versus BQP	
TCS-0037	retained	NP outside BQP	NP outside BQP	
TCS-0042	renamed	Is there an algorithm to compute the stable image of an endomorphism of a free group?	Computing stable images of free-group endomorphisms	
TCS-0046	retained	Complexity of solving tropical or min-plus linear systems	Complexity of solving tropical or min-plus linear systems	
TCS-0047	retained	Complexity of testing membership to Kronecker polytopes	Complexity of testing membership to Kronecker polytopes	
TCS-0051	retained	Explicit dispersers for large quadratic-system solution sets	Explicit dispersers for large quadratic-system solution sets	
TCS-0053	retained	Sign-representation	Sign-representation	
TCS-0054	renamed	Tensor Decompositions: Algorithms up to the Uniqueness Threshold?	Tensor decomposition at the uniqueness threshold	
TCS-0055	renamed	Sum of Square Roots	Sum-of-square-roots problem	
TCS-0056	retained	Best α for α-MMS existence	Best α for α-MMS existence	
TCS-0064	retained	Condorcet outcome for m independent binary issues	Condorcet outcome for m independent binary issues	
TCS-0067	concurrently_deleted			Removed on 2026-09-12 in the user-authorized specify-or-delete review. The source combines several fairness criteria and valuation domains, with no selected remaining classification or approximation target. Editorial removal of an incompletely specified benchmark, not a resolution claim. Saved source: https://doi.org/10.4230/DagRep.12.11.28.
TCS-0068	retained	AC0 on trees	AC0 on trees	
TCS-0071	renamed	Proof systems computed by NC0 circuit families.	NC⁰ proof systems	
TCS-0073	retained	Complexity of mixed equilibria in identical-payoff polymatrix games	Complexity of mixed equilibria in identical-payoff polymatrix games	
TCS-0076	concurrently_deleted			Removed on 2026-09-12 in the user-authorized specify-or-delete review. The positive exchange-market claim has no common effective utility interface or exact-versus-approximate equilibrium contract across the proposed families. Editorial removal of an incompletely specified benchmark, not a resolution claim. Saved source: https://doi.org/10.4230/DagRep.4.8.73.
TCS-0088	renamed	Best approximation ratio for Max Di-Cut	Optimal approximation of Max Di-Cut	
TCS-0092	renamed	Complete techniques for deducing Fair Almost-Sure Termination	Complete methods for fair almost-sure termination	
TCS-0094	renamed	Do probabilities matter for resolving nondeterminism?	Uniform versus arbitrary stochastic resolvers	
TCS-0095	retained	Efficient LRS evaluation	Efficient LRS evaluation	
TCS-0096	retained	Fine-grained complexity of language emptiness for deterministic PDA	Fine-grained complexity of language emptiness for deterministic PDA	
TCS-0109	retained	Functions Weakly-Computable by Vector Addition Systems	Functions Weakly-Computable by Vector Addition Systems	
TCS-0111	retained	Lower bounds for determinizability of weighted automata over \(\mathbb Q\)	Lower bounds for determinizability of weighted automata over \(\mathbb Q\)	
TCS-0114	retained	Satisfiability of String Constraints with Subsequence relation	Satisfiability of String Constraints with Subsequence relation	
TCS-0120	renamed	Constructive Zermelo's Problem	Constructive Zermelo problem	
TCS-0126	renamed	The Parity Language	Parity language	
TCS-0128	retained	Better bounds on complementing unambiguous automata	Better bounds on complementing unambiguous automata	
TCS-0133	retained	Stronger versions of inclusion of probabilistic automata	Stronger versions of inclusion of probabilistic automata	
TCS-0135	renamed	The zeroness problem	Zeroness problem	
TCS-0136	retained	Universality of register automata over ordered domains	Universality of register automata over ordered domains	
TCS-0137	renamed	What is the complexity of constructing unambiguous automata	Complexity of constructing unambiguous automata	
TCS-0138	retained	Deterministic separability of nondeterministic timed languages	Deterministic separability of nondeterministic timed languages	
TCS-0146	retained	Complexity of universality for unambiguous context-free grammars	Complexity of universality for unambiguous context-free grammars	
TCS-0154	retained	Separating words problem	Separating words problem	
TCS-0156	retained	Universality for unambiguous automata	Universality for unambiguous automata	
TCS-0163	retained	Complexity of satisfiable word equations	Complexity of satisfiable word equations	
TCS-0164	retained	Equivalence for unambiguous grammars	Equivalence for unambiguous grammars	
TCS-0167	retained	Primitive words and context-freeness	Primitive words and context-freeness	
TCS-0168	retained	Word-automaton recognition of tree languages	Word-automaton recognition of tree languages	
TCS-0171	renamed	What is the exact complexity of word unification?	Complexity of word unification	
TCS-0173	renamed	Is unification of patterns modulo any set of variable-preserving equations decidable?	Pattern unification modulo variable-preserving equations	
TCS-0178	retained	Bounded-alphabet approximation of entropy-region faces	Bounded-alphabet approximation of entropy-region faces	
TCS-0184	retained	Entropic matroid approximations approaching unit ratio	Entropic matroid approximations approaching unit ratio	
TCS-0187	retained	Field dependence of linear-rank inequalities	Field dependence of linear-rank inequalities	
TCS-0188	retained	Finite inference systems for structural semigraphoids	Finite inference systems for structural semigraphoids	
TCS-0189	retained	Finite versus countable-support entropy regions	Finite versus countable-support entropy regions	
TCS-0194	retained	Maximum entropy versus the Copy lemma	Maximum entropy versus the Copy lemma	
TCS-0195	retained	Non-entropic extreme entropy-cone rays	Non-entropic extreme entropy-cone rays	
TCS-0196	retained	Polyhedrality of linear-rank inequality cones	Polyhedrality of linear-rank inequality cones	
TCS-0198	retained	Rational certificates for max-linear information inequalities	Rational certificates for max-linear information inequalities	
TCS-0205	renamed	The infimum of the Ingleton score	Infimum of the Ingleton score	
TCS-0218	retained	Cryptogenography	Cryptogenography	
TCS-0220	retained	External Information and Amortized Expected Communication	External Information and Amortized Expected Communication	
TCS-0222	retained	Merlin–Arthur Communication Complexity of Connectivity	Merlin–Arthur Communication Complexity of Connectivity	
TCS-0238	retained	An algorithmic Ahlswede–Körner lemma	An algorithmic Ahlswede–Körner lemma	
TCS-0240	retained	Communication for algorithmic secret-key agreement	Communication for algorithmic secret-key agreement	
TCS-0246	concurrently_deleted			Removed on 2026-09-12 in the user-authorized specify-or-delete review. Q16 is explicitly an informal program about search with a Kolmogorov oracle, without a selected search relation or classification criterion. Editorial removal of an incompletely specified benchmark, not a resolution claim. Saved source: https://www.cs.umd.edu/~gasarch/open/kolm.pdf.
TCS-0247	retained	Equivalence of Shannon and algorithmic network coding	Equivalence of Shannon and algorithmic network coding	
TCS-0250	retained	Halving all complexities of a string tuple	Halving all complexities of a string tuple	
TCS-0254	retained	Networks characterized by information-flow inequalities	Networks characterized by information-flow inequalities	
TCS-0263	concurrently_deleted			Removed on 2026-09-12 in the user-authorized specify-or-delete review. The universal competitor representation quantifier is not reconciled with the finite-global-modulus hypothesis; choosing a restriction would alter the existence claim. Editorial removal of an incompletely specified benchmark, not a resolution claim. Saved source: https://doi.org/10.4230/DagRep.11.10.72.
TCS-0275	concurrently_deleted			Removed on 2026-09-12 in the user-authorized specify-or-delete review. The inherited record combines two different analytic-choice/recursion comparisons and does not supply a complete effective-reduction convention for a single chosen target. Editorial removal of an incompletely specified benchmark, not a resolution claim. Saved source: https://doi.org/10.4230/DagRep.8.9.1.
TCS-0277	concurrently_deleted			Removed on 2026-09-12 in the user-authorized specify-or-delete review. The well-ordering contribution lists optional classification subprojects and alternative comparison notions rather than a fixed represented operator. Editorial removal of an incompletely specified benchmark, not a resolution claim. Saved source: https://doi.org/10.4230/DagRep.8.9.1.
TCS-0279	retained	Extraction of mutual information about two strings	Extraction of mutual information about two strings	
TCS-0287	retained	Strong extractors for infinite sequences	Strong extractors for infinite sequences	
TCS-0290	retained	van Lambalgen-type theorem for time-bounded Kolmogorov complexity	van Lambalgen-type theorem for time-bounded Kolmogorov complexity	
TCS-0292	renamed	Can Sherali–Adams prove the totality of rwPHP(PLS) in low degree?	Low-degree Sherali–Adams proofs of rwPHP(PLS)	
TCS-0293	retained	Subquadratic deterministic simulation of nondeterministic space	Subquadratic deterministic simulation of nondeterministic space	
TCS-0295	retained	Sampling modular distributions locally	Sampling modular distributions locally	
TCS-0297	renamed	A counting function capturing exactly P with NP access	A counting characterization of P with NP access	
TCS-0298	retained	SAT multi-prover proofs using efficient SAT-oracle provers	SAT multi-prover proofs using efficient SAT-oracle provers	
TCS-0300	renamed	The randomized complexity of online labeling	Randomized complexity of online labeling	
TCS-0301	retained	Excluding one-sided randomized quasilinear-time log-space SAT	Excluding one-sided randomized quasilinear-time log-space SAT	
TCS-0302	retained	Excluding quasilinear-time log-space Max Clique	Excluding quasilinear-time log-space Max Clique	
TCS-0303	retained	Stronger log-space time lower bounds for SAT	Stronger log-space time lower bounds for SAT	
TCS-0304	retained	Stronger uniform depth-three majority lower bounds for SAT	Stronger uniform depth-three majority lower bounds for SAT	
TCS-0305	retained	Supercubic uniform formula lower bounds for SAT	Supercubic uniform formula lower bounds for SAT	
TCS-0306	retained	Efficient negation of d-DNNFs	Efficient negation of d-DNNFs	
TCS-0308	retained	Formula versus circuit succinctness	Formula versus circuit succinctness	
TCS-0309	retained	Recognizing evasive Boolean functions	Recognizing evasive Boolean functions	
TCS-0310	renamed	Is weighted falsifiability of unambiguous DNFs in polynomial time?	Polynomial-time weighted falsifiability of unambiguous DNFs	
TCS-0315	retained	Fat Minors	Fat Minors	
TCS-0318	concurrently_deleted			Removed on 2026-09-12 in the user-authorized specify-or-delete review. The counted quantity is precise, but this card has no non-tautological accepted answer representation for the requested full two-parameter asymptotic formula; imposing a formula grammar or selecting a particular conjectured bound would add a target. Editorial removal of an incompletely specified benchmark, not a resolution claim. Saved source: https://topp.openproblem.net/p7.
TCS-0326	retained	Similarity of Curves (Fréchet Distance)	Similarity of Curves (Fréchet Distance)	
TCS-0327	retained	Simple Polygonalizations	Simple Polygonalizations	
TCS-0328	retained	Sparse (1 + ϵ)-emulator for Euclidean Point Sets	Sparse (1 + ϵ)-emulator for Euclidean Point Sets	
TCS-0331	retained	Treewidth of 3-Manifolds	Treewidth of 3-Manifolds	
TCS-0340	retained	Average Distortion Embeddings	Average Distortion Embeddings	
TCS-0344	retained	Additivity of extension complexity under Cartesian products	Additivity of extension complexity under Cartesian products	
TCS-0363	retained	Negative cycles on surface embedded graphs	Negative cycles on surface embedded graphs	
TCS-0377	retained	Smallest Universal Set of Points for Planar Graphs	Smallest Universal Set of Points for Planar Graphs	
TCS-0381	retained	Flip Graph Connectivity in 3D	Flip Graph Connectivity in 3D	
TCS-0382	retained	General Unfoldings of Nonconvex Polyhedra	General Unfoldings of Nonconvex Polyhedra	
TCS-0387	retained	Dynamic Planar Nearest Neighbors	Dynamic Planar Nearest Neighbors	
TCS-0388	renamed	Can all pairwise sums X+Y be sorted in quadratic time?	Sorting X + Y	
TCS-0398	retained	Planar Euclidean Maximum TSP	Planar Euclidean Maximum TSP	
TCS-0403	retained	Euclidean Minimum Spanning Tree	Euclidean Minimum Spanning Tree	
TCS-0406	renamed	Edge-Unfolding Convex Polyhedra	Dürer’s conjecture	
TCS-0408	retained	Minimum Euclidean Matching in 2D	Minimum Euclidean Matching in 2D	
TCS-0409	retained	Minimum-Link Path in 2D	Minimum-Link Path in 2D	
TCS-0410	retained	Output-sensitive Convex Hull in \R^d	Output-sensitive Convex Hull in \R^d	
TCS-0411	retained	Point Location in 3D Subdivision	Point Location in 3D Subdivision	
TCS-0412	retained	Polygonal Curve Simplification	Polygonal Curve Simplification	
TCS-0414	retained	Surface Reconstruction	Surface Reconstruction	
TCS-0416	retained	Visibility Graph Recognition	Visibility Graph Recognition	
TCS-0417	retained	Voronoi Diagram of Lines in 3D	Voronoi Diagram of Lines in 3D	
TCS-0419	retained	coNP certificates for three-manifold homeomorphism	coNP certificates for three-manifold homeomorphism	
TCS-0423	retained	Efficient algorithms for multiparameter persistence	Efficient algorithms for multiparameter persistence	
TCS-0427	retained	NP certificates for homeomorphism of three-manifolds	NP certificates for homeomorphism of three-manifolds	
TCS-0428	retained	NP recognition of closed hyperbolic three-manifolds	NP recognition of closed hyperbolic three-manifolds	
TCS-0430	retained	NP-hardness of three-manifold homeomorphism	NP-hardness of three-manifold homeomorphism	
TCS-0432	retained	Polynomial flip-distance bounds for three-manifold triangulations	Polynomial flip-distance bounds for three-manifold triangulations	
TCS-0441	retained	Characterizing CSP languages with linear non-redundancy	Characterizing CSP languages with linear non-redundancy	
TCS-0444	retained	Polynomial kernels for Boolean MinCSP	Polynomial kernels for Boolean MinCSP	
TCS-0453	retained	Sparse matrices for LPN	Sparse matrices for LPN	
TCS-0464	retained	Information leakage in distributed OR	Information leakage in distributed OR	
TCS-0465	renamed	Can every perfect secret-sharing access structure use shares below exponent one half?	Sub-square-root share-size exponents in perfect secret sharing	
TCS-0467	renamed	Can LZ77 random access use linear compressed space and logarithmic query time?	Linear-space LZ77 random access	
TCS-0468	renamed	Can pattern matching run in linear time in the LZ77 input size?	Linear-time LZ77 pattern matching	
TCS-0469	renamed	What is the deterministic round complexity of maximum independent set in the congested clique?	Maximum independent set in the congested clique	
TCS-0470	renamed	Can grammar random access use O(g log g) bits with logarithmic query time?	Grammar random access in O(g log g) bits	
TCS-0478	renamed	Can exact fully dynamic APSP have edge-linear amortized updates and polylogarithmic queries?	Dynamic APSP with edge-linear updates	
TCS-0481	renamed	Do single-pair shortest paths require cubic-size min-plus circuits?	Cubic min-plus circuit lower bounds for shortest paths	
TCS-0482	renamed	Does naive evaluation over p-stable semirings converge in O((p+1)n) rounds?	Linear-round convergence over stable semirings	
TCS-0487	retained	Complexity of polymatroid query-size bounds	Complexity of polymatroid query-size bounds	
TCS-0488	retained	Computability of entropic query-size bounds	Computability of entropic query-size bounds	
TCS-0491	renamed	Can every fixed-dimensional Tarski problem be solved with O(log² n) queries?	Log-squared query complexity for fixed-dimensional Tarski	
TCS-0492	renamed	Is containment of conjunctive queries under bag semantics decidable?	Conjunctive-query containment under bag semantics	
TCS-0494	retained	Finite controllability from bounded derivation	Finite controllability from bounded derivation	
TCS-0496	retained	Necessary size of query lineages	Necessary size of query lineages	
TCS-0499	retained	Query evaluation with treewidth parameter	Query evaluation with treewidth parameter	
TCS-0500	retained	Recognizing safe probabilistic queries	Recognizing safe probabilistic queries	
TCS-0502	retained	Tractable probability versus tractable lineage	Tractable probability versus tractable lineage	
TCS-0504	retained	Uniform algorithms across tractable CSPs	Uniform algorithms across tractable CSPs	
TCS-0505	retained	Uniform reliability of homomorphism-closed queries	Uniform reliability of homomorphism-closed queries	
TCS-0506	renamed	Is private PAC sample complexity polynomial in VC dimension and log-star Littlestone dimension?	Private PAC sample complexity from VC and Littlestone dimensions	
TCS-0507	renamed	Optimal Rates for Stochastic Decision-Theoretic Online Learning Under Differentially Privacy	Optimal regret for private stochastic online learning	
TCS-0510	renamed	Do you pay for Privacy in Online learning?	Cost of privacy in online learning	
TCS-0512	retained	Constant-locality non-signaling versus quantum LCL separation	Constant-locality non-signaling versus quantum LCL separation	
TCS-0515	renamed	Does sublinear deterministic volume always collapse to O(log* n)?	Deterministic volume gap	
TCS-0517	renamed	Can deterministic LOCAL coloring use a near-linear palette in log-star n rounds?	Near-linear-palette LOCAL coloring in O(log* n) rounds	
TCS-0519	retained	Bipartite maximal matching with polynomial-in-degree volume	Bipartite maximal matching with polynomial-in-degree volume	
TCS-0522	retained	Quantum 3-coloring of cycles in o(log* n) rounds	Quantum 3-coloring of cycles in o(log* n) rounds	
TCS-0524	renamed	Can deterministic (Delta+1)-coloring beat square-root dependence on degree?	LOCAL coloring below square-root degree dependence	
TCS-0535	retained	Vertex Connectivity in the LOCAL Model	Vertex Connectivity in the LOCAL Model	
TCS-0536	renamed	An Open Problem in Dynamic Edge Coloring	Dynamic edge coloring	
TCS-0537	renamed	Open Problem: Dynamic Brooks’ Theorem	Dynamic Brooks’ theorem	
TCS-0538	renamed	Open Problem: Low-Degree Spanning Tree	Low-degree spanning trees	
TCS-0540	retained	Communication Complexity of Max-Flow	Communication Complexity of Max-Flow	
TCS-0541	retained	Dynamic Complexity of Low-Stretch Spanning Trees	Dynamic Complexity of Low-Stretch Spanning Trees	
TCS-0543	retained	Dynamic Maximal Matching	Dynamic Maximal Matching	
TCS-0545	retained	Reducing weighted matching to unweighted matching	Reducing weighted matching to unweighted matching	
TCS-0553	retained	Minimal dominating sets enumeration and hypergraph colorings	Minimal dominating sets enumeration and hypergraph colorings	
TCS-0556	retained	Strong polynomial delay conjectures	Strong polynomial delay conjectures	
TCS-0557	retained	Truly subquadratic algorithms for 3SUM	Truly subquadratic algorithms for 3SUM	
TCS-0560	retained	Fine-grained reductions from Hitting Set to 3SUM	Fine-grained reductions from Hitting Set to 3SUM	
TCS-0562	retained	Refuting nondeterministic SETH	Refuting nondeterministic SETH	
TCS-0563	retained	Subexponential savings for balanced quantified Boolean formulas	Subexponential savings for balanced quantified Boolean formulas	
TCS-0571	retained	Positional Nash Equilibria	Positional Nash Equilibria	
TCS-0575	renamed	Tighten the complexity of solving random-turn games	Complexity of random-turn games	
TCS-0587	retained	Polylogarithmic treewidth with forbidden induced minors	Polylogarithmic treewidth with forbidden induced minors	
TCS-0588	renamed	Albertson’s chromatic-number crossing conjecture	Albertson’s conjecture	
TCS-0594	renamed	Is 3-colorability polynomial-time decidable on diameter-two graphs?	3-colorability of diameter-two graphs	
TCS-0597	renamed	Parameterized complexity of the coloring problems for H-free graphs	Parameterized coloring of H-free graphs	
TCS-0611	retained	Bipartite Exact Matching: deterministic polynomial time	Bipartite Exact Matching: deterministic polynomial time	
TCS-0619	retained	Reachability in Low-Dimensional VASS	Reachability in Low-Dimensional VASS	
TCS-0624	retained	Language Equivalence between Nondeterministic and Deterministic One-Counter Machines	Language Equivalence between Nondeterministic and Deterministic One-Counter Machines	
TCS-0632	retained	Complexity of fixed VAS reachability	Complexity of fixed VAS reachability	
TCS-0633	retained	Eventual non-negativity of Matrices	Eventual non-negativity of Matrices	
TCS-0640	retained	Shortest runs in 3-D VASS	Shortest runs in 3-D VASS	
TCS-0643	concurrently_deleted			Removed on 2026-09-12 in the user-authorized specify-or-delete review. The discrepancy contribution combines different norms, domains and permutation-structure questions, with no single remaining target after the recorded counterexample. Editorial removal of an incompletely specified benchmark, not a resolution claim. Saved source: https://doi.org/10.4230/DagRep.13.8.106.
TCS-0645	retained	Standard information versus linear information for Lp -approximation	Standard information versus linear information for Lp -approximation	
TCS-0646	retained	All-constant-factor parameterized approximation hardness of SVP in l1	All-constant-factor parameterized approximation hardness of SVP in l1	
TCS-0647	concurrently_deleted			Removed on 2026-09-12 in the user-authorized specify-or-delete review. The intended conditional lattice lower bound permits an unnamed norm and an unspecified class of standard hypotheses, so its premise and task are not fixed. Editorial removal of an incompletely specified benchmark, not a resolution claim. Saved source: https://www.cs.umd.edu/~gasarch/open/svp-color.pdf.
TCS-0648	retained	Constant-gap hardness of unique SVP	Constant-gap hardness of unique SVP	
TCS-0651	retained	Deterministic NP-hardness reductions for Euclidean SVP	Deterministic NP-hardness reductions for Euclidean SVP	
TCS-0652	retained	Dimension-preserving search-to-decision reductions for SVP	Dimension-preserving search-to-decision reductions for SVP	
TCS-0653	retained	Explicit quantum exponential-time lower bounds for Euclidean SVP	Explicit quantum exponential-time lower bounds for Euclidean SVP	
TCS-0655	retained	Polynomial-factor SVP hardness from standard assumptions	Polynomial-factor SVP hardness from standard assumptions	
TCS-0656	retained	Reducing factoring or discrete logarithms to approximate SVP	Reducing factoring or discrete logarithms to approximate SVP	
TCS-0657	retained	Smaller-factor coNP or coAM certificates for SVP	Smaller-factor coNP or coAM certificates for SVP	
TCS-0658	retained	Standard-assumption hardness for cryptographic-factor SVP	Standard-assumption hardness for cryptographic-factor SVP	
TCS-0659	retained	Stronger worst-case reductions to SIS and LWE	Stronger worst-case reductions to SIS and LWE	
TCS-0660	retained	Sub-square-root approximation in coMA for SVP	Sub-square-root approximation in coMA for SVP	
TCS-0661	retained	SVP hardness for fixed-rank module lattices	SVP hardness for fixed-rank module lattices	
TCS-0662	retained	Unconditional exponential hardness of n^(1+ε)-GapSVP	Unconditional exponential hardness of n^(1+ε)-GapSVP	
TCS-0663	renamed	Is Interaction Necessary for Order-Optimal 1-bit Mean Estimation?	Interaction in optimal one-bit mean estimation	
TCS-0664	renamed	Is the Power of Deep Learning over Linear Models Inherently Distribution Dependent?	Distribution dependence of deep-learning advantages	
TCS-0668	renamed	Optimal Instance-Dependent Sample Complexity for finding Nash Equilibrium in Two Player Zero-Sum Matrix games	Instance-optimal equilibrium identification in zero-sum matrix games	
TCS-0670	renamed	Can Local Regularization Learn All Multiclass Problems?	Local regularization for multiclass learning	
TCS-0671	retained	Direct Sums in Learning Theory	Direct Sums in Learning Theory	
TCS-0672	retained	Tight Characterization of Instance-Optimal Identity Testing	Tight Characterization of Instance-Optimal Identity Testing	
TCS-0673	renamed	Is There a First-Order Method that Only Converges to Local Minimax Optima?	First-order convergence to local minimax optima	
TCS-0677	renamed	Properly learning decision trees in polynomial time?	Proper decision-tree learning in polynomial time	
TCS-0681	renamed	How fast can a multiclass test set be overfit?	Multiclass test-set overfitting	
TCS-0682	retained	Monotonicity of Learning	Monotonicity of Learning	
TCS-0683	retained	Improper learning of mixtures of Gaussians	Improper learning of mixtures of Gaussians	
TCS-0684	renamed	The Dependence of Sample Complexity Lower Bounds on Planning Horizon	Planning-horizon dependence of sample complexity	
TCS-0687	renamed	Best Arm Identification: Almost Instance-Wise Optimality and the Gap Entropy Conjecture	Gap-entropy conjecture	
TCS-0689	retained	Property Elicitation and Elicitation Complexity	Property Elicitation and Elicitation Complexity	
TCS-0691	retained	Recursive Teaching Dimension Versus VC Dimension	Recursive Teaching Dimension Versus VC Dimension	
TCS-0694	renamed	The Statistical Query Complexity of Learning Sparse Halfspaces	Statistical-query complexity of sparse halfspaces	
TCS-0700	retained	Hardness of Correlated Prophet Inequality	Hardness of Correlated Prophet Inequality	
TCS-0708	retained	Order Optimal Regret Bounds for Kernel-Based Reinforcement Learning	Order Optimal Regret Bounds for Kernel-Based Reinforcement Learning	
TCS-0711	retained	Model Selection for Contextual Bandits	Model Selection for Contextual Bandits	
TCS-0715	retained	Efficient Online Sparse Regression	Efficient Online Sparse Regression	
TCS-0716	retained	Online Local Learning	Online Local Learning	
TCS-0722	renamed	Polynomial linearly-convergent method for g-convex optimization?	Polynomial-time linear convergence for geodesically convex optimization	
TCS-0724	renamed	The Oracle Complexity of Convex Optimization with Limited Memory	Limited-memory convex optimization	
TCS-0725	retained	Second-order cone representability of semialgebraic convex hulls	Second-order cone representability of semialgebraic convex hulls	
TCS-0728	renamed	The Oracle Complexity of Smooth Convex Optimization in Nonstandard Settings	Smooth convex optimization in nonstandard oracle models	
TCS-0734	retained	FPT Inapproximability Results Beyond Gap-ETH	FPT Inapproximability Results Beyond Gap-ETH	
TCS-0761	retained	Fine-grained complexity of k-LCS	Fine-grained complexity of k-LCS	
TCS-0771	retained	Computational complexity of planar treewidth	Computational complexity of planar treewidth	
TCS-0775	retained	Optimal exact-distance labels for planar graphs	Optimal exact-distance labels for planar graphs	
TCS-0784	renamed	Existence of Polynomial Kernel for Edge-Disjoint Paths	Polynomial kernels for Edge-Disjoint Paths	
TCS-0787	retained	Lower Bounds for Computing Treewidth	Lower Bounds for Computing Treewidth	
TCS-0799	retained	Converting CNF to DNF	Converting CNF to DNF	
TCS-0800	retained	Cutwidth	Cutwidth	
TCS-0801	retained	Directed Hamiltonicity	Directed Hamiltonicity	
TCS-0805	retained	Exact Counting of Linear Extensions	Exact Counting of Linear Extensions	
TCS-0808	retained	Maximum Acyclic Subgraph	Maximum Acyclic Subgraph	
TCS-0809	retained	Mincost flow in planar graphs	Mincost flow in planar graphs	
TCS-0811	retained	Monochromatic Rectangles in Low-Rank Matrices	Monochromatic Rectangles in Low-Rank Matrices	
TCS-0815	retained	Relation between permanent computation and SETH	Relation between permanent computation and SETH	
TCS-0816	retained	Shortest common superstring problem	Shortest common superstring problem	
TCS-0818	renamed	The Complexity of #k-SAT	Complexity of #k-SAT	
TCS-0834	retained	Estimating a Graph's Degree Distribution	Estimating a Graph's Degree Distribution	
TCS-0836	retained	Non-Adaptive Group Testing	Non-Adaptive Group Testing	
TCS-0839	retained	AM vs. NP for Proofs of Proximity in Distribution Testing	AM vs. NP for Proofs of Proximity in Distribution Testing	
TCS-0841	retained	Equivalence Testing with Conditional Samples	Equivalence Testing with Conditional Samples	
TCS-0847	retained	Query complexity of directed acyclicity testing with bidirectional access	Query complexity of directed acyclicity testing with bidirectional access	
TCS-0848	retained	Testing Submodularity	Testing Submodularity	
TCS-0849	retained	Group Testing	Group Testing	
TCS-0854	renamed	Does derandomizing Promise-ZPP derandomize Promise-BPP?	Promise-ZPP versus Promise-BPP derandomization	
TCS-0855	retained	Query efficiency of PRGs constructed from arbitrary OWFs	Query efficiency of PRGs constructed from arbitrary OWFs	
TCS-0856	retained	Seed efficiency of PRGs constructed from arbitrary OWFs	Seed efficiency of PRGs constructed from arbitrary OWFs	
TCS-0858	retained	Complexity of the EPR Hamiltonian	Complexity of the EPR Hamiltonian	
TCS-0860	renamed	Find the complexity of Quantum Approximate Counting (QXC)	Complexity of Quantum Approximate Counting	
TCS-0861	renamed	Is QMA(2) in BQEXP?	QMA(2) versus BQEXP	
TCS-0862	renamed	Is QRG with constant rounds in PSPACE?	Constant-round QRG versus PSPACE	
TCS-0866	retained	Learning Quantum Circuits with Queries	Learning Quantum Circuits with Queries	
TCS-0869	renamed	Give a complete (resource free) characterisation of rewrite systems with polynomial derivational complexity.	Characterizing polynomial derivational complexity	
TCS-0871	renamed	Are universality and inclusion of AC-recognizable languages decidable?	Universality and inclusion of AC-recognizable languages	
TCS-0875	renamed	Does every automatic group have a presentation through some finite convergent string-rewriting system? Does every automatic monoid have an automatic structure such that the set of representatives is a prefix-closed cross-section?	Convergent presentations and cross-sections of automatic structures	
TCS-0877	renamed	Is strong sequentiality decidable for arbitrary rewrite systems?	Decidability of strong sequentiality	
TCS-0896	renamed	Has any full, finitely-generated and Church-Rosser term-rewriting system (or system with bound variables) a recursive, one-step, normalizing reduction strategy?	Recursive normalizing strategies for Church–Rosser rewriting	
TCS-0901	renamed	Is termination of one linear rule decidable?	Decidability of one-rule linear rewriting termination	
TCS-0913	renamed	Is the word problem for the S -combinator decidable?	Word problem for the S-combinator	
TCS-0914	retained	Deterministic min-cost matching with delays	Deterministic min-cost matching with delays	
TCS-0922	retained	Generalized assignment	Generalized assignment	
TCS-0924	renamed	Precedence-Constrained Scheduling on Identical Machines to minimize weighted completion time	Precedence scheduling for weighted completion time	
TCS-0935	retained	Unit-job precedence scheduling complexity	Unit-job precedence scheduling complexity	
TCS-0940	retained	Lifting sketching resistance to sublinear streaming resistance	Lifting sketching resistance to sublinear streaming resistance	
TCS-0943	retained	Polynomial-pass barriers to near-exact streaming Max-Cut	Polynomial-pass barriers to near-exact streaming Max-Cut	
TCS-0946	renamed	Does every hypergraph have a cut sparsifier with O(n/ε²) hyperedges?	Hypergraph cut sparsifiers with O(n/ε²) hyperedges	
TCS-0949	retained	Data Structure Lower Bound in the Cell Probe Model	Data Structure Lower Bound in the Cell Probe Model	
TCS-0950	retained	Linear Sketching Over $F_2$	Linear Sketching Over $F_2$	
TCS-0952	concurrently_deleted			Removed on 2026-09-12 in the user-authorized specify-or-delete review. The sample-stretching statement does not determine whether the nearby distribution is fixed or data-dependent, or what independence and probability guarantee is required. Editorial removal of an incompletely specified benchmark, not a resolution claim. Saved source: https://sublinear.info/index.php?title=Open_Problems:85.
TCS-0954	retained	Metric TSP Cost Approximation	Metric TSP Cost Approximation	
TCS-0957	retained	Approximating Rank in the Bounded-Degree Model	Approximating Rank in the Bounded-Degree Model	
TCS-0959	retained	RNA Folding	RNA Folding	
TCS-0962	retained	Coding Theory in the Streaming Model	Coding Theory in the Streaming Model	
TCS-0965	retained	Low Expansion Encoding of Edit Distance	Low Expansion Encoding of Edit Distance	
TCS-0967	retained	TSP in the Streaming Model	TSP in the Streaming Model	
TCS-0968	retained	“For All” Guarantee for Computationally Bounded Adversaries	“For All” Guarantee for Computationally Bounded Adversaries	
TCS-0969	retained	Approximating LIS Length in the Streaming Model	Approximating LIS Length in the Streaming Model	
TCS-0970	retained	Fast JL Transform for Sparse Vectors	Fast JL Transform for Sparse Vectors	
TCS-0973	retained	Sketching Earth Mover Distance	Sketching Earth Mover Distance	
TCS-0980	retained	Random Walks	Random Walks	
TCS-0984	retained	“Ultimate” Deterministic Sparse Recovery	“Ultimate” Deterministic Sparse Recovery	
TCS-0985	retained	$L_\infty$ Estimation	$L_\infty$ Estimation	
TCS-0986	retained	Characterizing Sketchable Distances	Characterizing Sketchable Distances	
TCS-0987	retained	Deterministic Heavy-Hitters & Fast Matrix Algorithms	Deterministic Heavy-Hitters & Fast Matrix Algorithms	
TCS-0988	retained	Deterministic Summary Structures	Deterministic Summary Structures	
TCS-0990	retained	Estimating Earth-Mover Distance	Estimating Earth-Mover Distance	
TCS-0993	retained	Graph Distances	Graph Distances	
TCS-0994	retained	Graph Matchings	Graph Matchings	
TCS-0998	retained	Sketching vs. Streaming	Sketching vs. Streaming	
TCS-1004	retained	Deterministic relative counting for DNF	Deterministic relative counting for DNF	
TCS-1005	retained	Unconditional subexponential simulation of BPP	Unconditional subexponential simulation of BPP	
TCS-1006	retained	Explicit simultaneous isolation for perfect matchings	Explicit simultaneous isolation for perfect matchings	
TCS-1007	retained	Universal traversal sequences under arbitrary labels	Universal traversal sequences under arbitrary labels	
TCS-1008	retained	Bipartite vertex expanders with constant expansion loss	Bipartite vertex expanders with constant expansion loss	
TCS-1009	retained	Near-lossless undirected constant-degree vertex expanders	Near-lossless undirected constant-degree vertex expanders	
TCS-1010	concurrently_deleted			Removed on 2026-09-12 in the user-authorized specify-or-delete review. The asymptotic binary rate function is defined, but the card supplies no accepted representation distinguishing a full evaluation from a restatement of its limsup optimization; selecting a coding-bound conjecture or computability question would replace its target. Editorial removal of an incompletely specified benchmark, not a resolution claim. Saved source: https://people.seas.harvard.edu/~salil/pseudorandomness/.
TCS-1011	retained	Full-length Reed–Solomon list decoding beyond Johnson	Full-length Reed–Solomon list decoding beyond Johnson	
TCS-1012	retained	Explicit efficiently decoded binary codes beyond Gilbert–Varshamov	Explicit efficiently decoded binary codes beyond Gilbert–Varshamov	
TCS-1013	retained	Optimal-size highly unbalanced lossless expanders	Optimal-size highly unbalanced lossless expanders	
TCS-1014	retained	Constant-loss condensers with logarithmic seeds	Constant-loss condensers with logarithmic seeds	
TCS-1015	retained	Seeded extraction with constant total entropy loss	Seeded extraction with constant total entropy loss	
TCS-1016	retained	Extraction with log n plus constant seed length	Extraction with log n plus constant seed length	
TCS-1018	retained	Optimal generators for hardness-to-randomness transformations	Optimal generators for hardness-to-randomness transformations	
TCS-1019	retained	Polynomial-time derandomization of randomized AC0	Polynomial-time derandomization of randomized AC0	
TCS-1020	retained	Polynomial-length constant-query locally decodable codes	Polynomial-length constant-query locally decodable codes	
TCS-1021	retained	Promise-BPP derandomization implying EXP circuit hardness	Promise-BPP derandomization implying EXP circuit hardness	
TCS-1022	retained	Derandomization implying exponential nondeterministic circuit hardness	Derandomization implying exponential nondeterministic circuit hardness	
TCS-1024	retained	Extracting from low-entropy efficiently samplable sources	Extracting from low-entropy efficiently samplable sources	
TCS-1029	retained	Sharp graph-removal bounds for fixed patterns	Sharp graph-removal bounds for fixed patterns	
TCS-1030	retained	Characterizing polynomial-query dense graph properties	Characterizing polynomial-query dense graph properties	
TCS-1033	renamed	Does polynomial testability imply polynomial distance estimation for dense graph properties?	Polynomial testability versus distance estimation	
TCS-1034	retained	Largest separation between SUM and OR circuits	Largest separation between SUM and OR circuits	
TCS-1035	retained	Cost of restricting linear circuits to depth two	Cost of restricting linear circuits to depth two	
TCS-1036	retained	Unbounded XOR-over-OR complexity separations	Unbounded XOR-over-OR complexity separations	
TCS-1037	retained	Asymmetry of XOR complexity under matrix inversion	Asymmetry of XOR complexity under matrix inversion	
TCS-1039	retained	Explicit superlinear in-place XOR lower bounds	Explicit superlinear in-place XOR lower bounds	
TCS-1040	retained	Nonlinear-gate advantages for binary linear operators	Nonlinear-gate advantages for binary linear operators	
TCS-1043	retained	Superlogarithmic clique-versus-independent-set communication	Superlogarithmic clique-versus-independent-set communication	
TCS-1044	retained	Explicit matrices with large robust rectangle covers	Explicit matrices with large robust rectangle covers	
TCS-1046	retained	Super-log-cubed three-party disjointness lower bounds	Super-log-cubed three-party disjointness lower bounds	
TCS-1047	retained	Formula size versus partition complexity	Formula size versus partition complexity	
TCS-1050	retained	Explicit input pairs resistant to partial monotone separation	Explicit input pairs resistant to partial monotone separation	
TCS-1051	retained	Logarithmic negation-depth lower bounds for monotone functions	Logarithmic negation-depth lower bounds for monotone functions	
TCS-1052	retained	Depth-three lower bounds beyond the switching-lemma barrier	Depth-three lower bounds beyond the switching-lemma barrier	
TCS-1053	retained	Depth-three size bounds beyond exponential square root	Depth-three size bounds beyond exponential square root	
TCS-1054	retained	Exponential lower bounds for unrestricted threshold-of-threshold circuits	Exponential lower bounds for unrestricted threshold-of-threshold circuits	
TCS-1055	retained	Complementation asymmetry in second-level communication complexity	Complementation asymmetry in second-level communication complexity	
TCS-1056	retained	Majority outside constant-depth modular circuits	Majority outside constant-depth modular circuits	
TCS-1057	concurrently_deleted			Removed on 2026-09-12 in the user-authorized specify-or-delete review. The primary polynomial-separation source uses incompatible coefficient and multiplicity conventions, and its intended lower-bound measure has not been recovered. Editorial removal of an incompletely specified benchmark, not a resolution claim. Saved source: https://web.vu.lt/mif/s.jukna/boolean/index.html.
TCS-1058	retained	Explicit rigidity at rank n over log log n	Explicit rigidity at rank n over log log n	
TCS-1059	retained	Linearizing arbitrary depth-two circuits efficiently	Linearizing arbitrary depth-two circuits efficiently	
TCS-1061	retained	Quadratic decision-tree bounds from block sensitivity	Quadratic decision-tree bounds from block sensitivity	
TCS-1062	retained	Balancing tree-like cutting-planes proofs	Balancing tree-like cutting-planes proofs	
TCS-1069	retained	Complexity of testing Zariski-closure membership	Complexity of testing Zariski-closure membership	
TCS-1096	retained	Unprovability of polynomial circuit upper bounds in S₂¹	Unprovability of polynomial circuit upper bounds in S₂¹	
TCS-1097	retained	Unprovability of NP circuit upper bounds in T₂¹	Unprovability of NP circuit upper bounds in T₂¹	
TCS-1098	retained	PV₁ cannot verify any polynomial-time SAT solver	PV₁ cannot verify any polynomial-time SAT solver	
TCS-1099	renamed	Separate two levels of Buss's arithmetic hierarchy	Separating levels of bounded arithmetic	
TCS-1100	retained	PV₁ cannot prove fixed-polynomial extended-Frege lower bounds	PV₁ cannot prove fixed-polynomial extended-Frege lower bounds	
TCS-1101	retained	VP factor closure in positive characteristic	VP factor closure in positive characteristic	
TCS-1102	retained	VBP factor closure in positive characteristic	VBP factor closure in positive characteristic	
TCS-1103	retained	Containment of border VP in VNP over arbitrary fields	Containment of border VP in VNP over arbitrary fields	
TCS-1104	concurrently_deleted			Removed on 2026-09-12 in the user-authorized specify-or-delete review. The composition question permits unnamed natural hypotheses and alternative tradeoffs; neither the implication premise nor the mandatory conclusion is fixed. Editorial removal of an incompletely specified benchmark, not a resolution claim. Saved source: https://eccc.weizmann.ac.il/report/2026/045/.
TCS-1108	retained	EF1 existence for arbitrary mixed-item utilities	EF1 existence for arbitrary mixed-item utilities	
TCS-1109	retained	EF1 and Pareto optimality for additive mixed items	EF1 and Pareto optimality for additive mixed items	
TCS-1115	retained	Polynomial-time EF1 and Pareto-optimal goods allocation	Polynomial-time EF1 and Pareto-optimal goods allocation	
TCS-1116	retained	Optimal universal approximation factor for EFX	Optimal universal approximation factor for EFX	
TCS-1119	retained	Existence of pairwise maximin-share allocations	Existence of pairwise maximin-share allocations	
TCS-1121	retained	Explicit small-bias generators with additively optimal seeds	Explicit small-bias generators with additively optimal seeds	
TCS-1122	retained	Nontrivial PRGs for logarithmic-degree binary polynomials	Nontrivial PRGs for logarithmic-degree binary polynomials	
TCS-1124	retained	Optimal PRGs for high-dimensional combinatorial rectangles	Optimal PRGs for high-dimensional combinatorial rectangles	
TCS-1125	retained	Sub-log-squared seeds for width-four ordered branching programs	Sub-log-squared seeds for width-four ordered branching programs	
TCS-1131	retained	Sublinear-seed generators for AC0 with parity gates	Sublinear-seed generators for AC0 with parity gates	
TCS-1132	retained	Shorter seeds for arbitrary-order regular branching programs	Shorter seeds for arbitrary-order regular branching programs	
TCS-1133	retained	Sub-log-squared seeds for polynomial-size CNFs and DNFs	Sub-log-squared seeds for polynomial-size CNFs and DNFs	
TCS-1135	renamed	Characterize promise-AM derandomization by targeted hitting sets	Promise-AM derandomization via targeted hitting sets	
TCS-1136	concurrently_deleted			Removed on 2026-09-12 in the user-authorized specify-or-delete review. The proposed PRG replacement assumptions are not a defined hypothesis class, and the source also bundles two distinct derandomization conclusions. Editorial removal of an incompletely specified benchmark, not a resolution claim. Saved source: https://eccc.weizmann.ac.il/report/2023/094/.
TCS-1137	retained	Derandomization from almost-everywhere uniform hardness	Derandomization from almost-everywhere uniform hardness	
TCS-1138	retained	Polynomial-time computationally sound NP verification of #SAT	Polynomial-time computationally sound NP verification of #SAT	
TCS-1141	renamed	Can reachability diameter be approximated within a constant in near-linear time?	Near-linear-time approximation of reachability diameter	
TCS-1144	renamed	Is it true that spr(IPn ) = ω(n) or spr(Disjn ) = ω(n)?	Superlinear spiky rank for Inner Product or Disjointness	
TCS-1151	renamed	Is it decidable whether a given ETP over K has a zero on a given bounded interval [0, T ] with rational endpoints?	Bounded-interval zero testing for exponential-trigonometric polynomials	
TCS-1157	renamed	Is ERM relatively smart in the distribution-free setting?	Relative smartness of distribution-free ERM	
TCS-1161	renamed	Prove that, for some ε > 0, MAX-3-SAT can be solved in conondeterministic time O(2(1−ε)n ).	Conondeterministic MAX-3-SAT below 2ⁿ time	
TCS-1167	renamed	Is the existence of a fully universal representation for a given finite relation algebra effectively decidable?	Deciding fully universal relation-algebra representations	
TCS-1168	retained	Hardness of coloring 2-dicolorable digraphs with any fixed number of colors	Hardness of coloring 2-dicolorable digraphs with any fixed number of colors	
TCS-1169	renamed	What is the smallest number of passes required for computing O(∆)-colorings deterministically in the semi-streaming setting?	Pass complexity of deterministic semi-streaming coloring	
TCS-1170	retained	ETH hardness of constant-factor shortest-vector approximation for 1≤p≤2	ETH hardness of constant-factor shortest-vector approximation for 1≤p≤2	
TCS-1173	renamed	Assuming P ̸= NP, does there exist an NP-intermediate ω-categorical CSP?	NP-intermediate ω-categorical CSPs	
TCS-1178	renamed	Does the membership problem exhibit a qAC0 vs. NL-complete dichotomy?	qAC⁰/NL dichotomy for semigroup membership	
TCS-1192	renamed	The only missing property is worst-case symmetry of information, which we leave as an interesting open problem.	Worst-case symmetry of information	
TCS-1201	renamed	Is it possible to classify the computational complexity of the model-checking problem for all quantifier-free formulas of dependence logic D?	Model-checking classification for quantifier-free dependence logic	
TCS-1206	renamed	Every monadically stable graph class is structurally nowhere dense.	Structural nowhere density of monadically stable graph classes	
TCS-1234	renamed	We also leave as an open problem characterizing the exact trade-off between the number of passes and memory required for exactly computing a stream’s histogram.	Pass–space tradeoffs for exact streaming histograms	
TCS-1235	renamed	Do unrestricted weights make polynomial-size linear decision lists stronger?	Power of unrestricted weights in linear decision lists	
TCS-1241	renamed	Indeed, improving on the competitive ratio of O(log n) [24, 14], even with unlimited space usage, remains open.	Sublogarithmic competitiveness for online metric TSP	
TCS-1243	renamed	There is a polynomial-time (log1+o(1) k)-approximation algorithm for the all-or-nothing flow problem.	Near-logarithmic approximation for all-or-nothing flow	
TCS-1246	renamed	The class of Eulerian digraphs is well-quasi-ordered by weak immersion.	Well-quasi-ordering Eulerian digraphs by weak immersion	
TCS-1251	renamed	Although there is an output-sensitive algorithm for listing triangles [6], it remains open whether it can be extended to arbitrary cyclic queries.	Output-sensitive evaluation of cyclic queries	
TCS-1253	renamed	Although super-polynomial lower bounds for Res[⊕] remain open, it seems conceivable that we will eventually prove such lower bounds sooner or later.	Superpolynomial Res[⊕] lower bounds	
TCS-1259	retained	Exact quantum fanout in constant depth with unrestricted circuit size	Exact quantum fanout in constant depth with unrestricted circuit size	
TCS-1292	renamed	It is unknown whether there exists a deterministic algorithm to reconstruct bounded-degree graphs in o(n2 ) queries.	Deterministic subquadratic-query graph reconstruction	
TCS-1298	renamed	Every element of the Clifford hierarchy is generalized semi-Clifford.	Generalized semi-Clifford structure of the Clifford hierarchy	
TCS-1324	retained	Quantum games PCP with efficient honest provers and short messages	Quantum games PCP with efficient honest provers and short messages	
TCS-1337	concurrently_deleted			Removed on 2026-09-12 in the user-authorized specify-or-delete review. The Reed–Solomon request does not select a rate regime, radius improvement, field growth or effective code subclass, leaving trivial and substantive interpretations mixed. Editorial removal of an incompletely specified benchmark, not a resolution claim. Saved source: https://doi.org/10.4230/LIPIcs.ICALP.2026.43.
TCS-1338	retained	Set-system sparsifiers of size proportional to chain length	Set-system sparsifiers of size proportional to chain length	
TCS-1341	renamed	Are symmetric quantum circuits universal for every finite group action?	Universality of symmetric quantum circuits	
TCS-1342	concurrently_deleted			Removed on 2026-09-12 in the user-authorized specify-or-delete review. The random-circuit cloning request lacks quantitative copy/fidelity/depth bounds, and avoiding circuit learning is an approach restriction without an observable success predicate. Editorial removal of an incompletely specified benchmark, not a resolution claim. Saved source: https://doi.org/10.4230/LIPIcs.ITCS.2026.56.
TCS-1343	renamed	Can membership queries always be removed from agnostic testable learning?	Eliminating membership queries from agnostic testable learning	
TCS-1356	concurrently_deleted			Removed on 2026-09-12 in the user-authorized specify-or-delete review. The geometric diameter conjecture lacks an effective object representation and uniform dependence on the diameter, dimension and VC parameters. Editorial removal of an incompletely specified benchmark, not a resolution claim. Saved source: https://doi.org/10.4230/LIPIcs.SoCG.2026.29.
TCS-1361	concurrently_deleted			Removed on 2026-09-12 in the user-authorized specify-or-delete review. The robust-regression target uses non-trivial error without choosing an error normalization, reward/noise class or uniform quantitative guarantee. Editorial removal of an incompletely specified benchmark, not a resolution claim. Saved source: https://proceedings.mlr.press/v336/adil26a.html.
TCS-1377	retained	Fixed-parameter tractability from the connector pattern in monotone CSPs	Fixed-parameter tractability from the connector pattern in monotone CSPs	
TCS-1420	renamed	Let us conclude by restating the main open problem: is Cantor-Łukasiewicz set theory Łset consistent?	Consistency of Cantor–Łukasiewicz set theory	
TCS-1424	renamed	That is, can formulas be efficiently simulated using bounded-width ABPs over R and R+ ?	Simulating formulas by bounded-width algebraic branching programs	
TCS-1442	renamed	Is there an algebrizing barrier to proving MA ̸⊆ SIZE[nk ]?	Algebrization barriers for MA circuit lower bounds	
TCS-1444	renamed	Can we find suitable choices to improve the MRRW bound?	Improving the MRRW bound	
TCS-1459	renamed	Is there a graph G such that hom(Fi , G) = mi for every i ∈ [k]?	Realizability of prescribed homomorphism counts	
TCS-1478	renamed	It remains open whether one can remove such constraints and achieve successful learning for all VC classes, which leads to the following open question:	Adversarial sequential prediction with abstentions for VC classes	
TCS-1490	concurrently_deleted			Removed on 2026-09-12 in the user-authorized specify-or-delete review. The entangled positional-proof extension does not fix the new initialization, communication/timing or class-level soundness model, so a protocol attack and a PSPACE upper bound are conflated. Editorial removal of an incompletely specified benchmark, not a resolution claim. Saved source: https://doi.org/10.4230/LIPIcs.ICALP.2026.6.
TCS-1494	renamed	Does Nephew resist efficient decision-tree reductions to Lossy-Code?	Decision-tree reductions from Nephew to Lossy-Code	
TCS-1497	renamed	Are one-clock timed Büchi–Landweber games determined?	Determinacy of one-clock timed Büchi–Landweber games	
TCS-1510	concurrently_deleted			Removed on 2026-09-12 in the user-authorized specify-or-delete review. The randomized-evidence discussion has no fixed certification interface, proof system, soundness measure or asymptotic family of statements. Editorial removal of an incompletely specified benchmark, not a resolution claim. Saved source: https://doi.org/10.4230/LIPIcs.FUN.2026.31.
TCS-1512	concurrently_deleted			Removed on 2026-09-12 in the user-authorized specify-or-delete review. The ILP sparsifier extension does not identify its activation model, feasibility representation or dimension-independent intrinsic parameters. Editorial removal of an incompletely specified benchmark, not a resolution claim. Saved source: https://doi.org/10.4230/LIPIcs.ITCS.2026.51.
TCS-1529	retained	One forecaster with the optimal regret rate for every proper loss	One forecaster with the optimal regret rate for every proper loss	
TCS-1538	renamed	Do graphs with bounded mixed number have bounded queue number?	Queue number versus mixed number	
TCS-1539	renamed	Does there exist an adversarially robust compression scheme of size O(f (dVC )) for C?	VC-dimension bounds for adversarially robust compression	
TCS-1540	renamed	Is it true that every Boolean function f : {0, 1}n → {0, 1} has noisy query complexity Ω(I(f ) log I(f ))?	Influence lower bounds for noisy query complexity	
TCS-1544	renamed	Give a classification of the varieties of finite semigroups in terms of their complexity for the membership problem.	Complexity classification of finite-semigroup membership	
TCS-1553	concurrently_deleted			Removed on 2026-09-12 in the user-authorized specify-or-delete review. The circuit target does not specify the resource class meant by an explicit hard family; choosing polynomial-time, NP or E explicitness changes the lower-bound statement. Editorial removal of an incompletely specified benchmark, not a resolution claim. Saved source: https://doi.org/10.4230/LIPIcs.ISAAC.2025.51.
TCS-1555	renamed	In particular, is VCSP(A) in P whenever A does not pp-construct K3 ?	VCSP tractability without pp-constructions of K₃	
TCS-1562	concurrently_deleted			Removed on 2026-09-12 in the user-authorized specify-or-delete review. The succinct powers-of-two feasibility language lacks reconciled signed-coefficient, constant-term and sum-of-powers encoding conventions. Editorial removal of an incompletely specified benchmark, not a resolution claim. Saved source: https://doi.org/10.4230/LIPIcs.MFCS.2025.25.
TCS-1566	concurrently_deleted			Removed on 2026-09-12 in the user-authorized specify-or-delete review. The extractor question does not fix the degree, error and entropy functions, so it supplies no single quantitative below-square-root target. Editorial removal of an incompletely specified benchmark, not a resolution claim. Saved source: https://doi.org/10.4230/LIPIcs.APPROX/RANDOM.2025.38.
TCS-1573	renamed	Lastly, of course, the NP-hardness of improper learning for P/poly remains open.	NP-hardness of improper learning of P/poly	
TCS-1588	renamed	We conjecture the positive results are tight, i.e., exactly the multithreshold predicates and robustly piecewise floor-affine functions are robustly computable.	Characterizing robustly computable predicates and functions	
TCS-1595	renamed	While β-matching at order 4 is decidable [14], decidability at order 5 remains an open question.	Decidability of fifth-order β-matching	
TCS-1602	renamed	The most interesting question that remains open is to determine the deterministic query complexity of finding a king in an n-vertex tournament.	Deterministic query complexity of tournament kings	
TCS-1610	retained	A quadratic barrier for counting the four-edge hypergraph H△	A quadratic barrier for counting the four-edge hypergraph H△	
TCS-1617	renamed	For any subcubic graph H, H-ISC is in P if and only if H is planar.	Planarity dichotomy for induced subdivision detection	
TCS-1639	renamed	Every hereditary small class of graphs has neighborhood complexity O(n).	Linear neighborhood complexity of hereditary small graph classes	
TCS-1649	renamed	The decidability status of the reachability problem for d-BVASS remains open in arbitrary dimension.	Decidability of branching-VASS reachability	
TCS-1656	renamed	Yet, we do not know if there are polynomial time algorithms that decide explicitly given McNaughton games.	Polynomial-time McNaughton games	
TCS-1659	renamed	The decidability remains open for general semigroups – that is, when there are states with non-unique tight actions.	Decidability of Bellman-operator reachability	
TCS-1664	renamed	We do not know yet if temporal cliques admit O(n) spanners, thus the latter result might not appear very decisive.	Linear-size spanners for temporal cliques	
TCS-1670	renamed	The hierarchy is strict, that is, Σn ⊊ Σn+1 for all n (and the same is true for all combinations of Π, Σ and ∆).	Strictness of the plane-walking alternation hierarchy	
TCS-1693	concurrently_deleted			Removed on 2026-09-12 in the user-authorized specify-or-delete review. The SK threshold is not attached to one functional inequality, normalization, field and required dependence of its constant on system size. Editorial removal of an incompletely specified benchmark, not a resolution claim. Saved source: https://proceedings.mlr.press/v291/chen25g.html.
TCS-1699	concurrently_deleted			Removed on 2026-09-12 in the user-authorized specify-or-delete review. The arbitrary-background planted-clique question requests any hardness result without fixing its hypothesis, planting regime, recovery task or success probability. Editorial removal of an incompletely specified benchmark, not a resolution claim. Saved source: https://doi.org/10.4230/LIPIcs.APPROX/RANDOM.2025.11.
TCS-1714	retained	Polynomial-time stable matching in unimodular hypergraphs	Polynomial-time stable matching in unimodular hypergraphs	
TCS-1750	renamed	To the best of our knowledge, the generic semistability problem remains open for general acyclic quivers.	Generic semistability for acyclic quivers	
TCS-1762	renamed	We conjecture that tight instances exist in these spaces, i.e., the spanner bounds obtained in [25, 22] are optimal for every stretch t.	Optimal spanner sparsity in ℓₚ spaces	
TCS-1771	renamed	What is the optimal output-list size for random linear codes and Reed–Solomon codes?	Optimal list size for random linear and Reed–Solomon codes	
TCS-1784	renamed	Second, could a lower bound on any deterministic local broadcast algorithm, better than Ω(∆ log n), be proved?	Deterministic local broadcast beyond the Δ log n lower bound	
TCS-1798	renamed	Is there a sparse fault-tolerant exact or approximate distance oracle for an arbitrary subset P of V × V ?	Sparse fault-tolerant pairwise distance oracles	
TCS-1807	renamed	Do finite-domain RCSPs (with possibly infinite restriction) exhibit a P vs. NP-hard dichotomy?	Dichotomy for finite-domain restricted CSPs	
TCS-1823	renamed	Can we construct a decision tree of height poly(d) which, on input y, outputs one of the influential coordinates of fy with high probability?	Shallow decision trees for finding influential coordinates	
TCS-1845	renamed	What is the exact time-complexity of tt-DT?	Complexity of truth-table decision-tree optimization	
TCS-1846	renamed	Is Edge Coloring solvable in O∗ (1.9999m ) time, or at least in O∗ (2m−n ) time?	Edge Coloring below 2ᵐ time	
TCS-1882	retained	Tight quantum query lower bounds for uniformity testing	Tight quantum query lower bounds for uniformity testing	
TCS-1905	concurrently_deleted			Removed on 2026-09-12 in the user-authorized specify-or-delete review. The symmetric VP/VNP classes needed by the proposed IPS implication are not defined, including their field, group actions and reduction conventions. Editorial removal of an incompletely specified benchmark, not a resolution claim. Saved source: https://doi.org/10.4230/LIPIcs.MFCS.2025.40.
TCS-1912	retained	Exponential erasure-list sizes for every small-field linear code	Exponential erasure-list sizes for every small-field linear code	
TCS-1929	renamed	Are there SIPs with statistical (or even perfect) zero-knowledge?	Statistical zero-knowledge streaming interactive proofs	
TCS-1930	renamed	Does W[1] ≠ FPT imply the Parameterized Inapproximability Hypothesis?	Parameterized Inapproximability Hypothesis from FPT ≠ W[1]	
TCS-1934	renamed	Does every n-node undirected graph have a constant-stretch shortestpaths preserving graph of aspect ratio poly(n)?	Bounded-aspect-ratio shortest-path-preserving graphs	
TCS-1936	renamed	Does the n/2-Ramsey search problem belong to TFAP?	n/2-Ramsey search in TFAP	
TCS-1945	renamed	Prove no(k) time lower bound of approximating k-NCPp or its related problems to any constant factor under assumptions weaker than Gap-ETH.	Parameterized Nearest Codeword hardness beyond Gap-ETH	
TCS-1955	renamed	Then we ask, is W≥t [F ] ∈ O(exp(−t))?	Fourier concentration after shallow quantum preprocessing	
TCS-1956	renamed	Does the existence of a demi-bit imply the existence of a super-bit?	Super-bits from demi-bits	
TCS-1961	renamed	Are OWSGs and EFI pairs (or PRSGs) equivalent?	One-way state generators versus EFI pairs	
TCS-1965	concurrently_deleted			Removed on 2026-09-12 in the user-authorized specify-or-delete review. The generic distributed simulation statement leaves solver-versus-simulation semantics, randomness and initial global knowledge unspecified. Editorial removal of an incompletely specified benchmark, not a resolution claim. Saved source: https://doi.org/10.4230/LIPIcs.OPODIS.2024.26.
TCS-1978	renamed	It is unknown whether it is always true that a PCSP(A, B) that is solvable by BLP is also polynomially solvable in its search variant.	Search tractability of BLP-solvable promise CSPs	
TCS-1992	renamed	It remains open whether Presburger arithmetic with the primes predicate (P ) is decidable; see, e.g., [31, 93].	Decidability of Presburger arithmetic with primes	
TCS-2008	renamed	Is the amalgamation meta-problem decidable in EXPSPACE?	Amalgamation meta-problem in EXPSPACE	
TCS-2010	renamed	We leave it as an open question to achieve an exponential lower bound on the permanent assuming the τ -conjecture.	Exponential permanent lower bounds from the τ-conjecture	
TCS-2018	renamed	Every submodular hypergraph admits a (1+ϵ)-sparsifier of size O(ϵ−2 n2 ), which is in fact a reweighted sub-hypergraph.	Quadratic-size submodular hypergraph sparsifiers	
TCS-2029	renamed	In the other direction, we leave open whether FBPP ⊂ FBPPnegl or whether the two classes are incomparable.	FBPP versus negligible-error FBPP	
TCS-2033	renamed	Even if it is correct the complexity of the problem for 1-GVAS remains open.	Complexity of one-dimensional grammar-controlled VAS	
TCS-2039	renamed	Of course, it also remains open whether the freeness problem for automaton groups [19, 7.2 b)] is decidable.	Decidability of freeness in automaton groups	
TCS-2076	retained	Optimal mixing of global Kawasaki dynamics on bounded-degree graphs	Optimal mixing of global Kawasaki dynamics on bounded-degree graphs	
TCS-2077	retained	Deterministic divisibility testing by a constant-degree polynomial	Deterministic divisibility testing by a constant-degree polynomial	
TCS-2093	concurrently_deleted			Removed on 2026-09-12 in the user-authorized specify-or-delete review. The NAND uniformity definition mixes input-dependent descriptions with a fixed formula family and leaves the claimed hierarchy coefficient range unresolved. Editorial removal of an incompletely specified benchmark, not a resolution claim. Saved source: https://doi.org/10.4230/LIPIcs.ITCS.2024.10.
TCS-2097	retained	A general 3/2 communication lower bound for reliable broadcast	A general 3/2 communication lower bound for reliable broadcast	
TCS-2103	retained	Maximum-weight independent set with no long induced claw or large clique	Maximum-weight independent set with no long induced claw or large clique	
TCS-2111	retained	Fully polynomial learning of positive ReLU networks under Gaussian inputs	Fully polynomial learning of positive ReLU networks under Gaussian inputs	
TCS-2126	renamed	In particular, we do not know if the value iteration algorithm has polynomial smoothed complexity and we leave this problem as an open question.	Polynomial smoothed complexity of value iteration	
TCS-2181	renamed	Would we be able to factor polynomials efficiently if we could construct irreducible polynomials?	Polynomial factorization from irreducible-polynomial construction	
TCS-2201	renamed	That is, can one also use standard extractors to construct non-malleable extractors?	Non-malleable extractors from standard extractors	
TCS-2202	renamed	Can we show NP-hardness of computing conditional pKt in the polynomial-time regime?	NP-hardness of conditional polynomial-time pKt	
TCS-2215	renamed	Can we prove a real version of Toda’s theorem [30]?	A real analogue of Toda’s theorem	
TCS-2229	renamed	What is the relationship of QMA and QMA(2)?	QMA versus QMA(2)	
TCS-2233	renamed	Are there hereditary (or even monotone) classes of local complexity Ω(nc ) for c > 1?	Superlinear local complexity of hereditary graph classes	
TCS-2243	renamed	Is there is a TC0 /NC1 complexity dichotomy?	TC⁰/NC¹ complexity dichotomy	
TCS-2244	renamed	Does Constant Degree Hypothesis hold?	Constant Degree Hypothesis	
TCS-2247	renamed	Is it true that all graphs of, say, bounded flip-width admit a linear-size dag compression?	Linear-size DAG compression from bounded flip-width	
TCS-2277	retained	High-precision approximation of a log-sum-exp minimizer	High-precision approximation of a log-sum-exp minimizer	
TCS-2316	retained	Recognizing and constructing mim-width-one decompositions	Recognizing and constructing mim-width-one decompositions	
TCS-2319	renamed	Can we reduce explicit construction problems to solving NC03 -Avoid?	Explicit constructions from NC⁰₃ range avoidance	
TCS-2331	renamed	Is there a BPPNP certification algorithm that returns certificates of length O(Cert(f ))?	Optimal-size certification in BPPᴺᴾ	
TCS-2333	renamed	Is every PLS-complete problem downward self-reducible?	Downward self-reducibility of PLS-complete problems	
TCS-2336	retained	Sharp multiclass online regret without logarithmic factors	Sharp multiclass online regret without logarithmic factors	
TCS-2337	renamed	Is there a computationally efficient algorithm for learning any low rank distribution given access to a conditional sampling oracle?	Efficient conditional-sample learning of low-rank distributions	
TCS-2339	renamed	Is there a universal constant c > 0 such that, for each finite concept class C, we have that RTD(C) ≤ c · VCD(C)?	Linear recursive teaching dimension versus VC dimension	
TCS-2342	concurrently_deleted			Removed on 2026-09-12 in the user-authorized specify-or-delete review. The arithmetic-formula request does not fix a field, explicitness class or exponent scale for its exponential lower bound. Editorial removal of an incompletely specified benchmark, not a resolution claim. Saved source: https://doi.org/10.4230/LIPIcs.ICALP.2023.12.
TCS-2343	renamed	Is there a Boolean matrix MN ×N with R(M ) = O(1) and ∥M ∥γ2 = N Ω(1) ?	Constant randomized communication with large γ₂ norm	
TCS-2356	renamed	What is the complexity of computing the treewidth of a 3-manifold?	Complexity of three-manifold treewidth	
TCS-2367	concurrently_deleted			Removed on 2026-09-12 in the user-authorized specify-or-delete review. The generalized-makespan conjecture has no complete access or encoding model for arbitrary norms, so polynomial running time is not defined for its full domain. Editorial removal of an incompletely specified benchmark, not a resolution claim. Saved source: https://doi.org/10.4230/LIPIcs.APPROX/RANDOM.2023.21.
TCS-2371	retained	Growing Ramanujan graphs with bounded edge updates	Growing Ramanujan graphs with bounded edge updates	
TCS-2408	renamed	For instance, would it be possible to perform an RSP-like protocol assuming only the existence of quantum-secure one-way functions?	Remote state preparation from quantum-secure one-way functions	
TCS-2422	renamed	It remains open whether learning sparse parities by small programs is NP-hard.	NP-hardness of small-space sparse parity learning	
TCS-2425	renamed	Notably, it is still an open question if SZK is closed under ≤Ptt reducibility.	Closure of SZK under truth-table reductions	
TCS-2427	renamed	Whether it is possible to compute an (exact or approximate) NE in even zero-sum TBSGs with an increasing discount factor remains open [2].	Zero-sum stochastic games with variable discount factors	
TCS-2428	concurrently_deleted			Removed on 2026-09-12 in the user-authorized specify-or-delete review. The informal CSP/spin-glass correspondence lacks the near-optimum sampling law, window scaling and convergence topology needed for a definite overlap-law assertion. Editorial removal of an incompletely specified benchmark, not a resolution claim. Saved source: https://doi.org/10.4230/LIPIcs.ITCS.2023.77.
TCS-2434	renamed	Establishing a super-polynomial separation between randomness and pseudo-determinism remains open for Parity decision trees.	Randomized versus pseudodeterministic parity decision trees	
TCS-2451	renamed	It is worth mentioning that it is unknown whether the adaptive postselection can be efficiently done in PostBQP as discussed in [2].	Adaptive postselection in PostBQP	
TCS-2470	retained	Breaking the quadratic color bound for bounded outdegree	Breaking the quadratic color bound for bounded outdegree	
TCS-2489	concurrently_deleted			Removed on 2026-09-12 in the user-authorized specify-or-delete review. The somewhere-dense counting classification lacks an admissible structural criterion and effective presentation for unrestricted pattern classes. Editorial removal of an incompletely specified benchmark, not a resolution claim. Saved source: https://doi.org/10.4230/LIPIcs.ITCS.2023.27.
TCS-2502	concurrently_deleted			Removed on 2026-09-12 in the user-authorized specify-or-delete review. The recorded later canonical-SoS lower bound addresses the original main obstacle, while no precise remaining degree/color threshold is selected. Editorial removal of an incompletely specified benchmark, not a resolution claim. Saved source: https://proceedings.mlr.press/v195/kothari23a.html.
TCS-2506	renamed	Are algebraic branching programs stronger than formulas?	Algebraic branching programs versus formulas	
TCS-2519	renamed	Every linear SSS has this property but it remains open whether every access structure in mP admits a randomness simulatable SSS.	Randomness-simulatable secret sharing for mP access structures	
TCS-2529	renamed	First, is there an exact polynomial time algorithm for embedding into ultrametrics or even a PTAS?	Polynomial-time ultrametric embedding	
TCS-2532	renamed	Can one prove circuit lower bounds from the assumption that a (uniform) computationally-secure IO exists?	Circuit lower bounds from indistinguishability obfuscation	
TCS-2535	retained	A dimension-free directed L¹ Poincaré inequality	A dimension-free directed L¹ Poincaré inequality	
TCS-2537	renamed	Is the total search version of UniqueTarski in the class UEOPL (Unique-EOPL) [6]?	UniqueTarski in UEOPL	
TCS-2540	renamed	Is there an MSO2 property requiring certificates of Ω(nϵ ) bits, for some ϵ > 0, on graphs of bounded clique-width?	MSO₂ certificate lower bounds on bounded-clique-width graphs	
TCS-2565	renamed	Can we find for every t a pattern for which we get classes that contain W[t]-hard problems and are contained in W[t]?	Pattern characterizations of the W-hierarchy	
TCS-2571	renamed	Can we similarly characterize the class of communication problems corresponding to non-monotone KW games?	Communication characterization of nonmonotone Karchmer–Wigderson games	
TCS-2621	concurrently_deleted			Removed on 2026-09-12 in the user-authorized specify-or-delete review. The random tensor-iteration question leaves recovery error and uniform iteration/output guarantees unspecified across the overcomplete regime. Editorial removal of an incompletely specified benchmark, not a resolution claim. Saved source: https://proceedings.mlr.press/v195/wu23b.html.
TCS-2625	retained	Almost 3-colorable graphs versus graphs with no large independent set	Almost 3-colorable graphs versus graphs with no large independent set	
TCS-2644	renamed	Is there a deterministic polynomial time algorithm for NC03 -Avoid with stretch n1+o(1) , even when an NP oracle is available?	Deterministic NP-oracle range avoidance at near-linear stretch	
TCS-2650	renamed	Assuming QETH or QSETH, is MQCSP, UMCSP, or SMCSP quantumly hard?	Quantum meta-complexity hardness from QETH and QSETH	
TCS-2654	renamed	Does there exist an online learning rule that is strongly universally consistent for the family {(X, Y) : X ∈ SUOL}?	Strong universal consistency in online learning	
TCS-2658	renamed	Does a constant margin force bounded sign-rank?	Sign-rank bounds from constant margin	
TCS-2659	concurrently_deleted			Removed on 2026-09-12 in the user-authorized specify-or-delete review. The hypergraph constructor has no quantitative available-size density or uniform degree-dependent construction requirement. Editorial removal of an incompletely specified benchmark, not a resolution claim. Saved source: https://doi.org/10.4230/LIPIcs.CCC.2022.10.
TCS-2662	renamed	Assuming ETH, does constant gap Max-Clique admit an algorithm in 2o(n) time?	Subexponential constant-gap Max-Clique under ETH	
TCS-2663	concurrently_deleted			Removed on 2026-09-12 in the user-authorized specify-or-delete review. The extreme-PRG parameter list leaves the advice slack below a full truth table unquantified, so a nondegenerate reconstruction target is not fixed. Editorial removal of an incompletely specified benchmark, not a resolution claim. Saved source: https://doi.org/10.4230/LIPIcs.ITCS.2022.116.
TCS-2664	renamed	Can a low-influence direction be removed from a convex set?	Removing low-influence directions from convex sets	
TCS-2665	concurrently_deleted			Removed on 2026-09-12 in the user-authorized specify-or-delete review. The huge-object testing question asks for a classification without a defined form or effective presentation for its necessary-and-sufficient criterion. Editorial removal of an incompletely specified benchmark, not a resolution claim. Saved source: https://doi.org/10.4230/LIPIcs.ITCS.2022.78.
TCS-2675	concurrently_deleted			Removed on 2026-09-12 in the user-authorized specify-or-delete review. The best-arm question does not select a reward family or strict-domination meaning; the recorded later answers differ between its natural interpretations. Editorial removal of an incompletely specified benchmark, not a resolution claim. Saved source: https://proceedings.mlr.press/v178/open-problem-qin22a.html.
TCS-2680	renamed	For every oracle O, if DistNPO ⊆ HeurPO , then UPO ⊆ BPTIMEO [2O(n/ log n) ].	Relativizing subexponential UP from heuristic average-case NP	
TCS-2681	renamed	Does UEOPL equal EOPL?	UEOPL versus EOPL	
TCS-2688	renamed	The problem of designing a rendezvous algorithm working for arbitrary connected graphs in optimal time remains open.	Optimal-time rendezvous on arbitrary connected graphs	
TCS-2689	renamed	Regardless, whether there exists a protocol that achieves deterministic safety and termination in a hybrid synchronous model remains an open question.	Deterministic safety and termination in hybrid synchrony	
TCS-2707	renamed	The main obstacle comes from the non-commutativity of Hamiltonians and it remains open to design a polynomial-time algorithm for such partition function assuming only zero-freeness.	Quantum partition functions from zero-freeness	
TCS-2718	retained	A uniform exponent saving for arbitrary generalized convolution	A uniform exponent saving for arbitrary generalized convolution	
TCS-2730	retained	Thus, even in the non-succinct case, designing worst-case update operations is an open problem.	Thus, even in the non-succinct case, designing worst-case update operations is an open problem.	
TCS-2732	renamed	Is there a perfectly secure 3-server DPF with key size N o(1) ?	Subpolynomial-key perfectly secure three-server DPFs	
TCS-2735	renamed	We leave the understanding of the uniform complexity landscape in the regime Ω(log 1/ε) as an exciting open problem.	Uniform local complexity at logarithmic inverse-error radius	
TCS-2744	renamed	Most results, however, are negative and fundamental problems, including proving that the value of the game always exists, remain open.	Existence of values in all-pay bidding games	
TCS-2753	renamed	The question of whether a fully adaptive strong BA with optimal resilience exists or not remains open.	Fully adaptive strong Byzantine agreement with optimal resilience	
TCS-2776	concurrently_deleted			Removed on 2026-09-12 in the user-authorized specify-or-delete review. The exact time-bounded Kolmogorov language lacks a fixed sequential interpreter and time-accounting convention or a verified invariance statement covering them. Editorial removal of an incompletely specified benchmark, not a resolution claim. Saved source: https://doi.org/10.4230/LIPIcs.CCC.2022.36.
TCS-2783	renamed	Erdős’s girth conjecture: dense graphs without short cycles	Erdős girth conjecture	
TCS-2799	concurrently_deleted			Removed on 2026-09-12 in the user-authorized specify-or-delete review. The random-regular Max-Cut conjecture invokes no-OGP without specifying its finite-degree premise or whether the algorithm is restricted to AMP. Editorial removal of an incompletely specified benchmark, not a resolution claim. Saved source: https://doi.org/10.4230/LIPIcs.ICALP.2022.41.
TCS-2804	renamed	The Slice-wise Polynomial Space Conjecture for XNLP-hard problems	Slice-wise Polynomial Space Conjecture	
TCS-2813	concurrently_deleted			Removed on 2026-09-12 in the user-authorized specify-or-delete review. The requested secret-sharing/MRF improvement does not state which formula-size constraint or asymptotic separation ratio is to be established. Editorial removal of an incompletely specified benchmark, not a resolution claim. Saved source: https://doi.org/10.4230/LIPIcs.ITCS.2022.8.
TCS-2815	concurrently_deleted			Removed on 2026-09-12 in the user-authorized specify-or-delete review. The stochastic-game source and cited existence model disagree on observation and equilibrium scope, and do not select a common payoff family. Editorial removal of an incompletely specified benchmark, not a resolution claim. Saved source: https://doi.org/10.4230/LIPIcs.MFCS.2022.4.
TCS-2816	concurrently_deleted			Removed on 2026-09-12 in the user-authorized specify-or-delete review. The wait-free queue claim does not fix register width or local computation costs; unrestricted wide-word variants already have materially different bounds. Editorial removal of an incompletely specified benchmark, not a resolution claim. Saved source: https://doi.org/10.4230/LIPIcs.OPODIS.2022.4.
TCS-2821	concurrently_deleted			Removed on 2026-09-12 in the user-authorized specify-or-delete review. The aperiodicity-center request gives no effective or quantitative zone radius beyond what follows from aperiodicity itself. Editorial removal of an incompletely specified benchmark, not a resolution claim. Saved source: https://doi.org/10.4230/LIPIcs.STACS.2022.19.
TCS-2822	renamed	The complexity of finding a directed path longer than a shortest path	Complexity of directed detours	
TCS-2824	renamed	When does truth-table reconstruction preserve an intuitionistic connective?	Truth-table reconstruction of intuitionistic connectives	
TCS-2851	concurrently_deleted			Removed on 2026-09-12 in the user-authorized specify-or-delete review. Equality of partial-function domains conflicts with the recorded counterexample, while the intended domain-extension version has not been confirmed. Editorial removal of an incompletely specified benchmark, not a resolution claim. Saved source: https://doi.org/10.4230/LIPIcs.MFCS.2022.28.
TCS-2861	renamed	For example, can we efficiently sample from a WNR/NA/NR distribution for any marginals in a given matroid polytope?	Efficient negatively dependent sampling from matroid polytopes	
TCS-2889	renamed	Does small proof space imply short tree-like resolution refutations?	Short tree-like resolution from small proof space	
TCS-2896	renamed	We leave it as an open problem whether a constant-factor approximation in sublinear (in n = 2k) space is possible	Sublinear-space constant-factor Euclidean Steiner forest	
TCS-2914	concurrently_deleted			Removed on 2026-09-12 in the user-authorized specify-or-delete review. The sampler separation leaves branching-program resources and sampling error unspecified, so efficient and trivial interpretations are not separated. Editorial removal of an incompletely specified benchmark, not a resolution claim. Saved source: https://doi.org/10.4230/LIPIcs.ITCS.2022.40.
TCS-2958	retained	Efficient equations for VP with unrestricted complex coefficients	Efficient equations for VP with unrestricted complex coefficients	
TCS-2971	concurrently_deleted			Removed on 2026-09-12 in the user-authorized specify-or-delete review. The auxiliary-vertex hypergraph question does not define how extra vertices contribute to a terminal cut; fixing them outside and minimizing their placements are different tasks. Editorial removal of an incompletely specified benchmark, not a resolution claim. Saved source: https://doi.org/10.4230/LIPIcs.FSTTCS.2022.6.
TCS-2997	renamed	How many rounds does triangle detection require in CONGEST?	Triangle detection in CONGEST	
TCS-3007	retained	Maximal rational rigidity despite a quadratic-field diagonal correction	Maximal rational rigidity despite a quadratic-field diagonal correction	
TCS-3017	retained	Sample complexity of uniformity testing with less than one stored sample	Sample complexity of uniformity testing with less than one stored sample	
TCS-3025	renamed	Indeed, it is an open problem whether the existence of exponentially-hard weak one-way functions is equivalent to the existence of exponentially-hard strong one-way functions [31].	Exponentially hard weak versus strong one-way functions	
TCS-3030	renamed	However, the complexity of UBA universality is an open problem [30]; only membership in PSPACE is known.	Universality of unambiguous Büchi automata	
TCS-3031	renamed	We conjecture that Coq’s restriction preventing large elimination principles for non-sub-singleton propositions makes LEM and CT consistent in Coq.	Consistency of excluded middle and Church’s thesis in Coq	
TCS-3037	renamed	For any computable pattern class H: If H has unbounded matching-split number, then the problem ⊕Sub(H) is ⊕W[1]-complete.	Parity subgraph-counting dichotomy	
TCS-3038	renamed	We leave it as an open question whether there exists a linear space finger search data structure, supporting access(i) and movefinger(i) in O(log d) time.	Linear-space finger search with logarithmic distance cost	
TCS-3056	renamed	We leave it as an open problem whether similarly efficient deterministic algorithms exist under the presence of negative entries.	Deterministic convolution with negative entries	
TCS-3059	renamed	We leave as a major open question to find new algorithms for LLARP that might tackle the 50% conjecture.	Freedman’s conjecture	
TCS-3075	renamed	In particular, for the list of problems with determinant-based counting in Section 1, designing RNC sampling algorithms remains open.	RNC sampling for determinant-counted objects	
TCS-3079	concurrently_deleted			Removed on 2026-09-12 in the user-authorized specify-or-delete review. The arithmetic source lacks recovered valuation-of-infinity semantics, and its improve-NEXP request does not state a definite remaining classification criterion. Editorial removal of an incompletely specified benchmark, not a resolution claim. Saved source: https://doi.org/10.4230/LIPIcs.MFCS.2021.55.
TCS-3095	renamed	We conjecture that even G3 might be tractable, but again the only known general upper bound is PSPACE.	Complexity of unordered width-three CNF games	
TCS-3113	renamed	Whether hypothesis classes of finite VC dimension exist which are not improperly CPAC learnable in the agnostic case remains an open question.	Finite VC dimension versus agnostic computable PAC learning	
TCS-3114	retained	Thus, the case that remains open concerns uncountable X and general (random) sequences X.	Thus, the case that remains open concerns uncountable X and general (random) sequences X.	
TCS-3117	renamed	Does noisy parity learning require Ω(n²/ε²) memory or exponentially many samples?	Memory–sample tradeoffs for noisy parity learning	
TCS-3120	renamed	Do extension-closed even existential prefix classes collapse over finite structures?	Collapse of extension-closed existential prefix classes	
TCS-3123	concurrently_deleted			Removed on 2026-09-12 in the user-authorized specify-or-delete review. The real-weight APSP target leaves the real machine, randomized guarantee and infimum-versus-attained matrix-multiplication hypothesis unresolved. Editorial removal of an incompletely specified benchmark, not a resolution claim. Saved source: https://doi.org/10.4230/LIPIcs.ESA.2021.27.
TCS-3134	concurrently_deleted			Removed on 2026-09-12 in the user-authorized specify-or-delete review. The distributed independent-set source has conflicting output contracts and no selected deterministic/randomized optimal-complexity convention. Editorial removal of an incompletely specified benchmark, not a resolution claim. Saved source: https://doi.org/10.4230/LIPIcs.OPODIS.2021.15.
TCS-3146	retained	Adaptive linear-sketch query complexity of planted-clique detection	Adaptive linear-sketch query complexity of planted-clique detection	
TCS-3151	concurrently_deleted			Removed on 2026-09-12 in the user-authorized specify-or-delete review. Dropping AND/OR decomposability leaves the solution DAG/tree semantics, equivalence relation and output-size convention undefined. Editorial removal of an incompletely specified benchmark, not a resolution claim. Saved source: https://doi.org/10.4230/LIPIcs.ESA.2021.80.
TCS-3152	concurrently_deleted			Removed on 2026-09-12 in the user-authorized specify-or-delete review. Instantiation overflow is a defined property, but the requested characterization selects neither a structural criterion nor a decision problem as the benchmark target. Editorial removal of an incompletely specified benchmark, not a resolution claim. Saved source: https://doi.org/10.4230/LIPIcs.FSCD.2021.27.
TCS-3153	renamed	Can Boolean Fourier rank grow faster than the square root of sparsity?	Fourier rank versus sparsity	
TCS-3162	renamed	We conjecture that this second phase transition is inherent (and not an artifact of our techniques).	Phase transitions in erasure-resilient connectivity testing	
TCS-3177	renamed	In other words, does polynomial time learnability of NP/poly imply polynomial time learnability of PH/poly?	Learning PH/poly from learning NP/poly	
TCS-3181	renamed	More difficult question: can we prove a lower bound on random ∆-CNF formulas?	Branching-program lower bounds for random CNF search	
TCS-3183	renamed	Do we necessarily need large coefficients in some Res-LinB refutations with a small number of lines?	Coefficient size in short Res-LinB refutations	
TCS-3185	concurrently_deleted			Removed on 2026-09-12 in the user-authorized specify-or-delete review. The random-clique SoS request fixes neither a joint density/clique-size regime nor the precision of a meaningful degree lower bound. Editorial removal of an incompletely specified benchmark, not a resolution claim. Saved source: https://doi.org/10.4230/LIPIcs.CCC.2021.26.
TCS-3192	renamed	First, is it possible to obtain near singularly optimal bounds using a deterministic algorithm?	Deterministic time- and message-optimal asynchronous leader election	
TCS-3196	retained	Graph isomorphism parameterized by vertex deletion to planarity	Graph isomorphism parameterized by vertex deletion to planarity	
TCS-3207	renamed	Can we prove the nonexistence of disjunctive kernels for any of the WK[1]-hard problems?	Disjunctive-kernel lower bounds for WK[1]-hard problems	
TCS-3222	concurrently_deleted			Removed on 2026-09-12 in the user-authorized specify-or-delete review. The weighted-SOS-to-PIT implication mixes different field, explicitness and bit-versus-arithmetic conventions across its source versions. Editorial removal of an incompletely specified benchmark, not a resolution claim. Saved source: https://doi.org/10.4230/LIPIcs.ITCS.2021.23.
TCS-3228	renamed	Is Sparse Complexity complete for SAPEPP?	SAPEPP-completeness of Sparse Complexity	
TCS-3263	retained	Polynomial-time minimum-total-length disjoint paths for fixed k	Polynomial-time minimum-total-length disjoint paths for fixed k	
TCS-3275	renamed	Can StoqMA amplify both completeness and soundness?	Completeness and soundness amplification in StoqMA	
TCS-3291	concurrently_deleted			Removed on 2026-09-12 in the user-authorized specify-or-delete review. The directed sparsification request has no fixed size/error/balance bound or application predicate, and the recorded new preprint treats several different interpretations. Editorial removal of an incompletely specified benchmark, not a resolution claim. Saved source: https://doi.org/10.4230/LIPIcs.ICALP.2021.45.
TCS-3308	concurrently_deleted			Removed on 2026-09-12 in the user-authorized specify-or-delete review. The Hex circuit question does not distinguish a winning strategy from the empty board from minimax play on every intermediate position, or board versus history inputs. Editorial removal of an incompletely specified benchmark, not a resolution claim. Saved source: https://doi.org/10.4230/LIPIcs.ITCS.2020.21.
TCS-3312	renamed	The main question that we leave open is whether there exists a differentially private algorithm for this task which is polynomial in n and d?	Polynomial-time private convex-hull point selection	
TCS-3314	renamed	For example, is it possible to obtain a finite competitive ratio for chasing 3 arbitrary sets on the real line?	Competitive chasing of three sets on the line	
TCS-3317	renamed	In particular, is the word problem for the Grigorchuk group LOGSPACE-complete?	Logspace-completeness of the Grigorchuk word problem	
TCS-3318	renamed	It remains an open problem to show that if g(x)p has a small circuit, then g(x) has a small circuit.	Arithmetic circuit closure under pth roots	
TCS-3324	renamed	The decidability of Th(Rexp ) is an open problem and hinges upon Schanuel’s conjecture [24].	Tarski’s exponential function problem	
TCS-3325	renamed	For regular functions, we conjecture that 2DFT characterise the computable ones, but we have not been able to show it yet.	Two-way transducer characterization of computable regular functions	
TCS-3331	renamed	Can DynFO maintain the parity of vertices covered by red predecessors?	DynFO maintenance of red-predecessor parity	
TCS-3332	renamed	It is an open problem whether an analogous result can be proved for accessible set functors in general.	Finite approximations for accessible completely iterative algebras	
TCS-3339	retained	FPT recovery of graph incidence matrices under low-rank binary perturbations	FPT recovery of graph incidence matrices under low-rank binary perturbations	
TCS-3344	renamed	In particular we emphasize that even decidability of the Rounded P2P Problem in the case of a 2D rotation matrix remains open.	Decidability of rounded planar-rotation reachability	
TCS-3346	renamed	Indeed, it is an open problem whether the running time for the hypergraph isomorphism problem can be improved to 2polylog ∣V ∣ ⋅ ∣H∣O(1) [2].	Quasipolynomial dependence on vertices for hypergraph isomorphism	
TCS-3347	renamed	The implication problem for Conditional Independence statements has been extensively studied in the literature, but its complexity remains an open problem.	Complexity of conditional-independence implication	
TCS-3361	concurrently_deleted			Removed on 2026-09-12 in the user-authorized specify-or-delete review. The interactive shuffled-summation question lacks a transcript/participation model and a quantitative lower-bound target. Editorial removal of an incompletely specified benchmark, not a resolution claim. Saved source: https://doi.org/10.4230/LIPIcs.ITC.2020.15.
TCS-3363	renamed	We leave open the question of the complexity of testing whether a given function is instance optimizable.	Recognizing instance-optimizable functions	
TCS-3378	renamed	We conjecture that Corollaries 5 and 6 hold for arbitrary shapes, that is, that there does not exist a two-dimensional low complexity aperiodic SFT.	Low-complexity aperiodic two-dimensional shifts of finite type	
TCS-3379	renamed	The complexity of k-LH on a 1D line remains open for local dimension 2 ≤ d ≤ 7.	One-dimensional local Hamiltonians with local dimension 2–7	
TCS-3381	renamed	The question of whether protocols with poly(|ϕ|) states exist for every PA formula ϕ, possibly with quantifiers, also remains open.	Polynomial-state protocols for Presburger arithmetic	
TCS-3384	renamed	We do not know whether it is possible to compute approximate matchings, let alone set packings, using AC0 -circuits.	Approximate matching and set packing in AC⁰	
TCS-3391	renamed	However, it is still unknown whether it is possible to learn a mixture of well-separated Gaussians in polynomial time with polynomial sample complexity.	Efficient learning of well-separated Gaussian mixtures	
TCS-3392	retained	Constant lifetime recourse for competitive online matching on the line	Constant lifetime recourse for competitive online matching on the line	
TCS-3393	concurrently_deleted			Removed on 2026-09-12 in the user-authorized specify-or-delete review. The Kolmogorov barrier request names neither a class of proof methods nor an admissible conclusion or assumption for an obstruction. Editorial removal of an incompletely specified benchmark, not a resolution claim. Saved source: https://doi.org/10.4230/LIPIcs.CCC.2020.20.
TCS-3395	concurrently_deleted			Removed on 2026-09-12 in the user-authorized specify-or-delete review. The explicit linear-circuit lower bound has no selected field, factorization field or effective entry representation. Editorial removal of an incompletely specified benchmark, not a resolution claim. Saved source: https://doi.org/10.4230/LIPIcs.CCC.2020.5.
TCS-3401	retained	Decidability of approximate synthesis with arbitrary rational discounting	Decidability of approximate synthesis with arbitrary rational discounting	
TCS-3414	retained	Explicit permutation groups requiring superpolynomial graph embeddings	Explicit permutation groups requiring superpolynomial graph embeddings	
TCS-3416	renamed	Does a wait-free exact FIFO queue belong to Common₂?	Wait-free exact FIFO queues in Common₂	
TCS-3429	concurrently_deleted			Removed on 2026-09-12 in the user-authorized specify-or-delete review. The monotone-inclusion threshold combines different radius/diameter classes and unspecified joint asymptotic regimes, with recorded later progress settling important versions. Editorial removal of an incompletely specified benchmark, not a resolution claim. Saved source: https://proceedings.mlr.press/v125/diakonikolas20a.html.
TCS-3432	concurrently_deleted			Removed on 2026-09-12 in the user-authorized specify-or-delete review. The general ABP request does not specify how much beyond quadratic, the polynomial degree, field or hard-family explicitness requirement. Editorial removal of an incompletely specified benchmark, not a resolution claim. Saved source: https://doi.org/10.4230/LIPIcs.CCC.2020.2.
TCS-3436	renamed	Based on this, we conjecture that probability-1 leader election using O(1) messages requires Ω(n) time to stabilize.	Time lower bounds for constant-message leader election	
TCS-3450	renamed	We conjecture that for some a > 0 even (na )-local queries won’t lead to efficient distribution free algorithms for these classes.	Hardness of distribution-free learning with local queries	
TCS-3457	concurrently_deleted			Removed on 2026-09-12 in the user-authorized specify-or-delete review. The near-optimal linear erasure-code request does not prescribe the rate/list-size tradeoff, error regime or construction cost. Editorial removal of an incompletely specified benchmark, not a resolution claim. Saved source: https://doi.org/10.4230/LIPIcs.CCC.2020.1.
TCS-3479	concurrently_deleted			Removed on 2026-09-12 in the user-authorized specify-or-delete review. The continuous-observation model-checking request has no specification logic, observation predicates, probability query or accuracy/cost requirement. Editorial removal of an incompletely specified benchmark, not a resolution claim. Saved source: https://doi.org/10.4230/LIPIcs.FSTTCS.2020.43.
TCS-3480	retained	Polynomial exact metric sparsifiers with a crossing-edge budget	Polynomial exact metric sparsifiers with a crossing-edge budget	
TCS-3484	renamed	Is the satisfiability problem of word equations in NP?	Word-equation satisfiability in NP	
TCS-3509	renamed	Is Tarski in CLS (or in EOPL)?	Tarski in CLS or EOPL	
TCS-3512	renamed	What general upper bounds can we get on universal SMP in terms of weakly-universal SMP?	Universal versus weakly universal simultaneous-message protocols	
TCS-3513	renamed	Given any adversarial channel, when we are “below the Plotkin point” (i.e., there are non-confusable CP distributions), can we construct explicit codes of positive rate?	Explicit positive-rate codes below the Plotkin point	
TCS-3514	retained	PAC-learning hardness versus natural-proof barriers under universality	PAC-learning hardness versus natural-proof barriers under universality	
TCS-3520	renamed	Does every class C with unbounded grid-width contain arbitrarily large connected monotone grid subclasses?	Monotone grid subclasses from unbounded grid-width	
TCS-3530	renamed	Can the set of all winning strategies be described by finite-state automata?	Finite-state representation of all winning strategies	
TCS-3547	concurrently_deleted			Removed on 2026-09-12 in the user-authorized specify-or-delete review. The parametricity conjecture does not select the base type theory or a complete common function-free judgment grammar. Editorial removal of an incompletely specified benchmark, not a resolution claim. Saved source: https://doi.org/10.4230/LIPIcs.CSL.2020.13.
TCS-3556	concurrently_revised	We note, however, that since (even publicly-verifiable) PoSW satisfying weaker notions of sequentiality (e.g., σ = T /2) are known to exist in the ROM […]	Non-tight verifiable delay functions from a random oracle alone	
TCS-3557	concurrently_revised	While it is known that Sp-Datalog(6=) ⊆ E [3], to the best of our knowledge, it is still an open question ? whether Str-Datalog(6=) ∩ […]	Does extension preservation eliminate stratified intensional negation?	
TCS-3560	concurrently_deleted			Removed on 2026-09-12 in the user-authorized specify-or-delete review. The semialgebraic refutation request leaves the permitted size increase and existence-versus-effective-conversion contract unspecified across three distinct proof systems. Editorial removal of an incompletely specified benchmark, not a resolution claim. Saved source: https://doi.org/10.4230/LIPIcs.ITCS.2020.72.
TCS-3566	concurrently_revised	It thus remains open to obtain a ε−3 -complexity algorithm for general convex sets that does not depend on the dimension, or show that this […]	Dimension-independent ε⁻³ oracle complexity for smooth online optimization	
TCS-3568	concurrently_revised	Is there a total function g : {0, 1}m → {0, 1} such that BPP(Xor ◦ g n ) ≥ Ω(n log n · BPP(g)) […]	Necessary logarithmic amplification when composing XOR with a total function	
TCS-3573	concurrently_deleted			Removed on 2026-09-12 in the user-authorized specify-or-delete review. The quantum distribution-access comparison does not quantify seed-space growth or simulation overhead, or reconcile grid-valued and arbitrary real distributions. Editorial removal of an incompletely specified benchmark, not a resolution claim. Saved source: https://doi.org/10.4230/LIPIcs.ITCS.2020.25.
TCS-3580	renamed	Is there a way to prove that this behavior is unavoidable subject to some complexity assumption?	Conditional lower bounds for apex-minor deletion	
TCS-3585	renamed	Although we were able to get rid of the latter assumption in several cases, there is still a gap in this classification: does improving the […]	Degree-based fine-grained classification of Boolean Max-CSP	
TCS-3594	renamed	We leave open the question of whether alternating GFG automata of stronger acceptance conditions allow for doubly-exponential succinctness compared to deterministic automata.	Double-exponential succinctness of alternating good-for-games automata	
TCS-3609	renamed	In particular, we conjecture that there exists a class of conjunctive queries ∆ for which #Hom(∆) is #Wfunc [2]-equivalent.	#Wfunc[2]-complete conjunctive-query classes	
TCS-3617	renamed	Parsimonious Universal Family: Deterministic Construction We do not know how to deterministically construct small δ-parsimonious universal families.	Deterministic parsimonious universal families	
TCS-3619	renamed	We leave open the problem of showing an exponential lower bound on the complexity of deciding rKt complexity.	Exponential lower bounds for deciding rKt complexity	
TCS-3631	renamed	It remains open whether the concepts used in CLogspace can be used to obtain a stronger logic that could capture all queries in Logspace.	A logic capturing logarithmic space	
TCS-3635	renamed	We do not know whether Theorem 3 holds for all classes of (bounded-arity) relational structures.	Extending counting-CSP classification to bounded-arity structures	
TCS-3655	renamed	As mentioned in Section 4.2.2, it also remains an open problem whether IITs are reducible to inductive types in a UIP-free setting.	Inductive-inductive types from inductive types without UIP	
TCS-3662	renamed	We conjecture that in the low-dimensional setting of both (weakly-)smooth d and nonsmooth optimization the correct answer should be Ω( ln(K/γ) ln(1/ε)).	Low-dimensional parallel oracle optimization lower bounds	
TCS-3676	renamed	The exact complexity of the following variant of the problem remains open: given an MDP and a horizon encoded in binary, determine whether there exists […]	Complexity of binary-horizon Markov decision processes	
TCS-3678	renamed	It is still an open question whether an analogue of Theorem 16 holds for crisp languages, i.e. whether solvability of a given core crisp language […]	Testing tractability of core crisp constraint languages	
TCS-3685	renamed	We conjecture that getting a much better agreement with Mn , say 1/2 + 1/ poly(n), or even 2 1/2 + 2−o(log n) , requires […]	Average-case formula lower bounds for generalized Andreev functions	
TCS-3689	renamed	While the general relationship between NCTD and VCD remains open, it is now known that NCTD(C) is upper-bounded by VCD(C) when C is a finite […]	Non-clashing teaching dimension versus VC dimension	
TCS-3690	renamed	Regarding the adversarial bandit setting, it remains an open problem to construct an algorithm with optimal regret bounds without a priori tuning in respect to […]	Untuned tracking regret for adversarial bandits	
TCS-3691	renamed	We could not derive such bounds for distributions satisfying Dobruhsin’s condition and we do not know if such bounds apply for all classes of finite […]	Uniform convergence under Dobrushin dependence	
TCS-3709	renamed	We do not know how to lift Q or Q0 to their analogous communication measures; this is likely to be significantly harder.	Lifting quantum query complexity to communication	
TCS-3717	renamed	Can O(1)-round algorithms solve the problem with poly(k/ ) queries?	Constant-round distribution-free junta testing	
TCS-3718	renamed	Formally, is NP 6⊂ SIZE[nk ] for all k equivalent to (NP ⊂ P/poly =⇒ PH ⊂ i.o.-NP/n )?	NP circuit bounds versus infinitely-often hierarchy collapse	
TCS-3719	renamed	Can we 0 then solve all hardness-h ∃k ∀ graph properties in time O(mk−ε )?	Fine-grained classification of quantified graph properties	
TCS-3726	renamed	Is it possible to obtain a deterministic message-reduction scheme with no degradation of time?	Deterministic message reduction without time loss	
TCS-3731	renamed	How crucial is the notion of inseparable degree in the context of testing algebraic independence?	Inseparable degree in algebraic-independence testing	
TCS-3743	renamed	Can we show that either NQP 6⊆ P/poly or MCSP 6∈ ACC0 ?	NQP circuit lower bounds or MCSP outside ACC⁰	
TCS-3745	renamed	What is the best approximation ratio we can achieve for parameterized set cover in nk− time?	Approximation of parameterized Set Cover in n^(k−ε) time	
TCS-3761	renamed	In particular, can we prove non-trivial ppCDS lower-bounds for predicates that have low randomized bounded-error communication complexity like Greater-Than?	Private conditional-disclosure lower bounds for easy communication tasks	
TCS-3762	renamed	What if the output is required to be perfectly random, i.e., ε = 0?	Exact random-walk simulation in graph streams	
TCS-3770	renamed	Thus, given a set of relations Γ, what is the correct notion of a “polymorphism” of a upp-definable relation over Γ?	Polymorphisms for unique primitive-positive definability	
TCS-3787	renamed	We leave as open whether our unlabeled compression scheme extends to ample (a.k.a. lopsided or extremal) classes, which represent a natural and far-reaching generalization of […]	Unlabeled compression of ample classes	
TCS-3788	renamed	It is an open problem whether randomization can speed up partitioning algorithms and lead, in particular, to faster data structures for the various operations considered […]	Randomized partitioning data structures	
TCS-3792	renamed	We conjecture that for all n > k > 2 there is no deterministic linearizable (n, k)-set agreement object that is equivalent to the (n, […]	Linearizable objects equivalent to set agreement	
TCS-3799	renamed	Can one show that there are AC0 functions f of depth O(log(1/δ)) with deg g (f ) = Ω(n1−δ ) for ε = 1 − […]	Large-error approximate-degree lower bounds for AC⁰	
TCS-3801	renamed	Can the long-standing Ω(n log n) lower bound [20] be improved, for example by a combination of the full-automata technique of Yan [23] and the […]	State lower bounds for alternating parity translations	
TCS-3806	renamed	Can we reduce the number of passes to poly(k), or instead show that we need passes which are superpolynomial in k if we restrict space […]	Polynomial-pass parameterized streaming Vertex Cover	
TCS-3807	renamed	Can we show that assuming SETH, for some constant ε > 0, no algorithm running in time n1+ε can solve 2-CP in any metric when […]	Superlinear Closest Pair lower bounds under SETH	
TCS-3821	renamed	For example, can our result PPADScc * PPAcc be strengthened to SoMLcc * PPAcc ?	Separating SoML from PPA in communication	
TCS-3832	renamed	Is SZK ⊆ ZPPMKTP , or equivalently, is Entropy Approximation in ZPPMKTP ?	SZK in zero-error randomized time with an MKTP oracle	
TCS-3839	renamed	We do not know whether an exponential bound on kMV k holds for any class of afmp-Z-VASS.	Exponential matrix-monoid bounds for affine integer VASS	
TCS-3845	renamed	In other words, while there exist good multicommodity routing solutions, we do not know how to find them efficiently in a distributed fashion.	Efficient distributed multicommodity routing	
TCS-3857	renamed	We instead address the following question: can cardinal mechanisms with low distortion be very different from ordinal mechanisms?	Low-distortion cardinal versus ordinal mechanisms	
TCS-3862	renamed	The question of whether search-ZK has complete problems in the computational and statistical setting remains open.	Complete problems for search zero knowledge	
TCS-3863	renamed	Decidability of the containment problem when both automata are allowed to be finitely ambiguous remains open.	Containment of finitely ambiguous automata	
TCS-3865	renamed	The question about exponential separation in the case of a general alphabet remains open.	Exponential complementation cost for unambiguous automata	
TCS-3866	renamed	Is there a polynomial bound on the number of slide moves necessary to transform two graphs of groups with isomorphic fundamental groups into each?	Polynomial slide distances between graphs of groups	
TCS-3867	renamed	However, we do not know whether or not polynomial running time can be guaranteed.	Polynomial-time black-box cost-sharing reductions	
TCS-3871	renamed	Is the same bound true for protocols with private sources of random bits?	Private randomness in algorithmic mutual-information protocols	
TCS-3873	renamed	Or is it impossible, which could solve the open question [11] of separating SDDs and d-SDNNFs?	SDD versus d-SDNNF succinctness	
TCS-3878	renamed	We conjecture that there is a randomized algorithm for convex-MPMD with competitive ratio O(log k) but no such algorithm with competitive ratio O(1).	Logarithmic randomized competitiveness of convex matching with delays	
TCS-3886	renamed	Indeed, whether ∃ · BPP = MA remains an open question [11].	∃·BPP versus MA	
TCS-3892	renamed	Finding a lower bound for the construction of all-pairs spanners in the congest model is still an open question.	CONGEST lower bounds for all-pairs spanner construction	
TCS-3894	renamed	We conjecture that systems of linear inequalities can be computed by leaderless protocols with a polynomial number of states.	Polynomial-state leaderless protocols for linear inequalities	
TCS-3904	renamed	It remains an open question whether the predicative universes in the cubical assembly model satisfy the propositional resizing axiom.	Propositional resizing in cubical assemblies	
TCS-3906	renamed	What is the optimal sample complexity for identity testing on symmetric Markov chains?	Sample complexity of symmetric Markov-chain identity testing	
TCS-3910	renamed	We leave as a great open question whether the complexity of clique detection in the CONGEST model is sublinear, or one needs Θ(n) e communication […]	Sublinear-round clique detection in CONGEST	
TCS-3915	renamed	On the other hand, it remains an open question to characterize classes of relational structures, rather than just graphs, which are transductions of bounded expansion […]	Transductions of bounded-expansion relational classes	
TCS-3917	renamed	We conjecture that, more generally, the disjoint union of two easy cases is an easy case; formally, if MIS is FPT in G-free graphs and […]	Disjoint-union closure of FPT forbidden-pattern independent set	
TCS-3919	renamed	That is, is it possible to prove that any SP refutation of length l can be simulated by an SP planes refutation of size poly(l, […]	Polynomial encoded size from short Stabbing Planes proofs	
TCS-3928	renamed	But the general case of arbitrary alphabets with bounds expressed in terms of the parameters n, z, σ remains open (see Table 1 in the […]	Greedy versus bit-optimal LZ77 over arbitrary alphabets	
TCS-3940	retained	Note however that we do not know whether these lower bounds imply general algorithmic hardness.	Note however that we do not know whether these lower bounds imply general algorithmic hardness.	
TCS-3945	renamed	Does this exist a property Π that has an MAP with complexity O( n) but every AMP for Π must have complexity Ω(n)?	MA versus AM proofs of proximity	
TCS-3958	renamed	For PRGs, can we get a nontrivial PRG for depth-2 LTF circuits with a super-linear number of gates?	Pseudorandom generators for superlinear-size depth-two threshold circuits	
TCS-3959	renamed	Can we solve AnnAtZero (or APS) in AM for fields of characteristic zero assuming GRH [22]?	AnnAtZero and approximate polynomial satisfiability in AM under GRH	
TCS-3960	renamed	In particular, does there exist an earthmover resilient property that is testable but not tolerantly testable?	Earthmover-resilient testing versus tolerant testing	
TCS-3961	renamed	For instance, is computing the permanent of an orthogonal matrix modulo a prime p hard for all p 6= 2, 3?	Hardness of orthogonal-matrix permanents modulo primes	
TCS-3962	renamed	Does SAT ∈ P/poly imply that NP ⊆ ZPPMCSP ?	MCSP-oracle algorithms for NP from SAT in P/poly	
TCS-3984	renamed	Can we show that coloring a 2-colorable 3-uniform hypergraph with ω(log log n) colors is NP-hard, or even quasi-NP-hard?	Hardness of coloring 2-colorable 3-uniform hypergraphs	
TCS-3986	renamed	Do the efficient inverse-polynomial error heuristics we obtain imply any circuit lower bounds?	Circuit lower bounds from inverse-polynomial-error heuristics	
TCS-3991	renamed	Can we remove the restriction of planar graphs?	Approximating the Tutte polynomial T(x,1) on general graphs	
TCS-3992	renamed	First, is there a lower bound on the size of a metric sparsifier for s labels for Zero Extension?	Metric sparsifier lower bounds for Zero Extension	
TCS-4003	renamed	If using public coins, what power would the prover need?	Prover complexity of public-coin pseudodeterministic proofs	
TCS-4006	renamed	Are there deterministic context-free languages where the optimal space bound (for the variable-size or the fixed-size model) is in o(n) ∩ ω((log n)2 )?	Intermediate sliding-window space for context-free languages	
TCS-4009	renamed	Is there a set O ⊆ {−, ∪, ∩} such that BC(O∪{+}) is undecidable?	Decidability of balance in integer circuits	
TCS-4017	renamed	Is it possible to axiomatise the positive calculus of relations with transitive closure?	Axiomatizing positive relation calculus with transitive closure	
TCS-4030	renamed	In particular, is the log-concave MLE sample-optimal for d ≥ 4?	Sample optimality of log-concave maximum likelihood	
TCS-4031	renamed	On the other hand, we do not know if AC 0 is self-learnable by quasi-polynomial size AC 0 circuits.10 A natural approach here is to […]	Quasipolynomial AC⁰ self-learning	
TCS-4039	renamed	We leave it as an open problem to separate these two notions – i.e., find functions which have low bottleneck complexity protocols, but do not […]	Bottleneck communication versus streaming space	
TCS-4054	renamed	For instance, is it possible to solve (IP) in time (m · n · ∆)o(m) · (kbk∞ )O(1) , or (m · n · ∆ […]	Sublinear-in-row exponents for integer programming	
TCS-4061	renamed	Does UGC imply that for all c > 1, it is hard to c-approximate 1-Homology Localization on triangulations of 2-manifolds (over Zk for k = […]	UGC hardness of homology localization	
TCS-4072	renamed	We also leave it as an open problem to characterize the functors that admit a disjunctive basis.	Characterizing functors with disjunctive bases	
TCS-4074	renamed	Classically, it is still an open question whether the log(1/ε)-factor in the upper bound of [17] for (ε, δ)-proper PAC learning is necessary.	Sample complexity of proper PAC learning	
TCS-4076	renamed	We leave open the question of whether MLP gates (of any type) can polynomially simulate monotone real circuits. n I Theorem 19.	Simulating monotone real circuits with MLP gates	
TCS-4078	renamed	However, the important question about whether finite-memory suffices for the infinite-horizon optimal path problem or infinite memory is needed remains open.	Finite memory for infinite-horizon optimal paths	
TCS-4081	renamed	Finally, we leave open the problem of finding a sound and complete axiomatization for ITLe .	Complete axiomatization of expanding intuitionistic temporal logic	
TCS-4084	renamed	We conjecture that the INBA problem remains hard in M2 even in the unbounded-round setting.	Unbounded-round hardness of INBA in M2	
TCS-4093	concurrently_deleted			Removed on 2026-09-12 in the user-authorized specify-or-delete review. The two-dimensional branching-VASS task is recovered, but the requested precise complexity has no selected resource, reduction class or precision of classification. Editorial removal of an incompletely specified benchmark, not a resolution claim. Saved source: https://doi.org/10.4230/LIPIcs.ICALP.2017.119.
TCS-4099	renamed	It remains open to find a pseudo-deterministic NC algorithm for perfect matching in general (non-bipartite) graphs.	Pseudodeterministic NC perfect matching in general graphs	
TCS-4102	renamed	1 The problem of communication lower bounds for general functions under the cash-register model remains open.	Communication lower bounds in the cash-register model	
TCS-4110	renamed	Can the algorithm be generalized to 3 or more variables?	Real-stability testing in three or more variables	
TCS-4121	renamed	First, can we get efficient distributed algorithms for TAP with an approximation ratio better than 2?	Distributed Tree Augmentation below factor two	
TCS-4124	renamed	While the problem of modular separability is ExpSpace-hard, we do not know whether it is as hard as the VAS reachability problem.	Modular separability versus VAS reachability	
TCS-4132	renamed	However, quantifying the rate of regret in the important case of full permutations ? (i.e., with k “ n) remains an open problem.	Regret for online full permutations	
TCS-4134	renamed	A related question which remains open, originally posed by Ben-David and Eiron Ben-David and Eiron (1998), is that of computing the self-directed learning4 mistake bound.	Computing the self-directed learning mistake bound	
TCS-4138	renamed	It is an open problem whether coalgebraic type functors of interest on convex sets are proper, e.g. the functor F X = [0, 1] × […]	Properness of coalgebraic functors on convex sets	
TCS-4143	renamed	We do not know whether there exists a distributed language admitting error-sensitive proof-labeling schemes, but such that all error-sensitive proof-labeling schemes for that language use […]	Certificate-size cost of error sensitivity	
TCS-4151	renamed	Also, while we know that non-integral strategies may be better than integral ones, we do not know whether strategies that use rational numbers are as […]	Rational versus real strategies in flow games	
TCS-4184	renamed	For example, does PM ⊆ PSPACEcc hold?	PM versus PSPACE communication complexity	
TCS-4185	renamed	Are there strings that do not possess simple optimal hypotheses?	Existence of strings without simple optimal hypotheses	
TCS-4186	renamed	In particular, is there an analogous result for learning under the uniform distribution using random examples?	Learning–pseudorandomness connections under uniform examples	
TCS-4187	renamed	Is there a family of non-3-colourable graphs such that any polynomial calculus proof of non-3-colourability using the roots of unity encoding must require large size?	Polynomial-calculus lower bounds for roots-of-unity 3-coloring	
TCS-4193	renamed	First, can the MIS lower bounds in the Local model shown by Kuhn et al. [15] be extended to 2-ruling sets?	LOCAL lower bounds for 2-ruling sets	
TCS-4194	renamed	More generally, does an approximate Voronoi diagram of size O(nk+1 ) exist for a set of k-dimensional flats in Rd , for d > k?	Small approximate Voronoi diagrams of flats	
TCS-4195	renamed	Is Huge n-fold IP fixed-parameter tractable for parameters r, s, t and a?	Fixed-parameter tractability of huge n-fold integer programming	
TCS-4202	renamed	Can we reduce the group isomorphism problem to the isomorphism problem for asymmetric groups?	Group isomorphism via asymmetric groups	
TCS-4203	renamed	Does there exist a 2O(k log k) · |V |O(1) -time algorithm for Cycle Packing?	Cycle Packing in 2^(O(k log k)) time	
TCS-4205	renamed	What is the maximum gap, if any, between U -invariant [depth d] formula size and non-invariant [depth d] formula size?	Invariant versus unrestricted bounded-depth formulas	
TCS-4206	renamed	What is the complexity of deciding Datalog-rewritability in the afore-mentioned languages?	Complexity of Datalog rewritability	
TCS-4208	renamed	Can LCWIS be solved in time O n2−f (|Σ|) for some decreasing function f that yields strongly subquadratic-time algorithms for any constant alphabet size |Σ|?	Truly subquadratic LCWIS over fixed alphabets	
TCS-4210	renamed	A final open question concerns routing schemes in general: what is the time needed by a data packet to travel through the graph?	Packet traversal time in compact routing	
TCS-4219	renamed	What are the tradeoffs, if any, between the number of gates and the number of ancilla bits?	Gate–ancilla tradeoffs	
TCS-4221	renamed	E.g., does the Question from Section 1 have a positive answer if the constraints x2i ≤ 1 are upgraded to x2i = 1?	Sum-of-squares automatability on the Boolean cube	
TCS-4231	renamed	What is the complexity of general subgraph detection?	Complexity of general subgraph detection	
TCS-4233	renamed	Is the problem fixed-parameter tractable?	Fixed-parameter tractability of Minkowski games	
TCS-4236	renamed	Is there an algorithm to construct or detect combinatorial immersions that have a realization in the configuration of geodesics for some hyperbolic metric?	Hyperbolic-geodesic realizability of combinatorial immersions	
TCS-4238	renamed	Or, on the contrary, is the amount of certified randomness against no-signaling adversaries bounded also in the sequential scenario?	Sequential randomness certification against non-signaling adversaries	
TCS-4245	renamed	Can parity games be solved in deterministic polynomial time?	Parity games in polynomial time	
TCS-4249	renamed	At the moment, it remains open whether every input admits a committee that provides this form of justified representation; it is known that PAV may […]	Existence of committees with justified representation	
TCS-4251	renamed	Beyond these two points, we do not know how to show decidability for Gnil (which is the join of the Gp ), and the surprising […]	Decidability for nilpotent group pseudovarieties	
TCS-4259	renamed	Can one obtain a general round-reduction upper bound for 0 ≤ ` < k of the form q` ≤ φ(qk , `, k), improving on […]	Query cost of reducing testing adaptivity	
TCS-4261	renamed	The following basic question is still open though: is there a lower bound of Ω(n3/2+ ) edges for some ∈ (0, 1] for 2-additive spanners […]	Super-n^(3/2) lower bounds for fault-tolerant additive spanners	
TCS-4267	renamed	For example, is it the case that CSP(Γ) is not solvable in subexponential time whenever CSP(Γ) is NP-complete and the primal treewidth of an instance […]	Treewidth-dependent exponential hardness of CSPs	
TCS-4268	renamed	Is there evidence that Gap MCSP has intermediate complexity when is a fixed constant, similar to the evidence that we present for the case when […]	Intermediate complexity of constant-gap MCSP	
TCS-4269	renamed	What is the complexity of the following flip distance problem for labelled triangulations: Given two labelled triangulations and a number k, is there a flip […]	Flip distance of labeled triangulations	
TCS-4271	renamed	Do these complexities capture all possibilities, when natural global graph problems are concerned?	Round-complexity classification of global CONGEST problems	
TCS-4274	renamed	In our view, the main open question raised by our work is the following: is there a 2-connected graph H such that H-freeness can be […]	CONGEST subgraph-freeness for two-connected patterns	
TCS-4288	renamed	Regarding the case of words we leave some open questions, the most important of which is if F1 is more succinct than FO2 .	F₁ versus FO² succinctness over words	
TCS-4289	renamed	Finally, we leave open the question whether Hitting Set is even W [2]-hard on set systems of bounded VC-dimension.	W[2]-hardness of bounded-VC-dimension Hitting Set	
TCS-4293	renamed	We conjecture that the following problem is P LS-complete: given an instance of k-means, compute an arbitrary local minimum of the k-means method.	PLS-completeness of k-means local minima	
TCS-4299	renamed	It is unknown whether the capacity for collision detection improves deterministic broadcast time, as it does for randomized algorithms [12].	Collision detection in deterministic broadcast	
TCS-4301	retained	Formally, we leave the resolution of the following conjecture as an open problem.	Formally, we leave the resolution of the following conjecture as an open problem.	
TCS-4302	renamed	However, the strategy synthesis problem for multi-objective probabilistic LTL properties in general stochastic games remains open.	Strategy synthesis for multi-objective probabilistic LTL	
TCS-4307	renamed	It remains open whether the answer relation of ECRPQs can be maintained on general graphs, even when only insertions are allowed.	Dynamic maintenance of ECRPQs	
TCS-4317	renamed	We leave it as an open problem whether Feedback Vertex Set is serf reducible to 3-CNF-Sat.	Subexponential reductions from Feedback Vertex Set to 3-SAT	
TCS-4318	renamed	Note that it is an open problem to find an explicit construction of quadratic disperser or extractor over F2 with r = n − o(n).	Explicit quadratic dispersers at near-full entropy	
TCS-4320	renamed	We conjecture that weakly pspace randomness is strictly weaker than Lutz’s notion of pspace-randomness.	Weak versus Lutz PSPACE randomness	
TCS-4330	renamed	In fact, we do not know how to prove this conjecture even if the density of X in X0 is allowed to be as high […]	Density bounds in Karchmer–Raz–Wigderson communication arguments	
TCS-4336	renamed	We conjecture that the converse of Theorem 20 holds, in the sense that any hereditary graph class having a large TAR reconfiguration threshold must contain […]	Characterizing large token-reconfiguration thresholds	
TCS-4339	renamed	Perhaps the dependence of the running time on the treewidth of G can be removed: does there exist an algorithm for subgraph isomorphism on planar […]	Planar subgraph isomorphism without treewidth dependence	
TCS-4350	renamed	The problem is that we do not know whether the uniform compressed word problem for graph groups (where the input is an independence alphabet (A, […]	Uniform compressed word problem for graph groups	
TCS-4353	renamed	It is an open problem to decide efficiently whether a drawing of a graph H is weakly simple, i.e., whether a drawing P of H […]	Recognizing weakly simple graph drawings	
TCS-4365	renamed	Our proofs there work for the case of injective homomorphisms, but not for strong homomorphisms or embeddings, and the decidability of these cases remain open.	Decidability of strong homomorphisms and embeddings	
TCS-4366	renamed	Can we obtain a characterization of these properties as in the case of subrecursive classes?	Characterizing decidable properties beyond subrecursive classes	
TCS-4369	renamed	We conjecture tractability in this case – but this has to be proved yet.	Tractable enumeration for well-designed pattern trees	
TCS-4376	renamed	Which graph properties are testable with sub-linear query complexity?	Characterizing sublinear-query testable graph properties	
TCS-4393	renamed	Or, more specifically, can we eliminate the speed augmentation or replace it by a new rejection rule in the presented results?	Online nonpreemptive scheduling without speed augmentation	
TCS-4404	renamed	In particular, is there a cylindrical grid minor of size Ω(h)?	Linear-size cylindrical grids from planar directed treewidth	
TCS-4412	renamed	Can gate elimination prove non-linear bounds here?	Gate-elimination lower bounds for linear maps	
TCS-4417	renamed	Is there an O(m)-time algorithm for the BP and BST problems?	Linear-time bottleneck paths and spanning trees	
TCS-4419	renamed	Is it true that for any n-vertex graph H we have: (a) R(fH ) = Ω(αH · n)?	Structural randomized query lower bounds for subgraph containment	
TCS-4427	renamed	Can it be decided efficiently if a polyomino has a k-isohedral tiling?	Recognizing k-isohedral polyomino tilings	
TCS-4438	renamed	We strengthen the latter result to show that PP 6⊆ UPostBPP . (Showing PP 6⊆ UPostBPP remains open.) In our proof, we make use of […]	PP versus postselected communication	
TCS-4440	renamed	Another key question that remains open after this work is whether the existence of an fpt-algorithm for the decision version of a self-contained k-witness problem […]	Fixed-parameter enumeration from small-witness decision algorithms	
TCS-4449	renamed	As such, this construction does not imply that a log(K) adaptation price is unavoidable in all cases, and the question remains open on whether there […]	Instance-wise adaptation cost in fixed-budget best-arm identification	
TCS-4454	renamed	Specifically, we conjecture that there exist Dp ∈ [1, ∞) such that for every finite metric space (X, dX ) we have p cPp (R3 […]	Bounded-distortion snowflake embeddings into Wasserstein space	
TCS-4457	renamed	We conjecture that the power of any two-qubit Hamiltonian obeys a dichotomy: either H is efficiently classicaly simulable in this model,	Computational dichotomy for two-qubit Hamiltonians	
TCS-4458	renamed	This prompts for further generalisation in two ways: First, can we close the gap between plain first-order logic and its successor-invariant counterpart?	First-order versus successor-invariant logic	
TCS-4461	renamed	The converse holds at least assuming function extensionality; we do not know whether this assumption is necessary.)	Propositional univalence from propositional extensionality	
TCS-4463	renamed	We leave the following question open: is there a Markov-computable function from the Cantor space to O(B) that is not K-computable?	Markov computability versus K-computability	
TCS-4466	renamed	We leave open the question whether one can come up with an explicit and efficient transformation from any formula to a formula with few negations.	Efficiently reducing negations in Boolean formulas	
TCS-4468	renamed	The best separation between subcube partition complexity and query complexity remains open, even in the deterministic case.	Subcube partition complexity versus query complexity	
TCS-4469	renamed	Is qq-QAM contained in BP · PP?	qq-QAM versus BP·PP	
TCS-4478	renamed	The decidability status of 1cSL1 [BG] (and of 1cSL[BG]) model checking remains open.	Decidability of one-counter strategy-logic model checking	
TCS-4490	renamed	We leave as a challenging open problem the complexity of PosMatPow in higher dimensions.	Complexity of positive matrix powers	
TCS-4491	renamed	Without the assumption that CA(n) = CA2 (n), it is still unknown whether CA(n) is closed under concatenation.	Concatenation closure of real-time cellular-automaton languages	
TCS-4495	renamed	Figure 2: The simple (green), hard (red), impossible (gray) regimes for recovering planted dense subgraphs, and the hardness in the blue regime remains open.	Recovery hardness for planted dense subgraphs	
TCS-4503	renamed	It thus remains open to show whether one can decide, given any automaton B and any ordinal 0 < α < ϕ2 (0), whether B […]	Decidability of Wadge comparisons for tree automata	
TCS-4505	renamed	We leave open the question whether any two straight-line drawings of the same plane graph G can be morphed so that every intermediate drawing has […]	Geometric constraints in planar morphing	
TCS-4506	renamed	We do not know whether Theorem 3 remains valid for ω-categorical structures Γ, that is, whether the isomorphism type of the polymorphism clone of Γ […]	Reconstruction from ω-categorical polymorphism clones	
TCS-4509	renamed	A polynomial number of verifications is optimal for unconditionally secure schemes, nevertheless, a natural question that still remains open is whether we can have computationally […]	Quantum money with exponentially many classical verifications	
TCS-4515	renamed	Contrarily to quantitative reachability games, we do not know if a weak SPE always exists for games in this class.	Existence of weak subgame-perfect equilibria	
TCS-4519	renamed	It is unknown whether this is an inherent requirement for obtaining the statements, or one more involved arguments could dispense with.	Axiom strength of inductive inference	
TCS-4522	renamed	What is the largest gap between QI=0 (f ) and RI=0 (f )?	Quantum–classical communication gaps at I = 0	
TCS-4523	renamed	What is the complexity of computing dimension expansion?	Complexity of dimension expansion	
TCS-4524	renamed	For binary codes, what is the supremum p∗ of all fractions p of adversarial deletions for which one can have positive rate?	Positive-rate binary codes against adversarial deletions	
TCS-4528	renamed	Can every unsatisfiable CNF be refuted in CP in constant space, if the coefficients are polynomially bounded?	Constant-space Cutting Planes with polynomial coefficients	
TCS-4535	renamed	How hard is model checking conjunctive positive queries on finite groups?	Conjunctive positive query evaluation on finite groups	
TCS-4539	renamed	Are those proof systems consistent with SETH?	Compatibility of proof systems with SETH	
TCS-4549	renamed	Can a perfect colorful choice be computed in polynomial time if we have poly(d) color classes?	Polynomial-time colorful choice with polynomially many colors	
TCS-4551	renamed	Can we prove super-polynomial lower bounds for multi-k-ic formulas?	Superpolynomial multi-k-ic formula lower bounds	
TCS-4553	renamed	Can we find a prefix class whose reduction closure is P?	A prefix class with reduction closure P	
TCS-4563	renamed	Although it is not clear how to extend the techniques presented in this paper to containment of Datalog in regular queries, we conjecture that this […]	Containment of Datalog in regular queries	
TCS-4564	renamed	We conjecture that it has a presheaf model in a univalent metatheory (as some equations are only validated up to isomorphism – note that this […]	Univalent presheaf models of cubical type theory	
TCS-4572	renamed	Assuming it is combinatorially feasible, can we give an efficient algorithm to list-decode Gabidulin codes without using subcodes or special evaluation points?	Efficient list decoding of general Gabidulin codes	
TCS-4575	renamed	The problem is related to the universality problem for discount sum automata [2], a well-known problem for which decidability remains open [1].	Universality of discounted-sum automata	
TCS-4577	renamed	While smaller instances have been shown to be decidable, the full decidability of Skolem’s problem is still an open question [15].	Skolem problem	
TCS-4581	renamed	Characterizing the set of combining functions that induce hard problems remains an open problem.	Hardness classification of bandit loss-combining functions	
TCS-4582	renamed	We leave the computational complexity of the robust appointment scheduling and ordering problem as an open problem, and note that it is also unknown whether […]	Complexity of robust appointment scheduling	
TCS-4584	renamed	In fact, even the existence of Nash equilibria in such games is an open problem: it was believed until recently that there are two-player games […]	Nash equilibria in concurrent terminal-reward games	
TCS-4585	renamed	As an example of a question about resolution space that still remains open, suppose we are given a k-CNF formula that is guaranteed to be […]	Space complexity of restricted CNF resolution	
TCS-4586	renamed	While the query complexity of oracle identification in terms of M and N has been fully characterized, finding an optimal quantum algorithm for oip(C) remains […]	Instance-optimal quantum oracle identification	
TCS-4592	renamed	What is the optimal time complexity for agnostically learning halfspaces on the Gaussian distribution?	Time complexity of Gaussian agnostic halfspace learning	
TCS-4599	renamed	For any vertex-transitive graph, is the blanket time of order nR2 for all δ > 1?	Blanket time of local-search load balancing	
TCS-4604	renamed	However, establishing tight information theoretic lower bound on n (w.r.t. `, r) is still an open problem. 2	Identifiability bounds for mixtures of product distributions	
TCS-4615	renamed	The difficult question of whether or not the quantum entropy satisfies inequalities beyond positivity and SSA remains open for four or more parties.	Quantum entropy inequalities beyond strong subadditivity	
TCS-4621	renamed	We conjecture that the optimal bounds are that for every class H, B-ErrrH (T ) = O(k · L(H)) a p and B-ErrH (T ) […]	Optimal Littlestone-dimension bounds for multiclass bandits	
TCS-4633	renamed	Is there a FPTAS for the KCM problem for arbitrary matroids?	FPTAS for Knapsack Cover with general matroids	
TCS-4636	renamed	Further if F[<] is decidable, does it imply that F[<, MOD] is also decidable?	Decidability of definability with modular predicates	
TCS-4637	renamed	Does Planar Steiner Tree admit a subexponential-time algorithm with respect to the number of terminals in the instance?	Subexponential Planar Steiner Tree by terminal count	
TCS-4640	renamed	The problem: does the sequence beginning with x0 reach a given value y?	Reachability in piecewise-affine integer dynamics	
TCS-4647	renamed	Another question that we leave open is to prove lower bounds on the degree for - approximating polynomials for depth 2 AC0 [⊕] circuits.	Approximate-degree lower bounds for depth-two AC⁰[⊕]	
TCS-4655	renamed	Furthermore, it remains open whether one can find a problem-independent regret bound that√does not depend on 1/∆i – a quantity that can be arbitrarily small.	Gap-independent Thompson-sampling regret	
TCS-4659	renamed	Notice that it is still unknown whether the determinacy of Wadge games W (L(A), L(B)), where A and B are Muller tree automata (reading infinite […]	Determinacy of Wadge games for Muller tree languages	
TCS-4661	renamed	Then we conjecture that the following two inequalities always hold:     Yk Yk Ewo  Aij  ≤ Ewr  Aij  […]	Recht–Ré conjecture	
TCS-4664	renamed	Can we extend the D(Bipartite Matchingn ) ≤ O(n3/2 log n) bound to general graphs?	Subquadratic deterministic communication for general matching	
TCS-4666	renamed	Do lower bounds similar to ours hold for any sufficiently large feasible set S?	Smoothed Pareto lower bounds for arbitrary feasible sets	
TCS-4671	renamed	Is it possible to close this gap, maybe even in terms of a purely algorithmic analog of Valiant and Vazirani’s result?	Decision versus approximate-counting complexity of k-SAT	
TCS-4672	renamed	How large can P BI(H) be when H is a class of functions from a domain X to a range Y of cardinality k?	Price of bandit information in multiclass learning	
TCS-4673	renamed	The following question remains open: is there a language recognized by a collapsible deterministic higher order pushdown automaton which is not recognized by any deterministic […]	Collapsible versus noncollapsible higher-order pushdown automata	
TCS-4677	renamed	Therefore, one can ask: is it decidable if an orbit finite automaton recognizes a language that can be defined in first-order logic?	Deciding first-order definability of orbit-finite automata	
TCS-4679	renamed	However, we leave open the question of whether strong balance is equivalent to graph isomorphism or whether more efficient algorithms exist.	Strong balance versus graph isomorphism	
TCS-4695	renamed	By the celebrated result of Robertson and Seymour, every p-F-Deletion problem is FPT and our work naturally leads to the following question: does every p-F-Deletion […]	Parameterized complexity of forbidden-minor deletion	
TCS-4696	renamed	Quantum Merkle Trees — Open Problem 2	Succinct quantum arguments from Quantum Merkle trees	
TCS-4703	renamed	Streaming Zero-Knowledge Proofs — Open problem 2	Sublinear-communication streaming zero knowledge	
TCS-4707	renamed	Quantum channel coding: Approximation algorithms and strong converse exponents — Unresolved-question passage on page 28	Error exponents for entanglement-assisted channel coding	
TCS-4710	renamed	Certificate Games — Open Problem 1	Separations between certificate-game complexities	
TCS-4712	renamed	Single-qubit gate teleportation provides a quantum advantage — Unresolved-question passage on page 31	One-dimensional quantum advantage beyond NC⁰	
TCS-4715	renamed	Succinct Arguments for QMA from Standard Assumptions via Compiled Nonlocal Games — Explicit open question on PDF page 3	Succinct entangled proofs with efficient provers	
TCS-4716	renamed	Bounded Indistinguishability for Simple Sources — Open Question 3	AC⁰-distinguishable locally indistinguishable NC⁰ sources	
TCS-4718	renamed	Low-Stabilizer-Complexity Quantum States Are Not Pseudorandom — Question 27	T-gate complexity of pseudorandom quantum states	
TCS-4734	renamed	Derandomised Tensor Product Gap Amplification for Quantum Hamiltonians — Explicit open question on PDF page 4	Locality-preserving quantum gap amplification	
TCS-4737	renamed	Towards a Universal Gateset for QMA1 — Explicit open question on PDF page 2	QMA versus QMA₁	
TCS-4746	renamed	Enumerating Error Bounded Polytime Algorithms Through Arithmetical Theories — Explicit open question on PDF page 2	Effective enumeration of BPP	
TCS-4753	renamed	Quantum Space, Ground Space Traversal, and How to Embed Multi-Prover Interactive Proofs into Unentanglement — Explicit open question on PDF page 12	QMA(2) versus NEXP	
TCS-4754	renamed	A Relativization Perspective on Meta-Complexity — Question 12	Zero knowledge for gap meta-complexity problems	
TCS-4763	renamed	Parallel (1+e)-Approximate Multi-Commodity Min-Cost Flow in Almost Optimal Depth and Work — Open Problem 1	Work-efficient parallel approximate flow	
TCS-4769	renamed	Sensitivity and Query Complexity Under Uncertainty — Unresolved-question passage on page 16	Query-complexity separations under uncertainty	
TCS-4771	renamed	Nondeterministic and Randomized Boolean Hierarchies in Communication Complexity — Explicit open question on PDF page 2	Two-sided versus one-sided randomized communication	
TCS-4778	renamed	A Qubit, a Coin, and an Advice String Walk into a Relational Problem — Unresolved-question passage on page 21	Derandomizing amplified relational computation	
TCS-4786	renamed	Synergy Between Circuit Obfuscation and Circuit Minimization — Explicit open question on PDF page 3	Complexity of Minimum Circuit Size	
TCS-4789	renamed	Quantum Generalizations of the Polynomial Hierarchy with Applications to QMA(2) — Explicit open question on PDF page 6	Collapse of the quantum-classical polynomial hierarchy	
TCS-4790	renamed	Subset Sum Quantumly in 1.17^n — Explicit open question on PDF page 2	Classical worst-case complexity of Subset Sum	
TCS-4792	renamed	Sample Compression Scheme Reductions — Open Problem 5	Multiclass sample compression from binary compression	
TCS-4802	renamed	Binary Codes with Resilience Beyond 1/4 via Interaction — Explicit open question on PDF page 1	Noise tolerance of binary interactive codes	
TCS-4803	renamed	Limits on the Power of Private Constrained PRFs — Explicit open question on PDF page 3	Key agreement from private constrained PRFs	
TCS-4811	renamed	How Hard Is Deciding Trivial Versus Nontrivial in the Dihedral Coset Problem? — Explicit open question on PDF page 2	Dihedral coset problem versus Subset Sum	
TCS-4823	renamed	Good Locally Testable Codes with Small Alphabet and Small Query Size — Explicit open question on PDF page 3	Query reduction for good locally testable codes	
TCS-4835	renamed	A Complete Characterization of Unitary Quantum Space — Unresolved-question passage on page 12	Characterizing nonunitary quantum space	
TCS-4867	renamed	Efficient Compression in Semigroups — Question 38	AC⁰ classification of semigroup membership	
TCS-4869	renamed	Listing 4-Cycles — Open Question 18	Fine-grained reductions from 4-cycles to triangles	
TCS-4876	renamed	Sharp Thresholds for the Overlap Gap Property: Ising p-Spin Glass and Random k-SAT — Explicit open question on PDF page 4	Algorithmic threshold for random k-SAT	
TCS-4882	renamed	Quantum 2-SAT on Low Dimensional Systems Is QMAsubscript{1}-Complete: Direct Embeddings and Black-Box Simulation — Explicit open question on PDF page 1	Complexity classification of low-dimensional quantum 2-SAT	
TCS-4894	renamed	Parity vs. AC0 with Simple Quantum Preprocessing — Explicit open question on PDF page 3	Parity versus AC⁰ with shallow quantum preprocessing	
TCS-4895	renamed	Certification with an NP Oracle — Open Problem 2	Hardness of computing certificate complexity	
TCS-4908	renamed	Random Max-CSPs Inherit Algorithmic Hardness from Spin Glasses — Unresolved-question passage on page 23	Classifying the overlap gap property in spin glasses	
TCS-4927	renamed	The Classification of Reversible Bit Operations — Explicit open question on PDF page 2	Classification of quantum gate sets	
TCS-4949	renamed	Open Problem: Tensor Decompositions: Algorithms up to the Uniqueness Threshold? — Open Problem 4	Tensor decomposition at Kruskal’s uniqueness threshold	
TCS-4950	renamed	Towards Separating Computational and Statistical Differential Privacy — Unresolved-question passage on page 20	Plain versus public-coin differing-inputs obfuscation	
TCS-4952	renamed	Quantum Versus Randomized Communication Complexity, with Efficient Players — Explicit open question on PDF page 2	Quantum–classical communication gaps for total functions	
TCS-4954	renamed	The Power of One Clean Qubit in Communication Complexity — Conjecture 25	Communication advantage with one clean qubit	
TCS-4960	renamed	Theoretical Limitations of Multi-Layer Transformer — Open Question 2	Polynomial depth lower bounds for Transformers	
TCS-4961	renamed	Range Avoidance and Remote Point: New Algorithms and Hardness — Open Problem 1	Range avoidance for bounded-locality circuits	
TCS-4968	renamed	A Complete Linear Programming Hierarchy for Linear Codes — Unresolved-question passage on page 21	Linear versus nonlinear code parameters	
TCS-4972	renamed	Backdoor Defense, Learnability and Obfuscation — Unresolved-question passage on page 13	Learning decision trees from uniform examples	
TCS-4974	renamed	Detecting and Correcting Computationally Bounded Errors: A Simple Construction Under Minimal Assumptions — Explicit open question on PDF page 6	Optimal binary codes against computationally bounded errors	
TCS-4977	renamed	Quantum Polynomial Hierarchies: Karp-Lipton, Error Reduction, and Lower Bounds — Explicit open question on PDF page 3	Classical-witness versus quantum-witness hierarchies	
TCS-4982	renamed	Learning Algorithms Versus Automatability of Frege Systems — Explicit open question on PDF page 2	Frege automatability versus learning	
TCS-4983	renamed	Randomized k-Server in Polynomial Time — Explicit open question on PDF page 4	Sublinear competitive ratio for randomized k-server	
TCS-4988	renamed	An Oracle with no UP-Complete Sets, but NP = PSPACE — Explicit open question on PDF page 3	Existence of TFNP-complete problems	
TCS-4991	renamed	Universality of EPR Pairs in Entanglement-Assisted Communication Complexity, and the Communication Cost of State Conversion — Explicit open question on PDF page 2	Reducing shared entanglement in communication protocols	
TCS-4992	renamed	Bounding Quantum-Classical Separations for Classes of Nonlocal Games — Explicit open question on PDF page 3	Constant entangled bias with vanishing classical bias	
TCS-4995	renamed	The Quest for Faster Join Algorithms (Invited Talk) — Unresolved-question passage on page 10	Entropic width versus submodular width	
TCS-4997	renamed	Optimal Non-Adaptive Cell Probe Dictionaries and Hashing — Explicit open question on PDF page 4	Explicit optimal nonadaptive dictionaries	
TCS-5004	renamed	Regret Bounds for Robust Online Decision Making — Explicit open question on PDF page 4	Polynomial-time robust online decision making	
TCS-5005	renamed	Gradient Methods with Online Scaling — Explicit open question on PDF page 2	Optimal adaptive scaling for gradient descent	
TCS-5010	renamed	Optimal Coding for Randomized Kolmogorov Complexity and Its Applications — Unresolved-question passage on page 6	Unconditional coding theorem for randomized Kolmogorov complexity	
TCS-5011	renamed	Algorithms and Barriers in the Symmetric Binary Perceptron Model — Conjecture 1	Algorithmic threshold for the symmetric binary perceptron	
TCS-5013	renamed	Exponential Correlated Randomness Is Necessary in Communication-Optimal Perfectly Secure Two-Party Computation — Explicit open question on PDF page 2	Sublinear-communication secure computation with polynomial setup	
TCS-5015	renamed	On the Computational Hardness Needed for Quantum Cryptography — Explicit open question on PDF page 1	Foundations of quantum cryptography from EFI pairs	
TCS-5017	renamed	Learning with Monotone Adversarial Corruptions — Open Question 1	Learning with monotone adversarial corruptions	
TCS-5021	renamed	The Quantum Approximate Optimization Algorithm at High Depth for MaxCut on Large-Girth Regular Graphs and the Sherrington-Kirkpatrick Model — Explicit open question on PDF page 3	Asymptotic optimality of QAOA for random regular Max-Cut	
TCS-5025	renamed	Substring Complexity in Sublinear Space — Explicit open question on PDF page 3	Time–space tradeoffs for longest common substring	
TCS-5030	renamed	A Decomposition Approach to the Weighted k-Server Problem — Explicit open question on PDF page 3	Competitive ratio of weighted k-server	
TCS-5031	renamed	The Dimension of Self-Directed Learning — Unresolved-question passage on page 16	Littlestone-dimension regret bounds for unrestricted classes	
TCS-5034	renamed	Dimension Reduction for Polynomials over Gaussian Space and Applications — Explicit open question on PDF page 10	Computability of graph Shannon capacity	
TCS-5045	renamed	Limitations of Local Quantum Algorithms on Random MAX-k-XOR and Beyond — Unresolved-question passage on page 17	Overlap gap classification for random CSP predicates	
TCS-5047	renamed	Quantum Time-Space Tradeoff for Finding Multiple Collision Pairs — Explicit open question on PDF page 3	Quantum time–space lower bounds for multiple collisions	
TCS-5060	renamed	Learning to Control Linear Systems can be Hard — Explicit open question on PDF page 9	Hardness of learning linear control with full-rank noise	
TCS-5061	renamed	On characterizations of learnability with computable learners — Explicit open question on PDF page 6	Computable PAC learning versus effective sample bounds	
TCS-5077	renamed	A Parallel Repetition Theorem for All Entangled Games — Explicit open question on PDF page 3	Parallel repetition of entangled games	
TCS-5079	renamed	Pointer Quantum PCPs and Multi-Prover Games — Explicit open question on PDF page 3	Pointer quantum PCP conjecture	
TCS-5085	renamed	Unbounded-Width CSPs Are Untestable in a Sublinear Number of Queries — Question 13	Query complexity of Max-CSP testing	
TCS-5086	renamed	Query Languages for Machine-Learning Models (Invited Talk) — Unresolved-question passage on page 16	A logic capturing invariant polynomial-time neural-network queries	
TCS-5087	renamed	Adversarially Robust Low Dimensional Representations — Explicit open question on PDF page 7	Polynomial-time robust spectral estimation	
TCS-5088	renamed	Learning Intersections of Two Margin Halfspaces under Factorizable Distributions — Explicit open question on PDF page 5	Learning halfspace intersections under factorizable distributions	
TCS-5090	renamed	On the Structure of Learnability Beyond P/Poly — Explicit open question on PDF page 4	One-way functions from hardness of learning P/poly	
TCS-5100	renamed	Shadows of Newton Polytopes — Open Problem 3	Robust monotone-circuit lower bounds from Newton polytopes	
TCS-5103	renamed	The Diameter of Caterpillar Associahedra — Explicit open question on PDF page 3	Optimal static search trees on trees	
TCS-5106	renamed	A Simple Protocol for Verifiable Delegation of Quantum Computation in One Round — Explicit open question on PDF page 4	One-round blind verifiable quantum computation	
TCS-5108	renamed	When Is Amplification Necessary for Composition in Randomized Query Complexity? — Unresolved-question passage on page 13	Amplification cost in randomized query composition	
TCS-5114	renamed	Representations of Monotone Boolean Functions by Linear Programs — Explicit open question on PDF page 7	Lovász–Schrijver versus cutting planes	
TCS-5118	renamed	Majority-of-Three: The Simplest Optimal Learner? — Explicit open question on PDF page 4	Optimality of Majority-of-Three learning	
TCS-5119	renamed	Information Theoretic Optimal Learning of Gaussian Graphical Models — Explicit open question on PDF page 1	Sample-optimal Gaussian graphical model learning in polynomial time	
TCS-5126	renamed	A Tight Lower Bound for Online Service with Deadlines and Lazy Server — Unresolved-question passage on page 14	Superconstant lower bounds for online service with deadlines	
TCS-5127	renamed	The Impossibility of Approximate Agreement on a Larger Class of Graphs — Explicit open question on PDF page 2	Wait-free solvability of graph approximate agreement	
TCS-5133	renamed	Strong Hanani-Tutte for the Torus — Conjecture 18	Embedding graphs with independently noncrossing drawings	
TCS-5136	renamed	Quantum Distinguishing Complexity, Zero-Error Algorithms, and Statistical Zero Knowledge — Explicit open question on PDF page 4	Quantum distinguishing complexity versus approximate degree	
TCS-5149	renamed	String Matching: Communication, Circuits, and Learning — Explicit open question on PDF page 4	Threshold-circuit complexity of string matching	
TCS-5153	renamed	VC Classes are Adversarially Robustly Learnable, but Only Improperly — Explicit open question on PDF page 10	Characterizing adversarially robust PAC learnability	
TCS-5158	renamed	Permutation Strikes Back: The Power of Recourse in Online Metric Matching — Explicit open question on PDF page 2	Constant-competitive online matching on the line	
TCS-5170	renamed	Another Subexponential-time Quantum Algorithm for the Dihedral Hidden Subgroup Problem — Explicit open question on PDF page 5	Using output labels in dihedral hidden subgroup algorithms	
TCS-5173	renamed	Deterministic Factorization of Constant-Depth Algebraic Circuits in Subexponential Time — Explicit open question on PDF page 3	Factor closure of constant-depth arithmetic circuits	
TCS-5180	renamed	Improved Inapproximability of VC Dimension and Littlestone’s Dimension via (Unbalanced) Biclique — Explicit open question on PDF page 2	Approximating VC and Littlestone dimensions	
TCS-5182	renamed	Online Sorting and Online TSP: Randomized, Stochastic, and High-Dimensional — Unresolved-question passage on page 14	Square-root competitive ratio for online metric tours	
TCS-5186	renamed	Adversarial Online Multi-Task Reinforcement Learning — Explicit open question on PDF page 8	Unrestricted regret lower bounds for multi-task reinforcement learning	
TCS-5189	renamed	The Hardness of Decision Tree Complexity — Unresolved-question passage on page 12	Approximating decision-tree complexity	
TCS-5202	renamed	Quantum-Proof Multi-Source Randomness Extractors in the Markov Model — Explicit open question on PDF page 2	Quantum security of general seeded extractors	
TCS-5209	renamed	Deterministic Partially Dynamic Single Source Shortest Paths in Weighted Graphs — Explicit open question on PDF page 2	Deterministic partially dynamic weighted shortest paths	
TCS-5210	renamed	Strongly Sublinear Algorithms for Testing Pattern Freeness — Explicit open question on PDF page 5	Polylogarithmic-query pattern-freeness testing	
TCS-5215	renamed	Reliably Learning the ReLU in Polynomial Time — Explicit open question on PDF page 2	Accuracy threshold for agnostic ReLU learning	
TCS-5221	renamed	An Improved Lower Bound for Matroid Intersection Prophet Inequalities — Unresolved-question passage on page 17	Sublinear-in-q prophet inequalities for q-matroid intersection	
TCS-5235	renamed	APMF < APSP? Gomory-Hu Tree for Unweighted Graphs in Almost-Quadratic Time — Open Question 1	Subcubic weighted Gomory–Hu trees	
TCS-5236	renamed	Necessary Conditions in Multi-Server Differential Privacy — Explicit open question on PDF page 5	Noninteractive private parity learning in the multiserver model	
TCS-5240	renamed	Algebraic Hardness Versus Randomness in Low Characteristic — Explicit open question on PDF page 8	Transferring arithmetic hardness to constantly many variables	
TCS-5246	renamed	Fractional Homomorphism, Weisfeiler-Leman Invariance, and the Sherali-Adams Hierarchy for the Constraint Satisfaction Problem — Explicit open question on PDF page 1	Graph isomorphism in polynomial time	
TCS-5247	renamed	Learning Multinomial Logits in O(n log n) Time — Explicit open question on PDF page 1	Query complexity of learning multinomial logits	
TCS-5252	renamed	Tight Bounds for Bandit Combinatorial Optimization — Unresolved-question passage on page 12	Action-set-dependent regret in bandit combinatorial optimization	
TCS-5253	renamed	On the Composition of Randomized Query Complexity and Approximate Degree — Unresolved-question passage on page 16	Noisy query complexity versus GapMaj composition	
TCS-5260	renamed	Fourier and Circulant Matrices Are Not Rigid — Explicit open question on PDF page 2	Explicit rigid matrices over low-degree number fields	
TCS-5265	renamed	Revisiting Diameter in Directed Graphs — Open Problem 2	Reducing directed reachability diameter to DAGs	
TCS-5268	renamed	Multivariate to Bivariate Reduction for Noncommutative Polynomial Factorization — Explicit open question on PDF page 2	Polynomial-time recognition of division algebras	
TCS-5270	renamed	Lempel-Ziv Factorization May Be Harder Than Computing All Runs — Explicit open question on PDF page 11	Linear-time run enumeration over ordered alphabets	
TCS-5272	renamed	Majority is Incompressible by AC^0[p] Circuits — Explicit open question on PDF page 6	Multiparty Clique lower bounds in compression games	
TCS-5275	renamed	On the Power and Limitations of Branch and Cut — Unresolved-question passage on page 26	Supercritical proof size–depth tradeoffs	
TCS-5287	renamed	Hardness vs Randomness for Bounded Depth Arithmetic Circuits — Explicit open question on PDF page 3	Arithmetic formula hardness versus identity testing	
TCS-5288	renamed	Entropy Lower Bounds for Dictionary Compression — Unresolved-question passage on page 13	Entropy-optimal grammar compression	
TCS-5292	renamed	Recursive Jump Operators and Optimal Proof Systems — Explicit open question on PDF page 3	Existence of optimal proof systems	
TCS-5304	renamed	Towards Stronger Counterexamples to the Log-Approximate-Rank Conjecture — Unresolved-question passage on page 15	Randomized parity decision trees versus approximate sparsity	
TCS-5312	renamed	Simple Circuit Extensions for XOR in PTIME — Explicit open question on PDF page 2	NP-hardness of Minimum Circuit Size	
TCS-5314	renamed	An Improved Version of Hmelevskii’s Theorem on Three-Variable Word Equations — Explicit open question on PDF page 1	Word-equation satisfiability in NP	
TCS-5315	renamed	Forrelation Is Extremally Hard — Conjecture 8	Randomized query complexity of extremal low-degree Forrelation	
TCS-5317	renamed	Hardness of the Binary Covering Radius Problem in Large l_p Norms — Explicit open question on PDF page 7	NP-hardness of Euclidean covering radius	
TCS-5326	renamed	Multi-Party Protocols, Information Complexity and Privacy — Explicit open question on PDF page 2	Communication compression to information cost	
TCS-5328	renamed	Complete Problems for Multi-Pseudodeterministic Computations — Explicit open question on PDF page 2	Pseudodeterminism for multi-pseudodeterministic computations	
TCS-5329	renamed	New Lower Bounds Against Homogeneous Non-Commutative Circuits — Open Problem 1	Superlinear bivariate noncommutative circuit lower bounds	
TCS-5330	renamed	Deterministic (2/3 - ε)-Approximation of Matroid Intersection Using Nearly-Linear Independence-Oracle Queries — Explicit open question on PDF page 2	Near-linear-query approximation schemes for matroid intersection	
TCS-5332	renamed	Proof Complexity and Its Relations to SAT Solving (Invited Talk) — Explicit open question on PDF page 1	Complexity of resolution automatability	
TCS-5333	renamed	The Space Complexity of Cutting Planes Refutations — Unresolved-question passage on page 14	Linear-space Cutting Planes refutations	
TCS-5334	renamed	Learning and Testing Latent-Tree Ising Models Efficiently — Explicit open question on PDF page 6	Efficient learning of latent-tree Ising models	
TCS-5341	renamed	Errorless Versus Error-Prone Average-Case Complexity — Explicit open question on PDF page 2	Pseudorandom generators from hitting-set generators	
TCS-5342	renamed	Direct Sums for Parity Decision Trees — Explicit open question on PDF page 4	Perfect direct sums for parity decision trees	
TCS-5349	renamed	Online Learning with Low Rank Experts — Open Problem 2	Dimension-free regret for bounded-max-norm experts	
TCS-5358	retained	Polynomial-time distribution-free PAC learning of DNF	Polynomial-time distribution-free PAC learning of DNF	
TCS-5374	renamed	Exact and Approximate Pattern Counting in Degenerate Graphs: New Algorithms, Hardness Results, and Complexity Dichotomies — Open Problem 1	Degeneracy-sensitive classification of homomorphism counting	
TCS-5382	renamed	An Exponential Lower Bound for Spectral Density Estimation on Unweighted Graphs — Explicit open question on PDF page 3	Random-neighbor lower bounds for spectral density estimation	
TCS-5395	renamed	Downward Self-Reducibility in TFNP — Unresolved-question passage on page 15	Downward self-reducibility of integer factoring	
TCS-5397	renamed	New Sampling Lower Bounds via the Separator — Explicit open question on PDF page 4	Sampling the Rank distribution in AC⁰	
TCS-5399	renamed	Tree Polymatrix Games Are PPAD-Hard — Explicit open question on PDF page 2	Complexity of equilibria in tree polymatrix games	
TCS-5406	renamed	The SDP Value of Random 2CSPs — Explicit open question on PDF page 2	Optimization and certification in sparse random CSPs	
TCS-5407	renamed	On Maximizing Sums of Non-Monotone Submodular and Linear Functions — Explicit open question on PDF page 2	Optimal approximation for submodular maximization over a matroid	
TCS-5410	renamed	Strong Linearizability Without Compare&Swap: The Case of Bags — Explicit open question on PDF page 5	Wait-free queues from interfering objects	
TCS-5413	renamed	The Power of Small Symmetries — Explicit open question on PDF page 1	Superpolynomial lower bounds for resolution with dynamic symmetries	
TCS-5420	renamed	Is It Easier to Count Communities Than Find Them? — Explicit open question on PDF page 4	Testing versus recovery in community detection	
TCS-5422	renamed	Superlinear Lower Bounds Based on ETH — Explicit open question on PDF page 3	Consequences of linear-time Orthogonal Vectors	
TCS-5425	renamed	Parallel and Distributed Algorithms for the Housing Allocation Problem — Explicit open question on PDF page 8	Housing allocation in NC	
TCS-5426	renamed	Testing Distributions of Huge Objects — Open Problem 1.7	Testing invariant properties of huge-object distributions	
TCS-5427	renamed	New Characterizations in Turnstile Streams with Applications — Explicit open question on PDF page 2	Characterizing multipass turnstile streaming	
TCS-5432	renamed	A Lower Bound on Determinantal Complexity — Explicit open question on PDF page 3	Determinantal versus regular determinantal complexity	
TCS-5434	renamed	Agnostic Membership Query Learning with Nontrivial Savings: New Results and Techniques — Explicit open question on PDF page 6	Nontrivial agnostic membership-query learning of ACC⁰	
TCS-5442	renamed	A Logarithmic Integrality Gap for Generalizations of Quasi-Bipartite Instances of Directed Steiner Tree — Explicit open question on PDF page 3	Steiner Tree bidirected-cut integrality gap below two	
TCS-5443	renamed	Mixtures of Gaussians are Privately Learnable with a Polynomial Number of Samples — Explicit open question on PDF page 6	Polynomial-time learning of Gaussian mixtures	
TCS-5453	renamed	Finding Errorless Pessiland in Error-Prone Heuristica — Explicit open question on PDF page 11	Subexponential UP from average-case NP tractability	
TCS-5457	renamed	P-Time Algorithms for Typical #EO Problems — Explicit open question on PDF page 3	Dichotomy for complex-weighted Eulerian orientations	
TCS-5473	renamed	Distributed Computation with Local Advice — Explicit open question on PDF page 7	Unconditional local-advice lower bounds	
TCS-5478	renamed	Reaching Goals is Hard: Settling the Sample Complexity of the Stochastic Shortest Path — Explicit open question on PDF page 13	Sample complexity of stochastic shortest paths	
TCS-5490	renamed	The Tandem Duplication Distance Is NP-Hard — Explicit open question on PDF page 4	Tandem-duplication reachability	
TCS-5492	renamed	Distinguishing, Predicting, and Certifying: On the Long Reach of Partial Notions of Pseudorandomness — Explicit open question on PDF page 10	Space-efficient search-to-decision reductions for pseudorandomness	
TCS-5494	renamed	The Complexity of Making the Gradient Small in Stochastic Convex Optimization — Explicit open question on PDF page 2	Oracle complexity of stochastic approximate stationarity	
TCS-5501	renamed	Sum-Of-Squares Lower Bounds for the Minimum Circuit Size Problem — Explicit open question on PDF page 1	NP-hardness of Minimum Circuit Size	
TCS-5514	renamed	Efficient Algorithms and Hardness Results for the Weighted k-Server Problem — Explicit open question on PDF page 2	Randomized competitiveness of weighted k-server	
TCS-5520	renamed	PosSLP and Sum of Squares — Unresolved-question passage on page 14	Unconditional hardness of PosSLP	
TCS-5537	renamed	Sublinear-Round Parallel Matroid Intersection — Explicit open question on PDF page 7	Parallel query complexity of matroid bases	
TCS-5544	renamed	Near-Optimal UGC-hardness of Approximating Max k-CSP_R — Explicit open question on PDF page 3	d-to-1 versus Unique Games conjectures	
TCS-5554	renamed	An Algorithmic Bridge Between Hamming and Levenshtein Distances — Explicit open question on PDF page 2	Near-linear-time edit-distance approximation	
TCS-5571	renamed	Equivalence of Systematic Linear Data Structures and Matrix Rigidity — Explicit open question on PDF page 6	Subspace approximation of rank-one binary matrices	
TCS-5591	renamed	Explicit Space-Time Tradeoffs for Proof Labeling Schemes in Graphs with Small Separators — Explicit open question on PDF page 4	Limits of proof-label compression on expanders	
TCS-5593	renamed	Does Looking Inside a Circuit Help? — Explicit open question on PDF page 4	Black-Box Hypothesis	
TCS-5594	renamed	Super-Cubic Lower Bound for Generalized Karchmer-Wigderson Games — Unresolved-question passage on page 12	Lower bounds for multi-output Karchmer–Wigderson games	
TCS-5603	renamed	On the Complexity Dichotomy for the Satisfiability of Systems of Term Equations over Finite Algebras — Explicit open question on PDF page 5	Polynomial-time term-equation satisfiability over finite algebras	
TCS-5612	renamed	On the Facility Location Problem in Online and Dynamic Models — Explicit open question on PDF page 16	Fully dynamic facility location with low recourse	
TCS-5617	renamed	On the Complexity of Modulo-q Arguments and the Chevalley - Warning Theorem — Explicit open question on PDF page 3	Complete problems for modular total-search classes	
TCS-5618	renamed	Hitting Sets for Orbits of Circuit Classes and Polynomial Families — Unresolved-question passage on page 16	Hitting sets for determinant and matrix-product orbits	
TCS-5632	renamed	Support Size Estimation: The Power of Conditioning — Conjecture 3	Conditional-query complexity of support-size estimation	
TCS-5635	renamed	On the Complexity of Robust Markov Decision Processes and Bisimulation Metrics — Explicit open question on PDF page 5	Policy iteration with arbitrary discount factors	
TCS-5637	renamed	Computing Flows in Subquadratic Space — Explicit open question on PDF page 2	Subquadratic-space computation of exact flow values	
TCS-5651	renamed	Word Automata with Limited Nondeterminism (Invited Talk) — Unresolved-question passage on page 16	Recognizing good-for-games and good-for-MDP automata	
TCS-5670	renamed	The Singular Optimality of Distributed Computation in LOCAL — Unresolved-question passage on page 14	Time- and message-optimal BFS in KT₁ LOCAL	
TCS-5677	renamed	Complexity Landscape for Local Certification — Explicit open question on PDF page 8	Local certification gap on paths	
TCS-5682	renamed	On Piecewise Affine Reachability with Bellman Operators — Explicit open question on PDF page 2	One-dimensional piecewise-affine reachability	
TCS-5691	renamed	Non-Boolean OMv: One More Reason to Believe Lower Bounds for Dynamic Problems — Explicit open question on PDF page 2	Lower bounds from non-Boolean online matrix–vector multiplication	
TCS-5697	renamed	Solving Word Equations (And Other Unification Problems) by Recompression (Invited Talk) — Explicit open question on PDF page 4	Complexity of word-equation satisfiability	
TCS-5701	renamed	Complexity of Boolean Automata Networks Under Block-Parallel Update Modes — Conjecture 16	Complexity transfer under block-parallel Boolean updates	
TCS-5705	renamed	Tight Bounds on Adjacency Labels for Monotone Graph Classes — Explicit open question on PDF page 4	Logarithmic adjacency labels for monotone graph classes	
TCS-5706	renamed	The Group Access Bounds for Binary Search Trees — Explicit open question on PDF page 3	Unified bound for binary search trees	
TCS-5711	renamed	Limits on Representing Boolean Functions by Linear Combinations of Simple Functions: Thresholds, ReLUs, and Low-Degree Polynomials — Explicit open question on PDF page 4	Sparse polynomial approximation of OR-of-SUM functions	
TCS-5730	renamed	The Algorithmic Phase Transition of Random k-SAT for Low Degree Polynomials — Unresolved-question passage on page 5	Low-degree algorithmic threshold for random k-SAT	
TCS-5732	renamed	Regular Separability in Büchi VASS — Explicit open question on PDF page 1	Regular separability of VASS reachability languages	
TCS-5734	renamed	The Geometry of Tree-Based Sorting — Explicit open question on PDF page 2	Optimal measures of presortedness	
TCS-5737	renamed	A Lambda Calculus Satellite (Invited Talk) — Explicit open question on PDF page 5	Word problem for the S-combinator	
TCS-5738	renamed	Separating Automatic Relations — Conjecture 7.1	Recognizable separability of automatic relations	
TCS-5739	renamed	On Rational Recursive Sequences — Explicit open question on PDF page 3	Collapse of rational recurrence systems to single recurrences	
TCS-5747	renamed	Online Embedding of Metrics — Explicit open question on PDF page 4	Deterministic online Euclidean embedding distortion	
TCS-5750	renamed	On the Relative Power of Linear Algebraic Approximations of Graph Isomorphism — Explicit open question on PDF page 1	Complexity of graph isomorphism	
TCS-5768	renamed	What Does Dynamic Optimality Mean in External Memory? — Explicit open question on PDF page 2	Sublogarithmic competitiveness of splay trees	
TCS-5770	renamed	Space-Stretch Tradeoff in Routing Revisited — Explicit open question on PDF page 3	Erdős girth conjecture	
TCS-5773	renamed	Is the Skolem problem for integer linear recurrences decidable?	Skolem problem	
TCS-5777	renamed	Monotone Complexity of Spanning Tree Polynomial Re-Visited — Explicit open question on PDF page 2	Monotone versus general spanning-tree polynomial circuits	
TCS-5779	renamed	The Outer Limits of Contention Resolution on Matroids and Connections to the Secretary Problem — Unresolved-question passage on page 15	Constant-factor online contention resolution for matroids	
TCS-5787	renamed	Inserting Multiple Edges into a Planar Graph — Explicit open question on PDF page 1	Approximating graph crossing number	
TCS-5793	renamed	Conspiracies Between Learning Algorithms, Circuit Lower Bounds, and Pseudorandomness — Explicit open question on PDF page 7	Pseudorandom functions from hardness of learning	
TCS-5795	renamed	Streaming Complexity of Spanning Tree Computation — Explicit open question on PDF page 1	One-pass semi-streaming depth-first search	
TCS-5797	renamed	Local Certification of Local Properties: Tight Bounds, Trade-Offs and New Parameters — Open problem 2	Linear scaling of local certificate size with verification radius	
TCS-5798	renamed	Bipartite Perfect Matching in Pseudo-Deterministic NC — Unresolved-question passage on page 12	Pseudodeterministic algorithms for randomized search	
TCS-5817	renamed	Domain Theory in Constructive and Predicative Univalent Foundations — Explicit open question on PDF page 5	Computational interpretation of impredicativity with univalence	
TCS-5823	renamed	Scope-Bounded Reachability in Valence Systems — Explicit open question on PDF page 8	Reachability of valence systems over SCm graphs	
TCS-5825	renamed	Dynamic Membership for Regular Languages — Conjecture 2.3	Superconstant word-RAM lower bounds for prefix-U1	
TCS-5845	renamed	A Polynomial Delay Algorithm Generating All Potential Maximal Cliques in Triconnected Planar Graphs — Explicit open question on PDF page 2	Complexity of planar treewidth	
TCS-5847	renamed	Open Problem: Information Complexity of VC Learning — Explicit open question on PDF page 2	Linear conditional-information bounds for VC learning	
TCS-5851	renamed	Faster Algorithms for Bounded Tree Edit Distance — Unresolved-question passage on page 12	Truly subcubic unweighted tree edit distance	
TCS-5861	renamed	Universality Problem for Unambiguous VASS — Explicit open question on PDF page 4	Eliminating ε-transitions from VASS languages	
TCS-5863	renamed	Resolving Nondeterminism with Randomness — Unresolved-question passage on page 16	Decidability of stochastic resolvability for ω-automata	
TCS-5875	renamed	Between Shapes, Using the Hausdorff Distance — Explicit open question on PDF page 2	Hausdorff distance between semialgebraic sets	
TCS-5876	renamed	Reachability in Dynamical Systems with Rounding — Unresolved-question passage on page 14	Eventual periodicity of rounded planar rotations	
TCS-5892	renamed	Lifting Theorems for Equality — Explicit open question on PDF page 3	Direct sums in communication complexity	
TCS-5902	renamed	Approximate Learning of Limit-Average Automata — Explicit open question on PDF page 3	PAC learning of finite automata under the uniform distribution	
TCS-5904	renamed	Safety and Liveness of Quantitative Automata — Explicit open question on PDF page 7	Equivalence of discounted-sum automata	
TCS-5906	renamed	Random Subgroups of Rationals — Explicit open question on PDF page 2	Decidability of random bounded-degree structures	
TCS-5911	renamed	Decidability of Graph Neural Networks via Logical Characterizations — Unresolved-question passage on page 19	Graph neural network verification under logical constraints	
TCS-5915	renamed	From Cubes to Twisted Cubes via Graph Morphisms in Type Theory — Explicit open question on PDF page 2	Constructive simplicial models with univalent universes	
TCS-5921	renamed	On Reachability Problems for Low-Dimensional Matrix Semigroups — Explicit open question on PDF page 2	Membership in 2×2 integer matrix semigroups	
TCS-5926	renamed	Treewidth Is NP-Complete on Cubic Graphs — Unresolved-question passage on page 12	Complexity of planar treewidth	
TCS-5930	renamed	On Pseudodeterministic Approximation Algorithms — Explicit open question on PDF page 1	Deterministic prime search	
TCS-5933	renamed	AC0[p]-Frege Cannot Efficiently Prove That Constant-Depth Algebraic Circuit Lower Bounds Are Hard — Explicit open question on PDF page 4	Bounded-depth Frege and algebraic circuit hardness	
TCS-5935	renamed	Testing Small Set Expansion in General Graphs — Unresolved-question passage on page 10	Testing small-set expansion	
TCS-5939	renamed	A Time and Space Optimal Stable Population Protocol Solving Exact Majority — Unresolved-question passage on page 11	State lower bounds for fast exact-majority protocols	
TCS-5941	renamed	Sequential Decision Making With Information Asymmetry (Invited Talk) — Explicit open question on PDF page 4	Complexity of dynamic persuasion with forward-looking agents	
TCS-5959	renamed	What Can Oracles Teach Us About the Ultimate Fate of Life? — Explicit open question on PDF page 5	Complexity of the Game of Life limit set	
TCS-5961	renamed	A Logarithmic Integrality Gap Bound for Directed Steiner Tree in Quasi-bipartite Graphs — Explicit open question on PDF page 3	Integrality gap of the bidirected cut relaxation	
TCS-5965	renamed	Rerouting shortest paths in planar graphs — Unresolved-question passage on page 11	Reconfiguration complexity on bounded-treewidth graphs	
TCS-5969	renamed	Efficient Recognition of Subgraphs of Planar Cubic Bridgeless Graphs — Unresolved-question passage on page 13	Complexity of planar 3-edge-colorability	
TCS-5975	renamed	About Decisiveness of Dynamic Probabilistic Models — Explicit open question on PDF page 3	Decidability of decisiveness in probabilistic transition systems	
TCS-5987	renamed	Two Lower Bounds for BPA — Explicit open question on PDF page 1	Decidability of weak bisimulation for normed BPA	
TCS-6006	renamed	A Subexponential Algorithm for ARRIVAL — Explicit open question on PDF page 4	Complexity of ARRIVAL	
TCS-6007	renamed	Separating ABPs and Some Structured Formulas in the Non-Commutative Setting — Explicit open question on PDF page 2	Explicit noncommutative circuit lower bounds	
TCS-6016	renamed	Weak MSO+U over infinite trees — Explicit open question on PDF page 1	Satisfiability of weak MSO+U over infinite words	
TCS-6022	renamed	Sampling Arborescences in Parallel — Unresolved-question passage on page 17	Uniform sampling of directed Euler tours in RNC	
TCS-6024	renamed	The Niceness of Unique Sink Orientations — Explicit open question on PDF page 2	Subexponential complexity of Random Edge	
TCS-6025	renamed	Current Algorithms for Detecting Subgraphs of Bounded Treewidth Are Probably Optimal — Unresolved-question passage on page 13	Treewidth-dependent classification of subgraph isomorphism	
TCS-6026	renamed	Automatic Equivalence Structures of Polynomial Growth — Explicit open question on PDF page 2	Isomorphism of automatically presented finitely generated groups	
TCS-6034	renamed	Node-Connectivity Terminal Backup, Separately-Capacitated Multiflow, and Discrete Convexity — Explicit open question on PDF page 2	Capacitated edge-connectivity terminal backup	
TCS-6036	renamed	Invariants for Continuous Linear Dynamical Systems — Explicit open question on PDF page 4	Decidability of restricted elementary real functions	
TCS-6039	renamed	Local Certification of Geometric Graph Classes — Unresolved-question passage on page 12	Local certificate lower bounds from ∃ℝ-hardness	
TCS-6040	renamed	Learning Coverage Functions and Private Release of Marginals — Explicit open question on PDF page 4	Strong approximation in learning coverage functions	
TCS-6064	renamed	Construction of mu-Limit Sets of Two-dimensional Cellular Automata — Explicit open question on PDF page 1	Characterizing cellular-automaton limit sets	
TCS-6074	renamed	Communication Complexity of Set-Disjointness for All Probabilities — Explicit open question on PDF page 3	USBP versus SBP communication complexity	
TCS-6078	renamed	Hardness and Fixed Parameter Tractability for Pinwheel Scheduling Problems — Explicit open question on PDF page 2	Pinwheel Packing in NP	
TCS-6080	renamed	Quadratic and Near-Quadratic Lower Bounds for the CONGEST Model — Unresolved-question passage on page 12	Linear-round weighted APSP in CONGEST	
TCS-6083	renamed	Counting Answers to Existential Questions (Track B: Automata, Logic, Semantics, and Theory of Programming) — Unresolved-question passage on page 13	Intermediate parameterized complexity of query-answer counting	
TCS-6089	renamed	On the Relationship between Consistent Query Answering and Constraint Satisfaction Problems — Explicit open question on PDF page 10	First-order rewritability of consistent query answering	
TCS-6091	renamed	NP-hardness of Minimum Circuit Size Problem for OR-AND-MOD Circuits — Explicit open question on PDF page 3	Exponential depth-three AC⁰ lower bounds for E	
TCS-6105	renamed	Semicomputable Geometry — Explicit open question on PDF page 1	Computability of the Mandelbrot set	
TCS-6107	renamed	A Decidable Intuitionistic Temporal Logic — Unresolved-question passage on page 15	Decidability of intuitionistic temporal logic with persistent models	
TCS-6112	renamed	Cubical Assemblies, a Univalent and Impredicative Universe and a Failure of Propositional Resizing — Unresolved-question passage on page 16	Univalence, impredicativity and propositional resizing	
TCS-6117	renamed	Infinite-Duration Bidding Games — Explicit open question on PDF page 7	Complexity of Richman bidding thresholds	
TCS-6125	renamed	Locally Checkable Labelings with Small Messages — Explicit open question on PDF page 4	Exponential LOCAL–CONGEST separation for bounded-degree LCLs	
TCS-6135	renamed	Mitigating Covariate Shift in Misspecified Regression with Applications to Reinforcement Learning — Unresolved-question passage on page 8	Approximation–estimation tradeoffs under covariate shift	
TCS-6139	renamed	A Note on the Advice Complexity of Multipass Randomized Logspace — Explicit open question on PDF page 2	Subexponential derandomization of multipass randomized logspace	
TCS-6150	renamed	Graph Inference with Effective Resistance Queries — Explicit open question on PDF page 4	Efficient graph reconstruction from resistance queries	
TCS-6157	renamed	Asymptotic Determinacy of Path Queries using Union-of-Paths Views — Explicit open question on PDF page 2	Determinacy and rewriting of regular path queries	
TCS-6158	renamed	Probabilistic cellular automata, invariant measures, and perfect sampling — Explicit open question on PDF page 5	Unique invariant measures versus cellular-automaton ergodicity	
TCS-6168	renamed	On the (Non) NP-Hardness of Computing Circuit Complexity — Explicit open question on PDF page 4	EXP circuit lower bounds from NP-hardness of MCSP	
TCS-6173	renamed	A Local-To-Global Theorem for Congested Shortest Paths — Explicit open question on PDF page 5	Three disjoint directed shortest paths	
TCS-6198	renamed	The Information Complexity of Hamming Distance — Explicit open question on PDF page 4	Majority hardness of balanced functions	
TCS-6199	renamed	Parametrized Complexity of Expansion Height — Explicit open question on PDF page 4	Decidability of low-dimensional simple-homotopy equivalence	
TCS-6206	renamed	Detecting Cliques in CONGEST Networks — Explicit open question on PDF page 4	Clique detection in CONGEST	
TCS-6237	renamed	PACE Solver Description: Touiouidth — Explicit open question on PDF page 1	Recognition of twin-width two and three	
TCS-6245	renamed	Involved VASS Zoo (Invited Talk) — Explicit open question on PDF page 3	Exponential witness bounds for three-dimensional VAS	
TCS-6246	renamed	Tight Better-Than-Worst-Case Bounds for Element Distinctness and Set Intersection — Explicit open question on PDF page 3	Instance competitiveness of binary search trees	
TCS-6251	renamed	Max Weight Independent Set in Graphs with No Long Claws: An Analog of the Gyárfás' Path Argument — Explicit open question on PDF page 3	Polynomial-time independent set with forbidden long claws	
TCS-6254	renamed	On the Role of the High-Low Partition in Realizing a Degree Sequence by a Bipartite Graph — Explicit open question on PDF page 2	Bipartite degree realization without a prescribed partition	
TCS-6259	renamed	On the Skolem Problem for Reversible Sequences — Explicit open question on PDF page 2	Effective zero sets of reversible linear recurrences	
TCS-6270	renamed	A Simple Algorithm for Graph Reconstruction — Explicit open question on PDF page 5	Near-linear-query reconstruction of bounded-degree graphs	
TCS-6279	renamed	Guarded Kleene Algebra with Tests: Coequations, Coinduction, and Completeness — Explicit open question on PDF page 12	Milner’s completeness problem for regular expressions	
TCS-6285	renamed	Depth-First Search in Directed Planar Graphs, Revisited — Explicit open question on PDF page 3	Closure of UL under complement	
TCS-6286	renamed	Kernelization for H-Coloring — Explicit open question on PDF page 5	H-Coloring kernels and orthogonal representations	
TCS-6287	renamed	Global and Local Information in Clustering Labeled Block Models — Explicit open question on PDF page 5	Optimal local recovery in labeled block models	
TCS-6299	renamed	A Trichotomy for Regular Trail Queries — Explicit open question on PDF page 3	Trail versus simple-path query complexity	
TCS-6309	renamed	Constant-Factor FPT Approximation for Capacitated k-Median — Explicit open question on PDF page 1	Constant-factor approximation for capacitated k-Median	
TCS-6319	renamed	Maintaining Perfect Matchings at Low Cost — Explicit open question on PDF page 4	Constant-competitive online matching on the line	
TCS-6324	renamed	Hardness of Computing and Approximating Predicates and Functions with Leaderless Population Protocols — Unresolved-question passage on page 12	Time complexity of leaderless population protocols	
TCS-6343	renamed	Characterizing Omega-Regularity Through Finite-Memory Determinacy of Games on Infinite Graphs — Explicit open question on PDF page 6	Finite versus chromatic memory in infinite games	
TCS-6359	renamed	On Decidability of Concurrent Kleene Algebra — Explicit open question on PDF page 2	Decidability and completeness of concurrent Kleene algebra	
TCS-6372	renamed	Definability of Cai-Fürer-Immerman Problems in Choiceless Polynomial Time — Explicit open question on PDF page 3	Cai–Fürer–Immerman definability in choiceless polynomial time	
TCS-6379	renamed	Polynomial Kernels for Deletion to Classes of Acyclic Digraphs — Explicit open question on PDF page 2	Polynomial kernels for Directed Feedback Vertex Set	
TCS-6380	renamed	A Simple Parallel Algorithm for Natural Joins on Binary Relations — Explicit open question on PDF page 3	Load-optimal parallel natural joins	
TCS-6393	renamed	A Chasm Between Identity and Equivalence Testing with Conditional Queries — Explicit open question on PDF page 3	Lower bounds for conditional equivalence testing	
TCS-6401	renamed	The finiteness of a group generated by a 2-letter invertible-reversible Mealy automaton is decidable — Explicit open question on PDF page 1	Finiteness of automaton semigroups	
TCS-6409	renamed	Faster Deciding MSO Properties of Trees of Fixed Height, and Some Consequences — Explicit open question on PDF page 3	Logical expressiveness on hereditary graph classes	
TCS-6418	renamed	Tight Bounds For Distributed MST Verification — Explicit open question on PDF page 2	Simultaneously time- and message-optimal distributed MST	
TCS-6421	renamed	Towards an Isomorphism Dichotomy for Hereditary Graph Classes — Explicit open question on PDF page 2	Isomorphism dichotomy for finitely forbidden hereditary classes	
TCS-6433	renamed	Connected Partitions via Connected Dominating Sets — Explicit open question on PDF page 1	Polynomial-time Győri–Lovász partitions	
TCS-6435	renamed	Canonical Decompositions in Monadically Stable and Bounded Shrubdepth Graph Classes — Explicit open question on PDF page 4	Shrubdepth and single-graph depth parameters	
TCS-6446	renamed	Quantum PCP: a constant promise gap for local Hamiltonians	Quantum PCP conjecture	
TCS-6447	retained	Strong quantum IOPs with polynomial communication	Strong quantum IOPs with polynomial communication	
TCS-6448	renamed	Does a quantum witness have more power than a classical witness?	QMA versus QCMA	
TCS-6449	retained	Quantum versus classical nonuniform advice	Quantum versus classical nonuniform advice	
TCS-6450	renamed	A polynomial relation between classical and quantum communication for total functions	Polynomial relation between classical and quantum communication	
TCS-6453	renamed	Does average-case NP hardness imply infinitely-often one-way functions?	Infinitely-often one-way functions from average-case NP hardness	
TCS-6454	renamed	Does worst-case Nearest Codeword hardness imply low-noise LPN hardness?	Low-noise LPN hardness from Nearest Codeword hardness	
TCS-6455	retained	Doubly efficient IP = PSPACE for the full time range	Doubly efficient IP = PSPACE for the full time range	
TCS-6459	renamed	Cost of quantum secret key — Explicit open question on PDF page 3	Entanglement without distillable secret key	
TCS-6461	renamed	Quantum complexity phase transitions in monitored random circuits — Unresolved-question passage on page 30	Complexity growth in monitored random circuits	
TCS-6466	renamed	A gentle introduction to lattice-based cryptography — Unresolved-question passage on page 189	Polynomial tour complexity of BKZ	
TCS-6477	renamed	Deterministic Fully Dynamic SSSP and More — Open Problem 2	Deterministic subquadratic dynamic s–t reachability	
TCS-6481	renamed	Bosonic Quantum Computational Complexity — Explicit open question on PDF page 10	Complexity of bosonic quantum computation	
TCS-6483	renamed	Improved Lower Bounds for Submodular Function Minimization — Unresolved-question passage on page 5	Superlinear randomized query lower bounds for submodular minimization	
TCS-6488	renamed	Winning the War by (Strategically) Losing Battles: Settling the Complexity of Grundy-Values in Undirected Geography — Open Question 4	Grundy-value computation versus winner determination	
TCS-6492	renamed	Folklore Sampling is Optimal for Exact Hopsets: Confirming the $\sqrt{n}$ Barrier — Open Question 1	Hop diameter with O(m) shortcuts	
TCS-6493	renamed	Complexity Theory of Orbit Closure Intersection for Tensors: Reductions, Completeness, and Graph Isomorphism Hardness — Explicit open question on PDF page 8	Complexity of tensor orbit-closure intersection	
TCS-6496	renamed	Polynomial-Time Pseudodeterministic Construction of Primes — Explicit open question on PDF page 3	Circuit lower bounds for pseudodeterministic prime construction	
TCS-6497	renamed	A Single-Exponential Time 2-Approximation Algorithm for Treewidth — Unresolved-question passage on page 8	Fast single-exponential constant-factor treewidth approximation	
TCS-6498	renamed	Are splay trees dynamically optimal?	Dynamic optimality conjecture	
TCS-6499	renamed	Can distributed MIS be solved in sublogarithmic time on every graph?	Sublogarithmic distributed MIS	
TCS-6500	renamed	Erdős girth conjecture: is the classical spanner size bound tight?	Erdős girth conjecture	
TCS-6501	renamed	Can a congested clique find a maximal independent set in constant rounds?	Constant-round MIS in the congested clique	
TCS-6503	renamed	The online Boolean matrix–vector multiplication conjecture	Online matrix–vector multiplication conjecture	
TCS-6504	renamed	Is perfect matching in general graphs in deterministic NC?	Perfect matching in NC	
TCS-6505	renamed	One cycle versus two: is logarithmic time necessary in low-memory MPC?	One-cycle versus two-cycles conjecture	
TCS-6506	renamed	Can deterministic LOCAL algorithms find an MIS in O(log n) rounds?	Deterministic LOCAL MIS in O(log n) rounds	
TCS-6507	renamed	Can directed reachability have near-linear work and polylogarithmic depth?	Work-efficient parallel directed reachability	
TCS-6508	renamed	Do splay trees support deque operations in constant amortized time?	Deque conjecture	
TCS-6510	renamed	Can exact weighted all-pairs shortest paths be computed in truly subcubic time?	Truly subcubic APSP	
TCS-6511	renamed	Is Exact Matching on general graphs in deterministic polynomial time?	Deterministic Exact Matching	
TCS-6513	renamed	Does the smallest grammar problem admit a constant-factor approximation?	Constant-factor approximation of the smallest grammar	
TCS-6514	renamed	Do pure pairing heaps support O(log log n) amortized decrease-key?	Optimal decrease-key in pure pairing heaps	
TCS-6515	retained	Asymptotically good quantum locally testable stabilizer codes	Asymptotically good quantum locally testable stabilizer codes	
TCS-6516	renamed	An entanglement entropy area law for general gapped two-dimensional Hamiltonians	Area law for gapped two-dimensional Hamiltonians	
TCS-6517	renamed	Passive quantum memory in three dimensions — claimed resolution	Passive quantum memory in three dimensions	
TCS-6518	renamed	Does NPT bound entanglement exist?	NPT bound entanglement	
TCS-6519	retained	Exact quantum capacity of the qubit depolarizing channel	Exact quantum capacity of the qubit depolarizing channel	
TCS-6520	retained	Computability of quantum channel capacity	Computability of quantum channel capacity	
TCS-6521	renamed	A polynomial-time quantum algorithm for the dihedral hidden subgroup problem	Dihedral hidden subgroup problem in BQP	
TCS-6522	retained	Graph isomorphism in BQP	Graph isomorphism in BQP	
TCS-6523	renamed	Does every isotropic log-concave measure have a dimension-free Poincaré constant?	Kannan–Lovász–Simonovits conjecture	
TCS-6524	retained	Lang–Plaut problem	Lang–Plaut problem	
TCS-6525	retained	Gupta–Newman–Rabinovich–Sinclair conjecture	Gupta–Newman–Rabinovich–Sinclair conjecture	
TCS-6526	retained	Optimal size of weak ε-nets for convex ranges	Optimal size of weak ε-nets for convex ranges	
TCS-6527	retained	Constant-distortion Steiner point removal	Constant-distortion Steiner point removal	
TCS-6528	retained	Unknot recognition in polynomial time	Unknot recognition in polynomial time	
TCS-6529	retained	Optimal ℓ₁ distortion of planar Earth Mover Distance	Optimal ℓ₁ distortion of planar Earth Mover Distance	
TCS-6530	renamed	Does P equal PSPACE?	P versus PSPACE	
TCS-6531	renamed	Can every polynomial-time decision problem be solved in logarithmic space?	L versus P	
TCS-6532	renamed	Is the polynomial hierarchy strict at every finite level?	Strictness of the polynomial hierarchy	
TCS-6533	retained	NL versus UL	NL versus UL	
TCS-6534	renamed	The Berman–Hartmanis isomorphism conjecture	Berman–Hartmanis conjecture	
TCS-6535	renamed	Is nonuniform TC⁰ strictly smaller than nonuniform NC¹?	Nonuniform TC⁰ versus NC¹	
TCS-6536	retained	Deterministic linear-time minimum spanning tree	Deterministic linear-time minimum spanning tree	
TCS-6537	retained	Expected linear-time integer sorting for every word length	Expected linear-time integer sorting for every word length	
TCS-6538	retained	Almost-linear-time exact maximum matching in general graphs	Almost-linear-time exact maximum matching in general graphs	
TCS-6539	retained	Almost-linear triangle detection	Almost-linear triangle detection	
TCS-6540	renamed	An explicit static problem requiring superlogarithmically many cell probes	Superlogarithmic static cell-probe lower bounds	
TCS-6541	renamed	Does every VC class admit linear-size sample compression?	Linear-size sample compression	
TCS-6542	renamed	Polynomial-time learning parity with constant random noise	Learning parity with noise in polynomial time	
TCS-6543	retained	Learning Boolean juntas from uniform random examples	Learning Boolean juntas from uniform random examples	
TCS-6544	retained	Distribution-free learning of intersections of two halfspaces	Distribution-free learning of intersections of two halfspaces	
TCS-6545	renamed	Do one-way functions imply public-key encryption in the standard model?	Public-key encryption from one-way functions	
TCS-6546	retained	One-way permutations from one-way functions	One-way permutations from one-way functions	
TCS-6547	renamed	Does one-wayness suffice for collision-resistant hashing?	Collision-resistant hashing from one-way functions	
TCS-6548	retained	Chosen-ciphertext security from ordinary public-key encryption	Chosen-ciphertext security from ordinary public-key encryption	
TCS-6549	renamed	Does public-key encryption imply oblivious transfer?	Oblivious transfer from public-key encryption	
TCS-6550	renamed	Does ordinary polynomial-hard LWE suffice for circuit obfuscation?	Circuit obfuscation from polynomial-hard LWE	
TCS-6551	retained	Unleveled fully homomorphic encryption from LWE alone	Unleveled fully homomorphic encryption from LWE alone	
TCS-6552	retained	Noninteractive zero knowledge from one-way functions	Noninteractive zero knowledge from one-way functions	
TCS-6553	renamed	Can every polynomial-time decision problem be efficiently parallelized?	P versus NC	
TCS-6554	retained	Distributed Lovász Local Lemma in O(log log n) rounds	Distributed Lovász Local Lemma in O(log log n) rounds	
TCS-6555	retained	Optimal exact single-source shortest paths in CONGEST	Optimal exact single-source shortest paths in CONGEST	
TCS-6556	retained	Directed reachability with nearly linear memory and polylogarithmic passes	Directed reachability with nearly linear memory and polylogarithmic passes	
TCS-6557	retained	Explicit superconstant lower bounds in the congested clique	Explicit superconstant lower bounds in the congested clique	
TCS-6558	renamed	Černý conjecture: a reset word of length at most (n−1)²	Černý conjecture	
TCS-6559	renamed	Does any regular language require generalized star height greater than one?	Generalized star-height problem	
TCS-6560	renamed	Can every two-way NFA be determinized with polynomially many states?	Sakoda–Sipser problem	
TCS-6561	retained	Decidability of every level of the dot-depth hierarchy	Decidability of every level of the dot-depth hierarchy	
TCS-6562	renamed	Are word equations with linear length constraints decidable?	Word equations with linear length constraints	
TCS-6563	retained	Equivalence of deterministic macro tree transducers	Equivalence of deterministic macro tree transducers	
TCS-6564	retained	First-order definability of regular tree languages	First-order definability of regular tree languages	
TCS-6565	renamed	Is positivity of integer linear recurrences decidable?	Positivity problem for linear recurrences	
TCS-6566	renamed	Decidability of unbounded Continuous Skolem	Continuous Skolem problem	
TCS-6567	renamed	Can simple stochastic games be solved in polynomial time?	Simple stochastic games in polynomial time	
TCS-6568	renamed	Can mean-payoff games be solved in polynomial time?	Mean-payoff games in polynomial time	
TCS-6569	renamed	An internal tower of semisimplicial types in ordinary HoTT	Internal semisimplicial types in ordinary HoTT	
TCS-6570	renamed	Can a Scott-continuous lambda model validate exactly beta-conversion?	Scott-continuous lambda models with theory λβ	
TCS-6571	renamed	Is rational solvability of polynomial equations decidable?	Hilbert’s tenth problem over the rationals	
TCS-6572	renamed	Is there a polynomial-time simplex pivot rule?	Polynomial-time simplex pivot rule	
TCS-6573	renamed	Polynomial Hirsch conjecture for edge-path diameter	Polynomial Hirsch conjecture	
TCS-6574	renamed	Is exact semidefinite feasibility in polynomial time?	Exact semidefinite feasibility in polynomial time	
TCS-6575	renamed	The deterministic k-server conjecture	k-server conjecture	
TCS-6576	retained	Optimal competitive ratio for convex body chasing	Optimal competitive ratio for convex body chasing	
TCS-6577	retained	Minimax dimension dependence in bandit convex optimization	Minimax dimension dependence in bandit convex optimization	
TCS-6578	renamed	Smale’s seventh problem: efficient near-minimal logarithmic energy on the sphere	Smale’s seventh problem	
TCS-6580	retained	Information-theoretic classical verification of quantum computation	Information-theoretic classical verification of quantum computation	
TCS-6581	renamed	Mansour’s conjecture with logarithmic accuracy dependence	Mansour’s conjecture	
TCS-6582	retained	Equivalence of deterministic higher-order recursion schemes	Equivalence of deterministic higher-order recursion schemes	
TCS-6583	renamed	Does weak normalization imply strong normalization for every pure type system?	Barendregt–Geuvers–Klop conjecture	
TCS-6584	renamed	The Li–Li undirected multiple-unicast conjecture	Li–Li conjecture	
TCS-6585	retained	Nearly linear-time solution of general sparse linear systems	Nearly linear-time solution of general sparse linear systems	
TCS-6586	renamed	Can a static dictionary be built deterministically in linear time?	Deterministic linear-time static dictionaries	
TCS-6587	retained	Constant-factor approximation for Densest k-Subgraph	Constant-factor approximation for Densest k-Subgraph	
TCS-6588	renamed	A polynomial-time polylogarithmic approximation for Directed Steiner Tree	Polylogarithmic approximation for Directed Steiner Tree	
TCS-6589	renamed	The 4/3 conjecture for the metric TSP subtour relaxation	4/3 conjecture for metric TSP	
TCS-6590	renamed	The factor-2 integrality-gap conjecture for the ATSP subtour LP	ATSP integrality-gap conjecture	
TCS-6591	retained	Constant-factor approximation for Directed Feedback Vertex Set	Constant-factor approximation for Directed Feedback Vertex Set	
TCS-6592	renamed	Is k-Clique fixed-parameter tractable, equivalently FPT=W[1]?	FPT versus W[1]	
TCS-6593	renamed	Does deterministic 3-SAT have a positive optimal exponential rate?	Exponential Time Hypothesis	
TCS-6594	renamed	The Set Cover Conjecture	Set Cover Conjecture	
TCS-6595	renamed	Does the Strong Exponential Time Hypothesis hold?	Strong Exponential Time Hypothesis	
TCS-6596	renamed	The Orthogonal Vectors Hypothesis	Orthogonal Vectors Hypothesis	
TCS-6597	renamed	The algebraic k-Clique Hypothesis: the leading exponent	Algebraic k-Clique Hypothesis	
TCS-6598	renamed	The Min-Plus Convolution Hypothesis	Min-Plus Convolution Hypothesis	
TCS-6599	renamed	The Hitting Set Conjecture	Hitting Set Conjecture	
TCS-6600	retained	Optimal explicit pseudorandom generators for read-once branching programs	Optimal explicit pseudorandom generators for read-once branching programs	
TCS-6601	renamed	Do some tautologies require superpolynomial Extended Frege proofs?	Superpolynomial Extended Frege lower bounds	
TCS-6602	retained	Superpolynomial AC⁰[p]-Frege lower bounds	Superpolynomial AC⁰[p]-Frege lower bounds	
TCS-6603	renamed	Log-rank conjecture for deterministic two-party communication	Log-rank conjecture	
TCS-6604	renamed	The Fourier Entropy–Influence conjecture	Fourier Entropy–Influence conjecture	
TCS-6605	renamed	The Aaronson–Ambainis influential-variable conjecture	Aaronson–Ambainis conjecture	
TCS-6606	concurrently_deleted			Removed on 2026-09-12 in the user-authorized specify-or-delete review. The operational Gaussian interference region is defined, but no finite-dimensional syntax or effective evaluation requirement distinguishes an accepted characterization from existing operational formulas. Editorial removal of an incompletely specified benchmark, not a resolution claim. Saved source: https://doi.org/10.1561/0100000071.
TCS-6607	renamed	The exact capacity of the binary deletion channel	Capacity of the binary deletion channel	
TCS-6608	retained	Decidability of unconditional Shannon information inequalities	Decidability of unconditional Shannon information inequalities	
TCS-6609	retained	Constant-rate binary locally decodable codes with logarithmic query complexity	Constant-rate binary locally decodable codes with logarithmic query complexity	
TCS-6610	renamed	The Shannon capacity of C7	Shannon capacity of C₇	
TCS-6611	renamed	Does the permanent require determinants of superpolynomial dimension?	Permanent versus determinant	
TCS-6612	retained	VP versus VBP over the complex numbers	VP versus VBP over the complex numbers	
TCS-6613	retained	Polynomial-size arithmetic formulas for the determinant	Polynomial-size arithmetic formulas for the determinant	
TCS-6614	retained	Deterministic polynomial-time factorization over finite fields	Deterministic polynomial-time factorization over finite fields	
TCS-6615	retained	Polynomial-time finite-group isomorphism in the Cayley-table model	Polynomial-time finite-group isomorphism in the Cayley-table model	
TCS-6616	retained	Breaking the 2^n barrier for exact permanent computation	Breaking the 2^n barrier for exact permanent computation	
TCS-6617	renamed	Can a classical randomized algorithm factor every integer in polynomial time?	Integer factorization in randomized polynomial time	
TCS-6618	renamed	Are discrete logarithms in prime fields in randomized polynomial time?	Prime-field discrete logarithms in randomized polynomial time	
TCS-6619	retained	Exact Euclidean SVP in single-exponential time and polynomial space	Exact Euclidean SVP in single-exponential time and polynomial space	
TCS-6620	renamed	Vinogradov's least quadratic nonresidue conjecture	Vinogradov’s least quadratic nonresidue conjecture	
TCS-6621	retained	Rapid mixing of Glauber dynamics with Δ+2 colours	Rapid mixing of Glauber dynamics with Δ+2 colours	
TCS-6622	renamed	The Kannan–Tetali–Vempala switch-chain conjecture for binary matrices	Kannan–Tetali–Vempala conjecture	
TCS-6623	retained	Polynomial-sample worst-case trace reconstruction	Polynomial-sample worst-case trace reconstruction	
TCS-6624	retained	Constant-factor edit-distance approximation in O(n polylog n) time	Constant-factor edit-distance approximation in O(n polylog n) time	
TCS-6625	retained	Deterministic fully dynamic connectivity with polylogarithmic worst-case updates	Deterministic fully dynamic connectivity with polylogarithmic worst-case updates	
TCS-6626	retained	Polylogarithmic worst-case updates for exact dynamic minimum spanning forests	Polylogarithmic worst-case updates for exact dynamic minimum spanning forests	
TCS-6627	retained	Fully dynamic near-optimal matching with polylogarithmic updates	Fully dynamic near-optimal matching with polylogarithmic updates	
TCS-6628	renamed	An FPRAS for perfect matchings in general graphs	FPRAS for counting perfect matchings	
TCS-6629	renamed	A deterministic FPTAS for the nonnegative permanent	Deterministic FPTAS for the nonnegative permanent	
TCS-6630	retained	Effective classification of polynomially testable hereditary graph properties	Effective classification of polynomially testable hereditary graph properties	
TCS-6632	retained	Constant-factor universally truthful auctions for submodular bidders	Constant-factor universally truthful auctions for submodular bidders	
TCS-6633	retained	Polynomial query complexity of exact envy-free cake cutting	Polynomial query complexity of exact envy-free cake cutting	
TCS-6634	renamed	The optimal randomized metric distortion in social choice	Randomized metric distortion in social choice	
TCS-6635	renamed	Does every finite-template decision promise CSP have a P/NP-hard dichotomy?	Finite-domain promise CSP dichotomy	
TCS-6636	renamed	The Bodirsky–Pinsker infinite-domain CSP dichotomy	Bodirsky–Pinsker conjecture	
TCS-6637	retained	Constant-colour polynomial-time colouring of 3-colourable graphs	Constant-colour polynomial-time colouring of 3-colourable graphs	
TCS-6638	renamed	A constant improvement over factor 2 for unrelated-machine makespan	Beating factor two for unrelated-machine makespan	
TCS-6639	renamed	A constant-factor approximation for general Santa Claus allocation	Constant-factor approximation for Santa Claus	
TCS-6640	retained	Constant additive error for one-dimensional bin packing	Constant additive error for one-dimensional bin packing	
TCS-6641	renamed	The uniform word problem for one-relation monoids	Word problem for one-relation monoids	
TCS-6642	renamed	The conjugacy problem for one-relator groups	Conjugacy problem for one-relator groups	
TCS-6643	retained	Decidability of unification in the basic modal logic K	Decidability of unification in the basic modal logic K	
TCS-6644	retained	Decidability of termination for one-rule string rewriting	Decidability of termination for one-rule string rewriting	
TCS-6645	renamed	The full constant-delay conjunctive-query classification	Constant-delay conjunctive-query classification	
TCS-6646	renamed	Martin’s full conjecture for Turing-invariant functions under determinacy	Martin’s conjecture	
TCS-6647	retained	Rigidity of the Turing degrees	Rigidity of the Turing degrees	
TCS-6648	retained	Kolmogorov–Loveland randomness versus Martin-Löf randomness	Kolmogorov–Loveland randomness versus Martin-Löf randomness	
TCS-6649	renamed	Does Hindman’s theorem imply the ω-jump?	Reversal of Hindman’s theorem to the ω-jump	
TCS-6650	retained	Deterministic polynomial-time equivalence testing for d-DNNFs	Deterministic polynomial-time equivalence testing for d-DNNFs	
TCS-6651	renamed	Hadwiger’s conjecture: high chromatic number forces a clique minor	Hadwiger’s conjecture	
TCS-6652	renamed	The Erdős–Hajnal conjecture for every forbidden induced graph	Erdős–Hajnal conjecture	
TCS-6653	renamed	The Gyárfás–Sumner conjecture	Gyárfás–Sumner conjecture	
TCS-6654	renamed	Seese’s conjecture for MSO₁ and clique-width	Seese’s conjecture	
TCS-6655	renamed	Cereceda's quadratic recolouring conjecture	Cereceda’s conjecture	
TCS-6656	renamed	Planted clique: can polynomial time detect a clique below the square-root scale?	Planted clique conjecture	
TCS-6657	renamed	The computational threshold for dense tensor PCA	Computational threshold for tensor PCA	
TCS-6658	retained	Polynomial smoothed complexity of FLIP for Max-Cut	Polynomial smoothed complexity of FLIP for Max-Cut	
TCS-6659	renamed	Can metric k-Median reach the 1+2/e threshold?	Metric k-Median at the 1+2/e threshold	
TCS-6660	renamed	A polynomial kernel for Edge Multiway Cut	Polynomial kernel for Edge Multiway Cut	
TCS-6661	renamed	The Hyperclique Hypothesis	Hyperclique Hypothesis	
TCS-6662	retained	Optimal deterministic restricted-isometry matrices	Optimal deterministic restricted-isometry matrices	
TCS-6663	renamed	Does Frege simulate Extended Frege with polynomial proof size?	Frege versus Extended Frege	
TCS-6664	renamed	The asymptotic Gotsman–Linial conjecture	Asymptotic Gotsman–Linial conjecture	
TCS-6665	renamed	The capacity region of a general two-receiver broadcast channel	Capacity of the general broadcast channel	
TCS-6666	renamed	The Shub–Smale τ-conjecture: polynomially many integer roots from short arithmetic programs	Shub–Smale τ-conjecture	
TCS-6667	retained	Polynomial-time, polynomial-factor approximation of Euclidean SVP	Polynomial-time, polynomial-factor approximation of Euclidean SVP	
TCS-6668	retained	Polynomial mixing of critical three-dimensional Ising dynamics	Polynomial mixing of critical three-dimensional Ising dynamics	
TCS-6669	retained	Breaking factor two for sum-of-pairs multiple sequence alignment	Breaking factor two for sum-of-pairs multiple sequence alignment	
TCS-6670	retained	Polylogarithmic maintenance of the exact global minimum cut	Polylogarithmic maintenance of the exact global minimum cut	
TCS-6671	renamed	An FPRAS for counting undirected Euler tours	FPRAS for counting undirected Euler tours	
TCS-6672	retained	Sublinear testing of bounded-degree graph isomorphism	Sublinear testing of bounded-degree graph isomorphism	
TCS-6673	retained	Optimal error for pure-DP continual counting	Optimal error for pure-DP continual counting	
TCS-6674	renamed	The power of randomization in truthful unrelated-machine scheduling	Randomized truthful unrelated-machine scheduling	
TCS-6675	retained	Search-to-decision equivalence for finite promise CSPs	Search-to-decision equivalence for finite promise CSPs	
TCS-6676	retained	Breaking factor two for precedence-constrained makespan	Breaking factor two for precedence-constrained makespan	
TCS-6677	renamed	The isomorphism problem for one-relator groups	Isomorphism problem for one-relator groups	
TCS-6678	retained	FO model checking on hereditary monadically dependent graph classes	FO model checking on hereditary monadically dependent graph classes	
TCS-6679	retained	Universality of Turing equivalence	Universality of Turing equivalence	
TCS-6680	retained	Decidability of conjunctive-query entailment in SROIQ	Decidability of conjunctive-query entailment in SROIQ	
TCS-6681	retained	DNF versus d-DNNF succinctness	DNF versus d-DNNF succinctness	
TCS-6682	renamed	Reed’s χ–ω–Δ conjecture	Reed’s conjecture	
TCS-6683	renamed	The optimal quantitative Excluded Grid Theorem	Optimal bounds in the Excluded Grid Theorem	
TCS-6684	renamed	The computational Kesten–Stigum threshold for sparse community recovery	Computational Kesten–Stigum threshold	
TCS-6685	renamed	Determining the sixth Busy Beaver value BB(6)	Busy Beaver BB(6)	
TCS-6686	renamed	Does P=RP?	P versus RP	
TCS-6689	renamed	Construct averaging samplers simultaneously optimal in randomness and sample count.	Simultaneously optimal averaging samplers	
TCS-6692	renamed	Construct cryptographic PRGs from arbitrary one-way functions with seed length linear in input length.	Linear-seed pseudorandom generators from one-way functions	
TCS-6693	renamed	Construct subpolynomial-seed PRGs fooling AC⁰[2].	Subpolynomial-seed pseudorandom generators for AC⁰[2]	
TCS-6696	renamed	Derive strong uniform PRGs from EXP not contained in randomized subexponential time.	Uniform PRGs from exponential-time hardness	
TCS-6699	renamed	Derandomize AM to NP; in particular, establish NP certificates for graph nonisomorphism.	AM versus NP	
TCS-6702	renamed	Obtain suitable worst-case-to-average-case reductions within NP.	Worst-case-to-average-case reductions within NP	
TCS-6703	renamed	Achieve optimal exponential-scale hardness amplification within NP.	Optimal exponential-scale hardness amplification in NP	
TCS-6705	renamed	Does every linear threshold function have degree-at-most-one Fourier weight at least 2/π?	2/π low-degree Fourier weight for linear threshold functions	
TCS-6707	renamed	Determine the asymptotic randomized decision-tree complexity of recursive majority-of-three.	Randomized query complexity of recursive majority-of-three	
TCS-6708	renamed	Must some squared Fourier coefficient be at least exp(−O(total influence))?	Fourier Min-Entropy–Influence conjecture	
TCS-6710	renamed	Determine tight randomized communication bounds for number-on-forehead set disjointness.	Number-on-forehead Disjointness complexity	
TCS-6711	renamed	Determine the optimal gap between deterministic communication and logarithmic monochromatic partition size.	Deterministic communication versus monochromatic partition size	
TCS-6712	renamed	Can every polynomial-size Boolean circuit be replaced by a polynomial-size, logarithmic-depth circuit?	Nonuniform NC¹ versus P/poly	
TCS-6714	renamed	Are there polynomial-size logarithmic-depth general Boolean circuits for perfect matching?	Nonuniform NC¹ perfect matching	
TCS-6715	renamed	Separate polynomial-size monotone circuits from superpolynomial monotone span-program size.	Monotone circuits versus monotone span programs	
TCS-6716	renamed	Separate ordinary and monotone span-program size for monotone functions.	General versus monotone span programs	
TCS-6717	renamed	Strengthen monotone perfect-matching circuit lower bounds to stretched exponential.	Stretched-exponential monotone matching lower bounds	
TCS-6718	renamed	Prove exponential lower bounds for weakly read-once nondeterministic branching programs.	Exponential weakly read-once branching-program lower bounds	
TCS-6721	renamed	Pack using OPT+1 bins; a constant additive error is a highlighted intermediate goal.	Additive-one approximation for bin packing	
TCS-6723	renamed	Beat factor two for generalized Steiner tree, also called Steiner forest.	Steiner Forest approximation below factor two	
TCS-6724	renamed	Give a constant approximation for precedence-constrained scheduling on related machines.	Constant-factor related-machine precedence scheduling	
TCS-6725	renamed	Color a promised 3-colorable graph with O(log n) colors in polynomial time.	Logarithmic-color approximation of 3-colorable graphs	
TCS-6728	renamed	Compute chromatic number in O*(2ⁿ) time using only polynomial space.	Chromatic number in 2ⁿ time and polynomial space	
TCS-6729	renamed	Construct linear representations of transversal matroids deterministically in polynomial time.	Deterministic linear representations of transversal matroids	
TCS-6731	renamed	Separate levels of the W-hierarchy, including the Independent Set and Dominating Set levels.	Strictness of the W-hierarchy	
TCS-6734	renamed	Separate polynomial compression from polynomial kernelization for natural problems.	Polynomial compression versus polynomial kernelization	
TCS-6736	renamed	Establish nearly quadratic adaptive versus nonadaptive testing gaps.	Nearly quadratic adaptive-testing gaps	
TCS-6737	renamed	Test minor-closed bounded-degree graph properties with polynomial dependence on degree and proximity.	Polynomial-query testing of minor-closed bounded-degree properties	
TCS-6738	renamed	Determine existence of linear-length locally testable codes and proofs.	Linear-length locally testable codes and proofs	
TCS-6739	renamed	Separate lengths achievable by locally decodable and relaxed locally decodable codes.	Locally decodable versus relaxed locally decodable code length	
TCS-6743	renamed	Every nontrivial monotone property of k-vertex graphs requires Ω(k²) randomized adjacency queries for exact recognition.	Randomized evasiveness conjecture	
TCS-6744	renamed	Complete the characterization of bounded-degree graph properties admitting constant-query one-sided proximity-oblivious testers, removing the stated combinatorial-conjecture dependency.	One-sided proximity-oblivious testing of bounded-degree graphs	
TCS-6747	renamed	Is graph nonisomorphism in BPP?	Graph nonisomorphism in BPP	
TCS-6748	renamed	Classify the complexity of Boolean decision-Holant problems.	Boolean decision-Holant dichotomy	
TCS-6749	renamed	Give a deterministic polynomial kernel for Almost 2-SAT.	Deterministic polynomial kernels for Almost 2-SAT	
TCS-6755	renamed	Determine the leading constant in optimal Boolean k-CSP approximation.	Optimal leading constant for Boolean k-CSP approximation	
TCS-6756	renamed	Determine whether the stated general-domain k-CSP approximation is asymptotically optimal.	Optimal approximation of general-domain k-CSP	
TCS-6757	renamed	Can minimization-CSP algorithms match their SDP integrality gaps up to 1+ε?	Min-CSP approximation at the SDP integrality gap	
TCS-6759	renamed	Are resolution total-space and clause-space decision problems PSPACE-complete?	PSPACE-completeness of resolution space	
TCS-6764	renamed	Exhibit linear-size fixed-width CNFs requiring quadratic total resolution space.	Quadratic resolution space for linear-size CNFs	
TCS-6765	renamed	Asymptotically separate resolution clause space from polynomial-calculus-resolution space.	Resolution versus polynomial-calculus-resolution space	
TCS-6766	renamed	Does logarithmic resolution clause space imply polynomial proof length?	Polynomial resolution length from logarithmic clause space	
TCS-6767	renamed	Determine unavoidable length–width tradeoffs, including tight fixed-width length lower bounds.	Resolution length–width tradeoffs	
TCS-6768	renamed	Can constant-space refutations always be made simultaneously polynomial-length and constant-space?	Simultaneous polynomial-length constant-space refutations	
TCS-6770	renamed	Is unrestricted cutting planes strictly stronger than the polynomial-coefficient subsystem CP*?	Cutting Planes versus polynomial-coefficient Cutting Planes	
TCS-6771	renamed	Is linear resolution strictly weaker than general resolution?	Linear versus general resolution	
TCS-6772	renamed	Is the resolution variable-space decision problem in PSPACE, closing the gap to the EXPSPACE upper bound?	Resolution variable-space complexity in PSPACE	
TCS-6782	renamed	Maximize the pair count admitting linear-size pairwise spanners with constant additive error.	Pair capacity of linear-size additive spanners	
TCS-6783	renamed	Does every unweighted graph admit a +4 spanner with O(n^(4/3)) edges?	Four-additive spanners with O(n^(4/3)) edges	
TCS-6784	renamed	Match Thorup–Zwick emulator tradeoffs using actual spanners.	Spanners matching Thorup–Zwick emulator tradeoffs	
TCS-6785	renamed	Determine optimal additive error for linear-size spanners.	Optimal additive error of linear-size spanners	
TCS-6814	renamed	Job-shop makespan: approximation scheme running in f(m,ε)poly(n)?	Efficient PTAS for fixed-machine job-shop makespan	
TCS-6817	renamed	Is directed reachability solvable simultaneously in polynomial time and polylogarithmic space?	Directed reachability in polynomial time and polylogarithmic space	
TCS-6820	renamed	Can all #P counting functions be computed in polynomial time?	FP versus #P	
TCS-6821	renamed	Would P=NP imply polynomial-time exact computation of every #P function?	FP = #P from P = NP	
TCS-6825	renamed	Can computational privacy improve achievable utility in the trusted-curator model?	Computational versus statistical privacy in the curator model	
TCS-6828	renamed	Construct explicit quantum channels witnessing non-additivity of Holevo information; existence is established nonconstructively.	Explicit non-additivity of Holevo information	
TCS-6832	renamed	Which inclusions among P, RP and NP are strict?	Separations among P, RP and NP	
TCS-6833	renamed	Obtain asymptotically optimal policies for broader nonparametric reward classes, including bounded-kurtosis distributions.	Asymptotically optimal nonparametric bandit policies	
TCS-6836	renamed	Determine optimal regret under linear-model misspecification and for different action-set geometries.	Regret in misspecified linear bandits	
TCS-6838	renamed	Match finite-time best-arm identification lower bounds and characterize instance-dependent simple regret.	Instance-optimal finite-time best-arm identification	
TCS-6839	renamed	Prove polynomial mixing for grid Ising Glauber dynamics with all-plus boundaries at every temperature.	Polynomial mixing of Ising dynamics with plus boundaries	
TCS-6840	renamed	Establish the proposed monotonicity of Ising spectral gaps in temperature and interaction strengths.	Monotonicity of Ising spectral gaps	
TCS-6843	renamed	Do bounded-degree transitive expanders necessarily exhibit cutoff?	Cutoff for bounded-degree transitive expanders	
TCS-6846	renamed	Is lazy transitive-graph mixing bounded by a universal constant times degree times squared diameter?	Mixing bounds from degree and diameter in transitive graphs	
TCS-6851	renamed	Can the exact cover time of a finite graph be computed deterministically in polynomial time?	Polynomial-time computation of exact cover time	
TCS-6857	renamed	Analyze the convergence and mixing time of the pivot chain on self-avoiding walks.	Mixing of the self-avoiding-walk pivot chain	
TCS-6859	renamed	Construct the inner linear codes on the Gilbert–Varshamov bound in time polynomial in their own dimension, eliminating the exhaustive search.	Polynomial-time Gilbert–Varshamov inner-code construction	
TCS-6861	renamed	Classically obtain the full worst-case LWE hardness guarantees of the quantum reduction.	Classical reductions matching quantum LWE hardness	
TCS-6863	renamed	Do ideal-lattice algorithms outperform general-lattice algorithms, including attacks on ring-SIS/LWE?	Algorithmic advantages of ideal-lattice structure	
TCS-6864	renamed	Give a meaningful classical worst-case reduction for ring-LWE.	Classical worst-case reductions for ring-LWE	
TCS-6868	renamed	Give worst-case or search-to-decision reductions for NTRU-like problems.	Worst-case and search-to-decision reductions for NTRU	
TCS-6871	renamed	Base unbounded FHE solely on worst-case complexity assumptions.	Fully homomorphic encryption from worst-case hardness	
TCS-6874	renamed	Do arbitrarily large d-regular Ramanujan graphs exist for every d≥3?	Ramanujan graphs of every degree	
TCS-6875	renamed	Find two-lifts or adjacency signings with the stated two-sided Ramanujan spectral bounds.	Two-sided Ramanujan signings	
TCS-6879	renamed	Explicitly construct regular graphs with vertex expansion approaching d−2 on small sets.	Explicit near-optimal vertex expanders	
TCS-6880	renamed	Approximate the cut cone within constant distortion using a cone with efficient separation.	Efficient constant-distortion cut-cone approximation	
TCS-6882	renamed	Separate homogeneous and unrestricted formulas superpolynomially.	Homogeneous versus unrestricted arithmetic formulas	
TCS-6883	renamed	Separate multilinear and general circuits superpolynomially.	Multilinear versus general arithmetic circuits	
TCS-6884	renamed	Separate semantic and syntactic multilinear circuits superpolynomially.	Semantic versus syntactic multilinear circuits	
TCS-6885	renamed	Compute all second derivatives with constant-factor circuit overhead.	Constant-overhead second differentiation of circuits	
TCS-6888	renamed	Prove superpolynomial arithmetic-formula lower bounds.	Superpolynomial arithmetic formula lower bounds	
TCS-6890	renamed	Prove superpolynomial noncommutative-circuit lower bounds.	Superpolynomial noncommutative circuit lower bounds	
TCS-6893	renamed	Prove superpolynomial multilinear-circuit lower bounds.	Superpolynomial multilinear circuit lower bounds	
TCS-6895	renamed	Construct explicit three-dimensional tensors with superlinear rank.	Explicit three-dimensional tensors of superlinear rank	
TCS-6897	renamed	Does efficient PIT for a circuit class imply permanent lower bounds for that class?	Permanent lower bounds from identity testing	
TCS-6898	renamed	Derandomize black-box depth-four PIT.	Derandomizing black-box depth-four PIT	
TCS-6903	renamed	Derandomize PIT for noncommutative circuits.	Derandomizing noncommutative PIT	
TCS-6912	renamed	Does learning a circuit class imply permanent lower bounds against it?	Permanent lower bounds from learning	
TCS-6914	renamed	Deterministically factor multivariate polynomials efficiently; does PIT derandomization suffice?	Multivariate polynomial factorization from PIT derandomization	
TCS-6918	renamed	Separate constant-time algorithms using identifier values from order-invariant algorithms, without consecutive-ID promises.	Constant-time identifiers versus order invariance	
TCS-6928	renamed	Can every string be represented in O(γ) words, where γ is its smallest attractor size? Can the O(γ log n) scale always be improved asymptotically?	Linear-space representation from smallest string attractors	
TCS-6933	renamed	Classical computers cannot efficiently sample the Boson Sampling distribution in the regime described in the source.	Classical hardness of Boson Sampling	
TCS-6934	renamed	Prove superlinear unconditional SAT time lower bounds in robust unrestricted computation models; establish stronger exponential lower bounds.	Unconditional SAT time lower bounds	
TCS-6935	renamed	For every ε>0 some clause width k precludes randomized O(2^((1−ε)n)) time for k-SAT.	Randomized Strong Exponential Time Hypothesis	
TCS-6937	renamed	Weighted APSP admits no randomized truly subcubic algorithm in the stated integer-weight regime.	Randomized APSP hypothesis	
TCS-6940	renamed	Is tree edit distance fine-grained equivalent to APSP?	Tree edit distance versus APSP	
TCS-6942	renamed	Does the Orthogonal Vectors hypothesis imply the Hitting Set hypothesis?	Hitting Set hardness from Orthogonal Vectors	
TCS-6944	renamed	Edge-weighted Min-Weight k-Clique requires randomized n^(k−o(1)) time in the specified weight range.	Min-Weight k-Clique hypothesis	
TCS-6945	renamed	Exact-weight k-Clique requires randomized n^(k−o(1)) time in the specified weight range.	Exact-Weight k-Clique hypothesis	
TCS-6946	renamed	Determine fine-grained relationships between APSP and 3-SUM.	Fine-grained relationship between APSP and 3SUM	
TCS-6949	renamed	Circuit-SAT for the described richer representation classes, especially polynomial-size polylog-depth circuits, requires 2^(n−o(n)) time.	Exhaustive-search lower bounds for Circuit-SAT	
TCS-6950	renamed	At least one of SETH, the APSP hypothesis and the 3-SUM hypothesis is true.	Disjunction of SETH, APSP and 3SUM hypotheses	
TCS-6952	renamed	Prove strong unconditional lower bounds for suitably space-restricted 3-SUM algorithms.	Unconditional space-restricted 3SUM lower bounds	
TCS-6953	renamed	Do worst-case or average-case hardness assumptions imply one-way functions, or trapdoor functions?	Cryptographic primitives from worst-case or average-case hardness	
TCS-6957	renamed	Characterize domains where affine maximizers are the only implementable allocation rules.	Characterizing domains restricted to affine maximizers	
TCS-6958	renamed	Can efficient algorithmic implementation approximate better than every efficient dominant-strategy implementation?	Algorithmic versus dominant-strategy implementation	
TCS-6961	renamed	Determine tight equilibrium-efficiency bounds for undirected global connection and generalized cost-sharing games.	Equilibrium efficiency in connection and cost-sharing games	
TCS-6974	renamed	Beat exhaustive assignment search for general formula satisfiability.	Formula-SAT below exhaustive search	
TCS-6977	renamed	Prove that SAT requires more than near-linear time.	Super-near-linear SAT time lower bounds	
TCS-6978	renamed	Separate a given space bound from roughly the same time bound.	Separating space from comparable time bounds	
TCS-6979	renamed	Could P versus NP be independent of standard mathematical axioms?	Independence of P versus NP	
TCS-6985	renamed	Determine polycyclic conjugacy-search complexity.	Complexity of polycyclic conjugacy search	
TCS-7001	renamed	Beat quadratic-time synchronizability testing over a fixed alphabet, or establish conditional barriers.	Subquadratic fixed-alphabet synchronizability testing	
TCS-7006	renamed	Achieve optimal subspace-embedding dimension with the conjectured input-sparsity running time and failure dependence.	Optimal input-sparsity subspace embeddings	
TCS-7007	renamed	Obtain relative spectral low-rank approximation in O(nnz(A))+n·poly(k/ε) time.	Input-sparsity relative spectral low-rank approximation	
TCS-7008	renamed	Obtain polynomial-time relative low-rank approximation in entrywise ℓ₁ error.	Polynomial-time relative entrywise ℓ₁ low-rank approximation	
TCS-7010	renamed	Determine optimal linear-sketch dimension for constant-factor approximation of the nuclear norm.	Linear-sketch complexity of the nuclear norm	
TCS-7022	renamed	Polynomial kernel for Planar Deletion?	Polynomial kernels for Planar Deletion	
TCS-7023	renamed	Polynomial kernel for H-minor-free Deletion?	Polynomial kernels for H-minor-free Deletion	
TCS-7027	renamed	Is Perfect Deletion FPT?	Fixed-parameter tractability of Perfect Deletion	
TCS-7033	renamed	Polynomial kernels for directed feedback vertex/arc set?	Polynomial kernels for directed feedback sets	
TCS-7035	renamed	Single-exponential FPT for directed feedback sets, including planar vertex deletion?	Single-exponential FPT for directed feedback sets	
TCS-7036	renamed	Classify directed three-terminal-pair Edge Multicut by cut size.	Parameterized complexity of three-pair Directed Edge Multicut	
TCS-7061	renamed	Find a polynomial-time/NP-hard dichotomy for hereditary edge-deletion problems.	Dichotomy for hereditary edge deletion	
TCS-7075	renamed	Determine complexity of unrestricted vertex-connectivity augmentation beyond increasing connectivity by one.	Complexity of general vertex-connectivity augmentation	
TCS-7082	renamed	Find a natural OutputP problem outside IncP, including the proposed K_t-free domination candidate.	OutputP versus IncP	
TCS-7084	renamed	Conditionally separate DelayP and IncP from their polynomial-space versions.	Time–space separations in polynomial enumeration	
TCS-7085	renamed	Separate memoryless NextP from DelayP, preferably even polynomial-space DelayP.	NextP versus DelayP	
TCS-7086	renamed	Enumerate binary-matroid circuits in incremental polynomial time and polynomial space.	Incremental polynomial-time binary-matroid circuit enumeration	
TCS-7087	renamed	Amortize unknown incremental delay while retaining polynomial space and polynomial delay.	Polynomial-space conversion from incremental to polynomial delay	
TCS-7088	renamed	Exclude strong polynomial delay for DNF-model enumeration under a standard hypothesis.	Strong polynomial-delay lower bounds for DNF enumeration	
TCS-7090	renamed	Conditionally separate strong polynomial delay from polynomial delay.	Strong polynomial delay versus polynomial delay	
TCS-7091	renamed	Characterize when constant amortized enumeration becomes constant worst-case delay.	Constant amortized enumeration versus constant delay	
TCS-7099	renamed	Establish a finite-domain enumeration-CSP dichotomy.	Finite-domain enumeration-CSP dichotomy	
TCS-7112	renamed	Enumerate minimal hypergraph transversals in output-polynomial time.	Output-polynomial hypergraph transversal enumeration	
TCS-7113	renamed	Derandomize identity testing for explicitly represented arithmetic circuits.	Derandomizing polynomial identity testing	
TCS-7116	renamed	Is every NP problem polynomial-time equivalent to an ω-categorical-template CSP?	Universal representation of NP by ω-categorical CSPs	
TCS-7117	renamed	Can every CSP in SNP be represented by an ω-categorical template?	ω-categorical representation of SNP CSPs	
TCS-7124	renamed	Which CSPs in NP are definable in SNP?	SNP definability of CSPs in NP	
TCS-7125	renamed	Is unification modulo two-sided distributivity together with a multiplicative unit decidable?	Two-sided distributive unification with a unit	
TCS-7126	renamed	Determine tight complexity for unification with constants modulo two-sided distributivity.	Complexity of two-sided distributive unification with constants	
TCS-7127	renamed	Determine enumeration complexity under bag semantics, retaining multiplicities of witnesses and supporting aggregate queries.	Enumeration complexity under bag semantics	
TCS-7128	renamed	Prove unconditional constant-delay enumeration lower bounds for natural queries such as the distance-two query.	Unconditional constant-delay query-enumeration lower bounds	
TCS-7129	renamed	Can prime-implicate representations always be expressed as polynomial-size DNNF?	Prime implicates versus DNNF succinctness	
TCS-7130	renamed	Can prime-implicate representations always be expressed as polynomial-size deterministic DNNF?	Prime implicates versus d-DNNF succinctness	
TCS-7131	renamed	Can prime-implicant representations always be expressed as polynomial-size deterministic DNNF?	Prime implicants versus d-DNNF succinctness	
TCS-7132	renamed	Is prime-implicate representation polynomially succinct relative to explicit model enumeration?	Prime implicates versus explicit model enumeration	
TCS-7134	renamed	Is equivalence testing polynomial-time for free binary decision diagrams?	Polynomial-time equivalence of free binary decision diagrams	
TCS-7135	renamed	Are deterministic DNNF and smooth deterministic DNNF closed under polynomial-time negation?	Polynomial-time negation of deterministic DNNF	
TCS-7143	renamed	Large rank-width forces every fixed bipartite circle graph as a pivot-minor.	Bipartite circle pivot-minors from large rank-width	
TCS-7144	renamed	Does sufficiently large linear rank-width force every fixed tree as a vertex-minor?	Tree vertex-minors from large linear rank-width	
TCS-7145	renamed	Are all graphs well-quasi-ordered by pivot-minors?	Well-quasi-ordering by pivot-minors	
TCS-7146	renamed	Detect any fixed pivot-minor or vertex-minor in polynomial time.	Polynomial-time detection of fixed pivot- and vertex-minors	
TCS-7148	renamed	Extend smoothed polynomial-time simplex analysis to perturbations preserving sparsity.	Smoothed simplex complexity under sparse perturbations	
TCS-7153	renamed	Decide eventual nonnegativity for arbitrary linear recurrences, already unresolved at order six.	Ultimate Positivity problem	
TCS-7154	renamed	Compute eventual-positivity thresholds for simple recurrences beyond the established low-order cases.	Effective ultimate-positivity thresholds for simple recurrences	
TCS-7156	renamed	Decide termination over all integer starting states for general affine linear loops with nondiagonalizable updates.	Universal integer termination of affine linear loops	
TCS-7157	renamed	Decide termination for loops whose updates are general linear constraints between successive states.	Termination of linear-constraint loops	
TCS-7158	renamed	Does PH equal PSPACE?	PH versus PSPACE	
TCS-7159	renamed	The Hartmanis–Stearns conjecture	Hartmanis–Stearns conjecture	
TCS-7160	renamed	The Small-Set Expansion Hypothesis	Small-Set Expansion Hypothesis	
TCS-7161	renamed	Does NEXP require superpolynomial constant-depth threshold circuits?	NEXP versus nonuniform TC⁰	
TCS-7162	renamed	Do p-optimal propositional proof systems exist?	Existence of p-optimal proof systems	
TCS-7163	renamed	Does Resolution effectively polynomially simulate Extended Frege?	Effective polynomial simulation of Extended Frege by Resolution	
TCS-7165	concurrently_deleted			Removed on 2026-09-12 in the user-authorized specify-or-delete review. The NLSS conjecture still depends on unspecified exact complex constants, arithmetic instructions and exact sampling primitives; a bit-model replacement would change its access notion. Editorial removal of an incompletely specified benchmark, not a resolution claim. Saved source: https://doi.org/10.1137/22M1513721.
TCS-7166	concurrently_deleted			Removed on 2026-09-12 in the user-authorized specify-or-delete review. The general hidden-subgroup query model does not provide a uniform group presentation and coherent-operation access model for a polynomial-total-time claim. Editorial removal of an incompletely specified benchmark, not a resolution claim. Saved source: https://doi.org/10.1016/j.ipl.2004.01.024.
TCS-7167	renamed	Do classical one-way functions exist?	Existence of one-way functions	
TCS-7168	renamed	Does computationally secure public-key encryption exist?	Existence of public-key encryption	
TCS-7169	renamed	Can a quantum algorithm solve exact Euclidean SVP in polynomial time?	Exact Euclidean SVP in BQP	
TCS-7170	renamed	The Scholz–Brauer addition-chain conjecture	Scholz–Brauer conjecture	
TCS-7171	renamed	Is there a composite number passing the Baillie–PSW test?	Baillie–PSW pseudoprimes	
TCS-7172	renamed	Is finding a depth-first-search tree in deterministic NC?	Depth-first search in NC	
TCS-7174	renamed	The optimal bit complexity of integer multiplication	Bit complexity of integer multiplication	
TCS-7175	retained	Unrestricted arithmetic lower bounds for the discrete Fourier transform	Unrestricted arithmetic lower bounds for the discrete Fourier transform	
TCS-7177	renamed	The 1/3–2/3 conjecture	1/3–2/3 conjecture	
TCS-7179	renamed	Can exact edit distance be computed in truly subquadratic time?	Truly subquadratic exact edit distance	
TCS-7180	renamed	Is graph canonization polynomial-time reducible to graph isomorphism?	Graph canonization versus graph isomorphism	
TCS-7181	retained	Exact recognition of bounded clique-width	Exact recognition of bounded clique-width	
TCS-7182	renamed	The complexity of SEFE for two graphs	Simultaneous embedding with fixed edges for two graphs	
TCS-7183	concurrently_deleted			Removed on 2026-09-12 in the user-authorized specify-or-delete review. The quasigeodesic question has unreconciled real/word/bit costs, exact output representation and simple-loop versus degenerate-path conventions. Editorial removal of an incompletely specified benchmark, not a resolution claim. Saved source: https://drops.dagstuhl.de/entities/document/10.4230/LIPIcs.SoCG.2022.27.
TCS-7184	renamed	The optimal complexity of Klee's measure problem in higher dimensions	Klee’s measure problem	
TCS-7189	renamed	Is minimum-weight triangulation in NP?	Minimum-weight triangulation in NP	
TCS-7192	renamed	Is multiplicative-exponential linear logic decidable?	Decidability of multiplicative-exponential linear logic	
TCS-7193	retained	Mortality of 2×2 integer matrix semigroups	Mortality of 2×2 integer matrix semigroups	
TCS-7194	retained	Singly exponential shortest solutions of word equations	Singly exponential shortest solutions of word equations	
TCS-7195	renamed	Is there a logic capturing polynomial time on unordered structures?	A logic capturing polynomial time	
TCS-7196	retained	Polynomial-time EFX for three additive agents	Polynomial-time EFX for three additive agents	
TCS-7197	renamed	The optimal polynomial-time approximation of EFX	Polynomial-time approximation of EFX	
TCS-7198	renamed	Do EFkX allocations exist for a universal constant k?	Existence of EFkX allocations for constant k	
TCS-7199	concurrently_deleted			Removed on 2026-09-12 in the user-authorized specify-or-delete review. The MMS existence predicate is fixed, but the imported full complexity-classification request does not select a classification standard; replacing it by NP-hardness would discard part of that request. Editorial removal of an incompletely specified benchmark, not a resolution claim. Saved source: https://doi.org/10.1007/s10458-018-9393-0.
TCS-7200	renamed	The optimal multiplicative MMS guarantee for chores	Multiplicative MMS guarantee for chores	
TCS-7201	renamed	The optimal ordinal MMS guarantee for goods	Ordinal MMS guarantee for goods	
TCS-7202	retained	Envy-free proportional cake cutting with free disposal	Envy-free proportional cake cutting with free disposal	
TCS-7203	retained	Bounded protocols for connected envy-free proportional cake cutting	Bounded protocols for connected envy-free proportional cake cutting	
TCS-7204	retained	Minimum cuts for finite envy-free cake-cutting protocols	Minimum cuts for finite envy-free cake-cutting protocols	
TCS-7207	retained	Competitive equilibrium for almost all budgets with two additive agents	Competitive equilibrium for almost all budgets with two additive agents	
TCS-7210	concurrently_deleted			Removed on 2026-09-12 in the user-authorized specify-or-delete review. General interference capacity already has operational and limiting descriptions; the card selects no single-letter syntax or certified evaluation task as its remaining target. Editorial removal of an incompletely specified benchmark, not a resolution claim. Saved source: https://doi.org/10.1109/TIT.1981.1056307.
TCS-7211	concurrently_deleted			Removed on 2026-09-12 in the user-authorized specify-or-delete review. The two-way channel already has a multiletter characterization, while no exact additional finite-dimensional or approximation requirement is fixed here. Editorial removal of an incompletely specified benchmark, not a resolution claim. Saved source: https://projecteuclid.org/euclid.bsmsp/1200512185.
TCS-7214	concurrently_deleted			Removed on 2026-09-12 in the user-authorized specify-or-delete review. The distributed lossy-source region is operationally defined, but no admissible characterization format or evaluability contract is selected. Editorial removal of an incompletely specified benchmark, not a resolution claim. Saved source: https://www.cambridge.org/core/books/network-information-theory/3ABE1D86EB0F0DF6A8764E415C2CA94A.
TCS-7215	renamed	Is the Shannon capacity of a finite graph computable?	Computability of graph Shannon capacity	
TCS-7216	renamed	The vertex reconstruction conjecture	Vertex reconstruction conjecture	
TCS-7217	renamed	The edge reconstruction conjecture	Edge reconstruction conjecture	
TCS-7218	renamed	The list edge-coloring conjecture	List edge-coloring conjecture	
TCS-7219	renamed	The Aanderaa–Karp–Rosenberg evasiveness conjecture	Aanderaa–Karp–Rosenberg conjecture	
TCS-7220	renamed	A (1+ε)-approximation for edit distance in truly subquadratic time	Truly subquadratic (1+ε)-approximation of edit distance	
TCS-7221	renamed	Does #BIS admit an FPRAS?	FPRAS for #BIS	
TCS-7222	renamed	Is graph isomorphism solvable in polynomial time?	Graph isomorphism in polynomial time	
TCS-7223	renamed	Does integer multiplication have linear-size Boolean circuits?	Linear-size circuits for integer multiplication	
TCS-7224	renamed	Can the shortest addition-chain length be computed in polynomial time?	Polynomial-time computation of addition-chain length	
TCS-7225	renamed	Does perfect zero knowledge equal statistical zero knowledge?	PZK versus SZK	
TCS-7226	renamed	Woodall’s conjecture on packing directed-cut covers	Woodall’s conjecture	
TCS-7227	renamed	Does the packing property imply the max-flow min-cut property?	Conforti–Cornuéjols conjecture	
TCS-7228	retained	Exact directed maximum flow in O((m+n) polylog n) time	Exact directed maximum flow in O((m+n) polylog n) time	
TCS-7229	renamed	Do one-way functions imply classical key agreement?	Key agreement from one-way functions	
TCS-7230	renamed	Is the first-order theory of the real exponential field decidable?	Tarski’s exponential function problem	
TCS-7231	renamed	Is the P-matrix linear complementarity problem in polynomial time?	P-matrix linear complementarity in polynomial time	
TCS-7232	renamed	Are first-order spectra closed under complementation?	Asser’s problem	
TCS-7233	renamed	Can general weighted TSP be solved in O*((2−ε)^n) time?	Breaking the 2ⁿ barrier for weighted TSP	
TCS-7234	renamed	Can a quantum algorithm approximate Euclidean SVP within a polynomial factor in polynomial time?	Quantum polynomial-factor approximation of Euclidean SVP	
TCS-7235	renamed	A (1+ε)-approximation for edit distance in n^(1+o(1)) time	Almost-linear-time (1+ε)-approximation of edit distance	
TCS-7236	renamed	Can all marginals be privately released in polynomial time from a polynomial-size database?	Polynomial-time private release of all marginals	
TCS-7237	renamed	Is distinguishing 3-colourable graphs from graphs needing more than six colours NP-hard?	Hardness of 6-coloring 3-colorable graphs	
TCS-7238	renamed	Can random 3-SAT at constant density be refuted in polynomial time?	Polynomial-time refutation of random 3-SAT at constant density	
TCS-7239	renamed	Does greedy CDCL without restarts p-simulate resolution?	Greedy CDCL without restarts versus resolution	
TCS-7240	renamed	Can all vertices of a rational polytope be enumerated in output-polynomial time?	Output-polynomial vertex enumeration	
TCS-7241	renamed	Can twin-width be approximated in fixed-parameter time?	FPT approximation of twin-width	
TCS-7242	renamed	Is PL four-sphere recognition decidable?	Decidability of PL four-sphere recognition	
TCS-7243	renamed	Do stable ternary compaction functions have linear-size Boolean circuits?	Linear-size circuits for stable ternary compaction	
TCS-7244	renamed	Is Boolean dimension bounded for posets with planar cover graphs?	Boolean dimension of posets with planar cover graphs	
TCS-7245	renamed	Can subcubic subgraphs preserve treewidth within a constant factor?	Constant-factor treewidth preservation by subcubic subgraphs	
TCS-7246	renamed	Is minimum-color cycle solvable in polynomial time under ETH?	Minimum-color cycle in polynomial time under ETH	
TCS-7247	renamed	Can weighted independent set be solved in time polynomial in its optimal tropical circuit size?	Independent set algorithms from tropical circuit size	
TCS-7248	retained	Tutte’s 5-flow conjecture	Tutte’s 5-flow conjecture	
TCS-7249	renamed	Berge–Fulkerson: six perfect matchings covering each edge twice	Berge–Fulkerson conjecture	
TCS-7250	renamed	Barnette’s Hamiltonicity conjecture	Barnette’s conjecture	
TCS-7251	renamed	Caccetta–Häggkvist: minimum outdegree forces a short directed cycle	Caccetta–Häggkvist conjecture	
TCS-7252	renamed	Tuza’s triangle packing–covering conjecture	Tuza’s conjecture	
TCS-7253	retained	Seymour’s second-neighborhood conjecture	Seymour’s second-neighborhood conjecture	
TCS-7254	renamed	Neumann–Lara’s planar two-color conjecture	Neumann–Lara conjecture	
TCS-7255	concurrently_deleted			Removed on 2026-09-12 in the user-authorized specify-or-delete review. The planar temperature-one universality claim lacks a recovered seed/output simulation contract and progress/correctness quantifiers over asynchronous assemblies. Editorial removal of an incompletely specified benchmark, not a resolution claim. Saved source: https://drops.dagstuhl.de/entities/document/10.4230/LIPIcs.DNA.27.6.
TCS-7256	retained	Reversible simulation in polynomial time and linear space simultaneously	Reversible simulation in polynomial time and linear space simultaneously	
TCS-7257	renamed	Does the two-input formula noise threshold also govern general circuits?	Formula versus circuit noise thresholds	
TCS-7259	renamed	Is two-dimensional single-grain sandpile prediction in NC?	Two-dimensional sandpile prediction in NC	
TCS-7260	renamed	Is d-DNNF closed under negation with only polynomial size growth?	Closure of d-DNNF under negation	
TCS-7261	retained	Linear-time minimization of deterministic finite automata	Linear-time minimization of deterministic finite automata	
TCS-7262	renamed	Strassen’s asymptotic rank conjecture for concise cubic tensors	Strassen’s asymptotic rank conjecture	
TCS-7263	retained	Linear-time directed shortest paths with positive integer weights	Linear-time directed shortest paths with positive integer weights	
TCS-7264	retained	Single-exponential dependence on dimension for integer programming	Single-exponential dependence on dimension for integer programming	
TCS-7265	retained	Deterministic polynomial-time construction of a prime of a given bit length	Deterministic polynomial-time construction of a prime of a given bit length	
TCS-7266	retained	Constant-factor approximation for uniform Sparsest Cut	Constant-factor approximation for uniform Sparsest Cut	
TCS-7267	renamed	Do binary codes beat the Gilbert–Varshamov rate asymptotically?	Binary codes beyond the Gilbert–Varshamov bound	
TCS-7268	renamed	The inverse-polynomial-soundness sliding-scale PCP conjecture	Sliding-scale PCP conjecture	
TCS-7269	retained	Exponential multilinear-formula lower bounds for the permanent	Exponential multilinear-formula lower bounds for the permanent	
TCS-7270	renamed	Beat exhaustive search for satisfiability of linear-size Boolean circuits	Linear-size Circuit-SAT below exhaustive search	
TCS-7271	retained	Two-source extraction at log n plus constant entropy	Two-source extraction at log n plus constant entropy	
TCS-7272	renamed	Does noninteractive statistical zero knowledge equal SZK?	Noninteractive SZK versus SZK	
TCS-7273	renamed	A complete disjoint NP pair	Complete disjoint NP pairs	
TCS-7274	renamed	Do arbitrary one-way functions imply one-way functions in NC⁰?	One-way functions in NC⁰ from one-way functions	
TCS-7275	concurrently_deleted			Removed on 2026-09-12 in the user-authorized specify-or-delete review. The cited one-bit/share-length question does not justify the imported full-exponential normalized bound for every finite secret alphabet; the checked later information-ratio conjecture also uses a different exponent scale. Editorial removal of an incompletely specified benchmark, not a resolution claim. Saved source: https://eprint.iacr.org/2019/174.pdf. Additional source checked: https://d-nb.info/1367153867/34, Conjecture 2 and information-ratio definition.
TCS-7276	concurrently_revised	Average-case RSA inversion versus factoring for exponent 65537	Average-case RSA inversion versus factoring for exponent 65537	
TCS-7277	renamed	Does public-key encryption imply compact fully homomorphic encryption?	Fully homomorphic encryption from public-key encryption	
TCS-7278	concurrently_revised	Identity-based encryption from arbitrary public-key encryption	Identity-based encryption from arbitrary public-key encryption	
TCS-7279	concurrently_deleted			Removed on 2026-09-12 in the user-authorized specify-or-delete review. The succinct-argument proposal lacks an LWE parameter family, CRS dependence, soundness experiment and precise succinctness bound. Editorial removal of an incompletely specified benchmark, not a resolution claim. Saved source: https://eccc.weizmann.ac.il/report/2026/098/.
TCS-7280	concurrently_deleted			Removed on 2026-09-12 in the user-authorized specify-or-delete review. The LWE-to-permutation proposal does not choose its LWE parameters or indexed permutation domain, and the saved source poses a broader lattice question. Editorial removal of an incompletely specified benchmark, not a resolution claim. Saved source: https://simons.berkeley.edu/open-problems-cryptography-summer-2015.
TCS-7281	retained	Unconditional NP-hardness at the Goemans–Williamson Max-Cut threshold	Unconditional NP-hardness at the Goemans–Williamson Max-Cut threshold	
TCS-7282	renamed	A constant improvement over factor two for Vertex Cover	Vertex Cover approximation below factor two	
TCS-7283	retained	Superpolynomial semidefinite extension complexity of perfect matching	Superpolynomial semidefinite extension complexity of perfect matching	
TCS-7284	concurrently_deleted			Removed on 2026-09-12 in the user-authorized specify-or-delete review. The exact Hylland–Zeckhauser target still depends on unspecified minimum-expenditure tie rules and an unrecovered exact FIXP output/reduction contract. Editorial removal of an incompletely specified benchmark, not a resolution claim. Saved source: https://epubs.siam.org/doi/10.1137/23M157586X.
TCS-7285	concurrently_revised	Strongly explicit Ramanujan families for every degree	Strongly explicit Ramanujan families for every degree	
TCS-7286	renamed	Does continuous local search have polynomial-time algorithms?	CLS versus FP	
TCS-7287	retained	Square-root logarithmic approximation for metric labeling	Square-root logarithmic approximation for metric labeling	
TCS-7288	concurrently_revised	Constant adaptivity gap for influence maximization with full feedback	Constant adaptivity gap for influence maximization with full feedback	
TCS-7289	renamed	Hamiltonian paths in all connected vertex-transitive graphs	Lovász conjecture	
TCS-7290	renamed	The sunflower conjecture	Sunflower conjecture	
TCS-7292	retained	Polynomial-time recognition of the 3-sphere	Polynomial-time recognition of the 3-sphere	
TCS-7293	concurrently_revised	Distribution-free improper learning of two unrestricted halfspaces	Distribution-free improper learning of two unrestricted halfspaces	
TCS-7294	retained	Learning decision trees from uniform random examples in polynomial time	Learning decision trees from uniform random examples in polynomial time	
TCS-7295	concurrently_deleted			Removed on 2026-09-12 in the user-authorized specify-or-delete review. The Gaussian-mixture density request does not fix finite-precision sample access or the representation and evaluation cost of an improper density. Editorial removal of an incompletely specified benchmark, not a resolution claim. Saved source: https://people.csail.mit.edu/moitra/docs/mv.pdf.
TCS-7296	concurrently_deleted			Removed on 2026-09-12 in the user-authorized specify-or-delete review. The sparse robust-mean target leaves sample-precision costs, logarithmic factors and the joint error range/constant quantifiers unspecified. Editorial removal of an incompletely specified benchmark, not a resolution claim. Saved source: https://proceedings.mlr.press/v178/diakonikolas22e.html.
TCS-7297	retained	Polylogarithmic ℓ₁ distortion for edit distance	Polylogarithmic ℓ₁ distortion for edit distance	
TCS-7298	concurrently_revised	Constant-factor entrywise ℓ₁ rank-k approximation with variable k	Constant-factor entrywise ℓ₁ rank-k approximation with variable k	
TCS-7299	concurrently_deleted			Removed on 2026-09-12 in the user-authorized specify-or-delete review. The Permanent-of-Gaussians proposal does not give a complete Gaussian discretization and oracle-output accuracy/reduction contract for its stated bit model. Editorial removal of an incompletely specified benchmark, not a resolution claim. Saved source: https://arxiv.org/abs/1011.3245.
TCS-7300	concurrently_deleted			Removed on 2026-09-12 in the user-authorized specify-or-delete review. The stoquastic adiabatic simulation request lacks a complete Hamiltonian-path encoding, gap/derivative/initialization promises and sampling accuracy contract. Editorial removal of an incompletely specified benchmark, not a resolution claim. Saved source: https://journals.aps.org/prl/abstract/10.1103/PhysRevLett.125.170504.
TCS-7301	concurrently_deleted			Removed on 2026-09-12 in the user-authorized specify-or-delete review. The quantum-money implication leaves the LWE instance family and full minting, verification/reuse and counterfeiting experiments unspecified. Editorial removal of an incompletely specified benchmark, not a resolution claim. Saved source: https://arxiv.org/abs/2411.04482.
TCS-7302	concurrently_deleted			Removed on 2026-09-12 in the user-authorized specify-or-delete review. The asynchronous Byzantine bit bound does not fix corruption/erasure visibility, fairness, termination requirements or the suppressed logarithmic factors. Editorial removal of an incompletely specified benchmark, not a resolution claim. Saved source: https://drops.dagstuhl.de/entities/document/10.4230/LIPIcs.DISC.2025.1.
TCS-7303	concurrently_deleted			Removed on 2026-09-12 in the user-authorized specify-or-delete review. The crash-consensus target does not reconcile uniform constants near n/2 faults with its source model, stopping rule and message/computation cost conventions. Editorial removal of an incompletely specified benchmark, not a resolution claim. Saved source: https://link.springer.com/article/10.1007/s00446-017-0315-1.
TCS-7304	concurrently_deleted			Removed on 2026-09-12 in the user-authorized specify-or-delete review. The deterministic consensus hierarchy needs the refined consensus-number and object initialization/access definitions; the older hierarchy cannot be substituted. Editorial removal of an incompletely specified benchmark, not a resolution claim. Saved source: https://perso.telecom-paristech.fr/kuznetso/EFREI18-old/book.pdf.
TCS-7305	concurrently_deleted			Removed on 2026-09-12 in the user-authorized specify-or-delete review. The compact-routing proposal omits the joint weight/word/header/preprocessing conventions; its source’s normalized-diameter dependence cannot simply be suppressed in the weighted target. Editorial removal of an incompletely specified benchmark, not a resolution claim. Saved source: https://theory.stanford.edu/~virgi/cs267/papers/chechik-compactroute.pdf.
TCS-7306	concurrently_deleted			Removed on 2026-09-12 in the user-authorized specify-or-delete review. The continuous lambda-model proposal lacks the exact effective domain, reflexive operations and open-term equality convention needed for one theory-enumeration assertion. Editorial removal of an incompletely specified benchmark, not a resolution claim. Saved source: https://arxiv.org/abs/0806.2264.
TCS-7308	retained	Bell nonlocality from finitely many copies of every entangled state	Bell nonlocality from finitely many copies of every entangled state	
TCS-7309	retained	Decidability with two parametric clocks and arbitrarily many integer parameters	Decidability with two parametric clocks and arbitrarily many integer parameters	
TCS-7310	concurrently_revised	Unconditional decidability of exact time-bounded CTMDP reachability	Unconditional decidability of exact time-bounded CTMDP reachability	
TCS-7311	concurrently_deleted			Removed on 2026-09-12 in the user-authorized specify-or-delete review. The choiceless counting class is not specified by complete machine syntax, active-object accounting and polynomial-clock semantics in the card. Editorial removal of an incompletely specified benchmark, not a resolution claim. Saved source: https://arxiv.org/abs/math/9705225.
TCS-7312	retained	Fixed-parameter tractability of graph isomorphism by rank-width	Fixed-parameter tractability of graph isomorphism by rank-width	
TCS-7313	renamed	Does ETH imply Gap-ETH?	ETH versus Gap-ETH	
TCS-7314	renamed	Komlós conjecture: dimension-free vector balancing	Komlós conjecture	
TCS-7315	renamed	Beck–Fiala conjecture: square-root discrepancy in set systems	Beck–Fiala conjecture	
TCS-7316	renamed	A constant-competitive algorithm for the general matroid secretary problem	Matroid secretary conjecture	
TCS-7317	renamed	A polylogarithmic randomized competitive ratio for k-server on every metric	Polylogarithmic randomized competitiveness for k-server	
TCS-7318	retained	Constant-factor approximation for Dasgupta’s hierarchical clustering objective	Constant-factor approximation for Dasgupta’s hierarchical clustering objective	
TCS-7319	renamed	The minimax rate of sequential binary calibration	Minimax rate of sequential binary calibration	
TCS-7320	renamed	Are all Boolean log-supermodular counting CSPs #BIS-easy?	#BIS-easiness of Boolean log-supermodular counting CSPs	
TCS-7321	retained	P_R versus NP_R in the Blum–Shub–Smale model	P_R versus NP_R in the Blum–Shub–Smale model	
TCS-7322	renamed	A polynomial-time 2-approximation for shortest common superstring	Polynomial-time 2-approximation for shortest common superstring	
TCS-7323	concurrently_deleted			Removed on 2026-09-12 in the user-authorized specify-or-delete review. The PIR implication does not fix a joint security/database-length regime or exact nontrivial communication threshold; stronger sublinear-power bounds would be a different claim. Editorial removal of an incompletely specified benchmark, not a resolution claim. Saved source: https://www.iacr.org/archive/eurocrypt2000/1807/18070122-new.pdf.
TCS-7324	concurrently_deleted			Removed on 2026-09-12 in the user-authorized specify-or-delete review. The offline ORAM question has no complete joint word/space/sequence/privacy model, so online or indivisible-data lower bounds cannot supply the missing target. Editorial removal of an incompletely specified benchmark, not a resolution claim. Saved source: https://www.wisdom.weizmann.ac.il/~naor/PAPERS/oram_lower.pdf.
TCS-7325	concurrently_deleted			Removed on 2026-09-12 in the user-authorized specify-or-delete review. The stochastic Bellman-completeness claim lacks state/feature encoding and computation costs, the closure domain and terminal conventions. Editorial removal of an incompletely specified benchmark, not a resolution claim. Saved source: https://arxiv.org/abs/2603.23461.
