review_order	id	title	area	confidence	type	action	retain_id	scope_alignment_required	reason	sha256
1	TCS-0126	Parity language	Computational complexity	high	method_specific	propose_removal		False	The parity-subset compatibility property under thinning is a technical combinatorial ingredient for shallow-circuit arguments. Keep the underlying circuit and regular-language lower-bound questions.	9ecce273a69654e670e765f3ec1844865ef4d26311bcf0b48f31a5a51100e5b8
2	TCS-0194	Maximum entropy versus the Copy lemma	Coding and information theory	high	method_specific	propose_removal		False	Comparing the maximum-entropy method with the Copy lemma concerns the relative power of two proof frameworks. The entropy-cone and information-inequality validity targets themselves provide broader coverage.	81323334128754876203d7251cf8427edea9d0133046c61652c28b68a6656e4e
3	TCS-0423	Efficient algorithms for multiparameter persistence	Computational geometry and metric spaces	high	method_specific	propose_removal		False	The concrete target is preventing sparse-matrix fill-in during a particular persistence basis-change procedure. The broad title overstates its scope; general multiparameter-persistence complexity is a stronger representative.	5cb625abc649ec266a19682d6ecb77d54e209157c6c402413e7fb31d9ed2d00c
4	TCS-0866	Learning Quantum Circuits with Queries	Quantum computation	high	model_variant	propose_removal		False	Quantum-circuit learning through value-injection queries uses a specialized intervention interface motivated by a classical test-path method. General quantum learnability and information-access barriers take priority.	23410ceccb7d82fffa5242292442b42a1ecc8086ccf6afa13e63e7804d761b7a
5	TCS-0959	RNA Folding	Distributed, parallel and sublinear algorithms	high	model_variant	propose_removal		False	Approximating simplified RNA folding with polylogarithmic streaming memory combines one application model with a severe access restriction. Core sequence-comparison and general streaming barriers take priority.	9de3c1fb732970a2ea965a7265621ad0d22e297ff4fe71fee90f506a77d9e64e
6	TCS-1039	Explicit superlinear in-place XOR lower bounds	Computational complexity	high	model_variant	propose_removal		False	Superlinear lower bounds for in-place XOR updates add a fixed-register restriction to explicit linear-circuit complexity. The unrestricted explicit linear-map lower bounds are broader representatives.	0b768afc8e59b2a33b72968a696a2d2772b2411bfa54b1e2544a68b34e7289b5
7	TCS-1144	Superlinear spiky rank for Inner Product or Disjointness	Computational complexity	high	method_specific	propose_removal		False	Superlinear spiky rank for Inner Product or Disjointness tests one newly introduced lower-bound measure. Prefer the main rigidity, circuit and communication barriers to an additional measure-specific witness target.	23282ae14480ebb2d5465d23b3e880b0d4fea6da9363a84b21d8ef61666864e6
8	TCS-1157	Relative smartness of distribution-free ERM	Learning theory	high	method_specific	propose_removal		False	Whether ERM achieves the source's relative-smartness benchmark is a follow-up about a preferred learner after another learner establishes feasibility. The general learnability and instance-optimality targets take priority.	380c32043b995b5df03543a899b1adad7fd518b0e39d59de4751cf354fd13ed2
9	TCS-1234	Pass–space tradeoffs for exact streaming histograms	Distributed, parallel and sublinear algorithms	high	quantitative_refinement	propose_removal		False	The remaining exact-histogram pass-space tradeoff distinguishes closely spaced iterated-logarithm bounds. Prefer larger qualitative streaming memory and pass barriers.	49fe032e3501b3bcc9ae046f4d68d14d37127a9b88d6bae28897a100e3fee5b6
10	TCS-1424	Simulating formulas by bounded-width algebraic branching programs	Algebraic computation	high	model_variant	propose_removal		False	Bounded-width formula simulation over two min-plus semirings adds a specialized representation comparison alongside the broader circuit, formula and branching-program separations.	fe9f4e059313e90ff83e64dea6d72ab518ecdb527e51e5641550d8940fdb365c
11	TCS-1444	Improving the MRRW bound	Coding and information theory	high	method_specific	propose_removal		False	The saved target specifically asks for choices in a higher-order Delsarte framework that improve MRRW. Retain the general rate-distance bound questions; this proposal makes no new claim about their current best bounds.	eee2416bd8e998baf4fd7c9b561a1213dcfbae1ec648eb731a82799db269c354
12	TCS-1670	Strictness of the plane-walking alternation hierarchy	Automata and formal languages	high	model_variant	propose_removal		False	Strictness at every alternation level concerns plane-walking automata on two-dimensional subshifts, a specialized computation model. The saved motivation establishes an internal hierarchy rather than wider computational consequences.	54ffc4d6b0199201794c77c07260e24a5d8261dd01848fa4421fc1ea9c3b6713
13	TCS-1784	Deterministic local broadcast beyond the Δ log n lower bound	Distributed, parallel and sublinear algorithms	high	model_variant	propose_removal		False	Improving the Delta log n lower bound for deterministic beeping local broadcast is a model-specific collision-resolution gap. Broader broadcast and distributed communication barriers take priority.	c0939d21c5fa19cb819f1313020d86c93a73bc21f5a7ac3452df43246b5142a1
14	TCS-1823	Shallow decision trees for finding influential coordinates	Communication complexity and Boolean function analysis	high	method_specific	propose_removal		False	A shallow tree that locates influential coordinates under restrictions is a particular proposed route to the Aaronson–Ambainis conjecture. Retain that conjecture before a separate card for this search subproblem.	4179df214adef7e115ba966cf1697b8ea5ff8a99dd65fe0759981515cd5f1996
15	TCS-2010	Exponential permanent lower bounds from the τ-conjecture	Algebraic computation	high	method_specific	propose_removal		False	An exponential permanent lower bound conditional on a particular tau conjecture is a quantitative consequence of one conjectural route; retain the tau conjecture and the permanent lower-bound targets themselves.	e7bfe9f5972286f67681b2c2b5e8fc635bbd4c52fa4c4e53b6e398586eb01b7b
16	TCS-2356	Complexity of three-manifold treewidth	Computational geometry and metric spaces	high	consolidation	consolidate_then_remove	TCS-0331	False	The invariant minimizes dual-graph treewidth over all triangulations, the same general complexity target already covered by TCS-0331. Preserve the JSJ-decomposition reference there.	81ee1c58748c8445df4eebddf80e1c0af60131534187767d90190f80cb3139a1
17	TCS-2371	Growing Ramanujan graphs with bounded edge updates	Structural graph theory	high	construction_variant	propose_removal		False	Growing exact Ramanujan graphs with only constantly many edge changes adds bounded rewiring to an already demanding spectral target. The source achieves every positive slack; general explicit Ramanujan construction takes priority.	d8c377898383b064a7e656e293a7f0f40b6b38fbe9082d0f262f88b49b81c69f
18	TCS-2644	Deterministic NP-oracle range avoidance at near-linear stretch	Pseudorandomness and derandomization	high	model_variant	propose_removal		False	Deterministic NP-oracle avoidance at locality three and near-linear stretch adds several resource restrictions to the range-avoidance cluster. Prefer its general computational and explicit-construction barriers.	946819edb9d9eb90bc923e20d4f14881e57403640f0a4e30bb26e8e9d462a9e9
19	TCS-2824	Truth-table reconstruction of intuitionistic connectives	Semantics, logic and verification	high	method_specific	propose_removal		False	The syntactic sufficient condition for reconstructing intuitionistic connectives concerns one truth-table-to-proof-rule procedure. More general constructive semantics and proof-system barriers take priority.	f0981b2124ebc7c2175129d48ab9e63f8a53b9a9298c2507e8262ac35eeefb25
20	TCS-3007	Maximal rational rigidity despite a quadratic-field diagonal correction	Algebraic computation	high	construction_variant	propose_removal		False	The quadratic rational rigidity target is restricted to matrices admitting a particular quadratic-field diagonal correction. Its extreme field separation is interesting, but the construction-specific target is lower priority than general explicit rigidity.	ba0dc598670dc13940ae80fcdf935c20f4b12b377b70b5a46cedbc147f9fb827
21	TCS-3095	Complexity of unordered width-three CNF games	Computational complexity	high	model_variant	propose_removal		False	The exact width-three threshold for unordered CNF games is a clause-width classification inside a specialized strategic assignment model. Its saved reach is narrower than the general game-solving barriers.	0d5bb72b7b6a5f07d611841cd62661b3a1c41a923c8ec20086b988c27a7d2358
22	TCS-3317	Logspace-completeness of the Grigorchuk word problem	Algebraic computation	high	specialized_target	propose_removal		False	Locating the word problem of the single Grigorchuk group exactly at LOGSPACE is a fine classification within algorithmic group theory rather than a broad solvability barrier.	34d8b8121dc0741f467006ae09e745d88c2168e25d47e8999543fe45917afab0
23	TCS-3324	Tarski’s exponential function problem	Semantics, logic and verification	high	consolidation	consolidate_then_remove	TCS-7230	False	Decidability of the real exponential field is stated explicitly in TCS-7230. Preserve the weighted-automaton application reference there and remove the redundant occurrence.	c798f61d53ae7b372c5ef9ecf81c3c24a7ec26a49ca0f17f31c22068d1739f46
24	TCS-3332	Finite approximations for accessible completely iterative algebras	Semantics, logic and verification	high	model_variant	propose_removal		False	Extending a finite-approximation theorem from finitary to accessible set functors concerns a specialized categorical semantics framework. Its saved rationale gives limited independent computational consequences.	f1a06d62fe17b12dd35d140ba267c3dcc88df6683aaed48590ed478ff2ce588e
25	TCS-3484	Word-equation satisfiability in NP	Automated reasoning and unification	high	consolidation	consolidate_then_remove	TCS-0163	False	This repeats the NP-membership frontier of ordinary word-equation satisfiability represented by TCS-0163. Consolidation must retain the plain-equation convention and must not add regular constraints or inversion.	c04fdbc68f9d02e0d2f64e903771ce08edbd6096cc5ad871ef55e7c5aa405b8f
26	TCS-3617	Small deterministic parsimonious universal families	Pseudorandomness and derandomization	high	construction_variant	propose_removal		False	Reducing the leading size base of parsimonious universal families focuses on balanced set pairs and controlled multiplicities for one approximate-counting construction. Broader explicit randomness tools take priority.	11874f919039035921822b6ebe1356b17c7bac324fc0a9f9c9d9191d21b5f0de
27	TCS-3731	Inseparable degree in algebraic-independence testing	Algebraic computation	high	method_specific	propose_removal		False	The question asks how essential inseparable degree is to an algebraic-independence testing method. Its saved significance remains a dependency of that algorithmic framework rather than an independent major target.	1fc0edf3591fa76d0510933d00e46f3ddc41ba814bd295db2b17065ba1fcaffe
28	TCS-3745	Approximation of parameterized Set Cover in n^(k−ε) time	Parameterized and exact algorithms	high	quantitative_refinement	propose_removal		False	Approximation at an n^(k−epsilon) Set Cover budget focuses on an almost-exhaustive parameterized running-time slice. Retain the main Set Cover approximability and parameterized-hardness questions.	7a66df3d554c14d0b9af0c5b55b55d7fab6108d7406ad8fd7b1feefa3143ef97
29	TCS-3788	Randomized partitioning data structures	Data structures	high	method_specific	propose_removal		False	Randomized acceleration of partitioning is an internal route to faster approximate ordered-set operations. Retain the principal data-structure performance targets rather than this specific implementation primitive.	3792e885a3f1e7bbe9b19749f7cbc411ada5b11ab5c1f54b9fdc27e68da0d5d3
30	TCS-3866	Polynomial slide distances between graphs of groups	Algebraic computation	high	method_specific	propose_removal		False	Polynomial slide distance concerns certificates obtained through one transformation system for graphs of groups. Prefer the underlying isomorphism problems over a separate bound for this particular witness mechanism.	f4572993f44d95fcbcde32406c369ceb7958934881dd45e6659526c8041ab55e
31	TCS-3867	Polynomial-time black-box cost-sharing reductions	Algorithmic game theory, mechanism design and fair division	high	method_specific	propose_removal		False	Polynomial running time for the source's separable cost-sharing black-box reduction evaluates one transformation procedure rather than the intrinsic possibility of efficient truthful mechanisms.	695aeadafc856429577183382edddedcd1133b3596ce8cda701362157635eef4
32	TCS-3878	Logarithmic randomized competitiveness of convex matching with delays	Online algorithms	high	model_variant	propose_removal		False	Logarithmic randomized competitiveness for matching with convex delays on a uniform metric combines a specific impatience model with a restricted geometry. Broader matching-with-delay and online metric barriers take priority.	0bd64187f81f283c17018b19ef0fecec3ab5bf2728e708fa4d77e25977be291c
33	TCS-3904	Propositional resizing in cubical assemblies	Semantics, logic and verification	high	model_variant	propose_removal		False	Propositional resizing specifically in predicative universes of cubical assemblies is a consistency property of one semantic construction. General computational univalence and type-theory foundations remain represented.	ad995504ba591dabae14dd579a5a5570a74ff845361cf446fba6fd4c5614ebf9
34	TCS-3928	Greedy versus bit-optimal LZ77 over arbitrary alphabets	String algorithms and bioinformatics	high	quantitative_refinement	propose_removal		False	The joint n,z,alphabet-size gap between greedy and bit-optimal LZ77 refines a particular encoding comparison. General compression approximation and information limits have broader coverage.	add9cf4da28a6f4ab236014292a0bd4104805f10f39d10ba0cf2c9bc1b574296
35	TCS-3961	Hardness of orthogonal-matrix permanents modulo primes	Counting and enumeration	high	model_variant	propose_removal		False	Permanent hardness simultaneously restricted to orthogonal matrices and prime modular arithmetic adds a specialized algebraic input regime. General counting and permanent barriers are stronger representatives.	d19dfde710859e0f970557617772af44afc400932c17c3c75085b5a21539e815
36	TCS-4003	Prover complexity of public-coin pseudodeterministic proofs	Pseudorandomness and derandomization	high	model_variant	propose_removal		False	Prover complexity for the public-coin version of pseudodeterministic proofs adds a protocol-convention question to a particular canonical-output framework.	e2dbee021470d302a22f72d1fb45e8e231d982247c97fb657d6a10ab0dcba881
37	TCS-4009	Decidability of balance in integer circuits	Computability and algorithmic information	high	model_variant	propose_removal		False	Undecidability of balance for selected integer-circuit operation sets classifies a specialized set-arithmetic model. Broader arithmetic and recurrence decision problems are stronger representatives.	9bc74d238821baa653971b210c85f4dff29fcffaf918e64801a1acd0427bd304
38	TCS-4031	Quasipolynomial AC⁰ self-learning	Learning theory	high	model_variant	propose_removal		False	Quasipolynomial self-learning by AC0 circuits constrains both targets and learners to the same shallow model. General efficient learnability of circuit classes has broader marginal coverage.	83aec30c0e7d209df3cde6ddad26155ca8a2d0ed7ab8e1254599fd749d23934d
39	TCS-4076	Simulating monotone real circuits with MLP gates	Computational complexity	high	model_variant	propose_removal		False	Polynomial simulation of monotone real circuits by MLP gates compares two specialized gate semantics. The saved motivation gives less independent reach than the principal monotone and unrestricted circuit targets.	22a7c7ad97023d81812ce0c5bc17f2e128abb4bfa0d6af804c6012153b85fbfe
40	TCS-4078	Finite memory for infinite-horizon optimal paths	Semantics, logic and verification	high	model_variant	propose_removal		False	Finite memory for a robot collecting expiring stochastic rewards concerns a particular reward-generation and routing model. General policy-memory and stochastic-control barriers have broader coverage.	86bfbf9655b6f564a126d7ba710e6d4b64d38d26434756380d1f2fcca5db4c0a
41	TCS-4084	Unbounded-round hardness of INBA in M2	Communication complexity and Boolean function analysis	high	method_specific	propose_removal		False	Unbounded-round hardness of the source-defined INBA problem in M2 is an intermediate lower-bound target for a direct-sum programme. Prefer the general direct-sum questions over another framework-specific witness problem.	94b817b64199ca56e7962980e559a90335de9461bb767f39a41da63a59f8142f
42	TCS-4138	Properness of coalgebraic functors on convex sets	Semantics, logic and verification	high	model_variant	propose_removal		False	Properness of specific coalgebraic functors on convex sets tests a technical condition for one rational-fixed-point framework. General behavioral equivalence and probabilistic verification barriers take priority.	e7f4e4e4365e8afdecf8acbc30e94808464b70e134ef1bdec29e4946e3e398ec
43	TCS-4151	Rational versus real strategies in flow games	Algorithmic game theory, mechanism design and fair division	high	model_variant	propose_removal		False	Rational sufficiency for strategies in the source's flow game adds a numerical-representation distinction inside one specialized game model, without a demonstrated wider computational consequence.	ea6789c5b361c89fa94157af3ec3e4091d69d2f967949178056fa4f9af8d4c25
44	TCS-4187	Polynomial-calculus lower bounds for roots-of-unity 3-coloring	Proof complexity	high	construction_variant	propose_removal		False	Polynomial-calculus lower bounds for graph coloring specifically in the roots-of-unity encoding are an encoding-sensitive version of algebraic proof hardness. Prefer broader proof-system lower bounds.	c90f7e96357ee08db5373fac2db0601925ce8631b195c33c91a48fca9d43d1a6
45	TCS-4205	Invariant versus unrestricted bounded-depth formulas	Computational complexity	high	model_variant	propose_removal		False	Imposing syntactic subspace invariance at fixed formula depth creates an additional symmetry restriction. Its maximal overhead is lower priority than the underlying unrestricted formula lower-bound questions.	4f2e174a9d4d3ece2b856a612f00c32b7ad81293383cf06cb5ac747f559b5da4
46	TCS-4208	Truly subquadratic LCWIS over fixed alphabets	String algorithms and bioinformatics	high	model_variant	propose_removal		False	Truly subquadratic longest common weakly increasing subsequence for each fixed alphabet adds both monotonicity and alphabet restrictions to sequence comparison. Core edit and subsequence barriers take priority.	d33bb68b529a2609a97270411cba068377e00acf8e09f1c5c2e0f20723766844
47	TCS-4210	Packet traversal time in compact routing	Distributed, parallel and sublinear algorithms	high	method_specific	propose_removal		False	The selected question adds packet-processing time to the source's compact geometric routing framework. It concerns making one representation operationally efficient rather than a separately selected general routing barrier.	7c6f077bfae4de255ed900a2eb0a11bd72c0651225fa6243a78989f07b8453c2
48	TCS-4251	Decidability for nilpotent group pseudovarieties	Automata and formal languages	high	model_variant	propose_removal		False	Deciding transducer continuity specifically for nilpotent-group language varieties isolates one algebraic subclass of a specialized continuity framework. The general language-definability barriers are stronger representatives.	24bbaa9d2a804d95cb688d866bd5547b9dd71a2eac1e83c172798ae028a85c81
49	TCS-4288	F₁ versus FO² succinctness over words	Automata and formal languages	high	model_variant	propose_removal		False	The succinctness comparison between F1 and FO2 over words is a restricted syntactic representation question after their expressive powers coincide. Its saved motivation does not show broader consequences beyond that comparison.	b2e792273d0479a0b980f55324ee6498302670b9ebb338685a88fc6af48a6381
50	TCS-4318	Explicit quadratic dispersers at near-full entropy	Pseudorandomness and derandomization	high	construction_variant	propose_removal		False	The requested quadratic F2 disperser at r=n−o(n) is a particular construction ingredient for a circuit/#SAT framework. General extraction and circuit lower-bound targets are stronger representatives.	20abc18c41a4e8d30fac339c47aa050c10ce70fb608ec948694411f122c5e7eb
51	TCS-4330	Density bounds in Karchmer–Raz–Wigderson communication arguments	Communication complexity and Boolean function analysis	high	method_specific	propose_removal		False	The density conjecture for X inside X0 concerns a technical step in a particular approach to KRW composition. The main composition conjecture is the stronger representative for the reduced catalogue.	168edf19bf12920591c4a5d926e4cc8bd183cc35943e309221e2fedb50413473
52	TCS-4412	Gate-elimination lower bounds for linear maps	Computational complexity	high	method_specific	propose_removal		False	The target asks what gate elimination can prove for linear maps. Retain explicit linear-map circuit lower bounds themselves before this separate limitation-or-success question for one proof method.	f841ce6f3b4a8d0d8af344e502763574fe5daa172516aa35a5824b98ee3c825e
53	TCS-4503	Decidability of Wadge comparisons for tree automata	Automata and formal languages	high	construction_variant	propose_removal		False	Effective Wadge comparisons against the source's ordinal-indexed family of unambiguous tree automata concern one constructed hierarchy. Prefer the broader decidability and definability questions for tree languages.	8fc19aaa143b1b1fdf3ce0c68e2f62f713a8d421949bc33f7c769c91e19525e7
54	TCS-4519	Axiom strength of inductive inference	Computability and algorithmic information	high	method_specific	propose_removal		False	Removing an extra axiom requirement from the source's inductive-inference arguments concerns the strength of a particular proof. General learning and computability principles take priority over this follow-up.	231189241c57906766d2c318074a318af2ba1d93fe348774514125e0e9c008ec
55	TCS-4564	Univalent presheaf models of cubical type theory	Semantics, logic and verification	high	construction_variant	propose_removal		False	A univalent presheaf model for the proposed interval-free cubical type theory is a foundation for one alternative formalism. General computational type-theory and univalence questions take priority.	81392718d6ac3af08c2765f2abd37ac58d9ca67484b2d4ba00a780ee3b8379a4
56	TCS-4577	Skolem problem	Semantics, logic and verification	high	consolidation	consolidate_then_remove	TCS-5773	False	This is another occurrence of the unrestricted Skolem decision problem already specified in TCS-5773. Preserve the nonterminating-process information-leakage reference there.	84d7f1c0fe2cb2d0f338c41f79937678ef19094701f13f02b6289a192a6b85ea
57	TCS-4582	Complexity of robust appointment scheduling	Online algorithms	high	specialized_target	propose_removal		False	Joint robust appointment timing and ordering is a specialized scheduling model whose saved motivation has limited wider theoretical consequences compared with the principal scheduling objectives.	2637835be058620cb171b3efb6574670d7cb9b26815b224af433e0e92dd441eb
58	TCS-4599	Blanket time of local-search load balancing	Randomized algorithms and sampling	high	model_variant	propose_removal		False	Blanket time for local-search balls-into-bins on vertex-transitive graphs combines one allocation dynamics, one graph symmetry and one load-uniformity criterion. Broader random-walk and load-balancing barriers take priority.	cd6e88fbf7961788d8fd83c35e36a880ce36674a395bd82bd5f62a16ddb16dee
59	TCS-4666	Smoothed Pareto lower bounds for arbitrary feasible sets	Beyond worst-case and average-case analysis	high	method_specific	propose_removal		False	Extending the paper's Pareto lower bounds to every sufficiently large feasible set generalizes one construction-based result. Its saved significance remains a follow-up to that bound rather than a broad computational barrier.	a9ebb821c114cca54e304891d079b7da8f6c97b9120235dfb229990c937c94fa
60	TCS-4696	Succinct quantum arguments from Quantum Merkle trees	Quantum computation	high	method_specific	propose_removal		False	Succinct noninteractive local-Hamiltonian arguments specifically through Quantum Merkle trees ask for one construction route. Retain the broader succinct quantum-verification targets.	baf0b699ea6248bc2580fd435172e490d77e0891fc815354efe83fafbfeb7d90
61	TCS-4972	Learning decision trees from uniform examples	Learning theory	high	consolidation	consolidate_then_remove	TCS-7294	False	Learning polynomial-size decision trees from uniform random labeled examples is already stated explicitly in TCS-7294. Preserve the backdoor-defense reference and the distinction from membership-query learning there.	612b7e3196cc84904afb8dbfd171353f3aa1e9ac84d6eb6c45159271ce186220
62	TCS-5034	Computability of graph Shannon capacity	Coding and information theory	high	consolidation	consolidate_then_remove	TCS-7215	False	This is the same computability question for graph Shannon capacity stated precisely in TCS-7215. Transfer the additional reference to that card and remove the redundant occurrence.	fd6138e42ef0c12337cdd446248887afa762e20514d522b26d5b6022034c3049
63	TCS-5118	Optimality of Majority-of-Three learning	Learning theory	high	method_specific	propose_removal		False	Optimality of Majority-of-Three for every confidence level is about one simple ERM-combination procedure after optimal general learning rates are available. Its simplicity is appealing, but the algorithm-analysis follow-up has lower priority.	433183f5d8dbd895e137c20ff40db72338ce15c576199f8a0d4db11889c340d6
64	TCS-5170	Using output labels in dihedral hidden subgroup algorithms	Quantum computation	high	method_specific	propose_removal		False	Using otherwise unstructured output labels in dihedral hidden-subgroup algorithms tests whether a particular discarded data source helps. Retain the hidden-subgroup algorithmic target itself.	64eaca72c08123b1af9fffa86362de1470eb44e8f2cf42ba648875cb831e3e75
65	TCS-5182	Square-root competitive ratio for online metric tours	Online algorithms	high	model_variant	propose_removal		False	Online metric tours defined by irreversible placement into a fixed-size array impose a particular packing-and-ordering convention. The general online routing and matching barriers provide broader coverage.	34e8697dbe3884d04d1969140cdf39d74334c4291afc99a2c9b0e44e2562fb7a
66	TCS-5236	Noninteractive private parity learning in the multiserver model	Differential privacy	high	model_variant	propose_removal		False	Parity learning simultaneously constrained to noninteraction, multiple servers and computational differential privacy is a narrow escape case for one protocol framework. General private-learning and privacy-model separations provide broader coverage.	f3d6cc3935cb6521a2e8ea393e7691a38982b045194b133e349b32a13d1c0f77
67	TCS-5246	Graph isomorphism in polynomial time	Computational complexity	high	consolidation	consolidate_then_remove	TCS-7222	False	The selected passage asks ordinary graph isomorphism in polynomial time, already represented by TCS-7222. Preserve its refinement-hierarchy reference in that card.	bf6ece29e5e1b8d1cb4b5987a4f55bb04250b4cd8d943f3cef3a153c0e7e3802
68	TCS-5312	NP-hardness of Minimum Circuit Size	Computational complexity	high	consolidation	consolidate_then_remove	TCS-4786	False	The NP-hardness question for ordinary truth-table MCSP is already part of TCS-4786. Preserve this paper's total-versus-partial circuit-extension context in the retained card.	175d5241a5f67df75aa2b7ad55681cd6ff0275a96d6e3066ca0973eae15f5589
69	TCS-5314	Word-equation satisfiability in NP	Automated reasoning and unification	high	consolidation	consolidate_then_remove	TCS-0163	False	This is another statement of ordinary word-equation satisfiability in NP. Preserve the explicit NP frontier and this source under the general complexity card TCS-0163.	60225b15a70951de50f1843097306c9a6bed7aa980ac7b528d72810a253cf5fd
70	TCS-5329	Superlinear bivariate noncommutative circuit lower bounds	Algebraic computation	high	model_variant	propose_removal		False	The target simultaneously fixes two noncommuting variables and homogeneous circuits, seeking a superlinear degree bound. Retain unrestricted noncommutative lower bounds before this narrower model threshold.	c3cfd50cd95589d8e65b41409492473d9f82d25975282d61c900bc1e503a89b1
71	TCS-5453	Subexponential UP from average-case NP tractability	Beyond worst-case and average-case analysis	high	consolidation	consolidate_then_remove	TCS-2680	False	This source pointer and TCS-2680 refer to the same paper and page containing the heuristic-average-case implication for UP. Retain the explicit conjecture in TCS-2680 and combine the references.	ebfaa64ee12bc99d264ae41c38e0124f6bc62c4973b1c1fec41682385cd37c22
72	TCS-5501	NP-hardness of Minimum Circuit Size	Computational complexity	high	consolidation	consolidate_then_remove	TCS-4786	False	This repeats the NP-hardness frontier for ordinary MCSP represented by TCS-4786. Transfer the sums-of-squares reference without confusing restricted-method lower bounds with NP-hardness.	b4a17d88c946e010132c41adc1297b71fb090f24d696fa251082738ad014f7ef
73	TCS-5617	Complete problems for modular total-search classes	Computational complexity	high	bundled_direction	propose_removal		False	The selected passage proposes PPAq-completeness for several unspecified additional natural problems. It is a programme of classifications rather than one chosen major total-search target.	677c9fc28e92276d2f9fe04a294f9b00480d8cc710a2f7678465a1f7d2556c5c
74	TCS-5711	Sparse polynomial approximation of OR-of-SUM functions	Communication complexity and Boolean function analysis	high	construction_variant	propose_removal		False	Sparse polynomial representations of the source's OR-of-SUM family are a particular algebraic simulation challenge. Retain broader circuit representation and lower-bound targets before this family-specific construction.	d0cd1291e5135559ed51e88ddbd633516eb0f84d796e665518e033ed524c7b6f
75	TCS-5737	Word problem for the S-combinator	Semantics, logic and verification	high	consolidation	consolidate_then_remove	TCS-0913	False	Weak convertibility for closed S-only combinator terms is the word problem already covered by TCS-0913. Preserve the normalization and infinite-tree-semantics context from this source.	46b7a843e70bd8966120862a499c8157ad3d41f7bfe799724d4f278b05af1508
76	TCS-5770	Erdős girth conjecture	Structural graph theory	high	consolidation	consolidate_then_remove	TCS-2783	False	This is the introductory girth-conjecture occurrence from the same routing paper used by the precise TCS-2783. Consolidate there; do not collapse TCS-2783 with TCS-6500 without checking their different girth and graph-size quantifiers.	48e03d3a3c7ea9a81a33b7c3ce8075f9356a1f96a10ff0edfbe3fd2e8ad9dcbe
77	TCS-5845	Complexity of planar treewidth	Algorithms & data structures	high	consolidation	consolidate_then_remove	TCS-0771	False	The saved target is exact treewidth on planar graphs, also represented by TCS-0771. Consolidate this occurrence and preserve its potential-maximal-clique reference there.	f7c01dd2dcdef00602478a431951831955ba2dc17cffef0ad191dd9c0b95a3c5
78	TCS-5926	Complexity of planar treewidth	Algorithms & data structures	high	consolidation	consolidate_then_remove	TCS-0771	False	The saved target is exact treewidth on planar graphs, also represented by TCS-0771. Preserve this paper's cubic-graph hardness context in the retained card rather than keeping another occurrence of the planar question.	626ad57bfed57aad8d2ac005b8d1ebe1a8a28787267559e25a8e118a31aae067
79	TCS-6324	Time complexity of leaderless population protocols	Distributed, parallel and sublinear algorithms	high	model_variant	propose_removal		False	Optimal leaderless-protocol time for eventually natural-linear functions and eventually constant predicates classifies exceptional cases outside the source's main theorem. Its scope is narrower than the general stable-computation barriers.	8ec9ffd4c272749eea2a6f40d8f7a1c481de5690e921a9bf6064720b7ec91237
80	TCS-6497	Fast single-exponential constant-factor treewidth approximation	Parameterized and exact algorithms	high	quantitative_refinement	propose_removal		False	The source already achieves a single-exponential constant-factor treewidth approximation; its remaining question is a smaller exponential base. Do not retain a second card whose title can suggest the broader existence question is still open.	7456b47bc64fb43c51aa19a31da986b06e9fb4d6ad5ef2fc1ea8cb5a81d90aef
81	TCS-6755	Optimal leading constant for Boolean k-CSP approximation	Approximation algorithms and hardness of approximation	high	quantitative_refinement	propose_removal		False	The leading coefficient in the optimal Boolean k-CSP approximation scale refines an already established quantitative regime. Prefer qualitative approximability classifications and larger unresolved approximation gaps.	810f60e6e6031224b02736466054fb23fb7db29d957d5679c00bcf0a45f1d1a9
82	TCS-6961	Equilibrium efficiency in connection and cost-sharing games	Algorithmic game theory, mechanism design and fair division	high	bundled_direction	propose_removal		False	The saved target combines undirected connection and generalized cost-sharing games without choosing an equilibrium-efficiency measure. More importantly for selection, it is a cluster of model-specific bound questions rather than one major shared proposition.	a503ccf477ce4bfc5dadf51d535989b6fbe18bc5977d1f270a76f0a8e9356dd9
83	TCS-7132	Prime implicates versus explicit model enumeration	Computational complexity	high	model_variant	propose_removal		False	Prime-implicate size relative to explicit model enumeration compares two exhaustive descriptions. Its saved significance is narrower than the principal succinct-circuit representation barriers.	7af49bd23d350ad1ce94d63b5b1d9f35f48f9605a2034da7cb826f8b404af07d
84	TCS-7135	Polynomial-time negation of deterministic DNNF	Automated reasoning and unification	high	consolidation	consolidate_then_remove	TCS-0306	False	Polynomial-time negation of deterministic DNNF is already represented by TCS-0306. Transfer the survey reference and its smooth-variant note; retain the separate nonconstructive polynomial-size question TCS-7260.	04fa84f4276b46091c1cb898c77fa673f531406701ce5317b3ca2410bb1c63fe
85	TCS-0028	Injective quantum oracles: standard versus erasing access	Quantum computation	medium	model_variant	propose_removal		False	Standard versus erasing access for injective quantum oracles isolates an interface convention. Its saved consequences are narrower than the principal quantum-query and computational-power separations.	3b63758b154a3b1f26ef76885b943ff399fe6366a55e14be1f6f6fc1927c8a30
86	TCS-0042	Computing stable images of free-group endomorphisms	Algebraic computation	medium	specialized_target	propose_removal		False	Computing the stable image of a free-group endomorphism is a particular infinitary subgroup operation; the saved motivation does not establish consequences comparable to the retained general word, conjugacy and isomorphism barriers.	367d63c4e6c2441221323bbe32edc9149e5e4b5d69654ba1cc6d22d60b79984d
87	TCS-0064	Condorcet outcome for m independent binary issues	Algorithmic game theory, mechanism design and fair division	medium	model_variant	propose_removal		False	The saved problem isolates Condorcet outcomes for independent binary issues. Its source-specific preference structure has less demonstrated reach than the retained general distortion and implementability questions.	69f84c0f10562ca8f77a76843ff80a32a36f1445019a5caf747fe3a379d49026
88	TCS-0068	AC0 on trees	Computational complexity	medium	model_variant	propose_removal		False	The proposed AC0 characterization uses circuits indexed by individual unlabeled tree shapes. This adds a specialized nonuniform indexing convention beyond the principal circuit-versus-logic classifications.	8e9cfd19359db0dc81e051e5ec0475c9c4855d11c78403a6a59e01c053b79fd1
89	TCS-0094	Uniform versus arbitrary stochastic resolvers	Automata and formal languages	medium	model_variant	propose_removal		False	Uniform versus tuned probabilities for memoryless stochastic automaton resolvers isolates a probability-choice convention within one resolver model. The general existence and decidability of stochastic resolution are broader representatives.	87181a8647bb88d6621a5f7eebac05ddb321247316a13154db7df319c05c8d13
90	TCS-0096	Fine-grained complexity of language emptiness for deterministic PDA	Fine-grained complexity	medium	quantitative_refinement	propose_removal		False	The subcubic-versus-superquadratic gap for deterministic PDA emptiness with fixed alphabets refines an efficiently decidable language task. Broader pushdown and reachability barriers take priority.	bdad73245fae49b177f86bbd5bc76380e88a75917a0de68fae5a22627220d0a8
91	TCS-0111	Lower bounds for determinizability of weighted automata over \(\mathbb Q\)	Automata and formal languages	medium	quantitative_refinement	propose_removal		False	Hardness after decidability of rational weighted-automaton determinization is a finer classification of this representation conversion, with an additional ambiguity subclass. Prioritize the broader quantitative-language decision barriers.	97f88678ffa3e46a1a1a0ff202c10aa6879f45706019685946c1c6728a68d1ff
92	TCS-0168	Word-automaton recognition of tree languages	Automata and formal languages	medium	model_variant	propose_removal		False	Recognizing serialized tree properties by a word automaton under a well-formedness promise is a specialized constant-memory definability question. Its saved reach is narrower than the main automata equivalence and decidability barriers.	4be7b9937c9264019099abd6db6411b71a22032d6a7e5de2a868aec2e833d150
93	TCS-0222	Merlin–Arthur Communication Complexity of Connectivity	Communication complexity and Boolean function analysis	medium	model_variant	propose_removal		False	Merlin–Arthur communication specifically for graph connectivity adds a certificate-and-randomness convention to one graph-property task. Broader communication and distributed verification barriers take priority.	ba2e747d1b6644c3e63aba169128eb1f36735d818ff6e0b8c1f2c1650e626865
94	TCS-0292	Low-degree Sherali–Adams proofs of rwPHP(PLS)	Proof complexity	medium	model_variant	propose_removal		False	Low-degree Sherali–Adams proofs of rwPHP(PLS) concern one composed totality principle in a particular proof system. The main total-search and proof-system separation targets take priority.	3071b3a7d8ad0d99f0694c261a7a73c741498274d2ebaf98511b1bdcd5214050
95	TCS-0302	Excluding quasilinear-time log-space Max Clique	Computational complexity	medium	model_variant	propose_removal		False	Excluding quasilinear-time logarithmic-space Max Clique under random access adds a problem-specific time-space target alongside the central SAT time-space barriers.	1e34f4f813cd2ba5944c064ed2542c2b4b4837d325e2da93b35f0763b5673767
96	TCS-0304	Stronger uniform depth-three majority lower bounds for SAT	Computational complexity	medium	quantitative_refinement	propose_removal		False	Crossing the n^(5/2) wire exponent for LOGTIME-uniform depth-three majority circuits on SAT fixes several resource restrictions at once. Prefer the broader threshold-circuit and formula lower-bound barriers.	6fe19b2dbdfa84848ecc5938886c7385acba571effd19e906943722860c8084a
97	TCS-0308	Formula versus circuit succinctness	Computational complexity	medium	consolidation	consolidate_then_remove	TCS-6712	True	The general polynomial formula-versus-circuit gap is represented by nonuniform NC1 versus P/poly in TCS-6712 under the standard bounded-fan-in Boolean convention. Preserve the formula viewpoint and align the basis and size conventions when consolidating.	fb1b5bffea7c09ce408aad21871596a385e8e60bad6c705c3864dfc5280111bb
98	TCS-0309	Recognizing evasive Boolean functions	Communication complexity and Boolean function analysis	medium	specialized_target	propose_removal		False	Recognizing evasiveness of a represented Boolean function is an extra meta-complexity task for one decision-tree property. Prefer the main evasiveness conjectures and general circuit-minimization barriers.	a95aa940dfc7c868ac5c06ea13a342cd8c14eaec183986cd6c850d258c3a6834
99	TCS-0517	Near-linear-palette LOCAL coloring in O(log* n) rounds	Distributed, parallel and sublinear algorithms	medium	quantitative_refinement	propose_removal		False	The fixed Delta^1.001 palette at O(log-star n) rounds is an additional precise point in the distributed coloring tradeoff. Retain the main coloring and symmetry-breaking barriers before this palette refinement.	6bdafa540f0316454190b1f448ba09d7fcfc2a5e6c52e13fe87f6d25d323c8f7
100	TCS-0535	Vertex Connectivity in the LOCAL Model	Distributed, parallel and sublinear algorithms	medium	method_specific	propose_removal		False	The selected task matches actual local-separator running time to an existing O(nu k) query guarantee. It removes computational overhead in one search framework rather than addressing general vertex-connectivity complexity.	cab297aa5961815562f5185373dc2e569688fcc50ac47fe1ee74e3ac3c5e1234
101	TCS-0633	Eventual non-negativity of Matrices	Algebraic computation	medium	specialized_target	propose_removal		False	The saved target is a hardness transfer from ultimate positivity to the nonnegative-power problem for one matrix. Prefer the underlying recurrence and linear-dynamics decision barriers over this additional reduction target.	cc8302029141e54da9a084a543628733cea87dd73ead04f06dc9316c9af7fb00
102	TCS-0646	All-constant-factor parameterized approximation hardness of SVP in l1	Lattices and computational number theory	medium	model_variant	propose_removal		False	All-constant-factor parameterized hardness specifically for l1-SVP adds a norm-and-parameter restriction to the lattice-hardness programme. General SVP approximation and cryptographic-factor barriers take priority.	f1f7ff97155478011cb43207ea3f78a6a5593ad488317ead830e09172b98de34
103	TCS-0660	Sub-square-root approximation in coMA for SVP	Lattices and computational number theory	medium	model_variant	propose_removal		False	Sub-square-root SVP approximation in coMA adds a particular randomized-certificate convention to the lattice-certification cluster. Broader approximation hardness and certificate frontiers take priority.	a062e87eade1524a5707b3cc30fdb708ca34d13aaae5a12e692c81c0fbf27a24
104	TCS-0668	Instance-optimal equilibrium identification in zero-sum matrix games	Learning theory	medium	model_variant	propose_removal		False	Instance-dependent sample-optimal equilibrium identification in a noisy zero-sum matrix fixes a particular exploration model. General equilibrium computation and sequential-learning barriers have broader coverage.	217554efec1f4257e5aa5c0b987ecacea314030a4b2efd3f7f1ec4b3c7556c09
105	TCS-0681	Multiclass test-set overfitting	Learning theory	medium	quantitative_refinement	propose_removal		False	The speed of overfitting a reused multiclass test set refines the dependence on label count and adaptive accuracy queries. Prefer the broader adaptive-data-analysis and learning-characterization barriers.	ad3371db045d680290a22588db75b618173e8c3970ab874ba0751e8e31b9b1b8
106	TCS-0839	AM vs. NP for Proofs of Proximity in Distribution Testing	Property testing and distribution learning	medium	model_variant	propose_removal		False	AM-versus-NP assistance specifically in distribution proximity testing adds another proof-and-access model comparison. The broader interactive-proof and distribution-testing barriers remain represented.	77ad7364e9a228280ff8b2aa54a052e85eba76f89a4ed281fa6ab4c1a213f0b9
107	TCS-0855	Query efficiency of PRGs constructed from arbitrary OWFs	Pseudorandomness and derandomization	medium	method_specific	propose_removal		False	Optimizing oracle evaluations in the generic OWF-to-PRG construction is an efficiency refinement of an established foundational implication. Broader assumption and derandomization questions take priority.	9e14beeebb5198114539e3687616ae601459e8d1f15cb5caab4841828bfdd24c
108	TCS-0967	TSP in the Streaming Model	Distributed, parallel and sublinear algorithms	medium	model_variant	propose_removal		False	A factor below two for one-pass planar Euclidean TSP estimation fixes geometry, memory and accuracy simultaneously. It adds less coverage than the principal TSP and streaming optimization targets.	8fecb14536c8c829b43ad96d35ad596610fbf9ded66f7cedb989385b996f330d
109	TCS-1044	Explicit matrices with large robust rectangle covers	Communication complexity and Boolean function analysis	medium	method_specific	propose_removal		False	Explicit robust rectangle-cover matrices are a combinatorial witness target for a particular lower-bound technique. General communication and explicit circuit lower bounds provide broader coverage.	4c47d365b64eb96d39c57153e6e820a825ce9ce0102646ff34a505a0af0a2787
110	TCS-1050	Explicit input pairs resistant to partial monotone separation	Communication complexity and Boolean function analysis	medium	method_specific	propose_removal		False	The requested input families must resist partial monotone separation in both directions at a specified thinning scale. This is a strong technical ingredient for limited-negation lower bounds; the underlying circuit separations are broader targets.	f32a6be81bce4402c242c9ef7afc577fac294b57246691ed9c4d3b530029fc36
111	TCS-1051	Logarithmic negation-depth lower bounds for monotone functions	Computational complexity	medium	quantitative_refinement	propose_removal		False	Logarithmic negation depth for efficient monotone-function computation isolates one nesting resource within limited-negation circuits. More general circuit separations provide broader coverage.	9d543ca6e0323c167d4d96b47a18f775732d792e5b0c0765c2af402b965e150c
112	TCS-1062	Balancing tree-like cutting-planes proofs	Proof complexity	medium	method_specific	propose_removal		False	Balancing tree-like Cutting Planes proofs is a structural transformation inside one restricted proof format. Principal arithmetic-proof lower bounds and encoded-size questions take priority.	d1e2c90babce841cf4a0f3a0209ce2b4959ae2fd452e0cda3755b113a8c0ffa7
113	TCS-1161	Conondeterministic MAX-3-SAT below 2ⁿ time	Fine-grained complexity	medium	method_specific	propose_removal		False	A conondeterministic sub-2^n MAX-3-SAT algorithm is a particular certificate-based route to conditional circuit, rigidity and tensor consequences. Retain the main exact-SAT and lower-bound targets.	3a0c5470716746fc2baf61b7570c49e4c97d8cc18652c20d2c79f1782c8bcdfd
114	TCS-1169	Pass complexity of deterministic semi-streaming coloring	Distributed, parallel and sublinear algorithms	medium	quantitative_refinement	propose_removal		False	The exact deterministic pass count for semi-streaming O(Delta)-coloring refines one palette-memory regime. General streaming derandomization and distributed coloring barriers take priority.	81733609f31d231544fc7c20960afaa862abead8de89759974f2b286aa839a8e
115	TCS-1192	Worst-case symmetry of information	Computability and algorithmic information	medium	model_variant	propose_removal		False	Worst-case symmetry of information for the source's nondeterministic Kolmogorov measure adds another resource-bounded information identity. Broader symmetry-of-information and meta-complexity barriers take priority.	adae66d2484dc2b117045088ca5d9438558df4bcd202f15bc56829a3f881a188
116	TCS-1201	Model-checking classification for quantifier-free dependence logic	Database theory and finite model theory	medium	model_variant	propose_removal		False	The classification fixes quantifier-free dependence logic and its team semantics. It adds a specialist logical-fragment boundary beside broader query-evaluation and definability classifications.	ebeac22398732fa5747fed41ebb0c9d4572f307a4d882f6118317a182c6f9eca
117	TCS-1292	Deterministic subquadratic-query graph reconstruction	Algorithms & data structures	medium	model_variant	propose_removal		False	Deterministic distance-query reconstruction for bounded-degree graphs is an extra algorithm-and-oracle restriction beside the broader reconstruction targets. Its saved motivation gives limited reason to allocate a separate place to removing randomness in this setting.	22090dcf756b843865beb7cd5d5cc0616e66a47924a2d6ee55375618b4a416d8
118	TCS-1538	Queue number versus mixed number	Structural graph theory	medium	model_variant	propose_removal		False	Mixed stack-and-queue layouts versus queue-only layouts add an intermediate representation parameter to the broader stack/queue relationship. That extra comparison has lower marginal priority.	27edbaf2a3b1a51903012a4d87ff8b459e7783a33d285ce679fa05b7e60019f0
119	TCS-1610	A quadratic barrier for counting the four-edge hypergraph H△	Counting and enumeration	medium	construction_variant	propose_removal		False	The proposed quadratic hardness assumption singles out one four-edge hypergraph to support a sparse-pattern counting classification. Its broader consequences are narrower than those of the established central counting and fine-grained hypotheses.	876388e71ed3fbcb6eae00dba380bc81e92a0f66417443bb546ce98e3acd75ef
120	TCS-1656	Polynomial-time McNaughton games	Semantics, logic and verification	medium	model_variant	propose_removal		False	Polynomial-time solving of explicitly represented McNaughton games adds a winning-condition representation case next to the general regular-game barriers.	81206caed607e201383712429c642111bba0ad991296646631ec30dc89587a7a
121	TCS-1762	Optimal spanner sparsity in ℓₚ spaces	Computational geometry and metric spaces	medium	quantitative_refinement	propose_removal		False	Exact spanner-sparsity optimality for each stretch in fixed lp spaces between l1 and l2 sharpens a particular geometric tradeoff. General metric compression and spanner barriers provide broader coverage.	201d1751bc443b56501b939a84efd501f44d987631bf5f5adb607bfaabc864be
122	TCS-1798	Sparse fault-tolerant pairwise distance oracles	Data structures	medium	model_variant	propose_removal		False	Fault-tolerant distance oracles for arbitrary requested pairs combine failure handling with another query-set restriction. The saved exact-or-approximate direction has less marginal coverage than the main distance-oracle barriers.	8f9d8423a595908b2d510328ce46240e2e8b59c78aec6394b2fcb3337087abfd
123	TCS-1846	Edge Coloring below 2ᵐ time	Parameterized and exact algorithms	medium	quantitative_refinement	propose_removal		False	A fixed improvement below the 2^m edge-coloring search scale is a quantitative exact-algorithm target. Broader coloring and exponential-time barriers take priority in this batch.	20ee82737b783dc890823733642bb61f925ef72afd1f880ae7d6d549857a2d55
124	TCS-1929	Statistical zero-knowledge streaming interactive proofs	Cryptography	medium	model_variant	propose_removal		False	Statistical or perfect zero knowledge specifically for streaming interactive proofs adds a verifier-memory restriction to the general zero-knowledge existence questions.	ff08705ae8e5d46668fd33e7fa2550755255f8cf3497e1bf9252104a5566dae0
125	TCS-1934	Bounded-aspect-ratio shortest-path-preserving graphs	Algorithms & data structures	medium	construction_variant	propose_removal		False	Polynomial aspect ratio under constant-stretch shortest-path preservation asks for a particular numerical normalization of graph representations. Prefer the principal shortest-path and metric-preservation barriers.	faa2112701343ec1df837483038bd58481d65a51bd1c7097e9754fe95327b092
126	TCS-1955	Fourier concentration after shallow quantum preprocessing	Quantum computation	medium	method_specific	propose_removal		False	Exponential Fourier-tail decay for shallow quantum preprocessing is a structural route to hybrid-circuit lower bounds. Retain the central parity-versus-hybrid-circuit target before this stronger analytic ingredient.	98eb27983674a4413fd6c7e502dd43fa79a484197680ab951f7a5ad6e8b155ae
127	TCS-2076	Optimal mixing of global Kawasaki dynamics on bounded-degree graphs	Randomized algorithms and sampling	medium	quantitative_refinement	propose_removal		False	Improving global Kawasaki mixing from quadratic to n log n in the stated fast-mixing regime sharpens the rate of one sampling dynamics. General sampling tractability and phase boundaries have broader coverage.	77c7885dead5098c7cf9739f29e05b4847d90af36df1b2544a6f3ab07e07dd8b
128	TCS-2097	A general 3/2 communication lower bound for reliable broadcast	Distributed, parallel and sublinear algorithms	medium	quantitative_refinement	propose_removal		False	The unrestricted 3/2 leading bandwidth coefficient is practically meaningful, but remains a sharp-constant target for one Byzantine broadcast model after protocols reach the proposed scale. Marked borderline rather than trivial.	04a87f64807465b94be19e900c30276e96ea7792b35ea11405036e09f4c79ed9
129	TCS-2126	Polynomial smoothed complexity of value iteration	Beyond worst-case and average-case analysis	medium	method_specific	propose_removal		False	Polynomial smoothed complexity evaluates value iteration under the source's perturbation model. Prefer the intrinsic game-solving barriers over an additional analysis target for this particular algorithm.	c5460f693d665af1ddbe46e3aecb79c6b853de01fa547cd38f02eaa3cccc1d41
130	TCS-2244	Constant Degree Hypothesis	Computational complexity	medium	model_variant	propose_removal		False	The Constant Degree Hypothesis fixes a particular AND/MOD/MOD architecture motivated by nilpotent-algebra algorithms. Broader modular-circuit lower bounds cover the central computational obstacle.	7e53857f5bf7588508c46a7526d344f795c6a9b166e896bf911f58ed7ad18980
131	TCS-2247	Linear-size DAG compression from bounded flip-width	Algorithms & data structures	medium	method_specific	propose_removal		False	Linear-size DAG compression is one proposed representation for exploiting bounded flip-width. The target is narrower than the underlying graph-class algorithmic questions, even though successful compression could support several algorithms.	e1fd04e6cee9cc6ebdb9015d88b1197141c092f86f9394eba3dab5558600a7c4
132	TCS-2319	Explicit constructions from NC⁰₃ range avoidance	Computational complexity	medium	method_specific	propose_removal		False	Reducing explicit constructions to range avoidance at locality three is a particular reduction route within the avoidance programme. General avoidance and explicit-construction targets have broader marginal coverage.	0c8ced186c59035adba1ec8e8336468adee3ef913eff20dcd0d9eb69f8eaed88
133	TCS-2331	Optimal-size certification in BPPᴺᴾ	Computational complexity	medium	quantitative_refinement	propose_removal		False	Improving NP-oracle certification from a polynomial overhead in Cert(f) to constant-factor length is an additional quantitative optimization of an existing certification guarantee.	ec3aa4179c9f98b51b908ba682e0e9248b5bb8cc90cab2d20e2f68b137357ef7
134	TCS-2336	Sharp multiclass online regret without logarithmic factors	Learning theory	medium	quantitative_refinement	propose_removal		False	Removing the remaining square-root logarithmic factor from multiclass Littlestone regret sharpens an established learnability characterization. The infinite-label uniformity matters, so this is a borderline quantitative cut.	3d6243441487e333dcabe362675d5e8cb94a8f32c061b5d483678a7049a9689f
135	TCS-2422	NP-hardness of small-space sparse parity learning	Learning theory	medium	model_variant	propose_removal		False	Hardness of learning sparse parities using small-program outputs adds a representation restriction motivated by a particular PCP-to-learning route. General noisy-parity and computational-learning barriers take priority.	ec1beede57fc9b0af39b738b08f5cf74956f21e70dd69a0a088a79cd1daae150
136	TCS-2434	Randomized versus pseudodeterministic parity decision trees	Computational complexity	medium	model_variant	propose_removal		False	A randomness-versus-pseudodeterminism separation specifically for parity decision trees adds a query-model restriction to the broader reproducible-computation question.	4b901537c9734dfadcf44e9cd820845c4dde9af8f481f52e3b6329aede877a89
137	TCS-2537	UniqueTarski in UEOPL	Computational complexity	medium	specialized_target	propose_removal		False	Placing the total version of UniqueTarski in UEOPL is one further membership relation within fixed-point search classes. Prefer the main fixed-point and total-search structural barriers.	cf4cc93456c622c616ae52a13e8665c9cac4d0a81e70e2e430113e3cc7bf1134
138	TCS-2540	MSO₂ certificate lower bounds on bounded-clique-width graphs	Distributed, parallel and sublinear algorithms	medium	model_variant	propose_removal		False	Polynomial certificate lower bounds specifically for MSO2 on bounded-clique-width graphs combine a logical-fragment restriction with a structural promise. General local-certification barriers give broader coverage.	b7c4a0de9f1598a1d71869d9a52007d9f5f67fc47ce73e89b418116182682ef4
139	TCS-2650	Quantum meta-complexity hardness from QETH and QSETH	Quantum computation	medium	method_specific	propose_removal		False	Deriving quantum circuit/state minimization hardness from QETH or QSETH is a particular conditional reduction programme. The principal quantum meta-complexity and quantum-hardness targets provide broader coverage.	222689c0bc46f97b97db5a01e6ed81a48fdd0d1aa007528459e9a4bbbf1d649a
140	TCS-2688	Optimal-time rendezvous on arbitrary connected graphs	Distributed, parallel and sublinear algorithms	medium	specialized_target	propose_removal		False	Optimal rendezvous time on arbitrary possibly infinite graphs is a specialized mobile-agent coordination problem with asynchronous starts and labels. The saved reach is narrower than the main distributed symmetry-breaking targets.	787b205a36025a4dbf444aeae6156f10af804ad1e96d5a24c3d470bfb4ca20f8
141	TCS-2730	Thus, even in the non-succinct case, designing worst-case update operations is an open problem.	Data structures	medium	quantitative_refinement	propose_removal		False	Worst-case updates for indexed lists ask to remove amortization in one order-maintenance structure. Broader dynamic-data-structure limits take priority.	3ccb50f05d888e67747093f4b67c0799ebeb2b8f2af32a97d9d8540217a1636c
142	TCS-2744	Existence of values in all-pay bidding games	Algorithmic game theory, mechanism design and fair division	medium	model_variant	propose_removal		False	Value existence for all-pay graph bidding concerns a specialized payment-and-control convention. General stochastic-game and equilibrium barriers are stronger representatives for this smaller pool.	569e1b0351e2ac4353df8d8dab76a2d281fe3851551a9ee58e80a4d224bf3f67
143	TCS-2896	Sublinear-space constant-factor Euclidean Steiner forest	Distributed, parallel and sublinear algorithms	medium	model_variant	propose_removal		False	Sublinear-space Euclidean Steiner forest with exactly paired terminals isolates a promise that escapes an existing lower bound. It is lower priority than the broader connectivity and streaming approximation frontiers.	0562b3d6648953518ce61203d3fdddd07e25c2e83a9ac4a7b9db8e070f275c84
144	TCS-3038	Linear-space finger search with logarithmic distance cost	String algorithms and bioinformatics	medium	model_variant	propose_removal		False	Logarithmic-distance finger movement in linear grammar space is an additional locality-sensitive navigation guarantee for compressed strings. General compressed random access and grammar-compression barriers take priority.	41bd3720c38e189e041b09729916eec37452a323207a5dd476fb54550cb89145
145	TCS-3146	Adaptive linear-sketch query complexity of planted-clique detection	Communication complexity and Boolean function analysis	medium	model_variant	propose_removal		False	Exact bounded-coefficient linear queries to planted-clique instances impose a specialist access model with unrestricted computation. Prefer the primary planted-clique computational and statistical barriers over this additional query tradeoff.	5685dce3dad19b455745bc30abe536ea9431ed6285040d756a05576582d0fc8e
146	TCS-3162	Phase transitions in erasure-resilient connectivity testing	Property testing and distribution learning	medium	quantitative_refinement	propose_removal		False	The second erasure threshold for connectivity testing refines the phase diagram between known testing and impossibility regimes. It has lower marginal priority than the general missing-data and graph-testing questions.	0559c06448e737d7827094f54a4a5ea2c40ba48a2698811251613ba7a0884a29
147	TCS-3181	Branching-program lower bounds for random CNF search	Computational complexity	medium	construction_variant	propose_removal		False	Transferring bounded-repetition branching-program lower bounds from a modified formula to random CNFs improves the hard-instance family for one restricted proof model.	7339231060d32c50b73b20a86d31dc084d1377bc8813cc165ca8bc0df9a00138
148	TCS-3183	Coefficient size in short Res-LinB refutations	Proof complexity	medium	model_variant	propose_removal		False	Coefficient-size necessity in short Res-LinB refutations adds a numerical-encoding tradeoff within a specialized proof calculus. Broader encoded-size and arithmetic-proof barriers remain represented.	114eadd2489e8c3691eb40a1c6d8f6ae1c11f1bcdd3e1f0991354d930d4b292e
149	TCS-3339	FPT recovery of graph incidence matrices under low-rank binary perturbations	Parameterized and exact algorithms	medium	model_variant	propose_removal		False	FPT recovery of graph-incidence matrices under binary low-rank perturbations fixes both a representation and a corruption model across several graph classes. Its marginal reach is narrower than general low-rank recovery and graph-recognition barriers.	4a1e0e5cda17619e64c882b05abff535adae12f72b45c0075e3bc0e305ff3375
150	TCS-3363	Recognizing instance-optimizable functions	Beyond worst-case and average-case analysis	medium	model_variant	propose_removal		False	Testing whether a represented function admits an instance-optimal decision tree is a recognition problem internal to a particular optimality benchmark. It adds less coverage than the principal decision-tree and instance-optimal algorithm targets.	d523b0837dd55acd17a963e644299a9bfb1244a6bc0fdf2b2291a3b884d806bc
151	TCS-3392	Constant lifetime recourse for competitive online matching on the line	Online algorithms	medium	model_variant	propose_removal		False	Constant lifetime recourse for every request adds an individual-stability constraint to online matching on the line. General online matching remains represented; this additional recourse convention is a borderline cut.	4c9c19a11a42a8a882a76d9ca273fb9221b0a9ff86ad41823331c15bacc10bde
152	TCS-3436	Time lower bounds for constant-message leader election	Distributed, parallel and sublinear algorithms	medium	model_variant	propose_removal		False	The time lower bound fixes constant visible-message alphabets while allowing larger private population-protocol state. It adds another communication convention to the leader-election resource cluster.	80e9ca8863712d8bbbf426d04764450820e10641ca4ddd399b62d13d98635927
153	TCS-3450	Hardness of distribution-free learning with local queries	Learning theory	medium	quantitative_refinement	propose_removal		False	Extending local-query hardness to polynomial Hamming radii moves the threshold in a particular label-access model. Prefer the principal membership-query and example-only learning comparisons.	a18e15ec75f85e79ad01bdc7b22c1c774f93b3dce4de33d032ff25e16468daf9
154	TCS-3512	Universal versus weakly universal simultaneous-message protocols	Communication complexity and Boolean function analysis	medium	model_variant	propose_removal		False	Universal versus weakly universal simultaneous-message protocols compare two function-family information conventions. This extra model conversion is lower priority than the main communication-power comparisons.	c4b1b20df4d10a6e6f7cd067fb872f1ae7d1d23c0d626f017b4628d61e15e6af
155	TCS-3514	PAC-learning hardness versus natural-proof barriers under universality	Pseudorandomness and derandomization	medium	method_specific	propose_removal		False	The PAC-hardness versus natural-properties equivalence is conditional on the particular Universality Conjecture. It is an additional organizing implication beside the main learning, pseudorandomness and natural-proof barriers.	dad22dc6404041351e289a8e46c541f8fc8323bd203b0c55d901e2c34ff877b2
156	TCS-3530	Finite-state representation of all winning strategies	Semantics, logic and verification	medium	model_variant	propose_removal		False	Finite-state descriptions of all winning strategies under synchronous-automaton observation equivalence extend a particular imperfect-information presentation model. General strategy-existence and synthesis barriers take priority.	2f834425c79f0c7466bb86785de4c6856244762c815b6c8cfdbb3c0ca050a2b2
157	TCS-3594	Double-exponential succinctness of alternating good-for-games automata	Automata and formal languages	medium	quantitative_refinement	propose_removal		False	Doubly exponential succinctness for stronger acceptance conditions adds another conversion gap inside alternating good-for-games automata. General recognition and resolution questions have broader marginal value.	6931b7043fe76bbcab69d383325dd3b0bf528b24a0cf7ea61aa1a3708c975b4d
158	TCS-3609	#Wfunc[2]-complete conjunctive-query classes	Counting and enumeration	medium	cluster_overlap	propose_removal		False	A #Wfunc[2]-complete query class is one proposed witness for the broader intermediate query-counting question in TCS-6083. Keep the broader target and record this candidate route there; these formulations are not asserted equivalent.	8e73c908f340b9b804e96b552b25337cb1c9c4e44f86221c8b54cef12bb0ca88
159	TCS-3717	Constant-round distribution-free junta testing	Property testing and distribution learning	medium	model_variant	propose_removal		False	Constant-round distribution-free junta testing with polynomial queries adds an adaptivity cap to an already specialized testing model. General junta and adaptivity barriers take priority.	ce3f179a328f241fb24e65705e5b74759a6a5e02d6914acd12e13eb4f175aaa3
160	TCS-3718	NP circuit bounds versus infinitely-often hierarchy collapse	Computational complexity	medium	method_specific	propose_removal		False	Equating fixed-polynomial NP circuit lower bounds with a particular infinitely-often Karp–Lipton collapse is an additional conditional characterization. The main lower-bound and hierarchy questions already represent the intended consequences.	3bcd783bcd4e87d875aad966e5fb6b20c840876a8f245e5bbdf15a3a7f9d6f83
161	TCS-3726	Deterministic message reduction without time loss	Distributed, parallel and sublinear algorithms	medium	method_specific	propose_removal		False	A deterministic message-reduction scheme with no time loss is a derandomization target for one generic simulation method. Prioritize the main time-and-message limits of distributed computation.	7072f116967ca344ffe3d74234f31616c7b4a543ff21d69f383483ae11b25f2b
162	TCS-3743	NQP circuit lower bounds or MCSP outside ACC⁰	Computational complexity	medium	method_specific	propose_removal		False	The NQP-or-MCSP disjunction is a particular route to stronger circuit lower bounds. The independent circuit-separation and MCSP-hardness targets already represent its main intended outcomes.	ec558f5b7bdf24a5816bbcf0c0b145ca6fcb506bf384c38e628f43752833fa1e
163	TCS-3761	Private conditional-disclosure lower bounds for easy communication tasks	Communication complexity and Boolean function analysis	medium	model_variant	propose_removal		False	ppCDS lower bounds specifically for predicates with easy randomized communication refine one conditional-secret-release model. General secret-sharing and privacy-versus-communication barriers take priority.	eacfa6b5f40085fcc7d898df6054001c112200f3e4974105536520ad6683c9cd
164	TCS-3762	Exact random-walk simulation in graph streams	Distributed, parallel and sublinear algorithms	medium	model_variant	propose_removal		False	Perfect rather than approximate graph-streaming random-walk simulation adds an exact-sampling requirement to a restricted-access model. More general sampling and streaming barriers take priority.	41f9f12962b13caf3b292e73403284e52203712091e6450d4daa621fd2e63309
165	TCS-3787	Unlabeled compression of ample classes	Learning theory	medium	construction_variant	propose_removal		False	Extending the source's unlabeled compression construction from maximum to ample classes is a structured-family route. Retain the general compression barriers before this additional geometric subclass target.	5c301bae77d13f3c2aca2044dd04562cf80e37a715adff6b94efb5f85d430c59
166	TCS-3799	Large-error approximate-degree lower bounds for AC⁰	Communication complexity and Boolean function analysis	medium	quantitative_refinement	propose_removal		False	The large-error approximate-degree target fixes a linked depth, advantage and exponent regime for AC0. It contributes another quantitative slice beside the broader polynomial-approximation and circuit lower-bound questions.	c7a2647235ff007c76b5aa1d174bb0ae30a301ba0b6caad780f34f1ca3f5a708
167	TCS-3801	State lower bounds for alternating parity translations	Automata and formal languages	medium	quantitative_refinement	propose_removal		False	Improving the state lower bound for translating alternating parity automata to weaker acceptance conditions is an additional representation-cost target within the automata translation cluster.	1c3fa311adbe9a7eb730be7e3d7b447be929e341dcb127a6c699ad01c1b0066f
168	TCS-3806	Polynomial-pass parameterized streaming Vertex Cover	Distributed, parallel and sublinear algorithms	medium	model_variant	propose_removal		False	Polynomially many passes for Vertex Cover at O(k log n) bits fixes both parameterized storage and a streaming access convention. This additional three-resource tradeoff has lower marginal coverage.	c94a3f3af9eb471824da32614aba0ac4a21de72e3bb6583d51e0730767115bba
169	TCS-3821	Separating SoML from PPA in communication	Communication complexity and Boolean function analysis	medium	quantitative_refinement	propose_removal		False	Replacing the PPADS communication separation by a SoML separation strengthens one relation inside the total-search class landscape. It is lower priority than the principal class-separation questions.	9de0b36ef48646340cc87fd7190eae72ded9df4971957427d35129cdbe26c812
170	TCS-3839	Exponential matrix-monoid bounds for affine integer VASS	Semantics, logic and verification	medium	quantitative_refinement	propose_removal		False	An exponential bound on finite matrix-monoid representations improves a reduction's size in affine integer VASS. The principal affine reachability and counter-system decidability barriers take priority.	919bf87b628b48f33bd434e04ebe75257aaae61598a2a8013209d7ec6442e313
171	TCS-3865	Exponential complementation cost for unambiguous automata	Automata and formal languages	medium	cluster_overlap	propose_removal		False	Exponential unambiguous-automaton complementation cost is the proposed hard endpoint of the broader gap-closing target TCS-0128. Keep that endpoint and source as context there, rather than another card for the same conversion programme; no equality of the two propositions is claimed.	c04ceadfda655e6dbdfc1e93c92e7c14bffa40c2ed82347c2d555f4851081ffd
172	TCS-3871	Private randomness in algorithmic mutual-information protocols	Communication complexity and Boolean function analysis	medium	model_variant	propose_removal		False	Replacing shared randomness by private randomness in the source's algorithmic mutual-information protocol adds a resource-convention variant of one operational characterization.	90f12e48e246bb1a25b37ac53f4b0f2ce6738d40e54fb268d049052d0c4e0d16
173	TCS-3873	SDD versus d-SDNNF succinctness	Computational complexity	medium	model_variant	propose_removal		False	SDD versus deterministic structured-DNNF succinctness compares two closely related compiled representations. More general knowledge-compilation closure and representation barriers take priority.	e4cdd2ccf38a02153dab4b86fbc0db8b7c88a24c3351ddee277370ee68ed7136
174	TCS-3892	CONGEST lower bounds for all-pairs spanner construction	Distributed, parallel and sublinear algorithms	medium	model_variant	propose_removal		False	CONGEST construction lower bounds for all-pairs additive spanners add another bandwidth-restricted realization of the spanner programme. Prefer its main sparsity limits and broader distributed graph barriers.	59c5778ae5d0853507d3dfb6e5a6a70a2e5aa2ec2c8b6d913a5f744446d85031
175	TCS-3894	Polynomial-state leaderless protocols for linear inequalities	Distributed, parallel and sublinear algorithms	medium	model_variant	propose_removal		False	Polynomial-state leaderless population protocols for systems of inequalities ask for succinct implementation in a particular initialization model. General population-protocol and arithmetic-computation limits take priority.	b9b777aab6c379c9bc5525b9de8cab601ecb7dfc48526d324e48305fb61f3d32
176	TCS-3915	Transductions of bounded-expansion relational classes	Structural graph theory	medium	model_variant	propose_removal		False	Extending a bounded-expansion transduction characterization from graphs to general relational structures broadens one structural framework by signature arity. Other core graph-structure and finite-model-theory barriers have greater marginal coverage.	1e6f3ae3b3f42c57f199dff9199008cc2a2e80e658632a525bea3abac7ce1c97
177	TCS-3945	MA versus AM proofs of proximity	Property testing and distribution learning	medium	quantitative_refinement	propose_removal		False	Matching a particular quadratic MA-versus-AM proximity-proof separation sharpens the size of an already studied interaction gap. Broader proof-model separations have greater marginal coverage.	5bb19bf6a0220040bcfd38f5392a531a67e506813865d4d12a6d6a8a56df0af0
178	TCS-3960	Earthmover-resilient testing versus tolerant testing	Property testing and distribution learning	medium	model_variant	propose_removal		False	Separating ordinary and tolerant testing specifically under earthmover resilience introduces a specialized robustness condition on ordered structures. General tolerant-testing boundaries take priority.	a06453bd5e19519761f03787c9c7775d07218a28b5d43baefe83005eb27b6950
179	TCS-3962	MCSP-oracle algorithms for NP from SAT in P/poly	Computational complexity	medium	method_specific	propose_removal		False	The implication from small SAT circuits to NP algorithms with an MCSP oracle is a conditional algorithmic route. Prefer the primary circuit-minimization and nonuniform-complexity barriers.	c43e9008aa6ced9221108c5e71d7968fcafd85a645a3e670cfa10e2a17042b17
180	TCS-4006	Intermediate sliding-window space for context-free languages	Distributed, parallel and sublinear algorithms	medium	quantitative_refinement	propose_removal		False	The target fills the interval between squared-logarithmic and linear sliding-window space for deterministic context-free languages. This is a finer landscape question inside a specialized access model.	192dd88e3b787256e262e7398a7210445e3c4cf8b0b20aa8cefae07c50bc7206
181	TCS-4030	Sample optimality of log-concave maximum likelihood	Property testing and distribution learning	medium	method_specific	propose_removal		False	Sample optimality of the log-concave MLE in dimensions at least four evaluates a particular estimator. General density-learning limits and computational tractability are broader targets.	ac3ecebffe1e2f9f79d7c61603ff0003a9c254ea16cadefec57db339ad623a84
182	TCS-4061	UGC hardness of homology localization	Computational geometry and metric spaces	medium	model_variant	propose_removal		False	UGC-based constant-factor hardness for surface homology localization with a factor-dependent coefficient group combines a specific topological objective and algebraic convention. Broader approximation and topology barriers take priority.	0f0209fb60905b675c89a4eb7bc5f64b284d36d1ba2188f39d82ebdd90246cac
183	TCS-4072	Characterizing functors with disjunctive bases	Semantics, logic and verification	medium	model_variant	propose_removal		False	Classifying coalgebraic functors that admit a disjunctive basis asks when one modal normal-form framework applies. Broader modal expressiveness, equivalence and decidability principles have greater marginal coverage.	580b6707655659dd64021d4287457ad3b605d69c4781b61c9125a6e34b3dbafe
184	TCS-4081	Complete axiomatization of expanding intuitionistic temporal logic	Semantics, logic and verification	medium	model_variant	propose_removal		False	Complete axiomatization of the decidable expanding intuitionistic temporal logic adds a deduction-system target for one temporal semantics. Broader logical decidability and constructive-proof barriers take priority.	4d362a4f339780147a250fb2441a9f404551e19d3e1873762b826dcca6231a2f
185	TCS-4121	Distributed Tree Augmentation below factor two	Distributed, parallel and sublinear algorithms	medium	model_variant	propose_removal		False	Beating factor two for distributed Tree Augmentation adds a communication-model restriction to a particular approximation objective. Broader approximation and resilient-network barriers are stronger representatives.	1334d80577884b93af5e9872879653706adc956a4e55181ea4ede747a454d870
186	TCS-4124	Modular separability versus VAS reachability	Semantics, logic and verification	medium	model_variant	propose_removal		False	Comparing modular-separator hardness with full VAS reachability studies one restricted periodic invariant language. The main reachability and invariant-synthesis barriers take priority.	d565068ad801539a16e66ae21578f8c476a5a95ee1d978aa736c06a3ea4e8caf
187	TCS-4132	Regret for online full permutations	Online algorithms	medium	quantitative_refinement	propose_removal		False	The exact regret rate for full-permutation bandit ranking fills one boundary case of a combinatorial-feedback analysis. Broader combinatorial bandit and online assignment targets have greater marginal coverage.	ffc00cc9588f0479b4e8037f5499994efe2bdd6922bba300f44ce6a90678e9e0
188	TCS-4134	Computing the self-directed learning mistake bound	Learning theory	medium	specialized_target	propose_removal		False	Computing the self-directed mistake bound is another meta-problem for a particular learning dimension. Prefer the main statistical and computational learnability characterizations.	5ba4691c3460a012c768a9b50cd8ed8f32f6c12f618d8eefd5e996c5e4f824a9
189	TCS-4194	Small approximate Voronoi diagrams of flats	Computational geometry and metric spaces	medium	construction_variant	propose_removal		False	An O(n^(k+1))-size approximate Voronoi diagram for affine flats asks for one global representation at a precise size scale. Broader nearest-neighbor and geometric-search barriers take priority.	6810d6d00cebb143f2a3d76a9002e06645355c57835a4dedcbd8a3a19a41c3f5
190	TCS-4202	Group isomorphism via asymmetric groups	Algebraic computation	medium	method_specific	propose_removal		False	Reducing group isomorphism to asymmetric instances investigates one normalization route. The unrestricted finite-group isomorphism target is a stronger representative of the main computational obstacle.	6355a1344109dc9c7b7f854a8345bed434b92c7c1f37c561570a19fd7e91534f
191	TCS-4203	Cycle Packing in 2^(O(k log k)) time	Parameterized and exact algorithms	medium	quantitative_refinement	propose_removal		False	The 2^(O(k log k)) Cycle Packing target sharpens parameter growth for one exact graph problem. Larger tractability and directed-cycle barriers take priority.	cb789b6b417d3a02b34ca955084c4233cceb7e62e7f47cb37a196a43b34c15f7
192	TCS-4221	Sum-of-squares automatability on the Boolean cube	Proof complexity	medium	model_variant	propose_removal		False	Sum-of-squares automatability specifically after replacing interval constraints by Boolean equalities isolates a domain restriction within a proof-search framework. Broader automatability barriers provide more coverage.	2f69016eeb24b0697470559359cb7353026062e2be3f847aed00a1e82ac50625
193	TCS-4236	Hyperbolic-geodesic realizability of combinatorial immersions	Computational geometry and metric spaces	medium	specialized_target	propose_removal		False	Recognizing curve immersions realizable as geodesics for some hyperbolic metric is a specialized geometric realization problem. The saved motivation has less computational reach than the main geometric primitives.	86665c53750dcd7042fb0a0908de9f0a60050546f478dae28a6d7b68ece5113e
194	TCS-4249	Existence of committees with justified representation	Algorithmic game theory, mechanism design and fair division	medium	model_variant	propose_removal		False	Existence for the paper's particular justified-representation variant adds another fairness axiom to the allocation and voting cluster; the saved motivation does not show why this variant deserves a separate benchmark place.	6cdbdd2697e1f7e1977f665d12895cca52b39adaae95e8843c0b3eafac31bb4c
195	TCS-4261	Super-n^(3/2) lower bounds for fault-tolerant additive spanners	Algorithms & data structures	medium	quantitative_refinement	propose_removal		False	The requested super-n^(3/2) bound fixes additive error two and one failure. It is another precise point in the fault-tolerant spanner tradeoff, with less marginal coverage than the principal spanner questions.	c7558fb33523e9244e75fcdd1388f6554fea8f8ad5538a3638d68cf48261fd6b
196	TCS-4268	Intermediate complexity of constant-gap MCSP	Computational complexity	medium	quantitative_refinement	propose_removal		False	Extending intermediate-complexity evidence to a fixed epsilon in the source's Gap MCSP parameterization refines a particular approximation regime. Retain the main MCSP classification and hardness questions.	a5dbdb16dc32b5b8b5789e181e8dfe4ef881bf6b12fe25979b9a2e77a6d1ce00
197	TCS-4269	Flip distance of labeled triangulations	Computational geometry and metric spaces	medium	model_variant	propose_removal		False	Shortest flip sequences that transport edge labels add an identity-preservation constraint to triangulation reconfiguration. Prefer the more general geometric and topological transformation barriers.	50ca2e8068b5254a14ded4730617d49562cf3edbb3fd41a62548eb49d99ac7e7
198	TCS-4307	Dynamic maintenance of ECRPQs	Dynamic graph algorithms	medium	model_variant	propose_removal		False	Dynamic maintenance of extended conjunctive regular path queries adds a specialized navigational query language to the dynamic-logic cluster. Broader dynamic reachability and query-maintenance principles have greater marginal coverage.	d7960194facdef5800faee546ed59f0193016d0601d91dce607aebf18aca1824
199	TCS-4317	Subexponential reductions from Feedback Vertex Set to 3-SAT	Fine-grained complexity	medium	method_specific	propose_removal		False	A subexponential reduction family from Feedback Vertex Set to 3-SAT is a particular transfer within ETH-based graph algorithms. The principal graph-cycle and hypothesis-relationship questions have broader coverage.	338a1281f62ac738b0f3bd8688f4dd7f0ab1cb4d75ad7ac82a91661f1f9cc4f0
200	TCS-4320	Weak versus Lutz PSPACE randomness	Computability and algorithmic information	medium	model_variant	propose_removal		False	Weak versus Lutz polynomial-space randomness compares two resource-bounded randomness definitions. The saved motivation is primarily internal to the analysis-inspired weak definition.	5c4a8d5d04497244b3b7b22817bb71c39879af8daae9b995188f81583849f8da
201	TCS-4336	Characterizing large token-reconfiguration thresholds	Structural graph theory	medium	model_variant	propose_removal		False	The converse characterization for large token-addition/removal thresholds concerns a specific independent-set reconfiguration measure. General reconfiguration complexity and structural tractability barriers take priority.	f3f2924b42282a9af6b9d9a6be5cc747a94a3b9d745fbe0975de5c2f71c887ad
202	TCS-4339	Planar subgraph isomorphism without treewidth dependence	Parameterized and exact algorithms	medium	model_variant	propose_removal		False	Removing host-treewidth dependence from a planar subgraph-isomorphism bound fills a structural case left by the source's embedding algorithm. General subgraph-isomorphism and planar complexity barriers have broader coverage.	f688da75bd4f269aabc21db94dad38ddefc0df12fe287001315e827589f25a3c
203	TCS-4365	Decidability of strong homomorphisms and embeddings	Database theory and finite model theory	medium	model_variant	propose_removal		False	Strong homomorphisms and embeddings between first-order definable structures add map-preservation conventions to the source's decidable injective case. General homomorphism and definability barriers have broader coverage.	c2b1072e2145eb2c0c37476b3ca75de7bec4c2238e854e8f7f7dbd6f85a372be
204	TCS-4369	Tractable enumeration for well-designed pattern trees	Counting and enumeration	medium	model_variant	propose_removal		False	The conjecture fills one remaining tractability case for well-designed pattern-tree enumeration. Its saved motivation is a specialist query-model classification rather than a wider enumeration principle.	1e118a2b6b7d038a8a7f00cd8322064c0040f1101e0d06e9f3783fef57a62763
205	TCS-4393	Online nonpreemptive scheduling without speed augmentation	Online algorithms	medium	method_specific	propose_removal		False	Replacing speed augmentation by a new rejection rule asks how to extend the source's nonpreemptive scheduling guarantees. The main scheduling approximability and online feasibility barriers take priority.	ed07200900a295688bceb79c1c097f7009c80cd785f4de1bc5aac8ab92eece4e
206	TCS-4404	Linear-size cylindrical grids from planar directed treewidth	Structural graph theory	medium	quantitative_refinement	propose_removal		False	Removing a polylogarithmic loss in planar directed grid/crossbar size sharpens a routing-oriented structural theorem. General directed grid and disjoint-path barriers provide broader coverage.	6d79020deb29b2cbd7db4e06109b77d44b791e4e70cd9017b65bf7f26b77a033
207	TCS-4427	Recognizing k-isohedral polyomino tilings	Computational geometry and metric spaces	medium	model_variant	propose_removal		False	Efficient recognition of k-isohedral polyomino tilings fixes a particular symmetry-orbit convention. General tiling decidability and geometric recognition questions have broader coverage.	839b59b6f0f294900f1296fc6598428a7373b6c4af927d4a05be1bbb12f1b244
208	TCS-4449	Instance-wise adaptation cost in fixed-budget best-arm identification	Online algorithms	medium	quantitative_refinement	propose_removal		False	Adapting to easier gap profiles after a worst-case best-arm adaptation lower bound is an additional instance-level refinement. General finite-budget identification and optimal exploration remain represented.	ef44706409c28f4da07c8afc75252017764f332aed4db4a9b972baccc0f4cb50
209	TCS-4466	Efficiently reducing negations in Boolean formulas	Computational complexity	medium	method_specific	propose_removal		False	An efficient negation-reduction transformation for formulas is a constructive follow-up to the source's existence arguments. Broader formula power and limited-negation lower bounds take priority.	2828a227f113196f181655138c22d80dc397fd67aec012a8ad49629c45513812
210	TCS-4469	qq-QAM versus BP·PP	Quantum computation	medium	model_variant	propose_removal		False	The BP·PP upper bound for qq-QAM is a further containment for a specific two-quantum-message proof convention. Broader quantum interactive-proof class comparisons take priority.	2c79618a2cabbfc640e6dfa2a37da0f7d51a1ad6e7c03dd4a38aa18c74ff2da0
211	TCS-4478	Decidability of one-counter strategy-logic model checking	Semantics, logic and verification	medium	model_variant	propose_removal		False	Decidability of the Boolean-goal one-counter Strategy Logic fragments adds a specialized strategic logic to the infinite-state verification cluster. Broader counter-system and game-solving barriers have greater marginal coverage.	ad6d2a30ee3f6cef68d605f750717d329d42fec4d0a285cff0ee5a1978288089
212	TCS-4491	Concatenation closure of real-time cellular-automaton languages	Automata and formal languages	medium	model_variant	propose_removal		False	Concatenation closure under the exact real-time budget of one-dimensional cellular automata adds a timing-and-dimension-specific closure question to broader automata and parallel-computation targets.	d8ff8b7a8cbd68d47069a6f714c774656d7aa6ca870e9d50df9fbad21a338dbd
213	TCS-4505	Geometric constraints in planar morphing	Computational geometry and metric spaces	medium	quantitative_refinement	propose_removal		False	Polynomial geometric size throughout a planar morph adds numerical control to an existing transformation programme. It is lower priority than the main feasibility and complexity barriers for geometric transformations.	388431b48ef74aba337f77e93fefe54487550579ebc3835c0935b0844a8d5963
214	TCS-4509	Quantum money with exponentially many classical verifications	Quantum computation	medium	quantitative_refinement	propose_removal		False	Exponentially many classical verifications of secret-key quantum money optimizes lifetime under a particular verification interface and security convention. General quantum-money existence and verification barriers have broader coverage.	773beee2c52944ab2652bd905a783eb8f66b256a0cf78b30eec324be6247edc6
215	TCS-4515	Existence of weak subgame-perfect equilibria	Algorithmic game theory, mechanism design and fair division	medium	model_variant	propose_removal		False	The selected target weakens permitted deviations for a particular infinite-game class. Prefer broad equilibrium-existence and computation barriers over this additional stability convention.	d6c49b240a0ec5e743802dabdb1a385154391aa9a6cd870a963a6ebd3cfc0907
216	TCS-4522	Quantum–classical communication gaps at I = 0	Communication complexity and Boolean function analysis	medium	model_variant	propose_removal		False	The maximum quantum–classical gap under the source's zero-information distribution restriction adds a specialized distributional convention to the general communication-separation targets.	c2ee9ecff258c9100639aea2158f7c50ba56797568ca8f71d297f9bd226bf5af
217	TCS-4528	Constant-space Cutting Planes with polynomial coefficients	Proof complexity	medium	model_variant	propose_removal		False	Constant Cutting Planes line space with polynomial coefficients combines two restrictions on proof storage. The broader total-space and encoded-proof-size questions give better marginal coverage.	bc8b3b9653c5d13913269ba6fbc281cbfe974f924b1cffc40662a40ec0b3bd5f
218	TCS-4535	Conjunctive positive query evaluation on finite groups	Database theory and finite model theory	medium	model_variant	propose_removal		False	Evaluating conjunctive positive queries on finite groups fixes both a logical fragment and an algebraic input class. General group computation and query-evaluation barriers take priority.	4d482dc3dba5733e076fab288f941e18d4e02efd5b101b37b15bee288024142b
219	TCS-4551	Superpolynomial multi-k-ic formula lower bounds	Algebraic computation	medium	model_variant	propose_removal		False	Multi-k-ic formulas interpolate between restricted arithmetic models. Keep broad formula and multilinear-circuit lower bounds before adding another syntactic individual-degree restriction.	11b7e12ad73e1e23e340f8c716eba9f9f96e7147280f9ea150902b8f67a29ab2
220	TCS-4563	Containment of Datalog in regular queries	Database theory and finite model theory	medium	model_variant	propose_removal		False	Containment of Datalog inside regular graph queries is a specific cross-language verification target. Broader query-rewritability and recursive-language decision barriers provide more coverage.	3e568549096b8cedd66c13b6a9a707c9aae8b51e926f993298b77886b776d687
221	TCS-4572	Efficient list decoding of general Gabidulin codes	Coding and information theory	medium	construction_variant	propose_removal		False	List decoding unrestricted Gabidulin codes, conditional on manageable list size, is a code-family-specific algorithmic target. General list-decoding and coding-rate barriers take priority in the smaller pool.	e9b2b439d75dad6c534379048d53d86bcb231a3ead86b58e9c64579fb035f8a5
222	TCS-4586	Instance-optimal quantum oracle identification	Quantum computation	medium	quantitative_refinement	propose_removal		False	Instance-optimal quantum oracle identification refines worst-case candidate-count and input-length bounds for a particular known hypothesis set. General quantum learnability and query-power barriers have broader coverage.	888323a94887856d2fcbf5348d5dd910bdce0145aa8266bd457f4f56ffa1795f
223	TCS-4621	Optimal Littlestone-dimension bounds for multiclass bandits	Learning theory	medium	quantitative_refinement	propose_removal		False	Sharp realizable and agnostic bandit bounds in terms of label count and Littlestone dimension refine an existing feedback-cost programme. The broader price-of-bandit-information target remains represented.	5adaacb66fa56c2c0633528095fdc6c1e8be05d343573c9ee0d976f275818e6f
224	TCS-4647	Approximate-degree lower bounds for depth-two AC⁰[⊕]	Communication complexity and Boolean function analysis	medium	model_variant	propose_removal		False	Approximate-degree lower bounds specifically for depth-two AC0 with parity add both depth and gate restrictions to the polynomial-method cluster. Broader circuit and approximation barriers take priority.	d7878795110e51e81bba3cc579a82eb0b39be357cc872683668f7810685a122d
225	TCS-4664	Subquadratic deterministic communication for general matching	Communication complexity and Boolean function analysis	medium	quantitative_refinement	propose_removal		False	Extending the bipartite matching communication upper bound to general graphs is an additional graph-property bound under deterministic split-input access. General matching and communication barriers have broader coverage.	2a2014612dcab81e4f821f13ac7720f18a7c3c7b84b73d3f67c79c130e76d7de
226	TCS-4679	Strong balance versus graph isomorphism	Constraint satisfaction	medium	quantitative_refinement	propose_removal		False	The cost of recognizing strong balance sharpens the meta-complexity of an existing counting-CSP classification. Prefer the unresolved classification principles themselves before this additional GI-equivalence frontier.	014eae7bddd866be0fa064dbb169a2a8b443d1799063edc392464bf70ac336c7
227	TCS-4703	Sublinear-communication streaming zero knowledge	Cryptography	medium	quantitative_refinement	propose_removal		False	Reducing setup-inclusive communication below linear for streaming zero knowledge is an additional resource optimization within the same restricted-verifier programme.	1503138b6a731e66fdb91b2297a74830a318a3d7b30463df12d23f57fdd8c432
228	TCS-4710	Separations between certificate-game complexities	Communication complexity and Boolean function analysis	medium	bundled_direction	propose_removal		False	The card asks for any separation among a chain of several certificate-game measures. This is a collection of possible model comparisons; the saved rationale does not select one major separation to represent independently.	82af9b30b5c5550fe5d7228bc767859e7eee0c445d321d326c0e2dc47058eb08
229	TCS-4712	One-dimensional quantum advantage beyond NC⁰	Quantum computation	medium	model_variant	propose_removal		False	Quantum advantage beyond NC0 specifically from one-dimensional local circuits adds a geometry restriction to shallow-quantum separation questions.	f5b35a6a93960bd819c0a6249bc5a0288b8909232766d3837e750f250f95a61e
230	TCS-4718	T-gate complexity of pseudorandom quantum states	Quantum computation	medium	quantitative_refinement	propose_removal		False	The necessary T-gate count for computationally pseudorandom states quantifies one gate resource after a logarithmic obstruction. Broader pseudorandom-state and quantum computational-power questions take priority.	49608058c040bb15117172b5263480db731562ba139c465cf247a74acf04757c
231	TCS-4734	Locality-preserving quantum gap amplification	Quantum computation	medium	method_specific	propose_removal		False	A locality-preserving quantization of Dinur gap amplification is one technical strategy for quantum PCP. Keep the main conjecture before a separate card demanding the features of this particular classical route.	d7bbd3a8ac86632ab33b583f3b2c6ef6e4dc245bfdfc4c785e6bbbe3cc4c3855
232	TCS-4769	Query-complexity separations under uncertainty	Communication complexity and Boolean function analysis	medium	model_variant	propose_removal		False	Linear versus polynomial query separations for uncertainty-extended functions are tied to an additional input-semantics model. Prefer the principal deterministic, randomized and quantum comparisons for ordinary total functions.	9797c75969d34d3267e75f1fa4c21e8aa1d7588ef9591af4a06d89cdea0a7ad6
233	TCS-4823	Query reduction for good locally testable codes	Coding and information theory	medium	method_specific	propose_removal		False	A general query-reduction transformation for good LTCs is one route to better local testers. The principal existence and parameter limits for locally testable codes are stronger representatives.	998ec9ee8404a7a77bcfc82677f0e4c17d48ae676aa2de7c5c5fe69fb664729f
234	TCS-4867	AC⁰ classification of semigroup membership	Algebraic computation	medium	cluster_overlap	propose_removal		False	The AC0 slice of semigroup-membership classification is a narrower component of the retained full finite-semigroup classification; it need not occupy another place alongside that target and the qAC0/NL dichotomy.	0ec896c40ccd339c048f0e587417d9470634d80aa563552aaa758df1070363cd
235	TCS-4954	Communication advantage with one clean qubit	Quantum computation	medium	model_variant	propose_removal		False	A communication separation with one clean qubit adds a mixed-state initialization restriction to the general quantum-communication advantage question.	44374268491e9a39d5970517887537de8e04f80bf2cfd80b7cbe29ac7ba6292d
236	TCS-4961	Range avoidance for bounded-locality circuits	Computational complexity	medium	quantitative_refinement	propose_removal		False	The requested faster range-avoidance algorithm fixes bounded locality and polynomial output stretch. It is an additional running-time regime within a programme already represented by more general avoidance targets.	5423c2ef7e6e91be866515fdb81e6fc7d5f7049c646f574ddde4423e6d39e5d5
237	TCS-4992	Constant entangled bias with vanishing classical bias	Quantum computation	medium	quantitative_refinement	propose_removal		False	Keeping entangled bias constant while classical bias vanishes strengthens an existing ratio-separation programme for multiparty XOR games. General nonlocal-game and communication separations have broader marginal coverage.	9cc7c15c13e6423497cd180d162f842152253bfa1dea8f9e99ec6e1603fcd152
238	TCS-5021	Asymptotic optimality of QAOA for random regular Max-Cut	Quantum computation	medium	method_specific	propose_removal		False	Asymptotic Max-Cut optimality of QAOA on random regular graphs analyzes one quantum optimization algorithm in a particular random-instance limit. Its physics connection matters, but general quantum optimization barriers take priority.	45d65ba6ecc32ad33952a9b4767110d7d2b0e53ce516b2202e1f9c4779e4c2a7
239	TCS-5079	Pointer quantum PCP conjecture	Quantum computation	medium	model_variant	propose_removal		False	Pointer quantum PCP adds a structured proof format and an intermediate conjecture to the quantum-PCP cluster. It is distinct from the main conjecture, but has lower marginal priority as another proposed route.	b906372adfe5ac7e9368bc6ce1945e86b0842035a1d51e1c627c932500030fec
240	TCS-5100	Robust monotone-circuit lower bounds from Newton polytopes	Algebraic computation	medium	construction_variant	propose_removal		False	The robust Newton-polytope obstruction asks for hardness persisting under a source-specific relation between polynomials. General monotone and unrestricted arithmetic lower-bound targets provide broader representatives.	8c0d46f00e5d074898585a65d7dad7644636944b23185a56a7dae3adfef6c536
241	TCS-5106	One-round blind verifiable quantum computation	Quantum computation	medium	model_variant	propose_removal		False	Adding blindness to one-round two-prover quantum delegation combines three protocol constraints. The principal efficient verification and private delegation barriers provide broader coverage.	964aec39b1445a09e2971b8bb7d15ad3ff4fd4f156ff88816e5918b2f3c926e4
242	TCS-5108	Amplification cost in randomized query composition	Communication complexity and Boolean function analysis	medium	method_specific	propose_removal		False	Separating amplification costs for gap-majority and gap-OR composition probes two specific gadgets. The general randomized-composition barriers give broader coverage.	8186d04fff85c161300845b6d6e900e2cd7a6d0d6f790323e3769f637fe7fd2a
243	TCS-5136	Quantum distinguishing complexity versus approximate degree	Quantum computation	medium	model_variant	propose_removal		False	An exponential gap between quantum distinguishing complexity and approximate degree introduces a specialized state-output measure for partial functions. More general quantum-query and polynomial-method barriers take priority.	01054955f83ff40d025e3d464f1da4cb384d806233f08e8138497b0d08052ca9
244	TCS-5149	Threshold-circuit complexity of string matching	Computational complexity	medium	model_variant	propose_removal		False	Threshold-circuit size specifically for string matching adds a function-specific restricted-circuit target. General threshold-circuit lower bounds and the main string-algorithm barriers have broader coverage.	43241d8ea54b299a5a26e04308d58b6aa5fc0bc2af72fb7f8cdfa7ad23952c68
245	TCS-5173	Factor closure of constant-depth arithmetic circuits	Algebraic computation	medium	model_variant	propose_removal		False	Factor closure for constant-depth circuits adds a depth-restricted closure question to an already represented factoring and circuit-class programme. Prefer the more general closure and derandomization barriers.	125afbdd9c79dc417d95c71d91a27a2197b40ec022413683cd74b76295311266
246	TCS-5186	Unrestricted regret lower bounds for multi-task reinforcement learning	Online algorithms	medium	model_variant	propose_removal		False	Extending a cluster-then-learn regret lower bound to unrestricted algorithms remains tied to the source's adversarial multitask RL model. Broader representation and exploration barriers take priority.	27796025d60431dab61e8c577464ebff971e80b1e23106169211faf4b55c5baf
247	TCS-5253	Noisy query complexity versus GapMaj composition	Communication complexity and Boolean function analysis	medium	method_specific	propose_removal		False	Uniform equivalence between noisy queries and GapMaj composition for arbitrary block size asks whether one gadget captures the full cost model. Broader noisy-computation and randomized-composition barriers take priority.	ad7680f9f07a4b96bea5aee254252ba19a32d01d23b36d5d5df03b9f2aef8841
248	TCS-5304	Randomized parity decision trees versus approximate sparsity	Communication complexity and Boolean function analysis	medium	model_variant	propose_removal		False	The optimal gap between randomized parity decision trees and approximate sparsity adds a particular query-and-representation comparison to the communication lower-bound cluster.	3da11da73fe913fd4d6ea86b9821df27bec9eced2369e23c48d3c066887c9307
249	TCS-5315	Randomized query complexity of extremal low-degree Forrelation	Computational complexity	medium	construction_variant	propose_removal		False	The target restricts extremal Forrelation to low-degree F2-polynomial inputs and seeks a degree-dependent randomized bound. Prefer the more general quantum–classical query barriers over this additional hard-family refinement.	8ed80368fc3fe1a2a97a1a75a1d9ef9eb4611e32bb53f5d287f199191429e2ac
250	TCS-5420	Testing versus recovery in community detection	Beyond worst-case and average-case analysis	medium	method_specific	propose_removal		False	The selected task is a planted-clique reduction to one community-testing model. Prefer the principal average-case detection-versus-recovery barriers before adding this particular hardness-transfer route.	6fa9495a6a3b5d5c43c22ba45616db0893514590002896354adf527831971094
251	TCS-5425	Housing allocation in NC	Distributed, parallel and sublinear algorithms	medium	specialized_target	propose_removal		False	Parallel construction of a housing allocation or core is a problem-specific NC frontier beyond already parallel verification. The main allocation and parallel-computation barriers have broader coverage.	1b126b0be8b00b2a3c056dfdc12247504f80f607453e478485bb65707540ca2c
252	TCS-5478	Sample complexity of stochastic shortest paths	Learning theory	medium	bundled_direction	propose_removal		False	The saved remainder combines bounded hitting-time sample complexity, interactive access and weaker goal-reaching assumptions for stochastic shortest paths. It is a collection of model-specific extensions rather than one selected main planning barrier.	6feab22fb9c0c83446006d9c9b05252673ca1d9018dba23c6177e5f6954501f1
253	TCS-5490	Tandem-duplication reachability	String algorithms and bioinformatics	medium	specialized_target	propose_removal		False	Reachability under tandem duplications is a specialized string-rewriting model motivated by duplication histories. General word-equation, rewriting and sequence-algorithm barriers have broader coverage.	6b818f2f4f53b0a4ff6a9190ac5eabbc9ab1fae9d8a2a789b4fd7dff72994bf2
254	TCS-5492	Space-efficient search-to-decision reductions for pseudorandomness	Pseudorandomness and derandomization	medium	method_specific	propose_removal		False	A space-efficient search-to-decision reduction for partial pseudorandomness would extend one equivalence to CL and L. Prefer the principal space-bounded derandomization questions before this specific reduction route.	ab92fd73c24025fb941a1ad6935b365e2b8858f944e396112046d275c3f2fddd
255	TCS-5571	Subspace approximation of rank-one binary matrices	Algebraic computation	medium	specialized_target	propose_removal		False	Approximating the family of rank-one binary matrices by a linear subspace is tied to systematic linear bilinear-query structures. Its scope is narrower than the retained general matrix-rigidity and data-structure barriers.	1b0f9fa4f55c94ddf37c29b5515710636316b4437cae64c6556d15f571de7c7c
256	TCS-5594	Lower bounds for multi-output Karchmer–Wigderson games	Communication complexity and Boolean function analysis	medium	quantitative_refinement	propose_removal		False	Extending generalized Karchmer–Wigderson lower bounds beyond logarithmic output length fills the output-dimension range of a specific communication formulation. Prefer principal formula and composition lower bounds.	60b5e949d3c62f22b58ec7eb395f781499e5058de4b1e708853eb83d0f463c0a
257	TCS-5618	Hitting sets for determinant and matrix-product orbits	Pseudorandomness and derandomization	medium	construction_variant	propose_removal		False	Hitting sets for affine orbits of determinant and iterated matrix multiplication concern two structured polynomial families under hidden coordinates. General identity testing and arithmetic-circuit derandomization barriers take priority.	67150425b5a00a4491c48a0d096f2864967c8ad65c09e4f4bc8569362071305c
258	TCS-5632	Conditional-query complexity of support-size estimation	Property testing and distribution learning	medium	model_variant	propose_removal		False	Support-size estimation with combined conditional-sampling and evaluation access fixes an unusually strong oracle. Broader distribution-learning and conditional-testing barriers provide more coverage.	bb1c7c3727eefbe602571112bb55b2d13058a1079a9ae1f4b4e72cfa1ef7a1f0
259	TCS-5677	Local certification gap on paths	Distributed, parallel and sublinear algorithms	medium	quantitative_refinement	propose_removal		False	A gap between log-log n and log n certificate size on paths refines one interval of the local-certification landscape. General certificate-size and locality tradeoffs take priority.	09e77df06d76e712345859ee32b132a16815adcf3cb10bf432e484c55a897459
260	TCS-5706	Unified bound for binary search trees	Data structures	medium	cluster_overlap	propose_removal		False	The unified locality bound is a distinct BST guarantee, but adds another specialist access-sequence criterion to an already well-represented adaptive-search cluster. Prioritize dynamic optimality and the canonical independent conjectures.	e4b60fcddc03876c7b50451cdc8bf772012a8ed09634b9796f849fee152cda3a
261	TCS-5768	Sublogarithmic competitiveness of splay trees	Data structures	medium	quantitative_refinement	propose_removal		False	Sublogarithmic competitiveness of splay trees is an intermediate quantitative milestone within the dynamic-optimality programme. Preserve it as context for TCS-6498 instead of a separate benchmark card.	cf8c6bd427efed0c3578831c928b04ce55a25c96ced868c41bd3ef1f785d5f0b
262	TCS-5911	Graph neural network verification under logical constraints	Semantics, logic and verification	medium	bundled_direction	propose_removal		False	Verification of GNNs under further logical input assumptions is an extension programme of a source's logic-based verification framework. The saved passage does not isolate a major new barrier within it.	a8b7fd2e9f09cf0d9dcbd13e05335cb25f26187ff127c0c41f51db811e256db8
263	TCS-5941	Complexity of dynamic persuasion with forward-looking agents	Algorithmic game theory, mechanism design and fair division	medium	specialized_target	propose_removal		False	The saved target bundles complexity classifications for forward-looking agents across dynamic persuasion and mechanism design. It supplies a specialist programme rather than one independently selected major barrier.	6e4e6c15781f87224230d9a1d57ccc3fb3dfb2c1efd4e1140bfbeb1c55f3b782
264	TCS-6022	Uniform sampling of directed Euler tours in RNC	Distributed, parallel and sublinear algorithms	medium	specialized_target	propose_removal		False	Uniform directed Euler-tour sampling in RNC is a parallelization frontier for one combinatorial distribution. General parallel sampling and graph-algorithm barriers take priority.	1b1778c11cf53fbd0b6fa66d7590e75922c9b1768bf0f036099b22dc711f5307
265	TCS-6026	Isomorphism of automatically presented finitely generated groups	Algebraic computation	medium	model_variant	propose_removal		False	The target compares automatic presentations of finitely generated virtually abelian groups. It adds a specialized presentation-effectivity problem beyond the broader group-isomorphism questions already retained.	ac4bac60b88f2c1cfc915433d769599d90e9f023bd9134dafe872ad2c166f81d
266	TCS-6034	Capacitated edge-connectivity terminal backup	Optimization and numerics	medium	model_variant	propose_removal		False	Exact classification of edge-capacitated terminal backup isolates one capacity convention within network design. More general flow, connectivity and approximation barriers provide broader coverage.	344a53149d730895ef41ac0b7576036d6cd1b9401bfe8e26e74539d85345c6f7
267	TCS-6040	Strong approximation in learning coverage functions	Learning theory	medium	model_variant	propose_removal		False	Strong approximation in coverage-function learning under the source's query and distribution restrictions is a specialist function-family target. Broader computational learning and private-release barriers take priority.	5edccf342a023d162bae4b7c7943a3c3895a5474b2ec750ac57e68744da397b7
268	TCS-6074	USBP versus SBP communication complexity	Communication complexity and Boolean function analysis	medium	quantitative_refinement	propose_removal		False	A larger USBP-versus-SBP communication separation sharpens a distinction between two very weak acceptance-probability conventions after a small separation is already supplied by the source.	6fce5d4558eb343544c0096daccad73e85fb6c60ee271ea902362a21e0e37b5f
269	TCS-6089	First-order rewritability of consistent query answering	Database theory and finite model theory	medium	model_variant	propose_removal		False	First-order rewritability for the two named consistent-answer frameworks adds another mapping-and-repair-specific recognition question. Broader query rewritability and CSP classification barriers take priority.	edee2278f67edc9190f9b09a34057dd2d7b52dd604ceeab2ee5fbc00893a49f6
270	TCS-6107	Decidability of intuitionistic temporal logic with persistent models	Semantics, logic and verification	medium	model_variant	propose_removal		False	Decidability for persistent rather than expanding intuitionistic temporal models adds another semantic compatibility convention. General temporal and constructive-logical barriers take priority.	a6608da5db99f382f427a0ab97196358bc71e0a5431a0e40fd55792df240a34c
271	TCS-6135	Approximation–estimation tradeoffs under covariate shift	Learning theory	medium	quantitative_refinement	propose_removal		False	Optimizing the approximation constant against the statistical term in misspecified regression under covariate shift refines one error decomposition. More general learning-under-shift barriers have broader coverage.	32afeccc79ca568ee84a93ad9230006b062ef63aa938151d81962ef8582d7507
272	TCS-6150	Efficient graph reconstruction from resistance queries	Algorithms & data structures	medium	model_variant	propose_removal		False	Combining polynomial computation with subquadratic resistance queries is a reconstruction target in a particular electrical-measurement interface. General graph reconstruction and inverse-problem barriers take priority.	4860a27fdc4b2016776fe1b7e87c90069f00637a25249d2e724ce361d11b4dff
273	TCS-6168	EXP circuit lower bounds from NP-hardness of MCSP	Computational complexity	medium	method_specific	propose_removal		False	Strengthening the circuit consequences of MCSP NP-hardness, together with excluding one restricted reduction type, adds another conditional route around the same main meta-complexity barrier.	42e01b1a47aefa7911f5d09afd8bb360edcfb3c2107fef0c4a09e1c7e7e3ab9d
274	TCS-6287	Optimal local recovery in labeled block models	Beyond worst-case and average-case analysis	medium	model_variant	propose_removal		False	Optimal local recovery for two communities with a positive revealed-label fraction adds a supervised-model restriction to the broader community-detection and local-versus-global inference questions.	30831d5ae0f6e1ea4598d47140b35fa72ad6f49ad90793914a5590c3461bdea7
275	TCS-6319	Constant-competitive online matching on the line	Optimization and numerics	medium	consolidation	consolidate_then_remove	TCS-5158	True	The saved target repeats constant-competitive irrevocable online matching on the line in TCS-5158. Transfer the reference and align the deterministic/randomized convention before any deletion.	fdbf9bbfc2ddaf22f8d9cbc218b99eafaf26085eae56c97ef78b7181fdb73150
276	TCS-6343	Finite versus chromatic memory in infinite games	Semantics, logic and verification	medium	model_variant	propose_removal		False	Finite general memory versus chromatic memory on infinite arenas isolates what strategy updates may observe. This extra memory convention has lower marginal coverage than the main finite-memory determinacy questions.	bde55224ac8318623ed1edd4bf318d9eafe75daf3f19d2ca2f65db7d53b29358
277	TCS-6393	Lower bounds for conditional equivalence testing	Property testing and distribution learning	medium	quantitative_refinement	propose_removal		False	Strengthening a log-logarithmic lower bound for conditional equivalence testing is an additional quantitative refinement of a restricted-access comparison.	50eeed8cdc6d96b0e95e3fc47bc0574b78e4c1a8e675bd4c942dd9dc56901cb7
278	TCS-6461	Complexity growth in monitored random circuits	Quantum computation	medium	construction_variant	propose_removal		False	Approximate complexity growth for generic monitored random-circuit outputs extends specially engineered instances within a particular measurement model. Broader explicit quantum complexity and simulation barriers take priority.	6eaa53e3cc2febc9adde7e3287340d295fa4a77edae6fff7e7db92d180917da4
279	TCS-6514	Optimal decrease-key in pure pairing heaps	Data structures	medium	model_variant	propose_removal		False	The decrease-key target concerns the specifically defined pure pairing-heap discipline. Its minimal-bookkeeping appeal is real, but this additional heap variant has lower priority than general priority-queue and dynamic-data-structure barriers.	78d9be68cf63685a47da3ce90d82605ff8cdfce15108e43ec5d7ddc86ae99a5e
280	TCS-6718	Exponential weakly read-once branching-program lower bounds	Computational complexity	medium	model_variant	propose_removal		False	Exponential lower bounds for weakly read-once nondeterministic branching programs focus on the distinction between consistent and inconsistent paths. Broader branching-program and circuit separations take priority.	c275563cac3aae485faa8e6eb1aca27fcffc7f6c050519139e56a3504dd9c116
281	TCS-6736	Nearly quadratic adaptive-testing gaps	Property testing and distribution learning	medium	quantitative_refinement	propose_removal		False	Nearly quadratic adaptive-versus-nonadaptive testing gaps seek a particular separation scale. General adaptivity characterizations and stronger model-power barriers take priority.	3ce5a547794dc9a8a59cd197a11eae01000985cd7aa5e9cf2f19b7746e1a4a68
282	TCS-6772	Resolution variable-space complexity in PSPACE	Proof complexity	medium	quantitative_refinement	propose_removal		False	A PSPACE upper bound for deciding resolution variable-space requirements sharpens recognition complexity for one of several proof-memory measures. Principal proof-space and automatability barriers take priority.	6ee52a58214bc5c6115a5958ee4e11163fc3cf9a984816379655c0519e949d97
283	TCS-6782	Pair capacity of linear-size additive spanners	Algorithms & data structures	medium	quantitative_refinement	propose_removal		False	Maximum supported pair count for linear-size constant-additive spanners is a further parameter slice of the size-versus-distance tradeoff. The main all-pairs and spanner-versus-emulator barriers give broader coverage.	bc53300b446b4bf1226693613122440d1dcfe9018307b4c19773a6cfb1d757bd
284	TCS-6783	Four-additive spanners with O(n^(4/3)) edges	Algorithms & data structures	medium	quantitative_refinement	propose_removal		False	Exactly +4 additive error and n^(4/3) edges form a single precise point of the spanner tradeoff. Main spanner-size and spanner-versus-emulator questions give broader coverage.	00db7d38ca7c2e9ef68476a7514256d18bbf1a77d9897f8989e7d72367fdeae1
285	TCS-6833	Asymptotically optimal nonparametric bandit policies	Online algorithms	medium	quantitative_refinement	propose_removal		False	Leading-constant asymptotic optimality for further nonparametric reward classes sharpens rate-level robust bandit results. General finite-time exploration and heavy-tail learning limits have broader coverage.	ef84b8e0eeedadd9a53eadb66cf486c106d6e734ed17c711a97a722ed3b10330
286	TCS-6875	Two-sided Ramanujan signings	Structural graph theory	medium	construction_variant	propose_removal		False	Two-sided Ramanujan signings and two-lifts demand one particular family-building mechanism. General existence and efficient explicit construction of Ramanujan graphs take priority; no one-sided theorem is treated as resolving this target.	98b12b8e66401078c97c8045d754716e6c27b20b183ccd6a2325554ca4c38e89
287	TCS-6912	Permanent lower bounds from learning	Algebraic computation	medium	method_specific	propose_removal		False	Deriving permanent lower bounds from arithmetic learning is a particular algorithms-to-hardness implication. Prefer the lower-bound targets and the more general identity-testing connections before this extra route.	cf64364627c98ad7134313d8e45d52c17fd29da250a9ae6e135c6bef825eecb1
288	TCS-6952	Unconditional space-restricted 3SUM lower bounds	Fine-grained complexity	medium	model_variant	propose_removal		False	Strong lower bounds for suitably space-restricted 3SUM add a restricted-resource direction beyond the main unrestricted hypothesis. Its saved motivation does not pick an independently consequential tradeoff.	143b0e015b795ea8e1f749e8a86cd29722f348b935e51958fd7dd8c088256191
289	TCS-6985	Complexity of polycyclic conjugacy search	Algebraic computation	medium	model_variant	propose_removal		False	Polycyclic conjugacy search is motivated by a particular family of nonabelian cryptographic platforms; its saved rationale is less general than the retained foundational cryptographic assumptions and group decision barriers.	8ad61777071f95806fcf0c63f8c3bf0dc3e14893a8acd4707a394d90c9c763db
290	TCS-7087	Polynomial-space conversion from incremental to polynomial delay	Counting and enumeration	medium	method_specific	propose_removal		False	Smoothing an unknown incremental-delay bound in polynomial space is a particular simulation task with an extra lack-of-advice condition. Retain the principal enumeration time-space and delay-class comparisons.	b861cc786b283f00c8052b1bfeb8e51d4310c18f6c5c27c0a539cb8736076488
291	TCS-7088	Strong polynomial-delay lower bounds for DNF enumeration	Counting and enumeration	medium	specialized_target	propose_removal		False	A strong-delay lower bound specifically for DNF-model enumeration is one proposed witness for refined delay limitations. The broader strong-versus-ordinary delay question remains available.	4212fa6bab3b605bbe7d0fce8452307c651127bf4631894ef76ff82828de462c
292	TCS-7126	Complexity of two-sided distributive unification with constants	Automated reasoning and unification	medium	quantitative_refinement	propose_removal		False	Tight complexity for two-sided distributive unification with constants adds a signature-specific refinement beside the more basic decidability questions for distributive unification.	a35516a3d2b3c3ee4c032e1cc121b8778f348b614acfaceba0b7ea02658352c6
293	TCS-7127	Enumeration complexity under bag semantics	Database theory and finite model theory	medium	bundled_direction	propose_removal		False	Bag multiplicities and aggregate-query enumeration combine several output semantics and query extensions. The saved direction has no independently selected central barrier beyond this specialist enumeration programme.	f0242e50a932ed340aafaffd7594c7162b1221ebd4d36d3a22dc59af19cb5f1a
294	TCS-7129	Prime implicates versus DNNF succinctness	Computational complexity	medium	model_variant	propose_removal		False	Prime-implicate descriptions versus polynomial-size DNNF form one particular entry of the compilation succinctness map. The main decomposition and closure barriers provide broader coverage than this extra representation pair.	b59c221a91eb24e5b6e439305d44e5917eaa6655f70a29fa4783aebc30de5fa1
295	TCS-7130	Prime implicates versus d-DNNF succinctness	Computational complexity	medium	model_variant	propose_removal		False	Prime-implicate descriptions versus deterministic DNNF add a second closely related comparison from the same compilation map. This is a distinct stronger question, but has lower marginal priority in the smaller pool.	a78bd21e088a08ff2424c6d047c3955269c24ea00689d8f27e1301e6e4b5560f
296	TCS-7131	Prime implicants versus d-DNNF succinctness	Computational complexity	medium	model_variant	propose_removal		False	Compiling complete prime-implicant lists into deterministic DNNF is another specific representation comparison. It should not displace broader questions about determinism, decomposability and complement closure.	7251ac9feed5a7ebba1094ed2d06155d6d6d724df0326c8053de2e7f58e9487d
297	TCS-7201	Ordinal MMS guarantee for goods	Algorithmic game theory, mechanism design and fair division	medium	quantitative_refinement	propose_removal		False	The exact ordinal MMS denominator adds a second quantitative relaxation of the same goods-allocation fairness programme. Prefer the principal MMS guarantee and EFX barriers in the reduced pool.	515ddccf19d11258e14f6a4addbe6cb30b42130feaa3b05627f1f11dd1529ead
298	TCS-7202	Envy-free proportional cake cutting with free disposal	Algorithmic game theory, mechanism design and fair division	medium	model_variant	propose_removal		False	Sharp query complexity after allowing disposal is an additional cake-cutting convention beside the retained complete exactly envy-free allocation target; its distinct resource-relaxation question is lower priority for this batch.	e5790512f3d93d929d859a9e69e0f35c4310afa0190a4f6e8fb4098d880f9365
299	TCS-7204	Minimum cuts for finite envy-free cake-cutting protocols	Algorithmic game theory, mechanism design and fair division	medium	quantitative_refinement	propose_removal		False	The minimum final-cut count of finite envy-free protocols optimizes fragmentation separately from query cost. This is a meaningful geometric resource, but an additional quantitative cake-cutting frontier beside the main complete-allocation target.	9b9ea6308c36443af905b164e061639835cf410e9d0ad7470a19e02b670a18e9
300	TCS-7269	Exponential multilinear-formula lower bounds for the permanent	Algebraic computation	medium	quantitative_refinement	propose_removal		False	Upgrading the existing multilinear-formula permanent separation to an exponential bound is substantial, but remains a quantitative strengthening in a restricted model alongside broader unresolved formula and circuit separations.	8307c84c2d0739fa67932a099168fb027bdb341003102342edc42db0c66eccdf
