TCS-6498	Are splay trees dynamically optimal?	Splay trees are almost dynamically optimal
TCS-6510	Can exact weighted all-pairs shortest paths be computed in truly subcubic time?	Subcubic Equivalences between Path, Matrix and Triangle Problems
TCS-6503	The online Boolean matrix–vector multiplication conjecture	Unifying and Strengthening Hardness for Dynamic Problems via the Online Matrix-Vector Multiplication Conjecture
TCS-6511	Is Exact Matching on general graphs in deterministic polynomial time?	Exact Matching: Algorithms and Related Problems
TCS-0590	Hill’s formula for complete-graph crossing numbers	SIGACT Open Problems Column
TCS-0595	Computing disjoint paths	Graph Colouring: from Structure to Algorithms
TCS-0611	Bipartite Exact Matching: deterministic polynomial time	Exact Matching: Algorithms and Related Problems
TCS-6508	Do splay trees support deque operations in constant amortized time?	Splay Trees, Davenport-Schinzel Sequences, and the Deque Conjecture
TCS-0474	Can pointer-machine working-set heaps have constant amortized insertion and decrease-key?	Adaptive and Scalable Data Structures (Dagstuhl Seminar 25191)
TCS-0589	Finding H-Induced Minors	Vertex Partitioning in Graphs: From Structure to Algorithms
TCS-6512	Does splaying every BST preorder take linear total time?	Splaying Preorders and Postorders
TCS-6509	Does recursively splitting a splay tree always take linear total time?	Splay trees are almost dynamically optimal
TCS-0594	Colouring Graphs of Bounded Diameter	Graph Colouring: from Structure to Algorithms
TCS-1141	Can reachability diameter be approximated within a constant in near-linear time?	Revisiting Diameter in Directed Graphs
TCS-0477	Can the final survivors of an offline heap sequence be found with linear comparisons?	Scalable Data Structures (Dagstuhl Seminar 21071)
TCS-0479	Can an acyclic subgraph preserve a constant fraction of the optimal reachable pairs?	Data Structures and Advanced Models of Computation on Big Data (Dagstuhl Seminar 16101)
TCS-0585	Hardness/tractability radius of Hamiltonian Cycle	Solving Problems on Graphs: From Structure to Algorithms
TCS-0475	Does ordinary median-of-medians selection with groups of three run in linear time?	Adaptive and Scalable Data Structures (Dagstuhl Seminar 25191)
TCS-0612	Order-based labels for directed reachability	Antoine Amarilli: research questions
TCS-6514	Do pure pairing heaps support O(log log n) amortized decrease-key?	Pure Pairing Heaps
TCS-0480	Does the expected redundancy of optimal alphabetic trees with random weights converge?	Data Structures and Advanced Models of Computation on Big Data (Dagstuhl Seminar 16101)
TCS-0596	Odd cycle transversal in P5 -free graphs	Graph Colouring: from Structure to Algorithms
TCS-0598	Precoloring extension of graphs	Graph Colouring: from Structure to Algorithms
TCS-1468	Can four-sided skyline reporting match ordinary range reporting?	New Results on Three-Sided Skyline Range Counting and Reporting
TCS-6502	Can lazy B-tree priority queues keep their I/O bounds with stable handles?	Towards Lazy B-Trees, revised version with erratum
TCS-0471	Reporting object intersections inside half-plane queries	Adaptive and Scalable Data Structures
TCS-0576	A spectral bound on the $k$-token graph of G	TCS Open Problems
TCS-0577	Complexity of four-coloring with one crossing	SIGACT Open Problems Column
TCS-0578	Crossing threshold for four-coloring hardness	SIGACT Open Problems Column
TCS-0591	k-Community	Vertex Partitioning in Graphs: From Structure to Algorithms
TCS-0600	Best strategy to catch the drunk robber	Theory and Applications of Graph Searching Problems (GRASTA 2011)
TCS-0601	Computing edge and nodes search numbers on special graph classes	Theory and Applications of Graph Searching Problems (GRASTA 2011)
TCS-0602	Connected node search number	Theory and Applications of Graph Searching Problems (GRASTA 2011)
TCS-0605	Escaping from random cops	Theory and Applications of Graph Searching Problems (GRASTA 2011)
TCS-0607	Optimal randomized ray-search strategies without order restrictions	Theory and Applications of Graph Searching Problems (GRASTA 2011)
TCS-0613	Regular-language constrained linear extensions	Antoine Amarilli: research questions
TCS-1000	Degenerate and slowly evolving dynamic networks	Temporal Graphs: Structure, Algorithms, Applications
TCS-1002	Temporal communities, multistage meta-theorems and burstiness	Temporal Graphs: Structure, Algorithms, Applications
TCS-1003	Temporal matching in O ∗ (2n ) FPT time?	Temporal Graphs: Structure, Algorithms, Applications
TCS-1142	Can we remove the term |{(u, v) : D[u, v] ̸= d(u, v)}| from the definition of the prediction error η?	Warm-Starting All-Pairs Shortest Paths with Predictions
TCS-1147	Can one obtain deterministic algorithms for 2-DSP and Min-2-DSP, which match the time bounds guaranteed by the current fastest randomized algorithms?	Efficient Algorithms for the Disjoint Shortest Paths Problem and Its Extensions
TCS-1152	Is Upper Clique Transversal polynomial-time solvable on permutation graphs or, more generally, on graphs of (linear) mim-width 1?	Upper Clique Transversal on Interval Graphs and Beyond
TCS-1153	For a given temporal graph G, how to compute the minimum number of time-labels to be modified in order to obtain a comparability temporal graph?	Extending Ghouila-Houri’s Characterization of Comparability Graphs to Temporal Graphs
TCS-1154	Is there an algorithm that solves Face Cover in 2O( k) time, where k is the face cover number?	A Polynomial Kernel for Face Cover on Non-Embedded Planar Graphs
TCS-1174	If yes, can f be polynomial?	A Polynomial Bound on the Pathwidth of Graphs Edge-Coverable by k Shortest Paths
TCS-1178	Does the membership problem exhibit a qAC0 vs. NL-complete dichotomy?	Efficient Compression in Semigroups
TCS-1183	– Series-parallel graphs Theorem 7 Negative examples – Same rotation system – Different rotation systems, Theorem 11 all implementing embeddings	Rerouting Curves on Surfaces
TCS-1184	A natural question that remains open is the cut-off: if there is a number n such that we cannot synchronize almost surely n tokens, how […]	Optimally Controlling a Random Population
TCS-1185	Is there an algorithm that, given a digraph D, decides whether sinv⩽p 1 (D) ⩽ 1 holds in time f (p) · nO(1) for some […]	Increasing Arc-Connectivity by Bounded- and Fixed-Size Inversions
TCS-1208	We leave the open problem, whether the antichain case can also be generalized to all k > 3.	Maximum Coverage k-Antichains and Chains: A Greedy Approach
TCS-1232	It is an open question whether WST can be updated in O(log n) worst-case time per insert or delete operation.	Weak Binary Search Trees
TCS-1246	The class of Eulerian digraphs is well-quasi-ordered by weak immersion.	Well-Quasi-Ordering Eulerian Digraphs: Bounded Carving Width
TCS-1251	Although there is an output-sensitive algorithm for listing triangles [6], it remains open whether it can be extended to arbitrary cyclic queries.	Output-Sensitive Evaluation of Acyclic Conjunctive Regular Path Queries
TCS-1265	Can a 2-edge-connected outerplane graph be augmented to 3-edge-connectivity in near-linear or better time?	Connectivity Augmentation of Plane Graphs
TCS-1278	Every 2-CNF formula φ on n variables has a 2-CNF encoding φ′ such 2 that |φ′ | ≤ ( 41 + o(1)) lgn n .	Automated Reencoding Meets Graph Theory
TCS-1292	It is unknown whether there exists a deterministic algorithm to reconstruct bounded-degree graphs in o(n2 ) queries.	Cutwidth Versus BFS-Width with Applications to Graph Reconstruction from Distance Queries
TCS-1307	However, understanding whether κT is large only for “pathological” constructions remains an open question.	Limitations of SGD for Multi-Index Models Beyond Statistical Queries
TCS-1317	Extending the theory to values of α close to 0 remains an open problem.	CONVERGENCE RATES FOR DISTRIBUTION MATCHING WITH SLICED OPTIMAL TRANSPORT
TCS-1322	If p = ω(1/ n) is at most 1/2 and G ∼ G(n, p) or G ∼ G(n, 1 − p), then √ G is […]	Almost All Graphs Are Vertex-Minor Universal
TCS-1338	For a set system S Ď 2rms , weights w : rms Ñ Rě0 and ϵ ą 0, there exists a p1 ˘ ϵq sparsifier […]	Multiplicative Error Set System Sparsification: A Simpler Proof via Chain Length Contraction
TCS-1345	It should be mentioned that for general A and B, it is unknown whether the relation A ▷ B (or, equivalently, the existence of a […]	Generalized Snarks, Disjoint Perfect Matchings, and Graph Covers
TCS-1346	The expressive power of order-invariant cluster FO on more general classes is also of interest; we conjecture that the same upper bound can be shown […]	Order-Invariant Cluster First-Order Logic on Graph Classes of Bounded Degree
TCS-1347	As a consequence, it remains open whether a label correcting algorithm can guarantee termination within a predefined number of iterations in general while still identifying […]	Label Correcting Algorithms for the Multiobjective Temporal Shortest Path Problem
TCS-1348	We leave open whether the TIM width of a temporal graph is computable in polynomial time, but are optimistic that choosing the grouping of vertices […]	Families of Tractable Problems with Respect to Vertex-Interval-Membership Width and Its Generalisations
TCS-1373	Generalizing our algorithmic results to this min-variant is non-trivial and remains open.	Revisiting Graph Modification via Disk Scaling: From One Radius to Interval-Based Radii
TCS-1379	While this update time is close to the conjectured lower bound, several directions remain open for future investigation.	Near-Optimal Dynamic Data Structures for Maximum Depth and Klee’s Measure of Boxes
TCS-1390	This appears extremely difficult, if not impossible, so we leave this as an open problem.	Constructing Incompatibility Graphs of Pairs of Trees in Optimal Output-Sensitive Time
TCS-1408	Are there other natural classes that admit fixed parameter algorithms?	Maximizing Reachability via Shifting of Temporal Paths
TCS-1412	Are there efficient algorithms for special cases?	Hardness of Multi-Agent Path Finding on Trees: A Unified Approach
TCS-1415	In particular, can Corollary 4.2 be generalized to wider interesting graph classes?	Conflict-Free Coloring Planar Graphs with 4 Colors
TCS-1418	Can we design a data structure of size 2 o(n ) that provides a good approximation for the shortest path under three faults?	Approximate Single Source Dual Fault Tolerant Distance Oracle
TCS-1422	Do polynomial-time algorithms exist for planar graphs?	Nemesis, an Escape Game in Graphs
TCS-1425	Can one achieve the conditionally optimal update time O(k 2 )?	Connectivity Oracle Under Vertex Failures by Shortcutting Unbreakable Decomposition
TCS-1430	Which Reasoning Principle is Best?	Persistent Amortised Analysis, Operationally
TCS-1447	A related question is the following: given a graph G, what is the maximal k such that G contains a k + -branching spanning tree?	Burning Graph Powers and Branching Trees
TCS-1451	For example, can STGR be solved in polynomial time on planar graphs?	Brief Announcement: Revisiting the Realizability of Periodic Temporal Graphs with Bounded Stretch
TCS-1452	Besides combinatorial algorithms, do faster algorithms for shortest temporal path or fastest temporal path with uniform delay one exist (e.g. leveraging linear algebra)?	Complexity Gaps Between Point and Interval Temporal Graphs for Some Reachability Problems
TCS-1453	Does clique-coloring also have polynomial size SBC− refutations?	Conditional Autarkies: Hard Formulas Made Easy
TCS-1455	For example under the measurement of fulfilling as many entries as possible, are there constant factor approximations for Shortest-path TGR or Fastest-path TGR?	Foremost, Fastest, Shortest: Temporal Graph Realization Under Various Path Metrics
TCS-1459	Is there a graph G such that hom(Fi , G) = mi for every i ∈ [k]?	The Complexity of Homomorphism Reconstruction Revisited
TCS-1465	Can we obtain a lossy kernel/protocol that is uniform also with respect to ε?	Protrusion Decompositions Revisited: Uniform Lossy Kernels for Reducing Treewidth and Linear Kernels for Hitting Disconnected Minors
TCS-1466	Is it possible to extend its applicability to weighted problems in P?	Mind the Gap. Doubling Constant Parametrization of Weighted Problems: TSP, Max-Cut, and More
TCS-1481	Extending our results to other permutation similarities such as reversal is another interesting direction; our current lower bound techniques seem inadequate for the block reversal […]	On the LSH Distortion of Ulam and Cayley Similarities
TCS-1483	This naturally raises the following question: can algorithms with limited future information outperform the (1 + ϵ)αrCOMP threshold for Hr (n, p) and the (1 […]	Algorithmic Phase Transition for Large Independent Sets in Dense Hypergraphs
TCS-1486	The structural insights that we have gained in this paper could be a good starting point for tackling this problem, as well as the general […]	Towards the Recognition of Oriented Interval Graphs
TCS-1503	We also note that Theorem 28 shows that testing whether a given pair of vertices is adjacent takes Ω(n) effective resistance queries, but we do […]	Graph Inference with Effective Resistance Queries
TCS-1510	Are there properties of finite mathematical objects that can only be certified efficiently to a high degree of confidence by probabilistic algorithms, but that we […]	A Demigod’s Number for the Rubik’s Cube
TCS-1515	Another natural line of investigation involves approximate α-preservation: given some neighborhood graph and a fixed target dimension d, what fraction of neighborhoods can be α-preserved […]	Compressibility Barriers to Neighborhood-Preserving Data Visualization
TCS-1518	For our main result (Theorem 1), we leave open the question of a factor-	Compact Representations of Pattern-Avoiding Permutations
TCS-1535	For every integer d ≥ 2, what is the computational complexity of d-Cut on claw-free graphs of maximum degree ∆ = 2d + 2?	Finding d-Cuts in Claw-Free Graphs
TCS-1538	Do graphs with bounded mixed number have bounded queue number?	Transforming Stacks into Queues: Mixed and Separated Layouts of Graphs
TCS-1557	Another question we leave open is: what is the complexity of DelayBetter restricted to planar inputs with Tmax ∈ [2, 18]?	Better Late, Then? The Hardness of Choosing Delays to Meet Passenger Demands in Temporal Graphs
TCS-1561	Observe that Theorem 4 shows that Theorem 3 is tight up to polylogarithmic factors, but it remains open whether we can explicitly trade between the […]	Low Sensitivity Hopsets
TCS-1563	We conclude by summarizing a few intriguing problems that remain open. (i) Improve the upper and lower bounds for pqn(Kn ). (ii) Determine the complexity […]	Linear Layouts of Graphs with Priority Queues
TCS-1570	Having characterized what it means for a coalgebra to be a tree, it remains open how other graph-based notions can be described by universal properties.	Trees in Coalgebra from Generalized Reachability ((Co)algebraic pearl)
TCS-1593	We were not able to determine if the problem is XL-complete or not and leave as an open problem the exact complexity of Path-Tape-Rec.	The Tape Reconfiguration Problem and Its Consequences for Dominating Set Reconfiguration
TCS-1594	On the flip side, we conjecture that the expected rank error is never better than before the first deletion.	A Simple yet Exact Analysis of the MultiQueue
TCS-1595	While β-matching at order 4 is decidable [14], decidability at order 5 remains an open question.	Mechanized Undecidability of Higher-Order Beta-Matching
TCS-1604	In terms of checking whether evc(G) = mvc(G), although we have a complete characterization, the question of finding a simpler characterization remains open.	A Characterization of Spartan Graphs and New Lower Bounds for Eternal Vertex Cover
TCS-1605	For any k ∈ N0 , G− H k is a proper subset of Gk .	The Bend Number of Cocomparability Graphs
TCS-1607	We do not know whether the string graphs have a finite or infinite number of subcubic obstacles.	String Graph Obstacles of High Girth and of Bounded Degree
TCS-1617	For any subcubic graph H, H-ISC is in P if and only if H is planar.	Induced Disjoint Paths Without an Induced Minor
TCS-1618	In other words, does a pair of graphs that are LU-equivalent but not LC-equivalent on 26 vertices or less exist?	Deciding Local Unitary Equivalence of Graph States in Quasi-Polynomial Time
TCS-1622	We leave as an open question determining the complexity of distance labeling for circular permutation graphs, and finding other interesting generalisations.	Optimal Distance Labeling for Permutation Graphs
TCS-1623	We conjecture that there exists an MPFS algorithm for OTR(k, m) that achieves the matching upper bound of 2m − 1.	A Nearly Optimal Deterministic Algorithm for Online Transportation Problem
TCS-1631	We have to leave open the case of edge clique cover number 2.	A Graph Width Perspective on Partially Ordered Hamiltonian Paths and Cycles II: Vertex and Edge Deletion Numbers
TCS-1633	We conjecture that F(d) and I(d) will be different for all d ≥ 2.	Optimal Online Bipartite Matching in Degree-2 Graphs
TCS-1637	We construct t-consecutive interval querying, ideal Hamming aLDCs in private-key and resource-bounded settings and leave a construction for worst-case Hamming errors as an open question.	Amortized Locally Decodable Codes for Insertions and Deletions
TCS-1638	Similarly, we leave it as an open question whether the same approach can be extended to a larger number of queries.	Improved Lower Bounds for 3-Query Matching Vector Codes
TCS-1639	Every hereditary small class of graphs has neighborhood complexity O(n).	Adjacency Labeling Schemes for Small Classes
TCS-1657	What is the complexity of k-Subcoloring on ∆-disk graphs?	Subcoloring of (Unit) Disk Graphs
TCS-1658	It remains an open problem to design a gap structure, which allows for efficiently supporting Split and Merge.	Lazy B-Trees
TCS-1662	The complexity of determining whether such a blocking set exists in a given graph G remains an open computational problem.	Restless Exploration and Token Dissemination in Vertex-Permuted Temporal Graphs
TCS-1664	We do not know yet if temporal cliques admit O(n) spanners, thus the latter result might not appear very decisive.	Dismountability in Temporal Cliques Revisited
TCS-1666	Problems 1 and 5 remain open for general graphs, i.e., for graphs not covered by Theorems 7 and 8 (recall Remark 11).	Listing Spanning Trees of Outerplanar Graphs by Pivot-Exchanges
TCS-1667	Also, can the space for a data structure for LCE queries be improved?	Two-Dimensional Longest Common Extension Queries in Compact Space
TCS-1668	However, for separated non-matchings, we can only bound the number of k-critical graphs when k = 2, and it remains open for larger k.	Forbidden Patterns in Mixed Linear Layouts
TCS-1671	We also leave open the question of a polynomial kernel for Prison-free Edge Editing.	Polynomial Kernel and Incompressibility for Prison-Free Edge Deletion and Completion
TCS-1684	A further extension to the – usually bad – partial AAMs on unbalanced reactions remains an open problem for future research.	Extension of Partial Atom-To-Atom Maps: Uniqueness and Algorithms
TCS-1687	We do not know how to compute ε(G, ℓ) efficiently, or some other value that could replace it.	Testing Whether a Subgraph Is Convex or Isometric
TCS-1690	Now, can we find o(n/k) vertices as vantage points p OP T edge capacities?	Vantage Point Selection Algorithms for Bottleneck Capacity Estimation
TCS-1703	We leave it as an open question whether it is possible to compute the optimal shifted ordered encoding in sub-cubic time as a function of […]	The Trie Measure, Revisited
TCS-1714	Besides some open questions in Table 1, the main problem we leave open for further research is whether it is possible to find a stable […]	Stable Hypergraph Matching in Unimodular Hypergraphs
TCS-1715	It is still an open problem if one can achieve their runtime of ≈ n2+1/18 via a deterministic algorithm and it is conjectured that improving […]	Acceleration Meets Inverse Maintenance: Faster 𝓁_∞-Regression
TCS-1724	Despite Theorem 10 showing that k ∗ (n) ⩾ n/3−O(1), we suspect that k ∗ (n) = n/2+o(n), and we leave open to determine the […]	Isometric-Universal Graphs for Trees
TCS-1729	Efficiently optimizing divisions for 64 bit (and larger) integers is an open problem, but perhaps existing schemes for shorter integers[9] could be applied to larger […]	Succinct Rank Dictionaries Revisited
TCS-1730	It remains an open problem whether it is possible to construct an MPHF with space within 0.1 bits/key from the lower bound that is as […]	PtrHash: Minimal Perfect Hashing at RAM Throughput
TCS-1738	In particular, we do not know if it is possible to design algorithms whose mistake bound depends polynomially on ω(G) instead of h(G) like in […]	Self-Directed Node Classification on Graphs
TCS-1743	Moreover, we conjecture that for this type of graphs, the Fibonacci dimension never equals the isometric dimension.	A Family of Partial Cubes with Minimal Fibonacci Dimension
TCS-1777	Are there reasonable ways to define distinctiveness i.e. discard “trivial” extensions to algorithms in less restrictive models than ours?	Amnesiac Flooding: Easy to Break, Hard to Escape
TCS-1778	Is it possible to encode X using only 2 bits per node so that it can be decompressed locally?	Distributed Computation with Local Advice
TCS-1783	Is there a candidate data structure for the convex shelling antimatroid that is fast enough to sort optimally?	Optimal Antimatroid Sorting
TCS-1791	The question of improving the upper bound also remains for capped graphs; do capped graphs admit O(n log2 n)-size biclique covers?	Compact Representation of Semilinear and Terrain-Like Graphs
TCS-1801	What is the complexity with respect to n, when only one of them is constant?	Fairness and Efficiency in Two-Sided Matching Markets
TCS-1803	Specifically, are there graphs that admit a linearly separable Gabriel drawing but do not have a border parabola drawing?	Separability of Witness Gabriel Drawings
TCS-1806	Do the diameters for different flip types differ or do they coincide?	Constrained Flips in Plane Spanning Trees
TCS-1809	Is ρ-GraphDD Ω(log n)-hard for every fixed constant ρ > 1?	On Deleting Vertices to Reduce Density in Graphs and Supermodular Functions
TCS-1819	For example, does CRCS admit a polynomial-time algorithm on trees or on caterpillars?	Coloring Reconfiguration Under Color Swapping
TCS-1821	Does there exist a local routing algorithm that works on the ordered Θ-graph?	Local Routing on Ordered Θ-Graphs
TCS-1827	More concretely, is there an adaptive deterministic query algorithm that requires fewer than n O(∆3 log( ∆ )) queries?	Graph Reconstruction via MIS Queries
TCS-1829	Once again, does the same or a similar result hold true for bounded twin-width?	Solving Partial Dominating Set and Related Problems Using Twin-Width
TCS-1833	What is the complexity of STGR for ∆ = 2?	Temporal Graph Realization with Bounded Stretch
TCS-1840	What algorithm(s) do we compare to?	Algorithm Engineering of SSSP with Negative Edge Weights
TCS-1841	What are the asymptotics of ω(G)/σ(G)?	Hyperbolic Random Graphs: Clique Number and Degeneracy with Implications for Colouring
TCS-1846	Is Edge Coloring solvable in O∗ (1.9999m ) time, or at least in O∗ (2m−n ) time?	Faster Edge Coloring by Partition Sieving
TCS-1847	What would holes and loops in the Steinhaus filtration for recommendation systems mean?	Steinhaus Filtration and Stable Paths in the Mapper
TCS-1848	Is there a constant cd such that Independent Set can be solved in polynomial time in Hd when r ≥ cd log n?	Structure and Independence in Hyperbolic Uniform Disk Graphs
TCS-1851	Can Theorem 21 be generalized to solve CSMP on planar graphs?	A Minor-Testing Approach for Coordinated Motion Planning with Sliding Robots
TCS-1855	For example, which data structure implements the graph shown in Figure 1b?	A Data Type of Intrinsically Plane Graphs in Agda
TCS-1860	Does every st-plane graph admit a planar straight-line dominance drawing?	On Planar Straight-Line Dominance Drawings
TCS-1861	Is there a linear space data structure that supports vertical slab closest pair √ queries in o( n) time, or even in O(polylog (n)) time?	Tight Bounds on the Number of Closest Pairs in Vertical Slabs
TCS-1863	What is the new recovery threshold?	Partial and Exact Recovery of a Random Hypergraph from its Graph Projection
TCS-1866	We conjecture that our bounds are tight, in the sense that log n is also a lower bound for the maintenance cycles for these data […]	Brief Announcement: Highly Dynamic and Fully Distributed Data Structures
TCS-1868	Perhaps this could be overcome by combining the solutions more carefully, but we leave the problem of finding a PTAS for the simultaneous case open […]	The Price of Connectivity Augmentation on Planar Graphs
TCS-1869	The class with the value “?” contains problems that are compatible and those that are not compatible and we conjecture that there exists a polynomial-time […]	Graph Tiles (Poster Abstract)
TCS-1871	We leave as open questions whether this upper bound is tight in (i) irregular cuckoo hashing instances, in (ii) IID instances with known distribution, in […]	A New Impossibility Result for Online Bipartite Matching Problems
TCS-1898	Does there exist a planar graph which has a 1-planar unit distance drawing and which has more edges than any matchstick graph on the same […]	1-Planar Unit Distance Graphs with More Edges Than Matchstick Graphs
TCS-1901	Is there Z ⊆ V with |Z| ≤ p such that each connected component C of G − Z contains at most q terminal vertices […]	Hitting Geodesic Intervals in Structurally Restricted Graphs
TCS-1902	For example, is it possible to solve Self-Deleting s-t-path in deterministic 2O(vcn log µ) poly(n) time (note that we can achieve such a running time […]	Pathfinding in Self-Deleting Graphs
TCS-1906	Is it possible to construct from D in time |D| · f (d) an equivalent apex SLP D′ of size |D| · f (d) for […]	FO-Query Enumeration over SLP-Compressed Structures of Bounded Degree
TCS-1913	This raises a natural question: does there exist a cache-oblivious priority queue that achieves the same amortized bounds on comparisons and I/Os?	External-Memory Priority Queues with Optimal Insertions
TCS-1916	Can we improve this result to obtain a result for Metric Dimension as we did for Geodetic Set in this article?	Geodetic Set on Graphs of Constant Pathwidth and Feedback Vertex Set Number
TCS-1923	Can it be used to design algorithms that are efficient for those graphs where this ratio is large, for example, the graph classes mentioned in […]	On the Roots of Independence Polynomial: Quantifying the Gap
TCS-1924	The most salient remaining open problem is the one that motivated this research: is there a constant k such that all planar graphs can be […]	Stabbing Faces by a Convex Curve
TCS-1933	What is the complexity of C5 -Colouring for Hi -subgraph-free graphs, when i = 0 mod 3?	Complexity Framework for Forbidden Subgraphs II: Edge Subdivision and the "H"-Graphs
TCS-1934	Does every n-node undirected graph have a constant-stretch shortestpaths preserving graph of aspect ratio poly(n)?	Are There Graphs Whose Shortest Path Structure Requires Large Edge Weights?
TCS-1939	What is the optimal function f for which is it true that for any graph G we have q ∗ (G) ≤ 1 − f […]	Modularity and Graph Expansion
TCS-1940	While we know that each w∗ is strictly (r) weaker than WL2 , it remains open whether w∗ can be stronger than WL1 for some […]	On a Hierarchy of Spectral Invariants for Graphs
TCS-1949	Classify the complexity of Edge Multiway Cut and both versions of Node Multiway Cut for H-subgraph-free graphs when H is infinite.	Edge Multiway Cut and Node Multiway Cut Are Hard for Planar Subcubic Graphs
TCS-1951	Can execution bounded CRNs compute semilinear functions and predicates within polylogarithmic time?	The Computational Power of Discrete Chemical Reaction Networks with Bounded Executions
TCS-1957	Is there an O( n)-adjacency labeling scheme for classes of bounded sddegeneracy?	Symmetric-Difference (Degeneracy) and Signed Tree Models
TCS-1958	Find a natural (graph) convexity with Carathéodory number 2 (e.g. triangle-path convexity [5]) where half-space separation is hard, or show that for all such convexities, […]	Half-Space Separation in Monophonic Convexity
TCS-1966	All other questions regarding finding a stable or stable and optimal matching remain open under two-sided uncertainty.	Competitive Query Minimization for Stable Matching with One-Sided Uncertainty
TCS-1971	Secondly, can we improve the approximability of p-mean DSG for p ∈ (−∞, 1)?	On the Generalized Mean Densest Subgraph Problem: Complexity and Algorithms
TCS-1974	We conjecture that it can be done in O(w log r) time.	Solving the Minimal Positional Substring Cover Problem in Sublinear Space
TCS-1982	It remains open if there is a deterministic self-stabilizing exploration algorithm with optimal cover time, i.e., O(m) steps.	Brief Announcement: Self-Stabilizing Graph Exploration by a Single Agent
TCS-1988	We leave as an open problem as to whether it is possible to construct the separator faster.	Shortest Path Separators in Unit Disk Graphs
TCS-1990	Third, it remains open whether a similar syntax directed decision procedure for quasi-reducibility can be designed, i.e., where matching may occur in arbitrary subterms.	A Verified Algorithm for Deciding Pattern Completeness
TCS-1996	Finding a corresponding lower bound for C(n, 3, 3) is an open problem.	Variations on the Tournament Problem
TCS-1997	How exactly the average node depth depends on p is an open problem.	Bottom-Up Rebalancing Binary Search Trees by Flipping a Coin
TCS-1999	Is there a network with two steady-states having different throughputs on their inputs and outputs?	The Steady-States of Splitter Networks
TCS-2001	Determine the exact value of the uncrossed number for the hypercube graphs.	On the Uncrossed Number of Graphs
TCS-2003	It remains open whether or not we can find a cut through C that still produces an optimal result regarding the number of bundles.	Storylines with a Protagonist
TCS-2009	Finally, is it possible to solve Two-Sets Cut-Uncut in subexponential time (in |S|+|T |)?	Two-Sets Cut-Uncut on Planar Graphs
TCS-2017	We leave it as an open question to figure out if one can achieve a similar bound for GPS with Erdős-Rényi query graphs.	Algorithms for the Generalized Poset Sorting Problem
TCS-2018	Every submodular hypergraph admits a (1+ϵ)-sparsifier of size O(ϵ−2 n2 ), which is in fact a reweighted sub-hypergraph.	Cut Sparsification and Succinct Representation of Submodular Hypergraphs
TCS-2027	We leave open the problem of finding a more “robust” lower bound proof, that works for an arbitrary valid initialization and uses only polynomial weights.	Lower Bounds for Adaptive Relaxation-Based Algorithms for Single-Source Shortest Paths
TCS-2034	The complexity of the Intermezzo problem for cs-trees of bounded height remains open.	Graph Search Trees and the Intermezzo Problem
TCS-2037	We conjecture that there is a polynomial kernel with respect to the distance to clique and 3-path vertex cover number.	Equitable Connected Partition and Structural Parameters Revisited: N-Fold Beats Lenstra
TCS-2038	The computational complexities of Isometric Path Cover and Induced Path Cover on split graphs remain open.	Covering and Partitioning of Split, Chain and Cographs with Isometric Paths
TCS-2045	Q) and then proceeding through the vertices, but we do not know how w reaches v6 the fastest.	Temporal Graph Realization from Fastest Paths
TCS-2055	Every simple drawing of Kn with n ≥ 3 contains a plane Hamiltonian subdrawing on 2n − 3 edges.	Plane Hamiltonian Cycles in Convex Drawings
TCS-2085	For every fixed k, r and a CMSO2 formula ψ, the (r, ψ)-MWIS problem can be solved in polynomial time for graphs with induced matching […]	Tree Decompositions Meet Induced Matchings: Beyond Max Weight Independent Set
TCS-2088	That is, is there an algorithm that runs in O(f (c) · poly(n)) for some graph classes of graphs of n vertices with c color, […]	Computational Complexity of Matching Match Puzzle
TCS-2096	In particular, for d > 2, it is still unknown whether the class of unit d-interval graphs is contained in the class of disjoint balanced […]	Generalizing Roberts' Characterization of Unit Interval Graphs
TCS-2098	In doing so, we provide a clear gap between the upper and lower bounds and leave open the question of the optimal bound for (2, […]	Harmonious Colourings of Temporal Matchings
TCS-2101	It remains open, where exactly the change from polynomial to exponential size increase occurs, e.g., whether bi-implication can be eliminated with polynomial size increase when […]	Modal Logic Is More Succinct Iff Bi-Implication Is Available in Some Form
TCS-2103	For every integers t, r there exists a polynomial-time algorithm that, given an St,t,t -free and Kr -free vertex-weighted graph (G, w) computes the maximum […]	Max Weight Independent Set in Sparse Graphs with No Long Claws
TCS-2108	It remains an open problem to prove that the number of nodes and edges in McDag is always < n2 /c for some constant c […]	McDag: Indexing Maximal Common Subsequences in Practice
TCS-2118	We conjecture that this is the case but the classes of graphs remaining should be quite artificial.	How to Reduce Temporal Cliques to Find Sparse Spanners
TCS-2119	We leave open the problem of developing a strongly subquadratic time solution for this problem.	Longest Common Substring with Gaps and Related Problems
TCS-2122	We leave the quest of discovering a robust approximation algorithm for ∆edit as an open question, which falls outside the scope of this paper.	Many Flavors of Edit Distance
TCS-2137	In particular, can we obtain an FPT algorithm for Temporal Path Cover for this parameter?	Algorithms and Complexity for Path Covers of Temporal DAGs
TCS-2148	We leave it as an open question to determine under which parameter regime this algorithm succeeds.	Thresholds for Reconstruction of Random Hypergraphs From Graph Projections
TCS-2157	Can we get higher degree SoS lower bounds for UG using non-globally hypercontractive graphs such as the Johnson graph in the o(1)-noise regime?	Solving Unique Games over Globally Hypercontractive Graphs
TCS-2166	Structural question: For feasible instances of DS-Hypergraph-CA-using-H, does there exist a solution hypergraph whose size is linear in the number of vertices?	Hypergraph Connectivity Augmentation in Strongly Polynomial Time
TCS-2172	Is it possible to implement a version of Theorem 1 in the LOCAL model using only poly(∆, log n) rounds?	Edge-Coloring Sparse Graphs with Δ Colors in Quasilinear Time
TCS-2191	What is the edge density of bipartite quasi-planar graphs?	On the Edge Density of Bipartite 3-Planar and Bipartite Gap-Planar Graphs
TCS-2195	Can the same result be achieved with “C”-shaped Bézier curves, e.g., quadratic Bézier curves, which are arguably more aesthetically pleasing?	Drawing Planar Graphs and 1-Planar Graphs Using Cubic Bézier Curves with Bounded Curvature
TCS-2198	Are there 5-regular 1-planar unit distance graphs?	1-Planar Unit Distance Graphs
TCS-2205	Is there a fixed integer k ≥ 3 and constant δ > 0 such that k-DSP in DAGs can be solved in O(nk+1−δ ) time?	Detecting Disjoint Shortest Paths in Linear Time and More
TCS-2208	Does the lower bound extend for d = 1?	Range Entropy Queries and Partitioning
TCS-2209	Do linear-time algorithms exist for k > 1?	Preprocessing to Reduce the Search Space for Odd Cycle Transversal
TCS-2211	Does there exist a randomised algorithm that reconstructs an n-vertex graph of maximum degree ∆ and treewidth k using Õ∆,k (n) queries in expectation?	Quasi-Linear Distance Query Reconstruction for Graphs of Bounded Treelength
TCS-2218	Lastly, can we characterize the families F that admit a uniform polynomial kernel?	Uniform Polynomial Kernel for Deletion to K_{2,p} Minor-Free Graphs
TCS-2225	Could one design an appropriate “solution linearization” procedure for Multicut when the number of requests is unbounded?	Exponential-Time Approximation Schemes via Compression
TCS-2228	Can we provide faster algorithms for CFT spanners with size guarantees close to those of the FT greedy algorithm?	Color Fault-Tolerant Spanners
TCS-2237	For the other direction, we conjecture that the following reduction may be possible:	Brief Announcement: On the Existence of δ-Temporal Cliques in Random Simple Temporal Graphs
TCS-2241	How do the parameters number of constraints and number of connected components affect the complexity of HomRec(F, G)?	The Complexity of Homomorphism Reconstructibility
TCS-2242	In particular, is it possible to have a deterministic poly-time algorithm for G(n, 1/2)?	On the Exact Matching Problem in Dense Graphs
TCS-2247	Is it true that all graphs of, say, bounded flip-width admit a linear-size dag compression?	Faster Graph Algorithms Through DAG Compression
TCS-2249	Can we reduce from Independent Set?	Eliminating Crossings in Ordered Graphs
TCS-2262	It remains open whether there exists a “monotonicity penalty” in this problem, but we ruled out the probably most prominent class of non-Hamiltonian maximal planar […]	Monotone Arc Diagrams with Few Biarcs
TCS-2265	While our hardness results exclude FPT algorithms for Multi- Label Periodic TGR parameterized by the vertex cover number alone (unless P = NP), the question […]	Parameterized Algorithms for Multi-Label Periodic Temporal Graph Realization
TCS-2299	Is there a way of defining vertex rankings for dense graphs analogous to our rankings?	On Classes of Bounded Tree Rank, Their Interpretations, and Efficient Sparsification
TCS-2300	Concerning the problems studied in this paper, we leave two main open questions:	Fundamental Problems on Bounded-Treewidth Graphs: The Real Source of Hardness
TCS-2306	Does this notion have interesting applications for problems that are not about graphs?	Search-Space Reduction via Essential Vertices Revisited: Vertex Multicut and Cograph Deletion
TCS-2307	Could our technique be extended to obtain lock-free implementations of sequential augmented data structures that require more complex updates (such as the insertion of a […]	Lock-Free Augmented Trees
TCS-2312	In particular, could FPT-algorithms for such parameters be achieved for reachability problems such as Open-TCC with similar performance as our FPT-algorithms for δvd and δam […]	Distance to Transitivity: New Parameters for Taming Reachability in Temporal Graphs
TCS-2316	Finally, we end this paper by leaving the biggest open problem concerning mim-width: Given a graph G, is there a polynomial-time algorithm that computes a […]	Finding Induced Subgraphs from Graphs with Small Mim-Width
TCS-2328	Can k-APC be solved in faster than Õ(mω ) time for k = 3?	An Efficient Algorithm for All-Pairs Bounded Edge Connectivity
TCS-2330	Can the two maximum degree bounds in Theorems 6 and 11 be improved?	Matching Cuts in Graphs of High Girth and H-Free Graphs
TCS-2339	Is there a universal constant c > 0 such that, for each finite concept class C, we have that RTD(C) ≤ c · VCD(C)?	Tournaments, Johnson Graphs and NC-Teaching
TCS-2341	For odd k, what is the largest constant ck such that, for every n-node graph and parameter f = O(nck ), there is an f […]	Epic Fail: Emulators Can Tolerate Polynomially Many Edge Faults for Free
TCS-2344	In particular, considering k as a parameter, is the problem in XP?	Simultaneous Representation of Interval Graphs in the Sunflower Case
TCS-2346	Do there exist for every t ≥ 3 graphs G and H such that G ≃Lt−1 H and G ̸≃SA t H?	Lasserre Hierarchy for Graph Isomorphism and Homomorphism Indistinguishability
TCS-2356	What is the complexity of computing the treewidth of a 3-manifold?	On the Width of Complicated JSJ Decompositions
TCS-2376	On the other hand, the treewidth-boundedness of a SLR-definable set is an open problem, that we conjecture decidable.	Expressiveness Results for an Inductive Logic of Separated Relations
TCS-2379	How can we construct a reduction with a small alphabet?	Optimal LZ-End Parsing Is Hard
TCS-2386	We leave as an open question whether Theorem 1 can be improved by excluding paths of length 3.	Canonization of a Random Graph by Two Matrix-Vector Multiplications
TCS-2392	What if we restrict ourselves to the axis-parallel setting?	Axis-Parallel Right Angle Crossing Graphs
TCS-2409	We conjecture that in fact it also holds in the bounded derivatives model.	Stable Matching: Choosing Which Proposals to Make
TCS-2410	It is an open problem whether a shortest reconfiguration sequence can be found in polynomial time for Disjoint Paths Reconfiguration restricted to planar two-face instances.	Rerouting Planar Curves and Disjoint Paths
TCS-2414	The obvious question that remains open is whether we can isolate a bounded-value-like property that characterizes subgraph-based measures relative to the induced ranking.	Absolute Expressiveness of Subgraph-Based Centrality Measures
TCS-2430	The problem of whether an automatic graph has bounded cliques is decidable.	Separating Automatic Relations
TCS-2437	Can there be a separation for formulas whose size grows polynomially?	A Super-Polynomial Separation Between Resolution and Cut-Free Sequent Calculus
TCS-2439	The recognition of H-graphs is polynomial-time solvable if and only if H is a unicyclic graph or H is a tree.	Recognizing H-Graphs - Beyond Circular-Arc Graphs
TCS-2449	We conjecture that coSafety-LTL can be n! (n factorial) more succinct than F(pLTL).	LTL over Finite Words Can Be Exponentially More Succinct Than Pure-Past LTL, and vice versa
TCS-2457	For tests based on similarity graphs, the choice of the graph is still an open question.	A new ranking scheme for modern data and its application to two-sample hypothesis testing
TCS-2458	There is a one-to-one correspondence between sink chain components and sink connected components.	The Replicator Dynamic, Chain Components and the Response Graph
TCS-2476	We leave as an open problem whether folding-based rules can be lifted to new ECC reductions; we conjecture that it is possible to lift at […]	Solving Edge Clique Cover Exactly via Synergistic Data Reduction
TCS-2477	An easier version of the previous question, also raised in [7, Section 9.1]: can we solve k-Path in directed bipartite graphs in (2 − ε)k […]	Faster Detours in Undirected Graphs
TCS-2483	The following simple result shows that for n = 3k the problem is at least as hard as the Cycle-Plus-Triangles problem, whose tractability is an […]	On Finding Constrained Independent Sets in Cycles
TCS-2484	The case where there are words of length three but not longer remains an open problem (as opposed to the case of edges where we […]	The Complexity of the Shapley Value for Regular Path Queries
TCS-2508	While this problem remains open, our results suggest steps that might be needed towards a resolution of this question.	Exploration of Graphs with Excluded Minors
TCS-2516	In the weighted setting, the situation seems different and we do not know how to extend our techniques to Weighted Kh -Hitting.	Sunflowers Meet Sparsity: A Linear-Vertex Kernel for Weighted Clique-Packing on Sparse Graphs
TCS-2523	Adapting the pruning rules of the TB preprocessing phase to resolve these issues remains an open problem.	Arc-Flags Meet Trip-Based Public Transit Routing
TCS-2526	However, we conjecture that this example can be embedded into a larger matrix that does satisfy these constraints.	Efficient Tomography of Non-Interacting-Fermion States
TCS-2543	Is there an O(n3 )-time algorithm for the all-pairs version when the graph may contain negative cycles?	Optimal Energetic Paths for Electric Cars
TCS-2547	What is the maximum number of colors required to color a light tournament?	Coloring Tournaments with Few Colors: Algorithms and Complexity
TCS-2558	For example, do there exist decremental algorithms achieving comparable guarantees to the ones we obtained in the incremental setting?	Efficient Data Structures for Incremental Exact and Approximate Maximum Flow
TCS-2560	Are there other “decidability sweet spots” between expressibility of query classes and structural restrictions on universal models?	Finite-Cliquewidth Sets of Existential Rules: Toward a General Criterion for Decidable yet Highly Expressive Querying
TCS-2561	Does there exist a 2O(k) · poly(n)-time algorithm for CEVS?	Cluster Editing with Overlapping Communities
TCS-2576	Can the result (iii) of Theorem 17 be accompanied by an matching lower bound (i.e., TOWER(poly)-hardness result)?	Set Semantics for Asynchronous TeamLTL: Expressivity and Complexity
TCS-2578	What is the complexity of Perfect Matching Cut in the remaining open case where d = 3?	Dichotomies for Maximum Matching Cut: H-Freeness, Bounded Diameter, Bounded Radius
TCS-2589	Can we obtain interesting results if we allow multiple non-adaptive queries, i.e., queries that do not depend on the output produced by other queries?	Maximum Matching via Maximal Matching Queries
TCS-2590	Does there exist an absolutely strong dimensioned number with finitestate strong dimension strictly between 0 and 1?	Real Numbers Equally Compressible in Every Base
TCS-2594	That is, what is the minimum number of reticulate arc deletions needed to make a network orchard?	Making a Network Orchard by Adding Leaves
TCS-2607	We leave open to what extent this additional hardness (moving from a tight e/(e − 1) myopic to Ω(log n/ log log n) truthful) already […]	Truthful Matching with Online Items and Offline Agents
TCS-2609	In general, we conjecture that this bound (under memory constraints) is not attainable when graphs are not RPQ-bipartite; solving this problem opens up an interesting […]	Size Bounds and Algorithms for Conjunctive Regular Path Queries
TCS-2615	Another natural extensions of our work could be to investigate the complexity of ∆-restless exploration with ∆ > 1 or cases where the agent walking […]	Restless Exploration of Periodic Temporal Graphs
TCS-2624	Finally, it remains an open question to prove or disprove Zhang et al. (2021)’s conjecture about the lower-order term, which has direct consequences for our […]	A Unified Algorithm for Stochastic Path Problems
TCS-2631	Can we design (implicit or explicit) representations of batches of operations for other data structures so that ordering trees yield sublinear-time operations for still more […]	A Wait-Free Deque With Polylogarithmic Step Complexity
TCS-2635	Is there an effective way to include near-shortest paths in our supply graph to maximize parallelism?	Fast Reconfiguration for Programmable Matter
TCS-2639	Do these specific temporal subgraphs admit structural properties which are algorithmically useful?	Restless Temporal Path Parameterized Above Lower Bounds
TCS-2640	Unfortunately, we have not found a way to convert these numerical results into a proof of an improved bound on the clique number, but we […]	A Degree 4 Sum-Of-Squares Lower Bound for the Clique Number of the Paley Graph
TCS-2653	Given a k-clearable graph G = (V, E), is it always monotonically clearable with k + 1 lions?	Lions and Contamination: Monotone Clearings
TCS-2659	Construct a sufficiently dense infinite family of explicit 3-uniform d-regular hypergraphs which are λ-spectral for λ ≤ √2d · (1 + dc ), where c […]	New Near-Linear Time Decodable Codes Closer to the GV Bound
TCS-2660	If n is B even col2 (Gp×q , 2) = k + O (1/n) Finally, many problems remain open for other d-generate games.	Grabbing Olives on Linear Pizzas and Pissaladières
TCS-2688	The problem of designing a rendezvous algorithm working for arbitrary connected graphs in optimal time remains open.	How to Meet at a Node of Any Connected Graph
TCS-2691	The main problem that remains open is understanding whether better trade-offs are achievable for temporal cliques.	Sparse Temporal Spanners with Low Stretch
TCS-2692	] mentioned in the introduction together with Corollary 2 would imply that the problem is not XNLP-hard.	List Colouring Trees in Logarithmic Space
TCS-2703	However, we do not know in general how to get minimal memory requirements from a representation as a DPA.	The True Colors of Memory: A Tour of Chromatic-Memory Strategies in Zero-Sum Games on Graphs (Invited Talk)
TCS-2709	We do not know whether a smaller bound is possible for k > 3.	Linearly Ordered Colourings of Hypergraphs
TCS-2710	Analyzing the coupled global sensitivity of that algorithm appears to be much more involved, and we leave it as an open problem.	Privately Estimating Graph Parameters in Sublinear Time
TCS-2711	Can there always exist a pairwise preserver of size o(2k n|P|) for any k failures?	Pairwise Reachability Oracles and Preservers Under Failures
TCS-2717	We leave as an open problem whether there exists a truly subquadratic algorithm for computing all extremities in a graph.	Obstructions to Faster Diameter Computation: Asteroidal Sets
TCS-2719	We also leave the complexity of Isometric Path Cover on interval graphs open.	Complexity and Algorithms for ISOMETRIC PATH COVER on Chordal Graphs and Beyond
TCS-2720	For which a, b, c are W5 -Coloring and W5 -ColoringExt polynomial-time solvable in Sa,b,c -free graphs?	Computing Homomorphisms in Hereditary Graph Classes: The Peculiar Case of the 5-Wheel and Graphs with No Long Claws
TCS-2723	But the status of the of the conjecture of Heggernes et al. [6] still remains an open problem.	On the Complexity of Rainbow Vertex Colouring Diametral Path Graphs
TCS-2725	For the case without initial positions, the complexity of both DDC and DDT on a path remains open.	Package Delivery Using Drones with Restricted Movement Areas
TCS-2727	It remains an open problem whether the simultaneous representation problem for sunflower circular permutation graphs can be solved in subquadratic time.	Partial and Simultaneous Transitive Orientations via Modular Decompositions
TCS-2730	Thus, even in the non-succinct case, designing worst-case update operations is an open problem.	Succinct List Indexing in Optimal Time
TCS-2733	We conjecture the later to be the case, and it will be possible by clever design of polynomials with additional properties for the measurements.	Support Recovery in Universal One-Bit Compressed Sensing
TCS-2741	We remark that the complexity of testing for the existence of upward-planar L-drawings in general also remains open.	On Upward-Planar L-Drawings of Graphs
TCS-2742	The status of Range-DR for paths and cycles is an open problem.	Graph Realization of Distance Sets
TCS-2744	Most results, however, are negative and fundamental problems, including proving that the value of the game always exists, remain open.	An Updated Survey of Bidding Games on Graphs (Invited Talk)
TCS-2747	An interesting problem would be, when m = o(n2 ) and ω = 2, can we do better than Ω(nm)?	New Lower Bounds and Upper Bounds for Listing Avoidable Vertices
TCS-2748	Maybe more importantly, we leave it open to find meaningful tractable relaxations of the distance measures.	Graph Similarity Based on Matrix Norms
TCS-2749	What is the Hamilton compression of the middle levels graph (recall Theorem 3)?	The Hamilton Compression of Highly Symmetric Graphs
TCS-2756	Indeed, for u, v ∈ V (G), we do not know how to decide whether uv ∈ E(G) or not in polynomial time.	Reconfiguration of Spanning Trees with Degree Constraint or Diameter Constraint
TCS-2759	It was proved to be polynomial-time solvable on trees, but the complexity on graphs of bounded treewidth remains open.	Dense Graph Partitioning on Sparse and Dense Graphs
TCS-2760	It is an open problem, whether there is a conflict graph, which is not a string graph.	Nearest-Neighbor Decompositions of Drawings
TCS-2765	Every generalized twisted drawing of Kn contains a plane Hamiltonian cycle.	Twisted Ways to Find Plane Structures in Simple Drawings of Complete Graphs
TCS-2771	We conjecture that synthesizing information from a second, correlated graph can help in all settings.	Exact Community Recovery in Correlated Stochastic Block Models
TCS-2775	We note the interesting gap between η 3/5 and η in the exponent of the upper and lower bounds respectively, and we conjecture that there […]	Certifying Solution Geometry in Random CSPs: Counts, Clusters and Balance
TCS-2779	However, because we do not know p′ = LF d (p), we cannot determine how many values i < p′ and i > p′ are […]	Bi-Directional r-Indexes
TCS-2784	However, the approach can be adapted for MFDN if the input flows are stable (Property 15), and if it is possible to “fix” the odd […]	Width Helps and Hinders Splitting Flows
TCS-2785	If G is a 2-connected planar graph of maximum degree ∆(G) ≤ 3, then G is 3-edge-colorable, unless it has exactly one vertex of degree […]	Efficient Recognition of Subgraphs of Planar Cubic Bridgeless Graphs
TCS-2796	The question whether the inequality system of exponential size we obtain here has a special structure which allows it to be solved in exponential time […]	The Variance-Penalized Stochastic Shortest Path Problem
TCS-2800	By contrast, we conjecture that no choice policy for the parameters t would provide us with (1 + o(1))nH∗ + O(n) upper bounds on the […]	Galloping in Fast-Growth Natural Merge Sorts
TCS-2844	However in our model, this would allow the trader to leave losing trades open forever.	How Brokers Can Optimally Abuse Traders
TCS-2865	What other applications require (possibly hidden) maintenance of partial permutations?	Partial Permutations Comparison, Maintenance and Applications
TCS-2868	Can we compute alphabetical variants of minimal closure size?	Succinct Graph Representations of μ-Calculus Formulas
TCS-2871	And, for those solvable wait-free, what are their roundcomplexities?	Fault Tolerant Coloring of the Asynchronous Cycle
TCS-2874	Can 2- Essential detection for Chordal Deletion be solved in polynomial time?	Search-Space Reduction via Essential Vertices
TCS-2884	Is there an analogous procedure for obtaining an imputation in the core of the general graph matching games having non-empty core?	New Characterizations of Core Imputations of Matching and b-Matching Games
TCS-2888	Does k depend on both h and n, or is it independent from n?	Sorting Balls and Water: Equivalence and Computational Complexity
TCS-2891	In particular, does Fair Matching remain fixedparameter tractable with respect to k?	The Complexity of Finding Fair Many-To-One Matchings
TCS-2895	The question remains, can one get α + 1?	Fully-Dynamic α + 2 Arboricity Decompositions and Implicit Colouring
TCS-2897	Do pairwise stable states exist for all connected host networks H and α?	Social Distancing Network Creation
TCS-2916	Can we prove similar lower bounds for algorithms that are not required to output a cover certificate?	Optimal Bounds for Dominating Set in Graph Streams
TCS-2917	Are all 4-edge-colorable degree-3 graphs RAC (refer to Question 1)?	RAC Drawings of Graphs with Low Degree
TCS-2920	For which values of an upper age bound a, where d ≤ a ≤ 2r, can κ(G, a) computed efficiently?	The Complexity of Computing Optimum Labelings for Temporal Connectivity
TCS-2926	What are the loose ends of the present work?	Efficient and Accurate Group Testing via Belief Propagation: An Empirical Study
TCS-2930	Can adding operation in the dynamic data structure be faster?	Space-Efficient Data Structure for Posets with Applications
TCS-2940	Another problem we leave open is to discover the leading constants hidden behind our asymptotic notation, if the expression for the clustering coefficient of the […]	Cover and Hitting Times of Hyperbolic Random Graphs
TCS-2951	We remark that this same continuum would also be interesting to study for internal-memory search trees, and we leave this direction of work as an […]	What Does Dynamic Optimality Mean in External Memory?
TCS-2956	This motivates applying table lookup to also speed up RLCSA; however, we note adding support for ϕ and ϕ−1 (thus, supporting locate) to RLCSA is […]	RLBWT Tricks
TCS-2975	For example, how difficult is it to decide if the distance between u and v may deteriorate up to d(u, v) + k for a […]	Robustness of Distances and Diameter in a Fragile Network
TCS-2976	Furthermore, while we looked at parameters that are small in sparse graphs, can similar results be achieved for dense graphs as considered e. g. by […]	Covering Many (Or Few) Edges with k Vertices in Sparse Graphs
TCS-2996	Can 5-coloring be solved in O˚ pp2 ´ εq q time, for some ε ą 0?	Breaking the 2ⁿ Barrier for 5-Coloring and 6-Coloring
TCS-3000	Is there an O(k 1−ε ) kernel for Clique + IS Deletion for some ε > 0?	(Sub)linear Kernels for Edge Modification Problems Towards Structured Graph Classes
TCS-3014	Can K5 -minor free graphs be certified with O(log n) bits?	Local Certification of Graph Decompositions and Applications to Minor-Free Classes
TCS-3027	The simulation results presented in Section 3 leave open several questions regarding the relationship between SP and CP.	On the Power and Limitations of Branch and Cut
TCS-3038	We leave it as an open question whether there exists a linear space finger search data structure, supporting access(i) and movefinger(i) in O(log d) time.	Compression by Contracting Straight-Line Programs
TCS-3039	We conjecture that O(k 2 ) is the correct bound for general directed graphs, but we were not able to find a proof.	Near-Linear-Time, Optimal Vertex Cut Sparsifiers in Directed Acyclic Graphs
TCS-3047	Whether there is a clean representation that also captures all small and crossing matching cuts is an open problem.	The Structure of Minimum Vertex Cuts
TCS-3054	Hence, we do not know how close the graphs have to be in the pseudometric for their homomorphism densities to be close and vice versa.	Graph Similarity and Homomorphism Densities
TCS-3055	What about edge-weighted trees?	Current Algorithms for Detecting Subgraphs of Bounded Treewidth Are Probably Optimal
TCS-3068	The case with costs c2 that are not polynomially bounded remains open.	An Investigation of the Recoverable Robust Assignment Problem
TCS-3069	On the other hand, it is an open problem whether the pizza cutting theorem also holds in other dimensions.	The Complexity of Sharing a Pizza
TCS-3070	We leave it as an open question to obtain a faster algorithm for the second score function, and for the repeat-free case.	Algorithms and Complexity on Indexing Elastic Founder Graphs
TCS-3074	Finding such an example or proving rationality is non-trivial and we leave it as an open problem.	Computational Complexity of the Hylland-Zeckhauser Scheme for One-Sided Matching Markets
TCS-3088	However, deciding which particular strategy to use for a given instance still remains an open problem.	Targeted Branching for the Maximum Independent Set Problem
TCS-3123	6 Final Remarks It remains open whether an Õ(n2 )-time algorithm for undirected real-weighted graphs is possible if ω = 2, even with a large […]	All-Pairs Shortest Paths for Real-Weighted Undirected Graphs with Small Additive Error
TCS-3126	Regarding variants of tree edit distance, it remains an open question to get faster algorithms for the harder problem of unrooted tree edit distance [24, […]	Faster Algorithms for Bounded Tree Edit Distance
TCS-3156	We leave it as another interesting open project whether our result can be extended to graph classes of bounded genus.	Logarithmic Weisfeiler-Leman Identifies All Planar Graphs
TCS-3158	Can we bridge the gap between this complexity and the 2O(∆tw) complexity of Min Stable Cut?	Minimum Stable Cut and Treewidth
TCS-3162	We conjecture that this second phase transition is inherent (and not an artifact of our techniques).	Erasure-Resilient Sublinear-Time Graph Algorithms
TCS-3163	However, in case of proportional switching, our work does leave some open questions.	Stabilization Bounds for Influence Propagation from a Random Initial State
TCS-3164	The question of whether our data structure generally admits vertex deletions in O(n) total time remains open.	Good r-Divisions Imply Optimal Amortized Decremental Biconnectivity
TCS-3188	Can we efficiently locate the occurrences?	A Compact Index for Cartesian Tree Matching
TCS-3195	Given an undirected graph G = (V, E), is it possible to find all 5-edge-connected components of G in linear time?	Determining 4-Edge-Connected Components in Linear Time
TCS-3198	Is there a fixed-parameter algorithm for Connected Planar F -Deletion with a single-exponential dependence on k?	On Approximate Compressions for Connected Minor-Hitting Sets
TCS-3205	Is there a circuit family for sorting with circuits of depth O(log(n) + log(m)) and size O(nm2 )?	Sorting Short Integers
TCS-3206	How effective is the sampling approach in terms of the balancing between accuracy and execution cost?	The Complexity of Aggregates over Extractions by Regular Expressions
TCS-3225	Are there any 2D Grid Range problems solvable in O(n2− ) time, for some > 0, but require Ω(n3/2−o(1) ) time?	Algorithms and Hardness for Multidimensional Range Updates and Queries
TCS-3233	Can we somehow infer “stacks” and “queues” from a common categorical formulation of depth-first and breadth-first traversals?	Graph Traversals as Universal Constructions
TCS-3236	Now, can we characterize the full first-order theory of relations using graphs and homomorphisms?	Graph Characterization of the Universal Theory of Relations
TCS-3237	In particular, are both problems subquadratic equivalent?	On Computing the Average Distance for Some Chordal-Like Graphs
TCS-3241	In particular: which well-motivated temporal graph classes beyond trees allow e.g. polynomial-time solvability of MinReachDelete or MinReachDelay?	Temporal Reachability Minimization: Delaying vs. Deleting
TCS-3242	Is each of the three problems is polynomial-time solvable for (P1 + P4 )-free graphs?	Feedback Vertex Set and Even Cycle Transversal for H-Free Graphs: Finding Large Block Graphs
TCS-3251	Can we improve Theorem 12 to obtain high girth?	Spectrum Preserving Short Cycle Removal on Regular Graphs
TCS-3260	While these theoretical bounds apply during the first round of our algorithm, it is still unknown whether the analysis can be extended to account for […]	Efficiently Computing Maximum Flows in Scale-Free Networks
TCS-3267	We leave it as an open question whether our approach can be modified to also find Hamilton cycles in Gn,p for p at the threshold […]	An O(N) Time Algorithm for Finding Hamilton Cycles with High Probability
TCS-3280	What is the relation between the performance of the k-fold symmetric parallel repetition of a given instance of Max-Cut G, and the first k + […]	Optimal Tiling of the Euclidean Space Using Permutation-Symmetric Bodies
TCS-3291	This motivates the following natural question: is there a notion of spectral sparsification that generalizes cut sparsification in directed graphs?	Sparsification of Directed Graphs via Cut Balance
TCS-3292	This naturally leads to the question, can these two bounds be brought closer together?	Preprocessing for Outerplanar Vertex Deletion: An Elementary Kernel of Quartic Size
TCS-3294	How far can our results for Connected Vertex Cover and Capacitated Vertex Cover be extended to other cases of connected or capacitated vertex deletion problems?	Essentially Tight Kernels For (Weakly) Closed Graphs
TCS-3300	If this is difficult, could we at least do some of the implications (such as splitting into 4 forests or orienting such that all in-degrees […]	Efficiently Partitioning the Edges of a 1-Planar Graph into a Planar Graph and a Forest
TCS-3343	However, we do not know whether the corresponding Hitting Set games are hard.	Colored Cut Games
TCS-3350	An interesting range of parameters that remains open is that of p = nd for some large constant d.	How to Hide a Clique?
TCS-3352	Does a proportionally fair clustering always exist for trees when M ⊂ V , or for general graphs when N = M ⊂ V ?	Proportionally Fair Clustering Revisited
TCS-3357	We conjecture that it should be possible to extend Theorem 13 to also work on interval graphs.	Length-Bounded Cuts: Proper Interval Graphs and Structural Parameters
TCS-3358	Moreover, for the similarity case, we leave open whether working with edge distances decisively differs from working with vertex distances.	Multistage s-t Path: Confronting Similarity with Dissimilarity in Temporal Graphs
TCS-3362	Can one find tight noncombinatorial lower bounds for even cycle in arbitrary space?	Algorithms and Lower Bounds for Cycles and Walks: Small Space and Sparse Graphs
TCS-3372	We leave as an open problem the complexity of deciding if a graph is max or min well-behaved.	Hierarchical Clusterings of Unweighted Graphs
TCS-3373	For ` ě 5, we do not know whether we can express `-leaf powers in monadic second-order logic.	A Polynomial Kernel for 3-Leaf Power Deletion
TCS-3374	We conjecture that if such algorithm exists, it will also be possible to test whether a graph G satisfies some (k, d)-sequence.	Elimination Distance to Bounded Degree on Planar Graphs
TCS-3380	Does Kempe Distance on stars admit a polynomial kernel?	Shortest Reconfiguration of Colorings Under Kempe Changes
TCS-3381	The question of whether protocols with poly(|ϕ|) states exist for every PA formula ϕ, possibly with quantifiers, also remains open.	Succinct Population Protocols for Presburger Arithmetic
TCS-3383	Now we know that the complexity of the algorithm is O 2(γ+ )n/2 , but we do not know how large γ is.	Fast Multi-Subset Transform and Weighted Sums over Acyclic Digraphs
TCS-3389	Whether they can achieve almost exact recovery under weaker conditions remains open.	Consistent recovery threshold of hidden nearest neighbor graphs
TCS-3396	The tension between preserving symmetry and efficient implementation rests to some extent on the fact that we cannot efficiently detect symmetries, e.g. we do not […]	Symmetric Computation (Invited Talk)
TCS-3400	For determining the ssimple parameter of the wpo_params-locale, there is the problem, that we do not know whether the generated strict relation S will be […]	Certifying the Weighted Path Order (Invited Talk)
TCS-3403	Altogether, the values n ∈ N≥24 with n mod 18 ∈ {6, 12} are precisely the graph orders for which it remains open whether there […]	The Iteration Number of Colour Refinement
TCS-3409	How and if level-order rank/select and generating a word of BP or DFUDS can be simultaneously supported to run in constant time remains an open […]	Distance Oracles for Interval Graphs via Breadth-First Rank/Select in Succinct Trees
TCS-3410	We leave the question whether Rk (G) is connected if G is planar and k ≥ Γ(G) + 2 as an open problem (see Conjecture […]	Linear Transformations Between Dominating Sets in the TAR-Model
TCS-3419	However, we have more problems to show that Lemma 13 holds for non-hereditary graph classes, because after deleting vertices from a graph G that is […]	Elimination Distances, Blocking Sets, and Kernels for Vertex Cover
TCS-3433	We do not know how to extend this strategy to general strongly-connected games.	A Survey of Bidding Games on Graphs (Invited Paper)
TCS-3444	It remains open as to whether these time complexities can be improved.	Algorithms for New Types of Fair Stable Matchings
TCS-3445	First, can our analysis be applied to recently developed dictionary compression methods for trees like Top-Trees/Top-Dags [8, 29] or other dictionary based methods on trees?	Using Statistical Encoding to Achieve Tree Succinctness Never Seen Before
TCS-3446	We leave the question of whether this is possible as open for future research.	Low-Stretch Spanning Trees of Graphs with Bounded Width
TCS-3453	How about arbitrary-rank hypergraphs?	Multicriteria Cuts and Size-Constrained k-Cuts in Hypergraphs
TCS-3455	Concretely, can we get o(log k)-competitive (even randomized) algorithms with polylog(k)-recourse for general metrics?	Permutation Strikes Back: The Power of Recourse in Online Metric Matching
TCS-3461	Can we obtain a full characterisation?	Non Axiomatisability of Positive Relation Algebras with Constants, via Graph Homomorphisms
TCS-3465	Can one solve BDTW-Mean in linear time for every constant k (that is, f (k) · n time for some function f )?	Faster Binary Mean Computation Under Dynamic Time Warping
TCS-3471	In particular, is it possible to check in linear time whether a given vertex ordering or a search tree belongs to LexDFS?	Linear Time LexDFS on Chordal Graphs
TCS-3473	Finally, can the hierarchy be extended to the other side?	Analysis of the Period Recovery Error Bound
TCS-3487	What about two-action tree polymatrix games, or path-polymatrix games with more than two actions?	Tree Polymatrix Games Are PPAD-Hard
TCS-3497	What is the structure of almost two-dimensional posets?	Vertex Deletion into Bipartite Permutation Graphs
TCS-3500	Can we obtain a similar characterization for weakly 2-closed graphs?	Computing Dense and Sparse Subgraphs of Weakly Closed Graphs
TCS-3501	What happens when we ask for a larger number of matchings?	Diverse Pairs of Matchings
TCS-3502	Is it possible to show similar bounds for graphs of bounded pathwidth?	Flexible List Colorings in Graphs with Special Degeneracy Conditions
TCS-3504	Can we have the same trade-off also on the fully-local DTW problem?	A Reduction of the Dynamic Time Warping Distance to the Longest Increasing Subsequence Length
TCS-3512	What general upper bounds can we get on universal SMP in terms of weakly-universal SMP?	Universal Communication, Universal Graphs, and Graph Labeling
TCS-3519	Is there a meaningful hierarchy between parity and mean payoff games?	Value Iteration Using Universal Graphs and the Complexity of Mean Payoff Games
TCS-3526	What about randomised variants of AF ?	On the Termination of Flooding
TCS-3527	Is there a polynomial-size kernel for the solution size parameter k?	Computing Maximum Matchings in Temporal Graphs
TCS-3529	Can the amenability to 3-WL be decided in polynomial time on input graphs with the largest color multiplicity 4?	Identifiability of Graphs with Small Color Classes by the Weisfeiler-Leman Algorithm
TCS-3531	In particular, is there a 1-planar graph which is not arc-RAC?	Drawing Graphs with Circular Arcs and Right-Angle Crossings
TCS-3536	How can we make use of methods for solving graph coloring problems to compute practical solutions to real-world instances?	Minimum Scan Cover with Angular Transition Costs
TCS-3537	Is it possible to construct a linear-space data structure that supports five-dimensional dominance range reporting queries in poly-logarithmic time?	Four-Dimensional Dominance Range Reporting in Linear Space
TCS-3541	Is it true that if D is a pseudolinear drawing in which every edge is crossed at most twice, then D is stretchable?	Extending Drawings of Graphs to Arrangements of Pseudolines
TCS-3549	We leave as open problems to determine whether there are reasonable analogues of further ideas from integer programming, such as cutting plane methods or preconditioning, […]	When Lipschitz Walks Your Dog: Algorithm Engineering of the Discrete Fréchet Distance Under Translation
TCS-3555	We formally prove the correctness of this estimation in Claim 5.12.As stated in the beginning of the overview, we do not know a-priori if the […]	Near Optimal Algorithm for the Directed Single Source Replacement Paths Problem
TCS-3558	This was also noted for leapfrog [21, Section 5], where they state that their own log(N ) factor can be avoided by using hashes instead […]	Optimal Joins Using Compact Data Structures
TCS-3561	We conjecture that these separations are optimal and that in fact, the log time(π) factors in the upper bounds of Theorems 23 and 28 and […]	Reversible Pebble Games and the Relation Between Tree-Like and General Resolution Space
TCS-3564	While our Theorem applies to a limited range of average degrees λ, we conjecture that rates γ(λ) and γ(λ, s, δ) are strictly less than […]	From tree matching to sparse graph alignment
TCS-3571	Is it possible to show that any k-edge-connected graph of diameter D, for some constant k ≥ 3, has at least two edge-disjoint trees of […]	On Packing Low-Diameter Spanning Trees
TCS-3596	We leave an open question if the LCCF problem can also be solved in linear time.	Quasi-Linear-Time Algorithm for Longest Common Circular Factor
TCS-3597	The computational complexity of the rearrangement distance in the case of bounded degree trees remains an open problem.	A Rearrangement Distance for Fully-Labelled Trees
TCS-3601	What additional properties of the embedding may be modeled?	Stronger ILPs for the Graph Genus Problem
TCS-3602	It also remains open whether one can prove any theoretical guarantees on the solution quality or the number of iterations.	Engineering Negative Cycle Canceling for Wind Farm Cabling
TCS-3604	We do not know how to improve upon the naive approach for general directed graphs when some vertices are not in S ∪ T .	Recognizing Planar Laman Graphs
TCS-3637	It remains an open question to close the gap between the lower bound of 7/5 and the upper bound of 3/2 + O(1/k).	Query-Competitive Sorting with Uncertainty
TCS-3643	Motivated by the example in Figure 2b we leave as an open question, whether Source Cover on balanced graphs admits a polynomial-time algorithm.	How to Secure Matchings Against Edge Failures
TCS-3658	It remains an open question whether the algorithm can be generalised to an arbitrary real-weighted scoring scheme.	Bounded-Length Smith-Waterman Alignment
TCS-3672	That is, if the sum of path from s0init to t is below L and the edge corresponding to action α is taken in t, […]	Expected Window Mean-Payoff
TCS-3697	We leave the problem of tightening this lower bound (or upper bound) as an interesting open problem.	Counting to Ten with Two Fingers: Compressed Counting with Spiking Neurons
TCS-3699	Whether some of these techniques can be used for more general classes of graphs is an open question.	Temporal Cliques Admit Sparse Spanners
TCS-3701	It remains open whether this also holds for κ ∈ o(log2 n) and in particular for constant skeleton dimension.	Hierarchy of Transportation Network Parameters and Hardness Results
TCS-3708	It remains an open problem to eliminate the dependence of our results on the maximum degree, ∆, of T .	Dual Circumference and Collinear Sets
TCS-3720	Can we estimate time-space tradeoffs?	Entropy Lower Bounds for Dictionary Compression
TCS-3721	What is their complexity for coloured trees of maximum degree d for 3 ≤ d ≤ 5?	Finding a Small Number of Colourful Components
TCS-3724	Can we improve the 2-ruling set upper bound to Õ(n/k 2 )?	The Complexity of Symmetry Breaking in Massive Graphs
TCS-3728	Is it possible to avoid using expander graphs to obtain simple deterministic algorithms to find the median or to sort?	Fragile Complexity of Comparison-Based Algorithms
TCS-3733	Can we find the shortest tree-like or Dag-like proofs of an unsatisfiable Horn constraint system, if only the ADD rule is permitted?	New Results on Cutting Plane Proofs for Horn Constraint Systems
TCS-3736	What, however, if some participants also behave in a malicious manner?	On the Complexity of Local Graph Transformations
TCS-3749	First, can we obtain a data structure that answers one-dimensional color reporting queries with approximate frequencies in optimal O(1 + K/B) I/Os?	Categorical Range Reporting with Frequencies
TCS-3753	Is there a better way to handle numerical errors?	Searching for Cryptogenography Upper Bounds via Sum of Square Programming
TCS-3760	What about the case that the base graph is planar (e.g., a grid)?	The Subgraph Testing Model
TCS-3766	Does there exist a polylogarithmic distance labeling scheme for general median graphs or for median graphs of constant dimension?	Distance Labeling Schemes for Cube-Free Median Graphs
TCS-3771	Can we prove a space lower bound in the indexing model?	Indexing Graph Search Trees and Applications
TCS-3779	What can we say about the chromatic number of Kk -free families of disjointness graphs of segments or convex sets?	On the Chromatic Number of Disjointness Graphs of Curves
TCS-3782	Thus, it is an open question to see how well our approach works for hypercubes, but more generally if there is some quantity (more general […]	Unconstraining Graph-Constrained Group Testing
TCS-3788	It is an open problem whether randomization can speed up partitioning algorithms and lead, in particular, to faster data structures for the various operations considered […]	Dynamic Ordered Sets with Approximate Queries, Approximate Heaps and Soft Heaps
TCS-3800	Does similar behavior appear when we consider random graphs formed by randomly adding primitive subgraphs H whose size scales with n, the number of vertices […]	Thresholds in Random Motif Graphs
TCS-3805	Are there other cases where a proven algorithmic paradigm, like the path packing phases of Hopcroft and Karp [29], also obliviously yields the best known […]	On Adaptive Algorithms for Maximum Matching
TCS-3819	Can these Tutte paths be found in polynomial time, and preferably, linear time?	Finding Tutte Paths in Linear Time
TCS-3820	In particular, what can be said about the class of cocomparability graphs (see [6, 21] for the formal definition and properties of this class)?	Cyclability in Graph Classes
TCS-3822	Is it possible to achieve constant access time and additive overhead O(log log n) by a variant of our construction using a square system?	Constant-Time Retrieval with O(log m) Extra Bits
TCS-3828	Currently, we are working on extending our results to the girth problem in transmission graphs; can we find an equally simple and efficient algorithm as […]	Triangles and Girth in Disk Graphs and Transmission Graphs
TCS-3834	Therefore, we conjecture that it should be possible to strengthen the upper bound on the size of a maximum matching in RTPAM(n, c).	Greedy Bipartite Matching in Random Type Poisson Arrival Model
TCS-3838	However, we leave open whether there are other graph monoids for which the problem is in P.	Bounded Context Switching for Valence Systems
TCS-3846	Is there a practical way to generalize the cycle-based approach using an independent maximum cycle length for each edge?	Cycles to the Rescue! Novel Constraints to Compute Maximum Planar Subgraphs Fast
TCS-3852	We do not know how to compute MLL+Mix sequentializations in linear time.	Unique perfect matchings and proof nets
TCS-3854	For the One-Face case, can we make the dependence on k from exponential to polynomial or even quasipolynomial?	Shortest k-Disjoint Paths via Determinants
TCS-3866	Is there a polynomial bound on the number of slide moves necessary to transform two graphs of groups with isomorphic fundamental groups into each?	The Isomorphism Problem for Finite Extensions of Free Groups Is In PSPACE
TCS-3879	6 Final Remark Computing the longest unbordered factor in o(n log n) time for integer alphabets remains an open question.	Longest Unbordered Factor in Quasilinear Time
TCS-3884	Whether the non-strict variant is fixed-parameter tractable regarding the same parameter combination remains open.	The Complexity of Finding Small Separators in Temporal Graphs
TCS-3885	Mansfield [20] showed that the Graph Isomorphism Problem, GI (given two graphs G1 and G2 , are they isomorphic?	The Robustness of LWPP and WPP, with an Application to Graph Reconstruction
TCS-3900	Which components are trees and which components contain cycles?	Rainbow Cycles in Flip Graphs
TCS-3913	The lower bound for the problem where n = 2 and t = 2, conjectured by Radhakrishnan et al. [6] to be Ω(m2/3 ), still […]	Space Complexity of Two Adaptive Bitprobe Schemes Storing Three Elements
TCS-3918	However, the complexity status remains open for the case where a connected recolorability graph R is of maximum degree three and has at most one […]	Algorithms for Coloring Reconfiguration Under Recolorability Constraints
TCS-3922	An example of one we find particularly interesting is as follows: how much quicker can general temporal graphs be explored if we allow an agent […]	Faster Exploration of Degree-Bounded Temporal Graphs
TCS-3923	We conjecture that Algorithm 1 can be modified to solve the rooted variant of the BCP as follows: In the rooted variant, we start with […]	Balanced Connected Partitioning of Unweighted Grid Graphs
TCS-3927	We gave an almost complete dichotomy for Colouring restricted to (C4 , Pt )-free graphs and leave open only the cases when 7 ≤ t […]	Colouring Square-Free Graphs without Long Induced Paths
TCS-3930	As we have seen already in the introduction, a 4-coloring of points wrt. disks always exists (for m = 2), however the existence of a […]	Coloring Intersection Hypergraphs of Pseudo-Disks
TCS-3940	Note however that we do not know whether these lower bounds imply general algorithmic hardness.	Graph Pattern Polynomials
TCS-3947	These are important first steps on a relevant and difficult problem, which leave many intriguing questions open.	Computing Optimal Shortcuts for Networks
TCS-3953	First, as mentioned in Section 1.1, the preprocessing for our orthogonal RCP data structures remains open.	New Bounds for Range Closest-Pair Problems
TCS-3964	Can we break the O(|M|3 ) or O(n6 ) barrier?	Computing longest common square subsequences
TCS-3966	Can we improve the space (yet, keeping the query I/Os optimal), at least in the cache-award model ?	Non-Overlapping Indexing - Cache Obliviously
TCS-3969	How do MTLk and FO2k (∼) differ in terms of succinctness?	Canonical Models and the Complexity of Modal Team Logic
TCS-3975	Can exhaustive application of Reduction Rules 2.3 to 2.6 be realized in linear time?	Data Reduction for Maximum Matching on Real-World Graphs: Theory and Experiments
TCS-3976	In particular, are there ways of dealing with two or more errors?	Finding Stable Matchings That Are Robust to Errors in the Input
TCS-3982	Can we prove efficient insertion?	Load Thresholds for Cuckoo Hashing with Overlapping Blocks
TCS-3987	For example, what about classes of bounded degree or the class of planar graphs?	Lovász Meets Weisfeiler and Leman
TCS-3989	Is there a more natural condition?	One-Way Trail Orientations
TCS-3990	Are there any non-trivial graph properties that make Arrival or S-Arrival efficiently solvable?	ARRIVAL: Next Stop in CLS
TCS-3993	Then, which non-local problem is W[2]-hard?	On the Distance Identifying Set Meta-Problem and Applications to the Complexity of Identifying Problems on Graphs
TCS-3997	For example, what is the optimal running time for Feedback Vertex Set, Odd Cycle Transversal, or Hamiltonian Cycle on graphs of bounded cutwidth?	Lower Bounds for Dynamic Programming on Planar Graphs of Bounded Cutwidth
TCS-3998	Does the restriction of bipartiteness allow for characterizations or efficient recognition algorithms in some cases?	Beyond-Planarity: Turán-Type Results for Non-Planar Bipartite Graphs
TCS-4004	Can the decomposition in Theorem 3 be computed in near linear time?	Graph Clustering using Effective Resistance
TCS-4022	In particular, what is the complexity of CSRTAR with c = 2 for chordal graphs?	Reconfiguration of Colorable Sets in Classes of Perfect Graphs
TCS-4042	If v ∈ Z, at this point, we cannot compute the number of activated neighbours of v exactly as we do not know what neighbours […]	Solving Target Set Selection with Bounded Thresholds Faster than 2^n
TCS-4046	The question of matching the (2 + 2)t tO(1) running time bound for join nodes remains open, and a positive answer to this question may […]	Finding Hamiltonian Cycle in Graphs of Bounded Treewidth: Experimental Evaluation
TCS-4055	What is the complexity of (C D)-recognition when C and D are any two (possibly identical) classes from the set {Av(2413, 3142), Av(213), Av(231), Av(132), […]	Generalized Coloring of Permutations
TCS-4060	More broadly, it is also interesting to see what happens as we allow more than one partial complementation; how quickly can we recognize the class […]	Partial Complementation of Graphs
TCS-4064	Can we use our idea to obtain an algorithm for SSBP that runs faster than Dijkstra in word RAM model?	Single-Source Bottleneck Path Algorithm Faster than Sorting for Sparse Graphs
TCS-4067	Based on this description, we were also able to answer positively a natural question, which was left open so far: does TimSort runs in O(n […]	On the Worst-Case Complexity of TimSort
TCS-4068	More ambitiously, what if two stimuli – or existing assemblies, encoding let us say to two parts of a sentence – are projected to another […]	Long Term Memory and the Densest K-Subgraph Problem
TCS-4070	What is the computational complexity of recognizing k-quasiplanar graphs?	Two-Planar Graphs Are Quasiplanar
TCS-4078	However, the important question about whether finite-memory suffices for the infinite-horizon optimal path problem or infinite memory is needed remains open.	The Robot Routing Problem for Collecting Aggregate Stochastic Rewards
TCS-4083	More generally, is it true that W (C) = O(W ∗ (C)) for all first-order definable graph properties?	On the First-Order Complexity of Induced Subgraph Isomorphism
TCS-4088	Moreover, it remains open to decide if Zadeh’s rule admits Hamiltonian paths on AUSO, a direction suggested by the authors of [1].	Exponential Lower Bounds for History-Based Simplex Pivot Rules on Abstract Cubes
TCS-4093	An interesting next question is the complexity of the reachability problem for two-dimensional BVASS, which we conjecture decidable.	Polynomial-Space Completeness of Reachability for Succinct Branching VASS in Dimension One
TCS-4100	Closing the gap between the n2 lower bound and n − 1 upper bound remains an open problem.	A Linear Lower Bound for Incrementing a Space-Optimal Integer Representation in the Bit-Probe Model
TCS-4103	We conjecture that the average unordered dag size has the same asymptotic growth.	Compression of Unordered XML Trees
TCS-4117	However, we do not know how to generate finite axiomatisations in a systematic way, for every such k.	K4-free Graphs as a Free Algebra
TCS-4125	We conjecture that the inequality holds for c = 1/3, which would imply Conjecture 20 and the sensitivity conjecture of transitive functions.	On the Sensitivity Complexity of k-Uniform Hypergraph Properties
TCS-4126	We conjecture that they do not have more than 5.5n − 15 edges.	On Optimal 2- and 3-Planar Graphs
TCS-4142	Additionally, even the problem of determining whether PDI admits an algorithm running in time f1 (d) · |G|f2 (d) for computable functions f1 , f2 […]	On Supergraphs Satisfying CMSO Properties
TCS-4144	In particular, while we presented asymptotically optimal network design algorithms for a wide range of distributions and while we believe that the entropy is the […]	Demand-Aware Network Designs of Bounded Degree
TCS-4150	We leave two interesting open problems outstanding, namely finding lower bounds for the time needed to decide whether a pattern is k-local, and for matching […]	Local Patterns
TCS-4154	On the other hand, for c = 2, in view of Theorem 15 only the existence of polynomial kernels for DS/2-tdmod on 2-degenerate and 3-degenerate […]	How Much Does a Treedepth Modulator Help to Obtain Polynomial Kernels Beyond Sparse Graphs?
TCS-4159	The 5th statement shows that improving the non-matching bounds for EC(∩, ×) is as difficult as improving the bounds for MC(∩, ×), which is an […]	Emptiness Problems for Integer Circuits
TCS-4169	We conjecture that the tight upper bound matches our lower bound n + σ − 2.	Tight Bounds on the Maximum Number of Shortest Unique Substrings
TCS-4171	We leave it as an open question whether this algorithm is always optimal.	Exploring the Tractability of the Capped Hose Model
TCS-4172	Finding a way to analyze this hierarchical approach is an open problem.	Clustering in Hypergraphs to Minimize Average Edge Service Time
TCS-4181	However, we do not know how this network is generated and there is no ground truth graph G∗ .	A Quest to Unravel the Metric Structure Behind Perturbed Networks
TCS-4187	Is there a family of non-3-colourable graphs such that any polynomial calculus proof of non-3-colourability using the roots of unity encoding must require large size?	Graph Colouring is Hard for Algorithms Based on Hilbert's Nullstellensatz and Gröbner Bases
TCS-4198	What is the smallest advice, given by a map oracle, permitting exploration of n-node graphs in time O(n2 )?	Deterministic Graph Exploration with Advice
TCS-4208	Can LCWIS be solved in time O n2−f (|Σ|) for some decreasing function f that yields strongly subquadratic-time algorithms for any constant alphabet size |Σ|?	Tight Conditional Lower Bounds for Longest Common Increasing Subsequence
TCS-4214	Can we also obtain a better ratio on other classes using randomization?	Improved Bounds for Online Dominating Sets of Trees
TCS-4215	In general, what is the diameter achievable with k shortcuts of equal length?	Shortcuts for the Circle
TCS-4224	Moreover, can the exponential upper bound on the kernel size be decreased to a polynomial upper bound?	The Power of Linear-Time Data Reduction for Maximum Matching
TCS-4235	Can the lower bound be improved?	Local Equivalence and Intrinsic Metrics between Reeb Graphs
TCS-4246	In our construction, the value of the entry is encoded in its potential, and we leave as an interesting open question how this potential should […]	Neuro-RAM Unit with Applications to Similarity Testing and Compression in Spiking Neural Networks
TCS-4261	The following basic question is still open though: is there a lower bound of Ω(n3/2+ ) edges for some ∈ (0, 1] for 2-additive spanners […]	Preserving Distances in Very Faulty Graphs
TCS-4266	At a higher level, we believe that the definitions and ideas we have introduced here could lead to many interesting questions about optimizing data structures […]	Approximating Approximate Distance Oracles
TCS-4288	Regarding the case of words we leave some open questions, the most important of which is if F1 is more succinct than FO2 .	One-Dimensional Logic over Words
TCS-4292	We conjecture that such graphs are also spanners (in expectation or with high probability) for k large enough.	Almost All Even Yao-Yao Graphs Are Spanners
TCS-4325	Further, the question whether any 2-connected planar graph admits a strongly monotone drawing remains open.	Strongly Monotone Drawings of Planar Graphs
TCS-4337	We can now finish the proof: X k q≥ α((2r1 ,4dj1 )) (H) (2r1 ,4dj1 )∈V (H) X k ≥ 4d(j1 + 1) + 1 […]	Spy-Game on Graphs
TCS-4339	Perhaps the dependence of the running time on the treewidth of G can be removed: does there exist an algorithm for subgraph isomorphism on planar […]	Subexponential Time Algorithms for Embedding H-Minor Free Graphs
TCS-4350	The problem is that we do not know whether the uniform compressed word problem for graph groups (where the input is an independence alphabet (A, […]	Knapsack in Graph Groups, HNN-Extensions and Amalgamated Products
TCS-4364	Extending our algorithms to the case |R| > 1 is an open problem relevant for multi-source isocontours and multimodal networks [12].	Scalable Exact Visualization of Isocontours in Road Networks via Minimum-Link Paths
TCS-4376	Which graph properties are testable with sub-linear query complexity?	Every Property of Outerplanar Graphs is Testable
TCS-4378	Second, what can we say about the non-uniform case?	Bounds on the Norms of Uniform Low Degree Graph Matrices
TCS-4388	Is the effective entropy of unsorted Top-k queries smaller than the effective entropy of sorted Top-k queries on 2D arrays?	Encoding Two-Dimensional Range Top-k Queries
TCS-4392	Is there a more efficient recursion stopper that induces fewer branch mispredictions?	BlockQuicksort: Avoiding Branch Mispredictions in Quicksort
TCS-4405	What if the query is allowed to increase with σ?	Data Structure Lower Bounds for Document Indexing Problems
TCS-4408	Does Independent Feedback Vertex Set admit a kernel of size O(k 2 )?	Improved Algorithms and Combinatorial Bounds for Independent Feedback Vertex Set
TCS-4410	What is the computational complexity of Matching Cut in graphs of diameter 3?	On the Complexity of Matching Cut in Graphs of Fixed Diameter
TCS-4411	How about max-cost upper bounds?	Graph Properties in Node-Query Setting: Effect of Breaking Symmetry
TCS-4417	Is there an O(m)-time algorithm for the BP and BST problems?	Bottleneck Paths and Trees and Deterministic Graphical Games
TCS-4420	Which assumptions on irrevocability are relevant for practical applications, and which irrevocability components make the problem hard from an online perspective?	Online Dominating Set
TCS-4421	In particular, is the splay tree [17] a mergeable dictionary with such a property?	A Simple Mergeable Dictionary
TCS-4441	In spite of our results, it remains an open problem for an infinite class of graphs H, whether a subexponential or even a polynomial algorithm […]	H-Free Graphs, Independent Sets, and Subexponential-Time Algorithms
TCS-4443	Two interesting open questions are as follows: (1) For sparse graphs with θ(n) many target sets of size θ(n) the upper bounds are cubic, whereas […]	Conditionally Optimal Algorithms for Generalized Büchi Games
TCS-4444	It remains open if it is only those problems with a finite set of obligatory graphs that have this very low advice complexity, or if […]	Advice Complexity of the Online Induced Subgraph Problem
TCS-4445	Thus, we can conclude our result carries over to the case where for a subset of edges and vertices it is unknown if they appear […]	Preprocessing Under Uncertainty
TCS-4446	Our results do not rule out the existence of kernels for Constrained Bipartite Vertex Cover with O(kA + kB ) vertices, which we leave as […]	Constrained Bipartite Vertex Cover: The Easy Kernel is Essentially Tight
TCS-4447	Although we expect the failure probability for the original cuckoo filter to be at least as good as for the simplified version, we do not […]	Cuckoo Filter: Simplification and Analysis
TCS-4479	We leave it as an open problem to achieve optimal space bounds, avoiding the O(log log N ) blowup in external memory model.	Shared-Constraint Range Reporting
TCS-4505	We leave open the question whether any two straight-line drawings of the same plane graph G can be morphed so that every intermediate drawing has […]	Optimal Morphs of Convex Drawings
TCS-4507	However, as we mentioned before, since now we cannot specify the neighbor of a vertex (u, i) in an arbitrary manner, we do not know […]	Testing Small Set Expansion in General Graphs
TCS-4525	Which other techniques and results from circuit complexity can be strengthened to compressibility lower bounds?	Majority is Incompressible by AC^0[p] Circuits
TCS-4528	Can every unsatisfiable CNF be refuted in CP in constant space, if the coefficients are polynomially bounded?	The Space Complexity of Cutting Planes Refutations
TCS-4553	Can we find a prefix class whose reduction closure is P?	Existential Second-order Logic over Graphs: A Complete Complexity-theoretic Classification
TCS-4598	Can G be (S, k)-modified into a connected graph H with dH (v) ≡ δ(v) (mod `) for each v ∈ V (H)?	Editing to Eulerian Graphs
TCS-4599	For any vertex-transitive graph, is the blanket time of order nR2 for all δ > 1?	Balls into bins via local search: cover time and maximum load
TCS-4619	4 Optimal upper bounds As discussed in the previous sections, it is not immediately clear how to make use of the information gained from queries […]	Search using queries on indistinguishable items
TCS-4645	One important family of concept classes for which we do not know if our theorem applies is the family of maximum concept classes, first studied […]	Honest Compressions and Their Application to Compression Schemes
TCS-4649	The content of the conjecture is therefore the other implication: is it the case that unbounded match width means unbounded braid width?	Decidable classes of documents for XPath
TCS-4650	Is there a linear-space data structure for halfspace range mode in Rd 2 that supports queries in o(n1−1/d ) time?	Linear-Space Data Structures for Range Mode Query in Arrays
TCS-4653	We conjecture that the former is undecidable but that the latter is decidable.	The Limits of Decidability for First Order Logic on CPDA Graphs
TCS-4658	Since we do not know whether the new interval belongs to F13 , we put the separator in front of it, decreasing both f and […]	Efficient algorithms for highly compressed data: The Word Problem in Higman's group is in P
TCS-4670	Automatic code-driven test generation aims at proving existential properties of programs: does there exist a test input that can exercise a specific program branch or […]	Test Generation Using Symbolic Execution
TCS-4693	Can some of the algorithms that currently use Robertson-Seymour machinery to find an irrelevant vertex, be modified in such a way that they find an […]	Obtaining a Bipartite Graph by Contracting Few Edges
TCS-4801	Triangle Detection in H-Free Graphs — Open Question 1	Triangle Detection in H-Free Graphs
TCS-4867	Efficient Compression in Semigroups — Question 38	Efficient Compression in Semigroups
TCS-4891	Open Problem: Properly learning decision trees in polynomial time? — Open Problem 1	Open Problem: Properly learning decision trees in polynomial time?
TCS-4963	LZBE: An LZ-Style Compressor Supporting O(log n)-Time Random Access — Explicit open question on PDF page 3	LZBE: An LZ-Style Compressor Supporting O(log n)-Time Random Access
TCS-4981	Induced Disjoint Paths Without an Induced Minor — Unresolved-question passage on page 4	Induced Disjoint Paths Without an Induced Minor
TCS-4997	Optimal Non-Adaptive Cell Probe Dictionaries and Hashing — Explicit open question on PDF page 4	Optimal Non-Adaptive Cell Probe Dictionaries and Hashing
TCS-4998	Cut Sparsification and Succinct Representation of Submodular Hypergraphs — Unresolved-question passage on page 9	Cut Sparsification and Succinct Representation of Submodular Hypergraphs
TCS-5012	On the Complexity of Client-Waiter and Waiter-Client Games — Explicit open question on PDF page 16	On the Complexity of Client-Waiter and Waiter-Client Games
TCS-5025	Substring Complexity in Sublinear Space — Explicit open question on PDF page 3	Substring Complexity in Sublinear Space
TCS-5037	Splitting-Off in Hypergraphs — Explicit open question on PDF page 12	Splitting-Off in Hypergraphs
TCS-5055	Limitations of Membership Queries in Testable Learning — Unresolved-question passage on page 5	Limitations of Membership Queries in Testable Learning
TCS-5103	The Diameter of Caterpillar Associahedra — Explicit open question on PDF page 3	The Diameter of Caterpillar Associahedra
TCS-5113	A Sub-Quadratic Algorithm for the Longest Common Increasing Subsequence Problem — Explicit open question on PDF page 2	A Sub-Quadratic Algorithm for the Longest Common Increasing Subsequence Problem
TCS-5193	On a Connectivity Threshold for Colorings of Random Graphs and Hypergraphs — Explicit open question on PDF page 6	On a Connectivity Threshold for Colorings of Random Graphs and Hypergraphs
TCS-5207	Analysis of Smooth Heaps and Slim Heaps — Explicit open question on PDF page 3	Analysis of Smooth Heaps and Slim Heaps
TCS-5235	APMF < APSP? Gomory-Hu Tree for Unweighted Graphs in Almost-Quadratic Time — Open Question 1	APMF < APSP? Gomory-Hu Tree for Unweighted Graphs in Almost-Quadratic Time
TCS-5265	Revisiting Diameter in Directed Graphs — Open Problem 2	Revisiting Diameter in Directed Graphs
TCS-5266	A Polynomial Kernel for Face Cover on Non-Embedded Planar Graphs — Open Question 1	A Polynomial Kernel for Face Cover on Non-Embedded Planar Graphs
TCS-5269	Compressing Permutation Groups into Grammars and Polytopes. A Graph Embedding Approach — Unresolved-question passage on page 13	Compressing Permutation Groups into Grammars and Polytopes. A Graph Embedding Approach
TCS-5271	A New Lower Bound for Semigroup Orthogonal Range Searching — Explicit open question on PDF page 3	A New Lower Bound for Semigroup Orthogonal Range Searching
TCS-5272	Majority is Incompressible by AC^0[p] Circuits — Explicit open question on PDF page 6	Majority is Incompressible by AC^0[p] Circuits
TCS-5273	Using Statistical Encoding to Achieve Tree Succinctness Never Seen Before — Unresolved-question passage on page 16	Using Statistical Encoding to Achieve Tree Succinctness Never Seen Before
TCS-5286	Finding d-Cuts in Claw-Free Graphs — Open Problem 1	Finding d-Cuts in Claw-Free Graphs
TCS-5288	Entropy Lower Bounds for Dictionary Compression — Unresolved-question passage on page 13	Entropy Lower Bounds for Dictionary Compression
TCS-5320	Sharp Thresholds in Random Simple Temporal Graphs — Explicit open question on PDF page 3	Sharp Thresholds in Random Simple Temporal Graphs
TCS-5325	Complexity Framework for Forbidden Subgraphs II: Edge Subdivision and the "H"-Graphs — Open Problem 5	Complexity Framework for Forbidden Subgraphs II: Edge Subdivision and the "H"-Graphs
TCS-5331	On the Size of Outer-String Representations — Unresolved-question passage on page 12	On the Size of Outer-String Representations
TCS-5370	Temporal Connectivity Augmentation — Explicit open question on PDF page 3	Temporal Connectivity Augmentation
TCS-5379	Data Structure Lower Bounds for Document Indexing Problems — Unresolved-question passage on page 13	Data Structure Lower Bounds for Document Indexing Problems
TCS-5408	An 11/6-Approximation Algorithm for Vertex Cover on String Graphs — Explicit open question on PDF page 1	An 11/6-Approximation Algorithm for Vertex Cover on String Graphs
TCS-5409	Nearest Neighbor Complexity and Boolean Circuits — Explicit open question on PDF page 4	Nearest Neighbor Complexity and Boolean Circuits
TCS-5410	Strong Linearizability Without Compare&Swap: The Case of Bags — Explicit open question on PDF page 5	Strong Linearizability Without Compare&Swap: The Case of Bags
TCS-5411	Optimal Static Fully Indexable Dictionaries — Explicit open question on PDF page 4	Optimal Static Fully Indexable Dictionaries
TCS-5434	Agnostic Membership Query Learning with Nontrivial Savings: New Results and Techniques — Explicit open question on PDF page 6	Agnostic Membership Query Learning with Nontrivial Savings: New Results and Techniques
TCS-5435	McDag: Indexing Maximal Common Subsequences in Practice — Unresolved-question passage on page 16	McDag: Indexing Maximal Common Subsequences in Practice
TCS-5436	Sparse Outerstring Graphs Have Logarithmic Treewidth — Explicit open question on PDF page 4	Sparse Outerstring Graphs Have Logarithmic Treewidth
TCS-5460	Bipartite Temporal Graphs and the Parameterized Complexity of Multistage 2-Coloring — Explicit open question on PDF page 3	Bipartite Temporal Graphs and the Parameterized Complexity of Multistage 2-Coloring
TCS-5465	Tight Conditional Lower Bounds for Longest Common Increasing Subsequence — Unresolved-question passage on page 10	Tight Conditional Lower Bounds for Longest Common Increasing Subsequence
TCS-5474	Maximum Reachability Orientation of Mixed Graphs — Question 3	Maximum Reachability Orientation of Mixed Graphs
TCS-5476	A Dense Neighborhood Lemma: Applications of Partial Concept Classes to Domination and Chromatic Number — Explicit open question on PDF page 6	A Dense Neighborhood Lemma: Applications of Partial Concept Classes to Domination and Chromatic Number
TCS-5477	Gap-Preserving Reductions and RE-Completeness of Independent Set Games — Unresolved-question passage on page 16	Gap-Preserving Reductions and RE-Completeness of Independent Set Games
TCS-5497	Compressed Index with Construction in Compressed Space — Explicit open question on PDF page 2	Compressed Index with Construction in Compressed Space
TCS-5498	Improved Compression of the Okamura-Seymour Metric — Explicit open question on PDF page 3	Improved Compression of the Okamura-Seymour Metric
TCS-5526	Multistage s-t Path: Confronting Similarity with Dissimilarity in Temporal Graphs — Explicit open question on PDF page 13	Multistage s-t Path: Confronting Similarity with Dissimilarity in Temporal Graphs
TCS-5564	Counting Temporal Paths — Explicit open question on PDF page 14	Counting Temporal Paths
TCS-5571	Equivalence of Systematic Linear Data Structures and Matrix Rigidity — Explicit open question on PDF page 6	Equivalence of Systematic Linear Data Structures and Matrix Rigidity
TCS-5572	Fixed-Parameter Algorithms for Longest Heapable Subsequence and Maximum Binary Tree — Explicit open question on PDF page 1	Fixed-Parameter Algorithms for Longest Heapable Subsequence and Maximum Binary Tree
TCS-5601	Faster Graph Algorithms Through DAG Compression — Explicit open question on PDF page 9	Faster Graph Algorithms Through DAG Compression
TCS-5602	Does Subset Sum Admit Short Proofs? — Unresolved-question passage on page 16	Does Subset Sum Admit Short Proofs?
TCS-5630	A Wait-Free Deque With Polylogarithmic Step Complexity — Unresolved-question passage on page 20	A Wait-Free Deque With Polylogarithmic Step Complexity
TCS-5636	Decidability and Complexity Borders of Reachability Problems (Invited Talk) — Explicit open question on PDF page 4	Decidability and Complexity Borders of Reachability Problems (Invited Talk)
TCS-5637	Computing Flows in Subquadratic Space — Explicit open question on PDF page 2	Computing Flows in Subquadratic Space
TCS-5639	Bi-Lipschitz Extensions and Outlier Embeddings into Trees — Explicit open question on PDF page 7	Bi-Lipschitz Extensions and Outlier Embeddings into Trees
TCS-5641	Hardness of Multi-Agent Path Finding on Trees: A Unified Approach — Explicit open question on PDF page 2	Hardness of Multi-Agent Path Finding on Trees: A Unified Approach
TCS-5643	Sorting Magazines and Boxes — Explicit open question on PDF page 7	Sorting Magazines and Boxes
TCS-5645	A Linear Kernel for Independent Set Reconfiguration in Planar Graphs — Explicit open question on PDF page 4	A Linear Kernel for Independent Set Reconfiguration in Planar Graphs
TCS-5649	The Spanning Ratio of the Directed Θ6-Graph Is 5 — Explicit open question on PDF page 3	The Spanning Ratio of the Directed Θ6-Graph Is 5
TCS-5661	Fragile Complexity of Comparison-Based Algorithms — Explicit open question on PDF page 3	Fragile Complexity of Comparison-Based Algorithms
TCS-5675	Vantage Point Selection Algorithms for Bottleneck Capacity Estimation — Explicit open question on PDF page 9	Vantage Point Selection Algorithms for Bottleneck Capacity Estimation
TCS-5676	Novel Complexity Results for Temporal Separators with Deadlines — Explicit open question on PDF page 5	Novel Complexity Results for Temporal Separators with Deadlines
TCS-5677	Complexity Landscape for Local Certification — Explicit open question on PDF page 8	Complexity Landscape for Local Certification
TCS-5680	Subcoloring of (Unit) Disk Graphs — Explicit open question on PDF page 6	Subcoloring of (Unit) Disk Graphs
TCS-5681	Unbalanced Random Matching Markets with Partial Preferences — Explicit open question on PDF page 5	Unbalanced Random Matching Markets with Partial Preferences
TCS-5684	Lazy B-Trees — Unresolved-question passage on page 16	Lazy B-Trees
TCS-5686	Planar Disjoint Paths, Treewidth, and Kernels — Unresolved-question passage on page 9	Planar Disjoint Paths, Treewidth, and Kernels
TCS-5696	On the Hardness of Compressing Weights — Unresolved-question passage on page 15	On the Hardness of Compressing Weights
TCS-5704	Locally Computing Edge Orientations — Explicit open question on PDF page 3	Locally Computing Edge Orientations
TCS-5705	Tight Bounds on Adjacency Labels for Monotone Graph Classes — Explicit open question on PDF page 4	Tight Bounds on Adjacency Labels for Monotone Graph Classes
TCS-5706	The Group Access Bounds for Binary Search Trees — Explicit open question on PDF page 3	The Group Access Bounds for Binary Search Trees
TCS-5708	C_{2k+1}-Coloring of Bounded-Diameter Graphs — Explicit open question on PDF page 2	C_{2k+1}-Coloring of Bounded-Diameter Graphs
TCS-5729	Ortho-Radial Drawing in Near-Linear Time — Explicit open question on PDF page 5	Ortho-Radial Drawing in Near-Linear Time
TCS-5731	The Complexity of Geodesic Spanners — Explicit open question on PDF page 2	The Complexity of Geodesic Spanners
TCS-5733	Network Agnostic Perfectly Secure MPC Against General Adversaries — Explicit open question on PDF page 9	Network Agnostic Perfectly Secure MPC Against General Adversaries
TCS-5736	α-Avoidance — Explicit open question on PDF page 20	α-Avoidance
TCS-5758	Pairing heaps: the forward variant — Explicit open question on PDF page 6	Pairing heaps: the forward variant
TCS-5766	Multiplicative Error Set System Sparsification: A Simpler Proof via Chain Length Contraction — Explicit open question on PDF page 4	Multiplicative Error Set System Sparsification: A Simpler Proof via Chain Length Contraction
TCS-5768	What Does Dynamic Optimality Mean in External Memory? — Explicit open question on PDF page 2	What Does Dynamic Optimality Mean in External Memory?
TCS-5770	Space-Stretch Tradeoff in Routing Revisited — Explicit open question on PDF page 3	Space-Stretch Tradeoff in Routing Revisited
TCS-5771	Computing Homomorphisms in Hereditary Graph Classes: The Peculiar Case of the 5-Wheel and Graphs with No Long Claws — Question 2	Computing Homomorphisms in Hereditary Graph Classes: The Peculiar Case of the 5-Wheel and Graphs with No Long Claws
TCS-5774	The DAG Visit Approach for Pebbling and I/O Lower Bounds — Explicit open question on PDF page 6	The DAG Visit Approach for Pebbling and I/O Lower Bounds
TCS-5775	How to Meet at a Node of Any Connected Graph — Unresolved-question passage on page 14	How to Meet at a Node of Any Connected Graph
TCS-5777	Monotone Complexity of Spanning Tree Polynomial Re-Visited — Explicit open question on PDF page 2	Monotone Complexity of Spanning Tree Polynomial Re-Visited
TCS-5813	Proof Identity and Categorical Models of BV — Unresolved-question passage on page 17	Proof Identity and Categorical Models of BV
TCS-5815	Shelling and Sinking Graphs on the Sphere — Explicit open question on PDF page 2	Shelling and Sinking Graphs on the Sphere
TCS-5821	An Upper Bound on the Weisfeiler-Leman Dimension — Explicit open question on PDF page 4	An Upper Bound on the Weisfeiler-Leman Dimension
TCS-5823	Scope-Bounded Reachability in Valence Systems — Explicit open question on PDF page 8	Scope-Bounded Reachability in Valence Systems
TCS-5826	Shortest Beer Path Queries in Outerplanar Graphs — Explicit open question on PDF page 2	Shortest Beer Path Queries in Outerplanar Graphs
TCS-5835	Parametric Disjunctive Timed Networks — Unresolved-question passage on page 17	Parametric Disjunctive Timed Networks
TCS-5839	On the Complexity of Multipacking — Unresolved-question passage on page 16	On the Complexity of Multipacking
TCS-5851	Faster Algorithms for Bounded Tree Edit Distance — Unresolved-question passage on page 12	Faster Algorithms for Bounded Tree Edit Distance
TCS-5859	Transforming Stacks into Queues: Mixed and Separated Layouts of Graphs — Unresolved-question passage on page 16	Transforming Stacks into Queues: Mixed and Separated Layouts of Graphs
TCS-5866	An Optimal Decentralized (Δ + 1)-Coloring Algorithm — Explicit open question on PDF page 2	An Optimal Decentralized (Δ + 1)-Coloring Algorithm
TCS-5871	Dynamic Averaging Load Balancing on Cycles — Unresolved-question passage on page 14	Dynamic Averaging Load Balancing on Cycles
TCS-5873	Energy-Efficient Maximal Independent Sets in Radio Networks — Unresolved-question passage on page 16	Energy-Efficient Maximal Independent Sets in Radio Networks
TCS-5874	Algorithms and Lower Bounds for Cycles and Walks: Small Space and Sparse Graphs — Unresolved-question passage on page 15	Algorithms and Lower Bounds for Cycles and Walks: Small Space and Sparse Graphs
TCS-5880	Hardness of Traversing Gadget Systems with Small Bandwidth — Unresolved-question passage on page 15	Hardness of Traversing Gadget Systems with Small Bandwidth
TCS-5881	Scattering and Sparse Partitions, and Their Applications — Explicit open question on PDF page 5	Scattering and Sparse Partitions, and Their Applications
TCS-5884	Isometric-Universal Graphs for Trees — Unresolved-question passage on page 15	Isometric-Universal Graphs for Trees
TCS-5905	On the Uncrossed Number of Graphs — Unresolved-question passage on page 12	On the Uncrossed Number of Graphs
TCS-5906	Random Subgroups of Rationals — Explicit open question on PDF page 2	Random Subgroups of Rationals
TCS-5910	Switching Classes: Characterization and Computation — Unresolved-question passage on page 13	Switching Classes: Characterization and Computation
TCS-5916	Z_2-Genus of Graphs and Minimum Rank of Partial Symmetric Matrices — Explicit open question on PDF page 14	Z_2-Genus of Graphs and Minimum Rank of Partial Symmetric Matrices
TCS-5917	Harborth’s Conjecture for 4-Regular Planar Graphs — Unresolved-question passage on page 6	Harborth’s Conjecture for 4-Regular Planar Graphs
TCS-5918	Detecting Disjoint Shortest Paths in Linear Time and More — Unresolved-question passage on page 15	Detecting Disjoint Shortest Paths in Linear Time and More
TCS-5923	The Complexity of Finding S-Factors in Regular Graphs — Explicit open question on PDF page 3	The Complexity of Finding S-Factors in Regular Graphs
TCS-5944	Faster Detours in Undirected Graphs — Unresolved-question passage on page 15	Faster Detours in Undirected Graphs
TCS-5946	Edge Estimation with Independent Set Oracles — Explicit open question on PDF page 8	Edge Estimation with Independent Set Oracles
TCS-5949	PACE Solver Description: Exact (GUTHMI) and Heuristic (GUTHM) — Explicit open question on PDF page 2	PACE Solver Description: Exact (GUTHMI) and Heuristic (GUTHM)
TCS-5951	Coloring and Recognizing Mixed Interval Graphs — Unresolved-question passage on page 13	Coloring and Recognizing Mixed Interval Graphs
TCS-5957	A Dichotomy Result for Cyclic-Order Traversing Games — Explicit open question on PDF page 3	A Dichotomy Result for Cyclic-Order Traversing Games
TCS-5958	Data Reduction for Maximum Matching on Real-World Graphs: Theory and Experiments — Explicit open question on PDF page 5	Data Reduction for Maximum Matching on Real-World Graphs: Theory and Experiments
TCS-5972	Tight Bounds for Noisy Computation of High-Influence Functions, Connectivity, and Threshold — Open Problem 2	Tight Bounds for Noisy Computation of High-Influence Functions, Connectivity, and Threshold
TCS-5982	Adjacency Graphs of Polyhedral Surfaces — Explicit open question on PDF page 4	Adjacency Graphs of Polyhedral Surfaces
TCS-5984	Linear Kernels for Edge Deletion Problems to Immersion-Closed Graph Classes — Explicit open question on PDF page 4	Linear Kernels for Edge Deletion Problems to Immersion-Closed Graph Classes
TCS-5988	Finding Matching Cuts in H-Free Graphs — Unresolved-question passage on page 15	Finding Matching Cuts in H-Free Graphs
TCS-5992	List Colouring Trees in Logarithmic Space — Unresolved-question passage on page 13	List Colouring Trees in Logarithmic Space
TCS-5993	The Infinite Server Problem — Unresolved-question passage on page 12	The Infinite Server Problem
TCS-6001	Local Certification of Graph Decompositions and Applications to Minor-Free Classes — Unresolved-question passage on page 15	Local Certification of Graph Decompositions and Applications to Minor-Free Classes
TCS-6023	Every Property of Outerplanar Graphs is Testable — Explicit open question on PDF page 11	Every Property of Outerplanar Graphs is Testable
TCS-6025	Current Algorithms for Detecting Subgraphs of Bounded Treewidth Are Probably Optimal — Unresolved-question passage on page 13	Current Algorithms for Detecting Subgraphs of Bounded Treewidth Are Probably Optimal
TCS-6033	Lower Bounds for k-Set Agreement in Fault-Prone Networks — Explicit open question on PDF page 4	Lower Bounds for k-Set Agreement in Fault-Prone Networks
TCS-6041	On Characterizations for Language Generation: Interplay of Hallucinations, Breadth, and Stability — Explicit open question on PDF page 8	On Characterizations for Language Generation: Interplay of Hallucinations, Breadth, and Stability
TCS-6055	Recognizing Planar Laman Graphs — Unresolved-question passage on page 10	Recognizing Planar Laman Graphs
TCS-6056	Finding Large H-Colorable Subgraphs in Hereditary Graph Classes — Unresolved-question passage on page 15	Finding Large H-Colorable Subgraphs in Hereditary Graph Classes
TCS-6057	Vertex Deletion into Bipartite Permutation Graphs — Unresolved-question passage on page 15	Vertex Deletion into Bipartite Permutation Graphs
TCS-6058	Preprocessing to Reduce the Search Space for Odd Cycle Transversal — Unresolved-question passage on page 15	Preprocessing to Reduce the Search Space for Odd Cycle Transversal
TCS-6101	On Connectivity in Random Graph Models with Limited Dependencies — Explicit open question on PDF page 8	On Connectivity in Random Graph Models with Limited Dependencies
TCS-6113	Finding Clearing Payments in Financial Networks with Credit Default Swaps is PPAD-complete — Explicit open question on PDF page 7	Finding Clearing Payments in Financial Networks with Credit Default Swaps is PPAD-complete
TCS-6127	Grammars for Document Spanners — Unresolved-question passage on page 16	Grammars for Document Spanners
TCS-6128	(Sub)linear Kernels for Edge Modification Problems Towards Structured Graph Classes — Explicit open question on PDF page 3	(Sub)linear Kernels for Edge Modification Problems Towards Structured Graph Classes
TCS-6133	A Polynomial-Time Randomized Reduction from Tournament Isomorphism to Tournament Asymmetry — Unresolved-question passage on page 13	A Polynomial-Time Randomized Reduction from Tournament Isomorphism to Tournament Asymmetry
TCS-6144	Multivariate Analysis of Orthogonal Range Searching and Graph Distances — Explicit open question on PDF page 4	Multivariate Analysis of Orthogonal Range Searching and Graph Distances
TCS-6148	Graphs Encoded by Regular Expressions — Explicit open question on PDF page 4	Graphs Encoded by Regular Expressions
TCS-6150	Graph Inference with Effective Resistance Queries — Explicit open question on PDF page 4	Graph Inference with Effective Resistance Queries
TCS-6151	Constructing Incompatibility Graphs of Pairs of Trees in Optimal Output-Sensitive Time — Explicit open question on PDF page 15	Constructing Incompatibility Graphs of Pairs of Trees in Optimal Output-Sensitive Time
TCS-6160	Universal Communication, Universal Graphs, and Graph Labeling — Unresolved-question passage on page 24	Universal Communication, Universal Graphs, and Graph Labeling
TCS-6161	The Power of the Score Sequence of a Tournament — Unresolved-question passage on page 15	The Power of the Score Sequence of a Tournament
TCS-6162	Subexponential Time Algorithms for Embedding H-Minor Free Graphs — Unresolved-question passage on page 12	Subexponential Time Algorithms for Embedding H-Minor Free Graphs
TCS-6169	Computing Maximum Matchings in Temporal Graphs — Unresolved-question passage on page 12	Computing Maximum Matchings in Temporal Graphs
TCS-6180	On Planar Straight-Line Dominance Drawings — Explicit open question on PDF page 3	On Planar Straight-Line Dominance Drawings
TCS-6182	Trees in Coalgebra from Generalized Reachability ((Co)algebraic pearl) — Unresolved-question passage on page 17	Trees in Coalgebra from Generalized Reachability ((Co)algebraic pearl)
TCS-6183	Lexicographic Transductions of Finite Words — Explicit open question on PDF page 16	Lexicographic Transductions of Finite Words
TCS-6184	Robust Predicate and Function Computation in Continuous Chemical Reaction Networks — Unresolved-question passage on page 15	Robust Predicate and Function Computation in Continuous Chemical Reaction Networks
TCS-6186	Fast Re-Routing in Networks: On the Complexity of Perfect Resilience — Explicit open question on PDF page 3	Fast Re-Routing in Networks: On the Complexity of Perfect Resilience
TCS-6187	Efficient Matching of Some Fundamental Regular Expressions with Backreferences — Explicit open question on PDF page 8	Efficient Matching of Some Fundamental Regular Expressions with Backreferences
TCS-6208	Separating MAX 2-AND, MAX DI-CUT and MAX CUT — Explicit open question on PDF page 4	Separating MAX 2-AND, MAX DI-CUT and MAX CUT
TCS-6210	Fundamental Problems on Bounded-Treewidth Graphs: The Real Source of Hardness — Explicit open question on PDF page 5	Fundamental Problems on Bounded-Treewidth Graphs: The Real Source of Hardness
TCS-6231	How Much Does a Treedepth Modulator Help to Obtain Polynomial Kernels Beyond Sparse Graphs? — Unresolved-question passage on page 11	How Much Does a Treedepth Modulator Help to Obtain Polynomial Kernels Beyond Sparse Graphs?
TCS-6232	Graph Searching with Predictions — Explicit open question on PDF page 4	Graph Searching with Predictions
TCS-6233	Rerouting Planar Curves and Disjoint Paths — Unresolved-question passage on page 16	Rerouting Planar Curves and Disjoint Paths
TCS-6237	PACE Solver Description: Touiouidth — Explicit open question on PDF page 1	PACE Solver Description: Touiouidth
TCS-6249	Fault Tolerant Coloring of the Asynchronous Cycle — Explicit open question on PDF page 8	Fault Tolerant Coloring of the Asynchronous Cycle
TCS-6251	Max Weight Independent Set in Graphs with No Long Claws: An Analog of the Gyárfás' Path Argument — Explicit open question on PDF page 3	Max Weight Independent Set in Graphs with No Long Claws: An Analog of the Gyárfás' Path Argument
TCS-6252	Bounds for Hardness Condensation in the Query Model — Explicit open question on PDF page 3	Bounds for Hardness Condensation in the Query Model
TCS-6254	On the Role of the High-Low Partition in Realizing a Degree Sequence by a Bipartite Graph — Explicit open question on PDF page 2	On the Role of the High-Low Partition in Realizing a Degree Sequence by a Bipartite Graph
TCS-6258	Total Search Problems in ZPP — Unresolved-question passage on page 19	Total Search Problems in ZPP
TCS-6263	Fourier Growth of Parity Decision Trees — Explicit open question on PDF page 10	Fourier Growth of Parity Decision Trees
TCS-6267	The Power of Negative Reasoning — Explicit open question on PDF page 13	The Power of Negative Reasoning
TCS-6269	Augmenting Graphs to Minimize the Radius — Explicit open question on PDF page 5	Augmenting Graphs to Minimize the Radius
TCS-6270	A Simple Algorithm for Graph Reconstruction — Explicit open question on PDF page 5	A Simple Algorithm for Graph Reconstruction
TCS-6272	Force-Directed Embedding of Scale-Free Networks in the Hyperbolic Plane — Explicit open question on PDF page 1	Force-Directed Embedding of Scale-Free Networks in the Hyperbolic Plane
TCS-6273	The Bend Number of Cocomparability Graphs — Unresolved-question passage on page 21	The Bend Number of Cocomparability Graphs
TCS-6274	Modal Separation of Fixpoint Formulae — Unresolved-question passage on page 2	Modal Separation of Fixpoint Formulae
TCS-6276	Beating Trivial Time for Tricky Triangle Tasks — Unresolved-question passage on page 16	Beating Trivial Time for Tricky Triangle Tasks
TCS-6285	Depth-First Search in Directed Planar Graphs, Revisited — Explicit open question on PDF page 3	Depth-First Search in Directed Planar Graphs, Revisited
TCS-6290	Bottom-Up Rebalancing Binary Search Trees by Flipping a Coin — Unresolved-question passage on page 13	Bottom-Up Rebalancing Binary Search Trees by Flipping a Coin
TCS-6294	Proportionally Fair Clustering Revisited — Explicit open question on PDF page 8	Proportionally Fair Clustering Revisited
TCS-6295	Coverability in 1-VASS with Disequality Tests — Explicit open question on PDF page 2	Coverability in 1-VASS with Disequality Tests
TCS-6298	Low Sensitivity Hopsets — Unresolved-question passage on page 5	Low Sensitivity Hopsets
TCS-6299	A Trichotomy for Regular Trail Queries — Explicit open question on PDF page 3	A Trichotomy for Regular Trail Queries
TCS-6308	Shortest Two Disjoint Paths in Conservative Graphs — Unresolved-question passage on page 16	Shortest Two Disjoint Paths in Conservative Graphs
TCS-6310	Exact Matching: Algorithms and Related Problems — Explicit open question on PDF page 4	Exact Matching: Algorithms and Related Problems
TCS-6311	Exploration of Graphs with Excluded Minors — Explicit open question on PDF page 3	Exploration of Graphs with Excluded Minors
TCS-6319	Maintaining Perfect Matchings at Low Cost — Explicit open question on PDF page 4	Maintaining Perfect Matchings at Low Cost
TCS-6322	Perfect Matchings and Popularity in the Many-To-Many Setting — Explicit open question on PDF page 10	Perfect Matchings and Popularity in the Many-To-Many Setting
TCS-6329	Pairwise Reachability Oracles and Preservers Under Failures — Explicit open question on PDF page 5	Pairwise Reachability Oracles and Preservers Under Failures
TCS-6334	The Robustness of LWPP and WPP, with an Application to Graph Reconstruction — Unresolved-question passage on page 9	The Robustness of LWPP and WPP, with an Application to Graph Reconstruction
TCS-6335	Pseudo-Deterministic Proofs — Explicit open question on PDF page 5	Pseudo-Deterministic Proofs
TCS-6339	Local Treewidth of Random and Noisy Graphs with Applications to Stopping Contagion in Networks — Explicit open question on PDF page 3	Local Treewidth of Random and Noisy Graphs with Applications to Stopping Contagion in Networks
TCS-6343	Characterizing Omega-Regularity Through Finite-Memory Determinacy of Games on Infinite Graphs — Explicit open question on PDF page 6	Characterizing Omega-Regularity Through Finite-Memory Determinacy of Games on Infinite Graphs
TCS-6344	K4-free Graphs as a Free Algebra — Unresolved-question passage on page 12	K4-free Graphs as a Free Algebra
TCS-6355	Conditional Simple Temporal Networks with Uncertainty and Decisions — Explicit open question on PDF page 1	Conditional Simple Temporal Networks with Uncertainty and Decisions
TCS-6367	H-Free Graphs, Independent Sets, and Subexponential-Time Algorithms — Explicit open question on PDF page 2	H-Free Graphs, Independent Sets, and Subexponential-Time Algorithms
TCS-6368	Graph Traversals as Universal Constructions — Unresolved-question passage on page 14	Graph Traversals as Universal Constructions
TCS-6376	Dense Graphs Have Rigid Parts — Explicit open question on PDF page 1	Dense Graphs Have Rigid Parts
TCS-6378	Linear-Time Recognition of Map Graphs with Outerplanar Witness — Explicit open question on PDF page 2	Linear-Time Recognition of Map Graphs with Outerplanar Witness
TCS-6381	Ohana Trees and Taylor Expansion for the λI-Calculus: No variable gets left behind or forgotten! — Unresolved-question passage on page 16	Ohana Trees and Taylor Expansion for the λI-Calculus: No variable gets left behind or forgotten!
TCS-6394	Colouring H-Free Graphs of Bounded Diameter — Unresolved-question passage on page 12	Colouring H-Free Graphs of Bounded Diameter
TCS-6397	Finer Tight Bounds for Coloring on Clique-Width — Explicit open question on PDF page 2	Finer Tight Bounds for Coloring on Clique-Width
TCS-6399	Constrained Representations of Map Graphs and Half-Squares — Explicit open question on PDF page 3	Constrained Representations of Map Graphs and Half-Squares
TCS-6415	Tight Bounds for the Zig-Zag Product — Unresolved-question passage on page 19	Tight Bounds for the Zig-Zag Product
TCS-6421	Towards an Isomorphism Dichotomy for Hereditary Graph Classes — Explicit open question on PDF page 2	Towards an Isomorphism Dichotomy for Hereditary Graph Classes
TCS-6428	Local dependency dynamic programming in the presence of memory faults — Explicit open question on PDF page 2	Local dependency dynamic programming in the presence of memory faults
TCS-6433	Connected Partitions via Connected Dominating Sets — Explicit open question on PDF page 1	Connected Partitions via Connected Dominating Sets
TCS-6440	Linear Time LexDFS on Chordal Graphs — Unresolved-question passage on page 12	Linear Time LexDFS on Chordal Graphs
TCS-6443	A Logic for Document Spanners — Explicit open question on PDF page 10	A Logic for Document Spanners
TCS-6445	Lossy Kernels for Connected Dominating Set on Sparse Graphs — Unresolved-question passage on page 13	Lossy Kernels for Connected Dominating Set on Sparse Graphs
TCS-6476	Faster Algorithms for Text-to-Pattern Hamming Distances — Open Question 2	Faster Algorithms for Text-to-Pattern Hamming Distances
TCS-6488	Winning the War by (Strategically) Losing Battles: Settling the Complexity of Grundy-Values in Undirected Geography — Open Question 4	Winning the War by (Strategically) Losing Battles: Settling the Complexity of Grundy-Values in Undirected Geography
TCS-6489	The Complexity of Dynamic Least-Squares Regression — Unresolved-question passage on page 16	The Complexity of Dynamic Least-Squares Regression
TCS-6493	Complexity Theory of Orbit Closure Intersection for Tensors: Reductions, Completeness, and Graph Isomorphism Hardness — Explicit open question on PDF page 8	Complexity Theory of Orbit Closure Intersection for Tensors: Reductions, Completeness, and Graph Isomorphism Hardness
TCS-0473	Top-down analysis of path compression	Adaptive and Scalable Data Structures
TCS-0476	Bit-complexity guarantees in extensions of word RAM	Scalable Data Structures (Dagstuhl Seminar 21071)
TCS-6330	Improved Bounds for Multipass Pairing Heaps and Path-Balanced Binary Search Trees — Explicit open question on PDF page 2	Improved Bounds for Multipass Pairing Heaps and Path-Balanced Binary Search Trees