id,venue,year,title,authors,area,url,doi,source_url,metadata_url,classification_method,classification_note,initial_area,rule_area
FOCS-2021-001,FOCS,2021,A Better-than-2 Approximation for Weighted Tree Augmentation,"Vera Traub (ETH Zurich, Switzerland), Rico Zenklusen (ETH Zurich, Switzerland)",Approximation algorithms,https://doi.org/10.1109/FOCS52979.2021.00010,10.1109/FOCS52979.2021.00010,https://ieee-focs.org/FOCS-2021-Papers/,https://ieee-focs.org/FOCS-2021-Papers/data/data.js,LLM_reviewed_title,Title reviewed; candidate primary category retained.,Approximation algorithms,Approximation algorithms
FOCS-2021-002,FOCS,2021,Integer Programs with Bounded Subdeterminants and Two Nonzeros Per Row,"Samuel Fiorini (Université libre de Bruxelles, Belgium), Gwenaël Joret (Université libre de Bruxelles, Belgium), Stefan Weltge (Technical University of Munich, Germany), Yelena Yuditsky (Université libre de Bruxelles, Belgium)",Optimization and mathematical programming,https://doi.org/10.1109/FOCS52979.2021.00011,10.1109/FOCS52979.2021.00011,https://ieee-focs.org/FOCS-2021-Papers/,https://ieee-focs.org/FOCS-2021-Papers/data/data.js,LLM_reviewed_title,Title reviewed; candidate primary category retained.,General algorithm design,Optimization and mathematical programming
FOCS-2021-003,FOCS,2021,A Constant-Factor Approximation Algorithm for Nash Social Welfare with Submodular Valuations,"Wenzheng Li (Stanford University, USA), Jan Vondrak (Stanford University, USA)",Algorithmic game theory and fair division,https://doi.org/10.1109/FOCS52979.2021.00012,10.1109/FOCS52979.2021.00012,https://ieee-focs.org/FOCS-2021-Papers/,https://ieee-focs.org/FOCS-2021-Papers/data/data.js,LLM_reviewed_title,Title reviewed; candidate primary category retained.,Algorithmic game theory and fair division,Algorithmic game theory and fair division
FOCS-2021-004,FOCS,2021,A Polynomial Lower Bound on the Number of Rounds for Parallel Submodular Function Minimization,"Deeparnab Chakrabarty (Dartmouth College), Yu Chen (University of Pennsylvania), Sanjeev Khanna (University of Pennsylvania)",Optimization and mathematical programming,https://doi.org/10.1109/FOCS52979.2021.00013,10.1109/FOCS52979.2021.00013,https://ieee-focs.org/FOCS-2021-Papers/,https://ieee-focs.org/FOCS-2021-Papers/data/data.js,LLM_reviewed_title,Title reviewed; candidate primary category retained.,Optimization and mathematical programming,Optimization and mathematical programming
FOCS-2021-005,FOCS,2021,Post-Quantum Succinct Arguments: Breaking the Quantum Rewinding Barrier,"Alessandro Chiesa (EPFL & UC Berkeley, Switzerland), Fermi Ma (UC Berkeley & Simons Institute), Nicholas Spooner (Boston University), Mark Zhandry (Princeton & NTT Research)",Cryptography,https://doi.org/10.1109/FOCS52979.2021.00014,10.1109/FOCS52979.2021.00014,https://ieee-focs.org/FOCS-2021-Papers/,https://ieee-focs.org/FOCS-2021-Papers/data/data.js,LLM_reviewed_title,Primary subject selected in title review; overlapping techniques do not receive additional counts.,Quantum computation,Quantum computation
FOCS-2021-006,FOCS,2021,On the Impossibility of Post-Quantum Black-Box Zero-Knowledge in Constant Round,"Nai-Hui Chia (Indiana University Bloomington, USA), Kai-Min Chung (Academia Sinica, Taiwan), Qipeng Liu (Simons Institute for the Theory of Computing, USA), Takashi Yamakawa (NTT Corporation, Japan)",Cryptography,https://doi.org/10.1109/FOCS52979.2021.00015,10.1109/FOCS52979.2021.00015,https://ieee-focs.org/FOCS-2021-Papers/,https://ieee-focs.org/FOCS-2021-Papers/data/data.js,LLM_reviewed_title,Title reviewed; candidate primary category retained.,Quantum computation,Cryptography
FOCS-2021-007,FOCS,2021,SNARGs for P from LWE,"Arka Rai Choudhuri (Johns Hopkins University, USA), Abhishek Jain (Johns Hopkins University, USA), Zhengzhong Jin (Johns Hopkins University, USA)",Cryptography,https://doi.org/10.1109/FOCS52979.2021.00016,10.1109/FOCS52979.2021.00016,https://ieee-focs.org/FOCS-2021-Papers/,https://ieee-focs.org/FOCS-2021-Papers/data/data.js,LLM_reviewed_title,Title reviewed; candidate primary category retained.,General algorithm design,Cryptography
FOCS-2021-008,FOCS,2021,Fine-Grained Cryptanalysis: Tight Conditional Bounds for Dense k-SUM and k-XOR,"Itai Dinur (Ben-Gurion University), Nathan Keller (Bar-Ilan University), Ohad Klein (Bar-Ilan University)",Fine-grained complexity,https://doi.org/10.1109/FOCS52979.2021.00017,10.1109/FOCS52979.2021.00017,https://ieee-focs.org/FOCS-2021-Papers/,https://ieee-focs.org/FOCS-2021-Papers/data/data.js,LLM_reviewed_title,Primary subject selected in title review; overlapping techniques do not receive additional counts.,Fine-grained complexity,Cryptography
FOCS-2021-009,FOCS,2021,Demystifying the Border of Depth-3 Algebraic Circuits,"Pranjal Dutta (Chennai Mathematical Institute, India), Prateek Dwivedi (Indian Institute of Technology Kanpur, India), Nitin Saxena (Indian Institute of Technology Kanpur, India)",Algebraic and numerical computation,https://doi.org/10.1109/FOCS52979.2021.00018,10.1109/FOCS52979.2021.00018,https://ieee-focs.org/FOCS-2021-Papers/,https://ieee-focs.org/FOCS-2021-Papers/data/data.js,LLM_reviewed_title,Title reviewed; candidate primary category retained.,General algorithm design,Algebraic and numerical computation
FOCS-2021-010,FOCS,2021,Fooling Constant-Depth Threshold Circuits,"Pooya Hatami (The Ohio State University, USA), William Hoza (UC Berkeley, USA), Avishay Tal (UC Berkeley, USA), Roei Tell (MIT, USA)",Pseudorandomness and derandomization,https://doi.org/10.1109/FOCS52979.2021.00019,10.1109/FOCS52979.2021.00019,https://ieee-focs.org/FOCS-2021-Papers/,https://ieee-focs.org/FOCS-2021-Papers/data/data.js,LLM_reviewed_title,Title reviewed; candidate primary category retained.,General algorithm design,Pseudorandomness and derandomization
FOCS-2021-011,FOCS,2021,Unambiguous DNFs and Alon–Saks–Seymour,"Kaspars Balodis (University of Latvia, Latvia), Shalev Ben-David (University of Waterloo, Canada), Mika Göös (EPFL, Switzerland), Siddhartha Jain (EPFL, Switzerland), Robin Kothari (Microsoft Quantum, USA)",Computational and circuit complexity,https://doi.org/10.1109/FOCS52979.2021.00020,10.1109/FOCS52979.2021.00020,https://ieee-focs.org/FOCS-2021-Papers/,https://ieee-focs.org/FOCS-2021-Papers/data/data.js,LLM_reviewed_title,Title reviewed; candidate primary category retained.,General algorithm design,Computational and circuit complexity
FOCS-2021-012,FOCS,2021,"Hardness vs Randomness, Revised: Uniform, Non-Black-Box, and Instance-Wise","Lijie Chen (Massachusetts Institute of Technology), Roei Tell (Massachusetts Institute of Technology)",Pseudorandomness and derandomization,https://doi.org/10.1109/FOCS52979.2021.00021,10.1109/FOCS52979.2021.00021,https://ieee-focs.org/FOCS-2021-Papers/,https://ieee-focs.org/FOCS-2021-Papers/data/data.js,LLM_reviewed_title,Title reviewed; candidate primary category retained.,General algorithm design,Pseudorandomness and derandomization
FOCS-2021-013,FOCS,2021,Rapid Mixing of Glauber Dynamics via Spectral Independence for all Degrees,"Xiaoyu Chen (Nanjing University, China), Weiming Feng (University of Edinburgh, China; University of Edinburgh, United Kingdom), Yitong Yin (Nanjing University, China), Xinyuan Zhang (Nanjing University, China)",Enumeration and counting,https://doi.org/10.1109/FOCS52979.2021.00022,10.1109/FOCS52979.2021.00022,https://ieee-focs.org/FOCS-2021-Papers/,https://ieee-focs.org/FOCS-2021-Papers/data/data.js,LLM_reviewed_title,Title reviewed; candidate primary category retained.,General algorithm design,Enumeration and counting
FOCS-2021-014,FOCS,2021,Spectral Independence via Stability and Applications to Holant-Type Problems,"Zongchen Chen (MIT, USA), Kuikui Liu (University of Washington, USA), Eric Vigoda (UC Santa Barbara, USA)",Enumeration and counting,https://doi.org/10.1109/FOCS52979.2021.00023,10.1109/FOCS52979.2021.00023,https://ieee-focs.org/FOCS-2021-Papers/,https://ieee-focs.org/FOCS-2021-Papers/data/data.js,LLM_reviewed_title,Title reviewed; candidate primary category retained.,General algorithm design,Enumeration and counting
FOCS-2021-015,FOCS,2021,A Matrix Trickle-Down Theorem on Simplicial Complexes and Applications to Sampling Colorings,"Dorna Abdolazimi (University of Washington, USA), Kuikui Liu (University of Washington, USA), Shayan Oveis Gharan (University of Washington, USA)",Enumeration and counting,https://doi.org/10.1109/FOCS52979.2021.00024,10.1109/FOCS52979.2021.00024,https://ieee-focs.org/FOCS-2021-Papers/,https://ieee-focs.org/FOCS-2021-Papers/data/data.js,LLM_reviewed_title,Title reviewed; candidate primary category retained.,Computational topology,Enumeration and counting
FOCS-2021-016,FOCS,2021,Towards the Sampling Lovász Local Lemma,"Vishesh Jain (Stanford University, USA), Huy Pham (Stanford University, USA), Thuy-Duong Vuong (Stanford University, USA)",Enumeration and counting,https://doi.org/10.1109/FOCS52979.2021.00025,10.1109/FOCS52979.2021.00025,https://ieee-focs.org/FOCS-2021-Papers/,https://ieee-focs.org/FOCS-2021-Papers/data/data.js,LLM_reviewed_title,Title reviewed; candidate primary category retained.,General algorithm design,Enumeration and counting
FOCS-2021-017,FOCS,2021,A Single-Exponential Time 2-Approximation Algorithm for Treewidth,"Tuukka Korhonen (University of Helsinki, Finland; University of Bergen, Norway)",Parameterized and exact algorithms,https://doi.org/10.1109/FOCS52979.2021.00026,10.1109/FOCS52979.2021.00026,https://ieee-focs.org/FOCS-2021-Papers/,https://ieee-focs.org/FOCS-2021-Papers/data/data.js,LLM_reviewed_title,Title reviewed; candidate primary category retained.,Approximation algorithms,Parameterized and exact algorithms
FOCS-2021-018,FOCS,2021,Parameterized Problems Complete for Nondeterministic FPT Time and Logarithmic Space,"Hans L. Bodlaender (Utrecht University, The Netherlands), Carla Groenland (Utrecht University, The Netherlands), Jesper Nederlof (Utrecht University, The Netherlands), Céline M. F. Swennenhuis (Eindhoven University of Technology, The Netherlands)",Parameterized and exact algorithms,https://doi.org/10.1109/FOCS52979.2021.00027,10.1109/FOCS52979.2021.00027,https://ieee-focs.org/FOCS-2021-Papers/,https://ieee-focs.org/FOCS-2021-Papers/data/data.js,LLM_reviewed_title,Title reviewed; candidate primary category retained.,Parameterized and exact algorithms,Parameterized and exact algorithms
FOCS-2021-019,FOCS,2021,PPSZ is Better than you Think,"Dominik Scheder (Shanghai Jiao Tong University, China)",Parameterized and exact algorithms,https://doi.org/10.1109/FOCS52979.2021.00028,10.1109/FOCS52979.2021.00028,https://ieee-focs.org/FOCS-2021-Papers/,https://ieee-focs.org/FOCS-2021-Papers/data/data.js,LLM_reviewed_title,Title reviewed; candidate primary category retained.,General algorithm design,Parameterized and exact algorithms
FOCS-2021-020,FOCS,2021,At Most 3.55^n Stable Matchings,"Cory Palmer (University of Montana, USA), Dömötör Pálvölgyi (Eötvös Loránd University, Hungary)",Algorithmic game theory and fair division,https://doi.org/10.1109/FOCS52979.2021.00029,10.1109/FOCS52979.2021.00029,https://ieee-focs.org/FOCS-2021-Papers/,https://ieee-focs.org/FOCS-2021-Papers/data/data.js,LLM_reviewed_title,Title reviewed; candidate primary category retained.,Graph theory and graph algorithms,Algorithmic game theory and fair division
FOCS-2021-021,FOCS,2021,"An Invariance Principle for the Multi-slice, with Applications","Mark Braverman (Princeton University, USA), Subhash Khot (New York University, USA), Noam Lifshitz (The Hebrew University of Jerusalem, Israel), Dor Minzer (MIT, USA)",Combinatorics and graph polynomials,https://doi.org/10.1109/FOCS52979.2021.00030,10.1109/FOCS52979.2021.00030,https://ieee-focs.org/FOCS-2021-Papers/,https://ieee-focs.org/FOCS-2021-Papers/data/data.js,LLM_reviewed_title,Title reviewed; candidate primary category retained.,General algorithm design,Combinatorics and graph polynomials
FOCS-2021-022,FOCS,2021,Applications of Random Algebraic Constructions to Hardness of Approximation,"Boris Bukh (Carnegie Mellon University, USA), Karthik C. S. (Rutgers University, USA), Bhargav Narayanan (Rutgers University, USA)",Approximation algorithms,https://doi.org/10.1109/FOCS52979.2021.00032,10.1109/FOCS52979.2021.00032,https://ieee-focs.org/FOCS-2021-Papers/,https://ieee-focs.org/FOCS-2021-Papers/data/data.js,LLM_reviewed_title,Title reviewed; candidate primary category retained.,Approximation algorithms,Approximation algorithms
FOCS-2021-023,FOCS,2021,Almost Optimal Inapproximability of Multidimensional Packing Problems,Sai Sandeep (Carnegie Mellon University),Approximation algorithms,https://doi.org/10.1109/FOCS52979.2021.00033,10.1109/FOCS52979.2021.00033,https://ieee-focs.org/FOCS-2021-Papers/,https://ieee-focs.org/FOCS-2021-Papers/data/data.js,LLM_reviewed_title,Title reviewed; candidate primary category retained.,Approximation algorithms,Approximation algorithms
FOCS-2021-024,FOCS,2021,Random Walks and Forbidden Minors III: poly(dε^-1)-time Partition Oracles for Minor-free Graph Classes,"Akash Kumar (EPFL), C. Seshadhri (University of California Santa Cruz, USA), Andrew Stolman (University of California Santa Cruz, USA)",Graph theory and graph algorithms,https://doi.org/10.1109/FOCS52979.2021.00034,10.1109/FOCS52979.2021.00034,https://ieee-focs.org/FOCS-2021-Papers/,https://ieee-focs.org/FOCS-2021-Papers/data/data.js,LLM_reviewed_title,Title reviewed; candidate primary category retained.,Graph theory and graph algorithms,Graph theory and graph algorithms
FOCS-2021-025,FOCS,2021,Non-adaptive vs Adaptive Queries in the Dense Graph Testing Model,"Oded Goldreich (Weizmann Institute of Science, Israel), Avi Wigderson (Institute for Advanced Study, USA)",Property testing and distribution learning,https://doi.org/10.1109/FOCS52979.2021.00035,10.1109/FOCS52979.2021.00035,https://ieee-focs.org/FOCS-2021-Papers/,https://ieee-focs.org/FOCS-2021-Papers/data/data.js,LLM_reviewed_title,Title reviewed; candidate primary category retained.,Graph theory and graph algorithms,Property testing and distribution learning
FOCS-2021-026,FOCS,2021,"Exact and Approximate Pattern Counting in Degenerate Graphs: New Algorithms, Hardness Results, and Complexity Dichotomies","Marco Bressan (University of Milan, Italy), Marc Roth (University of Oxford, United Kingdom)",Enumeration and counting,https://doi.org/10.1109/FOCS52979.2021.00036,10.1109/FOCS52979.2021.00036,https://ieee-focs.org/FOCS-2021-Papers/,https://ieee-focs.org/FOCS-2021-Papers/data/data.js,LLM_reviewed_title,Title reviewed; candidate primary category retained.,Approximation algorithms,Enumeration and counting
FOCS-2021-027,FOCS,2021,Testability of Relations Between Permutations,"Oren Becker (University of Cambridge, United Kingdom), Alexander Lubotzky (The Hebrew University, Israel), Jonathan Mosheiff (Carnegie Mellon University, USA)",Property testing and distribution learning,https://doi.org/10.1109/FOCS52979.2021.00037,10.1109/FOCS52979.2021.00037,https://ieee-focs.org/FOCS-2021-Papers/,https://ieee-focs.org/FOCS-2021-Papers/data/data.js,LLM_reviewed_title,Title reviewed; candidate primary category retained.,General algorithm design,Property testing and distribution learning
FOCS-2021-028,FOCS,2021,The Algorithmic Phase Transition of Random k-SAT for Low Degree Polynomials,"Guy Bresler (Massachusetts Institute of Technology, USA), Brice Huang (Massachusetts Institute of Technology, USA)",Average-case complexity,https://doi.org/10.1109/FOCS52979.2021.00038,10.1109/FOCS52979.2021.00038,https://ieee-focs.org/FOCS-2021-Papers/,https://ieee-focs.org/FOCS-2021-Papers/data/data.js,LLM_reviewed_title,Primary subject selected in title review; overlapping techniques do not receive additional counts.,Automated reasoning and unification,Parameterized and exact algorithms
FOCS-2021-029,FOCS,2021,One-step Replica Symmetry Breaking of Random Regular NAE-SAT,"Danny Nam (Princeton University), Allan Sly (Princeton University), Youngtak Sohn (Stanford University)",Average-case complexity,https://doi.org/10.1109/FOCS52979.2021.00039,10.1109/FOCS52979.2021.00039,https://ieee-focs.org/FOCS-2021-Papers/,https://ieee-focs.org/FOCS-2021-Papers/data/data.js,LLM_reviewed_title,Primary subject selected in title review; overlapping techniques do not receive additional counts.,Automated reasoning and unification,Automated reasoning and unification
FOCS-2021-030,FOCS,2021,Sharp Thresholds in Random Simple Temporal Graphs,"Arnaud Casteigts (University of Bordeaux, France), Michael Raskin (Technical University of Munich, Germany), Malte Renken (Technical University of Berlin, Germany), Viktor Zamaraev (University of Liverpool, United Kingdom)",Temporal graph algorithms,https://doi.org/10.1109/FOCS52979.2021.00040,10.1109/FOCS52979.2021.00040,https://ieee-focs.org/FOCS-2021-Papers/,https://ieee-focs.org/FOCS-2021-Papers/data/data.js,LLM_reviewed_title,Title reviewed; candidate primary category retained.,Temporal graph algorithms,Temporal graph algorithms
FOCS-2021-031,FOCS,2021,Proof of the Contiguity Conjecture and Lognormal Limit for the Symmetric Perceptron,"Emmanuel Abbe (EPFL, Switzerland), Shuangping Li (Princeton University, USA), Allan Sly (Princeton University, USA)",Average-case complexity,https://doi.org/10.1109/FOCS52979.2021.00041,10.1109/FOCS52979.2021.00041,https://ieee-focs.org/FOCS-2021-Papers/,https://ieee-focs.org/FOCS-2021-Papers/data/data.js,LLM_reviewed_title,Title reviewed; candidate primary category retained.,General algorithm design,Average-case complexity
FOCS-2021-032,FOCS,2021,Approximating Maximum Independent Set for Rectangles in the Plane,"Joseph S. B. Mitchell (Stony Brook University, USA)",Approximation algorithms,https://doi.org/10.1109/FOCS52979.2021.00042,10.1109/FOCS52979.2021.00042,https://ieee-focs.org/FOCS-2021-Papers/,https://ieee-focs.org/FOCS-2021-Papers/data/data.js,LLM_reviewed_title,Title reviewed; candidate primary category retained.,Approximation algorithms,Approximation algorithms
FOCS-2021-033,FOCS,2021,A Gap-ETH-Tight Approximation Scheme for Euclidean TSP,"Sándor Kisfaludi-Bak (Institute for Theoretical Studies, ETH Zürich, Switzerland), Jesper Nederlof (Utrecht Univeristy, Utrecht, The Netherlands), Karol Wegrzycki (Saarland University and Max Planck Institute for Informatics, Germany)",Approximation algorithms,https://doi.org/10.1109/FOCS52979.2021.00043,10.1109/FOCS52979.2021.00043,https://ieee-focs.org/FOCS-2021-Papers/,https://ieee-focs.org/FOCS-2021-Papers/data/data.js,LLM_reviewed_title,Title reviewed; candidate primary category retained.,Approximation algorithms,Approximation algorithms
FOCS-2021-034,FOCS,2021,Optimal Approximate Distance Oracle for Planar Graphs,"Hung Le (University in Amherst Massachusetts, USA), Christian Wulff-Nilsen (University of Copenhagen, Denmark)",Data structures and compressed data,https://doi.org/10.1109/FOCS52979.2021.00044,10.1109/FOCS52979.2021.00044,https://ieee-focs.org/FOCS-2021-Papers/,https://ieee-focs.org/FOCS-2021-Papers/data/data.js,LLM_reviewed_title,Primary subject selected in title review; overlapping techniques do not receive additional counts.,Approximation algorithms,Approximation algorithms
FOCS-2021-035,FOCS,2021,Covering Polygons is Even Harder,Mikkel Abrahamsen (University of Copenhagen),Computational geometry,https://doi.org/10.1109/FOCS52979.2021.00045,10.1109/FOCS52979.2021.00045,https://ieee-focs.org/FOCS-2021-Papers/,https://ieee-focs.org/FOCS-2021-Papers/data/data.js,LLM_reviewed_title,Title reviewed; candidate primary category retained.,Computational geometry,Computational geometry
FOCS-2021-036,FOCS,2021,Robust Recovery for Stochastic Block Models,"Jingqiu Ding (ETH Zurich, Switzerland), Tommaso D'Orsi (ETH Zurich, Switzerland), Rajai Nasser (ETH Zurich, Switzerland), David Steurer (ETH Zurich, Switzerland)",Learning theory,https://doi.org/10.1109/FOCS52979.2021.00046,10.1109/FOCS52979.2021.00046,https://ieee-focs.org/FOCS-2021-Papers/,https://ieee-focs.org/FOCS-2021-Papers/data/data.js,LLM_reviewed_title,Title reviewed; candidate primary category retained.,General algorithm design,Learning theory
FOCS-2021-037,FOCS,2021,On Statistical Inference when Fixed Points of Belief Propagation are Unstable,"Siqi Liu (UC Berkeley, USA), Sidhanth Mohanty (UC Berkeley, USA), Prasad Raghavendra (UC Berkeley, USA)",Learning theory,https://doi.org/10.1109/FOCS52979.2021.00047,10.1109/FOCS52979.2021.00047,https://ieee-focs.org/FOCS-2021-Papers/,https://ieee-focs.org/FOCS-2021-Papers/data/data.js,LLM_reviewed_title,Title reviewed; candidate primary category retained.,General algorithm design,Learning theory
FOCS-2021-038,FOCS,2021,Sum-of-Squares Lower Bounds for Sparse Independent Set,"Chris Jones (University of Chicago, USA), Aaron Potechin (University of Chicago, USA), Goutham Rajendran (University of Chicago, USA), Madhur Tulsiani (Toyota Technological Institute, USA), Jeff Xu (Carnegie Mellon University, USA)",Proof complexity and logic,https://doi.org/10.1109/FOCS52979.2021.00048,10.1109/FOCS52979.2021.00048,https://ieee-focs.org/FOCS-2021-Papers/,https://ieee-focs.org/FOCS-2021-Papers/data/data.js,LLM_reviewed_title,Title reviewed; candidate primary category retained.,General algorithm design,Proof complexity and logic
FOCS-2021-039,FOCS,2021,Chow-Liu++: Optimal Prediction-Centric Learning of Tree Ising Models,"Enric Boix-Adserà (MIT, USA), Guy Bresler (MIT, USA), Frederic Koehler (MIT, USA)",Learning theory,https://doi.org/10.1109/FOCS52979.2021.00049,10.1109/FOCS52979.2021.00049,https://ieee-focs.org/FOCS-2021-Papers/,https://ieee-focs.org/FOCS-2021-Papers/data/data.js,LLM_reviewed_title,Title reviewed; candidate primary category retained.,Learning theory,Learning theory
FOCS-2021-040,FOCS,2021,The Minimum Formula Size Problem is (ETH) Hard,"Rahul Ilango (MIT, USA)",Computational and circuit complexity,https://doi.org/10.1109/FOCS52979.2021.00050,10.1109/FOCS52979.2021.00050,https://ieee-focs.org/FOCS-2021-Papers/,https://ieee-focs.org/FOCS-2021-Papers/data/data.js,LLM_reviewed_title,Title reviewed; candidate primary category retained.,General algorithm design,Computational and circuit complexity
FOCS-2021-041,FOCS,2021,The Hardest Explicit Construction,"Oliver Korten (Columbia University, NY)",Computational and circuit complexity,https://doi.org/10.1109/FOCS52979.2021.00051,10.1109/FOCS52979.2021.00051,https://ieee-focs.org/FOCS-2021-Papers/,https://ieee-focs.org/FOCS-2021-Papers/data/data.js,LLM_reviewed_title,Title reviewed; candidate primary category retained.,General algorithm design,Computational and circuit complexity
FOCS-2021-042,FOCS,2021,Tradeoffs for Small-Depth Frege Proofs,"Toniann Pitassi (Columbia University, USA; University of Toronto, Canada), Prasanna Ramakrishnan (Stanford University, USA), Li-Yang Tan (Stanford University, USA)",Proof complexity and logic,https://doi.org/10.1109/FOCS52979.2021.00052,10.1109/FOCS52979.2021.00052,https://ieee-focs.org/FOCS-2021-Papers/,https://ieee-focs.org/FOCS-2021-Papers/data/data.js,LLM_reviewed_title,Title reviewed; candidate primary category retained.,Proof complexity and logic,Proof complexity and logic
FOCS-2021-043,FOCS,2021,Group Isomorphism is Nearly-Linear Time for Most Orders,"Heiko Dietrich (Monash University, Australia), James B. Wilson (Colorado State University, USA)",Algebraic and numerical computation,https://doi.org/10.1109/FOCS52979.2021.00053,10.1109/FOCS52979.2021.00053,https://ieee-focs.org/FOCS-2021-Papers/,https://ieee-focs.org/FOCS-2021-Papers/data/data.js,LLM_reviewed_title,Title reviewed; candidate primary category retained.,General algorithm design,Algebraic and numerical computation
FOCS-2021-044,FOCS,2021,Fitting Distances by Tree Metrics Minimizing the Total Error Within a Constant Factor,"Vincent Cohen-Addad (Google Research, Switzerland), Debarati Das (BARC, University of Copenhagen, Denmark), Evangelos Kipouridis (BARC, University of Copenhagen, Denmark), Nikos Parotsidis (Google Research, Switzerland), Mikkel Thorup (BARC, University of Copenhagen, Denmark)",Approximation algorithms,https://doi.org/10.1109/FOCS52979.2021.00054,10.1109/FOCS52979.2021.00054,https://ieee-focs.org/FOCS-2021-Papers/,https://ieee-focs.org/FOCS-2021-Papers/data/data.js,LLM_reviewed_title,Title reviewed; candidate primary category retained.,General algorithm design,Approximation algorithms
FOCS-2021-045,FOCS,2021,Embeddings of Planar Quasimetrics into Directed ℓ_1 and Polylogarithmic Approximation for Directed Sparsest-Cut,"Ken-Ichi Kawarabayashi (National Institute of Informatics, Japan), Anastasios Sidiropoulos (University of Illinois at Chicago, USA)",Approximation algorithms,https://doi.org/10.1109/FOCS52979.2021.00055,10.1109/FOCS52979.2021.00055,https://ieee-focs.org/FOCS-2021-Papers/,https://ieee-focs.org/FOCS-2021-Papers/data/data.js,LLM_reviewed_title,Title reviewed; candidate primary category retained.,Approximation algorithms,Approximation algorithms
FOCS-2021-046,FOCS,2021,Hop-Constrained Metric Embeddings and Their Applications,"Arnold Filtser (Bar-Ilan University, Israel)",Approximation algorithms,https://doi.org/10.1109/FOCS52979.2021.00056,10.1109/FOCS52979.2021.00056,https://ieee-focs.org/FOCS-2021-Papers/,https://ieee-focs.org/FOCS-2021-Papers/data/data.js,LLM_reviewed_title,Title reviewed; candidate primary category retained.,General algorithm design,Approximation algorithms
FOCS-2021-047,FOCS,2021,A Hitting Set Relaxation for k-Server and an Extension to Time-Windows,"Anupam Gupta (Carnegie Mellon University), Amit Kumar (IIT Delhi, India), Debmalya Panigrahi (Duke University)","Online algorithms, bandits and stochastic optimization",https://doi.org/10.1109/FOCS52979.2021.00057,10.1109/FOCS52979.2021.00057,https://ieee-focs.org/FOCS-2021-Papers/,https://ieee-focs.org/FOCS-2021-Papers/data/data.js,LLM_reviewed_title,Primary subject selected in title review; overlapping techniques do not receive additional counts.,General algorithm design,General algorithm design
FOCS-2021-048,FOCS,2021,Fully Dynamic Electrical Flows: Sparse Maxflow Faster Than Goldberg-Rao,"Yu Gao (Georgia Institute of Technology, USA), Yang P. Liu (Stanford University, USA), Richard Peng (Georgia Tech / University of Waterloo, USA)",Dynamic graph algorithms,https://doi.org/10.1109/FOCS52979.2021.00058,10.1109/FOCS52979.2021.00058,https://ieee-focs.org/FOCS-2021-Papers/,https://ieee-focs.org/FOCS-2021-Papers/data/data.js,LLM_reviewed_title,Title reviewed; candidate primary category retained.,General algorithm design,Dynamic graph algorithms
FOCS-2021-049,FOCS,2021,Faster Sparse Minimum Cost Flow by Electrical Flow Localization,"Kyriakos Axiotis (MIT, USA), Aleksander Mądry (MIT, USA), Adrian Vladu (CNRS & IRIF, Université de Paris, France)",Graph theory and graph algorithms,https://doi.org/10.1109/FOCS52979.2021.00059,10.1109/FOCS52979.2021.00059,https://ieee-focs.org/FOCS-2021-Papers/,https://ieee-focs.org/FOCS-2021-Papers/data/data.js,LLM_reviewed_title,Title reviewed; candidate primary category retained.,General algorithm design,Graph theory and graph algorithms
FOCS-2021-050,FOCS,2021,2-Norm Flow Diffusion in Near-Linear Time,"Li Chen (Georgia Tech, USA), Richard Peng (Georgia Tech, USA), Di Wang (Google Research, USA)",Graph theory and graph algorithms,https://doi.org/10.1109/FOCS52979.2021.00060,10.1109/FOCS52979.2021.00060,https://ieee-focs.org/FOCS-2021-Papers/,https://ieee-focs.org/FOCS-2021-Papers/data/data.js,LLM_reviewed_title,Title reviewed; candidate primary category retained.,General algorithm design,Graph theory and graph algorithms
FOCS-2021-051,FOCS,2021,On the Power of Preconditioning in Sparse Linear Regression,"Jonathan Adam Kelner (MIT, USA), Frederic Koehler (Stanford University, USA), Raghu Meka (UCLA, USA), Dhruv Rohatgi (MIT, USA)",Learning theory,https://doi.org/10.1109/FOCS52979.2021.00061,10.1109/FOCS52979.2021.00061,https://ieee-focs.org/FOCS-2021-Papers/,https://ieee-focs.org/FOCS-2021-Papers/data/data.js,LLM_reviewed_title,Title reviewed; candidate primary category retained.,General algorithm design,Learning theory
FOCS-2021-052,FOCS,2021,Quantum Learning Algorithms Imply Circuit Lower Bounds,"Srinivasan Arunachalam (IBM T. J. Watson Research Center, USA), Alex B. Grilo (Sorbonne Université and CNRS, France), Tom Gur (University of Warwick, UK), Igor C. Oliveira (University of Warwick, UK), Aarthi Sundaram (Microsoft Quantum, USA)",Quantum computation,https://doi.org/10.1109/FOCS52979.2021.00062,10.1109/FOCS52979.2021.00062,https://ieee-focs.org/FOCS-2021-Papers/,https://ieee-focs.org/FOCS-2021-Papers/data/data.js,LLM_reviewed_title,Title reviewed; candidate primary category retained.,Quantum computation,Quantum computation
FOCS-2021-053,FOCS,2021,Exponential Separations Between Learning With and Without Quantum Memory,"Sitan Chen (UC Berkeley), Jordan Cotler (Harvard University), Hsin-Yuan Huang (Caltech), Jerry Li (Microsoft Research, Redmond)",Quantum computation,https://doi.org/10.1109/FOCS52979.2021.00063,10.1109/FOCS52979.2021.00063,https://ieee-focs.org/FOCS-2021-Papers/,https://ieee-focs.org/FOCS-2021-Papers/data/data.js,LLM_reviewed_title,Title reviewed; candidate primary category retained.,Quantum computation,Quantum computation
FOCS-2021-054,FOCS,2021,Quantum Soundness of Testing Tensor Codes,"Zhengfeng Ji (Tsinghua, China), Anand Natarajan (MIT, USA), Thomas Vidick (Caltech, USA), John Wright (UT Austin, USA), Henry Yuen (Columbia, USA)",Quantum computation,https://doi.org/10.1109/FOCS52979.2021.00064,10.1109/FOCS52979.2021.00064,https://ieee-focs.org/FOCS-2021-Papers/,https://ieee-focs.org/FOCS-2021-Papers/data/data.js,LLM_reviewed_title,Title reviewed; candidate primary category retained.,Quantum computation,Quantum computation
FOCS-2021-055,FOCS,2021,"Quasi-Polynomial Time Approximation of Output Probabilities of Geometrically-Local, Shallow Quantum Circuits","Nolan J. Coble (University of Maryland), Matthew Coudron (University of Maryland, National Institute of Standards and Technology)",Quantum computation,https://doi.org/10.1109/FOCS52979.2021.00065,10.1109/FOCS52979.2021.00065,https://ieee-focs.org/FOCS-2021-Papers/,https://ieee-focs.org/FOCS-2021-Papers/data/data.js,LLM_reviewed_title,Title reviewed; candidate primary category retained.,Quantum computation,Quantum computation
FOCS-2021-056,FOCS,2021,Improved Extractors for Small-Space Sources,"Eshan Chattopadhyay (Cornell University), Jesse Goodman (Cornell University)",Pseudorandomness and derandomization,https://doi.org/10.1109/FOCS52979.2021.00066,10.1109/FOCS52979.2021.00066,https://ieee-focs.org/FOCS-2021-Papers/,https://ieee-focs.org/FOCS-2021-Papers/data/data.js,LLM_reviewed_title,Title reviewed; candidate primary category retained.,General algorithm design,Pseudorandomness and derandomization
FOCS-2021-057,FOCS,2021,Affine Extractors for Almost Logarithmic Entropy,"Eshan Chattopadhyay (Cornell University, USA), Jesse Goodman (Cornell University, USA), Jyun-Jie Liao (Cornell University, USA)",Pseudorandomness and derandomization,https://doi.org/10.1109/FOCS52979.2021.00067,10.1109/FOCS52979.2021.00067,https://ieee-focs.org/FOCS-2021-Papers/,https://ieee-focs.org/FOCS-2021-Papers/data/data.js,LLM_reviewed_title,Title reviewed; candidate primary category retained.,General algorithm design,Pseudorandomness and derandomization
FOCS-2021-058,FOCS,2021,Tight Bounds for General Computation in Noisy Broadcast Networks,"Klim Efremenko (Ben-Gurion University, Israel), Gillat Kol (Princeton University, USA), Dmitry Paramonov (Princeton University, USA), Raghuvansh R. Saxena (Princeton University, USA)",Distributed and local algorithms,https://doi.org/10.1109/FOCS52979.2021.00068,10.1109/FOCS52979.2021.00068,https://ieee-focs.org/FOCS-2021-Papers/,https://ieee-focs.org/FOCS-2021-Papers/data/data.js,LLM_reviewed_title,Title reviewed; candidate primary category retained.,General algorithm design,Distributed and local algorithms
FOCS-2021-059,FOCS,2021,Constructive Separations and Their Consequences,"Lijie Chen (MIT, USA), Ce Jin (MIT, USA), Rahul Santhanam (University of Oxford, UK), R. Ryan Williams (MIT, USA)",Computational and circuit complexity,https://doi.org/10.1109/FOCS52979.2021.00069,10.1109/FOCS52979.2021.00069,https://ieee-focs.org/FOCS-2021-Papers/,https://ieee-focs.org/FOCS-2021-Papers/data/data.js,LLM_reviewed_title,Title reviewed; candidate primary category retained.,General algorithm design,Computational and circuit complexity
FOCS-2021-060,FOCS,2021,A Theory of PAC Learnability of Partial Concept Classes,"Noga Alon (Princeton University), Steve Hanneke (Purdue University), Ron Holzman (Technion), Shay Moran (Technion)",Learning theory,https://doi.org/10.1109/FOCS52979.2021.00070,10.1109/FOCS52979.2021.00070,https://ieee-focs.org/FOCS-2021-Papers/,https://ieee-focs.org/FOCS-2021-Papers/data/data.js,LLM_reviewed_title,Title reviewed; candidate primary category retained.,Algorithms for biological structures,Learning theory
FOCS-2021-061,FOCS,2021,Optimal Sub-Gaussian Mean Estimation in R,"Jasper C.H. Lee (University of Wisconsin-Madison & Brown University), Paul Valiant (IAS & Purdue University)",Learning theory,https://doi.org/10.1109/FOCS52979.2021.00071,10.1109/FOCS52979.2021.00071,https://ieee-focs.org/FOCS-2021-Papers/,https://ieee-focs.org/FOCS-2021-Papers/data/data.js,LLM_reviewed_title,Title reviewed; candidate primary category retained.,General algorithm design,Learning theory
FOCS-2021-062,FOCS,2021,Online and Distribution-Free Robustness: Regression and Contextual Bandits with Huber Contamination,"Sitan Chen (UC Berkeley), Frederic Koehler (UC Berkeley), Ankur Moitra (MIT), Morris Yau (MIT)","Online algorithms, bandits and stochastic optimization",https://doi.org/10.1109/FOCS52979.2021.00072,10.1109/FOCS52979.2021.00072,https://ieee-focs.org/FOCS-2021-Papers/,https://ieee-focs.org/FOCS-2021-Papers/data/data.js,LLM_reviewed_title,Title reviewed; candidate primary category retained.,"Online algorithms, bandits and stochastic optimization","Online algorithms, bandits and stochastic optimization"
FOCS-2021-063,FOCS,2021,Learning Deep ReLU Networks Is Fixed-Parameter Tractable,"Sitan Chen (UC Berkeley), Adam R. Klivans (UT Austin), Raghu Meka (UCLA)",Learning theory,https://doi.org/10.1109/FOCS52979.2021.00073,10.1109/FOCS52979.2021.00073,https://ieee-focs.org/FOCS-2021-Papers/,https://ieee-focs.org/FOCS-2021-Papers/data/data.js,LLM_reviewed_title,Title reviewed; candidate primary category retained.,Learning theory,Learning theory
FOCS-2021-064,FOCS,2021,Improved List-Decodability and List-Recoverability of Reed—Solomon Codes via Tree Packings,"Zeyu Guo (UT Austin), Ray Li (Stanford), Chong Shangguan (Shandong University), Itzhak Tamo (Tel Aviv University), Mary Wootters (Stanford)",Coding and information theory,https://doi.org/10.1109/FOCS52979.2021.00074,10.1109/FOCS52979.2021.00074,https://ieee-focs.org/FOCS-2021-Papers/,https://ieee-focs.org/FOCS-2021-Papers/data/data.js,LLM_reviewed_title,Title reviewed; candidate primary category retained.,Coding and information theory,Coding and information theory
FOCS-2021-065,FOCS,2021,List-Decodability with Large Radius for Reed-Solomon Codes,"Asaf Ferber (University of California Irvine, USA), Matthew Kwan (IST Austria, Austria), Lisa Sauermann (Massachusetts Institute of Technology, USA)",Coding and information theory,https://doi.org/10.1109/FOCS52979.2021.00075,10.1109/FOCS52979.2021.00075,https://ieee-focs.org/FOCS-2021-Papers/,https://ieee-focs.org/FOCS-2021-Papers/data/data.js,LLM_reviewed_title,Title reviewed; candidate primary category retained.,Coding and information theory,Coding and information theory
FOCS-2021-066,FOCS,2021,The Zero-Rate Threshold for Adversarial bit-Deletions is Less than 1/2,"Venkatesan Guruswami (Carnegie Mellon University, Pennsylvania), Xiaoyu He (Princeton University, New Jersey), Ray Li (Stanford University, California)",Coding and information theory,https://doi.org/10.1109/FOCS52979.2021.00076,10.1109/FOCS52979.2021.00076,https://ieee-focs.org/FOCS-2021-Papers/,https://ieee-focs.org/FOCS-2021-Papers/data/data.js,LLM_reviewed_title,Title reviewed; candidate primary category retained.,General algorithm design,Coding and information theory
FOCS-2021-067,FOCS,2021,Exponential Lower Bounds for Locally Decodable and Correctable Codes for Insertions and Deletions,"Jeremiah Blocki (Purdue University, USA), Kuan Cheng (Peking University, China), Elena Grigorescu (Purdue University, USA), Xin Li (Johns Hopkins University, USA), Yu Zheng (Johns Hopkins University, USA), Minshen Zhu (Purdue University, USA)",Coding and information theory,https://doi.org/10.1109/FOCS52979.2021.00077,10.1109/FOCS52979.2021.00077,https://ieee-focs.org/FOCS-2021-Papers/,https://ieee-focs.org/FOCS-2021-Papers/data/data.js,LLM_reviewed_title,Title reviewed; candidate primary category retained.,General algorithm design,Coding and information theory
FOCS-2021-068,FOCS,2021,On Worst-Case Learning in Relativized Heuristica,"Shuichi Hirahara (National Institute of Informatics, Japan), Mikito Nanashima (Tokyo Institute of Technology, Japan)",Learning theory,https://doi.org/10.1109/FOCS52979.2021.00078,10.1109/FOCS52979.2021.00078,https://ieee-focs.org/FOCS-2021-Papers/,https://ieee-focs.org/FOCS-2021-Papers/data/data.js,LLM_reviewed_title,Title reviewed; candidate primary category retained.,Learning theory,Learning theory
FOCS-2021-069,FOCS,2021,"Amortized Circuit Complexity, Formal Complexity Measures, and Catalytic Algorithms","Robert Robere (McGill University, Canada), Jeroen Zuiddam (University of Amsterdam, Netherlands)",Computational and circuit complexity,https://doi.org/10.1109/FOCS52979.2021.00079,10.1109/FOCS52979.2021.00079,https://ieee-focs.org/FOCS-2021-Papers/,https://ieee-focs.org/FOCS-2021-Papers/data/data.js,LLM_reviewed_title,Title reviewed; candidate primary category retained.,Computational and circuit complexity,Computational and circuit complexity
FOCS-2021-070,FOCS,2021,LEARN-Uniform Circuit Lower Bounds and Provability in Bounded Arithmetic,"Marco Carmosino (Boston University, USA), Valentine Kabanets (SFU, Canada), Antonina Kolokolova (MUN, Canada), Igor C. Oliveira (University of Warwick, UK)",Proof complexity and logic,https://doi.org/10.1109/FOCS52979.2021.00080,10.1109/FOCS52979.2021.00080,https://ieee-focs.org/FOCS-2021-Papers/,https://ieee-focs.org/FOCS-2021-Papers/data/data.js,LLM_reviewed_title,Title reviewed; candidate primary category retained.,Proof complexity and logic,Proof complexity and logic
FOCS-2021-071,FOCS,2021,On Classifying Continuous Constraint Satisfaction Problems,"Tillmann Miltzow (Utrecht University, The Netherlands), Reinier F. Schmiermann (Utrecht University, The Netherlands)",Constraint satisfaction,https://doi.org/10.1109/FOCS52979.2021.00081,10.1109/FOCS52979.2021.00081,https://ieee-focs.org/FOCS-2021-Papers/,https://ieee-focs.org/FOCS-2021-Papers/data/data.js,LLM_reviewed_title,Title reviewed; candidate primary category retained.,Constraint satisfaction,Constraint satisfaction
FOCS-2021-072,FOCS,2021,Breaking the Cubic Barrier for (Unweighted) Tree Edit Distance,"Xiao Mao (Massachusetts Institute of Technology, USA)",Data structures and compressed data,https://doi.org/10.1109/FOCS52979.2021.00082,10.1109/FOCS52979.2021.00082,https://ieee-focs.org/FOCS-2021-Papers/,https://ieee-focs.org/FOCS-2021-Papers/data/data.js,LLM_reviewed_title,Title reviewed; candidate primary category retained.,Data structures and compressed data,Data structures and compressed data
FOCS-2021-073,FOCS,2021,Superpolynomial Lower Bounds Against Low-Depth Algebraic Circuits,"Nutan Limaye (ITU-Copenhagen), Srikanth Srinivasan (Aarhus University), Sébastien Tavenas (CNRS, LAMA, Univ. Grenoble Alpes, Univ. Savoie Mont Blanc)",Algebraic and numerical computation,https://doi.org/10.1109/FOCS52979.2021.00083,10.1109/FOCS52979.2021.00083,https://ieee-focs.org/FOCS-2021-Papers/,https://ieee-focs.org/FOCS-2021-Papers/data/data.js,LLM_reviewed_title,Title reviewed; candidate primary category retained.,General algorithm design,Algebraic and numerical computation
FOCS-2021-074,FOCS,2021,Combinatorial Contracts,"Paul Duetting (Google Research, Switzerland), Tomer Ezra (Tel Aviv University, Israel), Michal Feldman (Tel Aviv University, Israel), Thomas Kesselheim (University of Bonn, Germany)",Algorithmic game theory and fair division,https://doi.org/10.1109/FOCS52979.2021.00084,10.1109/FOCS52979.2021.00084,https://ieee-focs.org/FOCS-2021-Papers/,https://ieee-focs.org/FOCS-2021-Papers/data/data.js,LLM_reviewed_title,Title reviewed; candidate primary category retained.,Combinatorics and graph polynomials,Algorithmic game theory and fair division
FOCS-2021-075,FOCS,2021,"FIXP-Membership via Convex Optimization: Games, Cakes, and Markets","Aris Filos-Ratsikas (University of Liverpool, UK), Kristoffer Arnsfelt Hansen (Aarhus University, Denmark), Kasper Høgh (Aarhus University, Denmark), Alexandros Hollender (University of Oxford, UK)",Algorithmic game theory and fair division,https://doi.org/10.1109/FOCS52979.2021.00085,10.1109/FOCS52979.2021.00085,https://ieee-focs.org/FOCS-2021-Papers/,https://ieee-focs.org/FOCS-2021-Papers/data/data.js,LLM_reviewed_title,Primary subject selected in title review; overlapping techniques do not receive additional counts.,Optimization and mathematical programming,Optimization and mathematical programming
FOCS-2021-076,FOCS,2021,On the Nisan-Ronen Conjecture,"George Christodoulou (University of Liverpool, UK), Elias Koutsoupias (University of Oxford, UK), Annamaria Kovacs (Goethe University, Germany)",Algorithmic game theory and fair division,https://doi.org/10.1109/FOCS52979.2021.00086,10.1109/FOCS52979.2021.00086,https://ieee-focs.org/FOCS-2021-Papers/,https://ieee-focs.org/FOCS-2021-Papers/data/data.js,LLM_reviewed_title,Primary subject selected in title review; overlapping techniques do not receive additional counts.,General algorithm design,General algorithm design
FOCS-2021-077,FOCS,2021,"Continuity, Uniqueness and Long-Term Behavior of Nash Flows Over Time","Neil Olver (LSE London, United Kingdom), Leon Sering (ETH Zurich, Switzerland), Laura Vargas Koch (ETH Zurich, Switzerland)",Algorithmic game theory and fair division,https://doi.org/10.1109/FOCS52979.2021.00087,10.1109/FOCS52979.2021.00087,https://ieee-focs.org/FOCS-2021-Papers/,https://ieee-focs.org/FOCS-2021-Papers/data/data.js,LLM_reviewed_title,Title reviewed; candidate primary category retained.,Algorithmic game theory and fair division,Algorithmic game theory and fair division
FOCS-2021-078,FOCS,2021,Fully Dynamic s-t Edge Connectivity in Subpolynomial Time,"Wenyu Jin (University of Illinois at Chicago, USA), Xiaorui Sun (University of Illinois at Chicago, USA)",Dynamic graph algorithms,https://doi.org/10.1109/FOCS52979.2021.00088,10.1109/FOCS52979.2021.00088,https://ieee-focs.org/FOCS-2021-Papers/,https://ieee-focs.org/FOCS-2021-Papers/data/data.js,LLM_reviewed_title,Title reviewed; candidate primary category retained.,Dynamic graph algorithms,Dynamic graph algorithms
FOCS-2021-079,FOCS,2021,Time-Optimal Sublinear Algorithms for Matching and Vertex Cover,Soheil Behnezhad (Stanford University),Graph theory and graph algorithms,https://doi.org/10.1109/FOCS52979.2021.00089,10.1109/FOCS52979.2021.00089,https://ieee-focs.org/FOCS-2021-Papers/,https://ieee-focs.org/FOCS-2021-Papers/data/data.js,LLM_reviewed_title,Title reviewed; candidate primary category retained.,Graph theory and graph algorithms,Graph theory and graph algorithms
FOCS-2021-080,FOCS,2021,Small-Space and Streaming Pattern Matching with k Edits,"Tomasz Kociumaka (University of California, Berkeley, USA), Ely Porat (Bar Ilan University, Israel), Tatiana Starikovskaya (DI/ENS, PSL Research University, France)",Streaming and sketching,https://doi.org/10.1109/FOCS52979.2021.00090,10.1109/FOCS52979.2021.00090,https://ieee-focs.org/FOCS-2021-Papers/,https://ieee-focs.org/FOCS-2021-Papers/data/data.js,LLM_reviewed_title,Title reviewed; candidate primary category retained.,Data structures and compressed data,Streaming and sketching
FOCS-2021-081,FOCS,2021,A Quantum Advantage for a Natural Streaming Problem,"John Kallaugher (The University of Texas at Austin, USA)",Quantum computation,https://doi.org/10.1109/FOCS52979.2021.00091,10.1109/FOCS52979.2021.00091,https://ieee-focs.org/FOCS-2021-Papers/,https://ieee-focs.org/FOCS-2021-Papers/data/data.js,LLM_reviewed_title,Title reviewed; candidate primary category retained.,Quantum computation,Quantum computation
FOCS-2021-082,FOCS,2021,Statistically Near-Optimal Hypothesis Selection,"Olivier Bousquet (Google Brain, Switzerland), Mark Braverman (Princeton University, USA), Gillat Kol (Princeton University, USA), Klim Efremenko (Ben Gurion University, Israel), Shay Moran (Technion and Google Research, Israel)",Property testing and distribution learning,https://doi.org/10.1109/FOCS52979.2021.00092,10.1109/FOCS52979.2021.00092,https://ieee-focs.org/FOCS-2021-Papers/,https://ieee-focs.org/FOCS-2021-Papers/data/data.js,LLM_reviewed_title,Title reviewed; candidate primary category retained.,General algorithm design,Property testing and distribution learning
FOCS-2021-083,FOCS,2021,Properly Learning Decision Trees in Almost Polynomial Time,"Guy Blanc (Stanford University, USA), Jane Lange (MIT, USA), Mingda Qiao (Stanford University, USA), Li-Yang Tan (Stanford University, USA)",Learning theory,https://doi.org/10.1109/FOCS52979.2021.00093,10.1109/FOCS52979.2021.00093,https://ieee-focs.org/FOCS-2021-Papers/,https://ieee-focs.org/FOCS-2021-Papers/data/data.js,LLM_reviewed_title,Title reviewed; candidate primary category retained.,Learning theory,Learning theory
FOCS-2021-084,FOCS,2021,Sharper Bounds on the Fourier Concentration of DNFs,"Victor Lecomte (Stanford University, USA), Li-Yang Tan (Stanford University, USA)",Computational and circuit complexity,https://doi.org/10.1109/FOCS52979.2021.00094,10.1109/FOCS52979.2021.00094,https://ieee-focs.org/FOCS-2021-Papers/,https://ieee-focs.org/FOCS-2021-Papers/data/data.js,LLM_reviewed_title,Title reviewed; candidate primary category retained.,General algorithm design,Computational and circuit complexity
FOCS-2021-085,FOCS,2021,Smoothed Analysis with Adaptive Adversaries,"Nika Haghtalab (University of California Berkeley, USA), Tim Roughgarden (Columbia University, USA), Abhishek Shetty (University of California Berkeley, USA)","Online algorithms, bandits and stochastic optimization",https://doi.org/10.1109/FOCS52979.2021.00095,10.1109/FOCS52979.2021.00095,https://ieee-focs.org/FOCS-2021-Papers/,https://ieee-focs.org/FOCS-2021-Papers/data/data.js,LLM_reviewed_abstract,"Smoothed guarantees against adaptive adversaries for online learning, discrepancy and optimization.",General algorithm design,General algorithm design
FOCS-2021-086,FOCS,2021,Hiding Among the Clones: A Simple and Nearly Optimal Analysis of Privacy Amplification by Shuffling,"Vitaly Feldman (Apple, USA), Audra McMillan (Apple, USA), Kunal Talwar (Apple, USA)",Differential privacy,https://doi.org/10.1109/FOCS52979.2021.00096,10.1109/FOCS52979.2021.00096,https://ieee-focs.org/FOCS-2021-Papers/,https://ieee-focs.org/FOCS-2021-Papers/data/data.js,LLM_reviewed_title,Title reviewed; candidate primary category retained.,General algorithm design,Differential privacy
FOCS-2021-087,FOCS,2021,Settling the Horizon-Dependence of Sample Complexity in Reinforcement Learning,"Yuanzhi Li (Carnegie Mellon University, USA), Ruosong Wang (Carnegie Mellon University, USA), Lin F. Yang (University of California, Los Angeles, USA)","Online algorithms, bandits and stochastic optimization",https://doi.org/10.1109/FOCS52979.2021.00097,10.1109/FOCS52979.2021.00097,https://ieee-focs.org/FOCS-2021-Papers/,https://ieee-focs.org/FOCS-2021-Papers/data/data.js,LLM_reviewed_title,Title reviewed; candidate primary category retained.,"Online algorithms, bandits and stochastic optimization","Online algorithms, bandits and stochastic optimization"
FOCS-2021-088,FOCS,2021,Feature Purification: How Adversarial Training Performs Robust Deep Learning,"Zeyuan Allen-Zhu (Microsoft Research Redmond, USA), Yuanzhi Li (Carnegie Mellon University, USA)",Learning theory,https://doi.org/10.1109/FOCS52979.2021.00098,10.1109/FOCS52979.2021.00098,https://ieee-focs.org/FOCS-2021-Papers/,https://ieee-focs.org/FOCS-2021-Papers/data/data.js,LLM_reviewed_title,Title reviewed; candidate primary category retained.,Learning theory,Learning theory
FOCS-2021-089,FOCS,2021,Minor Sparsifiers and the Distributed Laplacian Paradigm,"Sebastian Forster (University of Salzburg, Austria), Gramoz Goranci (University of Glasgow, United Kingdom), Yang P. Liu (Stanford University, USA), Richard Peng (Georgia Tech / University of Waterloo, USA; Waterloo, Canada), Xiaorui Sun (University of Illinois at Chicago, USA), Mingquan Ye (University of Illinois at Chicago, USA)",Distributed and local algorithms,https://doi.org/10.1109/FOCS52979.2021.00099,10.1109/FOCS52979.2021.00099,https://ieee-focs.org/FOCS-2021-Papers/,https://ieee-focs.org/FOCS-2021-Papers/data/data.js,LLM_reviewed_title,Title reviewed; candidate primary category retained.,Distributed and local algorithms,Distributed and local algorithms
FOCS-2021-090,FOCS,2021,Deterministic Decremental SSSP and Approximate Min-Cost Flow in Almost-Linear Time,"Aaron Bernstein (Rutgers University New Brunswick, USA), Maximilian Probst Gutenberg (ETH Zurich, Switzerland), Thatchaphol Saranurak (University of Michigan, USA)",Dynamic graph algorithms,https://doi.org/10.1109/FOCS52979.2021.00100,10.1109/FOCS52979.2021.00100,https://ieee-focs.org/FOCS-2021-Papers/,https://ieee-focs.org/FOCS-2021-Papers/data/data.js,LLM_reviewed_title,Title reviewed; candidate primary category retained.,Approximation algorithms,Dynamic graph algorithms
FOCS-2021-091,FOCS,2021,"Deterministic Distributed Vertex Coloring:Simpler, Faster, and Without Network Decomposition","Mohsen Ghaffari (ETH Zurich, Switzerland), Fabian Kuhn (University of Freiburg, Germany)",Distributed and local algorithms,https://doi.org/10.1109/FOCS52979.2021.00101,10.1109/FOCS52979.2021.00101,https://ieee-focs.org/FOCS-2021-Papers/,https://ieee-focs.org/FOCS-2021-Papers/data/data.js,LLM_reviewed_title,Title reviewed; candidate primary category retained.,Distributed and local algorithms,Distributed and local algorithms
FOCS-2021-092,FOCS,2021,Hardness of Approximate Diameter: Now for Undirected Graphs,"Mina Dalirrooyfard (MIT), Ray Li (Stanford University), Virginia Vassilevska Williams (MIT)",Fine-grained complexity,https://doi.org/10.1109/FOCS52979.2021.00102,10.1109/FOCS52979.2021.00102,https://ieee-focs.org/FOCS-2021-Papers/,https://ieee-focs.org/FOCS-2021-Papers/data/data.js,LLM_reviewed_title,Primary subject selected in title review; overlapping techniques do not receive additional counts.,Approximation algorithms,Approximation algorithms
FOCS-2021-093,FOCS,2021,MAJORITY-3SAT (and Related Problems) in Polynomial Time,"Shyan Akmal (MIT CSAIL & EECS, USA), Ryan Williams (MIT CSAIL & EECS, USA)",Automated reasoning and unification,https://doi.org/10.1109/FOCS52979.2021.00103,10.1109/FOCS52979.2021.00103,https://ieee-focs.org/FOCS-2021-Papers/,https://ieee-focs.org/FOCS-2021-Papers/data/data.js,LLM_reviewed_title,Title reviewed; candidate primary category retained.,General algorithm design,Automated reasoning and unification
FOCS-2021-094,FOCS,2021,A Time and Space Optimal Stable Population Protocol Solving Exact Majority,"David Doty (University of California, Davis), Mahsa Eftekhari (University of California, Davis), Leszek Gasieniec (University of Liverpool), Eric Severson (University of California, Davis), Przemysław Uznanski (University of Wrocław), Grzegorz Stachowiak (University of Wrocław)",Distributed and local algorithms,https://doi.org/10.1109/FOCS52979.2021.00104,10.1109/FOCS52979.2021.00104,https://ieee-focs.org/FOCS-2021-Papers/,https://ieee-focs.org/FOCS-2021-Papers/data/data.js,LLM_reviewed_title,Title reviewed; candidate primary category retained.,Distributed and local algorithms,Distributed and local algorithms
FOCS-2021-095,FOCS,2021,Stochastic and Worst-Case Generalized Sorting Revisited,"Wlliam Kuszmaul (Massachusetts Institute of Technology, USA), Shyam Narayanan (Massachusetts Institute of Technology, USA)",General algorithm design,https://doi.org/10.1109/FOCS52979.2021.00105,10.1109/FOCS52979.2021.00105,https://ieee-focs.org/FOCS-2021-Papers/,https://ieee-focs.org/FOCS-2021-Papers/data/data.js,LLM_reviewed_abstract,Generalized comparison sorting; graph representation is a constraint on comparisons.,General algorithm design,General algorithm design
FOCS-2021-096,FOCS,2021,Tight Space Complexity of the Coin Problem,"Mark Braverman (Princeton University), Sumegha Garg (Harvard University), Or Zamir (Institute for Advanced Study)",Computational and circuit complexity,https://doi.org/10.1109/FOCS52979.2021.00106,10.1109/FOCS52979.2021.00106,https://ieee-focs.org/FOCS-2021-Papers/,https://ieee-focs.org/FOCS-2021-Papers/data/data.js,LLM_reviewed_title,Title reviewed; candidate primary category retained.,General algorithm design,Computational and circuit complexity
FOCS-2021-097,FOCS,2021,A Proof of the Erdős–Faber–Lovász Conjecture: Algorithmic Aspects,"Dong Yeap Kang (University of Birmingham, United Kingdom), Tom Kelly (University of Birmingham, United Kingdom), Daniela Kühn (University of Birmingham, United Kingdom), Abhishek Methuku (University of Birmingham, United Kingdom), Deryk Osthus (University of Birmingham, United Kingdom)",Combinatorics and graph polynomials,https://doi.org/10.1109/FOCS52979.2021.00107,10.1109/FOCS52979.2021.00107,https://ieee-focs.org/FOCS-2021-Papers/,https://ieee-focs.org/FOCS-2021-Papers/data/data.js,LLM_reviewed_title,Title reviewed; candidate primary category retained.,General algorithm design,Combinatorics and graph polynomials
FOCS-2021-098,FOCS,2021,"New Data Structure for Univariate Polynomial Approximation and Applications to Root Isolation, Numerical Multipoint Evaluation, and Other Problems","Guillaume Moroz (Université de Lorraine, CNRS, Inria, LORIA)",Algebraic and numerical computation,https://doi.org/10.1109/FOCS52979.2021.00108,10.1109/FOCS52979.2021.00108,https://ieee-focs.org/FOCS-2021-Papers/,https://ieee-focs.org/FOCS-2021-Papers/data/data.js,LLM_reviewed_title,Title reviewed; candidate primary category retained.,Data structures and compressed data,Algebraic and numerical computation
FOCS-2021-099,FOCS,2021,The Supersingular Isogeny Path and Endomorphism Ring Problems are Equivalent,"Benjamin Wesolowski (Univ. Bordeaux, CNRS, Bordeaux INP, IMB, France)",Lattices and computational number theory,https://doi.org/10.1109/FOCS52979.2021.00109,10.1109/FOCS52979.2021.00109,https://ieee-focs.org/FOCS-2021-Papers/,https://ieee-focs.org/FOCS-2021-Papers/data/data.js,LLM_reviewed_title,Primary subject selected in title review; overlapping techniques do not receive additional counts.,Graph theory and graph algorithms,Graph theory and graph algorithms
FOCS-2021-100,FOCS,2021,Harmonic Persistent Homology,"Saugata Basu (Purdue University), Nathanael Cox (Purdue University)",Computational topology,https://doi.org/10.1109/FOCS52979.2021.00110,10.1109/FOCS52979.2021.00110,https://ieee-focs.org/FOCS-2021-Papers/,https://ieee-focs.org/FOCS-2021-Papers/data/data.js,LLM_reviewed_title,Title reviewed; candidate primary category retained.,Computational topology,Computational topology
FOCS-2021-101,FOCS,2021,A Nearly Optimal All-Pairs Min-Cuts Algorithm in Simple Graphs,"Jason Li (Simons Institute), Debmalya Panigrahi (Duke University), Thatchaphol Saranurak (University of Michigan)",Graph theory and graph algorithms,https://doi.org/10.1109/FOCS52979.2021.00111,10.1109/FOCS52979.2021.00111,https://ieee-focs.org/FOCS-2021-Papers/,https://ieee-focs.org/FOCS-2021-Papers/data/data.js,LLM_reviewed_title,Title reviewed; candidate primary category retained.,Graph theory and graph algorithms,Graph theory and graph algorithms
FOCS-2021-102,FOCS,2021,APMF < APSP? Gomory-Hu Tree for Unweighted Graphs in Almost-Quadratic Time,"Amir Abboud (Weizmann Institute of Science, Israel), Robert Krauthgamer (Weizmann Institute of Science, Israel), Ohad Trabelsi (University of Michigan, USA)",Graph theory and graph algorithms,https://doi.org/10.1109/FOCS52979.2021.00112,10.1109/FOCS52979.2021.00112,https://ieee-focs.org/FOCS-2021-Papers/,https://ieee-focs.org/FOCS-2021-Papers/data/data.js,LLM_reviewed_title,Title reviewed; candidate primary category retained.,Graph theory and graph algorithms,Graph theory and graph algorithms
FOCS-2021-103,FOCS,2021,Minimum Cuts in Directed Graphs via Partial Sparsification,"Ruoxu Cen (Duke University, USA), Jason Li (UC Berkeley, USA), Danupon Nanongkai (University of Copenhagen, Denmark), Debmalya Panigrahi (Duke University, USA), Thatchaphol Saranurak (University of Michigan Ann Arbor, USA), Kent Quanrud (Purdue University, USA)",Graph theory and graph algorithms,https://doi.org/10.1109/FOCS52979.2021.00113,10.1109/FOCS52979.2021.00113,https://ieee-focs.org/FOCS-2021-Papers/,https://ieee-focs.org/FOCS-2021-Papers/data/data.js,LLM_reviewed_title,Title reviewed; candidate primary category retained.,Graph theory and graph algorithms,Graph theory and graph algorithms
FOCS-2021-104,FOCS,2021,Spectral Hypergraph Sparsifiers of Nearly Linear Size,"Michael Kapralov (École Polytechnique Fédérale de Lausanne, Switzerland), Robert Krauthgamer (Weizmann Institute of Science, Israel), Jakab Tardos (École Polytechnique Fédérale de Lausanne, Switzerland), Yuichi Yoshida (National Institute of Informatics, Japan)",Graph theory and graph algorithms,https://doi.org/10.1109/FOCS52979.2021.00114,10.1109/FOCS52979.2021.00114,https://ieee-focs.org/FOCS-2021-Papers/,https://ieee-focs.org/FOCS-2021-Papers/data/data.js,LLM_reviewed_title,Primary subject selected in title review; overlapping techniques do not receive additional counts.,Graph theory and graph algorithms,Combinatorics and graph polynomials
FOCS-2021-105,FOCS,2021,Linear Probing Revisited: Tombstones Mark the Demise of Primary Clustering,"Michael A. Bender (Stony Brook University, USA), Bradley C. Kuszmaul (Google Inc., USA), William Kuszmaul (Massachusetts Institute of Technology, USA)",Data structures and compressed data,https://doi.org/10.1109/FOCS52979.2021.00115,10.1109/FOCS52979.2021.00115,https://ieee-focs.org/FOCS-2021-Papers/,https://ieee-focs.org/FOCS-2021-Papers/data/data.js,LLM_reviewed_title,Title reviewed; candidate primary category retained.,General algorithm design,Data structures and compressed data
FOCS-2021-106,FOCS,2021,Tight Bounds for Adversarially Robust Streams and Sliding Windows via Difference Estimators,"David P. Woodruff (Carnegie Mellon University, USA), Samson Zhou (Carnegie Mellon University, USA)",Streaming and sketching,https://doi.org/10.1109/FOCS52979.2021.00116,10.1109/FOCS52979.2021.00116,https://ieee-focs.org/FOCS-2021-Papers/,https://ieee-focs.org/FOCS-2021-Papers/data/data.js,LLM_reviewed_title,Title reviewed; candidate primary category retained.,General algorithm design,Streaming and sketching
FOCS-2021-107,FOCS,2021,Approximability of all Finite CSPs with Linear Sketches,"Chi-Ning Chou (Harvard University, USA), Alexander Golovnev (Georgetown University, USA), Madhu Sudan (Harvard University, USA), Santhoshini Velusamy (Harvard University, USA)",Constraint satisfaction,https://doi.org/10.1109/FOCS52979.2021.00117,10.1109/FOCS52979.2021.00117,https://ieee-focs.org/FOCS-2021-Papers/,https://ieee-focs.org/FOCS-2021-Papers/data/data.js,LLM_reviewed_title,Title reviewed; candidate primary category retained.,Streaming and sketching,Constraint satisfaction
FOCS-2021-108,FOCS,2021,Terminal Embeddings in Sublinear Time,"Yeshwanth Cherapanamjeri (University of California at Berkeley, USA), Jelani Nelson (University of California at Berkeley, USA)",Computational geometry,https://doi.org/10.1109/FOCS52979.2021.00118,10.1109/FOCS52979.2021.00118,https://ieee-focs.org/FOCS-2021-Papers/,https://ieee-focs.org/FOCS-2021-Papers/data/data.js,LLM_reviewed_title,Title reviewed; candidate primary category retained.,General algorithm design,Computational geometry
FOCS-2021-109,FOCS,2021,Winning the War by (Strategically) Losing Battles: Settling the Complexity of Grundy-Values in Undirected Geography,"Kyle W. Burke (Plymouth State University, USA), Matthew T. Ferland (University of Southern California, USA), Shang-Hua Teng (University of Southern California, USA)",Computational and circuit complexity,https://doi.org/10.1109/FOCS52979.2021.00119,10.1109/FOCS52979.2021.00119,https://ieee-focs.org/FOCS-2021-Papers/,https://ieee-focs.org/FOCS-2021-Papers/data/data.js,LLM_reviewed_title,Primary subject selected in title review; overlapping techniques do not receive additional counts.,Graph theory and graph algorithms,Graph theory and graph algorithms
FOCS-2021-110,FOCS,2021,Reachability in Vector Addition Systems is Ackermann-Complete,"Wojciech Czerwiński (University of Warsaw), Łukasz Orlikowski (University of Warsaw)",Infinite-state systems and verification,https://doi.org/10.1109/FOCS52979.2021.00120,10.1109/FOCS52979.2021.00120,https://ieee-focs.org/FOCS-2021-Papers/,https://ieee-focs.org/FOCS-2021-Papers/data/data.js,LLM_reviewed_title,Title reviewed; candidate primary category retained.,Infinite-state systems and verification,Infinite-state systems and verification
FOCS-2021-111,FOCS,2021,The Reachability Problem for Petri Nets is Not Primitive Recursive,"Jérôme Leroux (Univ. Bordeaux, CNRS, Bordeaux INP, LaBRI, France)",Infinite-state systems and verification,https://doi.org/10.1109/FOCS52979.2021.00121,10.1109/FOCS52979.2021.00121,https://ieee-focs.org/FOCS-2021-Papers/,https://ieee-focs.org/FOCS-2021-Papers/data/data.js,LLM_reviewed_title,Title reviewed; candidate primary category retained.,Infinite-state systems and verification,Infinite-state systems and verification
FOCS-2021-112,FOCS,2021,Random Order Online Set Cover is as Easy as Offline,"Anupam Gupta (Carnegie Mellon University, USA), Gregory Kehne (Harvard University, USA), Roie Levin (Carnegie Mellon University, USA)","Online algorithms, bandits and stochastic optimization",https://doi.org/10.1109/FOCS52979.2021.00122,10.1109/FOCS52979.2021.00122,https://ieee-focs.org/FOCS-2021-Papers/,https://ieee-focs.org/FOCS-2021-Papers/data/data.js,LLM_reviewed_title,Title reviewed; candidate primary category retained.,General algorithm design,"Online algorithms, bandits and stochastic optimization"
FOCS-2021-113,FOCS,2021,Improved Online Correlated Selection,"Ruiquan Gao (IIIS, Tsinghua University), Zhongtian He (IIIS, Tsinghua University), Zhiyi Huang (The University of Hong Kong), Zipei Nie (Nine-Chapter Lab, Huawei), Bijun Yuan (The University of Hong Kong), Yan Zhong (The University of Hong Kong)","Online algorithms, bandits and stochastic optimization",https://doi.org/10.1109/FOCS52979.2021.00123,10.1109/FOCS52979.2021.00123,https://ieee-focs.org/FOCS-2021-Papers/,https://ieee-focs.org/FOCS-2021-Papers/data/data.js,LLM_reviewed_title,Title reviewed; candidate primary category retained.,General algorithm design,"Online algorithms, bandits and stochastic optimization"
FOCS-2021-114,FOCS,2021,Multiway Online Correlated Selection,"Guy Blanc (Stanford University, USA), Moses Charikar (Stanford University, USA)","Online algorithms, bandits and stochastic optimization",https://doi.org/10.1109/FOCS52979.2021.00124,10.1109/FOCS52979.2021.00124,https://ieee-focs.org/FOCS-2021-Papers/,https://ieee-focs.org/FOCS-2021-Papers/data/data.js,LLM_reviewed_title,Title reviewed; candidate primary category retained.,General algorithm design,"Online algorithms, bandits and stochastic optimization"
FOCS-2021-115,FOCS,2021,A Direct Product Theorem for Quantum Communication Complexity with Applications to Device-Independent QKD,"Rahul Jain (National University of Singapore, Singapore), Srijita Kundu (National University of Singapore, Singapore)",Quantum computation,https://doi.org/10.1109/FOCS52979.2021.00125,10.1109/FOCS52979.2021.00125,https://ieee-focs.org/FOCS-2021-Papers/,https://ieee-focs.org/FOCS-2021-Papers/data/data.js,LLM_reviewed_title,Title reviewed; candidate primary category retained.,Quantum computation,Quantum computation
FOCS-2021-116,FOCS,2021,Quantum Supremacy and Hardness of Estimating Output Probabilities of Quantum Circuits,"Yasuhiro Kondo (Tokyo Institute of Technology, Japan), Ryuhei Mori (Tokyo Institute of Technology, Japan), Ramis Movassagh (IBM Quantum, MIT-IBM AI Watson lab, USA)",Quantum computation,https://doi.org/10.1109/FOCS52979.2021.00126,10.1109/FOCS52979.2021.00126,https://ieee-focs.org/FOCS-2021-Papers/,https://ieee-focs.org/FOCS-2021-Papers/data/data.js,LLM_reviewed_title,Title reviewed; candidate primary category retained.,Quantum computation,Quantum computation
FOCS-2021-117,FOCS,2021,Noise and the Frontier of Quantum Supremacy,"Adam Bouland (UC Berkeley, USA), Bill Fefferman (University of Chicago, USA), Zeph Landau (UC Berkeley, USA), Yunchao Liu (UC Berkeley, USA)",Quantum computation,https://doi.org/10.1109/FOCS52979.2021.00127,10.1109/FOCS52979.2021.00127,https://ieee-focs.org/FOCS-2021-Papers/,https://ieee-focs.org/FOCS-2021-Papers/data/data.js,LLM_reviewed_title,Title reviewed; candidate primary category retained.,Quantum computation,Quantum computation
FOCS-2022-001,FOCS,2022,Binary Codes with Resilience Beyond 1/4 via Interaction,"Klim Efremenko (Ben-Gurion University, Israel), Gillat Kol (Princeton University, USA), Raghuvansh R. Saxena (Microsoft Research, USA), Zhijun Zhang (Princeton University, USA)",Coding and information theory,https://doi.org/10.1109/FOCS54457.2022.00008,10.1109/FOCS54457.2022.00008,https://ieee-focs.org/FOCS-2022-Papers/,https://ieee-focs.org/FOCS-2022-Papers/data/data.js,LLM_reviewed_title,Title reviewed; candidate primary category retained.,General algorithm design,Coding and information theory
FOCS-2022-002,FOCS,2022,Error Correcting Codes that Achieve BSC Capacity Against Channels that are Poly-Size Circuits,"Ronen Shaltiel (University of Haifa, Israel), Jad Silbak (Tel Aviv University, Israel)",Coding and information theory,https://doi.org/10.1109/FOCS54457.2022.00009,10.1109/FOCS54457.2022.00009,https://ieee-focs.org/FOCS-2022-Papers/,https://ieee-focs.org/FOCS-2022-Papers/data/data.js,LLM_reviewed_title,Title reviewed; candidate primary category retained.,Coding and information theory,Coding and information theory
FOCS-2022-003,FOCS,2022,Relaxed Locally Decodable and Correctable Codes: Beyond Tensoring,"Gil Cohen (Tel Aviv University, Israel), Tal Yankovitz (Tel Aviv University, Israel)",Coding and information theory,https://doi.org/10.1109/FOCS54457.2022.00010,10.1109/FOCS54457.2022.00010,https://ieee-focs.org/FOCS-2022-Papers/,https://ieee-focs.org/FOCS-2022-Papers/data/data.js,LLM_reviewed_title,Title reviewed; candidate primary category retained.,General algorithm design,Coding and information theory
FOCS-2022-004,FOCS,2022,Punctured Low-Bias Codes Behave Like Random Linear Codes,"Venkatesan Guruswami (University of California, Berkeley), Jonathan Mosheiff (Ben-Gurion University, Israel)",Coding and information theory,https://doi.org/10.1109/FOCS54457.2022.00011,10.1109/FOCS54457.2022.00011,https://ieee-focs.org/FOCS-2022-Papers/,https://ieee-focs.org/FOCS-2022-Papers/data/data.js,LLM_reviewed_title,Title reviewed; candidate primary category retained.,General algorithm design,Coding and information theory
FOCS-2022-005,FOCS,2022,Classical Verification of Quantum Computations in Linear Time,"Jiayu Zhang (California Institute of Technology, USA)",Quantum computation,https://doi.org/10.1109/FOCS54457.2022.00012,10.1109/FOCS54457.2022.00012,https://ieee-focs.org/FOCS-2022-Papers/,https://ieee-focs.org/FOCS-2022-Papers/data/data.js,LLM_reviewed_title,Title reviewed; candidate primary category retained.,Quantum computation,Quantum computation
FOCS-2022-006,FOCS,2022,Inapproximability of Positive Semidefinite Permanents and Quantum State Tomography,"Alexander Meiburg (University of California, Santa Barbara)",Quantum computation,https://doi.org/10.1109/FOCS54457.2022.00013,10.1109/FOCS54457.2022.00013,https://ieee-focs.org/FOCS-2022-Papers/,https://ieee-focs.org/FOCS-2022-Papers/data/data.js,LLM_reviewed_title,Title reviewed; candidate primary category retained.,Quantum computation,Quantum computation
FOCS-2022-007,FOCS,2022,Verifiable Quantum Advantage Without Structure,"Takashi Yamakawa (NTT Social Informatics Laboratories, Japan), Mark Zhandry (NTT Research & Princeton University, USA)",Quantum computation,https://doi.org/10.1109/FOCS54457.2022.00014,10.1109/FOCS54457.2022.00014,https://ieee-focs.org/FOCS-2022-Papers/,https://ieee-focs.org/FOCS-2022-Papers/data/data.js,LLM_reviewed_title,Title reviewed; candidate primary category retained.,Quantum computation,Quantum computation
FOCS-2022-008,FOCS,2022,Properly Learning Monotone Functions via Local Correction,"Jane Lange (CSAIL, MIT, USA), Ronitt Rubinfeld (CSAIL, MIT, USA), Arsen Vasilyan (CSAIL, MIT, USA)",Learning theory,https://doi.org/10.1109/FOCS54457.2022.00015,10.1109/FOCS54457.2022.00015,https://ieee-focs.org/FOCS-2022-Papers/,https://ieee-focs.org/FOCS-2022-Papers/data/data.js,LLM_reviewed_title,Title reviewed; candidate primary category retained.,Learning theory,Learning theory
FOCS-2022-009,FOCS,2022,Testing Positive Semidefiniteness using Linear Measurements,"Deanna Needell (University of California Los Angeles, USA), William Swartworth (University of California Los Angeles, USA), David P. Woodruff (Carnegie Mellon University, USA)",Property testing and distribution learning,https://doi.org/10.1109/FOCS54457.2022.00016,10.1109/FOCS54457.2022.00016,https://ieee-focs.org/FOCS-2022-Papers/,https://ieee-focs.org/FOCS-2022-Papers/data/data.js,LLM_reviewed_title,Title reviewed; candidate primary category retained.,Optimization and mathematical programming,Property testing and distribution learning
FOCS-2022-010,FOCS,2022,Improved Optimal Testing Results from Global Hypercontractivity,"Tali Kaufman (Bar-Ilan University, Israel), Dor Minzer (MIT, USA)",Property testing and distribution learning,https://doi.org/10.1109/FOCS54457.2022.00017,10.1109/FOCS54457.2022.00017,https://ieee-focs.org/FOCS-2022-Papers/,https://ieee-focs.org/FOCS-2022-Papers/data/data.js,LLM_reviewed_title,Title reviewed; candidate primary category retained.,General algorithm design,Property testing and distribution learning
FOCS-2022-011,FOCS,2022,Localization Schemes: A Framework for Proving Mixing Bounds for Markov Chains,"Yuansi Chen (Duke University), Ronen Eldan (Microsoft Research)",Enumeration and counting,https://doi.org/10.1109/FOCS54457.2022.00018,10.1109/FOCS54457.2022.00018,https://ieee-focs.org/FOCS-2022-Papers/,https://ieee-focs.org/FOCS-2022-Papers/data/data.js,LLM_reviewed_title,Title reviewed; candidate primary category retained.,General algorithm design,Enumeration and counting
FOCS-2022-012,FOCS,2022,Optimal Sublinear Sampling of Spanning Trees and Determinantal Point Processes via Average-Case Entropic Independence,"Nima Anari (Stanford University), Yang P. Liu (Stanford University), Thuy-Duong Vuong (Stanford University)",Enumeration and counting,https://doi.org/10.1109/FOCS54457.2022.00019,10.1109/FOCS54457.2022.00019,https://ieee-focs.org/FOCS-2022-Papers/,https://ieee-focs.org/FOCS-2022-Papers/data/data.js,LLM_reviewed_title,Primary subject selected in title review; overlapping techniques do not receive additional counts.,Graph theory and graph algorithms,Average-case complexity
FOCS-2022-013,FOCS,2022,Optimal Learning of Quantum Hamiltonians from high-Temperature Gibbs States,"Jeongwan Haah (Microsoft Quantum, USA), Robin Kothari (Microsoft Quantum, USA), Ewin Tang (University of Washington, USA)",Quantum computation,https://doi.org/10.1109/FOCS54457.2022.00020,10.1109/FOCS54457.2022.00020,https://ieee-focs.org/FOCS-2022-Papers/,https://ieee-focs.org/FOCS-2022-Papers/data/data.js,LLM_reviewed_title,Title reviewed; candidate primary category retained.,Quantum computation,Quantum computation
FOCS-2022-014,FOCS,2022,Sampling Lovász Local Lemma for General Constraint Satisfaction Solutions in Near-Linear Time,"Kun He (University of Chinese Academy of Sciences, China), Chunyang Wang (Nanjing University, China), Yitong Yin (Nanjing University, China)",Enumeration and counting,https://doi.org/10.1109/FOCS54457.2022.00021,10.1109/FOCS54457.2022.00021,https://ieee-focs.org/FOCS-2022-Papers/,https://ieee-focs.org/FOCS-2022-Papers/data/data.js,LLM_reviewed_title,Primary subject selected in title review; overlapping techniques do not receive additional counts.,Constraint satisfaction,Constraint satisfaction
FOCS-2022-015,FOCS,2022,Pure-Circuit: Strong Inapproximability for PPAD,"Argyrios Deligkas (Royal Holloway, UK), John Fearnley (University of Liverpool, UK), Alexandros Hollender (University of Oxford, UK), Themistoklis Melissourgos (University of Essex, UK)",Computational and circuit complexity,https://doi.org/10.1109/FOCS54457.2022.00022,10.1109/FOCS54457.2022.00022,https://ieee-focs.org/FOCS-2022-Papers/,https://ieee-focs.org/FOCS-2022-Papers/data/data.js,LLM_reviewed_title,Primary subject selected in title review; overlapping techniques do not receive additional counts.,Approximation algorithms,Approximation algorithms
FOCS-2022-016,FOCS,2022,Order Selection Prophet Inequality: From Threshold Optimization to Arrival Time Design,"Bo Peng (ITCS, Shanghai University of Finance and Economics), Zhihao Gavin Tang (ITCS, Shanghai University of Finance and Economics)","Online algorithms, bandits and stochastic optimization",https://doi.org/10.1109/FOCS54457.2022.00023,10.1109/FOCS54457.2022.00023,https://ieee-focs.org/FOCS-2022-Papers/,https://ieee-focs.org/FOCS-2022-Papers/data/data.js,LLM_reviewed_title,Title reviewed; candidate primary category retained.,"Online algorithms, bandits and stochastic optimization","Online algorithms, bandits and stochastic optimization"
FOCS-2022-017,FOCS,2022,First Price Auction is 1-1/e^2 Efficient,"Yaonan Jin (Columbia University, United States), Pinyan Lu (Shanghai University of Finance and Economics, China)",Algorithmic game theory and fair division,https://doi.org/10.1109/FOCS54457.2022.00024,10.1109/FOCS54457.2022.00024,https://ieee-focs.org/FOCS-2022-Papers/,https://ieee-focs.org/FOCS-2022-Papers/data/data.js,LLM_reviewed_title,Title reviewed; candidate primary category retained.,Algorithmic game theory and fair division,Algorithmic game theory and fair division
FOCS-2022-018,FOCS,2022,Simple Hard Instances for Low-Depth Algebraic Proofs,"Nashlen Govindasamy (Imperial College London, UK), Tuomas Hakoniemi (Imperial College London, UK), Iddo Tzameret (Imperial College London, UK)",Proof complexity and logic,https://doi.org/10.1109/FOCS54457.2022.00025,10.1109/FOCS54457.2022.00025,https://ieee-focs.org/FOCS-2022-Papers/,https://ieee-focs.org/FOCS-2022-Papers/data/data.js,LLM_reviewed_title,Title reviewed; candidate primary category retained.,General algorithm design,Proof complexity and logic
FOCS-2022-019,FOCS,2022,Separated Borders: Exponential-gap Fanin-Hierarchy Theorem for Approximative Depth-3 Circuits,"Pranjal Dutta (Chennai Mathematical Institute, India), Nitin Saxena (Indian Institute of Technology, India)",Algebraic and numerical computation,https://doi.org/10.1109/FOCS54457.2022.00026,10.1109/FOCS54457.2022.00026,https://ieee-focs.org/FOCS-2022-Papers/,https://ieee-focs.org/FOCS-2022-Papers/data/data.js,LLM_reviewed_title,Primary subject selected in title review; overlapping techniques do not receive additional counts.,Approximation algorithms,Approximation algorithms
FOCS-2022-020,FOCS,2022,Radical Sylvester-Gallai Theorem for Cubics,"Rafael Oliveira (University of Waterloo, Canada), Akash Kumar Sengupta (Columbia University, United States)",Algebraic and numerical computation,https://doi.org/10.1109/FOCS54457.2022.00027,10.1109/FOCS54457.2022.00027,https://ieee-focs.org/FOCS-2022-Papers/,https://ieee-focs.org/FOCS-2022-Papers/data/data.js,LLM_reviewed_title,Title reviewed; candidate primary category retained.,General algorithm design,Algebraic and numerical computation
FOCS-2022-021,FOCS,2022,Fast Multivariate Multipoint Evaluation Over All Finite Fields,"Vishwas Bhargava (Rutgers University, USA), Sumanta Ghosh (Caltech, USA), Zeyu Guo (UT Austin, USA), Mrinal Kumar (IIT Bombay, India), Chris Umans (Caltech, USA)",Algebraic and numerical computation,https://doi.org/10.1109/FOCS54457.2022.00028,10.1109/FOCS54457.2022.00028,https://ieee-focs.org/FOCS-2022-Papers/,https://ieee-focs.org/FOCS-2022-Papers/data/data.js,LLM_reviewed_title,Title reviewed; candidate primary category retained.,General algorithm design,Algebraic and numerical computation
FOCS-2022-022,FOCS,2022,Solving SDP Faster: A Robust IPM Framework and Efficient Implementation,"Baihe Huang (Peking University, China), Shunhua Jiang (Columbia University, USA), Zhao Song (Adobe Research, USA), Runzhou Tao (Columbia University, USA), Ruizhe Zhang (The University of Texas at Austin, USA)",Optimization and mathematical programming,https://doi.org/10.1109/FOCS54457.2022.00029,10.1109/FOCS54457.2022.00029,https://ieee-focs.org/FOCS-2022-Papers/,https://ieee-focs.org/FOCS-2022-Papers/data/data.js,LLM_reviewed_title,Title reviewed; candidate primary category retained.,General algorithm design,Optimization and mathematical programming
FOCS-2022-023,FOCS,2022,Improved Lower Bounds for Submodular Function Minimization,"Deeparnab Chakrabarty (Dartmouth College, USA), Andrei Graur (Stanford University, USA), Haotian Jiang (University of Washington, USA), Aaron Sidford (Stanford University, USA)",Optimization and mathematical programming,https://doi.org/10.1109/FOCS54457.2022.00030,10.1109/FOCS54457.2022.00030,https://ieee-focs.org/FOCS-2022-Papers/,https://ieee-focs.org/FOCS-2022-Papers/data/data.js,LLM_reviewed_title,Title reviewed; candidate primary category retained.,Optimization and mathematical programming,Optimization and mathematical programming
FOCS-2022-024,FOCS,2022,Determinant Maximization via Matroid Intersection Algorithms,"Adam Brown (Georgia Institute of Technology, USA), Aditi Laddha (Georgia Institute of Technology, USA), Madhusudhan Pittu (Carnegie Mellon University, USA), Mohit Singh (Georgia Institute of Technology, USA), Prasad Tetali (Carnegie Mellon University, USA)",Optimization and mathematical programming,https://doi.org/10.1109/FOCS54457.2022.00031,10.1109/FOCS54457.2022.00031,https://ieee-focs.org/FOCS-2022-Papers/,https://ieee-focs.org/FOCS-2022-Papers/data/data.js,LLM_reviewed_title,Title reviewed; candidate primary category retained.,Optimization and mathematical programming,Optimization and mathematical programming
FOCS-2022-025,FOCS,2022,Interior Point Methods are not Worse than Simplex,"Xavier Allamigeon (Inria, CMAP, CNRS, Ecole Polytechnique, IP Paris, France), Daniel Dadush (Centrum Wiskunde & Informatica, The Netherlands), Georg Loho (University of Twente, The Netherlands), Bento Natura (London School of Economics and Political Science, UK), László A. Végh (London School of Economics and Political Science, UK)",Optimization and mathematical programming,https://doi.org/10.1109/FOCS54457.2022.00032,10.1109/FOCS54457.2022.00032,https://ieee-focs.org/FOCS-2022-Papers/,https://ieee-focs.org/FOCS-2022-Papers/data/data.js,LLM_reviewed_title,Title reviewed; candidate primary category retained.,General algorithm design,Optimization and mathematical programming
FOCS-2022-026,FOCS,2022,Survivable Network Design Revisited: Group-Connectivity,"Qingyun Chen (University of California, Merced), Bundit Laekhanukit (Shanghai University of Finance and Economics, China), Chao Liao (Shanghai Jiao Tong University, China), Yuhao Zhang (Shanghai Jiao Tong University, China)",Approximation algorithms,https://doi.org/10.1109/FOCS54457.2022.00033,10.1109/FOCS54457.2022.00033,https://ieee-focs.org/FOCS-2022-Papers/,https://ieee-focs.org/FOCS-2022-Papers/data/data.js,LLM_reviewed_title,Title reviewed; candidate primary category retained.,Graph theory and graph algorithms,Approximation algorithms
FOCS-2022-027,FOCS,2022,Approximation Algorithms and Hardness for n-Pairs Shortest Paths and All-Nodes Shortest Cycles,"Mina Dalirrooyfard (MIT, USA), Ce Jin (MIT, USA), Virginia Vassilevska Williams (MIT, USA), Nicole Wein (Rutgers University, USA)",Approximation algorithms,https://doi.org/10.1109/FOCS54457.2022.00034,10.1109/FOCS54457.2022.00034,https://ieee-focs.org/FOCS-2022-Papers/,https://ieee-focs.org/FOCS-2022-Papers/data/data.js,LLM_reviewed_title,Title reviewed; candidate primary category retained.,Approximation algorithms,Approximation algorithms
FOCS-2022-028,FOCS,2022,Fitting Metrics and Ultrametrics with Minimum Disagreements,"Vincent Cohen-Addad (Google Zürich, Switzerland), Chenglin Fan (Sorbonne Université, France), Euiwoong Lee (University of Michigan, USA), Arnaud de Mesmay (LIGM, CNRS, Univ. Gustave Eiffel, ESIEE Paris, France)",Approximation algorithms,https://doi.org/10.1109/FOCS54457.2022.00035,10.1109/FOCS54457.2022.00035,https://ieee-focs.org/FOCS-2022-Papers/,https://ieee-focs.org/FOCS-2022-Papers/data/data.js,LLM_reviewed_title,Title reviewed; candidate primary category retained.,General algorithm design,Approximation algorithms
FOCS-2022-029,FOCS,2022,Tight Lipschitz Hardness for Optimizing Mean Field Spin Glasses,"Brice Huang (MIT, USA), Mark Sellke (Stanford, USA)",Average-case complexity,https://doi.org/10.1109/FOCS54457.2022.00037,10.1109/FOCS54457.2022.00037,https://ieee-focs.org/FOCS-2022-Papers/,https://ieee-focs.org/FOCS-2022-Papers/data/data.js,LLM_reviewed_title,Title reviewed; candidate primary category retained.,General algorithm design,Average-case complexity
FOCS-2022-030,FOCS,2022,Sampling from the Sherrington-Kirkpatrick Gibbs Measure via Algorithmic Stochastic Localization,"Ahmed El Alaoui (Cornell University), Andrea Montanari (Stanford University, USA), Mark Sellke (Stanford University, USA)",Average-case complexity,https://doi.org/10.1109/FOCS54457.2022.00038,10.1109/FOCS54457.2022.00038,https://ieee-focs.org/FOCS-2022-Papers/,https://ieee-focs.org/FOCS-2022-Papers/data/data.js,LLM_reviewed_title,Title reviewed; candidate primary category retained.,General algorithm design,Average-case complexity
FOCS-2022-031,FOCS,2022,Performance and Limitations of the QAOA at Constant Levels on Large Sparse Hypergraphs and Spin Glass Models,"Joao Basso (Google Quantum AI, USA), David Gamarnik (Massachusetts Institute of Technology, USA), Song Mei (University of California, USA), Leo Zhou (California Institute of Technology, USA)",Quantum computation,https://doi.org/10.1109/FOCS54457.2022.00039,10.1109/FOCS54457.2022.00039,https://ieee-focs.org/FOCS-2022-Papers/,https://ieee-focs.org/FOCS-2022-Papers/data/data.js,LLM_reviewed_title,Primary subject selected in title review; overlapping techniques do not receive additional counts.,Graph theory and graph algorithms,Average-case complexity
FOCS-2022-032,FOCS,2022,Algorithms for the Ferromagnetic Potts Model on Expanders,"Charlie Carlson (University of Colorado Boulder, USA), Ewan Davies (Colorado State University, USA), Nicolas Fraiman (University of North Carolina at Chapel Hill, USA), Alexandra Kolla (University of California, Santa Cruz, USA), Aditya Potukuchi (York University, Canada), Corrine Yap (Rutgers University, USA)",Enumeration and counting,https://doi.org/10.1109/FOCS54457.2022.00040,10.1109/FOCS54457.2022.00040,https://ieee-focs.org/FOCS-2022-Papers/,https://ieee-focs.org/FOCS-2022-Papers/data/data.js,LLM_reviewed_title,Title reviewed; candidate primary category retained.,Combinatorics and graph polynomials,Enumeration and counting
FOCS-2022-033,FOCS,2022,On Matrix Multiplication and Polynomial Identity Testing,"Robert Andrews (University of Illinois Urbana-Champaign, USA)",Algebraic and numerical computation,https://doi.org/10.1109/FOCS54457.2022.00041,10.1109/FOCS54457.2022.00041,https://ieee-focs.org/FOCS-2022-Papers/,https://ieee-focs.org/FOCS-2022-Papers/data/data.js,LLM_reviewed_title,Title reviewed; candidate primary category retained.,Algebraic and numerical computation,Algebraic and numerical computation
FOCS-2022-034,FOCS,2022,Cheeger Inequalities for Vertex Expansion and Reweighted Eigenvalues,"Tsz Chiu Kwok (Shanghai University of Finance and Economics, China), Lap Chi Lau (The University of Waterloo, Canada), Kam Chuen Tung (The University of Waterloo, Canada)",Graph theory and graph algorithms,https://doi.org/10.1109/FOCS54457.2022.00042,10.1109/FOCS54457.2022.00042,https://ieee-focs.org/FOCS-2022-Papers/,https://ieee-focs.org/FOCS-2022-Papers/data/data.js,LLM_reviewed_title,Title reviewed; candidate primary category retained.,General algorithm design,Graph theory and graph algorithms
FOCS-2022-035,FOCS,2022,Almost Ramanujan Expanders from Arbitrary Expanders via Operator Amplification,"Fernando Granha Jeronimo (Institute of Advanced Study, USA), Tushant Mittal (University of Chicago, USA), Sourya Roy (UC Riverside, USA), Avi Wigderson (Institute for Advanced Study, USA)",Combinatorics and graph polynomials,https://doi.org/10.1109/FOCS54457.2022.00043,10.1109/FOCS54457.2022.00043,https://ieee-focs.org/FOCS-2022-Papers/,https://ieee-focs.org/FOCS-2022-Papers/data/data.js,LLM_reviewed_title,Title reviewed; candidate primary category retained.,Combinatorics and graph polynomials,Combinatorics and graph polynomials
FOCS-2022-036,FOCS,2022,Motif Cut Sparsifiers,"Michael Kapralov (EPFL, Switzerland), Mikhail Makarov (EPFL, Switzerland), Sandeep Silval (MIT, USA), Christian Sohler (University of Cologne, Germany), Jakab Tardos (EPFL, Switzerland)",Graph theory and graph algorithms,https://doi.org/10.1109/FOCS54457.2022.00044,10.1109/FOCS54457.2022.00044,https://ieee-focs.org/FOCS-2022-Papers/,https://ieee-focs.org/FOCS-2022-Papers/data/data.js,LLM_reviewed_title,Title reviewed; candidate primary category retained.,Graph theory and graph algorithms,Graph theory and graph algorithms
FOCS-2022-037,FOCS,2022,Fooling Polynomials using Invariant Theory,"Harm Derksen (Northeastern University, USA), Emanuele Viola (Northeastern University, USA)",Pseudorandomness and derandomization,https://doi.org/10.1109/FOCS54457.2022.00045,10.1109/FOCS54457.2022.00045,https://ieee-focs.org/FOCS-2022-Papers/,https://ieee-focs.org/FOCS-2022-Papers/data/data.js,LLM_reviewed_title,Title reviewed; candidate primary category retained.,General algorithm design,Pseudorandomness and derandomization
FOCS-2022-038,FOCS,2022,Derandomizing Directed Random Walks in Almost-Linear Time,"Rasmus Kyng (ETH Zurich, Switzerland), Simon Meierhans (ETH Zurich, Switzerland), Maximilian Probst Gutenberg (ETH Zurich, Switzerland)",Pseudorandomness and derandomization,https://doi.org/10.1109/FOCS54457.2022.00046,10.1109/FOCS54457.2022.00046,https://ieee-focs.org/FOCS-2022-Papers/,https://ieee-focs.org/FOCS-2022-Papers/data/data.js,LLM_reviewed_title,Title reviewed; candidate primary category retained.,Pseudorandomness and derandomization,Pseudorandomness and derandomization
FOCS-2022-039,FOCS,2022,Linear Hashing with ℓ∞ Guarantees and two-Sided Kakeya Bounds,"Manik Dhar (Princeton University, USA), Zeev Dvir (Princeton University, USA)",Data structures and compressed data,https://doi.org/10.1109/FOCS54457.2022.00047,10.1109/FOCS54457.2022.00047,https://ieee-focs.org/FOCS-2022-Papers/,https://ieee-focs.org/FOCS-2022-Papers/data/data.js,LLM_reviewed_title,Title reviewed; candidate primary category retained.,General algorithm design,Data structures and compressed data
FOCS-2022-040,FOCS,2022,Unstructured Hardness to Average-Case Randomness,"Lijie Chen (Massachusetts Institute of Technology, USA), Ron D. Rothblum (Technion, Israel), Roei Tell (The Institute of Advanced Study and DIMACS, USA)",Average-case complexity,https://doi.org/10.1109/FOCS54457.2022.00048,10.1109/FOCS54457.2022.00048,https://ieee-focs.org/FOCS-2022-Papers/,https://ieee-focs.org/FOCS-2022-Papers/data/data.js,LLM_reviewed_title,Title reviewed; candidate primary category retained.,General algorithm design,Average-case complexity
FOCS-2022-041,FOCS,2022,Local Computation of Maximal Independent Set,"Mohsen Ghaffari (MIT, USA)",Distributed and local algorithms,https://doi.org/10.1109/FOCS54457.2022.00049,10.1109/FOCS54457.2022.00049,https://ieee-focs.org/FOCS-2022-Papers/,https://ieee-focs.org/FOCS-2022-Papers/data/data.js,LLM_reviewed_title,Title reviewed; candidate primary category retained.,General algorithm design,Distributed and local algorithms
FOCS-2022-042,FOCS,2022,Streaming Facility Location in High Dimension via Geometric Hashing,"Artur Czumaj (University of Warwick, UK), Shaofeng H.-C. Jiang (Peking University, China), Robert Krauthgamer (Weizmann Institute of Science, Israel), Pavel Veselý (Charles University, Czechia), Mingwei Yang (Peking University, China)",Streaming and sketching,https://doi.org/10.1109/FOCS54457.2022.00050,10.1109/FOCS54457.2022.00050,https://ieee-focs.org/FOCS-2022-Papers/,https://ieee-focs.org/FOCS-2022-Papers/data/data.js,LLM_reviewed_title,Title reviewed; candidate primary category retained.,Computational geometry,Streaming and sketching
FOCS-2022-043,FOCS,2022,The Power of Uniform Sampling for Coresets,"Vladimir Braverman (Johns Hopkins University), Vincent Cohen-Addad (Google Research, Switzerland), Shaofeng H. C. Jiang (Peking University), Robert Krauthgamer (Weizmann Institute of Science), Chris Schwiegelshohn (Aarhus University), Mads Bech Toftrup (Aarhus University), Xuan Wu (Johns Hopkins University)",Computational geometry,https://doi.org/10.1109/FOCS54457.2022.00051,10.1109/FOCS54457.2022.00051,https://ieee-focs.org/FOCS-2022-Papers/,https://ieee-focs.org/FOCS-2022-Papers/data/data.js,LLM_reviewed_title,Title reviewed; candidate primary category retained.,General algorithm design,Computational geometry
FOCS-2022-044,FOCS,2022,On Weighted Graph Sparsi?cation by Linear Sketching,"Yu Chen (University of Pennsylvania, USA), Sanjeev Khanna (University of Pennsylvania, USA), Huan Li (University of Pennsylvania, USA)",Streaming and sketching,https://doi.org/10.1109/FOCS54457.2022.00052,10.1109/FOCS54457.2022.00052,https://ieee-focs.org/FOCS-2022-Papers/,https://ieee-focs.org/FOCS-2022-Papers/data/data.js,LLM_reviewed_title,Title reviewed; candidate primary category retained.,Streaming and sketching,Streaming and sketching
FOCS-2022-045,FOCS,2022,Factorial Lower Bounds for (Almost) Random Order Streams,"Ashish Chiplunkar (IIT Delhi, India), John Kallaugher (Sandia National Labs, USA), Michael Kapralov (EPFL, Switzerland), Eric Price (UT Austin, USA)",Streaming and sketching,https://doi.org/10.1109/FOCS54457.2022.00053,10.1109/FOCS54457.2022.00053,https://ieee-focs.org/FOCS-2022-Papers/,https://ieee-focs.org/FOCS-2022-Papers/data/data.js,LLM_reviewed_title,Title reviewed; candidate primary category retained.,General algorithm design,Streaming and sketching
FOCS-2022-046,FOCS,2022,The Quantum and Classical Streaming Complexity of Quantum and Classical Max-Cut,"John Kallaugher (Sandia National Labs, USA), Ojas Parekh (Sandia National Labs, USA)",Quantum computation,https://doi.org/10.1109/FOCS54457.2022.00054,10.1109/FOCS54457.2022.00054,https://ieee-focs.org/FOCS-2022-Papers/,https://ieee-focs.org/FOCS-2022-Papers/data/data.js,LLM_reviewed_title,Title reviewed; candidate primary category retained.,Quantum computation,Quantum computation
FOCS-2022-047,FOCS,2022,Cut Query Algorithms with Star Contraction,"Simon Apers (CNRS, IRIF, France), Yuval Efron (Columbia University, USA), Pawel Gawrychowski (University of Wroclaw, Poland), Troy Lee (QSI, University of Technology Sydney, Australia), Sagnik Mukhopadhyay (University of Sheffield, UK), Danupon Nanongkai (Max Planck Institute for Informatics, University of Copenhagen, and KTH)",Graph theory and graph algorithms,https://doi.org/10.1109/FOCS54457.2022.00055,10.1109/FOCS54457.2022.00055,https://ieee-focs.org/FOCS-2022-Papers/,https://ieee-focs.org/FOCS-2022-Papers/data/data.js,LLM_reviewed_title,Title reviewed; candidate primary category retained.,Graph theory and graph algorithms,Graph theory and graph algorithms
FOCS-2022-048,FOCS,2022,Memory Bounds for Continual Learning,"Xi Chen (Columbia University, USA), Christos Papadimitriou (Columbia University, USA), Binghui Peng (Columbia University, USA)",Learning theory,https://doi.org/10.1109/FOCS54457.2022.00056,10.1109/FOCS54457.2022.00056,https://ieee-focs.org/FOCS-2022-Papers/,https://ieee-focs.org/FOCS-2022-Papers/data/data.js,LLM_reviewed_title,Title reviewed; candidate primary category retained.,Learning theory,Learning theory
FOCS-2022-049,FOCS,2022,Induced Cycles and Paths Are Harder Than You Think,"Mina Dalirrooyfard (MIT, USA), Virginia Vassilevska Williams (MIT, USA)",Graph theory and graph algorithms,https://doi.org/10.1109/FOCS54457.2022.00057,10.1109/FOCS54457.2022.00057,https://ieee-focs.org/FOCS-2022-Papers/,https://ieee-focs.org/FOCS-2022-Papers/data/data.js,LLM_reviewed_title,Title reviewed; candidate primary category retained.,Graph theory and graph algorithms,Graph theory and graph algorithms
FOCS-2022-050,FOCS,2022,Hardness Self-Amplification from Feasible Hard-Core Sets,"Shuichi Hirahara (National Institute of Informatics, Japan), Nobutaka Shimizu (Tokyo Institute of Technology, Japan)",Average-case complexity,https://doi.org/10.1109/FOCS54457.2022.00058,10.1109/FOCS54457.2022.00058,https://ieee-focs.org/FOCS-2022-Papers/,https://ieee-focs.org/FOCS-2022-Papers/data/data.js,LLM_reviewed_title,Title reviewed; candidate primary category retained.,General algorithm design,Average-case complexity
FOCS-2022-051,FOCS,2022,A Tight (non-Combinatorial) Conditional Lower Bound for Klee’s Measure Problem in 3D,"Marvin Künnemann (TU Kaiserslautern, Germany)",Fine-grained complexity,https://doi.org/10.1109/FOCS54457.2022.00059,10.1109/FOCS54457.2022.00059,https://ieee-focs.org/FOCS-2022-Papers/,https://ieee-focs.org/FOCS-2022-Papers/data/data.js,LLM_reviewed_title,Primary subject selected in title review; overlapping techniques do not receive additional counts.,Combinatorics and graph polynomials,Combinatorics and graph polynomials
FOCS-2022-052,FOCS,2022,Sparse Random Hypergraphs: Non-Backtracking Spectra and Community Detection,"Ludovic Stephan (École Polytechnique Fédérale de Lausanne, Switzerland), Yizhe Zhu (University of California, Irvine, USA)",Learning theory,https://doi.org/10.1109/FOCS54457.2022.00060,10.1109/FOCS54457.2022.00060,https://ieee-focs.org/FOCS-2022-Papers/,https://ieee-focs.org/FOCS-2022-Papers/data/data.js,LLM_reviewed_title,Title reviewed; candidate primary category retained.,Graph theory and graph algorithms,Learning theory
FOCS-2022-053,FOCS,2022,Algorithms and Barriers in the Symmetric Binary Perceptron Model,"David Gamarnik (Massachusetts Institute of Technology), Eren C. Kizildag (Massachusetts Institute of Technology), Will Perkins (University of Illinois at Chicago), Changji Xu (Harvard University)",Average-case complexity,https://doi.org/10.1109/FOCS54457.2022.00061,10.1109/FOCS54457.2022.00061,https://ieee-focs.org/FOCS-2022-Papers/,https://ieee-focs.org/FOCS-2022-Papers/data/data.js,LLM_reviewed_title,Title reviewed; candidate primary category retained.,General algorithm design,Average-case complexity
FOCS-2022-054,FOCS,2022,Optimal Mixing for two-State Anti-Ferromagnetic Spin Systems,"Xiaoyu Chen (Nanjing University, China), Weiming Feng (University of Edinburgh, China; University of Edinburgh, United Kingdom), Yitong Yin (Nanjing University, China), Xinyuan Zhang (Nanjing University, China)",Enumeration and counting,https://doi.org/10.1109/FOCS54457.2022.00062,10.1109/FOCS54457.2022.00062,https://ieee-focs.org/FOCS-2022-Papers/,https://ieee-focs.org/FOCS-2022-Papers/data/data.js,LLM_reviewed_title,Title reviewed; candidate primary category retained.,General algorithm design,Enumeration and counting
FOCS-2022-055,FOCS,2022,Negative-Weight Single-Source Shortest Paths in Near-Linear Time,"Aaron Bernstein (Rutgers University, USA), Danupon Nanongkai (MPI for Informatics, University of Copenhagen, and KTH), Christian Wulff-Nilsen (University of Copenhagen, Denmark)",Graph theory and graph algorithms,https://doi.org/10.1109/FOCS54457.2022.00063,10.1109/FOCS54457.2022.00063,https://ieee-focs.org/FOCS-2022-Papers/,https://ieee-focs.org/FOCS-2022-Papers/data/data.js,LLM_reviewed_title,Title reviewed; candidate primary category retained.,Graph theory and graph algorithms,Graph theory and graph algorithms
FOCS-2022-056,FOCS,2022,Maximum Flow and Minimum-Cost Flow in Almost-Linear Time,"Li Chen (Georgia Tech, USA), Rasmus Kyng (ETH Zurich, Switzerland), Yang P. Liu (Stanford University, USA), Richard Peng (University of Waterloo, Canada), Maximilian Probst Gutenberg (ETH Zurich, Switzerland), Sushant Sachdeva (University of Toronto, Canada)",Graph theory and graph algorithms,https://doi.org/10.1109/FOCS54457.2022.00064,10.1109/FOCS54457.2022.00064,https://ieee-focs.org/FOCS-2022-Papers/,https://ieee-focs.org/FOCS-2022-Papers/data/data.js,LLM_reviewed_title,Title reviewed; candidate primary category retained.,General algorithm design,Graph theory and graph algorithms
FOCS-2022-057,FOCS,2022,Randomised Composition and Small-Bias Minimax,"Shalev Ben-David (University of Waterloo, Canada), Eric Blais (University of Waterloo, Canada), Mika Göös (EPFL, Switzerland), Gilbert Maystre (EPFL, Switzerland)",Pseudorandomness and derandomization,https://doi.org/10.1109/FOCS54457.2022.00065,10.1109/FOCS54457.2022.00065,https://ieee-focs.org/FOCS-2022-Papers/,https://ieee-focs.org/FOCS-2022-Papers/data/data.js,LLM_reviewed_title,Title reviewed; candidate primary category retained.,Pseudorandomness and derandomization,Pseudorandomness and derandomization
FOCS-2022-058,FOCS,2022,A Proof of the Kahn-Kalai Conjecture,"Jinyoung Park (Stanford University, USA), Huy Tuan Pham (Stanford University, USA)",Combinatorics and graph polynomials,https://doi.org/10.1109/FOCS54457.2022.00066,10.1109/FOCS54457.2022.00066,https://ieee-focs.org/FOCS-2022-Papers/,https://ieee-focs.org/FOCS-2022-Papers/data/data.js,LLM_reviewed_title,Title reviewed; candidate primary category retained.,General algorithm design,Combinatorics and graph polynomials
FOCS-2022-059,FOCS,2022,On the Range Avoidance Problem for Circuits,"Hanlin Ren (University of Oxford, UK), Rahul Santhanam (University of Oxford, UK), Zhikun Wang (Xi’an Jiaotong University, China)",Computational and circuit complexity,https://doi.org/10.1109/FOCS54457.2022.00067,10.1109/FOCS54457.2022.00067,https://ieee-focs.org/FOCS-2022-Papers/,https://ieee-focs.org/FOCS-2022-Papers/data/data.js,LLM_reviewed_title,Title reviewed; candidate primary category retained.,General algorithm design,Computational and circuit complexity
FOCS-2022-060,FOCS,2022,Correlation Clustering with Sherali-Adams,"Vincent Cohen-Addad (Google Research), Euiwoong Lee (University of Michigan), Alantha Newman (CNRS, Université Grenoble-Alpes, France)",Approximation algorithms,https://doi.org/10.1109/FOCS54457.2022.00068,10.1109/FOCS54457.2022.00068,https://ieee-focs.org/FOCS-2022-Papers/,https://ieee-focs.org/FOCS-2022-Papers/data/data.js,LLM_reviewed_title,Title reviewed; candidate primary category retained.,General algorithm design,Approximation algorithms
FOCS-2022-061,FOCS,2022,Explicit Lower Bounds Against Ω(n)-Rounds of Sum-of-Squares,"Max Hopkins (University of California San Diego, USA), Ting-Chun Lin (University of California San Diego, USA; Hon Hai Research Institute, Taiwan)",Proof complexity and logic,https://doi.org/10.1109/FOCS54457.2022.00069,10.1109/FOCS54457.2022.00069,https://ieee-focs.org/FOCS-2022-Papers/,https://ieee-focs.org/FOCS-2022-Papers/data/data.js,LLM_reviewed_title,Title reviewed; candidate primary category retained.,General algorithm design,Proof complexity and logic
FOCS-2022-062,FOCS,2022,Gap Edit Distance via Non-Adaptive Queries: Simple and Optimal,"Elazar Goldenberg (The Academic College of Tel Aviv-Yaffo, Israel), Tomasz Kociumaka (Max Planck Institute for Informatics, Germany), Robert Krauthgamer (Weizmann Institute of Science, Israel), Barna Saha (University of California, San Diego, USA)",Data structures and compressed data,https://doi.org/10.1109/FOCS54457.2022.00070,10.1109/FOCS54457.2022.00070,https://ieee-focs.org/FOCS-2022-Papers/,https://ieee-focs.org/FOCS-2022-Papers/data/data.js,LLM_reviewed_title,Title reviewed; candidate primary category retained.,Data structures and compressed data,Data structures and compressed data
FOCS-2022-063,FOCS,2022,Õ(n + Poly(k))-Time Algorithm for Distance k Tree Edit Distance,"Debarati Das (Pennsylvania State University, United States), Jacob Gilbert (University of Maryland, United States), MohammadTaghi Hajiaghayi (University of Maryland, United States), Tomasz Kociumaka (Max Planck Institute for Informatics, Saarland Informatics Campus, Germany), Barna Saha (University of California San Diego, United States), Hamed Saleh (University of Maryland, United States)",Data structures and compressed data,https://doi.org/10.1109/FOCS54457.2022.00071,10.1109/FOCS54457.2022.00071,https://ieee-focs.org/FOCS-2022-Papers/,https://ieee-focs.org/FOCS-2022-Papers/data/data.js,LLM_reviewed_title,Title reviewed; candidate primary category retained.,Data structures and compressed data,Data structures and compressed data
FOCS-2022-064,FOCS,2022,Faster Pattern Matching Under Edit Distance,"Panagiotis Charalampopoulos (Birkbeck, University of London, UK), Tomasz Kociumaka (Max Planck Institute for Informatics, Saarland Informatics Campus, Germany), Philip Wellnitz (Max Planck Institute for Informatics, Saarland Informatics Campus, Germany)",Data structures and compressed data,https://doi.org/10.1109/FOCS54457.2022.00072,10.1109/FOCS54457.2022.00072,https://ieee-focs.org/FOCS-2022-Papers/,https://ieee-focs.org/FOCS-2022-Papers/data/data.js,LLM_reviewed_title,Title reviewed; candidate primary category retained.,Data structures and compressed data,Data structures and compressed data
FOCS-2022-065,FOCS,2022,Estimating the Longest Increasing Subsequence in Nearly Optimal Time,"Alexandr Andoni (Columbia University, USA), Negev Shekel Nosatzki (Columbia University, USA), Sandip Sinha (Columbia University, USA), Clifford Stein (Columbia University, USA)",Data structures and compressed data,https://doi.org/10.1109/FOCS54457.2022.00073,10.1109/FOCS54457.2022.00073,https://ieee-focs.org/FOCS-2022-Papers/,https://ieee-focs.org/FOCS-2022-Papers/data/data.js,LLM_reviewed_title,Title reviewed; candidate primary category retained.,General algorithm design,Data structures and compressed data
FOCS-2022-066,FOCS,2022,Almost 3-Approximate Correlation Clustering in Constant Rounds,"Soheil Behnezhad (Northeastern University, USA), Moses Charikar (Stanford University, USA), Weiyun Ma (Stanford University, USA), Li-Yang Tan (Stanford University, USA)",Distributed and local algorithms,https://doi.org/10.1109/FOCS54457.2022.00074,10.1109/FOCS54457.2022.00074,https://ieee-focs.org/FOCS-2022-Papers/,https://ieee-focs.org/FOCS-2022-Papers/data/data.js,LLM_reviewed_abstract,Main contribution is constant-round correlation clustering in MPC and LOCAL models.,Approximation algorithms,Approximation algorithms
FOCS-2022-067,FOCS,2022,High-Dimensional Geometric Streaming in Polynomial Space,"David P. Woodruff (Carnegie Mellon University), Taisuke Yasuda (Carnegie Mellon University)",Streaming and sketching,https://doi.org/10.1109/FOCS54457.2022.00075,10.1109/FOCS54457.2022.00075,https://ieee-focs.org/FOCS-2022-Papers/,https://ieee-focs.org/FOCS-2022-Papers/data/data.js,LLM_reviewed_title,Title reviewed; candidate primary category retained.,Computational geometry,Streaming and sketching
FOCS-2022-068,FOCS,2022,Active Linear Regression for ℓp Norms and Beyond,"Cameron Musco (University of Massachusetts Amherst), Christopher Musco (New York University), David Woodruff (Carnegie Mellon University), Taisuke Yasuda (Carnegie Mellon University)",Learning theory,https://doi.org/10.1109/FOCS54457.2022.00076,10.1109/FOCS54457.2022.00076,https://ieee-focs.org/FOCS-2022-Papers/,https://ieee-focs.org/FOCS-2022-Papers/data/data.js,LLM_reviewed_title,Title reviewed; candidate primary category retained.,General algorithm design,Learning theory
FOCS-2022-069,FOCS,2022,"Differential Privacy from Locally Adjustable Graph Algorithms: k-Core Decomposition, Low Out-Degree Ordering, and Densest Subgraphs","Laxman Dhulipala (University of Maryland, USA), Quanquan C. Liu (Northwestern University, USA), Sofya Raskhodnikova (Boston University, USA), Jessica Shi (Massachusetts Institute of Technology, USA), Julian Shun (Massachusetts Institute of Technology, USA), Shangdi Yu (Massachusetts Institute of Technology, USA)",Differential privacy,https://doi.org/10.1109/FOCS54457.2022.00077,10.1109/FOCS54457.2022.00077,https://ieee-focs.org/FOCS-2022-Papers/,https://ieee-focs.org/FOCS-2022-Papers/data/data.js,LLM_reviewed_title,Title reviewed; candidate primary category retained.,Graph theory and graph algorithms,Differential privacy
FOCS-2022-070,FOCS,2022,"Having Hope in Hops: New Spanners, Preservers and Lower Bounds for Hopsets","Shimon Kogan (Weizmann Institute, Israel), Merav Parter (Weizmann Institute, Israel)",Graph theory and graph algorithms,https://doi.org/10.1109/FOCS54457.2022.00078,10.1109/FOCS54457.2022.00078,https://ieee-focs.org/FOCS-2022-Papers/,https://ieee-focs.org/FOCS-2022-Papers/data/data.js,LLM_reviewed_title,Title reviewed; candidate primary category retained.,General algorithm design,Graph theory and graph algorithms
FOCS-2022-071,FOCS,2022,New Additive Spanner Lower Bounds by an Unlayered Obstacle Product,"Greg Bodwin (University of Michigan, USA), Gary Hoppenworth (University of Michigan, USA)",Graph theory and graph algorithms,https://doi.org/10.1109/FOCS54457.2022.00079,10.1109/FOCS54457.2022.00079,https://ieee-focs.org/FOCS-2022-Papers/,https://ieee-focs.org/FOCS-2022-Papers/data/data.js,LLM_reviewed_title,Title reviewed; candidate primary category retained.,General algorithm design,Graph theory and graph algorithms
FOCS-2022-072,FOCS,2022,Deterministic Small Vertex Connectivity in Almost Linear Time,"Thatchaphol Saranurak (University of Michigan, USA), Sorrachai Yingchareonthawornchai (Aalto University, Finland)",Graph theory and graph algorithms,https://doi.org/10.1109/FOCS54457.2022.00080,10.1109/FOCS54457.2022.00080,https://ieee-focs.org/FOCS-2022-Papers/,https://ieee-focs.org/FOCS-2022-Papers/data/data.js,LLM_reviewed_title,Title reviewed; candidate primary category retained.,Graph theory and graph algorithms,Graph theory and graph algorithms
FOCS-2022-073,FOCS,2022,Balanced Allocations: The Heavily Loaded Case with Deletions,"Nikhil Bansal (University of Michigan, USA), William Kuszmaul (Massachusetts Institute of Technology, USA)",General algorithm design,https://doi.org/10.1109/FOCS54457.2022.00081,10.1109/FOCS54457.2022.00081,https://ieee-focs.org/FOCS-2022-Papers/,https://ieee-focs.org/FOCS-2022-Papers/data/data.js,LLM_reviewed_abstract,"Dynamic balls-into-bins load balancing, not allocation among strategic agents.",Algorithmic game theory and fair division,Algorithmic game theory and fair division
FOCS-2022-074,FOCS,2022,Binary Iterative Hard Thresholding Converges with Optimal Number of Measurements for 1-Bit Compressed Sensing,"Namiko Matsumoto (University of California San Diego, USA), Arya Mazumdar (University of California San Diego, USA)",Learning theory,https://doi.org/10.1109/FOCS54457.2022.00082,10.1109/FOCS54457.2022.00082,https://ieee-focs.org/FOCS-2022-Papers/,https://ieee-focs.org/FOCS-2022-Papers/data/data.js,LLM_reviewed_title,Primary subject selected in title review; overlapping techniques do not receive additional counts.,Data structures and compressed data,Data structures and compressed data
FOCS-2022-075,FOCS,2022,Minimax Rates for Robust Community Detection,"Allen Liu (MIT, USA), Ankur Moitra (MIT, USA)",Learning theory,https://doi.org/10.1109/FOCS54457.2022.00083,10.1109/FOCS54457.2022.00083,https://ieee-focs.org/FOCS-2022-Papers/,https://ieee-focs.org/FOCS-2022-Papers/data/data.js,LLM_reviewed_title,Title reviewed; candidate primary category retained.,General algorithm design,Learning theory
FOCS-2022-076,FOCS,2022,A (Slightly) Improved Bound on the Integrality Gap of the Subtour LP for TSP,"Anna Karlin (University of Washington, USA), Nathan Klein (University of Washington, USA), Shayan Oveis Gharan (University of Washington, USA)",Approximation algorithms,https://doi.org/10.1109/FOCS54457.2022.00084,10.1109/FOCS54457.2022.00084,https://ieee-focs.org/FOCS-2022-Papers/,https://ieee-focs.org/FOCS-2022-Papers/data/data.js,LLM_reviewed_title,Title reviewed; candidate primary category retained.,Approximation algorithms,Approximation algorithms
FOCS-2022-077,FOCS,2022,Generalised Entropy Accumulation,"Tony Metger (ETH Zurich, Switzerland), Omar Fawzi (ENS Lyon, UCBL, CNRS, Inria, LIP, France), David Sutter (IBM Research Europe -- Zurich, Switzerland), Renato Renner (ETH Zurich, Switzerland)",Quantum computation,https://doi.org/10.1109/FOCS54457.2022.00085,10.1109/FOCS54457.2022.00085,https://ieee-focs.org/FOCS-2022-Papers/,https://ieee-focs.org/FOCS-2022-Papers/data/data.js,LLM_reviewed_title,Primary subject selected in title review; overlapping techniques do not receive additional counts.,General algorithm design,Coding and information theory
FOCS-2022-078,FOCS,2022,"Post-Quantum Zero Knowledge, Revisited or: How to Do Quantum Rewinding Undetectably","Alex Lombardi (MIT), Fermi Ma (Simons Institute and UC Berkeley), Nicholas Spooner (University of Warwick)",Cryptography,https://doi.org/10.1109/FOCS54457.2022.00086,10.1109/FOCS54457.2022.00086,https://ieee-focs.org/FOCS-2022-Papers/,https://ieee-focs.org/FOCS-2022-Papers/data/data.js,LLM_reviewed_title,Title reviewed; candidate primary category retained.,Quantum computation,Cryptography
FOCS-2022-079,FOCS,2022,What is in #P and what is not?,"Christian Ikenmeyer (University of Liverpool, United Kingdom), Igor Pak (University of California, Los Angeles, USA)",Enumeration and counting,https://doi.org/10.1109/FOCS54457.2022.00087,10.1109/FOCS54457.2022.00087,https://ieee-focs.org/FOCS-2022-Papers/,https://ieee-focs.org/FOCS-2022-Papers/data/data.js,LLM_reviewed_title,Title reviewed; candidate primary category retained.,Enumeration and counting,Enumeration and counting
FOCS-2022-080,FOCS,2022,Quantum Tanner codes,"Anthony Leverrier (Inria), Gilles Zémor (Institut de Mathématiques de Bordeaux)",Quantum computation,https://doi.org/10.1109/FOCS54457.2022.00117,10.1109/FOCS54457.2022.00117,https://ieee-focs.org/FOCS-2022-Papers/,https://ieee-focs.org/FOCS-2022-Papers/data/data.js,LLM_reviewed_title,Title reviewed; candidate primary category retained.,Quantum computation,Quantum computation
FOCS-2022-081,FOCS,2022,Breaking the Cubic Barrier for All-Pairs Max-Flow: Gomory-Hu Tree in Nearly Quadratic Time,"Amir Abboud (Weizmann Institute of Science, Israel), Robert Krauthgamer (Weizmann Institute of Science, Israel), Jason Li (University of California, USA), Debmalya Panigrahi (Duke University, USA), Thatchaphol Saranurak (University of Michigan, Ann Arbor, USA), Ohad Trabelsi (University of Michigan, Ann Arbor, USA)",Graph theory and graph algorithms,https://doi.org/10.1109/FOCS54457.2022.00088,10.1109/FOCS54457.2022.00088,https://ieee-focs.org/FOCS-2022-Papers/,https://ieee-focs.org/FOCS-2022-Papers/data/data.js,LLM_reviewed_title,Title reviewed; candidate primary category retained.,General algorithm design,Graph theory and graph algorithms
FOCS-2022-082,FOCS,2022,Constant Approximation of Min-Distances in Near-Linear Time,"Shiri Chechik (Tel Aviv University, Israel), Tianyi Zhang (Tel Aviv University, Israel)",Approximation algorithms,https://doi.org/10.1109/FOCS54457.2022.00089,10.1109/FOCS54457.2022.00089,https://ieee-focs.org/FOCS-2022-Papers/,https://ieee-focs.org/FOCS-2022-Papers/data/data.js,LLM_reviewed_title,Title reviewed; candidate primary category retained.,Approximation algorithms,Approximation algorithms
FOCS-2022-083,FOCS,2022,Algorithms and Lower Bounds for Replacement Paths Under Multiple Edge Failures,"Virginia Vassilevska Williams (MIT, USA), Eyob Woldeghebriel (MIT, USA), Yinzhan Xu (MIT, USA)",Graph theory and graph algorithms,https://doi.org/10.1109/FOCS54457.2022.00090,10.1109/FOCS54457.2022.00090,https://ieee-focs.org/FOCS-2022-Papers/,https://ieee-focs.org/FOCS-2022-Papers/data/data.js,LLM_reviewed_title,Title reviewed; candidate primary category retained.,Graph theory and graph algorithms,Graph theory and graph algorithms
FOCS-2022-084,FOCS,2022,Solving the Hamilton Cycle Problem fast on Average,"Michael Anastos (Institute of Science and Technology Austria, Austria)",Graph theory and graph algorithms,https://doi.org/10.1109/FOCS54457.2022.00091,10.1109/FOCS54457.2022.00091,https://ieee-focs.org/FOCS-2022-Papers/,https://ieee-focs.org/FOCS-2022-Papers/data/data.js,LLM_reviewed_title,Title reviewed; candidate primary category retained.,General algorithm design,Graph theory and graph algorithms
FOCS-2022-085,FOCS,2022,Planting Undetectable Backdoors in Machine Learning Models,"Shafi Goldwasser (UC Berkeley), Michael P. Kim (UC Berkeley), Vinod Vaikuntanathan (MIT), Or Zamir (IAS)",Learning theory,https://doi.org/10.1109/FOCS54457.2022.00092,10.1109/FOCS54457.2022.00092,https://ieee-focs.org/FOCS-2022-Papers/,https://ieee-focs.org/FOCS-2022-Papers/data/data.js,LLM_reviewed_title,Title reviewed; candidate primary category retained.,Learning theory,Learning theory
FOCS-2022-086,FOCS,2022,A Characterization of Multiclass Learnability,"Nataly Brukhim (Princeton University, United States), Daniel Carmon (Technion, Israel), Irit Dinur (Weizmann Institute, Israel), Shay Moran (Technion, Google Research, Israel), Amir Yehudayoff (Technion, Israel)",Learning theory,https://doi.org/10.1109/FOCS54457.2022.00093,10.1109/FOCS54457.2022.00093,https://ieee-focs.org/FOCS-2022-Papers/,https://ieee-focs.org/FOCS-2022-Papers/data/data.js,LLM_reviewed_title,Title reviewed; candidate primary category retained.,Algorithms for biological structures,Learning theory
FOCS-2022-087,FOCS,2022,Polynomial-Time Power-Sum Decomposition of Polynomials,"Mitali Bafna (Harvard University, USA), Jun-Ting Hsieh (Carnegie Mellon University, USA), Pravesh K. Kothari (Carnegie Mellon University, USA), Jeff Xu (Carnegie Mellon University, USA)",Algebraic and numerical computation,https://doi.org/10.1109/FOCS54457.2022.00094,10.1109/FOCS54457.2022.00094,https://ieee-focs.org/FOCS-2022-Papers/,https://ieee-focs.org/FOCS-2022-Papers/data/data.js,LLM_reviewed_title,Title reviewed; candidate primary category retained.,General algorithm design,Algebraic and numerical computation
FOCS-2022-088,FOCS,2022,NP-Hardness of Learning Programs and Partial MCSP,"Shuichi Hirahara (National Institute of Informatics, Japan)",Learning theory,https://doi.org/10.1109/FOCS54457.2022.00095,10.1109/FOCS54457.2022.00095,https://ieee-focs.org/FOCS-2022-Papers/,https://ieee-focs.org/FOCS-2022-Papers/data/data.js,LLM_reviewed_title,Title reviewed; candidate primary category retained.,Learning theory,Learning theory
FOCS-2022-089,FOCS,2022,Online List Labeling: Breaking the log^2 n Barrier,"Michael A. Bender (Stony Brook University, USA), Alex Conway (VMWare Research, USA), Martín Farach-Colton (Rutgers University, USA), Hanna Komlós (Rutgers University, USA), William Kuszmaul (MIT, USA), Nicole Wein (DIMACS, USA)",Data structures and compressed data,https://doi.org/10.1109/FOCS54457.2022.00096,10.1109/FOCS54457.2022.00096,https://ieee-focs.org/FOCS-2022-Papers/,https://ieee-focs.org/FOCS-2022-Papers/data/data.js,LLM_reviewed_title,Primary subject selected in title review; overlapping techniques do not receive additional counts.,General algorithm design,"Online algorithms, bandits and stochastic optimization"
FOCS-2022-090,FOCS,2022,"A Hash Table Without Hash Functions, and How to Get the Most Out of Your Random Bits","William Kuszmaul (Massachusetts Institute of Technology, USA)",Data structures and compressed data,https://doi.org/10.1109/FOCS54457.2022.00097,10.1109/FOCS54457.2022.00097,https://ieee-focs.org/FOCS-2022-Papers/,https://ieee-focs.org/FOCS-2022-Papers/data/data.js,LLM_reviewed_title,Primary subject selected in title review; overlapping techniques do not receive additional counts.,General algorithm design,Cryptography
FOCS-2022-091,FOCS,2022,Near-Optimal Deterministic Vertex-Failure Connectivity Oracles,"Yaowei Long (University of Michigan, USA), Thatchaphol Saranurak (University of Michigan, USA)",Graph theory and graph algorithms,https://doi.org/10.1109/FOCS54457.2022.00098,10.1109/FOCS54457.2022.00098,https://ieee-focs.org/FOCS-2022-Papers/,https://ieee-focs.org/FOCS-2022-Papers/data/data.js,LLM_reviewed_title,Title reviewed; candidate primary category retained.,Graph theory and graph algorithms,Graph theory and graph algorithms
FOCS-2022-092,FOCS,2022,Fast Deterministic Fully Dynamic Distance Approximation,"Jan van den Brand (Georgia Institute of Technology, USA), Sebastian Forster (University of Salzburg, Austria), Yasamin Nazari (University of Salzburg, Austria)",Dynamic graph algorithms,https://doi.org/10.1109/FOCS54457.2022.00099,10.1109/FOCS54457.2022.00099,https://ieee-focs.org/FOCS-2022-Papers/,https://ieee-focs.org/FOCS-2022-Papers/data/data.js,LLM_reviewed_title,Title reviewed; candidate primary category retained.,Approximation algorithms,Dynamic graph algorithms
FOCS-2022-093,FOCS,2022,Indistinguishability Obfuscation via Mathematical Proofs of Equivalence,"Abhishek Jain (Johns Hopkins University, USA), Zhengzhong Jin (Johns Hopkins University, USA)",Cryptography,https://doi.org/10.1109/FOCS54457.2022.00100,10.1109/FOCS54457.2022.00100,https://ieee-focs.org/FOCS-2022-Papers/,https://ieee-focs.org/FOCS-2022-Papers/data/data.js,LLM_reviewed_title,Title reviewed; candidate primary category retained.,Cryptography,Cryptography
FOCS-2022-094,FOCS,2022,Geometry of Secure Two-Party Computation,"Saugata Basu (Purdue University, USA), Hamidreza Amini Khorasgani (Purdue University, USA), Hemanta K. Maji (Purdue University, USA), Hai H. Nguyen (Purdue University, USA)",Cryptography,https://doi.org/10.1109/FOCS54457.2022.00101,10.1109/FOCS54457.2022.00101,https://ieee-focs.org/FOCS-2022-Papers/,https://ieee-focs.org/FOCS-2022-Papers/data/data.js,LLM_reviewed_title,Title reviewed; candidate primary category retained.,General algorithm design,Cryptography
FOCS-2022-095,FOCS,2022,Incrementally Verifiable Computation via Rate-1 Batch Arguments,"Omer Paneth (Tel Aviv University, Israel), Rafael Pass (Cornell Tech and Tel Aviv University, Israel)",Cryptography,https://doi.org/10.1109/FOCS54457.2022.00102,10.1109/FOCS54457.2022.00102,https://ieee-focs.org/FOCS-2022-Papers/,https://ieee-focs.org/FOCS-2022-Papers/data/data.js,LLM_reviewed_title,Title reviewed; candidate primary category retained.,General algorithm design,Cryptography
FOCS-2022-096,FOCS,2022,Rate-1 Non-Interactive Arguments for Batch-NP and Applications,"Lalita Devadas (MIT), Rishab Goyal (University of Wisconsin-Madison), Yael Kalai (Microsoft Research and MIT), Vinod Vaikuntanathan (MIT)",Cryptography,https://doi.org/10.1109/FOCS54457.2022.00103,10.1109/FOCS54457.2022.00103,https://ieee-focs.org/FOCS-2022-Papers/,https://ieee-focs.org/FOCS-2022-Papers/data/data.js,LLM_reviewed_title,Primary subject selected in title review; overlapping techniques do not receive additional counts.,Computational and circuit complexity,Proof complexity and logic
FOCS-2022-097,FOCS,2022,Killing a Vortex,"Dimitrios M. Thilikos (LIRMM, Univ. de Montpellier, CNRS, France), Sebastian Wiederrecht (LIRMM, Univ. de Montpellier, CNRS and DIMAG, IBS, South Korea)",Graph theory and graph algorithms,https://doi.org/10.1109/FOCS54457.2022.00104,10.1109/FOCS54457.2022.00104,https://ieee-focs.org/FOCS-2022-Papers/,https://ieee-focs.org/FOCS-2022-Papers/data/data.js,LLM_reviewed_title,Title reviewed; candidate primary category retained.,General algorithm design,Graph theory and graph algorithms
FOCS-2022-098,FOCS,2022,Low Treewidth Embeddings of Planar and Minor-Free Metrics,"Arnold Filtser (Bar-Ilan University), Hung Le (University of Massachusetts at Amherst)",Approximation algorithms,https://doi.org/10.1109/FOCS54457.2022.00105,10.1109/FOCS54457.2022.00105,https://ieee-focs.org/FOCS-2022-Papers/,https://ieee-focs.org/FOCS-2022-Papers/data/data.js,LLM_reviewed_title,Title reviewed; candidate primary category retained.,Graph theory and graph algorithms,Approximation algorithms
FOCS-2022-099,FOCS,2022,An Approximate Generalization of the Okamura-Seymour Theorem,"Nikhil Kumar (Hasso Plattner Institute, University of Potsdam, Germany)",Graph theory and graph algorithms,https://doi.org/10.1109/FOCS54457.2022.00106,10.1109/FOCS54457.2022.00106,https://ieee-focs.org/FOCS-2022-Papers/,https://ieee-focs.org/FOCS-2022-Papers/data/data.js,LLM_reviewed_title,Primary subject selected in title review; overlapping techniques do not receive additional counts.,Learning theory,Learning theory
FOCS-2022-100,FOCS,2022,"Shortest Paths Without a Map, but with an Entropic Regularizer","Sébastien Bubeck (Microsoft Research, United States), Christian Coester (University of Oxford, United Kingdom), Yuval Rabani (The Hebrew University of Jerusalem, Israel)",Graph theory and graph algorithms,https://doi.org/10.1109/FOCS54457.2022.00036,10.1109/FOCS54457.2022.00036,https://ieee-focs.org/FOCS-2022-Papers/,https://ieee-focs.org/FOCS-2022-Papers/data/data.js,LLM_reviewed_title,Title reviewed; candidate primary category retained.,Graph theory and graph algorithms,Graph theory and graph algorithms
FOCS-2022-101,FOCS,2022,Deterministic Low-Diameter Decompositions for Weighted Graphs and Distributed and Parallel Applications,"Václav Rozhon (ETH Zurich), Michael Elkin (Ben-Gurion University of the Negev), Christoph Grunau (ETH Zurich), Bernhard Haeupler (ETH Zurich & Carnegie Mellon University)",Distributed and local algorithms,https://doi.org/10.1109/FOCS54457.2022.00107,10.1109/FOCS54457.2022.00107,https://ieee-focs.org/FOCS-2022-Papers/,https://ieee-focs.org/FOCS-2022-Papers/data/data.js,LLM_reviewed_title,Title reviewed; candidate primary category retained.,Distributed and local algorithms,Distributed and local algorithms
FOCS-2022-102,FOCS,2022,Computing in Anonymous Dynamic Networks Is Linear,"Giuseppe A. Di Luna (Sapienza University of Rome, Italy), Giovanni Viglietta (JAIST, Japan)",Distributed and local algorithms,https://doi.org/10.1109/FOCS54457.2022.00108,10.1109/FOCS54457.2022.00108,https://ieee-focs.org/FOCS-2022-Papers/,https://ieee-focs.org/FOCS-2022-Papers/data/data.js,LLM_reviewed_title,Primary subject selected in title review; overlapping techniques do not receive additional counts.,General algorithm design,Dynamic graph algorithms
FOCS-2022-103,FOCS,2022,The Implicit Graph Conjecture is False,"Hamed Hatami (McGill University, Canada), Pooya Hatami (The Ohio State University, USA)",Graph theory and graph algorithms,https://doi.org/10.1109/FOCS54457.2022.00109,10.1109/FOCS54457.2022.00109,https://ieee-focs.org/FOCS-2022-Papers/,https://ieee-focs.org/FOCS-2022-Papers/data/data.js,LLM_reviewed_title,Title reviewed; candidate primary category retained.,Graph theory and graph algorithms,Graph theory and graph algorithms
FOCS-2022-104,FOCS,2022,On Bounded Depth Proofs for Tseitin Formulas on the Grid; Revisited,"Johan Håstad (KTH Royal Institute of Technology, Sweden), Kilian Risse (KTH Royal Institute of Technology, Sweden)",Proof complexity and logic,https://doi.org/10.1109/FOCS54457.2022.00110,10.1109/FOCS54457.2022.00110,https://ieee-focs.org/FOCS-2022-Papers/,https://ieee-focs.org/FOCS-2022-Papers/data/data.js,LLM_reviewed_title,Title reviewed; candidate primary category retained.,General algorithm design,Proof complexity and logic
FOCS-2022-105,FOCS,2022,Separations in Proof Complexity and TFNP,"Mika Göös (EPFL, Switzerland), Alexandros Hollender (University of Oxford, United Kingdom), Siddhartha Jain (EPFL, Switzerland), Gilbert Maystre (EPFL, Switzerland), William Pires (McGill University, Canada), Robert Robere (McGill University, Canada), Ran Tao (McGill University, Canada)",Proof complexity and logic,https://doi.org/10.1109/FOCS54457.2022.00111,10.1109/FOCS54457.2022.00111,https://ieee-focs.org/FOCS-2022-Papers/,https://ieee-focs.org/FOCS-2022-Papers/data/data.js,LLM_reviewed_title,Title reviewed; candidate primary category retained.,Proof complexity and logic,Proof complexity and logic
FOCS-2022-106,FOCS,2022,Continuous LWE is as Hard as LWE & Applications to Learning Gaussian Mixtures,"Aparna Gupte (MIT, USA), Neekon Vafa (MIT, USA), Vinod Vaikuntanathan (MIT, USA)",Cryptography,https://doi.org/10.1109/FOCS54457.2022.00112,10.1109/FOCS54457.2022.00112,https://ieee-focs.org/FOCS-2022-Papers/,https://ieee-focs.org/FOCS-2022-Papers/data/data.js,LLM_reviewed_title,Title reviewed; candidate primary category retained.,Learning theory,Cryptography
FOCS-2022-107,FOCS,2022,Nearly Optimal Communication and Query Complexity of Bipartite Matching,"Joakim Blikstad (KTH Royal Institute of Technology), Jan van den Brand (Georgia Institute of Technology), Yuval Efron (Columbia University), Sagnik Mukhopadhyay (University of Sheffield), Danupon Nanongkai (MPI-INF, University of Copenhagen and KTH)",Communication complexity,https://doi.org/10.1109/FOCS54457.2022.00113,10.1109/FOCS54457.2022.00113,https://ieee-focs.org/FOCS-2022-Papers/,https://ieee-focs.org/FOCS-2022-Papers/data/data.js,LLM_reviewed_title,Primary subject selected in title review; overlapping techniques do not receive additional counts.,Graph theory and graph algorithms,Computational and circuit complexity
FOCS-2022-108,FOCS,2022,Strong XOR Lemma for Communication with Bounded Rounds,"Huacheng Yu (Princeton University, USA)",Communication complexity,https://doi.org/10.1109/FOCS54457.2022.00114,10.1109/FOCS54457.2022.00114,https://ieee-focs.org/FOCS-2022-Papers/,https://ieee-focs.org/FOCS-2022-Papers/data/data.js,LLM_reviewed_title,Title reviewed; candidate primary category retained.,General algorithm design,Communication complexity
FOCS-2022-109,FOCS,2022,Rounds vs Communication Tradeoffs for Maximal Independent Sets,"Sepehr Assadi (Rutgers University, USA), Gillat Kol (Princeton University, USA), Zhijun Zhang (Princeton University, USA)",Communication complexity,https://doi.org/10.1109/FOCS54457.2022.00115,10.1109/FOCS54457.2022.00115,https://ieee-focs.org/FOCS-2022-Papers/,https://ieee-focs.org/FOCS-2022-Papers/data/data.js,LLM_reviewed_abstract,Round/communication lower bounds in the shared-blackboard model.,General algorithm design,Communication complexity
FOCS-2022-110,FOCS,2022,Tight Bounds for Quantum State Certification with Incoherent Measurements,"Sitan Chen (UC Berkeley), Brice Huang (MIT), Jerry Li (Microsoft Research), Allen Liu (MIT)",Quantum computation,https://doi.org/10.1109/FOCS54457.2022.00118,10.1109/FOCS54457.2022.00118,https://ieee-focs.org/FOCS-2022-Papers/,https://ieee-focs.org/FOCS-2022-Papers/data/data.js,LLM_reviewed_title,Title reviewed; candidate primary category retained.,Quantum computation,Quantum computation
FOCS-2023-001,FOCS,2023,Graph Colouring Is Hard on Average for Polynomial Calculus and Nullstellensatz,"Jonas Conneryd (Lund University; University of Copenhagen), Susanna F. de Rezende (Lund University), Jakob Nordström (University of Copenhagen; Lund University), Shuo Pang (University of Copenhagen; Lund University), Kilian Risse (EPFL)",Proof complexity and logic,https://doi.org/10.1109/FOCS57990.2023.00007,10.1109/FOCS57990.2023.00007,https://ieee-focs.org/FOCS-2023-Papers/,https://ieee-focs.org/FOCS-2023-Papers/data/data.js,LLM_reviewed_title,Title reviewed; candidate primary category retained.,Graph theory and graph algorithms,Proof complexity and logic
FOCS-2023-002,FOCS,2023,Clique Is Hard on Average for Unary Sherali-Adams,"Susanna F. De Rezende (Lund University, Sweden), Aaron Potechin (University of Chicago, USA), Kilian Risse (EPFL, Switzerland)",Proof complexity and logic,https://doi.org/10.1109/FOCS57990.2023.00008,10.1109/FOCS57990.2023.00008,https://ieee-focs.org/FOCS-2023-Papers/,https://ieee-focs.org/FOCS-2023-Papers/data/data.js,LLM_reviewed_title,Primary subject selected in title review; overlapping techniques do not receive additional counts.,Graph theory and graph algorithms,Graph theory and graph algorithms
FOCS-2023-003,FOCS,2023,On Lifting Integrality Gaps to SSEH Hardness for Globally Constrained CSPs,"Suprovat Ghoshal (Northwestern University & TTIC, USA), Euiwoong Lee (University of Michigan, USA)",Constraint satisfaction,https://doi.org/10.1109/FOCS57990.2023.00009,10.1109/FOCS57990.2023.00009,https://ieee-focs.org/FOCS-2023-Papers/,https://ieee-focs.org/FOCS-2023-Papers/data/data.js,LLM_reviewed_title,Title reviewed; candidate primary category retained.,Approximation algorithms,Constraint satisfaction
FOCS-2023-004,FOCS,2023,On Small-Depth Frege Proofs for PHP,"Johan Håstad (KTH Royal Institute of Technology, Sweden)",Proof complexity and logic,https://doi.org/10.1109/FOCS57990.2023.00010,10.1109/FOCS57990.2023.00010,https://ieee-focs.org/FOCS-2023-Papers/,https://ieee-focs.org/FOCS-2023-Papers/data/data.js,LLM_reviewed_title,Title reviewed; candidate primary category retained.,Proof complexity and logic,Proof complexity and logic
FOCS-2023-005,FOCS,2023,Thin Trees for Laminar Families,"Nathan Klein (University of Washington, USA), Neil Olver (London School of Economics and Political Science, UK)",Graph theory and graph algorithms,https://doi.org/10.1109/FOCS57990.2023.00011,10.1109/FOCS57990.2023.00011,https://ieee-focs.org/FOCS-2023-Papers/,https://ieee-focs.org/FOCS-2023-Papers/data/data.js,LLM_reviewed_title,Title reviewed; candidate primary category retained.,General algorithm design,Graph theory and graph algorithms
FOCS-2023-006,FOCS,2023,One Tree to Rule Them All: Poly-Logarithmic Universal Steiner Tree,"Costas Busch (Augusta University, USA), Da Qi Chen (University of Virginia, USA), Arnold Filtser (Bar-Ilan University, Israel), Daniel Hathcock (Carnegie Mellon University, USA), D Ellis Hershkowitz (Brown University, Rhode Island; ETH Zürich, Switzerland), Rajmohan Rajaraman (Northeastern University, USA)",Approximation algorithms,https://doi.org/10.1109/FOCS57990.2023.00012,10.1109/FOCS57990.2023.00012,https://ieee-focs.org/FOCS-2023-Papers/,https://ieee-focs.org/FOCS-2023-Papers/data/data.js,LLM_reviewed_title,Title reviewed; candidate primary category retained.,Approximation algorithms,Approximation algorithms
FOCS-2023-007,FOCS,2023,Optimal Fault-Tolerant Spanners in Euclidean and Doubling Metrics: Breaking the Ω (log n) Lightness Barrier,"Hung Le (University of Massachusetts at Amherst, USA), Shay Solomon (Tel-Aviv University, Israel), Cuong Than (University of Massachusetts at Amherst, USA)",Computational geometry,https://doi.org/10.1109/FOCS57990.2023.00013,10.1109/FOCS57990.2023.00013,https://ieee-focs.org/FOCS-2023-Papers/,https://ieee-focs.org/FOCS-2023-Papers/data/data.js,LLM_reviewed_title,Title reviewed; candidate primary category retained.,General algorithm design,Computational geometry
FOCS-2023-008,FOCS,2023,"Sub-quadratic $(1+\eps)$-approximate Euclidean Spanners, with Applications","Alexandr Andoni (Columbia University, USA), Hengjie Zhang (Columbia University, USA)",Computational geometry,https://doi.org/10.1109/FOCS57990.2023.00014,10.1109/FOCS57990.2023.00014,https://ieee-focs.org/FOCS-2023-Papers/,https://ieee-focs.org/FOCS-2023-Papers/data/data.js,LLM_reviewed_title,Primary subject selected in title review; overlapping techniques do not receive additional counts.,Approximation algorithms,Approximation algorithms
FOCS-2023-009,FOCS,2023,Envy-Free Cake-Cutting for Four Agents,"Alexandros Hollender (EPFL, Switzerland), Aviad Rubinstein (Stanford University, USA)",Algorithmic game theory and fair division,https://doi.org/10.1109/FOCS57990.2023.00015,10.1109/FOCS57990.2023.00015,https://ieee-focs.org/FOCS-2023-Papers/,https://ieee-focs.org/FOCS-2023-Papers/data/data.js,LLM_reviewed_title,Title reviewed; candidate primary category retained.,Algorithmic game theory and fair division,Algorithmic game theory and fair division
FOCS-2023-010,FOCS,2023,Convergence of Approximate and Packet Routing Equilibria to Nash Flows Over Time,"Neil Olver (London School of Economics and Political Science, UK), Leon Sering (ETH Zürich, Switzerland), Laura Vargas Koch (ETH Zürich, Chile; Universidad de Chile, Switzerland)",Algorithmic game theory and fair division,https://doi.org/10.1109/FOCS57990.2023.00016,10.1109/FOCS57990.2023.00016,https://ieee-focs.org/FOCS-2023-Papers/,https://ieee-focs.org/FOCS-2023-Papers/data/data.js,LLM_reviewed_title,Title reviewed; candidate primary category retained.,Algorithmic game theory and fair division,Algorithmic game theory and fair division
FOCS-2023-011,FOCS,2023,Simultaneous Auctions are Approximately Revenue-Optimal for Subadditive Bidders,"Yang Cai (Yale University, USA), Ziyun Chen (Tsinghua University, USA), Jinzhao Wu (Yale University, USA)",Algorithmic game theory and fair division,https://doi.org/10.1109/FOCS57990.2023.00017,10.1109/FOCS57990.2023.00017,https://ieee-focs.org/FOCS-2023-Papers/,https://ieee-focs.org/FOCS-2023-Papers/data/data.js,LLM_reviewed_title,Title reviewed; candidate primary category retained.,Algorithmic game theory and fair division,Algorithmic game theory and fair division
FOCS-2023-012,FOCS,2023,Constant Approximation for Private Interdependent Valuations,"Alon Eden (The Hebrew University, Israel), Michal Feldman (Tel Aviv University, Israel), Kira Goldner (Boston University, USA), Simon Mauras (Tel Aviv University, Israel), Divyarthi Mohan (Tel Aviv University, Israel)",Algorithmic game theory and fair division,https://doi.org/10.1109/FOCS57990.2023.00018,10.1109/FOCS57990.2023.00018,https://ieee-focs.org/FOCS-2023-Papers/,https://ieee-focs.org/FOCS-2023-Papers/data/data.js,LLM_reviewed_title,Primary subject selected in title review; overlapping techniques do not receive additional counts.,Approximation algorithms,Approximation algorithms
FOCS-2023-013,FOCS,2023,Randomly Punctured Reed–Solomon Codes Achieve the List Decoding Capacity over Polynomial-Size Alphabets,"Zeyu Guo (The Ohio State University, USA), Zihan Zhang (The Ohio State University, USA)",Coding and information theory,https://doi.org/10.1109/FOCS57990.2023.00019,10.1109/FOCS57990.2023.00019,https://ieee-focs.org/FOCS-2023-Papers/,https://ieee-focs.org/FOCS-2023-Papers/data/data.js,LLM_reviewed_title,Title reviewed; candidate primary category retained.,Coding and information theory,Coding and information theory
FOCS-2023-014,FOCS,2023,A Proof that Reed-Muller Codes Achieve Shannon Capacity on Symmetric Channels,"Emmanuel Abbe (EPFL), Colin Sandon (EPFL)",Coding and information theory,https://doi.org/10.1109/FOCS57990.2023.00020,10.1109/FOCS57990.2023.00020,https://ieee-focs.org/FOCS-2023-Papers/,https://ieee-focs.org/FOCS-2023-Papers/data/data.js,LLM_reviewed_title,Title reviewed; candidate primary category retained.,General algorithm design,Coding and information theory
FOCS-2023-015,FOCS,2023,Gilbert and Varshamov Meet Johnson: List-Decoding Explicit Nearly-Optimal Binary Codes,"Silas Richelson (University of California, USA), Sourya Roy (University of California, USA)",Coding and information theory,https://doi.org/10.1109/FOCS57990.2023.00021,10.1109/FOCS57990.2023.00021,https://ieee-focs.org/FOCS-2023-Papers/,https://ieee-focs.org/FOCS-2023-Papers/data/data.js,LLM_reviewed_title,Title reviewed; candidate primary category retained.,Coding and information theory,Coding and information theory
FOCS-2023-016,FOCS,2023,Optimal Testing of Generalized Reed-Muller Codes in Fewer Queries,"Dor Minzer (Massachusetts Institute of Technology, USA), Kai Zheng (Massachusetts Institute of Technology, USA)",Coding and information theory,https://doi.org/10.1109/FOCS57990.2023.00022,10.1109/FOCS57990.2023.00022,https://ieee-focs.org/FOCS-2023-Papers/,https://ieee-focs.org/FOCS-2023-Papers/data/data.js,LLM_reviewed_title,Title reviewed; candidate primary category retained.,General algorithm design,Coding and information theory
FOCS-2023-017,FOCS,2023,"Separating MAX 2-AND, MAX DI-CUT and MAX CUT","Joshua Brakensiek (Stanford University, USA), Neng Huang (University of Chicago, USA), Aaron Potechin (University of Chicago, USA), Uri Zwick (Tel Aviv University, Israel)",Approximation algorithms,https://doi.org/10.1109/FOCS57990.2023.00023,10.1109/FOCS57990.2023.00023,https://ieee-focs.org/FOCS-2023-Papers/,https://ieee-focs.org/FOCS-2023-Papers/data/data.js,LLM_reviewed_title,Primary subject selected in title review; overlapping techniques do not receive additional counts.,Graph theory and graph algorithms,Graph theory and graph algorithms
FOCS-2023-018,FOCS,2023,Triplet Reconstruction and all Other Phylogenetic CSPs are Approximation Resistant,"Vaggos Chatziafratis (University of California at Santa Cruz, USA), Konstantin Makarychev (Northwestern University, USA)",Constraint satisfaction,https://doi.org/10.1109/FOCS57990.2023.00024,10.1109/FOCS57990.2023.00024,https://ieee-focs.org/FOCS-2023-Papers/,https://ieee-focs.org/FOCS-2023-Papers/data/data.js,LLM_reviewed_title,Title reviewed; candidate primary category retained.,Algorithms for biological structures,Constraint satisfaction
FOCS-2023-019,FOCS,2023,Improved Hardness of Approximating k-Clique Under ETH,"Bingkai Lin (Nanjing University, China), Xuandi Ren (University of California at Berkeley, USA), Yican Sun (Peking University, China), Xiuhan Wang (Tsinghua University, China)",Approximation algorithms,https://doi.org/10.1109/FOCS57990.2023.00025,10.1109/FOCS57990.2023.00025,https://ieee-focs.org/FOCS-2023-Papers/,https://ieee-focs.org/FOCS-2023-Papers/data/data.js,LLM_reviewed_title,Title reviewed; candidate primary category retained.,Approximation algorithms,Approximation algorithms
FOCS-2023-020,FOCS,2023,Efficient Algorithms for Semirandom Planted CSPs at the Refutation Threshold,"Venkatesan Guruswami (UC Berkeley, USA), Jun-Ting Hsieh (Carnegie Mellon University, USA), Pravesh K. Kothari (Carnegie Mellon University, USA), Peter Manohar (Carnegie Mellon University, USA)",Constraint satisfaction,https://doi.org/10.1109/FOCS57990.2023.00026,10.1109/FOCS57990.2023.00026,https://ieee-focs.org/FOCS-2023-Papers/,https://ieee-focs.org/FOCS-2023-Papers/data/data.js,LLM_reviewed_title,Primary subject selected in title review; overlapping techniques do not receive additional counts.,General algorithm design,Proof complexity and logic
FOCS-2023-021,FOCS,2023,The Minimal Canonical form of a Tensor Network,"Arturo Acuaviva (Universidad Complutense de Madrid, Spain), Visu Makam (Radix Trading Europe B.V., The Netherlands), Harold Nieuwboer (University of Amsterdam, The Netherlands), David Pérez-García (Universidad Complutense de Madrid, Spain), Friedrich Sittner (Universidad Complutense de Madrid, Spain), Michael Walter (Ruhr University Bochum, Germany), Freek Witteveen (University of Copenhagen, Denmark)",Algebraic and numerical computation,https://doi.org/10.1109/FOCS57990.2023.00027,10.1109/FOCS57990.2023.00027,https://ieee-focs.org/FOCS-2023-Papers/,https://ieee-focs.org/FOCS-2023-Papers/data/data.js,LLM_reviewed_title,Primary subject selected in title review; overlapping techniques do not receive additional counts.,General algorithm design,Graph theory and graph algorithms
FOCS-2023-022,FOCS,2023,Query-Optimal Estimation of Unitary Channels in Diamond Distance,"Jeongwan Haah (Microsoft Quantum, USA), Robin Kothari (Microsoft Quantum, USA), Ryan O'Donnell (Carnegie Mellon University, USA), Ewin Tang (University of Washington, USA)",Quantum computation,https://doi.org/10.1109/FOCS57990.2023.00028,10.1109/FOCS57990.2023.00028,https://ieee-focs.org/FOCS-2023-Papers/,https://ieee-focs.org/FOCS-2023-Papers/data/data.js,LLM_reviewed_title,Title reviewed; candidate primary category retained.,General algorithm design,Quantum computation
FOCS-2023-023,FOCS,2023,When Does Adaptivity Help for Quantum State Learning?,"Sitan Chen (Harvard University, USA), Brice Huang (MIT, USA), Jerry Li (Microsoft Research, USA), Allen Liu (Massachusetts Institute of Technology, USA), Mark Sellke (Harvard University, USA)",Quantum computation,https://doi.org/10.1109/FOCS57990.2023.00029,10.1109/FOCS57990.2023.00029,https://ieee-focs.org/FOCS-2023-Papers/,https://ieee-focs.org/FOCS-2023-Papers/data/data.js,LLM_reviewed_title,Title reviewed; candidate primary category retained.,Quantum computation,Quantum computation
FOCS-2023-024,FOCS,2023,Exponential Quantum Speedup in Simulating Coupled Classical Oscillators,"Ryan Babbush (Google Quantum AI, USA), Dominic W. Berry (Macquarie University, Australia), Robin Kothari (Google Quantum AI, USA), Rolando D. Somma (Google Quantum AI, USA), Nathan Wiebe (University of Toronto; Canadian Institute for Advanced Research, Canada; Pacific Northwest National Laboratory, USA)",Quantum computation,https://doi.org/10.1109/FOCS57990.2023.00030,10.1109/FOCS57990.2023.00030,https://ieee-focs.org/FOCS-2023-Papers/,https://ieee-focs.org/FOCS-2023-Papers/data/data.js,LLM_reviewed_title,Title reviewed; candidate primary category retained.,Quantum computation,Quantum computation
FOCS-2023-025,FOCS,2023,Attribute-Based Encryption for Circuits of Unbounded Depth from Lattices,"Yao-Ching Hsieh (University of Washington, USA), Huijia Lin (University of Washington, USA), Ji Luo (University of Washington, USA)",Cryptography,https://doi.org/10.1109/FOCS57990.2023.00031,10.1109/FOCS57990.2023.00031,https://ieee-focs.org/FOCS-2023-Papers/,https://ieee-focs.org/FOCS-2023-Papers/data/data.js,LLM_reviewed_title,Title reviewed; candidate primary category retained.,Lattices and computational number theory,Cryptography
FOCS-2023-026,FOCS,2023,ABE for Circuits with Poly(\lambda)-Sized Keys from LWE,"Valerio Cini (AIT Austrian Institute of Technology, Austria), Hoeteck Wee (NTT Research, USA)",Cryptography,https://doi.org/10.1109/FOCS57990.2023.00032,10.1109/FOCS57990.2023.00032,https://ieee-focs.org/FOCS-2023-Papers/,https://ieee-focs.org/FOCS-2023-Papers/data/data.js,LLM_reviewed_title,Title reviewed; candidate primary category retained.,"Rewriting, lambda calculus and semantics",Cryptography
FOCS-2023-027,FOCS,2023,Learning in Pessiland via Inductive Inference,"Shuichi Hirahara (National Institute of Informatics, Japan), Mikito Nanashima (Tokyo Institute of Technology, Japan)",Learning theory,https://doi.org/10.1109/FOCS57990.2023.00033,10.1109/FOCS57990.2023.00033,https://ieee-focs.org/FOCS-2023-Papers/,https://ieee-focs.org/FOCS-2023-Papers/data/data.js,LLM_reviewed_title,Title reviewed; candidate primary category retained.,Learning theory,Learning theory
FOCS-2023-028,FOCS,2023,Kolmogorov Comes to Cryptomania: On Interactive Kolmogorov Complexity and Key-Agreement,"Marshall Ball (New York University, USA), Yanyi Liu (Cornell Tech, USA), Noam Mazor (Cornell Tech, USA), Rafael Pass (Tel Aviv University, Israel; Cornell Tech, USA)",Cryptography,https://doi.org/10.1109/FOCS57990.2023.00034,10.1109/FOCS57990.2023.00034,https://ieee-focs.org/FOCS-2023-Papers/,https://ieee-focs.org/FOCS-2023-Papers/data/data.js,LLM_reviewed_abstract,Characterization of secure key agreement using interactive Kolmogorov complexity.,Computability and algorithmic information,Computability and algorithmic information
FOCS-2023-029,FOCS,2023,A Randomized Algorithm for Single-Source Shortest Path on Undirected Real-Weighted Graphs,"Ran Duan (Tsinghua University, China), Jiayi Mao (Tsinghua University, China), Xinkai Shu (The University of Hong Kong, China), Longhui Yin (Tsinghua University, China)",Graph theory and graph algorithms,https://doi.org/10.1109/FOCS57990.2023.00035,10.1109/FOCS57990.2023.00035,https://ieee-focs.org/FOCS-2023-Papers/,https://ieee-focs.org/FOCS-2023-Papers/data/data.js,LLM_reviewed_title,Title reviewed; candidate primary category retained.,Graph theory and graph algorithms,Graph theory and graph algorithms
FOCS-2023-030,FOCS,2023,Faster High Accuracy Multi-Commodity Flow from Single-Commodity Techniques,"Jan van den Brand (Georgia Institute of Technology, USA), Daniel J. Zhang (Georgia Institute of Technology, USA)",Graph theory and graph algorithms,https://doi.org/10.1109/FOCS57990.2023.00036,10.1109/FOCS57990.2023.00036,https://ieee-focs.org/FOCS-2023-Papers/,https://ieee-focs.org/FOCS-2023-Papers/data/data.js,LLM_reviewed_title,Title reviewed; candidate primary category retained.,General algorithm design,Graph theory and graph algorithms
FOCS-2023-031,FOCS,2023,A Deterministic Almost-Linear Time Algorithm for Minimum-Cost Flow,"Jan van den Brand (Georgia Tech, USA), Li Chen (Georgia Tech, USA), Rasmus Kyng (ETH Zurich, Switzerland), Richard Peng (University of Waterloo, Canada), Yang P. Liu (Stanford University, USA), Maximilian Probst Gutenberg (ETH Zurich, Switzerland), Sushant Sachdeva (University of Toronto, Canada), Aaron Sidford (Stanford University, USA)",Graph theory and graph algorithms,https://doi.org/10.1109/FOCS57990.2023.00037,10.1109/FOCS57990.2023.00037,https://ieee-focs.org/FOCS-2023-Papers/,https://ieee-focs.org/FOCS-2023-Papers/data/data.js,LLM_reviewed_title,Title reviewed; candidate primary category retained.,General algorithm design,Graph theory and graph algorithms
FOCS-2023-032,FOCS,2023,Negative-Weight Single-Source Shortest Paths in Near-Linear Time: Now Faster!,"Karl Bringmann (Saarland University and Max Planck Institute for Informatics, Saarland Informatics Campus, Germany), Alejandro Cassis (Saarland University and Max Planck Institute for Informatics, Saarland Informatics Campus, Germany), Nick Fischer (Weizmann Institute of Science, Israel)",Graph theory and graph algorithms,https://doi.org/10.1109/FOCS57990.2023.00038,10.1109/FOCS57990.2023.00038,https://ieee-focs.org/FOCS-2023-Papers/,https://ieee-focs.org/FOCS-2023-Papers/data/data.js,LLM_reviewed_title,Title reviewed; candidate primary category retained.,Graph theory and graph algorithms,Graph theory and graph algorithms
FOCS-2023-033,FOCS,2023,Advisor-Verifier-Prover Games and the Hardness of Information Theoretic Cryptography,"Benny Applebaum (Tel Aviv University, Israel), Oded Nir (Tel Aviv University, Israel)",Cryptography,https://doi.org/10.1109/FOCS57990.2023.00039,10.1109/FOCS57990.2023.00039,https://ieee-focs.org/FOCS-2023-Papers/,https://ieee-focs.org/FOCS-2023-Papers/data/data.js,LLM_reviewed_title,Title reviewed; candidate primary category retained.,Cryptography,Cryptography
FOCS-2023-034,FOCS,2023,On Pseudolinear Codes for Correcting Adversarial Errors,"Eric Ruzomberka (Princeton University, USA), Homa Nikbakht (Princeton University, USA), Christopher G. Brinton (Purdue University, USA), H. Vincent Poor (Princeton University, USA)",Coding and information theory,https://doi.org/10.1109/FOCS57990.2023.00040,10.1109/FOCS57990.2023.00040,https://ieee-focs.org/FOCS-2023-Papers/,https://ieee-focs.org/FOCS-2023-Papers/data/data.js,LLM_reviewed_title,Title reviewed; candidate primary category retained.,General algorithm design,Coding and information theory
FOCS-2023-035,FOCS,2023,A New Approach to Post-Quantum Non-Malleability,"Xiao Liang (NTT Research, USA), Omkant Pandey (Stony Brook University, USA), Takashi Yamakawa (NTT, Japan)",Cryptography,https://doi.org/10.1109/FOCS57990.2023.00041,10.1109/FOCS57990.2023.00041,https://ieee-focs.org/FOCS-2023-Papers/,https://ieee-focs.org/FOCS-2023-Papers/data/data.js,LLM_reviewed_title,Title reviewed; candidate primary category retained.,Quantum computation,Cryptography
FOCS-2023-036,FOCS,2023,Towards Separating Computational and Statistical Differential Privacy,"Badih Ghazi (Google Research), Rahul Ilango (MIT), Pritish Kamath (Google Research), Ravi Kumar (Google Research), Pasin Manurangsi (Google Research)",Differential privacy,https://doi.org/10.1109/FOCS57990.2023.00042,10.1109/FOCS57990.2023.00042,https://ieee-focs.org/FOCS-2023-Papers/,https://ieee-focs.org/FOCS-2023-Papers/data/data.js,LLM_reviewed_title,Title reviewed; candidate primary category retained.,General algorithm design,Differential privacy
FOCS-2023-037,FOCS,2023,Bridge Girth: A Unifying Notion in Network Design,"Greg Bodwin (University of Michigan, USA), Gary Hoppenworth (University of Michigan, USA), Ohad Trabelsi (Toyota Technological Institute at Chicago, USA)",Approximation algorithms,https://doi.org/10.1109/FOCS57990.2023.00043,10.1109/FOCS57990.2023.00043,https://ieee-focs.org/FOCS-2023-Papers/,https://ieee-focs.org/FOCS-2023-Papers/data/data.js,LLM_reviewed_title,Title reviewed; candidate primary category retained.,General algorithm design,Approximation algorithms
FOCS-2023-038,FOCS,2023,"Planar Disjoint Paths, Treewidth, and Kernels","Michał Włodarczyk (Ben-Gurion University of the Negev, Israel), Meirav Zehavi (Ben-Gurion University of the Negev, Israel)",Parameterized and exact algorithms,https://doi.org/10.1109/FOCS57990.2023.00044,10.1109/FOCS57990.2023.00044,https://ieee-focs.org/FOCS-2023-Papers/,https://ieee-focs.org/FOCS-2023-Papers/data/data.js,LLM_reviewed_title,Primary subject selected in title review; overlapping techniques do not receive additional counts.,Graph theory and graph algorithms,Graph theory and graph algorithms
FOCS-2023-039,FOCS,2023,Flip-Width: Cops and Robber on Dense Graphs,"Szymon Toruńczyk (University of Warsaw, Poland)",Graph theory and graph algorithms,https://doi.org/10.1109/FOCS57990.2023.00045,10.1109/FOCS57990.2023.00045,https://ieee-focs.org/FOCS-2023-Papers/,https://ieee-focs.org/FOCS-2023-Papers/data/data.js,LLM_reviewed_title,Title reviewed; candidate primary category retained.,Graph theory and graph algorithms,Graph theory and graph algorithms
FOCS-2023-040,FOCS,2023,Folklore Sampling is Optimal for Exact Hopsets: Confirming the $\sqrt{n}$ Barrier,"Greg Bodwin (University of Michigan), Gary Hoppenworth (University of Michigan)",Graph theory and graph algorithms,https://doi.org/10.1109/FOCS57990.2023.00046,10.1109/FOCS57990.2023.00046,https://ieee-focs.org/FOCS-2023-Papers/,https://ieee-focs.org/FOCS-2023-Papers/data/data.js,LLM_reviewed_title,Title reviewed; candidate primary category retained.,General algorithm design,Graph theory and graph algorithms
FOCS-2023-041,FOCS,2023,Fourier Growth of Communication Protocols for XOR Functions,"Uma Girish (Princeton University, USA), Makrand Sinha (University of Illinois at Urbana-Champaign, USA), Avishay Tal (University of California at Berkeley, USA), Kewen Wu (University of California at Berkeley, USA)",Communication complexity,https://doi.org/10.1109/FOCS57990.2023.00047,10.1109/FOCS57990.2023.00047,https://ieee-focs.org/FOCS-2023-Papers/,https://ieee-focs.org/FOCS-2023-Papers/data/data.js,LLM_reviewed_title,Title reviewed; candidate primary category retained.,General algorithm design,Communication complexity
FOCS-2023-042,FOCS,2023,SAT Reduces to the Minimum Circuit Size Problem with a Random Oracle,"Rahul Ilango (EECS, Massachusetts Institute of Technology, USA)",Computational and circuit complexity,https://doi.org/10.1109/FOCS57990.2023.00048,10.1109/FOCS57990.2023.00048,https://ieee-focs.org/FOCS-2023-Papers/,https://ieee-focs.org/FOCS-2023-Papers/data/data.js,LLM_reviewed_title,Primary subject selected in title review; overlapping techniques do not receive additional counts.,Automated reasoning and unification,Automated reasoning and unification
FOCS-2023-043,FOCS,2023,Doubley-Efficient Interactive Proofs for Distribution Properties,"Tal Herman (Weizmann Institute of Science, Israel), Guy Rothblum (Apple)",Proof complexity and logic,https://doi.org/10.1109/FOCS57990.2023.00049,10.1109/FOCS57990.2023.00049,https://ieee-focs.org/FOCS-2023-Papers/,https://ieee-focs.org/FOCS-2023-Papers/data/data.js,LLM_reviewed_title,Title reviewed; candidate primary category retained.,General algorithm design,Proof complexity and logic
FOCS-2023-044,FOCS,2023,IOPs with Inverse Polynomial Soundness Error,"Gal Arnon (Weizmann Institute, Israel), Alessandro Chiesa (EPFL, Switzerland), Eylon Yogev (Bar-Ilan University, Israel)",Proof complexity and logic,https://doi.org/10.1109/FOCS57990.2023.00050,10.1109/FOCS57990.2023.00050,https://ieee-focs.org/FOCS-2023-Papers/,https://ieee-focs.org/FOCS-2023-Papers/data/data.js,LLM_reviewed_title,Title reviewed; candidate primary category retained.,General algorithm design,Proof complexity and logic
FOCS-2023-045,FOCS,2023,Lipschitz Continuous Algorithms for Graph Problems,"Soh Kumabe (The University of Tokyo, Japan), Yuichi Yoshida (National Institute of Informatics, Japan)",Graph theory and graph algorithms,https://doi.org/10.1109/FOCS57990.2023.00051,10.1109/FOCS57990.2023.00051,https://ieee-focs.org/FOCS-2023-Papers/,https://ieee-focs.org/FOCS-2023-Papers/data/data.js,LLM_reviewed_title,Title reviewed; candidate primary category retained.,Graph theory and graph algorithms,Graph theory and graph algorithms
FOCS-2023-046,FOCS,2023,Compressing CFI Graphs and Lower Bounds for the Weisfeiler-Leman Refinements,"Martin Grohe (RWTH Aachen University, Germany), Moritz Lichter (RWTH Aachen University, Germany), Daniel Neuen (University of Bremen, Germany), Pascal Schweitzer (TU Darmstadt, Germany)",Graph theory and graph algorithms,https://doi.org/10.1109/FOCS57990.2023.00052,10.1109/FOCS57990.2023.00052,https://ieee-focs.org/FOCS-2023-Papers/,https://ieee-focs.org/FOCS-2023-Papers/data/data.js,LLM_reviewed_title,Primary subject selected in title review; overlapping techniques do not receive additional counts.,Data structures and compressed data,Data structures and compressed data
FOCS-2023-047,FOCS,2023,Strong Spatial Mixing for Colorings on Trees and its Algorithmic Applications,"Zongchen Chen (University of Buffalo), Kuikui Liu (MIT), Nitya Mani (MIT), Ankur Moitra (MIT)",Enumeration and counting,https://doi.org/10.1109/FOCS57990.2023.00053,10.1109/FOCS57990.2023.00053,https://ieee-focs.org/FOCS-2023-Papers/,https://ieee-focs.org/FOCS-2023-Papers/data/data.js,LLM_reviewed_title,Title reviewed; candidate primary category retained.,Graph theory and graph algorithms,Enumeration and counting
FOCS-2023-048,FOCS,2023,Singular Value Approximation and Sparsifying Random Walks on Directed Graphs,"AmirMahdi Ahmadinejad (Amazon, USA), John Peebles (Apple, USA), Edward Pyne (MIT, USA), Aaron Sidford (Stanford University, USA), Salil Vadhan (Harvard University, USA)",Graph theory and graph algorithms,https://doi.org/10.1109/FOCS57990.2023.00054,10.1109/FOCS57990.2023.00054,https://ieee-focs.org/FOCS-2023-Papers/,https://ieee-focs.org/FOCS-2023-Papers/data/data.js,LLM_reviewed_title,Primary subject selected in title review; overlapping techniques do not receive additional counts.,Approximation algorithms,Approximation algorithms
FOCS-2023-049,FOCS,2023,Improved Streaming Algorithms for Maximum Directed Cut via Smoothed Snapshots,"Raghuvansh R. Saxena (Tata Institute of Fundamental Research, India), Noah G. Singer (Carnegie Mellon University, USA), Madhu Sudan (Harvard University, USA), Santhoshini Velusamy (Toyota Technological Institute at Chicago, USA)",Streaming and sketching,https://doi.org/10.1109/FOCS57990.2023.00055,10.1109/FOCS57990.2023.00055,https://ieee-focs.org/FOCS-2023-Papers/,https://ieee-focs.org/FOCS-2023-Papers/data/data.js,LLM_reviewed_title,Title reviewed; candidate primary category retained.,Streaming and sketching,Streaming and sketching
FOCS-2023-050,FOCS,2023,Streaming Lower Bounds and Asymmetric Set-Disjointness,"Shachar Lovett (University of California San Diego, USA), Jiapeng Zhang (University of Southern California, USA)",Streaming and sketching,https://doi.org/10.1109/FOCS57990.2023.00056,10.1109/FOCS57990.2023.00056,https://ieee-focs.org/FOCS-2023-Papers/,https://ieee-focs.org/FOCS-2023-Papers/data/data.js,LLM_reviewed_title,Title reviewed; candidate primary category retained.,Streaming and sketching,Streaming and sketching
FOCS-2023-051,FOCS,2023,Streaming Euclidean k-Median and k-Means with o(log n) Space,"Vincent Cohen-Addad (Google Research), David P. Woodruff (Carnegie Mellon University), Samson Zhou (Texas A&M University)",Streaming and sketching,https://doi.org/10.1109/FOCS57990.2023.00057,10.1109/FOCS57990.2023.00057,https://ieee-focs.org/FOCS-2023-Papers/,https://ieee-focs.org/FOCS-2023-Papers/data/data.js,LLM_reviewed_title,Title reviewed; candidate primary category retained.,Streaming and sketching,Streaming and sketching
FOCS-2023-052,FOCS,2023,Hidden Permutations to the Rescue: Multi-Pass Streaming Lower Bounds for Approximate Matchings,"Sepehr Assadi (University of Waterloo, Canada; Rutgers University, USA), Janani Sundaresan (University of Waterloo, Canada)",Streaming and sketching,https://doi.org/10.1109/FOCS57990.2023.00058,10.1109/FOCS57990.2023.00058,https://ieee-focs.org/FOCS-2023-Papers/,https://ieee-focs.org/FOCS-2023-Papers/data/data.js,LLM_reviewed_title,Title reviewed; candidate primary category retained.,Streaming and sketching,Streaming and sketching
FOCS-2023-053,FOCS,2023,Strong Bounds for 3-Progressions,"Zander Kelley (University of Illinois Urbana-Champaign), Raghu Meka (University of California)",Combinatorics and graph polynomials,https://doi.org/10.1109/FOCS57990.2023.00059,10.1109/FOCS57990.2023.00059,https://ieee-focs.org/FOCS-2023-Papers/,https://ieee-focs.org/FOCS-2023-Papers/data/data.js,LLM_reviewed_title,Title reviewed; candidate primary category retained.,General algorithm design,Combinatorics and graph polynomials
FOCS-2023-054,FOCS,2023,The Subspace Flatness Conjecture and Faster Integer Programming,"Victor Reis (University of Washington, USA), Thomas Rothvoss (University of Washington, USA)",Optimization and mathematical programming,https://doi.org/10.1109/FOCS57990.2023.00060,10.1109/FOCS57990.2023.00060,https://ieee-focs.org/FOCS-2023-Papers/,https://ieee-focs.org/FOCS-2023-Papers/data/data.js,LLM_reviewed_title,Title reviewed; candidate primary category retained.,General algorithm design,Optimization and mathematical programming
FOCS-2023-055,FOCS,2023,Certified Hardness vs. Randomness for Log-Space,"Edward Pyne (MIT, USA), Ran Raz (Princeton, USA), Wei Zhan (Princeton, USA)",Pseudorandomness and derandomization,https://doi.org/10.1109/FOCS57990.2023.00061,10.1109/FOCS57990.2023.00061,https://ieee-focs.org/FOCS-2023-Papers/,https://ieee-focs.org/FOCS-2023-Papers/data/data.js,LLM_reviewed_title,Title reviewed; candidate primary category retained.,General algorithm design,Pseudorandomness and derandomization
FOCS-2023-056,FOCS,2023,Derandomization vs Refutation: A Unified Framework for Characterizing Derandomization,"Lijie Chen (University of California, Berkeley, USA), Roei Tell (The University of Toronto, Canada), Ryan Williams (Massachusetts Institute of Technology, USA)",Pseudorandomness and derandomization,https://doi.org/10.1109/FOCS57990.2023.00062,10.1109/FOCS57990.2023.00062,https://ieee-focs.org/FOCS-2023-Papers/,https://ieee-focs.org/FOCS-2023-Papers/data/data.js,LLM_reviewed_title,Title reviewed; candidate primary category retained.,Pseudorandomness and derandomization,Pseudorandomness and derandomization
FOCS-2023-057,FOCS,2023,Top-Down Lower Bounds for Depth-Four Circuits,"Mika Göös (EPFL, Switzerland), Artur Riazanov (EPFL, Switzerland), Anastasia Sofronova (EPFL, Switzerland), Dmitry Sokolov (EPFL, Switzerland)",Computational and circuit complexity,https://doi.org/10.1109/FOCS57990.2023.00063,10.1109/FOCS57990.2023.00063,https://ieee-focs.org/FOCS-2023-Papers/,https://ieee-focs.org/FOCS-2023-Papers/data/data.js,LLM_reviewed_title,Title reviewed; candidate primary category retained.,General algorithm design,Computational and circuit complexity
FOCS-2023-058,FOCS,2023,Toward Better Depth Lower Bounds: A KRW-Like Theorem for Strong Composition,"Or Meir (University of Haifa, Israel)",Computational and circuit complexity,https://doi.org/10.1109/FOCS57990.2023.00064,10.1109/FOCS57990.2023.00064,https://ieee-focs.org/FOCS-2023-Papers/,https://ieee-focs.org/FOCS-2023-Papers/data/data.js,LLM_reviewed_title,Primary subject selected in title review; overlapping techniques do not receive additional counts.,General algorithm design,General algorithm design
FOCS-2023-059,FOCS,2023,Handling Correlated Rounding Error via Preclustering: A 1.73-Approximation for Correlation Clustering,"Vincent Cohen-Addad (Google Research, France), Euiwoong Lee (University of Michigan, Michigan), Shi Li (Nanjing University, China), Alantha Newman (CNRS, Université Grenobles Alpes, France)",Approximation algorithms,https://doi.org/10.1109/FOCS57990.2023.00065,10.1109/FOCS57990.2023.00065,https://ieee-focs.org/FOCS-2023-Papers/,https://ieee-focs.org/FOCS-2023-Papers/data/data.js,LLM_reviewed_title,Title reviewed; candidate primary category retained.,Approximation algorithms,Approximation algorithms
FOCS-2023-060,FOCS,2023,Deterministic Clustering in High Dimensional Spaces: Sketches and Approximation,"Vincent Cohen-Addad (Google Research, France), David Saulpic (Institute of Science and Technology Austria, Austria), Chris Schwiegelshohn (Aarhus University, Denmark)",Streaming and sketching,https://doi.org/10.1109/FOCS57990.2023.00066,10.1109/FOCS57990.2023.00066,https://ieee-focs.org/FOCS-2023-Papers/,https://ieee-focs.org/FOCS-2023-Papers/data/data.js,LLM_reviewed_title,Title reviewed; candidate primary category retained.,Streaming and sketching,Streaming and sketching
FOCS-2023-061,FOCS,2023,The Price of Explainability for Clustering,"Anupam Gupta (Carnegie Mellon University), Madhusudhan Reddy Pittu (Carnegie Mellon University), Ola Svensson (EPFL), Rachel Yuan (Carnegie Mellon University)",Learning theory,https://doi.org/10.1109/FOCS57990.2023.00067,10.1109/FOCS57990.2023.00067,https://ieee-focs.org/FOCS-2023-Papers/,https://ieee-focs.org/FOCS-2023-Papers/data/data.js,LLM_reviewed_title,Primary subject selected in title review; overlapping techniques do not receive additional counts.,General algorithm design,General algorithm design
FOCS-2023-062,FOCS,2023,Agnostic proper learning of monotone functions: beyond the black-box correction barrier,"Jane Lange (MIT, USA), Arsen Vasilyan (MIT, USA)",Learning theory,https://doi.org/10.1109/FOCS57990.2023.00068,10.1109/FOCS57990.2023.00068,https://ieee-focs.org/FOCS-2023-Papers/,https://ieee-focs.org/FOCS-2023-Papers/data/data.js,LLM_reviewed_title,Title reviewed; candidate primary category retained.,Learning theory,Learning theory
FOCS-2023-063,FOCS,2023,Near Optimal Memory-Regret Tradeoff for Online Learning,"Binghui Peng (Columbia University, USA), Aviad Rubinstein (Stanford University, USA)","Online algorithms, bandits and stochastic optimization",https://doi.org/10.1109/FOCS57990.2023.00069,10.1109/FOCS57990.2023.00069,https://ieee-focs.org/FOCS-2023-Papers/,https://ieee-focs.org/FOCS-2023-Papers/data/data.js,LLM_reviewed_title,Title reviewed; candidate primary category retained.,"Online algorithms, bandits and stochastic optimization","Online algorithms, bandits and stochastic optimization"
FOCS-2023-064,FOCS,2023,Tight Time-Space Lower Bounds for Constant-Pass Learning,"Xin Lyu (University of California, Berkeley, USA), Avishay Tal (University of California, Berkeley, USA), Hongxun Wu (University of California, Berkeley, USA), Junzhao Yang (Tsinghua University, China)",Learning theory,https://doi.org/10.1109/FOCS57990.2023.00070,10.1109/FOCS57990.2023.00070,https://ieee-focs.org/FOCS-2023-Papers/,https://ieee-focs.org/FOCS-2023-Papers/data/data.js,LLM_reviewed_title,Title reviewed; candidate primary category retained.,Learning theory,Learning theory
FOCS-2023-065,FOCS,2023,Optimal PAC Bounds Without Uniform Convergence,"Ishaq Aden-Ali (UC Berkeley, USA), Yeshwanth Cherapanamjeri (MIT, USA), Abhishek Shetty (UC Berkeley, USA), Nikita Zhivotovskiy (UC Berkeley, USA)",Learning theory,https://doi.org/10.1109/FOCS57990.2023.00071,10.1109/FOCS57990.2023.00071,https://ieee-focs.org/FOCS-2023-Papers/,https://ieee-focs.org/FOCS-2023-Papers/data/data.js,LLM_reviewed_title,Title reviewed; candidate primary category retained.,General algorithm design,Learning theory
FOCS-2023-066,FOCS,2023,Weighted Pseudorandom Generators via Inverse Analysis of Random Walks and Shortcutting,"Lijie Chen (Miller Institute for Basic Research in Science, University of California, Berkeley, USA), William M. Hoza (University of Chicago, USA), Xin Lyu (University of California, Berkeley, USA), Avishay Tal (University of California, Berkeley, USA), Hongxun Wu (University of California, Berkeley, USA)",Pseudorandomness and derandomization,https://doi.org/10.1109/FOCS57990.2023.00072,10.1109/FOCS57990.2023.00072,https://ieee-focs.org/FOCS-2023-Papers/,https://ieee-focs.org/FOCS-2023-Papers/data/data.js,LLM_reviewed_title,Title reviewed; candidate primary category retained.,Pseudorandomness and derandomization,Pseudorandomness and derandomization
FOCS-2023-067,FOCS,2023,Explicit Orthogonal and Unitary Designs,"Ryan O'Donnell (Carnegie Mellon University, USA), Rocco A. Servedio (Columbia University, USA), Pedro Paredes (Princeton University, USA)",Quantum computation,https://doi.org/10.1109/FOCS57990.2023.00073,10.1109/FOCS57990.2023.00073,https://ieee-focs.org/FOCS-2023-Papers/,https://ieee-focs.org/FOCS-2023-Papers/data/data.js,LLM_reviewed_title,Title reviewed; candidate primary category retained.,General algorithm design,Quantum computation
FOCS-2023-068,FOCS,2023,Polynomial-Time Pseudodeterministic Construction of Primes,"Lijie Chen (UC Berkeley, USA), Zhenjian Lu (University of Oxford, UK), Igor C. Oliveira (University of Warwick, UK), Hanlin Ren (University of Oxford, UK), Rahul Santhanam (University of Oxford, UK)",Pseudorandomness and derandomization,https://doi.org/10.1109/FOCS57990.2023.00074,10.1109/FOCS57990.2023.00074,https://ieee-focs.org/FOCS-2023-Papers/,https://ieee-focs.org/FOCS-2023-Papers/data/data.js,LLM_reviewed_title,Primary subject selected in title review; overlapping techniques do not receive additional counts.,General algorithm design,Lattices and computational number theory
FOCS-2023-069,FOCS,2023,"Two Source Extractors for Asymptotically Optimal Entropy, and (Many) More","Xin Li (Johns Hopkins University, MD USA)",Pseudorandomness and derandomization,https://doi.org/10.1109/FOCS57990.2023.00075,10.1109/FOCS57990.2023.00075,https://ieee-focs.org/FOCS-2023-Papers/,https://ieee-focs.org/FOCS-2023-Papers/data/data.js,LLM_reviewed_title,Title reviewed; candidate primary category retained.,General algorithm design,Pseudorandomness and derandomization
FOCS-2023-070,FOCS,2023,Traversing Combinatorial 0/1-Polytopes via Optimization,"Arturo Merino (TU Berlin, Germany), Torsten Mütze (University of Warwick, United Kingdom)",Optimization and mathematical programming,https://doi.org/10.1109/FOCS57990.2023.00076,10.1109/FOCS57990.2023.00076,https://ieee-focs.org/FOCS-2023-Papers/,https://ieee-focs.org/FOCS-2023-Papers/data/data.js,LLM_reviewed_title,Title reviewed; candidate primary category retained.,Computational geometry,Optimization and mathematical programming
FOCS-2023-071,FOCS,2023,The Vector Balancing Constant for Zonotopes,"Rainie Bozzai (University of Washington, USA), Victor Reis (University of Washington, USA), Thomas Rothvoss (University of Washington, USA)",Combinatorics and graph polynomials,https://doi.org/10.1109/FOCS57990.2023.00077,10.1109/FOCS57990.2023.00077,https://ieee-focs.org/FOCS-2023-Papers/,https://ieee-focs.org/FOCS-2023-Papers/data/data.js,LLM_reviewed_title,Primary subject selected in title review; overlapping techniques do not receive additional counts.,General algorithm design,Computational geometry
FOCS-2023-072,FOCS,2023,A Deterministic Near-Linear Time Approximation Scheme for Geometric Transportation,"Emily Fox (The University of Texas at Dallas), Jiashuai Lu (The University of Texas at Dallas)",Approximation algorithms,https://doi.org/10.1109/FOCS57990.2023.00078,10.1109/FOCS57990.2023.00078,https://ieee-focs.org/FOCS-2023-Papers/,https://ieee-focs.org/FOCS-2023-Papers/data/data.js,LLM_reviewed_title,Title reviewed; candidate primary category retained.,Computational geometry,Approximation algorithms
FOCS-2023-073,FOCS,2023,"Computing Linear Sections of Varieties: Quantum Entanglement, Tensor Decompositions and Beyond","Nathaniel Johnston (Mount Allison University, Canada), Benjamin Lovitz (Northeastern University, USA), Aravindan Vijayaraghavan (Northwestern University, USA)",Algebraic and numerical computation,https://doi.org/10.1109/FOCS57990.2023.00079,10.1109/FOCS57990.2023.00079,https://ieee-focs.org/FOCS-2023-Papers/,https://ieee-focs.org/FOCS-2023-Papers/data/data.js,LLM_reviewed_title,Primary subject selected in title review; overlapping techniques do not receive additional counts.,Quantum computation,Quantum computation
FOCS-2023-074,FOCS,2023,Parallel Repetition for the GHZ Game: Exponential Decay,"Mark Braverman (Princeton University, USA), Subhash Khot (New York University, USA), Dor Minzer (Massachusetts Institute of Technology, USA)",Proof complexity and logic,https://doi.org/10.1109/FOCS57990.2023.00080,10.1109/FOCS57990.2023.00080,https://ieee-focs.org/FOCS-2023-Papers/,https://ieee-focs.org/FOCS-2023-Papers/data/data.js,LLM_reviewed_title,Primary subject selected in title review; overlapping techniques do not receive additional counts.,General algorithm design,General algorithm design
FOCS-2023-075,FOCS,2023,Bounding the Quantum Value of Compiled Nonlocal Games: From CHSH to BQP Verification,"Anand Natarajan (MIT, USA), Tina Zhang (MIT, USA)",Quantum computation,https://doi.org/10.1109/FOCS57990.2023.00081,10.1109/FOCS57990.2023.00081,https://ieee-focs.org/FOCS-2023-Papers/,https://ieee-focs.org/FOCS-2023-Papers/data/data.js,LLM_reviewed_title,Title reviewed; candidate primary category retained.,Quantum computation,Quantum computation
FOCS-2023-076,FOCS,2023,stateQIP = Statepspace,"Tony Metger (ETH Zurich, Switzerland), Henry Yuen (Columbia University, USA)",Quantum computation,https://doi.org/10.1109/FOCS57990.2023.00082,10.1109/FOCS57990.2023.00082,https://ieee-focs.org/FOCS-2023-Papers/,https://ieee-focs.org/FOCS-2023-Papers/data/data.js,LLM_reviewed_title,Title reviewed; candidate primary category retained.,General algorithm design,Quantum computation
FOCS-2023-077,FOCS,2023,Constant-Factor Approximation Algorithms for Convex Cover and Hidden Set in a Simple Polygon,"Reilly Browne (Stony Brook University, USA), Prahlad Narasimham Kasthurirangan (Stony Brook University, USA), Joseph S. B. Mitchell (Stony Brook University, USA), Valentin Polishchuk (Linköping University, Sweden)",Computational geometry,https://doi.org/10.1109/FOCS57990.2023.00083,10.1109/FOCS57990.2023.00083,https://ieee-focs.org/FOCS-2023-Papers/,https://ieee-focs.org/FOCS-2023-Papers/data/data.js,LLM_reviewed_title,Primary subject selected in title review; overlapping techniques do not receive additional counts.,Computational geometry,Approximation algorithms
FOCS-2023-078,FOCS,2023,Improved Approximations for Vector Bin Packing via Iterative Randomized Rounding,"Ariel Kulik (Technion, Israel), Matthias Mnich (Hamburg University of Technology, Institute for Algorithms and Complexity, Germany), Hadas Shachnai (Technion, Israel)",Scheduling and packing,https://doi.org/10.1109/FOCS57990.2023.00084,10.1109/FOCS57990.2023.00084,https://ieee-focs.org/FOCS-2023-Papers/,https://ieee-focs.org/FOCS-2023-Papers/data/data.js,LLM_reviewed_title,Title reviewed; candidate primary category retained.,Scheduling and packing,Scheduling and packing
FOCS-2023-079,FOCS,2023,Parameterized Approximation Schemes for Clustering with General Norm Objectives,"Fateme Abbasi (University of Wrocław, Poland), Sandip Banerjee (University of Wrocław, Poland), Jarosław Byrka (University of Wrocław, Poland), Parinya Chalermsook (Aalto University, Finland), Ameet Gadekar (Aalto University, Finland), Kamyar Khodamoradi (University of Regina, Canada), Dániel Marx (CISPA Helmholtz Center for Information Security, Germany), Roohani Sharma (Max Planck Institute for Informatics, Germany), Joachim Spoerhase (University of Sheffield, United Kingdom)",Parameterized and exact algorithms,https://doi.org/10.1109/FOCS57990.2023.00085,10.1109/FOCS57990.2023.00085,https://ieee-focs.org/FOCS-2023-Papers/,https://ieee-focs.org/FOCS-2023-Papers/data/data.js,LLM_reviewed_title,Title reviewed; candidate primary category retained.,Parameterized and exact algorithms,Parameterized and exact algorithms
FOCS-2023-080,FOCS,2023,Memory-Query Tradeoffs for Randomized Convex Optimization,"Xi Chen (Columbia University, USA), Binghui Peng (Columbia University, USA)",Optimization and mathematical programming,https://doi.org/10.1109/FOCS57990.2023.00086,10.1109/FOCS57990.2023.00086,https://ieee-focs.org/FOCS-2023-Papers/,https://ieee-focs.org/FOCS-2023-Papers/data/data.js,LLM_reviewed_title,Title reviewed; candidate primary category retained.,Optimization and mathematical programming,Optimization and mathematical programming
FOCS-2023-081,FOCS,2023,Quartic Samples Suffice for Fourier Interpolation,"Zhao Song (Adobe Research), Baocheng Sun (Weizmann Institute of Science), Omri Weinstein (The Hebrew University and Columbia University), Ruizhe Zhang (Simons Institute)",Algebraic and numerical computation,https://doi.org/10.1109/FOCS57990.2023.00087,10.1109/FOCS57990.2023.00087,https://ieee-focs.org/FOCS-2023-Papers/,https://ieee-focs.org/FOCS-2023-Papers/data/data.js,LLM_reviewed_title,Title reviewed; candidate primary category retained.,General algorithm design,Algebraic and numerical computation
FOCS-2023-082,FOCS,2023,Fast Numerical Multivariate Multipoint Evaluation,"Sumanta Ghosh (California Institute of Technology, USA), Prahladh Harsha (Tata Institute of Fundamental Research, India), Simao Herdade (Yahoo Research, USA), Mrinal Kumar (Tata Institute of Fundamental Research, India), Ramprasad Saptharishi (Tata Institute of Fundamental Research, India)",Algebraic and numerical computation,https://doi.org/10.1109/FOCS57990.2023.00088,10.1109/FOCS57990.2023.00088,https://ieee-focs.org/FOCS-2023-Papers/,https://ieee-focs.org/FOCS-2023-Papers/data/data.js,LLM_reviewed_title,Title reviewed; candidate primary category retained.,General algorithm design,Algebraic and numerical computation
FOCS-2023-083,FOCS,2023,Locally Uniform Hashing,"Ioana O. Bercea (IT University of Copenhagen), Lorenzo Beretta (University of Copenhagen), Jonas Klausen (University of Copenhagen), Jakob Bæk Tejs Houen (University of Copenhagen), Mikkel Thorup (University of Copenhagen)",Data structures and compressed data,https://doi.org/10.1109/FOCS57990.2023.00089,10.1109/FOCS57990.2023.00089,https://ieee-focs.org/FOCS-2023-Papers/,https://ieee-focs.org/FOCS-2023-Papers/data/data.js,LLM_reviewed_title,Title reviewed; candidate primary category retained.,General algorithm design,Data structures and compressed data
FOCS-2023-084,FOCS,2023,Generalizations of Matrix Multiplication can Solve the Light Bulb Problem,"Josh Alman (Columbia University, USA), Hengjie Zhang (Columbia University, USA)",Algebraic and numerical computation,https://doi.org/10.1109/FOCS57990.2023.00090,10.1109/FOCS57990.2023.00090,https://ieee-focs.org/FOCS-2023-Papers/,https://ieee-focs.org/FOCS-2023-Papers/data/data.js,LLM_reviewed_title,Title reviewed; candidate primary category retained.,Algebraic and numerical computation,Algebraic and numerical computation
FOCS-2023-085,FOCS,2023,Tight Space Lower Bound for Pseudo-Deterministic Approximate Counting,"Ofer Grossman (MIT, USA), Meghal Gupta (U.C. Berkeley, USA), Mark Sellke (Harvard University, USA)",Streaming and sketching,https://doi.org/10.1109/FOCS57990.2023.00091,10.1109/FOCS57990.2023.00091,https://ieee-focs.org/FOCS-2023-Papers/,https://ieee-focs.org/FOCS-2023-Papers/data/data.js,LLM_reviewed_abstract,Space lower bound for approximately counting the length of a stream.,Approximation algorithms,Enumeration and counting
FOCS-2023-086,FOCS,2023,"Extracting Randomness from Samplable Distributions, Revisited","Marshall Ball (NYU, USA), Eli Goldin (NYU, USA), Dana Dachman-Soled (University of Maryland, USA), Saachi Mutreja (Columbia University, USA)",Pseudorandomness and derandomization,https://doi.org/10.1109/FOCS57990.2023.00092,10.1109/FOCS57990.2023.00092,https://ieee-focs.org/FOCS-2023-Papers/,https://ieee-focs.org/FOCS-2023-Papers/data/data.js,LLM_reviewed_title,Title reviewed; candidate primary category retained.,General algorithm design,Pseudorandomness and derandomization
FOCS-2023-087,FOCS,2023,Pseudorandom Hashing for Space-Bounded Computation with Applications in Streaming,"Praneeth Kacham (Carnegie Mellon University), Rasmus Pagh (University of Copenhagen), Mikkel Thorup (University of Copenhagen), David P. Woodruff (Carnegie Mellon University)",Pseudorandomness and derandomization,https://doi.org/10.1109/FOCS57990.2023.00093,10.1109/FOCS57990.2023.00093,https://ieee-focs.org/FOCS-2023-Papers/,https://ieee-focs.org/FOCS-2023-Papers/data/data.js,LLM_reviewed_title,Title reviewed; candidate primary category retained.,Pseudorandomness and derandomization,Pseudorandomness and derandomization
FOCS-2023-088,FOCS,2023,Work-Efficient Parallel Derandomization I: Chernoff-Like Concentrations via Pairwise Independence,"Mohsen Ghaffari (MIT, USA), Christoph Grunau (ETH Zurich, Switzerland), Václav Rozhoň (ETH Zurich, Switzerland)",Pseudorandomness and derandomization,https://doi.org/10.1109/FOCS57990.2023.00094,10.1109/FOCS57990.2023.00094,https://ieee-focs.org/FOCS-2023-Papers/,https://ieee-focs.org/FOCS-2023-Papers/data/data.js,LLM_reviewed_title,Title reviewed; candidate primary category retained.,Pseudorandomness and derandomization,Pseudorandomness and derandomization
FOCS-2023-089,FOCS,2023,Dynamic (1+epsilon)-Approximate Matching Size in Truly Sublinear Update Time,"Sayan Bhattacharya (University of Warwick, United Kingdom), Peter Kiss (University of Warwick, United Kingdom), Thatchaphol Saranurak (University of Michigan, USA)",Dynamic graph algorithms,https://doi.org/10.1109/FOCS57990.2023.00095,10.1109/FOCS57990.2023.00095,https://ieee-focs.org/FOCS-2023-Papers/,https://ieee-focs.org/FOCS-2023-Papers/data/data.js,LLM_reviewed_title,Title reviewed; candidate primary category retained.,Dynamic graph algorithms,Dynamic graph algorithms
FOCS-2023-090,FOCS,2023,Super-Logarithmic Lower Bounds for Dynamic Graph Problems,"Kasper Green Larsen (Aarhus University, Denmark), Huacheng Yu (Princeton University, USA)",Dynamic graph algorithms,https://doi.org/10.1109/FOCS57990.2023.00096,10.1109/FOCS57990.2023.00096,https://ieee-focs.org/FOCS-2023-Papers/,https://ieee-focs.org/FOCS-2023-Papers/data/data.js,LLM_reviewed_title,Title reviewed; candidate primary category retained.,Dynamic graph algorithms,Dynamic graph algorithms
FOCS-2023-091,FOCS,2023,The Complexity of Dynamic Least-Squares Regression,"Shunhua Jiang (Columbia University, USA), Binghui Peng (Columbia University, USA), Omri Weinstein (The Hebrew University and Columbia University, Israel)",Data structures and compressed data,https://doi.org/10.1109/FOCS57990.2023.00097,10.1109/FOCS57990.2023.00097,https://ieee-focs.org/FOCS-2023-Papers/,https://ieee-focs.org/FOCS-2023-Papers/data/data.js,LLM_reviewed_title,Title reviewed; candidate primary category retained.,General algorithm design,Data structures and compressed data
FOCS-2023-092,FOCS,2023,Approximating Edit Distance in the Fully Dynamic Model,"Tomasz Kociumaka (Max Planck Institute for Informatics, Saarland Informatics Campus, Germany), Anish Mukherjee (University of Warwick, UK), Barna Saha (University of California, USA)",Data structures and compressed data,https://doi.org/10.1109/FOCS57990.2023.00098,10.1109/FOCS57990.2023.00098,https://ieee-focs.org/FOCS-2023-Papers/,https://ieee-focs.org/FOCS-2023-Papers/data/data.js,LLM_reviewed_title,Title reviewed; candidate primary category retained.,Data structures and compressed data,Data structures and compressed data
FOCS-2023-093,FOCS,2023,From Grassmannian to Simplicial High-Dimensional Expanders,"Louis Golowich (University of California, USA)",Combinatorics and graph polynomials,https://doi.org/10.1109/FOCS57990.2023.00099,10.1109/FOCS57990.2023.00099,https://ieee-focs.org/FOCS-2023-Papers/,https://ieee-focs.org/FOCS-2023-Papers/data/data.js,LLM_reviewed_title,Title reviewed; candidate primary category retained.,Combinatorics and graph polynomials,Combinatorics and graph polynomials
FOCS-2023-094,FOCS,2023,HDX Condensers,"Itay Cohen (Tel Aviv University), Roy Roth (Tel Aviv University), Amnon Ta-Shma (Tel Aviv University)",Pseudorandomness and derandomization,https://doi.org/10.1109/FOCS57990.2023.00100,10.1109/FOCS57990.2023.00100,https://ieee-focs.org/FOCS-2023-Papers/,https://ieee-focs.org/FOCS-2023-Papers/data/data.js,LLM_reviewed_title,Title reviewed; candidate primary category retained.,General algorithm design,Pseudorandomness and derandomization
FOCS-2023-095,FOCS,2023,Optimal Mixing of the Down-up Walk on Independent Sets of a Given Size,"Vishesh Jain (University of Illinois Chicago, USA), Marcus Michelen (University of Illinois Chicago, USA), Huy Tuan Pham (Stanford University, USA), Thuy-Duong Vuong (Stanford University, USA)",Enumeration and counting,https://doi.org/10.1109/FOCS57990.2023.00101,10.1109/FOCS57990.2023.00101,https://ieee-focs.org/FOCS-2023-Papers/,https://ieee-focs.org/FOCS-2023-Papers/data/data.js,LLM_reviewed_title,Title reviewed; candidate primary category retained.,General algorithm design,Enumeration and counting
FOCS-2023-096,FOCS,2023,List Decoding of Tanner and Expander Amplified Codes from Distance Certificates,"Fernando Granha Jeronimo (University of California, USA), Shashank Srivastava (Toyota Technological Institute, USA), Madhur Tulsiani (Toyota Technological Institute, USA)",Coding and information theory,https://doi.org/10.1109/FOCS57990.2023.00102,10.1109/FOCS57990.2023.00102,https://ieee-focs.org/FOCS-2023-Papers/,https://ieee-focs.org/FOCS-2023-Papers/data/data.js,LLM_reviewed_title,Title reviewed; candidate primary category retained.,Coding and information theory,Coding and information theory
FOCS-2023-097,FOCS,2023,Chasing Positive Bodies,"Sayan Bhattacharya (University of Warwick, UK), Niv Buchbinder (Tel Aviv University, UK), Roie Levin (Tel Aviv University, Israel), Thatchaphol Saranurak (University of Michigan, USA)","Online algorithms, bandits and stochastic optimization",https://doi.org/10.1109/FOCS57990.2023.00103,10.1109/FOCS57990.2023.00103,https://ieee-focs.org/FOCS-2023-Papers/,https://ieee-focs.org/FOCS-2023-Papers/data/data.js,LLM_reviewed_title,Title reviewed; candidate primary category retained.,General algorithm design,"Online algorithms, bandits and stochastic optimization"
FOCS-2023-098,FOCS,2023,"Dynamic ""Succincter""","Tianxiao Li (Tsinghua University, China), Jingxun Liang (Tsinghua University, China), Huacheng Yu (Princeton University, USA), Renfei Zhou (Tsinghua University, China)",Data structures and compressed data,https://doi.org/10.1109/FOCS57990.2023.00104,10.1109/FOCS57990.2023.00104,https://ieee-focs.org/FOCS-2023-Papers/,https://ieee-focs.org/FOCS-2023-Papers/data/data.js,LLM_reviewed_title,Title reviewed; candidate primary category retained.,Data structures and compressed data,Data structures and compressed data
FOCS-2023-099,FOCS,2023,Dynamic Treewidth,"Tuukka Korhonen (University of Bergen, Norway), Konrad Majewski (University of Warsaw, Norway), Wojciech Nadara (University of Warsaw, Norway), Michał Pilipczuk (University of Warsaw, Norway), Marek Sokołowski (University of Warsaw, Norway)",Dynamic graph algorithms,https://doi.org/10.1109/FOCS57990.2023.00105,10.1109/FOCS57990.2023.00105,https://ieee-focs.org/FOCS-2023-Papers/,https://ieee-focs.org/FOCS-2023-Papers/data/data.js,LLM_reviewed_title,Primary subject selected in title review; overlapping techniques do not receive additional counts.,Graph theory and graph algorithms,Graph theory and graph algorithms
FOCS-2023-100,FOCS,2023,Sensitivity and Dynamic Distance Oracles via Generic Matrices and Frobenius Form,"Adam Karczmarz (University of Warsaw and IDEAS NCBR, Poland), Piotr Sankowski (University of Warsaw, IDEAS NCBR, and MIM Solutions, Poland)",Dynamic graph algorithms,https://doi.org/10.1109/FOCS57990.2023.00106,10.1109/FOCS57990.2023.00106,https://ieee-focs.org/FOCS-2023-Papers/,https://ieee-focs.org/FOCS-2023-Papers/data/data.js,LLM_reviewed_title,Title reviewed; candidate primary category retained.,General algorithm design,Dynamic graph algorithms
FOCS-2023-101,FOCS,2023,A Strong Composition Theorem for Junta Complexity and the Boosting of Property Testers,"Guy Blanc (Stanford University, USA), Caleb Koch (Stanford University, USA), Carmen Strassle (Stanford University, USA), Li-Yang Tan (Stanford University, USA)",Property testing and distribution learning,https://doi.org/10.1109/FOCS57990.2023.00107,10.1109/FOCS57990.2023.00107,https://ieee-focs.org/FOCS-2023-Papers/,https://ieee-focs.org/FOCS-2023-Papers/data/data.js,LLM_reviewed_title,Title reviewed; candidate primary category retained.,Property testing and distribution learning,Property testing and distribution learning
FOCS-2023-102,FOCS,2023,New Lower Bounds for Adaptive Tolerant Junta Testing,"Xi Chen (Columbia University, USA), Shyamal Patel (Columbia University, USA)",Property testing and distribution learning,https://doi.org/10.1109/FOCS57990.2023.00108,10.1109/FOCS57990.2023.00108,https://ieee-focs.org/FOCS-2023-Papers/,https://ieee-focs.org/FOCS-2023-Papers/data/data.js,LLM_reviewed_title,Title reviewed; candidate primary category retained.,Property testing and distribution learning,Property testing and distribution learning
FOCS-2023-103,FOCS,2023,Testing Graph Properties with the Container Method,"Eric Blais (University of Waterloo, Canada), Cameron Seth (University of Waterloo, Canada)",Property testing and distribution learning,https://doi.org/10.1109/FOCS57990.2023.00109,10.1109/FOCS57990.2023.00109,https://ieee-focs.org/FOCS-2023-Papers/,https://ieee-focs.org/FOCS-2023-Papers/data/data.js,LLM_reviewed_title,Title reviewed; candidate primary category retained.,Graph theory and graph algorithms,Property testing and distribution learning
FOCS-2023-104,FOCS,2023,A d^{1/2+o(1)} Monotonicity Tester for Boolean Functions on $d$-Dimensional Hypergrids*,"Hadley Black (University of California, Los Angeles, USA), Deeparnab Chakrabarty (Dartmouth College, USA), C. Seshadhri (University of California, Santa Cruz, USA)",Property testing and distribution learning,https://doi.org/10.1109/FOCS57990.2023.00110,10.1109/FOCS57990.2023.00110,https://ieee-focs.org/FOCS-2023-Papers/,https://ieee-focs.org/FOCS-2023-Papers/data/data.js,LLM_reviewed_title,Title reviewed; candidate primary category retained.,Property testing and distribution learning,Property testing and distribution learning
FOCS-2023-105,FOCS,2023,Strongly History-Independent Storage Allocation: New Upper and Lower Bounds,"William Kuszmaul (Harvard University, USA)",Data structures and compressed data,https://doi.org/10.1109/FOCS57990.2023.00111,10.1109/FOCS57990.2023.00111,https://ieee-focs.org/FOCS-2023-Papers/,https://ieee-focs.org/FOCS-2023-Papers/data/data.js,LLM_reviewed_title,Primary subject selected in title review; overlapping techniques do not receive additional counts.,Algorithmic game theory and fair division,Algorithmic game theory and fair division
FOCS-2023-106,FOCS,2023,Tight Cell-Probe Lower Bounds for Dynamic Succinct Dictionaries,"Tianxiao Li (Tsinghua University, China), Jingxun Liang (Tsinghua University, China), Huacheng Yu (Princeton University, USA), Renfei Zhou (Tsinghua University, China)",Data structures and compressed data,https://doi.org/10.1109/FOCS57990.2023.00112,10.1109/FOCS57990.2023.00112,https://ieee-focs.org/FOCS-2023-Papers/,https://ieee-focs.org/FOCS-2023-Papers/data/data.js,LLM_reviewed_title,Title reviewed; candidate primary category retained.,Data structures and compressed data,Data structures and compressed data
FOCS-2023-107,FOCS,2023,Online Ordinal Problems: Optimality of Comparison-Based Algorithms and Their Cardinal Complexity,"Nikolai Gravin (Shanghai University of Finance and Economics), Enze Sun (The University of Hong Kong), Zhihao Gavin Tang (Shanghai University of Finance and Economics)","Online algorithms, bandits and stochastic optimization",https://doi.org/10.1109/FOCS57990.2023.00113,10.1109/FOCS57990.2023.00113,https://ieee-focs.org/FOCS-2023-Papers/,https://ieee-focs.org/FOCS-2023-Papers/data/data.js,LLM_reviewed_title,Title reviewed; candidate primary category retained.,General algorithm design,"Online algorithms, bandits and stochastic optimization"
FOCS-2023-108,FOCS,2023,Collapsing the Hierarchy of Compressed Data Structures: Suffix Arrays in Optimal Compressed Space,"Dominik Kempa (Stony Brook University, USA), Tomasz Kociumaka (Max Planck Institute for Informatics, Saarland Informatics Campus, Germany)",Data structures and compressed data,https://doi.org/10.1109/FOCS57990.2023.00114,10.1109/FOCS57990.2023.00114,https://ieee-focs.org/FOCS-2023-Papers/,https://ieee-focs.org/FOCS-2023-Papers/data/data.js,LLM_reviewed_title,Title reviewed; candidate primary category retained.,Data structures and compressed data,Data structures and compressed data
FOCS-2023-109,FOCS,2023,Canonical Decompositions of 3-Connected Graphs,"Johannes Carmesin (University of Birmingham, UK), Jan Kurkofka (University of Birmingham, UK)",Graph theory and graph algorithms,https://doi.org/10.1109/FOCS57990.2023.00115,10.1109/FOCS57990.2023.00115,https://ieee-focs.org/FOCS-2023-Papers/,https://ieee-focs.org/FOCS-2023-Papers/data/data.js,LLM_reviewed_title,Title reviewed; candidate primary category retained.,Graph theory and graph algorithms,Graph theory and graph algorithms
FOCS-2023-110,FOCS,2023,Proof of the Clustered Hadwiger Conjecture,"Vida Dujmović (University of Ottawa, Canada), Louis Esperet (Laboratoire G-SCOP (CNRS, Univ. Grenoble Alpes), France), Pat Morin (Carleton University, Canada), David R. Wood (Monash University, Australia)",Combinatorics and graph polynomials,https://doi.org/10.1109/FOCS57990.2023.00116,10.1109/FOCS57990.2023.00116,https://ieee-focs.org/FOCS-2023-Papers/,https://ieee-focs.org/FOCS-2023-Papers/data/data.js,LLM_reviewed_title,Title reviewed; candidate primary category retained.,General algorithm design,Combinatorics and graph polynomials
FOCS-2023-111,FOCS,2023,Slicing all Edges of an n-Cube Requires n^2/3 Hyperplanes,"Ohad Klein (Hebrew University, Israel)",Computational geometry,https://doi.org/10.1109/FOCS57990.2023.00117,10.1109/FOCS57990.2023.00117,https://ieee-focs.org/FOCS-2023-Papers/,https://ieee-focs.org/FOCS-2023-Papers/data/data.js,LLM_reviewed_title,Title reviewed; candidate primary category retained.,General algorithm design,Computational geometry
FOCS-2023-112,FOCS,2023,Directed Acyclic Outerplanar Graphs Have Constant Stack Number,"Paul Jungeblut (Karlsruhe Institute of Technology, Germany), Laura Merker (Karlsruhe Institute of Technology, Germany), Torsten Ueckerdt (Karlsruhe Institute of Technology, Germany)",Graph theory and graph algorithms,https://doi.org/10.1109/FOCS57990.2023.00118,10.1109/FOCS57990.2023.00118,https://ieee-focs.org/FOCS-2023-Papers/,https://ieee-focs.org/FOCS-2023-Papers/data/data.js,LLM_reviewed_title,Title reviewed; candidate primary category retained.,Graph theory and graph algorithms,Graph theory and graph algorithms
FOCS-2023-113,FOCS,2023,Sparsifying Sums of Norms,"Arun Jambulapati (University of Washington, USA), James R. Lee (University of Washington, USA), Yang P. Liu (Stanford University, USA), Aaron Sidford (Stanford University, USA)",Optimization and mathematical programming,https://doi.org/10.1109/FOCS57990.2023.00119,10.1109/FOCS57990.2023.00119,https://ieee-focs.org/FOCS-2023-Papers/,https://ieee-focs.org/FOCS-2023-Papers/data/data.js,LLM_reviewed_title,Primary subject selected in title review; overlapping techniques do not receive additional counts.,General algorithm design,General algorithm design
FOCS-2023-114,FOCS,2023,Towards Derandomising Markov Chain Monte Carlo,"Weiming Feng (UC Berkeley, USA), Heng Guo (University of Edinburgh, United Kingdom), Chunyang Wang (Nanjing University, China), Jiaheng Wang (University of Edinburgh, United Kingdom), Yitong Yin (Nanjing University, China)",Pseudorandomness and derandomization,https://doi.org/10.1109/FOCS57990.2023.00120,10.1109/FOCS57990.2023.00120,https://ieee-focs.org/FOCS-2023-Papers/,https://ieee-focs.org/FOCS-2023-Papers/data/data.js,LLM_reviewed_title,Title reviewed; candidate primary category retained.,Pseudorandomness and derandomization,Pseudorandomness and derandomization
FOCS-2023-115,FOCS,2023,Uniqueness and Rapid Mixing in the Bipartite Hardcore Model (extended abstract),"Xiaoyu Chen (Nanjing University, China), Jingcheng Liu (Nanjing University, China), Yitong Yin (Nanjing University, China)",Enumeration and counting,https://doi.org/10.1109/FOCS57990.2023.00121,10.1109/FOCS57990.2023.00121,https://ieee-focs.org/FOCS-2023-Papers/,https://ieee-focs.org/FOCS-2023-Papers/data/data.js,LLM_reviewed_title,Title reviewed; candidate primary category retained.,General algorithm design,Enumeration and counting
FOCS-2023-116,FOCS,2023,Sampling from the Potts model at low temperatures via Swendsen–Wang dynamics,"Antonio Blanca (Pennsylvania State University, USA), Reza Gheissari (Northwestern University, USA)",Enumeration and counting,https://doi.org/10.1109/FOCS57990.2023.00122,10.1109/FOCS57990.2023.00122,https://ieee-focs.org/FOCS-2023-Papers/,https://ieee-focs.org/FOCS-2023-Papers/data/data.js,LLM_reviewed_title,Title reviewed; candidate primary category retained.,General algorithm design,Enumeration and counting
FOCS-2023-117,FOCS,2023,Interior-Point Methods on Manifolds: Theory and Applications,"Hiroshi Hirai (Nagoya University, Japan), Harold Nieuwboer (University of Amsterdam, The Netherlands), Michael Walter (Ruhr University Bochum, Germany)",Optimization and mathematical programming,https://doi.org/10.1109/FOCS57990.2023.00123,10.1109/FOCS57990.2023.00123,https://ieee-focs.org/FOCS-2023-Papers/,https://ieee-focs.org/FOCS-2023-Papers/data/data.js,LLM_reviewed_title,Title reviewed; candidate primary category retained.,General algorithm design,Optimization and mathematical programming
FOCS-2023-118,FOCS,2023,ReSQueing Parallel and Private Stochastic Convex Optimization,"Yair Carmon (Tel Aviv University), Arun Jambulapati (University of Washington), Yujia Jin (Stanford University), Yin Tat Lee (Microsoft Research), Daogao Liu (University of Washington), Aaron Sidford (Stanford University), Kevin Tian (Microsoft Research)",Differential privacy,https://doi.org/10.1109/FOCS57990.2023.00124,10.1109/FOCS57990.2023.00124,https://ieee-focs.org/FOCS-2023-Papers/,https://ieee-focs.org/FOCS-2023-Papers/data/data.js,LLM_reviewed_title,Primary subject selected in title review; overlapping techniques do not receive additional counts.,Optimization and mathematical programming,Optimization and mathematical programming
FOCS-2023-119,FOCS,2023,The Bit Complexity of Efficient Continuous Optimization,"Mehrdad Ghadiri (Georgia Tech, USA), Richard Peng (CMU, USA), Santosh S. Vempala (Georgia Tech, USA)",Optimization and mathematical programming,https://doi.org/10.1109/FOCS57990.2023.00125,10.1109/FOCS57990.2023.00125,https://ieee-focs.org/FOCS-2023-Papers/,https://ieee-focs.org/FOCS-2023-Papers/data/data.js,LLM_reviewed_title,Title reviewed; candidate primary category retained.,Optimization and mathematical programming,Optimization and mathematical programming
FOCS-2023-120,FOCS,2023,Sparse Submodular Function Minimization,"Andrei Graur (Stanford University, USA), Haotian Jiang (Microsoft Research, USA), Aaron Sidford (Stanford University, USA)",Optimization and mathematical programming,https://doi.org/10.1109/FOCS57990.2023.00126,10.1109/FOCS57990.2023.00126,https://ieee-focs.org/FOCS-2023-Papers/,https://ieee-focs.org/FOCS-2023-Papers/data/data.js,LLM_reviewed_title,Title reviewed; candidate primary category retained.,Optimization and mathematical programming,Optimization and mathematical programming
FOCS-2023-121,FOCS,2023,On Symmetric Factorizations of Hankel Matrices,"Mehrdad Ghadiri (Georgia Tech, USA)",Algebraic and numerical computation,https://doi.org/10.1109/FOCS57990.2023.00127,10.1109/FOCS57990.2023.00127,https://ieee-focs.org/FOCS-2023-Papers/,https://ieee-focs.org/FOCS-2023-Papers/data/data.js,LLM_reviewed_title,Title reviewed; candidate primary category retained.,General algorithm design,Algebraic and numerical computation
FOCS-2023-122,FOCS,2023,Krylov Methods are (nearly) Optimal for Low-Rank Approximation,"Ainesh Bakshi (Massachusetts Institute of Technology, USA), Shyam Narayanan (Massachusetts Institute of Technology, USA)",Algebraic and numerical computation,https://doi.org/10.1109/FOCS57990.2023.00128,10.1109/FOCS57990.2023.00128,https://ieee-focs.org/FOCS-2023-Papers/,https://ieee-focs.org/FOCS-2023-Papers/data/data.js,LLM_reviewed_title,Title reviewed; candidate primary category retained.,Approximation algorithms,Algebraic and numerical computation
FOCS-2023-123,FOCS,2023,Matrix Completion in Almost-Verification Time,"Jonathan A. Kelner (Massachusetts Institute of Technology), Jerry Li (Microsoft Research), Allen Liu (Massachusetts Institute of Technology), Aaron Sidford (Stanford University), Kevin Tian (Microsoft Research)",Learning theory,https://doi.org/10.1109/FOCS57990.2023.00129,10.1109/FOCS57990.2023.00129,https://ieee-focs.org/FOCS-2023-Papers/,https://ieee-focs.org/FOCS-2023-Papers/data/data.js,LLM_reviewed_title,Primary subject selected in title review; overlapping techniques do not receive additional counts.,"Games, synthesis and verification","Games, synthesis and verification"
FOCS-2023-124,FOCS,2023,Faster Matrix Multiplication via Asymmetric Hashing,"Ran Duan (Tsinghua University, China), Hongxun Wu (University of California, USA), Renfei Zhou (Tsinghua University, China)",Algebraic and numerical computation,https://doi.org/10.1109/FOCS57990.2023.00130,10.1109/FOCS57990.2023.00130,https://ieee-focs.org/FOCS-2023-Papers/,https://ieee-focs.org/FOCS-2023-Papers/data/data.js,LLM_reviewed_title,Title reviewed; candidate primary category retained.,Algebraic and numerical computation,Algebraic and numerical computation
FOCS-2023-125,FOCS,2023,Query Lower Bounds for log-Concave Sampling,"Sinho Chewi (Institute of Advanced Study, USA), Jaume de Dios Pont (University of California, USA), Jerry Li (Microsoft Research, USA), Chen Lu (Massachusetts Institute of Technology, USA), Shyam Narayanan (Massachusetts Institute of Technology, USA)",Optimization and mathematical programming,https://doi.org/10.1109/FOCS57990.2023.00131,10.1109/FOCS57990.2023.00131,https://ieee-focs.org/FOCS-2023-Papers/,https://ieee-focs.org/FOCS-2023-Papers/data/data.js,LLM_reviewed_title,Title reviewed; candidate primary category retained.,General algorithm design,Optimization and mathematical programming
FOCS-2023-126,FOCS,2023,Algorithmic Decorrelation and Planted Clique in Dependent Random Graphs: The Case of Extra Triangles,"Guy Bresler (Massachusetts Institute of Technology, USA), Chenghao Guo (Massachusetts Institute of Technology, USA), Yury Polyanskiy (Massachusetts Institute of Technology, USA)",Average-case complexity,https://doi.org/10.1109/FOCS57990.2023.00132,10.1109/FOCS57990.2023.00132,https://ieee-focs.org/FOCS-2023-Papers/,https://ieee-focs.org/FOCS-2023-Papers/data/data.js,LLM_reviewed_title,Title reviewed; candidate primary category retained.,Graph theory and graph algorithms,Average-case complexity
FOCS-2023-127,FOCS,2023,The Full Landscape of Robust Mean Testing: Sharp Separations Between Oblivious and Adaptive Contamination,"Clément Canonne (University of Sydney, Australia), Samuel B. Hopkins (Massachusetts Institute of Technology, USA), Jerry Li (Microsoft Research\ USA), Allen Liu (Massachusetts Institute of Technology, USA), Shyam Narayanan (Massachusetts Institute of Technology, USA)",Property testing and distribution learning,https://doi.org/10.1109/FOCS57990.2023.00133,10.1109/FOCS57990.2023.00133,https://ieee-focs.org/FOCS-2023-Papers/,https://ieee-focs.org/FOCS-2023-Papers/data/data.js,LLM_reviewed_title,Title reviewed; candidate primary category retained.,General algorithm design,Property testing and distribution learning
FOCS-2023-128,FOCS,2023,Faster High-Accuracy log-Concave Sampling via Algorithmic Warm Starts,"Jason M. Altschuler (UPenn), Sinho Chewi (IAS)",Optimization and mathematical programming,https://doi.org/10.1109/FOCS57990.2023.00134,10.1109/FOCS57990.2023.00134,https://ieee-focs.org/FOCS-2023-Papers/,https://ieee-focs.org/FOCS-2023-Papers/data/data.js,LLM_reviewed_title,Title reviewed; candidate primary category retained.,General algorithm design,Optimization and mathematical programming
FOCS-2023-129,FOCS,2023,Optimal Algorithms for Bounded Weighted Edit Distance,"Alejandro Cassis (Saarland University and Max Planck Institute for Informatics, Saarland Informatics Campus, Germany), Tomasz Kociumaka (Max Planck Institute for Informatics, Saarland Informatics Campus, Germany), Philip Wellnitz (Max Planck Institute for Informatics, Saarland Informatics Campus, Germany)",Data structures and compressed data,https://doi.org/10.1109/FOCS57990.2023.00135,10.1109/FOCS57990.2023.00135,https://ieee-focs.org/FOCS-2023-Papers/,https://ieee-focs.org/FOCS-2023-Papers/data/data.js,LLM_reviewed_title,Title reviewed; candidate primary category retained.,Data structures and compressed data,Data structures and compressed data
FOCS-2023-130,FOCS,2023,Faster Algorithms for Text-to-Pattern Hamming Distances,"Timothy M. Chan (UIUC, USA), Ce Jin (MIT, USA), Virginia Vassilevska Williams (MIT, USA), Yinzhan Xu (MIT, USA)",Data structures and compressed data,https://doi.org/10.1109/FOCS57990.2023.00136,10.1109/FOCS57990.2023.00136,https://ieee-focs.org/FOCS-2023-Papers/,https://ieee-focs.org/FOCS-2023-Papers/data/data.js,LLM_reviewed_title,Title reviewed; candidate primary category retained.,General algorithm design,Data structures and compressed data
FOCS-2023-131,FOCS,2023,All-Pairs Max-Flow is no Harder Than Single-Pair Max-Flow: Gomory-Hu Trees in Almost-Linear Time,"Amir Abboud (Weizmann Institute of Science), Jason Li (University of California, Berkeley), Debmalya Panigrahi (Duke University), Thatchaphol Saranurak (University of Michigan, Ann Arbor)",Graph theory and graph algorithms,https://doi.org/10.1109/FOCS57990.2023.00137,10.1109/FOCS57990.2023.00137,https://ieee-focs.org/FOCS-2023-Papers/,https://ieee-focs.org/FOCS-2023-Papers/data/data.js,LLM_reviewed_title,Title reviewed; candidate primary category retained.,General algorithm design,Graph theory and graph algorithms
FOCS-2023-132,FOCS,2023,Why we Couldn't Prove SETH Hardness of the Closest Vector Problem for even Norms!,"Divesh Aggarwal (National University of Singapore, Singapore), Rajendra Kumar (Weizmann Institute of Science, Israel)",Lattices and computational number theory,https://doi.org/10.1109/FOCS57990.2023.00138,10.1109/FOCS57990.2023.00138,https://ieee-focs.org/FOCS-2023-Papers/,https://ieee-focs.org/FOCS-2023-Papers/data/data.js,LLM_reviewed_title,Title reviewed; candidate primary category retained.,Lattices and computational number theory,Lattices and computational number theory
FOCS-2023-133,FOCS,2023,Covering Planar Metrics (and Beyond): O(1) Trees Suffice,"Hsien-Chih Chang (Dartmouth College, USA), Jonathan Conroy (Dartmouth College, USA), Hung Le (UMass Amherst, USA), Lazar Milenkovic (Tel Aviv University, Israel), Shay Solomon (Tel Aviv University, Israel), Cuong Than (UMass Amherst, USA)",Approximation algorithms,https://doi.org/10.1109/FOCS57990.2023.00139,10.1109/FOCS57990.2023.00139,https://ieee-focs.org/FOCS-2023-Papers/,https://ieee-focs.org/FOCS-2023-Papers/data/data.js,LLM_reviewed_title,Primary subject selected in title review; overlapping techniques do not receive additional counts.,General algorithm design,Graph theory and graph algorithms
FOCS-2023-134,FOCS,2023,Planar and Minor-Free Metrics Embed into Metrics of Polylogarithmic Treewidth with Expected Multiplicative Distortion Arbitrarily Close to 1,"Vincent Cohen-Addad (Google Research, France), Hung Le (University of Massachusetts Amherst, USA), Marcin Pilipczuk (University of Warsaw, Poland; IT University of Copenhagen, Denmark), Michał Pilipczuk (University of Warsaw, Poland)",Approximation algorithms,https://doi.org/10.1109/FOCS57990.2023.00140,10.1109/FOCS57990.2023.00140,https://ieee-focs.org/FOCS-2023-Papers/,https://ieee-focs.org/FOCS-2023-Papers/data/data.js,LLM_reviewed_title,Primary subject selected in title review; overlapping techniques do not receive additional counts.,Graph theory and graph algorithms,Graph theory and graph algorithms
FOCS-2023-135,FOCS,2023,Path-Reporting Distance Oracles with Logarithmic Stretch and Size O(n log log n),"Michael Elkin (Ben-Gurion University of the Negev, Israel), Idan Shabat (Ben-Gurion University of the Negev, Israel)",Data structures and compressed data,https://doi.org/10.1109/FOCS57990.2023.00141,10.1109/FOCS57990.2023.00141,https://ieee-focs.org/FOCS-2023-Papers/,https://ieee-focs.org/FOCS-2023-Papers/data/data.js,LLM_reviewed_title,Primary subject selected in title review; overlapping techniques do not receive additional counts.,Graph theory and graph algorithms,Graph theory and graph algorithms
FOCS-2023-136,FOCS,2023,Deterministic Fully Dynamic SSSP and More,"Jan van den Brand (Georgia Institute of Technology, USA), Adam Karczmarz (University of Warsaw and IDEAS NCBR, Poland)",Dynamic graph algorithms,https://doi.org/10.1109/FOCS57990.2023.00142,10.1109/FOCS57990.2023.00142,https://ieee-focs.org/FOCS-2023-Papers/,https://ieee-focs.org/FOCS-2023-Papers/data/data.js,LLM_reviewed_title,Title reviewed; candidate primary category retained.,General algorithm design,Dynamic graph algorithms
FOCS-2023-137,FOCS,2023,Local Computation Algorithms for Maximum Matching: New Lower Bounds,"Soheil Behnezhad (Northeastern University), Mohammad Roghani (Stanford University), Aviad Rubinstein (Stanford University)",Distributed and local algorithms,https://doi.org/10.1109/FOCS57990.2023.00143,10.1109/FOCS57990.2023.00143,https://ieee-focs.org/FOCS-2023-Papers/,https://ieee-focs.org/FOCS-2023-Papers/data/data.js,LLM_reviewed_title,Title reviewed; candidate primary category retained.,Graph theory and graph algorithms,Distributed and local algorithms
FOCS-2023-138,FOCS,2023,Secure Computation Meets Distributed Universal Optimality,"Merav Parter (Weizmann Institute, Israel)",Distributed and local algorithms,https://doi.org/10.1109/FOCS57990.2023.00144,10.1109/FOCS57990.2023.00144,https://ieee-focs.org/FOCS-2023-Papers/,https://ieee-focs.org/FOCS-2023-Papers/data/data.js,LLM_reviewed_abstract,Round complexity of secure graph algorithms in CONGEST.,Cryptography,Cryptography
FOCS-2023-139,FOCS,2023,Distribution of the Threshold for the Symmetric Perceptron,"Ashwin Sah (Massachusetts Institute of Technology, USA), Mehtaab Sawhney (Massachusetts Institute of Technology, USA)",Average-case complexity,https://doi.org/10.1109/FOCS57990.2023.00145,10.1109/FOCS57990.2023.00145,https://ieee-focs.org/FOCS-2023-Papers/,https://ieee-focs.org/FOCS-2023-Papers/data/data.js,LLM_reviewed_title,Title reviewed; candidate primary category retained.,General algorithm design,Average-case complexity
FOCS-2023-140,FOCS,2023,Properly Learning Decision Trees with Queries is NP-Hard,"Caleb Koch (Stanford University, USA), Carmen Strassle (Stanford University, USA), Li-Yang Tan (Stanford University, USA)",Learning theory,https://doi.org/10.1109/FOCS57990.2023.00146,10.1109/FOCS57990.2023.00146,https://ieee-focs.org/FOCS-2023-Papers/,https://ieee-focs.org/FOCS-2023-Papers/data/data.js,LLM_reviewed_title,Title reviewed; candidate primary category retained.,Learning theory,Learning theory
FOCS-2023-141,FOCS,2023,Beyond Moments: Robustly Learning Affine Transformations with Asymptotically Optimal Error,"He Jia (Georgia Tech, USA), Pravesh K. Kothari (CMU, USA), Santosh S. Vempala (Georgia Tech, USA)",Learning theory,https://doi.org/10.1109/FOCS57990.2023.00147,10.1109/FOCS57990.2023.00147,https://ieee-focs.org/FOCS-2023-Papers/,https://ieee-focs.org/FOCS-2023-Papers/data/data.js,LLM_reviewed_title,Title reviewed; candidate primary category retained.,Learning theory,Learning theory
FOCS-2023-142,FOCS,2023,Stability and Replicability in Learning,"Zachary Chase (Mathematical Institute, Andrew Wiles Building, Radcliffe Observatory Quarter, UK), Shay Moran (Technion-IIT, Israel), Amir Yehudayoff (Technion-IIT, Israel)",Learning theory,https://doi.org/10.1109/FOCS57990.2023.00148,10.1109/FOCS57990.2023.00148,https://ieee-focs.org/FOCS-2023-Papers/,https://ieee-focs.org/FOCS-2023-Papers/data/data.js,LLM_reviewed_title,Title reviewed; candidate primary category retained.,Learning theory,Learning theory
FOCS-2024-001,FOCS,2024,Cycles of Well-Linked Sets and an Elementary Bound for the Directed Grid Theorem,"Meike Hatzel (Institute for Basic Science, South Korea), Stephan Kreutzer (Technische Universität, Germany), Marcelo Garlet Milani (National Institute of Informatics, Japan), Irene Muzi (Universität Hamburg, Germany)",Graph theory and graph algorithms,https://doi.org/10.1109/FOCS61266.2024.00011,10.1109/FOCS61266.2024.00011,https://ieee-focs.org/FOCS-2024-Papers/,https://ieee-focs.org/FOCS-2024-Papers/data/data.js,LLM_reviewed_title,Title reviewed; candidate primary category retained.,General algorithm design,Graph theory and graph algorithms
FOCS-2024-002,FOCS,2024,First-Order Model Checking on Monadically Stable Graph Classes,"Jan Dreier (TU Wien), Ioannis Eleftheriadis (University of Cambridge), Nikolas Mählmann (University of Bremen), Rose McCarty (Georgia Institute of Technology), Michał Pilipczuk (University of Warsaw), Szymon Toruńczyk (University of Warsaw)","Games, synthesis and verification",https://doi.org/10.1109/FOCS61266.2024.00012,10.1109/FOCS61266.2024.00012,https://ieee-focs.org/FOCS-2024-Papers/,https://ieee-focs.org/FOCS-2024-Papers/data/data.js,LLM_reviewed_title,Title reviewed; candidate primary category retained.,"Games, synthesis and verification","Games, synthesis and verification"
FOCS-2024-003,FOCS,2024,Obstructions to Erdőos-Pósa Dualities for Minors,"Christophe Paul (Univ Montpellier, France), Evangelos Protopapas (Univ Montpellier, France), Dimitrios M. Thilikos (Univ Montpellier, France), Sebastian Wiederrecht (Institute for Basic Science, South Korea)",Graph theory and graph algorithms,https://doi.org/10.1109/FOCS61266.2024.00013,10.1109/FOCS61266.2024.00013,https://ieee-focs.org/FOCS-2024-Papers/,https://ieee-focs.org/FOCS-2024-Papers/data/data.js,LLM_reviewed_title,Primary subject selected in title review; overlapping techniques do not receive additional counts.,General algorithm design,General algorithm design
FOCS-2024-004,FOCS,2024,Minor Containment and Disjoint Paths in Almost-Linear Time,"Tuukka Korhonen (University of Copenhagen, Denmark), Michał Pilipczuk (University of Warsaw, Poland), Giannos Stamoulis (University of Warsaw, Poland)",Graph theory and graph algorithms,https://doi.org/10.1109/FOCS61266.2024.00014,10.1109/FOCS61266.2024.00014,https://ieee-focs.org/FOCS-2024-Papers/,https://ieee-focs.org/FOCS-2024-Papers/data/data.js,LLM_reviewed_title,Title reviewed; candidate primary category retained.,Graph theory and graph algorithms,Graph theory and graph algorithms
FOCS-2024-005,FOCS,2024,Computing the 3-Edge-Connected Components of Directed Graphs in Linear Time,"Loukas Georgiadis (University of Ioannina, Greece), Giuseppe F. Italiano (LUISS University, Italy), Evangelos Kosinas (ISTA, Austria)",Graph theory and graph algorithms,https://doi.org/10.1109/FOCS61266.2024.00015,10.1109/FOCS61266.2024.00015,https://ieee-focs.org/FOCS-2024-Papers/,https://ieee-focs.org/FOCS-2024-Papers/data/data.js,LLM_reviewed_title,Title reviewed; candidate primary category retained.,Graph theory and graph algorithms,Graph theory and graph algorithms
FOCS-2024-006,FOCS,2024,Three-Edge-Coloring Projective Planar Cubic Graphs: A Generalization of the Four Color Theorem,"Yuta Inoue (The University of Tokyo, Japan), Ken-ichi Kawarabayashi (The University of Tokyo, Japan), Atsuyuki Miyashita (The University of Tokyo, Japan), Bojan Mohar (Simon Fraser University, Canada), Tomohiro Sonobe (The University of Tokyo, Japan)",Graph theory and graph algorithms,https://doi.org/10.1109/FOCS61266.2024.00016,10.1109/FOCS61266.2024.00016,https://ieee-focs.org/FOCS-2024-Papers/,https://ieee-focs.org/FOCS-2024-Papers/data/data.js,LLM_reviewed_title,Primary subject selected in title review; overlapping techniques do not receive additional counts.,Learning theory,Learning theory
FOCS-2024-007,FOCS,2024,O(1) Insertion for Random Walk d-ary Cuckoo Hashing up to the Load Threshold,"Tolson Bell (Carnegie Mellon University, USA), Alan Frieze (Carnegie Mellon University, USA)",Data structures and compressed data,https://doi.org/10.1109/FOCS61266.2024.00017,10.1109/FOCS61266.2024.00017,https://ieee-focs.org/FOCS-2024-Papers/,https://ieee-focs.org/FOCS-2024-Papers/data/data.js,LLM_reviewed_title,Title reviewed; candidate primary category retained.,General algorithm design,Data structures and compressed data
FOCS-2024-008,FOCS,2024,Fast Mixing in Sparse Random Ising Models,"Kuikui Liu (MIT, USA), Sidhanth Mohanty (MIT, USA), Amit Rajaraman (MIT, USA), David X. Wu (UC Berkeley, USA)",Enumeration and counting,https://doi.org/10.1109/FOCS61266.2024.00018,10.1109/FOCS61266.2024.00018,https://ieee-focs.org/FOCS-2024-Papers/,https://ieee-focs.org/FOCS-2024-Papers/data/data.js,LLM_reviewed_title,Title reviewed; candidate primary category retained.,General algorithm design,Enumeration and counting
FOCS-2024-009,FOCS,2024,A Sampling Lovász Local Lemma for Large Domain Sizes,"Chunyang Wang (Nanjing University, China), Yitong Yin (Nanjing University, China)",Enumeration and counting,https://doi.org/10.1109/FOCS61266.2024.00019,10.1109/FOCS61266.2024.00019,https://ieee-focs.org/FOCS-2024-Papers/,https://ieee-focs.org/FOCS-2024-Papers/data/data.js,LLM_reviewed_title,Title reviewed; candidate primary category retained.,General algorithm design,Enumeration and counting
FOCS-2024-010,FOCS,2024,"Sampling, Counting, and Large Deviations for Triangle-free Graphs Near the Critical Density","Matthew Jenssen (Department of Mathematics, King's College London, UK), Will Perkins (School of Computer Science, Georgia Tech, USA), Aditya Potukuchi (York University, Canada), Michael Simkin (Department of Mathematics, MIT, USA)",Enumeration and counting,https://doi.org/10.1109/FOCS61266.2024.00020,10.1109/FOCS61266.2024.00020,https://ieee-focs.org/FOCS-2024-Papers/,https://ieee-focs.org/FOCS-2024-Papers/data/data.js,LLM_reviewed_title,Title reviewed; candidate primary category retained.,Enumeration and counting,Enumeration and counting
FOCS-2024-011,FOCS,2024,Computational Dynamical Systems,"Jordan Cotler (Harvard University, USA), Semon Rezchikov (Princeton University, USA)",Computability and algorithmic information,https://doi.org/10.1109/FOCS61266.2024.00021,10.1109/FOCS61266.2024.00021,https://ieee-focs.org/FOCS-2024-Papers/,https://ieee-focs.org/FOCS-2024-Papers/data/data.js,LLM_reviewed_abstract,Robust simulation of Turing machines by smooth dynamical systems and decidability of halting.,General algorithm design,General algorithm design
FOCS-2024-012,FOCS,2024,Locally Stationary Distributions: A Framework for Analyzing Slow-Mixing Markov Chains,"Kuikui Liu (MIT, USA), Sidhanth Mohanty (MIT, USA), Prasad Raghavendra (UC Berkeley, USA), Amit Rajaraman (MIT, USA), David X. Wu (UC Berkeley, USA)",Enumeration and counting,https://doi.org/10.1109/FOCS61266.2024.00022,10.1109/FOCS61266.2024.00022,https://ieee-focs.org/FOCS-2024-Papers/,https://ieee-focs.org/FOCS-2024-Papers/data/data.js,LLM_reviewed_title,Title reviewed; candidate primary category retained.,General algorithm design,Enumeration and counting
FOCS-2024-013,FOCS,2024,Fully Dynamic k-Clustering with Fast Update Time and Small Recourse,"Sayan Bhattacharya (University of Warwick, United Kingdom), Martin Costa (University of Warwick, United Kingdom), Naveen Garg (IIT Delhi, India), Silvio Lattanzi (Google Research, Switzerland), Nikos Parotsidis (Google Research, Switzerland)",Approximation algorithms,https://doi.org/10.1109/FOCS61266.2024.00023,10.1109/FOCS61266.2024.00023,https://ieee-focs.org/FOCS-2024-Papers/,https://ieee-focs.org/FOCS-2024-Papers/data/data.js,LLM_reviewed_title,Primary subject selected in title review; overlapping techniques do not receive additional counts.,General algorithm design,General algorithm design
FOCS-2024-014,FOCS,2024,On Approximate Fully-Dynamic Matching and Online Matrix-Vector Multiplication,Yang P. Liu (Institute for Advanced Study),Dynamic graph algorithms,https://doi.org/10.1109/FOCS61266.2024.00006,10.1109/FOCS61266.2024.00006,https://ieee-focs.org/FOCS-2024-Papers/,https://ieee-focs.org/FOCS-2024-Papers/data/data.js,LLM_reviewed_title,Title reviewed; candidate primary category retained.,Dynamic graph algorithms,Dynamic graph algorithms
FOCS-2024-015,FOCS,2024,Predict to Minimize Swap Regret for All Payoff-Bounded Tasks,"Lunjia Hu (Harvard University, United States), Yifan Wu (Northwestern University, United States)","Online algorithms, bandits and stochastic optimization",https://doi.org/10.1109/FOCS61266.2024.00024,10.1109/FOCS61266.2024.00024,https://ieee-focs.org/FOCS-2024-Papers/,https://ieee-focs.org/FOCS-2024-Papers/data/data.js,LLM_reviewed_title,Title reviewed; candidate primary category retained.,"Online algorithms, bandits and stochastic optimization","Online algorithms, bandits and stochastic optimization"
FOCS-2024-016,FOCS,2024,A Lossless Deamortization for Dynamic Greedy Set Cover,"Shay Solomon (Tel Aviv University, Israel), Amitai Uzrad (Tel Aviv University, Israel), Tianyi Zhang (Tel Aviv University, Israel)",Approximation algorithms,https://doi.org/10.1109/FOCS61266.2024.00025,10.1109/FOCS61266.2024.00025,https://ieee-focs.org/FOCS-2024-Papers/,https://ieee-focs.org/FOCS-2024-Papers/data/data.js,LLM_reviewed_title,Title reviewed; candidate primary category retained.,General algorithm design,Approximation algorithms
FOCS-2024-017,FOCS,2024,The Online Submodular Assignment Problem,"Daniel Hathcock (Carnegie Mellon University, USA), Billy Jin (University of Chicago, USA), Kalen Patton (School of Mathematics, Georgia Tech, USA), Sherry Sarkar (Carnegie Mellon University, USA), Michael Zlatin (Carnegie Mellon University, USA)","Online algorithms, bandits and stochastic optimization",https://doi.org/10.1109/FOCS61266.2024.00026,10.1109/FOCS61266.2024.00026,https://ieee-focs.org/FOCS-2024-Papers/,https://ieee-focs.org/FOCS-2024-Papers/data/data.js,LLM_reviewed_title,Title reviewed; candidate primary category retained.,Optimization and mathematical programming,"Online algorithms, bandits and stochastic optimization"
FOCS-2024-018,FOCS,2024,Fully Dynamic Matching and Ordered Ruzsa-Szemerédi Graphs,"Soheil Behnezhad (Northeastern University, USA), Alma Ghafari (Northeastern University, USA)",Dynamic graph algorithms,https://doi.org/10.1109/FOCS61266.2024.00027,10.1109/FOCS61266.2024.00027,https://ieee-focs.org/FOCS-2024-Papers/,https://ieee-focs.org/FOCS-2024-Papers/data/data.js,LLM_reviewed_title,Title reviewed; candidate primary category retained.,Dynamic graph algorithms,Dynamic graph algorithms
FOCS-2024-019,FOCS,2024,Fast List Decoding of Univariate Multiplicity and Folded Reed-Solomon Codes,"Rohan Goyal (Massachusetts Institute of Technology, USA), Prahladh Harsha (Tata Institute of Fundamental Research, India), Mrinal Kumar (Tata Institute of Fundamental Research, India), Ashutosh Shankar (Tata Institute of Fundamental Research, India)",Coding and information theory,https://doi.org/10.1109/FOCS61266.2024.00028,10.1109/FOCS61266.2024.00028,https://ieee-focs.org/FOCS-2024-Papers/,https://ieee-focs.org/FOCS-2024-Papers/data/data.js,LLM_reviewed_title,Title reviewed; candidate primary category retained.,Coding and information theory,Coding and information theory
FOCS-2024-020,FOCS,2024,Decoding Quasi-Cyclic Quantum LDPC Codes,"Louis Golowich (UC Berkeley, USA), Venkatesan Guruswami (UC Berkeley, USA)",Quantum computation,https://doi.org/10.1109/FOCS61266.2024.00029,10.1109/FOCS61266.2024.00029,https://ieee-focs.org/FOCS-2024-Papers/,https://ieee-focs.org/FOCS-2024-Papers/data/data.js,LLM_reviewed_title,Title reviewed; candidate primary category retained.,Quantum computation,Quantum computation
FOCS-2024-021,FOCS,2024,Optimal Coding for Randomized Kolmogorov Complexity and Its Applications,"Shuichi Hirahara (National Institute of Informatics, Japan), Zhenjian Lu (University of Warwick, UK), Mikito Nanashima (Tokyo Institute of Technology, Japan)",Computability and algorithmic information,https://doi.org/10.1109/FOCS61266.2024.00030,10.1109/FOCS61266.2024.00030,https://ieee-focs.org/FOCS-2024-Papers/,https://ieee-focs.org/FOCS-2024-Papers/data/data.js,LLM_reviewed_title,Primary subject selected in title review; overlapping techniques do not receive additional counts.,Computability and algorithmic information,Coding and information theory
FOCS-2024-022,FOCS,2024,Expansion of High-Dimensional Cubical Complexes with Application to Quantum Locally Testable Codes,"Irit Dinur (Weizmann Institute of Science, Israel), Ting-Chun Lin (University of California at San Diego, USA; Hon Hai Research Institute, Taiwan), Thomas Vidick (Weizmann Institute of Science, Israel)",Quantum computation,https://doi.org/10.1109/FOCS61266.2024.00031,10.1109/FOCS61266.2024.00031,https://ieee-focs.org/FOCS-2024-Papers/,https://ieee-focs.org/FOCS-2024-Papers/data/data.js,LLM_reviewed_title,Title reviewed; candidate primary category retained.,Quantum computation,Quantum computation
FOCS-2024-023,FOCS,2024,Communication Separations for Truthful Auctions: Breaking the Two-Player Barrier,"Shiri Ron (Weizmann Institute of Science, Israel), Clayton Thomas (Microsoft Research, USA), S. Matthew Weinberg (Princeton University, USA), Qianfan Zhang (Princeton University, USA)",Algorithmic game theory and fair division,https://doi.org/10.1109/FOCS61266.2024.00032,10.1109/FOCS61266.2024.00032,https://ieee-focs.org/FOCS-2024-Papers/,https://ieee-focs.org/FOCS-2024-Papers/data/data.js,LLM_reviewed_title,Title reviewed; candidate primary category retained.,Algorithmic game theory and fair division,Algorithmic game theory and fair division
FOCS-2024-024,FOCS,2024,On Pigeonhole Principles and Ramsey in TFNP,"Siddhartha Jain (The University of Texas at Austin, USA), Jiawei Li (The University of Texas at Austin, USA), Robert Robere (McGill University, Canada), Zhiyang Xun (The University of Texas at Austin, USA)",Computational and circuit complexity,https://doi.org/10.1109/FOCS61266.2024.00033,10.1109/FOCS61266.2024.00033,https://ieee-focs.org/FOCS-2024-Papers/,https://ieee-focs.org/FOCS-2024-Papers/data/data.js,LLM_reviewed_title,Primary subject selected in title review; overlapping techniques do not receive additional counts.,Combinatorics and graph polynomials,Combinatorics and graph polynomials
FOCS-2024-025,FOCS,2024,An XOR Lemma for Deterministic Communication Complexity,"Siddharth Iyer (University of Washington, USA), Anup Rao (University of Washington, USA)",Communication complexity,https://doi.org/10.1109/FOCS61266.2024.00034,10.1109/FOCS61266.2024.00034,https://ieee-focs.org/FOCS-2024-Papers/,https://ieee-focs.org/FOCS-2024-Papers/data/data.js,LLM_reviewed_title,Title reviewed; candidate primary category retained.,Communication complexity,Communication complexity
FOCS-2024-026,FOCS,2024,The Communication Complexity of Approximating Matrix Rank,"Alexander A. Sherstov (University of California, USA), Andrey A. Storozhenko (University of California, USA)",Communication complexity,https://doi.org/10.1109/FOCS61266.2024.00035,10.1109/FOCS61266.2024.00035,https://ieee-focs.org/FOCS-2024-Papers/,https://ieee-focs.org/FOCS-2024-Papers/data/data.js,LLM_reviewed_title,Title reviewed; candidate primary category retained.,Communication complexity,Communication complexity
FOCS-2024-027,FOCS,2024,Efficient Approximate Unitary Designs from Random Pauli Rotations,"Jeongwan Haah (Microsoft Quantum, USA), Yunchao Liu (University of California, USA), Xinyu Tan (Department of Mathematics, Massachusetts Institute of Technology, USA)",Quantum computation,https://doi.org/10.1109/FOCS61266.2024.00036,10.1109/FOCS61266.2024.00036,https://ieee-focs.org/FOCS-2024-Papers/,https://ieee-focs.org/FOCS-2024-Papers/data/data.js,LLM_reviewed_title,Title reviewed; candidate primary category retained.,Approximation algorithms,Quantum computation
FOCS-2024-028,FOCS,2024,Efficient Unitary Designs from Random Sums and Permutations,"Chi-Fang Chen (California Institute of Technology, USA), Jordan Docter (Stanford University, USA), Michelle Xu (Stanford University, USA), Adam Bouland (Stanford University, USA), Fernando G.S.L. Brandão (California Institute of Technology, USA), Patrick Hayden (Stanford University, USA)",Quantum computation,https://doi.org/10.1109/FOCS61266.2024.00037,10.1109/FOCS61266.2024.00037,https://ieee-focs.org/FOCS-2024-Papers/,https://ieee-focs.org/FOCS-2024-Papers/data/data.js,LLM_reviewed_title,Title reviewed; candidate primary category retained.,General algorithm design,Quantum computation
FOCS-2024-029,FOCS,2024,Simple Constructions of Linear-Depth t-Designs and Pseudorandom Unitaries,"Tony Metger (ETH Zurich, Switzerland), Alexander Poremba (MIT, USA), Makrand Sinha (University of Illinois, USA), Henry Yuen (Columbia University, USA)",Quantum computation,https://doi.org/10.1109/FOCS61266.2024.00038,10.1109/FOCS61266.2024.00038,https://ieee-focs.org/FOCS-2024-Papers/,https://ieee-focs.org/FOCS-2024-Papers/data/data.js,LLM_reviewed_title,Primary subject selected in title review; overlapping techniques do not receive additional counts.,Pseudorandomness and derandomization,Pseudorandomness and derandomization
FOCS-2024-030,FOCS,2024,Gapped Clique Homology on Weighted Graphs is QMA1-Hard and Contained in QMA,"Robbie King (Department of Computing and Mathematical Sciences, Caltech, USA), Tamara Kohler (Stanford University, USA)",Quantum computation,https://doi.org/10.1109/FOCS61266.2024.00039,10.1109/FOCS61266.2024.00039,https://ieee-focs.org/FOCS-2024-Papers/,https://ieee-focs.org/FOCS-2024-Papers/data/data.js,LLM_reviewed_title,Title reviewed; candidate primary category retained.,Quantum computation,Quantum computation
FOCS-2024-031,FOCS,2024,Reverse Mathematics of Complexity Lower Bounds,"Lijie Chen (UC Berkeley, USA), Jiatu Li (MIT, USA), Igor Carboni Oliveira (University of Warwick, UK)",Proof complexity and logic,https://doi.org/10.1109/FOCS61266.2024.00040,10.1109/FOCS61266.2024.00040,https://ieee-focs.org/FOCS-2024-Papers/,https://ieee-focs.org/FOCS-2024-Papers/data/data.js,LLM_reviewed_title,Primary subject selected in title review; overlapping techniques do not receive additional counts.,Computability and algorithmic information,Computability and algorithmic information
FOCS-2024-032,FOCS,2024,Interactive Proofs for General Distribution Properties,"Tal Herman (Weizmann Institute of Science, Israel), Guy Rothblum (Apple)",Proof complexity and logic,https://doi.org/10.1109/FOCS61266.2024.00041,10.1109/FOCS61266.2024.00041,https://ieee-focs.org/FOCS-2024-Papers/,https://ieee-focs.org/FOCS-2024-Papers/data/data.js,LLM_reviewed_title,Title reviewed; candidate primary category retained.,General algorithm design,Proof complexity and logic
FOCS-2024-033,FOCS,2024,Trading Determinism for Noncommutativity in Edmonds' Problem,"V. Arvind (Institute of Mathematical Sciences, Chennai Mathematical Institute, India), Abhranil Chatterjee (Indian Statistical Institute, India), Partha Mukhopadhyay (Chennai Mathematical Institute, India)",Algebraic and numerical computation,https://doi.org/10.1109/FOCS61266.2024.00042,10.1109/FOCS61266.2024.00042,https://ieee-focs.org/FOCS-2024-Papers/,https://ieee-focs.org/FOCS-2024-Papers/data/data.js,LLM_reviewed_title,Primary subject selected in title review; overlapping techniques do not receive additional counts.,General algorithm design,General algorithm design
FOCS-2024-034,FOCS,2024,\Pi_2^P vs PSpace Dichotomy for the Quantified Constraint Satisfaction Problem,"Dmitriy Zhuk (Charles University, Czech Republic)",Constraint satisfaction,https://doi.org/10.1109/FOCS61266.2024.00043,10.1109/FOCS61266.2024.00043,https://ieee-focs.org/FOCS-2024-Papers/,https://ieee-focs.org/FOCS-2024-Papers/data/data.js,LLM_reviewed_title,Title reviewed; candidate primary category retained.,Constraint satisfaction,Constraint satisfaction
FOCS-2024-035,FOCS,2024,"Jump Operators, Interactive Proofs and Proof Complexity Generators","Erfan Khaniki (University of Oxford, United Kingdom)",Proof complexity and logic,https://doi.org/10.1109/FOCS61266.2024.00044,10.1109/FOCS61266.2024.00044,https://ieee-focs.org/FOCS-2024-Papers/,https://ieee-focs.org/FOCS-2024-Papers/data/data.js,LLM_reviewed_title,Title reviewed; candidate primary category retained.,Proof complexity and logic,Proof complexity and logic
FOCS-2024-036,FOCS,2024,Optimal Bounds for Open Addressing Without Reordering,"Martín Farach-Colton (New York University, USA), Andrew Krapivin (Cambridge University, UK), William Kuszmaul (Carnegie Mellon University, USA)",Data structures and compressed data,https://doi.org/10.1109/FOCS61266.2024.00045,10.1109/FOCS61266.2024.00045,https://ieee-focs.org/FOCS-2024-Papers/,https://ieee-focs.org/FOCS-2024-Papers/data/data.js,LLM_reviewed_title,Primary subject selected in title review; overlapping techniques do not receive additional counts.,General algorithm design,General algorithm design
FOCS-2024-037,FOCS,2024,Tight Analyses of Ordered and Unordered Linear Probing,"Mark Braverman (Princeton University, USA), William Kuszmaul (Carnegie Mellon University, USA)",Data structures and compressed data,https://doi.org/10.1109/FOCS61266.2024.00046,10.1109/FOCS61266.2024.00046,https://ieee-focs.org/FOCS-2024-Papers/,https://ieee-focs.org/FOCS-2024-Papers/data/data.js,LLM_reviewed_title,Title reviewed; candidate primary category retained.,General algorithm design,Data structures and compressed data
FOCS-2024-038,FOCS,2024,Tight Bounds for Classical Open Addressing,"Michael A. Bender (Stony Brook University and RelationalAI, USA), William Kuszmaul (Carnegie Mellon University, USA), Renfei Zhou (Carnegie Mellon University, USA)",Data structures and compressed data,https://doi.org/10.1109/FOCS61266.2024.00047,10.1109/FOCS61266.2024.00047,https://ieee-focs.org/FOCS-2024-Papers/,https://ieee-focs.org/FOCS-2024-Papers/data/data.js,LLM_reviewed_title,Primary subject selected in title review; overlapping techniques do not receive additional counts.,General algorithm design,General algorithm design
FOCS-2024-039,FOCS,2024,Instance-Optimality in I/O-Efficient Sampling and Sequential Estimation,"Shyam Narayanan (MIT), Václav Rozhoň (University of Sofia ""St. Kliment Ohridski""), Jakub Tětek (University of Sofia ""St. Kliment Ohridski""), Mikkel Thorup (University of Copenhagen)",General algorithm design,https://doi.org/10.1109/FOCS61266.2024.00048,10.1109/FOCS61266.2024.00048,https://ieee-focs.org/FOCS-2024-Papers/,https://ieee-focs.org/FOCS-2024-Papers/data/data.js,LLM_reviewed_abstract,"Instance-optimal sampling in the external-memory I/O model, with sequential estimation applications.",General algorithm design,General algorithm design
FOCS-2024-040,FOCS,2024,An Optimal Algorithm for Sorting Pattern-Avoiding Sequences,"Michal Opler (Czech Technical University in Prague, Czechia)",General algorithm design,https://doi.org/10.1109/FOCS61266.2024.00049,10.1109/FOCS61266.2024.00049,https://ieee-focs.org/FOCS-2024-Papers/,https://ieee-focs.org/FOCS-2024-Papers/data/data.js,LLM_reviewed_abstract,Comparison sorting of pattern-avoiding permutations.,General algorithm design,General algorithm design
FOCS-2024-041,FOCS,2024,Deterministic Algorithm and Faster Algorithm for Submodular Maximization Subject to a Matroid Constraint,"Niv Buchbinder (Tel-Aviv University, Israel), Moran Feldman (University of Haifa, Israel)",Optimization and mathematical programming,https://doi.org/10.1109/FOCS61266.2024.00050,10.1109/FOCS61266.2024.00050,https://ieee-focs.org/FOCS-2024-Papers/,https://ieee-focs.org/FOCS-2024-Papers/data/data.js,LLM_reviewed_title,Title reviewed; candidate primary category retained.,Optimization and mathematical programming,Optimization and mathematical programming
FOCS-2024-042,FOCS,2024,On Approximating Cutwidth and Pathwidth,"Nikhil Bansal (University of Michigan, USA), Dor Katzelnick (Technion - Israel Institute of Technology, Israel), Roy Schwartz (Technion - Israel Institute of Technology, Israel)",Approximation algorithms,https://doi.org/10.1109/FOCS61266.2024.00051,10.1109/FOCS61266.2024.00051,https://ieee-focs.org/FOCS-2024-Papers/,https://ieee-focs.org/FOCS-2024-Papers/data/data.js,LLM_reviewed_title,Title reviewed; candidate primary category retained.,Approximation algorithms,Approximation algorithms
FOCS-2024-043,FOCS,2024,The Bidirected Cut Relaxation for Steiner Tree has Integrality Gap Smaller than 2,"Jarosław Byrka (University of Wrocław, Poland), Fabrizio Grandoni (USI-SUPSI, Switzerland), Vera Traub (University of Bonn, Germany)",Approximation algorithms,https://doi.org/10.1109/FOCS61266.2024.00052,10.1109/FOCS61266.2024.00052,https://ieee-focs.org/FOCS-2024-Papers/,https://ieee-focs.org/FOCS-2024-Papers/data/data.js,LLM_reviewed_title,Title reviewed; candidate primary category retained.,Approximation algorithms,Approximation algorithms
FOCS-2024-044,FOCS,2024,Efficient Approximation of Fractional Hypertree Width,"Viktoriia Korchemna (TU Wien, Austria), Daniel Lokshtanov (University of California Santa Barbara, USA), Saket Saurabh (University of Bergen, Norway; Institute of Mathematical Sciences, India), Vaishali Surianarayanan (University of California Santa Barbara, USA), Jie Xue (New York University Shanghai, China)",Approximation algorithms,https://doi.org/10.1109/FOCS61266.2024.00053,10.1109/FOCS61266.2024.00053,https://ieee-focs.org/FOCS-2024-Papers/,https://ieee-focs.org/FOCS-2024-Papers/data/data.js,LLM_reviewed_title,Title reviewed; candidate primary category retained.,Approximation algorithms,Approximation algorithms
FOCS-2024-045,FOCS,2024,Canonical Forms for Matrix Tuples in Polynomial Time,"Youming Qiao (University of Technology Sydney, Australia), Xiaorui Sun (University of Illinois at Chicago, USA)",Algebraic and numerical computation,https://doi.org/10.1109/FOCS61266.2024.00054,10.1109/FOCS61266.2024.00054,https://ieee-focs.org/FOCS-2024-Papers/,https://ieee-focs.org/FOCS-2024-Papers/data/data.js,LLM_reviewed_title,Primary subject selected in title review; overlapping techniques do not receive additional counts.,General algorithm design,General algorithm design
FOCS-2024-046,FOCS,2024,Polynomial Calculus Sizes Over the Boolean and Fourier Bases are Incomparable,"Sasank Mouli (Department of Computer Science and Engineering, Indian Institute of Technology Indore, India)",Proof complexity and logic,https://doi.org/10.1109/FOCS61266.2024.00055,10.1109/FOCS61266.2024.00055,https://ieee-focs.org/FOCS-2024-Papers/,https://ieee-focs.org/FOCS-2024-Papers/data/data.js,LLM_reviewed_title,Title reviewed; candidate primary category retained.,General algorithm design,Proof complexity and logic
FOCS-2024-047,FOCS,2024,A Dense Model Theorem for the Boolean Slice,"Gil Kalai (Hebrew University of Jerusalem and Reichman University, Israel), Noam Lifshitz (Hebrew University of Jerusalem, Israel), Dor Minzer (Massachusetts Institute of Technology, USA), Tamar Ziegler (Hebrew University of Jerusalem, Israel)",Pseudorandomness and derandomization,https://doi.org/10.1109/FOCS61266.2024.00056,10.1109/FOCS61266.2024.00056,https://ieee-focs.org/FOCS-2024-Papers/,https://ieee-focs.org/FOCS-2024-Papers/data/data.js,LLM_reviewed_title,Primary subject selected in title review; overlapping techniques do not receive additional counts.,General algorithm design,General algorithm design
FOCS-2024-048,FOCS,2024,Dot-Product Proofs and Their Applications,"Nir Bitansky (New York University, USA; Tel Aviv University, Israel), Prahladh Harsha (Tata Institute of Fundamental Research, India), Yuval Ishai (Technion, Israel), Ron D. Rothblum (Technion, Israel), David J. Wu (University of Texas at Austin)",Proof complexity and logic,https://doi.org/10.1109/FOCS61266.2024.00057,10.1109/FOCS61266.2024.00057,https://ieee-focs.org/FOCS-2024-Papers/,https://ieee-focs.org/FOCS-2024-Papers/data/data.js,LLM_reviewed_abstract,"A one-query linear PCP construction, with succinct-argument applications.",General algorithm design,General algorithm design
FOCS-2024-049,FOCS,2024,Low Acceptance Agreement Tests via Bounded-Degree Symplectic HDXs,"Yotam Dikstein (Computer Science and Discrete Mathematics, Institute for Advanced Study, USA), Irit Dinur (Dept. of Applied Math and Computer Science, The Weizmann Institute of Science, Israel), Alexander Lubotzky (Department of Mathematics, The Weizmann Institute of Science, Israel)",Proof complexity and logic,https://doi.org/10.1109/FOCS61266.2024.00058,10.1109/FOCS61266.2024.00058,https://ieee-focs.org/FOCS-2024-Papers/,https://ieee-focs.org/FOCS-2024-Papers/data/data.js,LLM_reviewed_title,Primary subject selected in title review; overlapping techniques do not receive additional counts.,General algorithm design,General algorithm design
FOCS-2024-050,FOCS,2024,Constant Degree Direct Product Testers with Small Soundness,"Mitali Bafna (MIT, USA), Noam Lifshitz (Hebrew University, Israel), Dor Minzer (MIT, USA)",Proof complexity and logic,https://doi.org/10.1109/FOCS61266.2024.00059,10.1109/FOCS61266.2024.00059,https://ieee-focs.org/FOCS-2024-Papers/,https://ieee-focs.org/FOCS-2024-Papers/data/data.js,LLM_reviewed_title,Primary subject selected in title review; overlapping techniques do not receive additional counts.,General algorithm design,General algorithm design
FOCS-2024-051,FOCS,2024,Chernoff Bounds and Reverse Hypercontractivity on HDX,"Yotam Dikstein (Computer Science and Discrete Mathematics, Institute for Advanced Study, USA), Max Hopkins (Princeton University, USA)",Combinatorics and graph polynomials,https://doi.org/10.1109/FOCS61266.2024.00060,10.1109/FOCS61266.2024.00060,https://ieee-focs.org/FOCS-2024-Papers/,https://ieee-focs.org/FOCS-2024-Papers/data/data.js,LLM_reviewed_title,Title reviewed; candidate primary category retained.,General algorithm design,Combinatorics and graph polynomials
FOCS-2024-052,FOCS,2024,Approximation Algorithms for Noncommutative CSPs,"Eric Culf (University of Waterloo, Canada), Hamoon Mousavi (University of California, USA), Taro Spirig (University of Copenhagen, Denmark)",Constraint satisfaction,https://doi.org/10.1109/FOCS61266.2024.00061,10.1109/FOCS61266.2024.00061,https://ieee-focs.org/FOCS-2024-Papers/,https://ieee-focs.org/FOCS-2024-Papers/data/data.js,LLM_reviewed_title,Title reviewed; candidate primary category retained.,Approximation algorithms,Constraint satisfaction
FOCS-2024-053,FOCS,2024,Certifying Euclidean Sections and Finding Planted Sparse Vectors Beyond the Sqrt(n) Dimension Threshold,"Venkatesan Guruswami (Department of EECS, UC Berkeley, USA), Jun-Ting Hsieh (Carnegie Mellon University, USA), Prasad Raghavendra (Department of EECS, UC Berkeley, USA)",Learning theory,https://doi.org/10.1109/FOCS61266.2024.00062,10.1109/FOCS61266.2024.00062,https://ieee-focs.org/FOCS-2024-Papers/,https://ieee-focs.org/FOCS-2024-Papers/data/data.js,LLM_reviewed_title,Primary subject selected in title review; overlapping techniques do not receive additional counts.,General algorithm design,Computational geometry
FOCS-2024-054,FOCS,2024,Sum-of-Squares Lower Bounds for Non-Gaussian Component Analysis,"Ilias Diakonikolas (University of Wisconsin-Madison, United States), Sushrut Karmalkar (University of Wisconsin-Madison, United States), Shuo Pang (University of Copenhagen, Denmark), Aaron Potechin (University of Chicago, United States)",Proof complexity and logic,https://doi.org/10.1109/FOCS61266.2024.00063,10.1109/FOCS61266.2024.00063,https://ieee-focs.org/FOCS-2024-Papers/,https://ieee-focs.org/FOCS-2024-Papers/data/data.js,LLM_reviewed_title,Title reviewed; candidate primary category retained.,General algorithm design,Proof complexity and logic
FOCS-2024-055,FOCS,2024,Semirandom Planted Clique and the Restricted Isometry Property,"Jarosław Błasiok (ETH Zurich, Switzerland), Rares-Darius Buhai (ETH Zurich, Switzerland), Pravesh K. Kothari (IAS & Princeton University, USA), David Steurer (ETH Zurich, Switzerland)",Average-case complexity,https://doi.org/10.1109/FOCS61266.2024.00064,10.1109/FOCS61266.2024.00064,https://ieee-focs.org/FOCS-2024-Papers/,https://ieee-focs.org/FOCS-2024-Papers/data/data.js,LLM_reviewed_title,Title reviewed; candidate primary category retained.,Graph theory and graph algorithms,Average-case complexity
FOCS-2024-056,FOCS,2024,Efficient Certificates of Anti-Concentration Beyond Gaussians,"Ainesh Bakshi (MIT, USA), Pravesh K. Kothari (IAS, USA), Goutham Rajendran (CMU, USA), Madhur Tulsiani (TTIC, USA), Aravindan Vijayaraghavan (Northwestern, USA)",Learning theory,https://doi.org/10.1109/FOCS61266.2024.00065,10.1109/FOCS61266.2024.00065,https://ieee-focs.org/FOCS-2024-Papers/,https://ieee-focs.org/FOCS-2024-Papers/data/data.js,LLM_reviewed_title,Primary subject selected in title review; overlapping techniques do not receive additional counts.,General algorithm design,Combinatorics and graph polynomials
FOCS-2024-057,FOCS,2024,"Efficient Statistics With Unknown Truncation, Polynomial Time Algorithms, Beyond Gaussians","Jane H. Lee (Yale University, U.S.A.), Anay Mehrotra (Yale University, U.S.A.), Manolis Zampetakis (Yale University, U.S.A.)",Learning theory,https://doi.org/10.1109/FOCS61266.2024.00066,10.1109/FOCS61266.2024.00066,https://ieee-focs.org/FOCS-2024-Papers/,https://ieee-focs.org/FOCS-2024-Papers/data/data.js,LLM_reviewed_title,Primary subject selected in title review; overlapping techniques do not receive additional counts.,General algorithm design,General algorithm design
FOCS-2024-058,FOCS,2024,Tensor Cumulants for Statistical Inference on Invariant Distributions,"Dmitriy Kunisky (Johns Hopkins University, USA), Cristopher Moore (Santa Fe Institute, USA), Alexander S. Wein (University of California, Davis, USA)",Learning theory,https://doi.org/10.1109/FOCS61266.2024.00067,10.1109/FOCS61266.2024.00067,https://ieee-focs.org/FOCS-2024-Papers/,https://ieee-focs.org/FOCS-2024-Papers/data/data.js,LLM_reviewed_title,Title reviewed; candidate primary category retained.,General algorithm design,Learning theory
FOCS-2024-059,FOCS,2024,High-Temperature Gibbs States are Unentangled and Efficiently Preparable,"Ainesh Bakshi (MIT, USA), Allen Liu (MIT, USA), Ankur Moitra (MIT, USA), Ewin Tang (UC Berkeley, USA)",Quantum computation,https://doi.org/10.1109/FOCS61266.2024.00068,10.1109/FOCS61266.2024.00068,https://ieee-focs.org/FOCS-2024-Papers/,https://ieee-focs.org/FOCS-2024-Papers/data/data.js,LLM_reviewed_title,Title reviewed; candidate primary category retained.,General algorithm design,Quantum computation
FOCS-2024-060,FOCS,2024,Structure Learning of Hamiltonians from Real-Time Evolution,"Ainesh Bakshi (MIT, USA), Allen Liu (MIT, USA), Ankur Moitra (MIT, USA), Ewin Tang (UC Berkeley, USA)",Quantum computation,https://doi.org/10.1109/FOCS61266.2024.00069,10.1109/FOCS61266.2024.00069,https://ieee-focs.org/FOCS-2024-Papers/,https://ieee-focs.org/FOCS-2024-Papers/data/data.js,LLM_reviewed_title,Title reviewed; candidate primary category retained.,Learning theory,Quantum computation
FOCS-2024-061,FOCS,2024,Quantum Eigenvalue Processing,"Guang Hao Low (Microsoft, USA), Yuan Su (Microsoft, USA)",Quantum computation,https://doi.org/10.1109/FOCS61266.2024.00070,10.1109/FOCS61266.2024.00070,https://ieee-focs.org/FOCS-2024-Papers/,https://ieee-focs.org/FOCS-2024-Papers/data/data.js,LLM_reviewed_title,Title reviewed; candidate primary category retained.,Quantum computation,Quantum computation
FOCS-2024-062,FOCS,2024,Quantum Computational Advantage with Constant-Temperature Gibbs Sampling,"Thiago Bergamaschi (University of California, Berkeley, USA), Chi-Fang Chen (California Institute of Technology, USA), Yunchao Liu (University of California, Berkeley, USA)",Quantum computation,https://doi.org/10.1109/FOCS61266.2024.00071,10.1109/FOCS61266.2024.00071,https://ieee-focs.org/FOCS-2024-Papers/,https://ieee-focs.org/FOCS-2024-Papers/data/data.js,LLM_reviewed_title,Title reviewed; candidate primary category retained.,Quantum computation,Quantum computation
FOCS-2024-063,FOCS,2024,Optimal Tradeoffs for Estimating Pauli Observables,"Sitan Chen (Harvard University, USA), Weiyuan Gong (Harvard University, USA), Qi Ye (Tsinghua Unversity, China)",Quantum computation,https://doi.org/10.1109/FOCS61266.2024.00072,10.1109/FOCS61266.2024.00072,https://ieee-focs.org/FOCS-2024-Papers/,https://ieee-focs.org/FOCS-2024-Papers/data/data.js,LLM_reviewed_title,Primary subject selected in title review; overlapping techniques do not receive additional counts.,General algorithm design,General algorithm design
FOCS-2024-064,FOCS,2024,A Computational Test of Contextuality and Even Simpler Proofs of Quantumness,"Atul Singh Arora (University of Maryland, USA; Caltech, USA), Kishor Bharti (Agency for Science, Technology and Research (A*STAR), Singapore), Alexandru Cojocaru (University of Edinburgh, UK; University of Maryland, USA), Andrea Coladangelo (University of Washington, USA)",Quantum computation,https://doi.org/10.1109/FOCS61266.2024.00073,10.1109/FOCS61266.2024.00073,https://ieee-focs.org/FOCS-2024-Papers/,https://ieee-focs.org/FOCS-2024-Papers/data/data.js,LLM_reviewed_title,Title reviewed; candidate primary category retained.,Quantum computation,Quantum computation
FOCS-2024-065,FOCS,2024,Capacity Threshold for the Ising Perceptron,"Brice Huang (Massachusetts Institute of Technology, MA)",Average-case complexity,https://doi.org/10.1109/FOCS61266.2024.00074,10.1109/FOCS61266.2024.00074,https://ieee-focs.org/FOCS-2024-Papers/,https://ieee-focs.org/FOCS-2024-Papers/data/data.js,LLM_reviewed_title,Title reviewed; candidate primary category retained.,General algorithm design,Average-case complexity
FOCS-2024-066,FOCS,2024,Optimal Quantile Estimation: Beyond the Comparison Model,"Meghal Gupta (University of California, Berkeley, US), Mihir Singhal (University of California, Berkeley, US), Hongxun Wu (University of California, Berkeley, US)",Learning theory,https://doi.org/10.1109/FOCS61266.2024.00075,10.1109/FOCS61266.2024.00075,https://ieee-focs.org/FOCS-2024-Papers/,https://ieee-focs.org/FOCS-2024-Papers/data/data.js,LLM_reviewed_title,Primary subject selected in title review; overlapping techniques do not receive additional counts.,General algorithm design,General algorithm design
FOCS-2024-067,FOCS,2024,Proofs of Space with Maximal Hardness,"Leonid Reyzin (Boston University, USA)",Cryptography,https://doi.org/10.1109/FOCS61266.2024.00076,10.1109/FOCS61266.2024.00076,https://ieee-focs.org/FOCS-2024-Papers/,https://ieee-focs.org/FOCS-2024-Papers/data/data.js,LLM_reviewed_title,Title reviewed; candidate primary category retained.,General algorithm design,Cryptography
FOCS-2024-068,FOCS,2024,Commitments are equivalent to Statistically-Verifiable One-way State Generators,"Rishabh Batra (National University of Singapore, Singapore), Rahul Jain (National University of Singapore, Singapore)",Cryptography,https://doi.org/10.1109/FOCS61266.2024.00077,10.1109/FOCS61266.2024.00077,https://ieee-focs.org/FOCS-2024-Papers/,https://ieee-focs.org/FOCS-2024-Papers/data/data.js,LLM_reviewed_title,Title reviewed; candidate primary category retained.,General algorithm design,Cryptography
FOCS-2024-069,FOCS,2024,Succinct Arguments for QMA from Standard Assumptions via Compiled Nonlocal Games,"Tony Metger (ETH Zurich, Switzerland), Anand Natarajan (MIT, USA), Tina Zhang (MIT, USA)",Cryptography,https://doi.org/10.1109/FOCS61266.2024.00078,10.1109/FOCS61266.2024.00078,https://ieee-focs.org/FOCS-2024-Papers/,https://ieee-focs.org/FOCS-2024-Papers/data/data.js,LLM_reviewed_title,Primary subject selected in title review; overlapping techniques do not receive additional counts.,Quantum computation,Quantum computation
FOCS-2024-070,FOCS,2024,Certifying Almost all Quantum States with Few Single-Qubit Measurements,"Hsin-Yuan Huang (Google Quantum AI, USA; California Institute of Technology, USA; Massachusetts Institute of Technology, USA), John Preskill (California Institute of Technology, USA; AWS Center for Quantum Computing, USA), Mehdi Soleimanifar (California Institute of Technology, USA)",Quantum computation,https://doi.org/10.1109/FOCS61266.2024.00079,10.1109/FOCS61266.2024.00079,https://ieee-focs.org/FOCS-2024-Papers/,https://ieee-focs.org/FOCS-2024-Papers/data/data.js,LLM_reviewed_title,Title reviewed; candidate primary category retained.,Quantum computation,Quantum computation
FOCS-2024-071,FOCS,2024,How to Simulate Random Oracles with Auxiliary Input,"Yevgeniy Dodis (New York University), Aayush Jain (Carnegie Mellon University), Huijia Lin (University of Washington), Ji Luo (University of Washington), Daniel Wichs (Northeastern University and NTT Research)",Cryptography,https://doi.org/10.1109/FOCS61266.2024.00080,10.1109/FOCS61266.2024.00080,https://ieee-focs.org/FOCS-2024-Papers/,https://ieee-focs.org/FOCS-2024-Papers/data/data.js,LLM_reviewed_title,Primary subject selected in title review; overlapping techniques do not receive additional counts.,General algorithm design,General algorithm design
FOCS-2024-072,FOCS,2024,Online Combinatorial Allocations and Auctions with Few Samples,"Paul Dütting (Google Research, Switzerland), Thomas Kesselheim (University of Bonn, Germany), Brendan Lucier (Microsoft Research New England, USA), Rebecca Reiffenhäuser (University of Amsterdam, The Netherlands), Sahil Singla (Georgia Tech, USA)",Algorithmic game theory and fair division,https://doi.org/10.1109/FOCS61266.2024.00081,10.1109/FOCS61266.2024.00081,https://ieee-focs.org/FOCS-2024-Papers/,https://ieee-focs.org/FOCS-2024-Papers/data/data.js,LLM_reviewed_title,Title reviewed; candidate primary category retained.,Algorithmic game theory and fair division,Algorithmic game theory and fair division
FOCS-2024-073,FOCS,2024,Benchmark-Tight Approximation Ratio of Simple Mechanism for a Unit-Demand Buyer,"Yaonan Jin (Huawei TCS Lab, China), Pinyan Lu (Shanghai University of Finance and Economic, China)",Algorithmic game theory and fair division,https://doi.org/10.1109/FOCS61266.2024.00082,10.1109/FOCS61266.2024.00082,https://ieee-focs.org/FOCS-2024-Papers/,https://ieee-focs.org/FOCS-2024-Papers/data/data.js,LLM_reviewed_title,Primary subject selected in title review; overlapping techniques do not receive additional counts.,Approximation algorithms,Approximation algorithms
FOCS-2024-074,FOCS,2024,Semi-Bandit Learning for Monotone Stochastic Optimization,"Arpit Agarwal (Indian Institute of Technology, Bombay, India), Rohan Ghuge (Georgia Institute of Technology, USA), Viswanath Nagarajan (University of Michigan, USA)","Online algorithms, bandits and stochastic optimization",https://doi.org/10.1109/FOCS61266.2024.00083,10.1109/FOCS61266.2024.00083,https://ieee-focs.org/FOCS-2024-Papers/,https://ieee-focs.org/FOCS-2024-Papers/data/data.js,LLM_reviewed_title,Title reviewed; candidate primary category retained.,"Online algorithms, bandits and stochastic optimization","Online algorithms, bandits and stochastic optimization"
FOCS-2024-075,FOCS,2024,On Robustness to k-Wise Independence of Optimal Bayesian Mechanisms,"Nick Gravin (Shanghai University of Finance and Economics, China), Zhiqi Wang (Shanghai University of Finance and Economics, China)",Algorithmic game theory and fair division,https://doi.org/10.1109/FOCS61266.2024.00084,10.1109/FOCS61266.2024.00084,https://ieee-focs.org/FOCS-2024-Papers/,https://ieee-focs.org/FOCS-2024-Papers/data/data.js,LLM_reviewed_title,Primary subject selected in title review; overlapping techniques do not receive additional counts.,General algorithm design,General algorithm design
FOCS-2024-076,FOCS,2024,Hardness of Approximate Sperner and Applications to Envy-Free Cake Cutting,"Ruiquan Gao (Stanford University, USA), Mohammad Roghani (Stanford University, USA), Aviad Rubinstein (Stanford University, USA), Amin Saberi (Stanford University, USA)",Algorithmic game theory and fair division,https://doi.org/10.1109/FOCS61266.2024.00085,10.1109/FOCS61266.2024.00085,https://ieee-focs.org/FOCS-2024-Papers/,https://ieee-focs.org/FOCS-2024-Papers/data/data.js,LLM_reviewed_title,Title reviewed; candidate primary category retained.,Algorithmic game theory and fair division,Algorithmic game theory and fair division
FOCS-2024-077,FOCS,2024,The Tractability Border of Reachability in Simple Vector Addition Systems with States,"Dmitry Chistikov (University of Warwick, United Kingdom), Wojciech Czerwiński (University of Warsaw, Poland), Filip Mazowiecki (University of Warsaw, Poland), Łukasz Orlikowski (University of Warsaw, Poland), Henry Sinclair-Banks (University of Warwick, United Kingdom), Karol Węgrzycki (Saarland University and MPI for Informatics, Germany)",Infinite-state systems and verification,https://doi.org/10.1109/FOCS61266.2024.00086,10.1109/FOCS61266.2024.00086,https://ieee-focs.org/FOCS-2024-Papers/,https://ieee-focs.org/FOCS-2024-Papers/data/data.js,LLM_reviewed_title,Title reviewed; candidate primary category retained.,Infinite-state systems and verification,Infinite-state systems and verification
FOCS-2024-078,FOCS,2024,"Hardness of Packing, Covering and Partitioning Simple Polygons with Unit Squares","Mikkel Abrahamsen (University of Copenhagen, Denmark), Jack Stade (University of Copenhagen, Denmark)",Computational geometry,https://doi.org/10.1109/FOCS61266.2024.00087,10.1109/FOCS61266.2024.00087,https://ieee-focs.org/FOCS-2024-Papers/,https://ieee-focs.org/FOCS-2024-Papers/data/data.js,LLM_reviewed_title,Title reviewed; candidate primary category retained.,Computational geometry,Computational geometry
FOCS-2024-079,FOCS,2024,The Orthogonal Vectors Conjecture and Non-Uniform Circuit Lower Bounds,"Ryan Williams (Massachusetts Institute of Technology, MA)",Fine-grained complexity,https://doi.org/10.1109/FOCS61266.2024.00088,10.1109/FOCS61266.2024.00088,https://ieee-focs.org/FOCS-2024-Papers/,https://ieee-focs.org/FOCS-2024-Papers/data/data.js,LLM_reviewed_title,Title reviewed; candidate primary category retained.,Fine-grained complexity,Fine-grained complexity
FOCS-2024-080,FOCS,2024,Strong vs. Weak Range Avoidance and the Linear Ordering Principle,"Oliver Korten (Columbia University, USA), Tonnian Pitassi (Columbia University, USA)",Computational and circuit complexity,https://doi.org/10.1109/FOCS61266.2024.00089,10.1109/FOCS61266.2024.00089,https://ieee-focs.org/FOCS-2024-Papers/,https://ieee-focs.org/FOCS-2024-Papers/data/data.js,LLM_reviewed_title,Title reviewed; candidate primary category retained.,General algorithm design,Computational and circuit complexity
FOCS-2024-081,FOCS,2024,Faster Isomorphism Testing of p-Groups of Frattini Class 2,"Gábor Ivanyos (Hungarian Research Network, Hungary), Euan J. Mendoza (University of Technology Sydney, Australia), Youming Qiao (University of Technology Sydney, Australia), Xiaorui Sun (University of Illinois Chicago, USA), Chuanqi Zhang (University of Technology Sydney, Australia)",Algebraic and numerical computation,https://doi.org/10.1109/FOCS61266.2024.00090,10.1109/FOCS61266.2024.00090,https://ieee-focs.org/FOCS-2024-Papers/,https://ieee-focs.org/FOCS-2024-Papers/data/data.js,LLM_reviewed_title,Primary subject selected in title review; overlapping techniques do not receive additional counts.,General algorithm design,Property testing and distribution learning
FOCS-2024-082,FOCS,2024,Boosting Uniformity in Quasirandom Groups: Fast and Simple,"Harm Derksen (Northeastern University), Chin Ho Lee (North Carolina State University), Emanuele Viola (Northeastern University)",Combinatorics and graph polynomials,https://doi.org/10.1109/FOCS61266.2024.00091,10.1109/FOCS61266.2024.00091,https://ieee-focs.org/FOCS-2024-Papers/,https://ieee-focs.org/FOCS-2024-Papers/data/data.js,LLM_reviewed_title,Primary subject selected in title review; overlapping techniques do not receive additional counts.,General algorithm design,General algorithm design
FOCS-2024-083,FOCS,2024,The Sample Complexity of Smooth Boosting and the Tightness of the Hardcore Theorem,"Guy Blanc (Stanford University, USA), Alexandre Hayderi (Stanford University, USA), Caleb Koch (Stanford University, USA), Li-Yang Tan (Stanford University, USA)",Learning theory,https://doi.org/10.1109/FOCS61266.2024.00092,10.1109/FOCS61266.2024.00092,https://ieee-focs.org/FOCS-2024-Papers/,https://ieee-focs.org/FOCS-2024-Papers/data/data.js,LLM_reviewed_title,Title reviewed; candidate primary category retained.,Learning theory,Learning theory
FOCS-2024-084,FOCS,2024,On the Existence of Seedless Condensers: Exploring the Terrain,"Eshan Chattopadhyay (Cornell University, USA), Mohit Gurumukhani (Cornell University, USA), Noam Ringach (Cornell University, USA)",Pseudorandomness and derandomization,https://doi.org/10.1109/FOCS61266.2024.00093,10.1109/FOCS61266.2024.00093,https://ieee-focs.org/FOCS-2024-Papers/,https://ieee-focs.org/FOCS-2024-Papers/data/data.js,LLM_reviewed_title,Title reviewed; candidate primary category retained.,General algorithm design,Pseudorandomness and derandomization
FOCS-2024-085,FOCS,2024,Tight Bounds for the Zig-Zag Product,"Gil Cohen (Tel Aviv University, Isarel), Itay Cohen (Tel Aviv University, Isarel), Gal Maor (Tel Aviv University, Isarel)",Combinatorics and graph polynomials,https://doi.org/10.1109/FOCS61266.2024.00094,10.1109/FOCS61266.2024.00094,https://ieee-focs.org/FOCS-2024-Papers/,https://ieee-focs.org/FOCS-2024-Papers/data/data.js,LLM_reviewed_title,Primary subject selected in title review; overlapping techniques do not receive additional counts.,General algorithm design,General algorithm design
FOCS-2024-086,FOCS,2024,"Distinguishing, Predicting, and Certifying: On the Long Reach of Partial Notions of Pseudorandomness","Jiatu Li (CSAIL, MIT, USA), Edward Pyne (CSAIL, MIT, USA), Roei Tell (University of Toronto, Canada)",Pseudorandomness and derandomization,https://doi.org/10.1109/FOCS61266.2024.00095,10.1109/FOCS61266.2024.00095,https://ieee-focs.org/FOCS-2024-Papers/,https://ieee-focs.org/FOCS-2024-Papers/data/data.js,LLM_reviewed_title,Title reviewed; candidate primary category retained.,Pseudorandomness and derandomization,Pseudorandomness and derandomization
FOCS-2024-087,FOCS,2024,Improved Condensers for Chor-Goldreich Sources,"Jesse Goodman (The University of Texas at Austin, USA), Xin Li (Johns Hopkins University, MD), David Zuckerman (The University of Texas at Austin, USA)",Pseudorandomness and derandomization,https://doi.org/10.1109/FOCS61266.2024.00096,10.1109/FOCS61266.2024.00096,https://ieee-focs.org/FOCS-2024-Papers/,https://ieee-focs.org/FOCS-2024-Papers/data/data.js,LLM_reviewed_title,Title reviewed; candidate primary category retained.,General algorithm design,Pseudorandomness and derandomization
FOCS-2024-088,FOCS,2024,Improved Distance (Sensitivity) Oracles with Subquadratic Space,"Davide Bilò (University of L'Aquila), Shiri Chechik (Tel Aviv University), Keerti Choudhary (Dep. of CS and Engineering, Indian Institute of Technology Delhi), Sarel Cohen (School of Computer Science, The Academic College of Tel Aviv-Yaffo), Tobias Friedrich (University of Potsdam), Martin Schirneck (University of Vienna)",Dynamic graph algorithms,https://doi.org/10.1109/FOCS61266.2024.00097,10.1109/FOCS61266.2024.00097,https://ieee-focs.org/FOCS-2024-Papers/,https://ieee-focs.org/FOCS-2024-Papers/data/data.js,LLM_reviewed_title,Title reviewed; candidate primary category retained.,General algorithm design,Dynamic graph algorithms
FOCS-2024-089,FOCS,2024,Sparse Graph Counting and Kelley-Meka Bounds for Binary Systems,"Yuval Filmus (Technion, Israel), Hamed Hatami (McGill University, Canada), Kaave Hosseini (University of Rochester, USA), Esty Kelman (Boston University and MIT, USA)",Enumeration and counting,https://doi.org/10.1109/FOCS61266.2024.00098,10.1109/FOCS61266.2024.00098,https://ieee-focs.org/FOCS-2024-Papers/,https://ieee-focs.org/FOCS-2024-Papers/data/data.js,LLM_reviewed_title,Title reviewed; candidate primary category retained.,Enumeration and counting,Enumeration and counting
FOCS-2024-090,FOCS,2024,Towards Instance-Optimal Euclidean Spanners,"Hung Le (University of Massachusetts Amherst, USA), Shay Solomon (Tel Aviv University, Israel), Cuong Than (University of Massachusetts Amherst, USA), Csaba Tóth (California State University Northridge, USA), Tianyi Zhang (Tel Aviv University, Israel)",Computational geometry,https://doi.org/10.1109/FOCS61266.2024.00099,10.1109/FOCS61266.2024.00099,https://ieee-focs.org/FOCS-2024-Papers/,https://ieee-focs.org/FOCS-2024-Papers/data/data.js,LLM_reviewed_title,Title reviewed; candidate primary category retained.,General algorithm design,Computational geometry
FOCS-2024-091,FOCS,2024,"Sensitivity, Proximity and FPT Algorithms for Exact Matroid Problems","Friedrich Eisenbrand (EPFL, Switzerland), Lars Rohwedder (Maastricht University, Netherlands), Karol Węgrzycki (Saarland University and MPI for Informatics, Germany)",Parameterized and exact algorithms,https://doi.org/10.1109/FOCS61266.2024.00100,10.1109/FOCS61266.2024.00100,https://ieee-focs.org/FOCS-2024-Papers/,https://ieee-focs.org/FOCS-2024-Papers/data/data.js,LLM_reviewed_title,Title reviewed; candidate primary category retained.,Parameterized and exact algorithms,Parameterized and exact algorithms
FOCS-2024-092,FOCS,2024,Computational Hardness of Detecting Graph Lifts and Certifying Lift-Monotone Properties of Random Regular Graphs,"Dmitriy Kunisky (Johns Hopkins University, USA), Xifan Yu (Yale University, USA)",Average-case complexity,https://doi.org/10.1109/FOCS61266.2024.00101,10.1109/FOCS61266.2024.00101,https://ieee-focs.org/FOCS-2024-Papers/,https://ieee-focs.org/FOCS-2024-Papers/data/data.js,LLM_reviewed_title,Primary subject selected in title review; overlapping techniques do not receive additional counts.,Graph theory and graph algorithms,Graph theory and graph algorithms
FOCS-2024-093,FOCS,2024,New Structures and Algorithms for Length-Constrained Expander Decompositions,"Bernhard Haeupler (Univ. of Sofia ”St. Kliment Ohridski” & ETH Zurich, Switzerland), D Ellis Hershkowitz (Brown University, USA), Zihan Tan (Rutgers University, USA)",Graph theory and graph algorithms,https://doi.org/10.1109/FOCS61266.2024.00102,10.1109/FOCS61266.2024.00102,https://ieee-focs.org/FOCS-2024-Papers/,https://ieee-focs.org/FOCS-2024-Papers/data/data.js,LLM_reviewed_title,Primary subject selected in title review; overlapping techniques do not receive additional counts.,Combinatorics and graph polynomials,Combinatorics and graph polynomials
FOCS-2024-094,FOCS,2024,Replicability in High Dimensional Statistics,"Max Hopkins (University of California, USA), Russell Impagliazzo (University of California, USA), Daniel Kane (University of California, USA), Sihan Liu (University of California, USA), Christopher Ye (University of California, USA)",Learning theory,https://doi.org/10.1109/FOCS61266.2024.00103,10.1109/FOCS61266.2024.00103,https://ieee-focs.org/FOCS-2024-Papers/,https://ieee-focs.org/FOCS-2024-Papers/data/data.js,LLM_reviewed_title,Primary subject selected in title review; overlapping techniques do not receive additional counts.,General algorithm design,General algorithm design
FOCS-2024-095,FOCS,2024,Computing Approximate Centerpoints in Polynomial Time,"Yeshwanth Cherapanamjeri (Computer Science and Artificial Intelligence Laboratory (CSAIL), Massachusetts Institute of Technology, USA)",Computational geometry,https://doi.org/10.1109/FOCS61266.2024.00104,10.1109/FOCS61266.2024.00104,https://ieee-focs.org/FOCS-2024-Papers/,https://ieee-focs.org/FOCS-2024-Papers/data/data.js,LLM_reviewed_title,Primary subject selected in title review; overlapping techniques do not receive additional counts.,Approximation algorithms,Approximation algorithms
FOCS-2024-096,FOCS,2024,Near-Optimal Size Linear Sketches for Hypergraph Cut Sparsifiers,"Sanjeev Khanna (University of Pennsylvania, USA), Aaron Putterman (Harvard University, USA), Madhu Sudan (Harvard University, USA)",Streaming and sketching,https://doi.org/10.1109/FOCS61266.2024.00105,10.1109/FOCS61266.2024.00105,https://ieee-focs.org/FOCS-2024-Papers/,https://ieee-focs.org/FOCS-2024-Papers/data/data.js,LLM_reviewed_title,Title reviewed; candidate primary category retained.,Streaming and sketching,Streaming and sketching
FOCS-2024-097,FOCS,2024,Sensitivity Sampling for k-Means: Worst Case and Stability Optimal Coreset Bounds,"Nikhil Bansal (University of Michigan, USA), Vincent Cohen-Addad (Google Research, France), Milind Prabhu (University of Michigan, USA), David Saulpic (Université Paris Cité, France), Chris Schwiegelshohn (Aarhus University, Denmark)",Approximation algorithms,https://doi.org/10.1109/FOCS61266.2024.00106,10.1109/FOCS61266.2024.00106,https://ieee-focs.org/FOCS-2024-Papers/,https://ieee-focs.org/FOCS-2024-Papers/data/data.js,LLM_reviewed_title,Title reviewed; candidate primary category retained.,General algorithm design,Approximation algorithms
FOCS-2024-098,FOCS,2024,Novel Properties of Hierarchical Probabilistic Partitions and Their Algorithmic Applications,"Sandip Banerjee (IDSIA USI-SUPSI, Switzerland), Yair Bartal (The Hebrew University of Jerusalem, Israel), Lee-Ad Gottlieb (Ariel University, Israel), Alon Hovav (The Hebrew University of Jerusalem, Israel)",Approximation algorithms,https://doi.org/10.1109/FOCS61266.2024.00107,10.1109/FOCS61266.2024.00107,https://ieee-focs.org/FOCS-2024-Papers/,https://ieee-focs.org/FOCS-2024-Papers/data/data.js,LLM_reviewed_title,Primary subject selected in title review; overlapping techniques do not receive additional counts.,General algorithm design,General algorithm design
FOCS-2024-099,FOCS,2024,Spectral Guarantees for Adversarial Streaming PCA,"Eric Price (University of Texas at Austin, USA), Zhiyang Xun (University of Texas at Austin, USA)",Streaming and sketching,https://doi.org/10.1109/FOCS61266.2024.00108,10.1109/FOCS61266.2024.00108,https://ieee-focs.org/FOCS-2024-Papers/,https://ieee-focs.org/FOCS-2024-Papers/data/data.js,LLM_reviewed_title,Title reviewed; candidate primary category retained.,Streaming and sketching,Streaming and sketching
FOCS-2024-100,FOCS,2024,A Stronger Bound for Linear 3-LCC,"Tal Yankovitz (Tel Aviv University, Israel)",Coding and information theory,https://doi.org/10.1109/FOCS61266.2024.00109,10.1109/FOCS61266.2024.00109,https://ieee-focs.org/FOCS-2024-Papers/,https://ieee-focs.org/FOCS-2024-Papers/data/data.js,LLM_reviewed_title,Primary subject selected in title review; overlapping techniques do not receive additional counts.,General algorithm design,General algorithm design
FOCS-2024-101,FOCS,2024,Exponential Lower Bounds for Smooth 3-LCCs and Sharp Bounds for Designs,"Pravesh K Kothari (Princeton University and the IAS, USA), Peter Manohar (Carnegie Mellon University, USA)",Coding and information theory,https://doi.org/10.1109/FOCS61266.2024.00110,10.1109/FOCS61266.2024.00110,https://ieee-focs.org/FOCS-2024-Papers/,https://ieee-focs.org/FOCS-2024-Papers/data/data.js,LLM_reviewed_title,Primary subject selected in title review; overlapping techniques do not receive additional counts.,General algorithm design,General algorithm design
FOCS-2024-102,FOCS,2024,Random Gabidulin Codes Achieve List Decoding Capacity in the Rank Metric,"Zeyu Guo (The Ohio State University, USA), Chaoping Xing (Shanghai Jiao Tong University, China), Chen Yuan (Shanghai Jiao Tong University, China), Zihan Zhang (The Ohio State University, USA)",Coding and information theory,https://doi.org/10.1109/FOCS61266.2024.00111,10.1109/FOCS61266.2024.00111,https://ieee-focs.org/FOCS-2024-Papers/,https://ieee-focs.org/FOCS-2024-Papers/data/data.js,LLM_reviewed_title,Title reviewed; candidate primary category retained.,Coding and information theory,Coding and information theory
FOCS-2024-103,FOCS,2024,Near-Tight Bounds for 3-Query Locally Correctable Binary Linear Codes via Rainbow Cycles,"Omar Alrabiah (University of California, Berkeley, USA), Venkatesan Guruswami (University of California, Berkeley, USA)",Coding and information theory,https://doi.org/10.1109/FOCS61266.2024.00112,10.1109/FOCS61266.2024.00112,https://ieee-focs.org/FOCS-2024-Papers/,https://ieee-focs.org/FOCS-2024-Papers/data/data.js,LLM_reviewed_title,Title reviewed; candidate primary category retained.,General algorithm design,Coding and information theory
FOCS-2024-104,FOCS,2024,An Improved Line-Point Low-Degree Test,"Prahladh Harsha (Tata Institute of Fundamental Research, India), Mrinal Kumar (Tata Institute of Fundamental Research, India), Ramprasad Saptharishi (Tata Institute of Fundamental Research, India), Madhu Sudan (Harvard University, USA)",Proof complexity and logic,https://doi.org/10.1109/FOCS61266.2024.00113,10.1109/FOCS61266.2024.00113,https://ieee-focs.org/FOCS-2024-Papers/,https://ieee-focs.org/FOCS-2024-Papers/data/data.js,LLM_reviewed_title,Title reviewed; candidate primary category retained.,General algorithm design,Proof complexity and logic
FOCS-2024-105,FOCS,2024,Fast Decision Tree Learning Solves Hard Coding-Theoretic Problems,"Caleb Koch (Stanford University, United States), Carmen Strassle (Stanford University, United States), Li-Yang Tan (Stanford University, United States)",Learning theory,https://doi.org/10.1109/FOCS61266.2024.00114,10.1109/FOCS61266.2024.00114,https://ieee-focs.org/FOCS-2024-Papers/,https://ieee-focs.org/FOCS-2024-Papers/data/data.js,LLM_reviewed_title,Primary subject selected in title review; overlapping techniques do not receive additional counts.,Learning theory,Coding and information theory
FOCS-2024-106,FOCS,2024,Gaussian Approximation of Convex Sets by Intersections of Halfspaces,"Anindya De (University of Pennsylvania, USA), Shivam Nadimpalli (Department of Mathematics, Massachusetts Institute of Technology, USA), Rocco Servedio (Columbia University, USA)",Computational geometry,https://doi.org/10.1109/FOCS61266.2024.00115,10.1109/FOCS61266.2024.00115,https://ieee-focs.org/FOCS-2024-Papers/,https://ieee-focs.org/FOCS-2024-Papers/data/data.js,LLM_reviewed_title,Primary subject selected in title review; overlapping techniques do not receive additional counts.,Approximation algorithms,Approximation algorithms
FOCS-2024-107,FOCS,2024,Agnostically Learning Multi-Index Models with Queries,"Ilias Diakonikolas (UW Madison, USA), Daniel M. Kane (UCSD, USA), Vasilis Kontonis (UT Austin, USA), Christos Tzamos (UW Madison & University of Athens, Greece), Nikos Zarifis (UW-Madison, USA)",Learning theory,https://doi.org/10.1109/FOCS61266.2024.00116,10.1109/FOCS61266.2024.00116,https://ieee-focs.org/FOCS-2024-Papers/,https://ieee-focs.org/FOCS-2024-Papers/data/data.js,LLM_reviewed_title,Title reviewed; candidate primary category retained.,Learning theory,Learning theory
FOCS-2024-108,FOCS,2024,Exploration is Harder than Prediction: Cryptographically Separating Reinforcement Learning from Supervised Learning,"Noah Golowich (MIT, USA), Ankur Moitra (MIT, USA), Dhruv Rohatgi (MIT, USA)","Online algorithms, bandits and stochastic optimization",https://doi.org/10.1109/FOCS61266.2024.00117,10.1109/FOCS61266.2024.00117,https://ieee-focs.org/FOCS-2024-Papers/,https://ieee-focs.org/FOCS-2024-Papers/data/data.js,LLM_reviewed_title,Primary subject selected in title review; overlapping techniques do not receive additional counts.,Cryptography,Cryptography
FOCS-2024-109,FOCS,2024,Revisiting Agnostic PAC Learning,"Steve Hanneke (Purdue University, USA), Kasper Green Larsen (Aarhus University, Denmark), Nikita Zhivotovskiy (UC Berkeley, USA)",Learning theory,https://doi.org/10.1109/FOCS61266.2024.00118,10.1109/FOCS61266.2024.00118,https://ieee-focs.org/FOCS-2024-Papers/,https://ieee-focs.org/FOCS-2024-Papers/data/data.js,LLM_reviewed_title,Title reviewed; candidate primary category retained.,Learning theory,Learning theory
FOCS-2024-110,FOCS,2024,Ramsey Theorems for Trees and a General 'Private Learning Implies Online Learning' Theorem,"Simone Fioravanti (Department of Computer Science, Gran Sasso Science Institute (GSSI), Italy), Steve Hanneke (Purdue University, USA), Shay Moran (Departments of Mathematics, Computer Science & Data and Decision Sciences, Technion Google Research, Israel), Hilla Schefler (Department of Mathematics, Technion, Israel), Iska Tsubari (Department of Mathematics, Technion, Israel)",Differential privacy,https://doi.org/10.1109/FOCS61266.2024.00119,10.1109/FOCS61266.2024.00119,https://ieee-focs.org/FOCS-2024-Papers/,https://ieee-focs.org/FOCS-2024-Papers/data/data.js,LLM_reviewed_title,Title reviewed; candidate primary category retained.,Differential privacy,Differential privacy
FOCS-2024-111,FOCS,2024,Almost-Linear Time Algorithms for Decremental Graphs: Min-Cost Flow and More via Duality,"Jan van den Brand (Georgia Tech, USA), Li Chen (Carnegie Mellon University, USA), Rasmus Kyng (ETH Zurich, Switzerland), Yang P. Liu (Institute for Advanced Study, USA), Simon Meierhans (ETH Zurich, Switzerland), Maximilian Probst Gutenberg (ETH Zurich, Switzerland), Sushant Sachdeva (University of Toronto, Canada)",Dynamic graph algorithms,https://doi.org/10.1109/FOCS61266.2024.00120,10.1109/FOCS61266.2024.00120,https://ieee-focs.org/FOCS-2024-Papers/,https://ieee-focs.org/FOCS-2024-Papers/data/data.js,LLM_reviewed_title,Title reviewed; candidate primary category retained.,Graph theory and graph algorithms,Dynamic graph algorithms
FOCS-2024-112,FOCS,2024,Dynamic Deterministic Constant-Approximate Distance Oracles with n^{ε} Worst-Case Update Time,"Bernhard Haeupler (University of Sofia ""St. Kliment Ohridski"" & ETH Zurich), Yaowei Long (University of Michigan), Thatchaphol Saranurak (University of Michigan)",Dynamic graph algorithms,https://doi.org/10.1109/FOCS61266.2024.00121,10.1109/FOCS61266.2024.00121,https://ieee-focs.org/FOCS-2024-Papers/,https://ieee-focs.org/FOCS-2024-Papers/data/data.js,LLM_reviewed_title,Title reviewed; candidate primary category retained.,Approximation algorithms,Dynamic graph algorithms
FOCS-2024-113,FOCS,2024,Lempel–Ziv (LZ77) Factorization in Sublinear Time,"Dominik Kempa (Stony Brook University, USA), Tomasz Kociumaka (Max Planck Institute for Informatics, Germany)",Data structures and compressed data,https://doi.org/10.1109/FOCS61266.2024.00122,10.1109/FOCS61266.2024.00122,https://ieee-focs.org/FOCS-2024-Papers/,https://ieee-focs.org/FOCS-2024-Papers/data/data.js,LLM_reviewed_title,Primary subject selected in title review; overlapping techniques do not receive additional counts.,General algorithm design,General algorithm design
FOCS-2024-114,FOCS,2024,Maximum Flow by Augmenting Paths in n^{2+o(1)} Time,"Aaron Bernstein (New York University, USA), Joakim Blikstad (KTH Royal Institute of Technology, Sweden; Max Planck Institute for Informatics, Germany), Thatchaphol Saranurak (University of Michigan, USA), Ta-Wei Tu (Stanford University, USA)",Graph theory and graph algorithms,https://doi.org/10.1109/FOCS61266.2024.00123,10.1109/FOCS61266.2024.00123,https://ieee-focs.org/FOCS-2024-Papers/,https://ieee-focs.org/FOCS-2024-Papers/data/data.js,LLM_reviewed_title,Title reviewed; candidate primary category retained.,Graph theory and graph algorithms,Graph theory and graph algorithms
FOCS-2024-115,FOCS,2024,Near-Optimal (1 + ε)-Approximate Fully-Dynamic All-Pairs Shortest Paths in Planar Graphs,"Arnold Filtser (Bar-Ilan University, Israel), Gramoz Goranci (University of Vienna, Austria), Neel Patel (University of Southern California, USA), Maximilian Probst Gutenberg (ETH Zurich, Switzerland)",Dynamic graph algorithms,https://doi.org/10.1109/FOCS61266.2024.00124,10.1109/FOCS61266.2024.00124,https://ieee-focs.org/FOCS-2024-Papers/,https://ieee-focs.org/FOCS-2024-Papers/data/data.js,LLM_reviewed_title,Title reviewed; candidate primary category retained.,Dynamic graph algorithms,Dynamic graph algorithms
FOCS-2024-116,FOCS,2024,Universal Optimality of Dijkstra via Beyond-Worst-Case Heaps,"Bernhard Haeupler (ETH Zurich, Switzerland; University of Sofia, Bulgaria), Richard Hladík (ETH Zurich, Switzerland; University of Sofia, Bulgaria), Václav Rozhoň (University of Sofia, Bulgaria), Robert E. Tarjan (Princeton University, United States), Jakub Tětek (University of Sofia, Bulgaria)",Graph theory and graph algorithms,https://doi.org/10.1109/FOCS61266.2024.00125,10.1109/FOCS61266.2024.00125,https://ieee-focs.org/FOCS-2024-Papers/,https://ieee-focs.org/FOCS-2024-Papers/data/data.js,LLM_reviewed_title,Primary subject selected in title review; overlapping techniques do not receive additional counts.,General algorithm design,General algorithm design
FOCS-2024-117,FOCS,2024,Verifying Groups in Linear Time,"Shai Evra (The Hebrew University of Jerusalem, Israel), Shay Gadot (The Hebrew University of Jerusalem, Israel), Ohad Klein (The Hebrew University of Jerusalem, Israel), Ilan Komargodski (The Hebrew University of Jerusalem, Israel)",Algebraic and numerical computation,https://doi.org/10.1109/FOCS61266.2024.00126,10.1109/FOCS61266.2024.00126,https://ieee-focs.org/FOCS-2024-Papers/,https://ieee-focs.org/FOCS-2024-Papers/data/data.js,LLM_reviewed_title,Primary subject selected in title review; overlapping techniques do not receive additional counts.,General algorithm design,General algorithm design
FOCS-2024-118,FOCS,2024,"Near-Optimal Deterministic Network Decomposition and Ruling Set, and Improved MIS","Mohsen Ghaffari (Massachusetts Institute of Technology), Christoph Grunau (ETH Zurich)",Distributed and local algorithms,https://doi.org/10.1109/FOCS61266.2024.00007,10.1109/FOCS61266.2024.00007,https://ieee-focs.org/FOCS-2024-Papers/,https://ieee-focs.org/FOCS-2024-Papers/data/data.js,LLM_reviewed_title,Primary subject selected in title review; overlapping techniques do not receive additional counts.,General algorithm design,Graph theory and graph algorithms
FOCS-2024-119,FOCS,2024,Power Series Composition in Near-Linear Time,"Yasunori Kinoshita (Tokyo Institute of Technology, Japan), Baitian Li (Tsinghua University, China)",Algebraic and numerical computation,https://doi.org/10.1109/FOCS61266.2024.00127,10.1109/FOCS61266.2024.00127,https://ieee-focs.org/FOCS-2024-Papers/,https://ieee-focs.org/FOCS-2024-Papers/data/data.js,LLM_reviewed_title,Primary subject selected in title review; overlapping techniques do not receive additional counts.,General algorithm design,General algorithm design
FOCS-2024-120,FOCS,2024,Faster (\Delta + 1)-Edge Coloring: Breaking the m \sqrt{n} Time Barrier,"Sayan Bhattacharya (Warwick University, United Kingdom), Din Carmon (Tel Aviv University, Israel), Martin Costa (Warwick University, United Kingdom), Shay Solomon (Tel Aviv University, Israel), Tianyi Zhang (Tel Aviv University, Israel)",Graph theory and graph algorithms,https://doi.org/10.1109/FOCS61266.2024.00128,10.1109/FOCS61266.2024.00128,https://ieee-focs.org/FOCS-2024-Papers/,https://ieee-focs.org/FOCS-2024-Papers/data/data.js,LLM_reviewed_title,Title reviewed; candidate primary category retained.,Graph theory and graph algorithms,Graph theory and graph algorithms
FOCS-2024-121,FOCS,2024,An Improved Pseudopolynomial Time Algorithm for Subset Sum,"Lin Chen (Zhejiang University, China), Jiayi Lian (Zhejiang University, China), Yuchen Mao (Zhejiang University, China), Guochuan Zhang (Zhejiang University, China)",Parameterized and exact algorithms,https://doi.org/10.1109/FOCS61266.2024.00129,10.1109/FOCS61266.2024.00129,https://ieee-focs.org/FOCS-2024-Papers/,https://ieee-focs.org/FOCS-2024-Papers/data/data.js,LLM_reviewed_title,Primary subject selected in title review; overlapping techniques do not receive additional counts.,General algorithm design,General algorithm design
FOCS-2024-122,FOCS,2024,Naively Sorting Evolving Data is Optimal and Robust,"George Giakkoupis (Univ Rennes, France), Marcos Kiwi (Universidad de Chile, Chile), Dimitrios Los (Univ Rennes, France)",General algorithm design,https://doi.org/10.1109/FOCS61266.2024.00130,10.1109/FOCS61266.2024.00130,https://ieee-focs.org/FOCS-2024-Papers/,https://ieee-focs.org/FOCS-2024-Papers/data/data.js,LLM_reviewed_abstract,Sorting in an evolving-data model.,General algorithm design,General algorithm design
FOCS-2024-123,FOCS,2024,Tight Bounds for Sorting Under Partial Information,"Ivor van der Hoog (Technical University of Denmark, Denmark), Daniel Rutschmann (Technical University of Denmark, Denmark)",General algorithm design,https://doi.org/10.1109/FOCS61266.2024.00131,10.1109/FOCS61266.2024.00131,https://ieee-focs.org/FOCS-2024-Papers/,https://ieee-focs.org/FOCS-2024-Papers/data/data.js,LLM_reviewed_abstract,Sorting under partial information with matching query and time bounds.,General algorithm design,General algorithm design
FOCS-2024-124,FOCS,2024,Nearly Optimal List Labeling,"Michael A Bender (Stony Brook University and RelationalAI, USA), Alex Conway (Cornell Tech, USA), Martín Farach-Colton (New York University, USA), Hanna Komlos (New York University, USA), Michal Koucky (Charles University, Czech Republic), William Kuszmaul (Carnegie Mellon University, USA), Michael Saks (Rutgers University, USA)",Data structures and compressed data,https://doi.org/10.1109/FOCS61266.2024.00132,10.1109/FOCS61266.2024.00132,https://ieee-focs.org/FOCS-2024-Papers/,https://ieee-focs.org/FOCS-2024-Papers/data/data.js,LLM_reviewed_title,Title reviewed; candidate primary category retained.,General algorithm design,Data structures and compressed data
FOCS-2024-125,FOCS,2024,Stochastic Online Correlated Selection,"Ziyun Chen (University of Washington, USA), Zhiyi Huang (University of Hong Kong, China), Enze Sun (University of Hong Kong, China)","Online algorithms, bandits and stochastic optimization",https://doi.org/10.1109/FOCS61266.2024.00133,10.1109/FOCS61266.2024.00133,https://ieee-focs.org/FOCS-2024-Papers/,https://ieee-focs.org/FOCS-2024-Papers/data/data.js,LLM_reviewed_title,Title reviewed; candidate primary category retained.,General algorithm design,"Online algorithms, bandits and stochastic optimization"
FOCS-2024-126,FOCS,2024,Directed Isoperimetry and Monotonicity Testing: A Dynamical Approach,"Renato Ferreira Pinto (University of Waterloo, Canada)",Property testing and distribution learning,https://doi.org/10.1109/FOCS61266.2024.00134,10.1109/FOCS61266.2024.00134,https://ieee-focs.org/FOCS-2024-Papers/,https://ieee-focs.org/FOCS-2024-Papers/data/data.js,LLM_reviewed_title,Title reviewed; candidate primary category retained.,Property testing and distribution learning,Property testing and distribution learning
FOCS-2024-127,FOCS,2024,Efficient and Near-Optimal Noise Generation for Streaming Differential Privacy,"Krishnamurthy Dvijotham (Google DeepMind), H. Brendan McMahan (Google Research), Krishna Pillutla (IIT Madras), Thomas Steinke (Google DeepMind), Abhradeep Thakurta (Google DeepMind)",Differential privacy,https://doi.org/10.1109/FOCS61266.2024.00135,10.1109/FOCS61266.2024.00135,https://ieee-focs.org/FOCS-2024-Papers/,https://ieee-focs.org/FOCS-2024-Papers/data/data.js,LLM_reviewed_title,Title reviewed; candidate primary category retained.,Streaming and sketching,Differential privacy
FOCS-2024-128,FOCS,2024,A Strong Separation for Adversarially Robust ℓ0 Estimation for Linear Sketches,"Elena Gribelyuk (Princeton University, USA), Honghao Lin (Carnegie Mellon University, USA), David P. Woodruff (Carnegie Mellon University, USA), Huacheng Yu (Princeton University, USA), Samson Zhou (Texas A&M University, USA)",Streaming and sketching,https://doi.org/10.1109/FOCS61266.2024.00136,10.1109/FOCS61266.2024.00136,https://ieee-focs.org/FOCS-2024-Papers/,https://ieee-focs.org/FOCS-2024-Papers/data/data.js,LLM_reviewed_title,Title reviewed; candidate primary category retained.,Streaming and sketching,Streaming and sketching
FOCS-2024-129,FOCS,2024,The ESPRIT Algorithm Under High Noise: Optimal Error Scaling and Noisy Super-Resolution,"Zhiyan Ding (UC Berkeley), Ethan Epperly (Caltech), Lin Lin (UC Berkeley and Lawrence Berkeley National Laboratory), Ruizhe Zhang (Simons Institute)",Algebraic and numerical computation,https://doi.org/10.1109/FOCS61266.2024.00137,10.1109/FOCS61266.2024.00137,https://ieee-focs.org/FOCS-2024-Papers/,https://ieee-focs.org/FOCS-2024-Papers/data/data.js,LLM_reviewed_title,Primary subject selected in title review; overlapping techniques do not receive additional counts.,General algorithm design,General algorithm design
FOCS-2024-130,FOCS,2024,Constant-Depth Arithmetic Circuits for Linear Algebra Problems,"Robert Andrews (University of Waterloo, Canada), Avi Wigderson (School of Mathematics, Institute for Advanced Study, United States)",Algebraic and numerical computation,https://doi.org/10.1109/FOCS61266.2024.00138,10.1109/FOCS61266.2024.00138,https://ieee-focs.org/FOCS-2024-Papers/,https://ieee-focs.org/FOCS-2024-Papers/data/data.js,LLM_reviewed_title,Title reviewed; candidate primary category retained.,Algebraic and numerical computation,Algebraic and numerical computation
FOCS-2024-131,FOCS,2024,Gradient Descent for Unbounded Convex Functions on Hadamard Manifolds and its Applications to Scaling Problems,"Hiroshi Hirai (Nagoya University, Japan), Keiya Sakabe (The University of Tokyo, Japan)",Optimization and mathematical programming,https://doi.org/10.1109/FOCS61266.2024.00139,10.1109/FOCS61266.2024.00139,https://ieee-focs.org/FOCS-2024-Papers/,https://ieee-focs.org/FOCS-2024-Papers/data/data.js,LLM_reviewed_title,Title reviewed; candidate primary category retained.,General algorithm design,Optimization and mathematical programming
FOCS-2024-132,FOCS,2024,On the Complexity of Avoiding Heavy Elements,"Zhenjian Lu (University of Warwick, UK), Igor Carboni Oliveira (University of Warwick, UK), Hanlin Ren (University of Oxford, UK), Rahul Santhanam (University of Oxford, UK)",Computational and circuit complexity,https://doi.org/10.1109/FOCS61266.2024.00140,10.1109/FOCS61266.2024.00140,https://ieee-focs.org/FOCS-2024-Papers/,https://ieee-focs.org/FOCS-2024-Papers/data/data.js,LLM_reviewed_title,Primary subject selected in title review; overlapping techniques do not receive additional counts.,General algorithm design,General algorithm design
FOCS-2024-133,FOCS,2024,Gradient Descent is Pareto-Optimal in the Oracle Complexity and Memory Tradeoff for Feasibility Problems,"Moïse Blanchard (Massachusetts Institute of Technology, USA)",Optimization and mathematical programming,https://doi.org/10.1109/FOCS61266.2024.00141,10.1109/FOCS61266.2024.00141,https://ieee-focs.org/FOCS-2024-Papers/,https://ieee-focs.org/FOCS-2024-Papers/data/data.js,LLM_reviewed_title,Title reviewed; candidate primary category retained.,General algorithm design,Optimization and mathematical programming
FOCS-2025-001,FOCS,2025,A Dense Neighborhood Lemma: Applications of Partial Concept Classes to Domination and Chromatic Number,"Romain Bourneuf (Univ. Bordeaux, CNRS, Bordeaux INP LaBRI, France), Pierre Charbit (Université de Paris Cité, CNRS IRIF, France), Stéphan Thomassé (Univ. Lyon, ENS de Lyon, UCBL, CNRS LIP, France)",Combinatorics and graph polynomials,https://doi.org/10.1109/FOCS63196.2025.00007,10.1109/FOCS63196.2025.00007,https://ieee-focs.org/FOCS-2025-Papers/,https://ieee-focs.org/FOCS-2025-Papers/data/data.js,LLM_reviewed_title,Primary subject selected in title review; overlapping techniques do not receive additional counts.,General algorithm design,General algorithm design
FOCS-2025-002,FOCS,2025,A Distillation–Teleportation Protocol for Fault-Tolerant QRAM,"Alexander M. Dalzell (AWS Center for Quantum Computing, USA), András Gilyén (HUN-REN Alfréd Rényi Institute of Mathematics, Hungary), Connor T. Hann (AWS Center for Quantum Computing, USA), Sam McArdle (AWS Center for Quantum Computing, USA), Grant Salton (Amazon Quantum Solutions Lab, USA; AWS Center for Quantum Computing, USA), Quynh T. Nguyen (Harvard University, USA), Aleksander Kubica (Yale Quantum Institute, USA; AWS Center for Quantum Computing, USA), Fernando G. S. L. Brandão (AWS Center for Quantum Computing, USA; Institute for Quantum Information and Matter, USA)",Quantum computation,https://doi.org/10.1109/FOCS63196.2025.00008,10.1109/FOCS63196.2025.00008,https://ieee-focs.org/FOCS-2025-Papers/,https://ieee-focs.org/FOCS-2025-Papers/data/data.js,LLM_reviewed_title,Primary subject selected in title review; overlapping techniques do not receive additional counts.,General algorithm design,General algorithm design
FOCS-2025-003,FOCS,2025,A k^{q/q-2} Lower Bound for Odd Query Locally Decodable Codes from Bipartite Kikuchi Graphs,"Oliver Janzer (EPFL, Switzerland), Peter Manohar (The Institute for Advanced Study, USA)",Coding and information theory,https://doi.org/10.1109/FOCS63196.2025.00009,10.1109/FOCS63196.2025.00009,https://ieee-focs.org/FOCS-2025-Papers/,https://ieee-focs.org/FOCS-2025-Papers/data/data.js,LLM_reviewed_title,Title reviewed; candidate primary category retained.,Graph theory and graph algorithms,Coding and information theory
FOCS-2025-004,FOCS,2025,A Little Clairvoyance Is All You Need,"Anupam Gupta (New York University), Haim Kaplan (Tel Aviv University), Alexander Lindermayr (Simons Institute, UC Berkeley), Jens Schlöter (Centrum Wiskunde & Informatica), Sorrachai Yingchareonthawornchai (Institute for Theoretical Studies, ETH Zürich)",Scheduling and packing,https://doi.org/10.1109/FOCS63196.2025.00010,10.1109/FOCS63196.2025.00010,https://ieee-focs.org/FOCS-2025-Papers/,https://ieee-focs.org/FOCS-2025-Papers/data/data.js,LLM_reviewed_abstract,Online single-machine flow-time scheduling under partial clairvoyance.,General algorithm design,General algorithm design
FOCS-2025-005,FOCS,2025,A Polynomial Space Lower Bound for Diameter Estimation in Dynamic Streams,"Sanjeev Khanna (University of Pennsylvania), Ashwin Padaki (University of Pennsylvania), Krish Singal (University of Pennsylvania), Erik Waingarten (University of Pennsylvania)",Streaming and sketching,https://doi.org/10.1109/FOCS63196.2025.00011,10.1109/FOCS63196.2025.00011,https://ieee-focs.org/FOCS-2025-Papers/,https://ieee-focs.org/FOCS-2025-Papers/data/data.js,LLM_reviewed_title,Title reviewed; candidate primary category retained.,General algorithm design,Streaming and sketching
FOCS-2025-006,FOCS,2025,Adaptivity Gaps for Stochastic Probing with Subadditive Functions,"Jian Li (Tsinghua University, China), Yinchen Liu (Tsinghua University, China), Yiran Zhang (Tsinghua University, China)","Online algorithms, bandits and stochastic optimization",https://doi.org/10.1109/FOCS63196.2025.00012,10.1109/FOCS63196.2025.00012,https://ieee-focs.org/FOCS-2025-Papers/,https://ieee-focs.org/FOCS-2025-Papers/data/data.js,LLM_reviewed_title,Primary subject selected in title review; overlapping techniques do not receive additional counts.,General algorithm design,General algorithm design
FOCS-2025-007,FOCS,2025,Adversarially Robust Quantum State Learning and Testing,"Maryam Aliakbarpour (Rice University, USA), Vladimir Braverman (Johns Hopkins University, USA), Nai-Hui Chia (Rice University, USA), Yuhan Liu (Rice University, USA)",Quantum computation,https://doi.org/10.1109/FOCS63196.2025.00013,10.1109/FOCS63196.2025.00013,https://ieee-focs.org/FOCS-2025-Papers/,https://ieee-focs.org/FOCS-2025-Papers/data/data.js,LLM_reviewed_title,Title reviewed; candidate primary category retained.,Quantum computation,Quantum computation
FOCS-2025-008,FOCS,2025,Almost Tight Additive Guarantees for k-Edge-Connectivity,"Nikhil Kumar (Tata Institute for Fundamental Research, India), Chaitanya Swamy (University of Waterloo, Canada)",Graph theory and graph algorithms,https://doi.org/10.1109/FOCS63196.2025.00014,10.1109/FOCS63196.2025.00014,https://ieee-focs.org/FOCS-2025-Papers/,https://ieee-focs.org/FOCS-2025-Papers/data/data.js,LLM_reviewed_title,Title reviewed; candidate primary category retained.,Graph theory and graph algorithms,Graph theory and graph algorithms
FOCS-2025-009,FOCS,2025,An Improved Bound for the Beck-Fiala Conjecture,"Nikhil Bansal (University of Michigan, USA), Haotian Jiang (University of Chicago, USA)",Combinatorics and graph polynomials,https://doi.org/10.1109/FOCS63196.2025.00015,10.1109/FOCS63196.2025.00015,https://ieee-focs.org/FOCS-2025-Papers/,https://ieee-focs.org/FOCS-2025-Papers/data/data.js,LLM_reviewed_title,Primary subject selected in title review; overlapping techniques do not receive additional counts.,General algorithm design,General algorithm design
FOCS-2025-010,FOCS,2025,An Improved Greedy Approximation for (Metric) k-Means,"Moses Charikar (Stanford University), Vincent Cohen-Addad (Google Research), Ruiquan Gao (Stanford University), Fabrizio Grandoni (IDSIA, USI-SUPSI), Euiwoong Lee (University of Michigan), Ernest van Wijland (Université Paris-Cité)",Approximation algorithms,https://doi.org/10.1109/FOCS63196.2025.00016,10.1109/FOCS63196.2025.00016,https://ieee-focs.org/FOCS-2025-Papers/,https://ieee-focs.org/FOCS-2025-Papers/data/data.js,LLM_reviewed_title,Title reviewed; candidate primary category retained.,Approximation algorithms,Approximation algorithms
FOCS-2025-011,FOCS,2025,Approximating High-Dimensional Earth Mover's Distance as Fast as Closest Pair,"Lorenzo Beretta (IBM Research, USA), Vincent Cohen-Addad (Google Research, USA), Rajesh Jayaram (Google Research, USA), Erik Waingarten (University of Pennsylvania, USA)",Computational geometry,https://doi.org/10.1109/FOCS63196.2025.00017,10.1109/FOCS63196.2025.00017,https://ieee-focs.org/FOCS-2025-Papers/,https://ieee-focs.org/FOCS-2025-Papers/data/data.js,LLM_reviewed_title,Primary subject selected in title review; overlapping techniques do not receive additional counts.,Approximation algorithms,Approximation algorithms
FOCS-2025-012,FOCS,2025,Asymptotically Optimal Inapproximability of Ek-SAT Reconfiguration,"Shuichi Hirahara (National Institute of Informatics, Japan), Naoto Ohsaka (CyberAgent, Inc., Japan)",Automated reasoning and unification,https://doi.org/10.1109/FOCS63196.2025.00018,10.1109/FOCS63196.2025.00018,https://ieee-focs.org/FOCS-2025-Papers/,https://ieee-focs.org/FOCS-2025-Papers/data/data.js,LLM_reviewed_title,Title reviewed; candidate primary category retained.,Automated reasoning and unification,Automated reasoning and unification
FOCS-2025-013,FOCS,2025,Average-Distortion Sketching,"Yiqiao Bao (University of Pennsylvania, USA), Anubhav Baweja (University of Pennsylvania, USA), Nicolas Menand (University of Pennsylvania, USA), Erik Waingarten (University of Pennsylvania, USA), Nathan White (University of Pennsylvania, USA), Tian Zhang (University of Pennsylvania, USA)",Streaming and sketching,https://doi.org/10.1109/FOCS63196.2025.00019,10.1109/FOCS63196.2025.00019,https://ieee-focs.org/FOCS-2025-Papers/,https://ieee-focs.org/FOCS-2025-Papers/data/data.js,LLM_reviewed_title,Title reviewed; candidate primary category retained.,Streaming and sketching,Streaming and sketching
FOCS-2025-014,FOCS,2025,"Beyond Regularity: Simple Versus Optimal Mechanisms, Revisited","Yiding Feng (Hong Kong University of Science and Technology, China), Yaonan Jin (Huawei Corporation, China)",Algorithmic game theory and fair division,https://doi.org/10.1109/FOCS63196.2025.00020,10.1109/FOCS63196.2025.00020,https://ieee-focs.org/FOCS-2025-Papers/,https://ieee-focs.org/FOCS-2025-Papers/data/data.js,LLM_reviewed_title,Primary subject selected in title review; overlapping techniques do not receive additional counts.,General algorithm design,General algorithm design
FOCS-2025-015,FOCS,2025,Binary Codes for Computationally Bounded Errors Under Standard Crypto Assumptions,"George Lu (UT Austin, USA), Jad Silbak (Massachusetts Institute of Technology, USA), Daniel Wichs (Northeastern University and NTT Research, USA)",Coding and information theory,https://doi.org/10.1109/FOCS63196.2025.00021,10.1109/FOCS63196.2025.00021,https://ieee-focs.org/FOCS-2025-Papers/,https://ieee-focs.org/FOCS-2025-Papers/data/data.js,LLM_reviewed_title,Title reviewed; candidate primary category retained.,General algorithm design,Coding and information theory
FOCS-2025-016,FOCS,2025,Bipartite Matching is in Catalytic Logspace,"Aryan Agarwala (Max-Planck-Institute für Informatik, Deutschland), Ian Mertz (Univerzita Karlova, ˇ Cesk´ a Republika)",Computational and circuit complexity,https://doi.org/10.1109/FOCS63196.2025.00022,10.1109/FOCS63196.2025.00022,https://ieee-focs.org/FOCS-2025-Papers/,https://ieee-focs.org/FOCS-2025-Papers/data/data.js,LLM_reviewed_title,Primary subject selected in title review; overlapping techniques do not receive additional counts.,Graph theory and graph algorithms,Graph theory and graph algorithms
FOCS-2025-017,FOCS,2025,Breaking a Long-Standing Barrier: 2-ε Approximation for Steiner Forest,"Ali Ahmadi (University of Maryland, United States), Iman Gholami (University of Maryland, United States), MohammadTaghi Hajiaghayi (University of Maryland, United States), Peyman Jabbarzade (University of Maryland, United States), Mohammad Mahdavi (University of Maryland, United States)",Approximation algorithms,https://doi.org/10.1109/FOCS63196.2025.00023,10.1109/FOCS63196.2025.00023,https://ieee-focs.org/FOCS-2025-Papers/,https://ieee-focs.org/FOCS-2025-Papers/data/data.js,LLM_reviewed_title,Title reviewed; candidate primary category retained.,Approximation algorithms,Approximation algorithms
FOCS-2025-018,FOCS,2025,Characterization of Priority-Neutral Matching Lattices,"Clayton Thomas (Yale University, United States)",Algorithmic game theory and fair division,https://doi.org/10.1109/FOCS63196.2025.00024,10.1109/FOCS63196.2025.00024,https://ieee-focs.org/FOCS-2025-Papers/,https://ieee-focs.org/FOCS-2025-Papers/data/data.js,LLM_reviewed_title,Primary subject selected in title review; overlapping techniques do not receive additional counts.,Lattices and computational number theory,Lattices and computational number theory
FOCS-2025-019,FOCS,2025,Collapsing Catalytic Classes,"Michal Koucky (Charles University, Czech Republic), Ian Mertz (Charles University, Czech Republic), Edward Pyne (MIT, USA), Sasha Sami (Charles University, Czech Republic)",Computational and circuit complexity,https://doi.org/10.1109/FOCS63196.2025.00025,10.1109/FOCS63196.2025.00025,https://ieee-focs.org/FOCS-2025-Papers/,https://ieee-focs.org/FOCS-2025-Papers/data/data.js,LLM_reviewed_title,Primary subject selected in title review; overlapping techniques do not receive additional counts.,General algorithm design,General algorithm design
FOCS-2025-020,FOCS,2025,Combinatorial Maximum Flow via Weighted Push-Relabel on Shortcut Graphs,"Aaron Bernstein (New York University, New York, USA), Joakim Blikstad (Centrum Wiskunde & Informatica, Amsterdam, Netherlands), Jason Li (Carnegie Mellon University, Pittsburgh, USA), Thatchaphol Saranurak (University of Michigan, Ann Arbor, USA), Ta-Wei Tu (Stanford University, Stanford, USA)",Graph theory and graph algorithms,https://doi.org/10.1109/FOCS63196.2025.00026,10.1109/FOCS63196.2025.00026,https://ieee-focs.org/FOCS-2025-Papers/,https://ieee-focs.org/FOCS-2025-Papers/data/data.js,LLM_reviewed_title,Primary subject selected in title review; overlapping techniques do not receive additional counts.,Combinatorics and graph polynomials,Combinatorics and graph polynomials
FOCS-2025-021,FOCS,2025,"Complexity Theory of Orbit Closure Intersection for Tensors: Reductions, Completeness, and Graph Isomorphism Hardness","Vladimir Lysikov (Ruhr University Bochum, Germany), Michael Walter (Ruhr University Bochum, Germany; LMU Munich, Germany)",Algebraic and numerical computation,https://doi.org/10.1109/FOCS63196.2025.00027,10.1109/FOCS63196.2025.00027,https://ieee-focs.org/FOCS-2025-Papers/,https://ieee-focs.org/FOCS-2025-Papers/data/data.js,LLM_reviewed_title,Primary subject selected in title review; overlapping techniques do not receive additional counts.,Graph theory and graph algorithms,Graph theory and graph algorithms
FOCS-2025-022,FOCS,2025,Computational-Statistical Tradeoffs from NP-Hardness,"Guy Blanc (Stanford University, United States), Caleb Koch (Stanford University, United States), Carmen Strassle (Stanford University, United States), Li-Yang Tan (Stanford University, United States)",Average-case complexity,https://doi.org/10.1109/FOCS63196.2025.00028,10.1109/FOCS63196.2025.00028,https://ieee-focs.org/FOCS-2025-Papers/,https://ieee-focs.org/FOCS-2025-Papers/data/data.js,LLM_reviewed_title,Primary subject selected in title review; overlapping techniques do not receive additional counts.,Computational and circuit complexity,Computational and circuit complexity
FOCS-2025-023,FOCS,2025,Computing the Polytope Diameter is Even Harder than NP-Hard (Already for Perfect Matchings),"Lasse Wulf (IT University of Copenhagen, Denmark)",Computational geometry,https://doi.org/10.1109/FOCS63196.2025.00029,10.1109/FOCS63196.2025.00029,https://ieee-focs.org/FOCS-2025-Papers/,https://ieee-focs.org/FOCS-2025-Papers/data/data.js,LLM_reviewed_title,Title reviewed; candidate primary category retained.,Computational geometry,Computational geometry
FOCS-2025-024,FOCS,2025,Constant Approximation of Arboricity in Near-Optimal Sublinear Time,"Jiangqi Dai (MIT, USA), Mohsen Ghaffari (MIT, USA), Julian Portmann (ETH Zurich, Switzerland)",Approximation algorithms,https://doi.org/10.1109/FOCS63196.2025.00030,10.1109/FOCS63196.2025.00030,https://ieee-focs.org/FOCS-2025-Papers/,https://ieee-focs.org/FOCS-2025-Papers/data/data.js,LLM_reviewed_title,Title reviewed; candidate primary category retained.,Approximation algorithms,Approximation algorithms
FOCS-2025-025,FOCS,2025,Constant Rate Codes for Adaptive Broadcasts Do Not Exist,"Klim Efremenko (Ben-Gurion University, Israel), Gillat Kol (Princeton University, USA), Dmitry Paramonov (Princeton University, USA), Raghuvansh Saxena (Tata Institute of Fundamental Research, India)",Coding and information theory,https://doi.org/10.1109/FOCS63196.2025.00031,10.1109/FOCS63196.2025.00031,https://ieee-focs.org/FOCS-2025-Papers/,https://ieee-focs.org/FOCS-2025-Papers/data/data.js,LLM_reviewed_title,Title reviewed; candidate primary category retained.,General algorithm design,Coding and information theory
FOCS-2025-026,FOCS,2025,Cryptography Meets Worst-Case Complexity: Optimal Security and More From iO and Worst-Case Assumptions,"Rahul Ilango (Massachusetts Institute of Technology, USA), Alex Lombardi (Princeton University, USA)",Cryptography,https://doi.org/10.1109/FOCS63196.2025.00032,10.1109/FOCS63196.2025.00032,https://ieee-focs.org/FOCS-2025-Papers/,https://ieee-focs.org/FOCS-2025-Papers/data/data.js,LLM_reviewed_title,Title reviewed; candidate primary category retained.,Cryptography,Cryptography
FOCS-2025-027,FOCS,2025,Cycle Factors of Regular Graphs via Entropy,"Micha Christoph (ETH Zurich, Switzerland), Nemanja Draganic (University of Oxford, United Kingdom), Antonio Girao (University of Oxford, United Kingdom), Eoin Hurley (University of Oxford, United Kingdom), Lukas Michel (University of Oxford, United Kingdom), Alp Muyesser (University of Oxford, United Kingdom)",Graph theory and graph algorithms,https://doi.org/10.1109/FOCS63196.2025.00033,10.1109/FOCS63196.2025.00033,https://ieee-focs.org/FOCS-2025-Papers/,https://ieee-focs.org/FOCS-2025-Papers/data/data.js,LLM_reviewed_title,Title reviewed; candidate primary category retained.,Graph theory and graph algorithms,Graph theory and graph algorithms
FOCS-2025-028,FOCS,2025,Density Measures for Language Generation,"Jon Kleinberg (Cornell University, USA), Fan Wei (Duke University, USA)",Learning theory,https://doi.org/10.1109/FOCS63196.2025.00034,10.1109/FOCS63196.2025.00034,https://ieee-focs.org/FOCS-2025-Papers/,https://ieee-focs.org/FOCS-2025-Papers/data/data.js,LLM_reviewed_title,Primary subject selected in title review; overlapping techniques do not receive additional counts.,General algorithm design,General algorithm design
FOCS-2025-029,FOCS,2025,Deterministic Almost-Linear-Time Gomory-Hu Trees,"Amir Abboud (Weizmann Institute of Science, Israel), Rasmus Kyng (ETH Zurich, Switzerland), Jason Li (Carnegie Mellon University, USA), Debmalya Panigrahi (Duke University, USA), Maximilian Probst Gutenberg (ETH Zurich, Switzerland), Thatchaphol Saranurak (University of Michigan, USA), Weixuan Yuan (ETH Zurich, Switzerland), Wuwei Yuan (ETH Zurich, Switzerland)",Graph theory and graph algorithms,https://doi.org/10.1109/FOCS63196.2025.00035,10.1109/FOCS63196.2025.00035,https://ieee-focs.org/FOCS-2025-Papers/,https://ieee-focs.org/FOCS-2025-Papers/data/data.js,LLM_reviewed_title,Title reviewed; candidate primary category retained.,General algorithm design,Graph theory and graph algorithms
FOCS-2025-030,FOCS,2025,Deterministic Counting from Coupling Independence,"Xiaoyu Chen (Massachusetts Institute of Technology, USA), Weiming Feng (The University of Hong Kong, China), Heng Guo (University of Edinburgh, United Kingdom), Xinyuan Zhang (Nanjing University, China), Zongrui Zou (Nanjing University, China)",Enumeration and counting,https://doi.org/10.1109/FOCS63196.2025.00036,10.1109/FOCS63196.2025.00036,https://ieee-focs.org/FOCS-2025-Papers/,https://ieee-focs.org/FOCS-2025-Papers/data/data.js,LLM_reviewed_title,Title reviewed; candidate primary category retained.,Enumeration and counting,Enumeration and counting
FOCS-2025-031,FOCS,2025,Deterministic Factorization of Constant-Depth Algebraic Circuits in Subexponential Time,"Somnath Bhattacharjee (University of Toronto, Canada), Mrinal Kumar (TIFR Mumbai, India), Varun Ramanathan (TIFR Mumbai, India), Ramprasad Saptharishi (TIFR Mumbai, India), Shubhangi Saraf (University of Toronto, Canada)",Algebraic and numerical computation,https://doi.org/10.1109/FOCS63196.2025.00037,10.1109/FOCS63196.2025.00037,https://ieee-focs.org/FOCS-2025-Papers/,https://ieee-focs.org/FOCS-2025-Papers/data/data.js,LLM_reviewed_title,Title reviewed; candidate primary category retained.,General algorithm design,Algebraic and numerical computation
FOCS-2025-032,FOCS,2025,Direct Product Theorems for Randomized Query Complexity,"Shalev Ben-David (University of Waterloo), Eric Blais (University of Waterloo)",Computational and circuit complexity,https://doi.org/10.1109/FOCS63196.2025.00038,10.1109/FOCS63196.2025.00038,https://ieee-focs.org/FOCS-2025-Papers/,https://ieee-focs.org/FOCS-2025-Papers/data/data.js,LLM_reviewed_title,Title reviewed; candidate primary category retained.,General algorithm design,Computational and circuit complexity
FOCS-2025-033,FOCS,2025,Distance Approximating Minors for Planar and Minor-Free Graphs,"Hsien-Chih Chang (Dartmouth College, USA), Jonathan Conroy (Dartmouth College, USA)",Approximation algorithms,https://doi.org/10.1109/FOCS63196.2025.00039,10.1109/FOCS63196.2025.00039,https://ieee-focs.org/FOCS-2025-Papers/,https://ieee-focs.org/FOCS-2025-Papers/data/data.js,LLM_reviewed_title,Title reviewed; candidate primary category retained.,Approximation algorithms,Approximation algorithms
FOCS-2025-034,FOCS,2025,Distributed Triangle Detection is Hard in Few Rounds,"Sepehr Assadi (University of Waterloo, Canada), Janani Sundaresan (University of Waterloo, Canada)",Distributed and local algorithms,https://doi.org/10.1109/FOCS63196.2025.00040,10.1109/FOCS63196.2025.00040,https://ieee-focs.org/FOCS-2025-Papers/,https://ieee-focs.org/FOCS-2025-Papers/data/data.js,LLM_reviewed_title,Title reviewed; candidate primary category retained.,Distributed and local algorithms,Distributed and local algorithms
FOCS-2025-035,FOCS,2025,Dynamic Dyck and Tree Edit Distance: Decompositions and Reductions to String Edit Distance,"Debarati Das (Pennsylvania State University, USA), Jacob Gilbert (University of Maryland, USA), MohammadTaghi Hajiaghayi (University of Maryland, USA), Tomasz Kociumaka (Max Planck Institute for Informatics, Germany), Barna Saha (University of California, San Diego, USA)",Data structures and compressed data,https://doi.org/10.1109/FOCS63196.2025.00041,10.1109/FOCS63196.2025.00041,https://ieee-focs.org/FOCS-2025-Papers/,https://ieee-focs.org/FOCS-2025-Papers/data/data.js,LLM_reviewed_title,Primary subject selected in title review; overlapping techniques do not receive additional counts.,Data structures and compressed data,Dynamic graph algorithms
FOCS-2025-036,FOCS,2025,Dynamic Treewidth in Logarithmic Time,"Tuukka Korhonen (University of Copenhagen, Denmark)",Dynamic graph algorithms,https://doi.org/10.1109/FOCS63196.2025.00042,10.1109/FOCS63196.2025.00042,https://ieee-focs.org/FOCS-2025-Papers/,https://ieee-focs.org/FOCS-2025-Papers/data/data.js,LLM_reviewed_title,Primary subject selected in title review; overlapping techniques do not receive additional counts.,Graph theory and graph algorithms,Graph theory and graph algorithms
FOCS-2025-037,FOCS,2025,Edge-Weighted Matching in the Dark,"Zhiyi Huang (The University of Hong Kong, China), Enze Sun (The University of Hong Kong, China), Xiaowei Wu (University of Macau, China), Jiahao Zhao (The University of Hong Kong, China)","Online algorithms, bandits and stochastic optimization",https://doi.org/10.1109/FOCS63196.2025.00043,10.1109/FOCS63196.2025.00043,https://ieee-focs.org/FOCS-2025-Papers/,https://ieee-focs.org/FOCS-2025-Papers/data/data.js,LLM_reviewed_abstract,Competitive analysis of oblivious/query-commit bipartite matching.,Graph theory and graph algorithms,Graph theory and graph algorithms
FOCS-2025-038,FOCS,2025,Efficiently Batching Unambiguous Interactive Proofs,"Bonnie Berger (MIT, USA), Rohan Goyal (MIT, USA), Matthew M. Hong (MIT, USA), Yael Tauman Kalai (MIT, USA)",Proof complexity and logic,https://doi.org/10.1109/FOCS63196.2025.00044,10.1109/FOCS63196.2025.00044,https://ieee-focs.org/FOCS-2025-Papers/,https://ieee-focs.org/FOCS-2025-Papers/data/data.js,LLM_reviewed_title,Title reviewed; candidate primary category retained.,General algorithm design,Proof complexity and logic
FOCS-2025-039,FOCS,2025,Embeddings into Similarity Measures for Nearest Neighbor Search,"Alexandr Andoni (Columbia University, USA), Negev Shekel Nosatzki (Columbia University, USA)",Data structures and compressed data,https://doi.org/10.1109/FOCS63196.2025.00045,10.1109/FOCS63196.2025.00045,https://ieee-focs.org/FOCS-2025-Papers/,https://ieee-focs.org/FOCS-2025-Papers/data/data.js,LLM_reviewed_title,Title reviewed; candidate primary category retained.,General algorithm design,Data structures and compressed data
FOCS-2025-040,FOCS,2025,Explicit Lossless Vertex Expanders,"Jun-Ting Hsieh (Carnegie Mellon University, USA), Alexander Lubotzky (Hebrew University, Israel), Sidhanth Mohanty (Massachusetts Institute of Technology, USA), Assaf Reiner (Hebrew University, Israel), Rachel Yun Zhang (Massachusetts Institute of Technology, USA)",Combinatorics and graph polynomials,https://doi.org/10.1109/FOCS63196.2025.00046,10.1109/FOCS63196.2025.00046,https://ieee-focs.org/FOCS-2025-Papers/,https://ieee-focs.org/FOCS-2025-Papers/data/data.js,LLM_reviewed_title,Title reviewed; candidate primary category retained.,Combinatorics and graph polynomials,Combinatorics and graph polynomials
FOCS-2025-041,FOCS,2025,Exponential Improvements to the Average-Case Hardness of BosonSampling,"Adam Bouland (Stanford University, USA), Ishaun Datta (Stanford University, USA), Bill Fefferman (University of Chicago, USA), Felipe Hernandez (Penn State, USA)",Quantum computation,https://doi.org/10.1109/FOCS63196.2025.00047,10.1109/FOCS63196.2025.00047,https://ieee-focs.org/FOCS-2025-Papers/,https://ieee-focs.org/FOCS-2025-Papers/data/data.js,LLM_reviewed_title,Title reviewed; candidate primary category retained.,General algorithm design,Quantum computation
FOCS-2025-042,FOCS,2025,Extractors for Samplable Distributions with Polynomially Small Min-Entropy,"Ronen Shaltiel (University of Haifa, Israel)",Pseudorandomness and derandomization,https://doi.org/10.1109/FOCS63196.2025.00048,10.1109/FOCS63196.2025.00048,https://ieee-focs.org/FOCS-2025-Papers/,https://ieee-focs.org/FOCS-2025-Papers/data/data.js,LLM_reviewed_title,Title reviewed; candidate primary category retained.,General algorithm design,Pseudorandomness and derandomization
FOCS-2025-043,FOCS,2025,Factorization Norms and an Inverse Theorem for MaxCut,"Igor Balla (Leipzig University, Germany), Lianna Hambardzumyan (University of Victoria, Canada), István Tomon (Umeå University, Sweden)",Combinatorics and graph polynomials,https://doi.org/10.1109/FOCS63196.2025.00049,10.1109/FOCS63196.2025.00049,https://ieee-focs.org/FOCS-2025-Papers/,https://ieee-focs.org/FOCS-2025-Papers/data/data.js,LLM_reviewed_abstract,Structure of Boolean matrices with bounded factorization norm and extremal MaxCut.,Graph theory and graph algorithms,General algorithm design
FOCS-2025-044,FOCS,2025,Fast Algorithms for Graph Arboricity and Related Problems,"Ruoxu Cen (Duke University, United States), Henry Fleischmann (Carnegie Mellon University, United States), George Z. Li (Carnegie Mellon University, United States), Jason Li (Carnegie Mellon University, United States), Debmalya Panigrahi (Duke University, United States)",Graph theory and graph algorithms,https://doi.org/10.1109/FOCS63196.2025.00050,10.1109/FOCS63196.2025.00050,https://ieee-focs.org/FOCS-2025-Papers/,https://ieee-focs.org/FOCS-2025-Papers/data/data.js,LLM_reviewed_title,Title reviewed; candidate primary category retained.,Graph theory and graph algorithms,Graph theory and graph algorithms
FOCS-2025-045,FOCS,2025,Faster Exact Learning of k-Term DNFs with Membership and Equivalence Queries,"Josh Alman (Columbia University, USA), Shivam Nadimpalli (Massachusetts Institute of Technology, USA), Shyamal Patel (Columbia University, USA), Rocco A. Servedio (Columbia University, USA)",Learning theory,https://doi.org/10.1109/FOCS63196.2025.00051,10.1109/FOCS63196.2025.00051,https://ieee-focs.org/FOCS-2025-Papers/,https://ieee-focs.org/FOCS-2025-Papers/data/data.js,LLM_reviewed_title,Title reviewed; candidate primary category retained.,Learning theory,Learning theory
FOCS-2025-046,FOCS,2025,Faster Logconcave Sampling from a Cold Start in High Dimension,"Yunbum Kook (Georgia Institute of Technology, USA), Santosh S. Vempala (Georgia Institute of Technology, USA)",Optimization and mathematical programming,https://doi.org/10.1109/FOCS63196.2025.00052,10.1109/FOCS63196.2025.00052,https://ieee-focs.org/FOCS-2025-Papers/,https://ieee-focs.org/FOCS-2025-Papers/data/data.js,LLM_reviewed_title,Primary subject selected in title review; overlapping techniques do not receive additional counts.,General algorithm design,Enumeration and counting
FOCS-2025-047,FOCS,2025,Faster Mixing of the Jerrum-Sinclair Chain,"Xiaoyu Chen (LIDS, MIT, Cambridge, MA.), Weiming Feng (The University of Hong Kong, China.), Zhe Ju (Nanjing University, China.), Tianshun Miao (Nanjing University, China.), Yitong Yin (Nanjing University, China.), Xinyuan Zhang (Nanjing University, China.)",Enumeration and counting,https://doi.org/10.1109/FOCS63196.2025.00053,10.1109/FOCS63196.2025.00053,https://ieee-focs.org/FOCS-2025-Papers/,https://ieee-focs.org/FOCS-2025-Papers/data/data.js,LLM_reviewed_title,Title reviewed; candidate primary category retained.,General algorithm design,Enumeration and counting
FOCS-2025-048,FOCS,2025,Finding Colorings in One-Sided Expanders,"Rares-Darius Buhai (ETH Zurich, Switzerland), Yiding Hua (ETH Zurich, Switzerland), David Steurer (ETH Zurich, Switzerland), Andor Vári-Kakas (ETH Zurich, Switzerland)",Graph theory and graph algorithms,https://doi.org/10.1109/FOCS63196.2025.00054,10.1109/FOCS63196.2025.00054,https://ieee-focs.org/FOCS-2025-Papers/,https://ieee-focs.org/FOCS-2025-Papers/data/data.js,LLM_reviewed_title,Primary subject selected in title review; overlapping techniques do not receive additional counts.,Combinatorics and graph polynomials,Combinatorics and graph polynomials
FOCS-2025-049,FOCS,2025,Fingerprint Filters Are Optimal,"William Kuszmaul (Carnegie Mellon University, USA), Jingxun Liang (Carnegie Mellon University, USA), Renfei Zhou (Carnegie Mellon University, USA)",Data structures and compressed data,https://doi.org/10.1109/FOCS63196.2025.00055,10.1109/FOCS63196.2025.00055,https://ieee-focs.org/FOCS-2025-Papers/,https://ieee-focs.org/FOCS-2025-Papers/data/data.js,LLM_reviewed_title,Primary subject selected in title review; overlapping techniques do not receive additional counts.,General algorithm design,General algorithm design
FOCS-2025-050,FOCS,2025,Gap-Preserving Reductions and RE-Completeness of Independent Set Games,"Laura Mancinska (University of Copenhagen, Denmark), Pieter Spaas (University of Copenhagen, Denmark), Taro Spirig (University of Copenhagen, Denmark), Matthijs Vernooij (TU Delft, Netherlands)",Quantum computation,https://doi.org/10.1109/FOCS63196.2025.00056,10.1109/FOCS63196.2025.00056,https://ieee-focs.org/FOCS-2025-Papers/,https://ieee-focs.org/FOCS-2025-Papers/data/data.js,LLM_reviewed_title,Primary subject selected in title review; overlapping techniques do not receive additional counts.,General algorithm design,Graph theory and graph algorithms
FOCS-2025-051,FOCS,2025,Generalized Flow in Nearly-Linear Time on Moderately Dense Graphs,"Shunhua Jiang (Columbia University, USA), Michael Kapralov (Ecole Polytechnique Federale de Lausanne, Switzerland), Lawrence Li (University of Toronto, Canada), Aaron Sidford (Stanford University, USA)",Graph theory and graph algorithms,https://doi.org/10.1109/FOCS63196.2025.00057,10.1109/FOCS63196.2025.00057,https://ieee-focs.org/FOCS-2025-Papers/,https://ieee-focs.org/FOCS-2025-Papers/data/data.js,LLM_reviewed_title,Title reviewed; candidate primary category retained.,Graph theory and graph algorithms,Graph theory and graph algorithms
FOCS-2025-052,FOCS,2025,"Gödel in Cryptography: Effectively Zero-Knowledge Proofs for NP with No Interaction, No Setup, and Perfect Soundness","Rahul Ilango (Massachusetts Institute of Technology, USA)",Cryptography,https://doi.org/10.1109/FOCS63196.2025.00058,10.1109/FOCS63196.2025.00058,https://ieee-focs.org/FOCS-2025-Papers/,https://ieee-focs.org/FOCS-2025-Papers/data/data.js,LLM_reviewed_title,Title reviewed; candidate primary category retained.,Cryptography,Cryptography
FOCS-2025-053,FOCS,2025,Group Order is in QCMA,"François Le Gall (Nagoya University, Japan), Harumichi Nishimura (Nagoya University, Japan), Dhara Thakkar (Nagoya University, Japan)",Quantum computation,https://doi.org/10.1109/FOCS63196.2025.00059,10.1109/FOCS63196.2025.00059,https://ieee-focs.org/FOCS-2025-Papers/,https://ieee-focs.org/FOCS-2025-Papers/data/data.js,LLM_reviewed_title,Title reviewed; candidate primary category retained.,General algorithm design,Quantum computation
FOCS-2025-054,FOCS,2025,Handling LP-Rounding for Hierarchical Clustering and Fitting Distances by Ultrametrics,"Hyung-Chan An (Yonsei University, South Korea), Mong-Jen Kao (National Yang-Ming Chiao-Tung University, Taiwan), Changyeol Lee (Yonsei University, South Korea), Mu-Ting Lee (National Yang-Ming Chiao-Tung University, Taiwan)",Approximation algorithms,https://doi.org/10.1109/FOCS63196.2025.00060,10.1109/FOCS63196.2025.00060,https://ieee-focs.org/FOCS-2025-Papers/,https://ieee-focs.org/FOCS-2025-Papers/data/data.js,LLM_reviewed_title,Title reviewed; candidate primary category retained.,General algorithm design,Approximation algorithms
FOCS-2025-055,FOCS,2025,High Dimensional Online Calibration in Polynomial Time,"Binghui Peng (Google Research, United States)","Online algorithms, bandits and stochastic optimization",https://doi.org/10.1109/FOCS63196.2025.00061,10.1109/FOCS63196.2025.00061,https://ieee-focs.org/FOCS-2025-Papers/,https://ieee-focs.org/FOCS-2025-Papers/data/data.js,LLM_reviewed_title,Title reviewed; candidate primary category retained.,General algorithm design,"Online algorithms, bandits and stochastic optimization"
FOCS-2025-056,FOCS,2025,"High-to-Low Dimensional PPA-Completeness: Borsuk-Ulam, Tucker, Consensus Halving, and Ham Sandwich","Ruiquan Gao (Stanford University, USA), Alexandros Hollender (University of Oxford, UK), Aviad Rubinstein (Stanford University, USA)",Computational and circuit complexity,https://doi.org/10.1109/FOCS63196.2025.00062,10.1109/FOCS63196.2025.00062,https://ieee-focs.org/FOCS-2025-Papers/,https://ieee-focs.org/FOCS-2025-Papers/data/data.js,LLM_reviewed_title,Primary subject selected in title review; overlapping techniques do not receive additional counts.,Distributed and local algorithms,Distributed and local algorithms
FOCS-2025-057,FOCS,2025,How Global Calibration Strengthens Multiaccuracy,"Sílvia Casacuberta (Stanford University), Parikshit Gopalan (Apple), Varun Kanade (University of Oxford), Omer Reingold (Stanford University)",Learning theory,https://doi.org/10.1109/FOCS63196.2025.00063,10.1109/FOCS63196.2025.00063,https://ieee-focs.org/FOCS-2025-Papers/,https://ieee-focs.org/FOCS-2025-Papers/data/data.js,LLM_reviewed_title,Primary subject selected in title review; overlapping techniques do not receive additional counts.,General algorithm design,General algorithm design
FOCS-2025-058,FOCS,2025,Implicit High-Order Moment Tensor Estimation and Learning Latent Variable Models,"Ilias Diakonikolas (University of Wisconsin-Madison, USA), Daniel M. Kane (University of California, San Diego, USA)",Learning theory,https://doi.org/10.1109/FOCS63196.2025.00064,10.1109/FOCS63196.2025.00064,https://ieee-focs.org/FOCS-2025-Papers/,https://ieee-focs.org/FOCS-2025-Papers/data/data.js,LLM_reviewed_title,Title reviewed; candidate primary category retained.,Learning theory,Learning theory
FOCS-2025-059,FOCS,2025,Improved 2-Approximate Shortest Paths for Close Vertex Pairs,Manoj Gupta (IIT Gandhinagar),Approximation algorithms,https://doi.org/10.1109/FOCS63196.2025.00065,10.1109/FOCS63196.2025.00065,https://ieee-focs.org/FOCS-2025-Papers/,https://ieee-focs.org/FOCS-2025-Papers/data/data.js,LLM_reviewed_title,Title reviewed; candidate primary category retained.,Approximation algorithms,Approximation algorithms
FOCS-2025-060,FOCS,2025,Improved Lower Bounds for all Odd-Query Locally Decodable Codes,"Arpon Basu (Princeton University), Jun-Ting Hsieh (MIT), Pravesh K. Kothari (Princeton University), Andrew D. Lin (Princeton University)",Coding and information theory,https://doi.org/10.1109/FOCS63196.2025.00066,10.1109/FOCS63196.2025.00066,https://ieee-focs.org/FOCS-2025-Papers/,https://ieee-focs.org/FOCS-2025-Papers/data/data.js,LLM_reviewed_title,Title reviewed; candidate primary category retained.,General algorithm design,Coding and information theory
FOCS-2025-061,FOCS,2025,Improved Round-by-Round Soundness IOPs via Reed-Muller Codes,"Dor Minzer (MIT, USA), Kai Zhe Zheng (MIT, USA)",Proof complexity and logic,https://doi.org/10.1109/FOCS63196.2025.00067,10.1109/FOCS63196.2025.00067,https://ieee-focs.org/FOCS-2025-Papers/,https://ieee-focs.org/FOCS-2025-Papers/data/data.js,LLM_reviewed_title,Primary subject selected in title review; overlapping techniques do not receive additional counts.,General algorithm design,Coding and information theory
FOCS-2025-062,FOCS,2025,"Inapproximability of Finding Sparse Vectors in Codes, Subspaces, and Lattices","Vijay Bhattiprolu (University of Waterloo, Canada), Venkatesan Guruswami (Simons Institute and University of California, USA), Euiwoong Lee (University of Michigan, USA), Xuandi Ren (University of California, USA)",Coding and information theory,https://doi.org/10.1109/FOCS63196.2025.00068,10.1109/FOCS63196.2025.00068,https://ieee-focs.org/FOCS-2025-Papers/,https://ieee-focs.org/FOCS-2025-Papers/data/data.js,LLM_reviewed_title,Title reviewed; candidate primary category retained.,Lattices and computational number theory,Coding and information theory
FOCS-2025-063,FOCS,2025,Incompressibility and Spectral Gaps of Random Circuits,"Chi-Fang Chen (California Institute of Technology, USA), Jeongwan Haah (Microsoft Quantum, USA), Jonas Haferkamp (Harvard University, USA), Yunchao Liu (University of California, Berkeley, USA), Tony Metger (ETH Zurich, Switzerland), Xinyu Tan (Massachusetts Institute of Technology, USA)",Quantum computation,https://doi.org/10.1109/FOCS63196.2025.00069,10.1109/FOCS63196.2025.00069,https://ieee-focs.org/FOCS-2025-Papers/,https://ieee-focs.org/FOCS-2025-Papers/data/data.js,LLM_reviewed_title,Primary subject selected in title review; overlapping techniques do not receive additional counts.,Data structures and compressed data,Data structures and compressed data
FOCS-2025-064,FOCS,2025,Ineffectiveness for Search and Undecidability of PCSP Meta-Problems,Alberto Larrauri (Universidad de Zaragoza),Constraint satisfaction,https://doi.org/10.1109/FOCS63196.2025.00070,10.1109/FOCS63196.2025.00070,https://ieee-focs.org/FOCS-2025-Papers/,https://ieee-focs.org/FOCS-2025-Papers/data/data.js,LLM_reviewed_title,Primary subject selected in title review; overlapping techniques do not receive additional counts.,General algorithm design,General algorithm design
FOCS-2025-065,FOCS,2025,Instance-Optimal Uniformity Testing and Tracking,"Guy Blanc (Stanford University, USA), Clément Canonne (The University of Sydney, Australia), Erik Waingarten (University of Pennsylvania, USA)",Property testing and distribution learning,https://doi.org/10.1109/FOCS63196.2025.00071,10.1109/FOCS63196.2025.00071,https://ieee-focs.org/FOCS-2025-Papers/,https://ieee-focs.org/FOCS-2025-Papers/data/data.js,LLM_reviewed_title,Title reviewed; candidate primary category retained.,General algorithm design,Property testing and distribution learning
FOCS-2025-066,FOCS,2025,Integer Multiplication is at Least as Hard as Matrix Transposition,"David Harvey (University of New South Wales, Australia), Joris van der Hoeven (École polytechnique, France)",Algebraic and numerical computation,https://doi.org/10.1109/FOCS63196.2025.00072,10.1109/FOCS63196.2025.00072,https://ieee-focs.org/FOCS-2025-Papers/,https://ieee-focs.org/FOCS-2025-Papers/data/data.js,LLM_reviewed_title,Primary subject selected in title review; overlapping techniques do not receive additional counts.,General algorithm design,General algorithm design
FOCS-2025-067,FOCS,2025,Integral Online Algorithms for Set Cover and Load Balancing with Convex Objectives,"Thomas Kesselheim (Institute of Computer Science, University of Bonn, Germany), Marco Molinaro (Microsoft Research, USA; PUC-Rio, Rio de Janeiro, Brazil), Kalen Patton (Georgia Tech, USA), Sahil Singla (Georgia Tech, USA)","Online algorithms, bandits and stochastic optimization",https://doi.org/10.1109/FOCS63196.2025.00073,10.1109/FOCS63196.2025.00073,https://ieee-focs.org/FOCS-2025-Papers/,https://ieee-focs.org/FOCS-2025-Papers/data/data.js,LLM_reviewed_title,Title reviewed; candidate primary category retained.,"Online algorithms, bandits and stochastic optimization","Online algorithms, bandits and stochastic optimization"
FOCS-2025-068,FOCS,2025,"Kronecker Powers, Orthogonal Vectors, and the Asymptotic Spectrum","Josh Alman (Columbia University, USA), Baitian Li (Columbia University, USA)",Fine-grained complexity,https://doi.org/10.1109/FOCS63196.2025.00074,10.1109/FOCS63196.2025.00074,https://ieee-focs.org/FOCS-2025-Papers/,https://ieee-focs.org/FOCS-2025-Papers/data/data.js,LLM_reviewed_title,Title reviewed; candidate primary category retained.,Fine-grained complexity,Fine-grained complexity
FOCS-2025-069,FOCS,2025,l2/l2 Sparse Recovery via Weighted Hypergraph Peeling,"Nick Fischer (Max Planck Institute for Informatics, Germany), Vasileios Nakos (National and Kapodistrian University of Athens and Archimedes / Athena RC, Greece)",Learning theory,https://doi.org/10.1109/FOCS63196.2025.00075,10.1109/FOCS63196.2025.00075,https://ieee-focs.org/FOCS-2025-Papers/,https://ieee-focs.org/FOCS-2025-Papers/data/data.js,LLM_reviewed_title,Title reviewed; candidate primary category retained.,Graph theory and graph algorithms,Learning theory
FOCS-2025-070,FOCS,2025,Learning Quantum Gibbs States Locally and Efficiently,"Chi-Fang Chen (UC Berkeley, USA), Anurag Anshu (Harvard University, USA), Quynh T. Nguyen (Harvard University, USA)",Quantum computation,https://doi.org/10.1109/FOCS63196.2025.00076,10.1109/FOCS63196.2025.00076,https://ieee-focs.org/FOCS-2025-Papers/,https://ieee-focs.org/FOCS-2025-Papers/data/data.js,LLM_reviewed_title,Title reviewed; candidate primary category retained.,Quantum computation,Quantum computation
FOCS-2025-071,FOCS,2025,List Decoding Expander-Based Codes up to Capacity in Near-Linear Time,"Shashank Srivastava (Institute for Advanced Study, USA), Madhur Tulsiani (Toyota Technological Institute at Chicago, USA)",Coding and information theory,https://doi.org/10.1109/FOCS63196.2025.00077,10.1109/FOCS63196.2025.00077,https://ieee-focs.org/FOCS-2025-Papers/,https://ieee-focs.org/FOCS-2025-Papers/data/data.js,LLM_reviewed_title,Title reviewed; candidate primary category retained.,Coding and information theory,Coding and information theory
FOCS-2025-072,FOCS,2025,Lower Bounds for Non-Adaptive Local Computation Algorithms,"Amir Azarmehr (Northeastern University, USA), Soheil Behnezhad (Northeastern University, USA), Alma Ghafari (Northeastern University, USA), Madhu Sudan (Harvard University, USA)",Distributed and local algorithms,https://doi.org/10.1109/FOCS63196.2025.00078,10.1109/FOCS63196.2025.00078,https://ieee-focs.org/FOCS-2025-Papers/,https://ieee-focs.org/FOCS-2025-Papers/data/data.js,LLM_reviewed_title,Title reviewed; candidate primary category retained.,General algorithm design,Distributed and local algorithms
FOCS-2025-073,FOCS,2025,Maximally Extendable Product Codes are Good Coboundary Expanders,"Gleb Kalachev (Moscow State University, Russia), Pavel Panteleev (Moscow State University, Russia)",Coding and information theory,https://doi.org/10.1109/FOCS63196.2025.00079,10.1109/FOCS63196.2025.00079,https://ieee-focs.org/FOCS-2025-Papers/,https://ieee-focs.org/FOCS-2025-Papers/data/data.js,LLM_reviewed_title,Title reviewed; candidate primary category retained.,Combinatorics and graph polynomials,Coding and information theory
FOCS-2025-074,FOCS,2025,"More Efficient Sifting for Grid Norms, and Applications to Multiparty Communication Complexity","Zander Kelley (IAS, USA), Xin Lyu (UC Berkeley, USA)",Communication complexity,https://doi.org/10.1109/FOCS63196.2025.00080,10.1109/FOCS63196.2025.00080,https://ieee-focs.org/FOCS-2025-Papers/,https://ieee-focs.org/FOCS-2025-Papers/data/data.js,LLM_reviewed_title,Primary subject selected in title review; overlapping techniques do not receive additional counts.,Communication complexity,Cryptography
FOCS-2025-075,FOCS,2025,Multi-Pass Streaming Lower Bounds for Approximating Max-Cut,"Yumou Fei (MIT, USA), Dor Minzer (MIT, USA), Shuo Wang (MIT, USA)",Streaming and sketching,https://doi.org/10.1109/FOCS63196.2025.00081,10.1109/FOCS63196.2025.00081,https://ieee-focs.org/FOCS-2025-Papers/,https://ieee-focs.org/FOCS-2025-Papers/data/data.js,LLM_reviewed_title,Title reviewed; candidate primary category retained.,Streaming and sketching,Streaming and sketching
FOCS-2025-076,FOCS,2025,Near-Asymptotically-Good Quantum Codes with Transversal CCZ Gates and Sublinear-Weight Parity-Checks,"Louis Golowich (UC Berkeley, USA), Venkatesan Guruswami (UC Berkeley, USA)",Quantum computation,https://doi.org/10.1109/FOCS63196.2025.00082,10.1109/FOCS63196.2025.00082,https://ieee-focs.org/FOCS-2025-Papers/,https://ieee-focs.org/FOCS-2025-Papers/data/data.js,LLM_reviewed_title,Title reviewed; candidate primary category retained.,Quantum computation,Quantum computation
FOCS-2025-077,FOCS,2025,Nearly Tight Regret Bounds for Profit Maximization in Bilateral Trade,"Simone Di Gregorio (Sapienza University of Rome, Italy), Paul Dütting (Google Research, Switzerland), Federico Fusco (Sapienza University of Rome, Italy), Chris Schwiegelshohn (Aarhus University, Denmark)","Online algorithms, bandits and stochastic optimization",https://doi.org/10.1109/FOCS63196.2025.00083,10.1109/FOCS63196.2025.00083,https://ieee-focs.org/FOCS-2025-Papers/,https://ieee-focs.org/FOCS-2025-Papers/data/data.js,LLM_reviewed_title,Title reviewed; candidate primary category retained.,"Online algorithms, bandits and stochastic optimization","Online algorithms, bandits and stochastic optimization"
FOCS-2025-078,FOCS,2025,Near-Optimal Algorithms for Omniprediction,"Princewill Okoroafor (Cornell University, USA), Robert Kleinberg (Cornell University, USA), Michael P. Kim (Cornell University, USA)",Learning theory,https://doi.org/10.1109/FOCS63196.2025.00084,10.1109/FOCS63196.2025.00084,https://ieee-focs.org/FOCS-2025-Papers/,https://ieee-focs.org/FOCS-2025-Papers/data/data.js,LLM_reviewed_title,Primary subject selected in title review; overlapping techniques do not receive additional counts.,General algorithm design,General algorithm design
FOCS-2025-079,FOCS,2025,Near-Optimal Fault-Tolerant Strong Connectivity Preservers,"Gary Hoppenworth (University of Michigan, USA), Thatchaphol Saranurak (University of Michigan, USA), Benyu Wang (University of Michigan, USA)",Graph theory and graph algorithms,https://doi.org/10.1109/FOCS63196.2025.00085,10.1109/FOCS63196.2025.00085,https://ieee-focs.org/FOCS-2025-Papers/,https://ieee-focs.org/FOCS-2025-Papers/data/data.js,LLM_reviewed_title,Title reviewed; candidate primary category retained.,Graph theory and graph algorithms,Graph theory and graph algorithms
FOCS-2025-080,FOCS,2025,Near-Optimal Property Testers for Pattern Matching,"Ce Jin (UC Berkeley, USA), Tomasz Kociumaka (Max Planck Institute for Informatics, Saarland Informatics Campus, Germany)",Property testing and distribution learning,https://doi.org/10.1109/FOCS63196.2025.00086,10.1109/FOCS63196.2025.00086,https://ieee-focs.org/FOCS-2025-Papers/,https://ieee-focs.org/FOCS-2025-Papers/data/data.js,LLM_reviewed_title,Title reviewed; candidate primary category retained.,Data structures and compressed data,Property testing and distribution learning
FOCS-2025-081,FOCS,2025,NP-Hardness of the Minimum Circuit Size Problem from Well-Studied Assumptions,"Shuichi Hirahara (National Institute of Informatics, Japan), Rahul Ilango (Massachusetts Institute of Technology, USA)",Computational and circuit complexity,https://doi.org/10.1109/FOCS63196.2025.00087,10.1109/FOCS63196.2025.00087,https://ieee-focs.org/FOCS-2025-Papers/,https://ieee-focs.org/FOCS-2025-Papers/data/data.js,LLM_reviewed_title,Title reviewed; candidate primary category retained.,Computational and circuit complexity,Computational and circuit complexity
FOCS-2025-082,FOCS,2025,Obfuscation of Unitary Quantum Programs,"Mi-Ying Huang (University of Southern California, USA), Er-Cheng Tang (University of Washington, USA)",Cryptography,https://doi.org/10.1109/FOCS63196.2025.00088,10.1109/FOCS63196.2025.00088,https://ieee-focs.org/FOCS-2025-Papers/,https://ieee-focs.org/FOCS-2025-Papers/data/data.js,LLM_reviewed_title,Title reviewed; candidate primary category retained.,Quantum computation,Cryptography
FOCS-2025-083,FOCS,2025,On Inverse Theorems and Combinatorial Lines,"Amey Bhangale (University of California, USA), Subhash Khot (New York University, USA), Yang P. Liu (Carnegie Mellon University, USA), Dor Minzer (Massachusetts Institute of Technology, USA)",Combinatorics and graph polynomials,https://doi.org/10.1109/FOCS63196.2025.00089,10.1109/FOCS63196.2025.00089,https://ieee-focs.org/FOCS-2025-Papers/,https://ieee-focs.org/FOCS-2025-Papers/data/data.js,LLM_reviewed_title,Title reviewed; candidate primary category retained.,Combinatorics and graph polynomials,Combinatorics and graph polynomials
FOCS-2025-084,FOCS,2025,On Optimal Distinguishers for Planted Clique,"Ansh Nagda (UC Berkeley, USA), Prasad Raghavendra (UC Berkeley, USA)",Average-case complexity,https://doi.org/10.1109/FOCS63196.2025.00090,10.1109/FOCS63196.2025.00090,https://ieee-focs.org/FOCS-2025-Papers/,https://ieee-focs.org/FOCS-2025-Papers/data/data.js,LLM_reviewed_title,Title reviewed; candidate primary category retained.,Graph theory and graph algorithms,Average-case complexity
FOCS-2025-085,FOCS,2025,On Succinct Obfuscation via Propositional Proofs,"Abhishek Jain (NTT Research and John Hopkins University), Zhengzhong Jin (Northeastern University), Surya Mathialagan (NTT Research), Omer Paneth (Tel Aviv University)",Cryptography,https://doi.org/10.1109/FOCS63196.2025.00091,10.1109/FOCS63196.2025.00091,https://ieee-focs.org/FOCS-2025-Papers/,https://ieee-focs.org/FOCS-2025-Papers/data/data.js,LLM_reviewed_title,Title reviewed; candidate primary category retained.,Cryptography,Cryptography
FOCS-2025-086,FOCS,2025,On the Impossibility of SNARGs with Short CRS,"Liyan Chen (MIT, USA), Zhengzhong Jin (Northeastern University, USA)",Cryptography,https://doi.org/10.1109/FOCS63196.2025.00092,10.1109/FOCS63196.2025.00092,https://ieee-focs.org/FOCS-2025-Papers/,https://ieee-focs.org/FOCS-2025-Papers/data/data.js,LLM_reviewed_title,Title reviewed; candidate primary category retained.,General algorithm design,Cryptography
FOCS-2025-087,FOCS,2025,On the Parallel Complexity of Finding a Matroid Basis,"Sanjeev Khanna (University of Pennsylvania, USA), Aaron Putterman (Harvard University, USA), Junkai Song (University of Pennsylvania, USA)",Optimization and mathematical programming,https://doi.org/10.1109/FOCS63196.2025.00093,10.1109/FOCS63196.2025.00093,https://ieee-focs.org/FOCS-2025-Papers/,https://ieee-focs.org/FOCS-2025-Papers/data/data.js,LLM_reviewed_title,Title reviewed; candidate primary category retained.,Optimization and mathematical programming,Optimization and mathematical programming
FOCS-2025-088,FOCS,2025,Online Edge Coloring: Sharp Thresholds,"Joakim Blikstad (CWI, Netherlands), Ola Svensson (EPFL, Switzerland), Radu Vintan (EPFL, Switzerland), David Wajc (Technion — Israel Institute of Technology, Israel)","Online algorithms, bandits and stochastic optimization",https://doi.org/10.1109/FOCS63196.2025.00094,10.1109/FOCS63196.2025.00094,https://ieee-focs.org/FOCS-2025-Papers/,https://ieee-focs.org/FOCS-2025-Papers/data/data.js,LLM_reviewed_title,Title reviewed; candidate primary category retained.,Graph theory and graph algorithms,"Online algorithms, bandits and stochastic optimization"
FOCS-2025-089,FOCS,2025,Optimal 4-Approximation for the Correlated Pandora's Problem,"Nikhil Bansal (University of Michigan), Zhiyi Huang (The University of Hong Kong), Zixuan Zhu (University of Hong Kong)","Online algorithms, bandits and stochastic optimization",https://doi.org/10.1109/FOCS63196.2025.00095,10.1109/FOCS63196.2025.00095,https://ieee-focs.org/FOCS-2025-Papers/,https://ieee-focs.org/FOCS-2025-Papers/data/data.js,LLM_reviewed_title,Primary subject selected in title review; overlapping techniques do not receive additional counts.,Approximation algorithms,Approximation algorithms
FOCS-2025-090,FOCS,2025,Optimal Smoothed Analysis of the Simplex Method,"Eleon Bach (TU Munich), Sophie Huiberts (CNRS)",Optimization and mathematical programming,https://doi.org/10.1109/FOCS63196.2025.00096,10.1109/FOCS63196.2025.00096,https://ieee-focs.org/FOCS-2025-Papers/,https://ieee-focs.org/FOCS-2025-Papers/data/data.js,LLM_reviewed_title,Primary subject selected in title review; overlapping techniques do not receive additional counts.,General algorithm design,General algorithm design
FOCS-2025-091,FOCS,2025,Optimal Trickle-Down Theorems for Path Complexes via C-Lorentzian Polynomials with Applications to Sampling and Log-Concave Sequences,"Jonathan Leake (University of Waterloo, Canada), Kasper Lindberg (ETH Zürich, Switzerland), Shayan Oveis Gharan (University of Washington, USA)",Enumeration and counting,https://doi.org/10.1109/FOCS63196.2025.00097,10.1109/FOCS63196.2025.00097,https://ieee-focs.org/FOCS-2025-Papers/,https://ieee-focs.org/FOCS-2025-Papers/data/data.js,LLM_reviewed_title,Primary subject selected in title review; overlapping techniques do not receive additional counts.,Graph theory and graph algorithms,Optimization and mathematical programming
FOCS-2025-092,FOCS,2025,Overcomplete Tensor Decomposition via Koszul–Young Flattenings,"Pravesh K. Kothari (Princeton University, USA), Ankur Moitra (Massachusetts Institute of Technology, USA), Alexander S. Wein (University of California, Davis, USA)",Algebraic and numerical computation,https://doi.org/10.1109/FOCS63196.2025.00098,10.1109/FOCS63196.2025.00098,https://ieee-focs.org/FOCS-2025-Papers/,https://ieee-focs.org/FOCS-2025-Papers/data/data.js,LLM_reviewed_title,Primary subject selected in title review; overlapping techniques do not receive additional counts.,General algorithm design,General algorithm design
FOCS-2025-093,FOCS,2025,Parallel (1+e)-Approximate Multi-Commodity Min-Cost Flow in Almost Optimal Depth and Work,"Bernhard Haeupler (University of Sofia ""St. Kliment Ohridski"" and ETH Zürich), Yonggang Jiang (MPI-INF and Saarland University), Yaowei Long (University of Michigan), Thatchaphol Saranurak (University of Michigan), Shengzhe Wang (ETH Zürich)",Distributed and local algorithms,https://doi.org/10.1109/FOCS63196.2025.00099,10.1109/FOCS63196.2025.00099,https://ieee-focs.org/FOCS-2025-Papers/,https://ieee-focs.org/FOCS-2025-Papers/data/data.js,LLM_reviewed_title,Primary subject selected in title review; overlapping techniques do not receive additional counts.,Approximation algorithms,Approximation algorithms
FOCS-2025-094,FOCS,2025,Parallel Repetition for Post-Quantum Arguments,"Andrew Huang (Massachusetts Institute of Technology, USA), Yael Tauman Kalai (Massachusetts Institute of Technology, USA)",Cryptography,https://doi.org/10.1109/FOCS63196.2025.00100,10.1109/FOCS63196.2025.00100,https://ieee-focs.org/FOCS-2025-Papers/,https://ieee-focs.org/FOCS-2025-Papers/data/data.js,LLM_reviewed_title,Primary subject selected in title review; overlapping techniques do not receive additional counts.,Quantum computation,Quantum computation
FOCS-2025-095,FOCS,2025,Paths and Intersections: Exact Emulators for Planar Graphs,"George Z. Li (Carnegie Mellon University, USA), Zihan Tan (University of Minnesota, USA ), Tianyi Zhang (ETH Zurich, Switzerland)",Graph theory and graph algorithms,https://doi.org/10.1109/FOCS63196.2025.00101,10.1109/FOCS63196.2025.00101,https://ieee-focs.org/FOCS-2025-Papers/,https://ieee-focs.org/FOCS-2025-Papers/data/data.js,LLM_reviewed_title,Title reviewed; candidate primary category retained.,Graph theory and graph algorithms,Graph theory and graph algorithms
FOCS-2025-096,FOCS,2025,Pattern Matching under Weighted Edit Distance,"Panagiotis Charalampopoulos (Department of Informatics, King's College London, London, UK), Tomasz Kociumaka (Max Planck Institute for Informatics, Saarland Informatics Campus, Saarbrücken, Germany), Philip Wellnitz (National Institute for Informatics, The Graduate University for Advanced Studies, SOKENDAI, Tokyo, Japan)",Data structures and compressed data,https://doi.org/10.1109/FOCS63196.2025.00102,10.1109/FOCS63196.2025.00102,https://ieee-focs.org/FOCS-2025-Papers/,https://ieee-focs.org/FOCS-2025-Papers/data/data.js,LLM_reviewed_title,Title reviewed; candidate primary category retained.,Data structures and compressed data,Data structures and compressed data
FOCS-2025-097,FOCS,2025,Perfect L_p Sampling with Polylogarithmic Update Time,"William Swartworth (Carnegie Mellon University), David P. Woodruff (Carnegie Mellon University, USA), Samson Zhou (Texas A&M University, USA)",Streaming and sketching,https://doi.org/10.1109/FOCS63196.2025.00103,10.1109/FOCS63196.2025.00103,https://ieee-focs.org/FOCS-2025-Papers/,https://ieee-focs.org/FOCS-2025-Papers/data/data.js,LLM_reviewed_title,Primary subject selected in title review; overlapping techniques do not receive additional counts.,General algorithm design,General algorithm design
FOCS-2025-098,FOCS,2025,Polynomial Bounds for the Graph Minor Structure Theorem,"Maximilian Gorsky (Discrete Mathematics Group, Institute for Basic Science (IBS), South Korea), Michal T. Seweryn (Computer Science Institute, Charles University, Czech Republic), Sebastian Wiederrecht (School of Computing, KAIST, South Korea)",Graph theory and graph algorithms,https://doi.org/10.1109/FOCS63196.2025.00104,10.1109/FOCS63196.2025.00104,https://ieee-focs.org/FOCS-2025-Papers/,https://ieee-focs.org/FOCS-2025-Papers/data/data.js,LLM_reviewed_title,Title reviewed; candidate primary category retained.,Graph theory and graph algorithms,Graph theory and graph algorithms
FOCS-2025-099,FOCS,2025,Polynomial-Time Approximation Schemes via Utility Alignment: Unit-Demand Pricing and More,"Robin Bowers (University of Colorado, USA), Marius Garbea (Drexel University, USA), Emmanouil Pountourakis (Drexel University, USA), Samuel Taggart (Oberlin College, USA)",Algorithmic game theory and fair division,https://doi.org/10.1109/FOCS63196.2025.00105,10.1109/FOCS63196.2025.00105,https://ieee-focs.org/FOCS-2025-Papers/,https://ieee-focs.org/FOCS-2025-Papers/data/data.js,LLM_reviewed_title,Primary subject selected in title review; overlapping techniques do not receive additional counts.,Approximation algorithms,Approximation algorithms
FOCS-2025-100,FOCS,2025,Proving Natural Distribution Properties is Harder than Testing Them,"Tal Herman (University of California), Guy Rothblum (Apple)",Proof complexity and logic,https://doi.org/10.1109/FOCS63196.2025.00106,10.1109/FOCS63196.2025.00106,https://ieee-focs.org/FOCS-2025-Papers/,https://ieee-focs.org/FOCS-2025-Papers/data/data.js,LLM_reviewed_title,Primary subject selected in title review; overlapping techniques do not receive additional counts.,General algorithm design,Property testing and distribution learning
FOCS-2025-101,FOCS,2025,PTF Testing Lower Bounds for Non-Gaussian Component Analysis,"Ilias Diakonikolas (UW-Madison, USA), Daniel Kane (University of California San Diego, USA), Sihan Liu (University of California San Diego, USA), Thanasis Pittas (UW-Madison, USA)",Average-case complexity,https://doi.org/10.1109/FOCS63196.2025.00107,10.1109/FOCS63196.2025.00107,https://ieee-focs.org/FOCS-2025-Papers/,https://ieee-focs.org/FOCS-2025-Papers/data/data.js,LLM_reviewed_title,Primary subject selected in title review; overlapping techniques do not receive additional counts.,General algorithm design,Property testing and distribution learning
FOCS-2025-102,FOCS,2025,Quasipolynomial Bounds for the Corners Theorem,"Michael Jaber (University of Texas, Austin, USA), Yang P. Liu (Carnegie Mellon University, USA), Shachar Lovett (University of California, San Diego, USA), Anthony Ostuni (University of California, San Diego, USA), Mehtaab Sawhney (Columbia University, USA)",Combinatorics and graph polynomials,https://doi.org/10.1109/FOCS63196.2025.00108,10.1109/FOCS63196.2025.00108,https://ieee-focs.org/FOCS-2025-Papers/,https://ieee-focs.org/FOCS-2025-Papers/data/data.js,LLM_reviewed_title,Primary subject selected in title review; overlapping techniques do not receive additional counts.,General algorithm design,General algorithm design
FOCS-2025-103,FOCS,2025,Query-Efficient Fixpoints of ℓ_p-Contractions,"Sebastian Haslebacher (ETH Zürich, Switzerland), Jonas Lill (ETH Zürich, Switzerland), Patrick Schnider (ETH Zürich, Switzerland; University of Basel, Switzerland), Simon Weber (ETH Zürich, Switzerland)",Computational and circuit complexity,https://doi.org/10.1109/FOCS63196.2025.00109,10.1109/FOCS63196.2025.00109,https://ieee-focs.org/FOCS-2025-Papers/,https://ieee-focs.org/FOCS-2025-Papers/data/data.js,LLM_reviewed_title,Primary subject selected in title review; overlapping techniques do not receive additional counts.,General algorithm design,General algorithm design
FOCS-2025-104,FOCS,2025,Radial Isotropic Position via an Implicit Newton's Method,"Arun Jambulapati (Independent), Jonathan Li (University of Texas at Austin, USA), Kevin Tian (University of Texas at Austin, USA)",Optimization and mathematical programming,https://doi.org/10.1109/FOCS63196.2025.00110,10.1109/FOCS63196.2025.00110,https://ieee-focs.org/FOCS-2025-Papers/,https://ieee-focs.org/FOCS-2025-Papers/data/data.js,LLM_reviewed_title,Primary subject selected in title review; overlapping techniques do not receive additional counts.,General algorithm design,General algorithm design
FOCS-2025-105,FOCS,2025,Ramanujan Bigraphs and Applications,"Shai Evra (The Hebrew University of Jerusalem, Israel), Brooke Feigon (The City College of New York, CUNY Graduate Center, USA), Kathrin Maurischat (RWTH Aachen University, Germany), Ori Parzanchevski (The Hebrew University of Jerusalem, Israel)",Combinatorics and graph polynomials,https://doi.org/10.1109/FOCS63196.2025.00111,10.1109/FOCS63196.2025.00111,https://ieee-focs.org/FOCS-2025-Papers/,https://ieee-focs.org/FOCS-2025-Papers/data/data.js,LLM_reviewed_title,Primary subject selected in title review; overlapping techniques do not receive additional counts.,Graph theory and graph algorithms,Graph theory and graph algorithms
FOCS-2025-106,FOCS,2025,Random Reed-Solomon Codes and Random Linear Codes are Locally Equivalent,"Matan Levi (Ben-Gurion University, Israel), Jonathan Mosheiff (Ben-Gurion University, Israel), Nikhil Shagrithaya (University of Michigan, Ann Arbor, USA)",Coding and information theory,https://doi.org/10.1109/FOCS63196.2025.00112,10.1109/FOCS63196.2025.00112,https://ieee-focs.org/FOCS-2025-Papers/,https://ieee-focs.org/FOCS-2025-Papers/data/data.js,LLM_reviewed_title,Title reviewed; candidate primary category retained.,Coding and information theory,Coding and information theory
FOCS-2025-107,FOCS,2025,Random-Shift Revisited: Tight Approximations for Tree Embeddings and ℓ_1-Oblivious Routings,"Rasmus Kyng (ETH Zurich), Maximilian Probst Gutenberg (ETH Zurich), Tim Rieder (ETH Zurich)",Approximation algorithms,https://doi.org/10.1109/FOCS63196.2025.00113,10.1109/FOCS63196.2025.00113,https://ieee-focs.org/FOCS-2025-Papers/,https://ieee-focs.org/FOCS-2025-Papers/data/data.js,LLM_reviewed_title,Title reviewed; candidate primary category retained.,Approximation algorithms,Approximation algorithms
FOCS-2025-108,FOCS,2025,Rank Bounds and PIT for Depth-4 Circuits with Top Fan-in 3 and Constant Bottom Fan-in via a Non-Linear Edelstein-Kelly Theorem,"Abhibhav Garg (University of Waterloo, Canada), Rafael Oliveira (University of Waterloo, Canada), Akash Kumar Sengupta (Rutgers University, USA)",Algebraic and numerical computation,https://doi.org/10.1109/FOCS63196.2025.00114,10.1109/FOCS63196.2025.00114,https://ieee-focs.org/FOCS-2025-Papers/,https://ieee-focs.org/FOCS-2025-Papers/data/data.js,LLM_reviewed_title,Primary subject selected in title review; overlapping techniques do not receive additional counts.,General algorithm design,Computational and circuit complexity
FOCS-2025-109,FOCS,2025,Rapid Mixing on Random Regular Graphs Beyond Uniqueness,"Xiaoyu Chen (Massachusetts Institute of Technology, USA), Zejia Chen (Georgia Institute of Technology, USA), Zongchen Chen (Georgia Institute of Technology, USA), Yitong Yin (Nanjing University, USA), Xinyuan Zhang (Nanjing University, USA)",Enumeration and counting,https://doi.org/10.1109/FOCS63196.2025.00115,10.1109/FOCS63196.2025.00115,https://ieee-focs.org/FOCS-2025-Papers/,https://ieee-focs.org/FOCS-2025-Papers/data/data.js,LLM_reviewed_title,Title reviewed; candidate primary category retained.,Graph theory and graph algorithms,Enumeration and counting
FOCS-2025-110,FOCS,2025,RE-Completeness of Entangled Constraint Satisfaction Problems,"Eric Culf (University of Waterloo, Canada), Kieran Mastel (University of Waterloo, Canada)",Quantum computation,https://doi.org/10.1109/FOCS63196.2025.00116,10.1109/FOCS63196.2025.00116,https://ieee-focs.org/FOCS-2025-Papers/,https://ieee-focs.org/FOCS-2025-Papers/data/data.js,LLM_reviewed_title,Title reviewed; candidate primary category retained.,Constraint satisfaction,Quantum computation
FOCS-2025-111,FOCS,2025,Robust Learning of Multi-Index Models via Iterative Subspace Approximation,"Ilias Diakonikolas (University of Wisconsin-Madison, USA), Giannis Iakovidis (University of Wisconsin-Madison, USA), Daniel M. Kane (University of California San Diego, USA), Nikos Zarifis (Massachusetts Institute of Technology, USA)",Learning theory,https://doi.org/10.1109/FOCS63196.2025.00117,10.1109/FOCS63196.2025.00117,https://ieee-focs.org/FOCS-2025-Papers/,https://ieee-focs.org/FOCS-2025-Papers/data/data.js,LLM_reviewed_title,Title reviewed; candidate primary category retained.,Learning theory,Learning theory
FOCS-2025-112,FOCS,2025,Robust Local Testability of Tensor Products of Constant-Rate Algebraic Geometry Codes,"Sumegha Garg (Rutgers University, USA), Akash Kumar Sengupta (Rutgers University, USA)",Coding and information theory,https://doi.org/10.1109/FOCS63196.2025.00118,10.1109/FOCS63196.2025.00118,https://ieee-focs.org/FOCS-2025-Papers/,https://ieee-focs.org/FOCS-2025-Papers/data/data.js,LLM_reviewed_title,Title reviewed; candidate primary category retained.,General algorithm design,Coding and information theory
FOCS-2025-113,FOCS,2025,Root Ridge Leverage Score Sampling for ℓ Subspace Approximation,"David Woodruff (Carnegie Mellon University, PA), Taisuke Yasuda (The Voleon Group, NY)",Algebraic and numerical computation,https://doi.org/10.1109/FOCS63196.2025.00119,10.1109/FOCS63196.2025.00119,https://ieee-focs.org/FOCS-2025-Papers/,https://ieee-focs.org/FOCS-2025-Papers/data/data.js,LLM_reviewed_title,Primary subject selected in title review; overlapping techniques do not receive additional counts.,Approximation algorithms,Approximation algorithms
FOCS-2025-114,FOCS,2025,Round Elimination via Self-Reduction: Closing Gaps for Distributed Maximal Matching,"Seri Khoury (INSAIT, Sofia University ""St. Kliment Ohridski"", Bulgaria), Aaron Schild (Google Research)",Distributed and local algorithms,https://doi.org/10.1109/FOCS63196.2025.00120,10.1109/FOCS63196.2025.00120,https://ieee-focs.org/FOCS-2025-Papers/,https://ieee-focs.org/FOCS-2025-Papers/data/data.js,LLM_reviewed_title,Title reviewed; candidate primary category retained.,Distributed and local algorithms,Distributed and local algorithms
FOCS-2025-115,FOCS,2025,Shortest Paths on Convex Polyhedral Surfaces,"Haitao Wang (University of Utah, USA)",Computational geometry,https://doi.org/10.1109/FOCS63196.2025.00121,10.1109/FOCS63196.2025.00121,https://ieee-focs.org/FOCS-2025-Papers/,https://ieee-focs.org/FOCS-2025-Papers/data/data.js,LLM_reviewed_title,Primary subject selected in title review; overlapping techniques do not receive additional counts.,Graph theory and graph algorithms,Graph theory and graph algorithms
FOCS-2025-116,FOCS,2025,Shuffling Cards When You Are of Very Little Brain: Low Memory Generation of Permutations,"Boaz Menuhin (Self), Moni Naor (Weizmann Institute, Israel)",Pseudorandomness and derandomization,https://doi.org/10.1109/FOCS63196.2025.00122,10.1109/FOCS63196.2025.00122,https://ieee-focs.org/FOCS-2025-Papers/,https://ieee-focs.org/FOCS-2025-Papers/data/data.js,LLM_reviewed_abstract,Generating unpredictable permutations with restricted memory.,General algorithm design,General algorithm design
FOCS-2025-117,FOCS,2025,Sign-Rank of k-Hamming Distance is Constant,"Mika Göös (EPFL, Switzerland), Nathaniel Harms (EPFL, Switzerland), Valentin Imbach (EPFL, Switzerland), Dmitry Sokolov (EPFL, Switzerland)",Communication complexity,https://doi.org/10.1109/FOCS63196.2025.00123,10.1109/FOCS63196.2025.00123,https://ieee-focs.org/FOCS-2025-Papers/,https://ieee-focs.org/FOCS-2025-Papers/data/data.js,LLM_reviewed_title,Title reviewed; candidate primary category retained.,Communication complexity,Communication complexity
FOCS-2025-118,FOCS,2025,Solving Linear Inequalities Over the Space of Convex Sets & Its Applications to Cryptography and Hydrodynamics,"Saugata Basu (Purdue University, USA), Hamidreza Amini Khorasgani (Purdue University, USA), Hemanta K. Maji (Purdue University, USA), Hai H. Nguyen (ETH Zurich, Switzerland)",Optimization and mathematical programming,https://doi.org/10.1109/FOCS63196.2025.00124,10.1109/FOCS63196.2025.00124,https://ieee-focs.org/FOCS-2025-Papers/,https://ieee-focs.org/FOCS-2025-Papers/data/data.js,LLM_reviewed_title,Primary subject selected in title review; overlapping techniques do not receive additional counts.,Cryptography,Cryptography
FOCS-2025-119,FOCS,2025,Solving Zero-Sum Games with Fewer Matrix-Vector Products,"Ishani Karmarkar (Stanford University, United States), Liam O'Carroll (Stanford University, United States), Aaron Sidford (Stanford University, United States)",Algorithmic game theory and fair division,https://doi.org/10.1109/FOCS63196.2025.00125,10.1109/FOCS63196.2025.00125,https://ieee-focs.org/FOCS-2025-Papers/,https://ieee-focs.org/FOCS-2025-Papers/data/data.js,LLM_reviewed_title,Primary subject selected in title review; overlapping techniques do not receive additional counts.,General algorithm design,General algorithm design
FOCS-2025-120,FOCS,2025,Static Retrieval Revisited: To Optimality and Beyond,"Yang Hu (Tsinghua University, China), William Kuszmaul (Carnegie Mellon University, USA), Jingxun Liang (Carnegie Mellon University, USA), Huacheng Yu (Princeton University, USA), Junkai Zhang (Tsinghua University, China), Renfei Zhou (Carnegie Mellon University, USA)",Data structures and compressed data,https://doi.org/10.1109/FOCS63196.2025.00126,10.1109/FOCS63196.2025.00126,https://ieee-focs.org/FOCS-2025-Papers/,https://ieee-focs.org/FOCS-2025-Papers/data/data.js,LLM_reviewed_title,Primary subject selected in title review; overlapping techniques do not receive additional counts.,General algorithm design,General algorithm design
FOCS-2025-121,FOCS,2025,Stochastic Knapsack without Relaxing the Capacity,"Anindya De (University of Pennsylvania, USA), Sanjeev Khanna (University of Pennsylvania, USA), Nathan White (University of Pennsylvania, USA)","Online algorithms, bandits and stochastic optimization",https://doi.org/10.1109/FOCS63196.2025.00127,10.1109/FOCS63196.2025.00127,https://ieee-focs.org/FOCS-2025-Papers/,https://ieee-focs.org/FOCS-2025-Papers/data/data.js,LLM_reviewed_title,Primary subject selected in title review; overlapping techniques do not receive additional counts.,General algorithm design,General algorithm design
FOCS-2025-122,FOCS,2025,Stochastic Scheduling with Bernoulli-Type Jobs through Policy Stratification,"Antonios Antoniadis (University of Twente, The Netherlands), Ruben Hoeksma (University of Twente, The Netherlands), Kevin Schewior (University of Cologne, Germany; University of Southern Denmark, Denmark), Marc Uetz (University of Twente, The Netherlands)",Scheduling and packing,https://doi.org/10.1109/FOCS63196.2025.00128,10.1109/FOCS63196.2025.00128,https://ieee-focs.org/FOCS-2025-Papers/,https://ieee-focs.org/FOCS-2025-Papers/data/data.js,LLM_reviewed_title,Title reviewed; candidate primary category retained.,Scheduling and packing,Scheduling and packing
FOCS-2025-123,FOCS,2025,Strong Sparsification for 1-in-3-SAT via Polynomial Freiman-Ruzsa,"Benjamin Bedert (University of Oxford, UK), Tamio-Vesa Nakajima (University of Oxford, UK), Karolina Okrasa (University of Oxford, UK), Stanislav Živný (University of Oxford, UK)",Constraint satisfaction,https://doi.org/10.1109/FOCS63196.2025.00129,10.1109/FOCS63196.2025.00129,https://ieee-focs.org/FOCS-2025-Papers/,https://ieee-focs.org/FOCS-2025-Papers/data/data.js,LLM_reviewed_title,Primary subject selected in title review; overlapping techniques do not receive additional counts.,Automated reasoning and unification,Automated reasoning and unification
FOCS-2025-124,FOCS,2025,Stronger Cell Probe Lower Bounds Via Local PRGs,"Oliver Korten (Columbia University, USA), Toniann Pitassi (Columbia University, USA), Russell Impagliazzo (University of California, San Diego, USA)",Data structures and compressed data,https://doi.org/10.1109/FOCS63196.2025.00130,10.1109/FOCS63196.2025.00130,https://ieee-focs.org/FOCS-2025-Papers/,https://ieee-focs.org/FOCS-2025-Papers/data/data.js,LLM_reviewed_title,Primary subject selected in title review; overlapping techniques do not receive additional counts.,General algorithm design,General algorithm design
FOCS-2025-125,FOCS,2025,Succinct Homomorphic MACs from Groups and Applications,"Yuval Ishai (Technion and AWS, Israel and USA), Hanjun Li (University of Washington, USA), Huijia Lin (University of Washington, USA)",Cryptography,https://doi.org/10.1109/FOCS63196.2025.00131,10.1109/FOCS63196.2025.00131,https://ieee-focs.org/FOCS-2025-Papers/,https://ieee-focs.org/FOCS-2025-Papers/data/data.js,LLM_reviewed_title,Primary subject selected in title review; overlapping techniques do not receive additional counts.,Data structures and compressed data,Data structures and compressed data
FOCS-2025-126,FOCS,2025,The Power of Recursive Embeddings for ℓ Metrics,"Robert Krauthgamer (Weizmann Institute of Science), Nir Petruschka (Weizmann Institute), Shay Sapir (Weizmann Institute)",Approximation algorithms,https://doi.org/10.1109/FOCS63196.2025.00132,10.1109/FOCS63196.2025.00132,https://ieee-focs.org/FOCS-2025-Papers/,https://ieee-focs.org/FOCS-2025-Papers/data/data.js,LLM_reviewed_title,Title reviewed; candidate primary category retained.,General algorithm design,Approximation algorithms
FOCS-2025-127,FOCS,2025,The Proof Analysis Problem,"Noel Arteche (Lund University, Sweden & University of Copenhagen, Denmark), Albert Atserias (Universitat Politècnica de Catalunya & Centre de Recerca Matemàtica, Spain), Susanna F. de Rezende (Lund University, Sweden), Erfan Khaniki (University of Oxford, United Kingdom)",Proof complexity and logic,https://doi.org/10.1109/FOCS63196.2025.00133,10.1109/FOCS63196.2025.00133,https://ieee-focs.org/FOCS-2025-Papers/,https://ieee-focs.org/FOCS-2025-Papers/data/data.js,LLM_reviewed_title,Primary subject selected in title review; overlapping techniques do not receive additional counts.,General algorithm design,General algorithm design
FOCS-2025-128,FOCS,2025,The Quasi-Polynomial Low-Degree Conjecture is False,"Rares-Darius Buhai (ETH Zurich, Switzerland), Jun-Ting Hsieh (Carnegie Mellon University, USA), Aayush Jain (Carnegie Mellon University, USA), Pravesh K. Kothari (Princeton University, USA)",Average-case complexity,https://doi.org/10.1109/FOCS63196.2025.00134,10.1109/FOCS63196.2025.00134,https://ieee-focs.org/FOCS-2025-Papers/,https://ieee-focs.org/FOCS-2025-Papers/data/data.js,LLM_reviewed_title,Primary subject selected in title review; overlapping techniques do not receive additional counts.,General algorithm design,General algorithm design
FOCS-2025-129,FOCS,2025,The Sponge Is Quantum Indifferentiable,"Gorjan Alagic (University of Maryland, USA; National Institute of Standards and Technology, USA), Joseph Carolan (University of Maryland, USA), Christian Majenz (Technical University of Denmark, Denmark), Saliha Tokat (Technical University of Denmark, Denmark)",Cryptography,https://doi.org/10.1109/FOCS63196.2025.00135,10.1109/FOCS63196.2025.00135,https://ieee-focs.org/FOCS-2025-Papers/,https://ieee-focs.org/FOCS-2025-Papers/data/data.js,LLM_reviewed_title,Primary subject selected in title review; overlapping techniques do not receive additional counts.,Quantum computation,Quantum computation
FOCS-2025-130,FOCS,2025,Theoretical Limitations of Multi-Layer Transformer,"Lijie Chen (UC Berkeley, United States), Binghui Peng (Google research, United States), Hongxun Wu (UC Berkeley, United States)",Learning theory,https://doi.org/10.1109/FOCS63196.2025.00136,10.1109/FOCS63196.2025.00136,https://ieee-focs.org/FOCS-2025-Papers/,https://ieee-focs.org/FOCS-2025-Papers/data/data.js,LLM_reviewed_title,Primary subject selected in title review; overlapping techniques do not receive additional counts.,General algorithm design,General algorithm design
FOCS-2025-131,FOCS,2025,Tight Low Degree Hardness for Optimizing Pure Spherical Spin Glasses,Mark Sellke (Harvard University),Average-case complexity,https://doi.org/10.1109/FOCS63196.2025.00137,10.1109/FOCS63196.2025.00137,https://ieee-focs.org/FOCS-2025-Papers/,https://ieee-focs.org/FOCS-2025-Papers/data/data.js,LLM_reviewed_title,Title reviewed; candidate primary category retained.,General algorithm design,Average-case complexity
FOCS-2025-132,FOCS,2025,Tight Pair Query Lower Bounds for Matching and Earth Mover's Distance,"Amir Azarmehr (Northeastern University, USA), Soheil Behnezhad (Northeastern University, USA), Mohammad Roghani (Stanford University, USA), Aviad Rubinstein (Stanford University, USA)",Graph theory and graph algorithms,https://doi.org/10.1109/FOCS63196.2025.00138,10.1109/FOCS63196.2025.00138,https://ieee-focs.org/FOCS-2025-Papers/,https://ieee-focs.org/FOCS-2025-Papers/data/data.js,LLM_reviewed_title,Primary subject selected in title review; overlapping techniques do not receive additional counts.,Graph theory and graph algorithms,Computational and circuit complexity
FOCS-2025-133,FOCS,2025,"Towards True Work-Efficiency in Parallel Derandomization: MIS, Maximal Matching, and Hitting Set","Mohsen Ghaffari (MIT, USA), Christoph Grunau (ETH Zurich, Switzerland)",Pseudorandomness and derandomization,https://doi.org/10.1109/FOCS63196.2025.00139,10.1109/FOCS63196.2025.00139,https://ieee-focs.org/FOCS-2025-Papers/,https://ieee-focs.org/FOCS-2025-Papers/data/data.js,LLM_reviewed_title,Title reviewed; candidate primary category retained.,Pseudorandomness and derandomization,Pseudorandomness and derandomization
FOCS-2025-134,FOCS,2025,Truly Subquadratic Time Algorithms for Diameter and Related Problems in Graphs of Bounded VC-Dimension,"Timothy M. Chan (University of Illinois at Urbana-Champaign), Hsien-Chih Chang (Dartmouth College), Jie Gao (Rutgers University), Sándor Kisfaludi-Bak (Aalto University), Hung Le (UMass Amherst), Da Wei Zheng (Institute of Science and Technology Austria)",Graph theory and graph algorithms,https://doi.org/10.1109/FOCS63196.2025.00140,10.1109/FOCS63196.2025.00140,https://ieee-focs.org/FOCS-2025-Papers/,https://ieee-focs.org/FOCS-2025-Papers/data/data.js,LLM_reviewed_title,Primary subject selected in title review; overlapping techniques do not receive additional counts.,Learning theory,Learning theory
FOCS-2025-135,FOCS,2025,Truthful and Almost Envy-Free Mechanism of Allocating Indivisible Goods: The Power of Randomness,"Xiaolin Bu (Shanghai Jiao Tong University, China), Biaoshuai Tao (Shanghai Jiao Tong University, China)",Algorithmic game theory and fair division,https://doi.org/10.1109/FOCS63196.2025.00141,10.1109/FOCS63196.2025.00141,https://ieee-focs.org/FOCS-2025-Papers/,https://ieee-focs.org/FOCS-2025-Papers/data/data.js,LLM_reviewed_title,Title reviewed; candidate primary category retained.,Algorithmic game theory and fair division,Algorithmic game theory and fair division
FOCS-2025-136,FOCS,2025,Undirected Multicast Network Coding Gaps via Locally Decodable Codes,"Mark Braverman (Princeton University, United States), Zhongtian He (Princeton University, United States)",Coding and information theory,https://doi.org/10.1109/FOCS63196.2025.00142,10.1109/FOCS63196.2025.00142,https://ieee-focs.org/FOCS-2025-Papers/,https://ieee-focs.org/FOCS-2025-Papers/data/data.js,LLM_reviewed_title,Title reviewed; candidate primary category retained.,General algorithm design,Coding and information theory
FOCS-2025-137,FOCS,2025,Weighted k-Path and Other Problems in Almost O^*(2^k) Deterministic Time via Dynamic Representative Sets,"Jesper Nederlof (Utrecht University, Netherlands)",Parameterized and exact algorithms,https://doi.org/10.1109/FOCS63196.2025.00143,10.1109/FOCS63196.2025.00143,https://ieee-focs.org/FOCS-2025-Papers/,https://ieee-focs.org/FOCS-2025-Papers/data/data.js,LLM_reviewed_title,Primary subject selected in title review; overlapping techniques do not receive additional counts.,Graph theory and graph algorithms,Graph theory and graph algorithms
STOC-2022-001,STOC,2022,"Nonlocal games, compression theorems, and the arithmetical hierarchy",Hamoon Mousavi; Seyed Sajjad Nezhadi; Henry Yuen,Quantum computation,https://doi.org/10.1145/3519935.3519949,10.1145/3519935.3519949,https://acm-stoc.org/stoc2022/toc.html,https://acm-stoc.org/stoc2022/toc.html,LLM_reviewed_title,Title reviewed; candidate primary category retained.,Data structures and compressed data,Quantum computation
STOC-2022-002,STOC,2022,An area law for 2d frustration-free spin systems,Anurag Anshu; Itai Arad; David Gosset,Quantum computation,https://doi.org/10.1145/3519935.3519962,10.1145/3519935.3519962,https://acm-stoc.org/stoc2022/toc.html,https://acm-stoc.org/stoc2022/toc.html,LLM_reviewed_title,Primary subject selected in title review; overlapping techniques do not receive additional counts.,General algorithm design,Enumeration and counting
STOC-2022-003,STOC,2022,Dequantizing the Quantum singular value transformation: hardness and applications to Quantum chemistry and the Quantum PCP conjecture,Sevag Gharibian; François Le Gall,Quantum computation,https://doi.org/10.1145/3519935.3519991,10.1145/3519935.3519991,https://acm-stoc.org/stoc2022/toc.html,https://acm-stoc.org/stoc2022/toc.html,LLM_reviewed_title,Title reviewed; candidate primary category retained.,Quantum computation,Quantum computation
STOC-2022-004,STOC,2022,Near-optimal Quantum algorithms for multivariate mean estimation,Arjan Cornelissen; Yassine Hamoudi; Sofiene Jerbi,Quantum computation,https://doi.org/10.1145/3519935.3520045,10.1145/3519935.3520045,https://acm-stoc.org/stoc2022/toc.html,https://acm-stoc.org/stoc2022/toc.html,LLM_reviewed_title,Title reviewed; candidate primary category retained.,Quantum computation,Quantum computation
STOC-2022-005,STOC,2022,Distributed Quantum inner product estimation,Anurag Anshu; Zeph Landau; Yunchao Liu,Quantum computation,https://doi.org/10.1145/3519935.3519974,10.1145/3519935.3519974,https://acm-stoc.org/stoc2022/toc.html,https://acm-stoc.org/stoc2022/toc.html,LLM_reviewed_title,Title reviewed; candidate primary category retained.,Quantum computation,Quantum computation
STOC-2022-006,STOC,2022,The power of two choices in graphical allocation,Nikhil Bansal; Ohad N. Feldheim,General algorithm design,https://doi.org/10.1145/3519935.3519995,10.1145/3519935.3519995,https://acm-stoc.org/stoc2022/toc.html,https://acm-stoc.org/stoc2022/toc.html,LLM_reviewed_abstract,"Balls-into-bins load balancing on a graph, not economic allocation.",Algorithmic game theory and fair division,Algorithmic game theory and fair division
STOC-2022-007,STOC,2022,Expanders via local edge flips in quasilinear time,George Giakkoupis,Combinatorics and graph polynomials,https://doi.org/10.1145/3519935.3520022,10.1145/3519935.3520022,https://acm-stoc.org/stoc2022/toc.html,https://acm-stoc.org/stoc2022/toc.html,LLM_reviewed_title,Title reviewed; candidate primary category retained.,Combinatorics and graph polynomials,Combinatorics and graph polynomials
STOC-2022-008,STOC,2022,(Fractional) online stochastic matching via fine-grained offline statistics,Zhihao Gavin Tang; Jinzhao Wu; Hongxun Wu,"Online algorithms, bandits and stochastic optimization",https://doi.org/10.1145/3519935.3519994,10.1145/3519935.3519994,https://acm-stoc.org/stoc2022/toc.html,https://acm-stoc.org/stoc2022/toc.html,LLM_reviewed_title,Primary subject selected in title review; overlapping techniques do not receive additional counts.,Fine-grained complexity,Fine-grained complexity
STOC-2022-009,STOC,2022,The power of multiple choices in online stochastic matching,Zhiyi Huang; Xinkai Shu; Shuyi Yan,"Online algorithms, bandits and stochastic optimization",https://doi.org/10.1145/3519935.3520046,10.1145/3519935.3520046,https://acm-stoc.org/stoc2022/toc.html,https://acm-stoc.org/stoc2022/toc.html,LLM_reviewed_title,Title reviewed; candidate primary category retained.,Graph theory and graph algorithms,"Online algorithms, bandits and stochastic optimization"
STOC-2022-010,STOC,2022,Online edge coloring via tree recurrences and correlation decay,Janardhan Kulkarni; Yang P. Liu; Ashwin Sah; Mehtaab Sawhney; Jakub Tarnawski,"Online algorithms, bandits and stochastic optimization",https://doi.org/10.1145/3519935.3519986,10.1145/3519935.3519986,https://acm-stoc.org/stoc2022/toc.html,https://acm-stoc.org/stoc2022/toc.html,LLM_reviewed_title,Title reviewed; candidate primary category retained.,Graph theory and graph algorithms,"Online algorithms, bandits and stochastic optimization"
STOC-2022-011,STOC,2022,The shortest even cycle problem is tractable,Andreas Björklund; Thore Husfeldt; Petteri Kaski,Graph theory and graph algorithms,https://doi.org/10.1145/3519935.3520030,10.1145/3519935.3520030,https://acm-stoc.org/stoc2022/toc.html,https://acm-stoc.org/stoc2022/toc.html,LLM_reviewed_title,Title reviewed; candidate primary category retained.,General algorithm design,Graph theory and graph algorithms
STOC-2022-012,STOC,2022,Breaking the nk barrier for minimum k-cut on simple graphs,Zhiyang He; Jason Li,Graph theory and graph algorithms,https://doi.org/10.1145/3519935.3519948,10.1145/3519935.3519948,https://acm-stoc.org/stoc2022/toc.html,https://acm-stoc.org/stoc2022/toc.html,LLM_reviewed_title,Title reviewed; candidate primary category retained.,Graph theory and graph algorithms,Graph theory and graph algorithms
STOC-2022-013,STOC,2022,Edge connectivity augmentation in near-linear time,Ruoxu Cen; Jason Li; Debmalya Panigrahi,Graph theory and graph algorithms,https://doi.org/10.1145/3519935.3520038,10.1145/3519935.3520038,https://acm-stoc.org/stoc2022/toc.html,https://acm-stoc.org/stoc2022/toc.html,LLM_reviewed_title,Title reviewed; candidate primary category retained.,Graph theory and graph algorithms,Graph theory and graph algorithms
STOC-2022-014,STOC,2022,Optimal vertex connectivity oracles,Seth Pettie; Thatchaphol Saranurak; Longhui Yin,Data structures and compressed data,https://doi.org/10.1145/3519935.3519945,10.1145/3519935.3519945,https://acm-stoc.org/stoc2022/toc.html,https://acm-stoc.org/stoc2022/toc.html,LLM_reviewed_title,Primary subject selected in title review; overlapping techniques do not receive additional counts.,Graph theory and graph algorithms,Graph theory and graph algorithms
STOC-2022-015,STOC,2022,Deterministic massively parallel connectivity,Sam Coy; Artur Czumaj,Distributed and local algorithms,https://doi.org/10.1145/3519935.3520055,10.1145/3519935.3520055,https://acm-stoc.org/stoc2022/toc.html,https://acm-stoc.org/stoc2022/toc.html,LLM_reviewed_title,Title reviewed; candidate primary category retained.,Graph theory and graph algorithms,Distributed and local algorithms
STOC-2022-016,STOC,2022,Hypercontractivity on high dimensional expanders,Tom Gur; Noam Lifshitz; Siqi Liu,Combinatorics and graph polynomials,https://doi.org/10.1145/3519935.3520004,10.1145/3519935.3520004,https://acm-stoc.org/stoc2022/toc.html,https://acm-stoc.org/stoc2022/toc.html,LLM_reviewed_title,Title reviewed; candidate primary category retained.,Combinatorics and graph polynomials,Combinatorics and graph polynomials
STOC-2022-017,STOC,2022,Hypercontractivity on high dimensional expanders,Mitali Bafna; Max Hopkins; Tali Kaufman; Shachar Lovett,Combinatorics and graph polynomials,https://doi.org/10.1145/3519935.3520040,10.1145/3519935.3520040,https://acm-stoc.org/stoc2022/toc.html,https://acm-stoc.org/stoc2022/toc.html,LLM_reviewed_title,Title reviewed; candidate primary category retained.,Combinatorics and graph polynomials,Combinatorics and graph polynomials
STOC-2022-018,STOC,2022,Approximate polymorphisms,Gilad Chase; Yuval Filmus; Dor Minzer; Elchanan Mossel; Nitin Saurabh,Constraint satisfaction,https://doi.org/10.1145/3519935.3519966,10.1145/3519935.3519966,https://acm-stoc.org/stoc2022/toc.html,https://acm-stoc.org/stoc2022/toc.html,LLM_reviewed_title,Title reviewed; candidate primary category retained.,Constraint satisfaction,Constraint satisfaction
STOC-2022-019,STOC,2022,Learning low-degree functions from a logarithmic number of random queries,Alexandros Eskenazis; Paata Ivanisvili,Learning theory,https://doi.org/10.1145/3519935.3519981,10.1145/3519935.3519981,https://acm-stoc.org/stoc2022/toc.html,https://acm-stoc.org/stoc2022/toc.html,LLM_reviewed_title,Title reviewed; candidate primary category retained.,Learning theory,Learning theory
STOC-2022-020,STOC,2022,Positive spectrahedra: invariance principles and pseudorandom generators,Srinivasan Arunachalam; Penghui Yao,Pseudorandomness and derandomization,https://doi.org/10.1145/3519935.3519965,10.1145/3519935.3519965,https://acm-stoc.org/stoc2022/toc.html,https://acm-stoc.org/stoc2022/toc.html,LLM_reviewed_title,Title reviewed; candidate primary category retained.,Pseudorandomness and derandomization,Pseudorandomness and derandomization
STOC-2022-021,STOC,2022,New streaming algorithms for high dimensional EMD and MST,Xi Chen; Rajesh Jayaram; Amit Levi; Erik Waingarten,Streaming and sketching,https://doi.org/10.1145/3519935.3519979,10.1145/3519935.3519979,https://acm-stoc.org/stoc2022/toc.html,https://acm-stoc.org/stoc2022/toc.html,LLM_reviewed_title,Title reviewed; candidate primary category retained.,Streaming and sketching,Streaming and sketching
STOC-2022-022,STOC,2022,Brooks’ theorem in graph streams: a single-pass semi-streaming algorithm for ∆-coloring,Sepehr Assadi; Pankaj Kumar; Parth Mittal,Streaming and sketching,https://doi.org/10.1145/3519935.3520005,10.1145/3519935.3520005,https://acm-stoc.org/stoc2022/toc.html,https://acm-stoc.org/stoc2022/toc.html,LLM_reviewed_title,Title reviewed; candidate primary category retained.,Streaming and sketching,Streaming and sketching
STOC-2022-023,STOC,2022,Deterministic (1+𝜀)-approximate maximum matching with poly(1/𝜀) passes in the semi-streaming model and beyond,Manuela Fischer; Slobodan Mitrović; Jara Uitto,Streaming and sketching,https://doi.org/10.1145/3519935.3520039,10.1145/3519935.3520039,https://acm-stoc.org/stoc2022/toc.html,https://acm-stoc.org/stoc2022/toc.html,LLM_reviewed_title,Title reviewed; candidate primary category retained.,Streaming and sketching,Streaming and sketching
STOC-2022-024,STOC,2022,Deterministic graph coloring in the streaming model,Sepehr Assadi; Andrew Chen; Glenn Sun,Streaming and sketching,https://doi.org/10.1145/3519935.3520016,10.1145/3519935.3520016,https://acm-stoc.org/stoc2022/toc.html,https://acm-stoc.org/stoc2022/toc.html,LLM_reviewed_title,Title reviewed; candidate primary category retained.,Streaming and sketching,Streaming and sketching
STOC-2022-025,STOC,2022,Linear space streaming lower bounds for approximating CSPs,Chi-Ning Chou; Alexander Golovnev; Madhu Sudan; Ameya Velingker; Santhoshini Velusamy,Streaming and sketching,https://doi.org/10.1145/3519935.3519983,10.1145/3519935.3519983,https://acm-stoc.org/stoc2022/toc.html,https://acm-stoc.org/stoc2022/toc.html,LLM_reviewed_title,Primary subject selected in title review; overlapping techniques do not receive additional counts.,Streaming and sketching,Constraint satisfaction
STOC-2022-026,STOC,2022,A PTAS for unsplittable flow on a path,Fabrizio Grandoni; Tobias Mömke; Andreas Wiese,Approximation algorithms,https://doi.org/10.1145/3519935.3519959,10.1145/3519935.3519959,https://acm-stoc.org/stoc2022/toc.html,https://acm-stoc.org/stoc2022/toc.html,LLM_reviewed_title,Primary subject selected in title review; overlapping techniques do not receive additional counts.,Graph theory and graph algorithms,Graph theory and graph algorithms
STOC-2022-027,STOC,2022,A subpolynomial approximation algorithm for graph crossing number in low-degree graphs,Julia Chuzhoy; Zihan Tan,Approximation algorithms,https://doi.org/10.1145/3519935.3519984,10.1145/3519935.3519984,https://acm-stoc.org/stoc2022/toc.html,https://acm-stoc.org/stoc2022/toc.html,LLM_reviewed_title,Title reviewed; candidate primary category retained.,Computational geometry,Approximation algorithms
STOC-2022-028,STOC,2022,Improved approximation guarantees for shortest superstrings using cycle classification by overlap to length ratios,Matthias Englert; Nicolaos Matsakis; Pavel Veselý,Data structures and compressed data,https://doi.org/10.1145/3519935.3520001,10.1145/3519935.3520001,https://acm-stoc.org/stoc2022/toc.html,https://acm-stoc.org/stoc2022/toc.html,LLM_reviewed_title,Title reviewed; candidate primary category retained.,Approximation algorithms,Data structures and compressed data
STOC-2022-029,STOC,2022,Flow time scheduling and prefix Beck-Fiala,Nikhil Bansal; Lars Rohwedder; Ola Svensson,Scheduling and packing,https://doi.org/10.1145/3519935.3520077,10.1145/3519935.3520077,https://acm-stoc.org/stoc2022/toc.html,https://acm-stoc.org/stoc2022/toc.html,LLM_reviewed_title,Title reviewed; candidate primary category retained.,Scheduling and packing,Scheduling and packing
STOC-2022-030,STOC,2022,Bypassing the surface embedding: approximation schemes for network design in minor-free graphs,Vincent Cohen-Addad,Approximation algorithms,https://doi.org/10.1145/3519935.3520049,10.1145/3519935.3520049,https://acm-stoc.org/stoc2022/toc.html,https://acm-stoc.org/stoc2022/toc.html,LLM_reviewed_title,Title reviewed; candidate primary category retained.,Approximation algorithms,Approximation algorithms
STOC-2022-031,STOC,2022,"Locally testable codes with constant rate, distance, and locality",Irit Dinur; Shai Evra; Ron Livne; Alexander Lubotzky; Shahar Mozes,Coding and information theory,https://doi.org/10.1145/3519935.3520024,10.1145/3519935.3520024,https://acm-stoc.org/stoc2022/toc.html,https://acm-stoc.org/stoc2022/toc.html,LLM_reviewed_title,Title reviewed; candidate primary category retained.,Distributed and local algorithms,Coding and information theory
STOC-2022-032,STOC,2022,Asymptotically good Quantum and locally testable classical LDPC codes,Pavel Panteleev; Gleb Kalachev,Quantum computation,https://doi.org/10.1145/3519935.3520017,10.1145/3519935.3520017,https://acm-stoc.org/stoc2022/toc.html,https://acm-stoc.org/stoc2022/toc.html,LLM_reviewed_title,Title reviewed; candidate primary category retained.,Quantum computation,Quantum computation
STOC-2022-033,STOC,2022,"Ideals, determinants, and straightening: proving and using lower bounds for polynomial ideals",Robert Andrews; Michael A. Forbes,Algebraic and numerical computation,https://doi.org/10.1145/3519935.3520025,10.1145/3519935.3520025,https://acm-stoc.org/stoc2022/toc.html,https://acm-stoc.org/stoc2022/toc.html,LLM_reviewed_title,Primary subject selected in title review; overlapping techniques do not receive additional counts.,General algorithm design,General algorithm design
STOC-2022-034,STOC,2022,"Fast, algebraic multivariate multipoint evaluation in small characteristic and applications",Vishwas Bhargava; Sumanta Ghosh; Mrinal Kumar; Chandra Kanta Mohapatra,Algebraic and numerical computation,https://doi.org/10.1145/3519935.3519968,10.1145/3519935.3519968,https://acm-stoc.org/stoc2022/toc.html,https://acm-stoc.org/stoc2022/toc.html,LLM_reviewed_title,Title reviewed; candidate primary category retained.,General algorithm design,Algebraic and numerical computation
STOC-2022-035,STOC,2022,Set-multilinear and non-commutative formula lower bounds for iterated matrix multiplication,Sébastien Tavenas; Nutan Limaye; Srikanth Srinivasan,Algebraic and numerical computation,https://doi.org/10.1145/3519935.3520044,10.1145/3519935.3520044,https://acm-stoc.org/stoc2022/toc.html,https://acm-stoc.org/stoc2022/toc.html,LLM_reviewed_title,Title reviewed; candidate primary category retained.,Algebraic and numerical computation,Algebraic and numerical computation
STOC-2022-036,STOC,2022,Combinatorics via closed orbits: number theoretic Ramanujan graphs are not unique neighbor expanders,Amitay Kamber; Tali Kaufman,Combinatorics and graph polynomials,https://doi.org/10.1145/3519935.3519992,10.1145/3519935.3519992,https://acm-stoc.org/stoc2022/toc.html,https://acm-stoc.org/stoc2022/toc.html,LLM_reviewed_title,Primary subject selected in title review; overlapping techniques do not receive additional counts.,Lattices and computational number theory,Lattices and computational number theory
STOC-2022-037,STOC,2022,On the complexity of CSP-based ideal membership problems,Andrei A. Bulatov; Akbar Rafiey,Constraint satisfaction,https://doi.org/10.1145/3519935.3520063,10.1145/3519935.3520063,https://acm-stoc.org/stoc2022/toc.html,https://acm-stoc.org/stoc2022/toc.html,LLM_reviewed_title,Title reviewed; candidate primary category retained.,Constraint satisfaction,Constraint satisfaction
STOC-2022-038,STOC,2022,Near-optimal distributed degree+1 coloring,Magnús M. Halldórsson; Fabian Kuhn; Alexandre Nolin; Tigran Tonoyan,Distributed and local algorithms,https://doi.org/10.1145/3519935.3520023,10.1145/3519935.3520023,https://acm-stoc.org/stoc2022/toc.html,https://acm-stoc.org/stoc2022/toc.html,LLM_reviewed_title,Title reviewed; candidate primary category retained.,Distributed and local algorithms,Distributed and local algorithms
STOC-2022-039,STOC,2022,Distributed ∆-coloring plays hide-and-seek,Alkida Balliu; Sebastian Brandt; Fabian Kuhn; Dennis Olivetti,Distributed and local algorithms,https://doi.org/10.1145/3519935.3520027,10.1145/3519935.3520027,https://acm-stoc.org/stoc2022/toc.html,https://acm-stoc.org/stoc2022/toc.html,LLM_reviewed_title,Title reviewed; candidate primary category retained.,Distributed and local algorithms,Distributed and local algorithms
STOC-2022-040,STOC,2022,Undirected (1+𝜀)-shortest paths via minor-aggregates: near-optimal deterministic parallel and distributed algorithms,Václav Rozhoň; Christoph Grunau; Bernhard Haeupler; Goran Zuzic; Jason Li,Distributed and local algorithms,https://doi.org/10.1145/3519935.3520074,10.1145/3519935.3520074,https://acm-stoc.org/stoc2022/toc.html,https://acm-stoc.org/stoc2022/toc.html,LLM_reviewed_title,Title reviewed; candidate primary category retained.,Distributed and local algorithms,Distributed and local algorithms
STOC-2022-041,STOC,2022,Improved communication complexity of fault-tolerant consensus,Mohammad T. Hajiaghayi; Dariusz R. Kowalski; Jan Olkowski,Distributed and local algorithms,https://doi.org/10.1145/3519935.3520078,10.1145/3519935.3520078,https://acm-stoc.org/stoc2022/toc.html,https://acm-stoc.org/stoc2022/toc.html,LLM_reviewed_title,Primary subject selected in title review; overlapping techniques do not receive additional counts.,Communication complexity,Communication complexity
STOC-2022-042,STOC,2022,Byzantine agreement in polynomial time with near-optimal resilience,Shang-En Huang; Seth Pettie; Leqi Zhu,Distributed and local algorithms,https://doi.org/10.1145/3519935.3520015,10.1145/3519935.3520015,https://acm-stoc.org/stoc2022/toc.html,https://acm-stoc.org/stoc2022/toc.html,LLM_reviewed_title,Title reviewed; candidate primary category retained.,Distributed and local algorithms,Distributed and local algorithms
STOC-2022-043,STOC,2022,No self-concordant barrier interior point method is strongly polynomial,Xavier Allamigeon; Stéphane Gaubert; Nicolas Vandame,Optimization and mathematical programming,https://doi.org/10.1145/3519935.3519997,10.1145/3519935.3519997,https://acm-stoc.org/stoc2022/toc.html,https://acm-stoc.org/stoc2022/toc.html,LLM_reviewed_title,Title reviewed; candidate primary category retained.,General algorithm design,Optimization and mathematical programming
STOC-2022-044,STOC,2022,Improved iteration complexities for overconstrained p-norm regression,Arun Jambulapati; Yang P. Liu; Aaron Sidford,Optimization and mathematical programming,https://doi.org/10.1145/3519935.3519971,10.1145/3519935.3519971,https://acm-stoc.org/stoc2022/toc.html,https://acm-stoc.org/stoc2022/toc.html,LLM_reviewed_title,Primary subject selected in title review; overlapping techniques do not receive additional counts.,General algorithm design,General algorithm design
STOC-2022-045,STOC,2022,Faster maxflow via improved dynamic spectral vertex sparsifiers,Jan van den Brand; Yu Gao; Arun Jambulapati; Yin Tat Lee; Yang P. Liu; Richard Peng; Aaron Sidford,Graph theory and graph algorithms,https://doi.org/10.1145/3519935.3520068,10.1145/3519935.3520068,https://acm-stoc.org/stoc2022/toc.html,https://acm-stoc.org/stoc2022/toc.html,LLM_reviewed_title,Title reviewed; candidate primary category retained.,General algorithm design,Graph theory and graph algorithms
STOC-2022-046,STOC,2022,Sparsified block elimination for directed laplacians,Richard Peng; Zhuoqing Song,Optimization and mathematical programming,https://doi.org/10.1145/3519935.3520053,10.1145/3519935.3520053,https://acm-stoc.org/stoc2022/toc.html,https://acm-stoc.org/stoc2022/toc.html,LLM_reviewed_title,Primary subject selected in title review; overlapping techniques do not receive additional counts.,General algorithm design,General algorithm design
STOC-2022-047,STOC,2022,Matrix anti-concentration inequalities with applications,Zipei Nie,Combinatorics and graph polynomials,https://doi.org/10.1145/3519935.3520060,10.1145/3519935.3520060,https://acm-stoc.org/stoc2022/toc.html,https://acm-stoc.org/stoc2022/toc.html,LLM_reviewed_title,Title reviewed; candidate primary category retained.,General algorithm design,Combinatorics and graph polynomials
STOC-2022-048,STOC,2022,Circuits resilient to short-circuit errors,Klim Efremenko; Bernhard Haeupler; Yael Tauman Kalai; Pritish Kamath; Gillat Kol; Nicolas Resch; Raghuvansh R. Saxena,Computational and circuit complexity,https://doi.org/10.1145/3519935.3520007,10.1145/3519935.3520007,https://acm-stoc.org/stoc2022/toc.html,https://acm-stoc.org/stoc2022/toc.html,LLM_reviewed_title,Title reviewed; candidate primary category retained.,General algorithm design,Computational and circuit complexity
STOC-2022-049,STOC,2022,Explicit binary tree codes with sub-logarithmic size alphabet,Inbar Ben Yaacov; Gil Cohen; Tal Yankovitz,Coding and information theory,https://doi.org/10.1145/3519935.3520033,10.1145/3519935.3520033,https://acm-stoc.org/stoc2022/toc.html,https://acm-stoc.org/stoc2022/toc.html,LLM_reviewed_title,Title reviewed; candidate primary category retained.,General algorithm design,Coding and information theory
STOC-2022-050,STOC,2022,Interactive error correcting codes over binary erasure channels resilient to > ½ adversarial corruption,Meghal Gupta; Yael Tauman Kalai; Rachel Yun Zhang,Coding and information theory,https://doi.org/10.1145/3519935.3519980,10.1145/3519935.3519980,https://acm-stoc.org/stoc2022/toc.html,https://acm-stoc.org/stoc2022/toc.html,LLM_reviewed_title,Title reviewed; candidate primary category retained.,Coding and information theory,Coding and information theory
STOC-2022-051,STOC,2022,The query complexity of certification,Guy Blanc; Caleb Koch; Jane Lange; Li-Yang Tan,Computational and circuit complexity,https://doi.org/10.1145/3519935.3519993,10.1145/3519935.3519993,https://acm-stoc.org/stoc2022/toc.html,https://acm-stoc.org/stoc2022/toc.html,LLM_reviewed_title,Title reviewed; candidate primary category retained.,General algorithm design,Computational and circuit complexity
STOC-2022-052,STOC,2022,Matrix discrepancy from Quantum communication,Samuel B. Hopkins; Prasad Raghavendra; Abhishek Shetty,Combinatorics and graph polynomials,https://doi.org/10.1145/3519935.3519954,10.1145/3519935.3519954,https://acm-stoc.org/stoc2022/toc.html,https://acm-stoc.org/stoc2022/toc.html,LLM_reviewed_title,Primary subject selected in title review; overlapping techniques do not receive additional counts.,Quantum computation,Quantum computation
STOC-2022-053,STOC,2022,A new framework for matrix discrepancy: partial coloring bounds via mirror descent,Daniel Dadush; Haotian Jiang; Victor Reis,Combinatorics and graph polynomials,https://doi.org/10.1145/3519935.3519967,10.1145/3519935.3519967,https://acm-stoc.org/stoc2022/toc.html,https://acm-stoc.org/stoc2022/toc.html,LLM_reviewed_title,Title reviewed; candidate primary category retained.,Combinatorics and graph polynomials,Combinatorics and graph polynomials
STOC-2022-054,STOC,2022,Uniform approximations for Randomized Hadamard Transforms with applications,Yeshwanth Cherapanamjeri; Jelani Nelson,Algebraic and numerical computation,https://doi.org/10.1145/3519935.3519961,10.1145/3519935.3519961,https://acm-stoc.org/stoc2022/toc.html,https://acm-stoc.org/stoc2022/toc.html,LLM_reviewed_abstract,Uniform guarantees for randomized Hadamard transforms and random projection methods.,Approximation algorithms,Approximation algorithms
STOC-2022-055,STOC,2022,Testing thresholds for high-dimensional sparse random geometric graphs,Siqi Liu; Sidhanth Mohanty; Tselil Schramm; Elizabeth Yang,Average-case complexity,https://doi.org/10.1145/3519935.3519989,10.1145/3519935.3519989,https://acm-stoc.org/stoc2022/toc.html,https://acm-stoc.org/stoc2022/toc.html,LLM_reviewed_abstract,Statistical distinguishability thresholds for random geometric and Erdos-Renyi graphs.,Computational geometry,Property testing and distribution learning
STOC-2022-056,STOC,2022,Algorithms and certificates for Boolean CSP refutation: smoothed is no harder than random,Venkatesan Guruswami; Pravesh K. Kothari; Peter Manohar,Constraint satisfaction,https://doi.org/10.1145/3519935.3519955,10.1145/3519935.3519955,https://acm-stoc.org/stoc2022/toc.html,https://acm-stoc.org/stoc2022/toc.html,LLM_reviewed_title,Primary subject selected in title review; overlapping techniques do not receive additional counts.,Constraint satisfaction,Proof complexity and logic
STOC-2022-057,STOC,2022,On the hardness of dominant strategy mechanism design,Shahar Dobzinski; Shiri Ron; Jan Vondrák,Algorithmic game theory and fair division,https://doi.org/10.1145/3519935.3520013,10.1145/3519935.3520013,https://acm-stoc.org/stoc2022/toc.html,https://acm-stoc.org/stoc2022/toc.html,LLM_reviewed_title,Title reviewed; candidate primary category retained.,Algorithmic game theory and fair division,Algorithmic game theory and fair division
STOC-2022-058,STOC,2022,Computing simple mechanisms: Lift-and-round over marginal reduced forms,Yang Cai; Argyris Oikonomou; Mingfei Zhao,Algorithmic game theory and fair division,https://doi.org/10.1145/3519935.3520029,10.1145/3519935.3520029,https://acm-stoc.org/stoc2022/toc.html,https://acm-stoc.org/stoc2022/toc.html,LLM_reviewed_title,Primary subject selected in title review; overlapping techniques do not receive additional counts.,General algorithm design,General algorithm design
STOC-2022-059,STOC,2022,Approximately efficient bilateral trade,Yuan Deng; Jieming Mao; Balasubramanian Sivan; Kangning Wang,Algorithmic game theory and fair division,https://doi.org/10.1145/3519935.3520054,10.1145/3519935.3520054,https://acm-stoc.org/stoc2022/toc.html,https://acm-stoc.org/stoc2022/toc.html,LLM_reviewed_title,Primary subject selected in title review; overlapping techniques do not receive additional counts.,Approximation algorithms,Approximation algorithms
STOC-2022-060,STOC,2022,Pricing ordered items,Shuchi Chawla; Rojin Rezvan; Yifeng Teng; Christos Tzamos,Algorithmic game theory and fair division,https://doi.org/10.1145/3519935.3520065,10.1145/3519935.3520065,https://acm-stoc.org/stoc2022/toc.html,https://acm-stoc.org/stoc2022/toc.html,LLM_reviewed_title,Primary subject selected in title review; overlapping techniques do not receive additional counts.,General algorithm design,General algorithm design
STOC-2022-061,STOC,2022,Near-optimal no-regret learning for correlated equilibria in multi-player general-sum games,Ioannis Anagnostides; Constantinos Daskalakis; Gabriele Farina; Maxwell Fishelson; Noah Golowich; Tuomas Sandholm,Algorithmic game theory and fair division,https://doi.org/10.1145/3519935.3520031,10.1145/3519935.3520031,https://acm-stoc.org/stoc2022/toc.html,https://acm-stoc.org/stoc2022/toc.html,LLM_reviewed_title,Title reviewed; candidate primary category retained.,Algorithmic game theory and fair division,Algorithmic game theory and fair division
STOC-2022-062,STOC,2022,Hamiltonian complexity in the thermodynamic limit,Dorit Aharonov; Sandy Irani,Quantum computation,https://doi.org/10.1145/3519935.3520067,10.1145/3519935.3520067,https://acm-stoc.org/stoc2022/toc.html,https://acm-stoc.org/stoc2022/toc.html,LLM_reviewed_title,Title reviewed; candidate primary category retained.,General algorithm design,Quantum computation
STOC-2022-063,STOC,2022,Computational complexity of the ground state energy density problem,James D. Watson; Toby S. Cubitt,Quantum computation,https://doi.org/10.1145/3519935.3520052,10.1145/3519935.3520052,https://acm-stoc.org/stoc2022/toc.html,https://acm-stoc.org/stoc2022/toc.html,LLM_reviewed_title,Primary subject selected in title review; overlapping techniques do not receive additional counts.,General algorithm design,Computational and circuit complexity
STOC-2022-064,STOC,2022,Optimizing strongly interacting fermionic Hamiltonians,Matthew B. Hastings; Ryan O'Donnell,Quantum computation,https://doi.org/10.1145/3519935.3519960,10.1145/3519935.3519960,https://acm-stoc.org/stoc2022/toc.html,https://acm-stoc.org/stoc2022/toc.html,LLM_reviewed_title,Title reviewed; candidate primary category retained.,General algorithm design,Quantum computation
STOC-2022-065,STOC,2022,Public-key Quantum money with a classical bank,Omri Shmueli,Cryptography,https://doi.org/10.1145/3519935.3519952,10.1145/3519935.3519952,https://acm-stoc.org/stoc2022/toc.html,https://acm-stoc.org/stoc2022/toc.html,LLM_reviewed_title,Primary subject selected in title review; overlapping techniques do not receive additional counts.,Quantum computation,Quantum computation
STOC-2022-066,STOC,2022,Quantum garbled circuits,Zvika Brakerski; Henry Yuen,Cryptography,https://doi.org/10.1145/3519935.3520073,10.1145/3519935.3520073,https://acm-stoc.org/stoc2022/toc.html,https://acm-stoc.org/stoc2022/toc.html,LLM_reviewed_title,Primary subject selected in title review; overlapping techniques do not receive additional counts.,Quantum computation,Quantum computation
STOC-2022-067,STOC,2022,Reproducibility in learning,Russell Impagliazzo; Rex Lei; Toniann Pitassi; Jessica Sorrell,Learning theory,https://doi.org/10.1145/3519935.3519973,10.1145/3519935.3519973,https://acm-stoc.org/stoc2022/toc.html,https://acm-stoc.org/stoc2022/toc.html,LLM_reviewed_title,Title reviewed; candidate primary category retained.,Learning theory,Learning theory
STOC-2022-068,STOC,2022,Kalman filtering with adversarial corruptions,Sitan Chen; Frederic Koehler; Ankur Moitra; Morris Yau,Learning theory,https://doi.org/10.1145/3519935.3520050,10.1145/3519935.3520050,https://acm-stoc.org/stoc2022/toc.html,https://acm-stoc.org/stoc2022/toc.html,LLM_reviewed_title,Primary subject selected in title review; overlapping techniques do not receive additional counts.,General algorithm design,General algorithm design
STOC-2022-069,STOC,2022,Fast rates for nonparametric online learning: from realizability to learning in games,Constantinos Daskalakis; Noah Golowich,"Online algorithms, bandits and stochastic optimization",https://doi.org/10.1145/3519935.3519950,10.1145/3519935.3519950,https://acm-stoc.org/stoc2022/toc.html,https://acm-stoc.org/stoc2022/toc.html,LLM_reviewed_title,Title reviewed; candidate primary category retained.,Learning theory,"Online algorithms, bandits and stochastic optimization"
STOC-2022-070,STOC,2022,Binary perceptron: efficient algorithms can find solutions in a rare well-connected cluster,Emmanuel Abbe; Shuangping Li; Allan Sly,Average-case complexity,https://doi.org/10.1145/3519935.3519975,10.1145/3519935.3519975,https://acm-stoc.org/stoc2022/toc.html,https://acm-stoc.org/stoc2022/toc.html,LLM_reviewed_title,Title reviewed; candidate primary category retained.,General algorithm design,Average-case complexity
STOC-2022-071,STOC,2022,Learning general halfspaces with general Massart noise under the Gaussian distribution,Ilias Diakonikolas; Daniel M. Kane; Vasilis Kontonis; Christos Tzamos; Nikos Zarifis,Learning theory,https://doi.org/10.1145/3519935.3519970,10.1145/3519935.3519970,https://acm-stoc.org/stoc2022/toc.html,https://acm-stoc.org/stoc2022/toc.html,LLM_reviewed_title,Title reviewed; candidate primary category retained.,Learning theory,Learning theory
STOC-2022-072,STOC,2022,Fast FPT-approximation of branchwidth,Fedor V. Fomin; Tuukka Korhonen,Parameterized and exact algorithms,https://doi.org/10.1145/3519935.3519996,10.1145/3519935.3519996,https://acm-stoc.org/stoc2022/toc.html,https://acm-stoc.org/stoc2022/toc.html,LLM_reviewed_title,Title reviewed; candidate primary category retained.,Parameterized and exact algorithms,Parameterized and exact algorithms
STOC-2022-073,STOC,2022,Lossy planarization: a constant-factor approximate kernelization for planar vertex deletion,Bart M. P. Jansen; Michał Włodarczyk,Parameterized and exact algorithms,https://doi.org/10.1145/3519935.3520021,10.1145/3519935.3520021,https://acm-stoc.org/stoc2022/toc.html,https://acm-stoc.org/stoc2022/toc.html,LLM_reviewed_title,Title reviewed; candidate primary category retained.,Parameterized and exact algorithms,Parameterized and exact algorithms
STOC-2022-074,STOC,2022,Fixed-parameter tractability of graph isomorphism in graphs with an excluded minor,Daniel Lokshtanov; Marcin Pilipczuk; Michał Pilipczuk; Saket Saurabh,Parameterized and exact algorithms,https://doi.org/10.1145/3519935.3520076,10.1145/3519935.3520076,https://acm-stoc.org/stoc2022/toc.html,https://acm-stoc.org/stoc2022/toc.html,LLM_reviewed_title,Title reviewed; candidate primary category retained.,Parameterized and exact algorithms,Parameterized and exact algorithms
STOC-2022-075,STOC,2022,Twin-width IV: ordered graphs and matrices,Édouard Bonnet; Ugo Giocanti; Patrice Ossona de Mendez; Pierre Simon; Stéphan Thomassé; Szymon Toruńczyk,Graph theory and graph algorithms,https://doi.org/10.1145/3519935.3520037,10.1145/3519935.3520037,https://acm-stoc.org/stoc2022/toc.html,https://acm-stoc.org/stoc2022/toc.html,LLM_reviewed_title,Title reviewed; candidate primary category retained.,Graph theory and graph algorithms,Graph theory and graph algorithms
STOC-2022-076,STOC,2022,Directed flow-augmentation,Eun Jung Kim; Stefan Kratsch; Marcin Pilipczuk; Magnus Wahlström,Graph theory and graph algorithms,https://doi.org/10.1145/3519935.3520018,10.1145/3519935.3520018,https://acm-stoc.org/stoc2022/toc.html,https://acm-stoc.org/stoc2022/toc.html,LLM_reviewed_title,Title reviewed; candidate primary category retained.,General algorithm design,Graph theory and graph algorithms
STOC-2022-077,STOC,2022,The optimal error resilience of interactive communication over binary channels,Meghal Gupta; Rachel Yun Zhang,Coding and information theory,https://doi.org/10.1145/3519935.3519985,10.1145/3519935.3519985,https://acm-stoc.org/stoc2022/toc.html,https://acm-stoc.org/stoc2022/toc.html,LLM_reviewed_title,Primary subject selected in title review; overlapping techniques do not receive additional counts.,General algorithm design,General algorithm design
STOC-2022-078,STOC,2022,The exact complexity of pseudorandom functions and the black-box natural proof barrier for bootstrapping results in computational complexity,Zhiyuan Fan; Jiatu Li; Tianqi Yang,Computational and circuit complexity,https://doi.org/10.1145/3519935.3520010,10.1145/3519935.3520010,https://acm-stoc.org/stoc2022/toc.html,https://acm-stoc.org/stoc2022/toc.html,LLM_reviewed_abstract,Tight circuit complexity of pseudorandom functions and a natural-proofs barrier.,Pseudorandomness and derandomization,Cryptography
STOC-2022-079,STOC,2022,On approximability of satisfiable k-CSPs: I,Amey Bhangale; Subhash Khot; Dor Minzer,Constraint satisfaction,https://doi.org/10.1145/3519935.3520028,10.1145/3519935.3520028,https://acm-stoc.org/stoc2022/toc.html,https://acm-stoc.org/stoc2022/toc.html,LLM_reviewed_title,Title reviewed; candidate primary category retained.,General algorithm design,Constraint satisfaction
STOC-2022-080,STOC,2022,A characterization of approximability for biased CSPs,Euiwoong Lee; Suprovat Ghoshal,Constraint satisfaction,https://doi.org/10.1145/3519935.3520072,10.1145/3519935.3520072,https://acm-stoc.org/stoc2022/toc.html,https://acm-stoc.org/stoc2022/toc.html,LLM_reviewed_title,Title reviewed; candidate primary category retained.,General algorithm design,Constraint satisfaction
STOC-2022-081,STOC,2022,Parallel repetition for all 3-player games over binary alphabet,Uma Girish; Justin Holmgren; Kunal Mittal; Ran Raz; Wei Zhan,Proof complexity and logic,https://doi.org/10.1145/3519935.3520071,10.1145/3519935.3520071,https://acm-stoc.org/stoc2022/toc.html,https://acm-stoc.org/stoc2022/toc.html,LLM_reviewed_title,Primary subject selected in title review; overlapping techniques do not receive additional counts.,General algorithm design,General algorithm design
STOC-2022-082,STOC,2022,Constant inapproximability for PPA,Argyrios Deligkas; John Fearnley; Alexandros Hollender; Themistoklis Melissourgos,Computational and circuit complexity,https://doi.org/10.1145/3519935.3520079,10.1145/3519935.3520079,https://acm-stoc.org/stoc2022/toc.html,https://acm-stoc.org/stoc2022/toc.html,LLM_reviewed_title,Primary subject selected in title review; overlapping techniques do not receive additional counts.,Approximation algorithms,Approximation algorithms
STOC-2022-083,STOC,2022,Complexity classification of counting graph homomorphisms modulo a prime number,Andrei A. Bulatov; Amirhossein Kazeminia,Enumeration and counting,https://doi.org/10.1145/3519935.3520075,10.1145/3519935.3520075,https://acm-stoc.org/stoc2022/toc.html,https://acm-stoc.org/stoc2022/toc.html,LLM_reviewed_title,Title reviewed; candidate primary category retained.,Enumeration and counting,Enumeration and counting
STOC-2022-084,STOC,2022,Towards optimal lower bounds for k-median and k-means coresets,Vincent Cohen-Addad; Kasper Green Larsen; David Saulpic; Chris Schwiegelshohn,Computational geometry,https://doi.org/10.1145/3519935.3519946,10.1145/3519935.3519946,https://acm-stoc.org/stoc2022/toc.html,https://acm-stoc.org/stoc2022/toc.html,LLM_reviewed_title,Primary subject selected in title review; overlapping techniques do not receive additional counts.,General algorithm design,Approximation algorithms
STOC-2022-085,STOC,2022,"Deterministic, near-linear 𝜀-approximation algorithm for geometric bipartite matching",Pankaj K. Agarwal; Hsien-Chih Chang; Sharath Raghvendra; Allen Xiao,Computational geometry,https://doi.org/10.1145/3519935.3519977,10.1145/3519935.3519977,https://acm-stoc.org/stoc2022/toc.html,https://acm-stoc.org/stoc2022/toc.html,LLM_reviewed_title,Primary subject selected in title review; overlapping techniques do not receive additional counts.,Computational geometry,Approximation algorithms
STOC-2022-086,STOC,2022,Locality-sensitive orderings and applications to reliable spanners,Arnold Filtser; Hung Le,Data structures and compressed data,https://doi.org/10.1145/3519935.3520042,10.1145/3519935.3520042,https://acm-stoc.org/stoc2022/toc.html,https://acm-stoc.org/stoc2022/toc.html,LLM_reviewed_title,Primary subject selected in title review; overlapping techniques do not receive additional counts.,Distributed and local algorithms,Distributed and local algorithms
STOC-2022-087,STOC,2022,"Nearly optimal vertex fault-tolerant spanners in optimal time: sequential, distributed, and parallel",Merav Parter,Distributed and local algorithms,https://doi.org/10.1145/3519935.3520047,10.1145/3519935.3520047,https://acm-stoc.org/stoc2022/toc.html,https://acm-stoc.org/stoc2022/toc.html,LLM_reviewed_title,Title reviewed; candidate primary category retained.,Distributed and local algorithms,Distributed and local algorithms
STOC-2022-088,STOC,2022,Maintaining exact distances under multiple edge failures,Ran Duan; Hanlin Ren,Dynamic graph algorithms,https://doi.org/10.1145/3519935.3520002,10.1145/3519935.3520002,https://acm-stoc.org/stoc2022/toc.html,https://acm-stoc.org/stoc2022/toc.html,LLM_reviewed_title,Primary subject selected in title review; overlapping techniques do not receive additional counts.,General algorithm design,General algorithm design
STOC-2022-089,STOC,2022,Almost-optimal sublinear-time edit distance in the low distance regime,Karl Bringmann; Alejandro Cassis; Nick Fischer; Vasileios Nakos,Data structures and compressed data,https://doi.org/10.1145/3519935.3519990,10.1145/3519935.3519990,https://acm-stoc.org/stoc2022/toc.html,https://acm-stoc.org/stoc2022/toc.html,LLM_reviewed_title,Title reviewed; candidate primary category retained.,Data structures and compressed data,Data structures and compressed data
STOC-2022-090,STOC,2022,Edge sampling and graph parameter estimation via vertex neighborhood accesses,Jakub Tětek; Mikkel Thorup,Graph theory and graph algorithms,https://doi.org/10.1145/3519935.3520059,10.1145/3519935.3520059,https://acm-stoc.org/stoc2022/toc.html,https://acm-stoc.org/stoc2022/toc.html,LLM_reviewed_title,Title reviewed; candidate primary category retained.,Graph theory and graph algorithms,Graph theory and graph algorithms
STOC-2022-091,STOC,2022,Low-rank approximation with 1/𝜖1/3 matrix-vector products,Ainesh Bakshi; Kenneth L. Clarkson; David P. Woodruff,Algebraic and numerical computation,https://doi.org/10.1145/3519935.3519988,10.1145/3519935.3519988,https://acm-stoc.org/stoc2022/toc.html,https://acm-stoc.org/stoc2022/toc.html,LLM_reviewed_title,Title reviewed; candidate primary category retained.,Approximation algorithms,Algebraic and numerical computation
STOC-2022-092,STOC,2022,Sublinear time spectral density estimation,Vladimir Braverman; Aditya Krishnan; Christopher Musco,Algebraic and numerical computation,https://doi.org/10.1145/3519935.3520009,10.1145/3519935.3520009,https://acm-stoc.org/stoc2022/toc.html,https://acm-stoc.org/stoc2022/toc.html,LLM_reviewed_title,Primary subject selected in title review; overlapping techniques do not receive additional counts.,General algorithm design,Learning theory
STOC-2022-093,STOC,2022,Memory bounds for the experts problem,Vaidehi Srinivas; David P. Woodruff; Ziyu Xu; Samson Zhou,"Online algorithms, bandits and stochastic optimization",https://doi.org/10.1145/3519935.3520069,10.1145/3519935.3520069,https://acm-stoc.org/stoc2022/toc.html,https://acm-stoc.org/stoc2022/toc.html,LLM_reviewed_title,Primary subject selected in title review; overlapping techniques do not receive additional counts.,General algorithm design,General algorithm design
STOC-2022-094,STOC,2022,A strong version of Cobham’s theorem,Philipp Hieronymi; Christian Schulz,Computational and circuit complexity,https://doi.org/10.1145/3519935.3519958,10.1145/3519935.3519958,https://acm-stoc.org/stoc2022/toc.html,https://acm-stoc.org/stoc2022/toc.html,LLM_reviewed_title,Primary subject selected in title review; overlapping techniques do not receive additional counts.,General algorithm design,General algorithm design
STOC-2022-095,STOC,2022,3.1n − o(n) circuit lower bounds for explicit functions,Jiatu Li; Tianqi Yang,Computational and circuit complexity,https://doi.org/10.1145/3519935.3519976,10.1145/3519935.3519976,https://acm-stoc.org/stoc2022/toc.html,https://acm-stoc.org/stoc2022/toc.html,LLM_reviewed_title,Title reviewed; candidate primary category retained.,Computational and circuit complexity,Computational and circuit complexity
STOC-2022-096,STOC,2022,The approximate degree of DNF and CNF formulas,Alexander A. Sherstov,Computational and circuit complexity,https://doi.org/10.1145/3519935.3520000,10.1145/3519935.3520000,https://acm-stoc.org/stoc2022/toc.html,https://acm-stoc.org/stoc2022/toc.html,LLM_reviewed_title,Primary subject selected in title review; overlapping techniques do not receive additional counts.,Approximation algorithms,Approximation algorithms
STOC-2022-097,STOC,2022,Verifying the unseen: interactive proofs for label-invariant distribution properties,Tal Herman; Guy N. Rothblum,Proof complexity and logic,https://doi.org/10.1145/3519935.3519987,10.1145/3519935.3519987,https://acm-stoc.org/stoc2022/toc.html,https://acm-stoc.org/stoc2022/toc.html,LLM_reviewed_title,Title reviewed; candidate primary category retained.,General algorithm design,Proof complexity and logic
STOC-2022-098,STOC,2022,Randomized communication and implicit graph representations,Nathaniel Harms; Sebastian Wild; Viktor Zamaraev,Communication complexity,https://doi.org/10.1145/3519935.3519978,10.1145/3519935.3519978,https://acm-stoc.org/stoc2022/toc.html,https://acm-stoc.org/stoc2022/toc.html,LLM_reviewed_title,Primary subject selected in title review; overlapping techniques do not receive additional counts.,Graph theory and graph algorithms,Graph theory and graph algorithms
STOC-2022-099,STOC,2022,Robustly learning mixtures of k arbitrary Gaussians,Ainesh Bakshi; Ilias Diakonikolas; He Jia; Daniel M. Kane; Pravesh K. Kothari; Santosh S. Vempala,Learning theory,https://doi.org/10.1145/3519935.3519953,10.1145/3519935.3519953,https://acm-stoc.org/stoc2022/toc.html,https://acm-stoc.org/stoc2022/toc.html,LLM_reviewed_title,Title reviewed; candidate primary category retained.,Learning theory,Learning theory
STOC-2022-100,STOC,2022,Clustering mixtures with almost optimal separation in polynomial time,Allen Liu; Jerry Li,Learning theory,https://doi.org/10.1145/3519935.3520012,10.1145/3519935.3520012,https://acm-stoc.org/stoc2022/toc.html,https://acm-stoc.org/stoc2022/toc.html,LLM_reviewed_title,Primary subject selected in title review; overlapping techniques do not receive additional counts.,General algorithm design,General algorithm design
STOC-2022-101,STOC,2022,Clustering mixture models in almost-linear time via list-decodable mean estimation,Ilias Diakonikolas; Daniel M. Kane; Daniel Kongsgaard; Jerry Li; Kevin Tian,Learning theory,https://doi.org/10.1145/3519935.3520014,10.1145/3519935.3520014,https://acm-stoc.org/stoc2022/toc.html,https://acm-stoc.org/stoc2022/toc.html,LLM_reviewed_title,Primary subject selected in title review; overlapping techniques do not receive additional counts.,Coding and information theory,Coding and information theory
STOC-2022-102,STOC,2022,List-decodable covariance estimation,Misha Ivkov; Pravesh K. Kothari,Learning theory,https://doi.org/10.1145/3519935.3520006,10.1145/3519935.3520006,https://acm-stoc.org/stoc2022/toc.html,https://acm-stoc.org/stoc2022/toc.html,LLM_reviewed_title,Primary subject selected in title review; overlapping techniques do not receive additional counts.,Coding and information theory,Coding and information theory
STOC-2022-103,STOC,2022,On the optimal time/space tradeoff for hash tables,Michael A. Bender; Martín Farach-Colton; John Kuszmaul; William Kuszmaul; Mingmou Liu,Data structures and compressed data,https://doi.org/10.1145/3519935.3519969,10.1145/3519935.3519969,https://acm-stoc.org/stoc2022/toc.html,https://acm-stoc.org/stoc2022/toc.html,LLM_reviewed_title,Title reviewed; candidate primary category retained.,General algorithm design,Data structures and compressed data
STOC-2022-104,STOC,2022,An extendable data structure for incremental stable perfect hashing,Ioana Oriana Bercea; Guy Even,Data structures and compressed data,https://doi.org/10.1145/3519935.3520070,10.1145/3519935.3520070,https://acm-stoc.org/stoc2022/toc.html,https://acm-stoc.org/stoc2022/toc.html,LLM_reviewed_title,Title reviewed; candidate primary category retained.,Data structures and compressed data,Data structures and compressed data
STOC-2022-105,STOC,2022,Almost-linear ε-emulators for planar graphs,Hsien-Chih Chang; Robert Krauthgamer; Zihan Tan,Graph theory and graph algorithms,https://doi.org/10.1145/3519935.3519998,10.1145/3519935.3519998,https://acm-stoc.org/stoc2022/toc.html,https://acm-stoc.org/stoc2022/toc.html,LLM_reviewed_title,Title reviewed; candidate primary category retained.,Graph theory and graph algorithms,Graph theory and graph algorithms
STOC-2022-106,STOC,2022,"Hop-constrained expander decompositions, oblivious routing, and distributed universal optimality",Bernhard Haeupler; Harald Räcke; Mohsen Ghaffari,Distributed and local algorithms,https://doi.org/10.1145/3519935.3520026,10.1145/3519935.3520026,https://acm-stoc.org/stoc2022/toc.html,https://acm-stoc.org/stoc2022/toc.html,LLM_reviewed_title,Title reviewed; candidate primary category retained.,Distributed and local algorithms,Distributed and local algorithms
STOC-2022-107,STOC,2022,Optimal oblivious reconfigurable networks,Daniel Amir; Tegan Wilson; Vishal Shrivastav; Hakim Weatherspoon; Robert Kleinberg; Rachit Agarwal,Graph theory and graph algorithms,https://doi.org/10.1145/3519935.3520020,10.1145/3519935.3520020,https://acm-stoc.org/stoc2022/toc.html,https://acm-stoc.org/stoc2022/toc.html,LLM_reviewed_title,Title reviewed; candidate primary category retained.,General algorithm design,Graph theory and graph algorithms
STOC-2022-108,STOC,2022,Proving as fast as computing: succinct arguments with constant prover overhead,Noga Ron-Zewi; Ron D. Rothblum,Cryptography,https://doi.org/10.1145/3519935.3519956,10.1145/3519935.3519956,https://acm-stoc.org/stoc2022/toc.html,https://acm-stoc.org/stoc2022/toc.html,LLM_reviewed_title,Primary subject selected in title review; overlapping techniques do not receive additional counts.,Data structures and compressed data,Data structures and compressed data
STOC-2022-109,STOC,2022,Rate one-third non-malleable codes,Divesh Aggarwal; Bhavana Kanukurthi; Sai Lakshmi Bhavana Obbattu; Maciej Obremski; Sruthi Sekar,Coding and information theory,https://doi.org/10.1145/3519935.3519972,10.1145/3519935.3519972,https://acm-stoc.org/stoc2022/toc.html,https://acm-stoc.org/stoc2022/toc.html,LLM_reviewed_title,Primary subject selected in title review; overlapping techniques do not receive additional counts.,General algorithm design,Cryptography
STOC-2022-110,STOC,2022,Deniable encryption in a Quantum world,Andrea Coladangelo; Shafi Goldwasser; Umesh Vazirani,Cryptography,https://doi.org/10.1145/3519935.3520019,10.1145/3519935.3520019,https://acm-stoc.org/stoc2022/toc.html,https://acm-stoc.org/stoc2022/toc.html,LLM_reviewed_title,Title reviewed; candidate primary category retained.,Quantum computation,Cryptography
STOC-2022-111,STOC,2022,On the complexity of two-party differential privacy,Iftach Haitner; Noam Mazor; Jad Silbak; Eliad Tsfadia,Differential privacy,https://doi.org/10.1145/3519935.3519982,10.1145/3519935.3519982,https://acm-stoc.org/stoc2022/toc.html,https://acm-stoc.org/stoc2022/toc.html,LLM_reviewed_title,Title reviewed; candidate primary category retained.,General algorithm design,Differential privacy
STOC-2022-112,STOC,2022,Efficient mean estimation with pure differential privacy via a sum-of-squares exponential mechanism,Samuel B. Hopkins; Gautam Kamath; Mahbod Majid,Differential privacy,https://doi.org/10.1145/3519935.3519947,10.1145/3519935.3519947,https://acm-stoc.org/stoc2022/toc.html,https://acm-stoc.org/stoc2022/toc.html,LLM_reviewed_title,Title reviewed; candidate primary category retained.,General algorithm design,Differential privacy
STOC-2022-113,STOC,2022,Entropic independence: optimal mixing of down-up random walks,Nima Anari; Vishesh Jain; Frederic Koehler; Huy Tuan Pham; Thuy-Duong Vuong,Enumeration and counting,https://doi.org/10.1145/3519935.3520048,10.1145/3519935.3520048,https://acm-stoc.org/stoc2022/toc.html,https://acm-stoc.org/stoc2022/toc.html,LLM_reviewed_title,Title reviewed; candidate primary category retained.,General algorithm design,Enumeration and counting
STOC-2022-114,STOC,2022,Simple parallel algorithms for single-site dynamics,Hongyang Liu; Yitong Yin,Enumeration and counting,https://doi.org/10.1145/3519935.3519999,10.1145/3519935.3519999,https://acm-stoc.org/stoc2022/toc.html,https://acm-stoc.org/stoc2022/toc.html,LLM_reviewed_title,Primary subject selected in title review; overlapping techniques do not receive additional counts.,General algorithm design,General algorithm design
STOC-2022-115,STOC,2022,Low-temperature Ising dynamics with random initializations,Reza Gheissari; Alistair Sinclair,Enumeration and counting,https://doi.org/10.1145/3519935.3519964,10.1145/3519935.3519964,https://acm-stoc.org/stoc2022/toc.html,https://acm-stoc.org/stoc2022/toc.html,LLM_reviewed_title,Primary subject selected in title review; overlapping techniques do not receive additional counts.,General algorithm design,General algorithm design
STOC-2022-116,STOC,2022,Computational thresholds for the fixed-magnetization Ising model,Charlie Carlson; Ewan Davies; Alexandra Kolla; Will Perkins,Enumeration and counting,https://doi.org/10.1145/3519935.3520003,10.1145/3519935.3520003,https://acm-stoc.org/stoc2022/toc.html,https://acm-stoc.org/stoc2022/toc.html,LLM_reviewed_title,Primary subject selected in title review; overlapping techniques do not receive additional counts.,General algorithm design,General algorithm design
STOC-2022-117,STOC,2022,Approximate counting and sampling via local central limit theorems,Vishesh Jain; Will Perkins; Ashwin Sah; Mehtaab Sawhney,Enumeration and counting,https://doi.org/10.1145/3519935.3519957,10.1145/3519935.3519957,https://acm-stoc.org/stoc2022/toc.html,https://acm-stoc.org/stoc2022/toc.html,LLM_reviewed_title,Title reviewed; candidate primary category retained.,Approximation algorithms,Enumeration and counting
STOC-2022-118,STOC,2022,"Hardness of approximation in p via short cycle removal: cycle detection, distance oracles, and beyond",Amir Abboud; Karl Bringmann; Seri Khoury; Or Zamir,Fine-grained complexity,https://doi.org/10.1145/3519935.3520066,10.1145/3519935.3520066,https://acm-stoc.org/stoc2022/toc.html,https://acm-stoc.org/stoc2022/toc.html,LLM_reviewed_title,Primary subject selected in title review; overlapping techniques do not receive additional counts.,Approximation algorithms,Approximation algorithms
STOC-2022-119,STOC,2022,"Hardness for triangle problems under even more believable hypotheses: reductions from real APSP, real 3SUM, and OV",Timothy M. Chan; Virginia Vassilevska Williams; Yinzhan Xu,Fine-grained complexity,https://doi.org/10.1145/3519935.3520032,10.1145/3519935.3520032,https://acm-stoc.org/stoc2022/toc.html,https://acm-stoc.org/stoc2022/toc.html,LLM_reviewed_title,Title reviewed; candidate primary category retained.,Fine-grained complexity,Fine-grained complexity
STOC-2022-120,STOC,2022,Tight dynamic problem lower bounds from generalized BMM and OMv,Ce Jin; Yinzhan Xu,Fine-grained complexity,https://doi.org/10.1145/3519935.3520036,10.1145/3519935.3520036,https://acm-stoc.org/stoc2022/toc.html,https://acm-stoc.org/stoc2022/toc.html,LLM_reviewed_title,Primary subject selected in title review; overlapping techniques do not receive additional counts.,General algorithm design,General algorithm design
STOC-2022-121,STOC,2022,Faster min-plus product for monotone instances,Shucheng Chi; Ran Duan; Tianle Xie; Tianyi Zhang,Fine-grained complexity,https://doi.org/10.1145/3519935.3520057,10.1145/3519935.3520057,https://acm-stoc.org/stoc2022/toc.html,https://acm-stoc.org/stoc2022/toc.html,LLM_reviewed_title,Primary subject selected in title review; overlapping techniques do not receive additional counts.,General algorithm design,General algorithm design
STOC-2022-122,STOC,2022,Counting small induced subgraphs with hereditary properties,Jacob Focke; Marc Roth,Enumeration and counting,https://doi.org/10.1145/3519935.3520008,10.1145/3519935.3520008,https://acm-stoc.org/stoc2022/toc.html,https://acm-stoc.org/stoc2022/toc.html,LLM_reviewed_title,Title reviewed; candidate primary category retained.,Enumeration and counting,Enumeration and counting
STOC-2022-123,STOC,2022,Pseudodeterminism: promises and lowerbounds,Peter Dixon; A. Pavan; Jason Vander Woude; N. V. Vinodchandran,Pseudorandomness and derandomization,https://doi.org/10.1145/3519935.3520043,10.1145/3519935.3520043,https://acm-stoc.org/stoc2022/toc.html,https://acm-stoc.org/stoc2022/toc.html,LLM_reviewed_title,Title reviewed; candidate primary category retained.,General algorithm design,Pseudorandomness and derandomization
STOC-2022-124,STOC,2022,Worst-case to average-case reductions via additive combinatorics,Vahid R. Asadi; Alexander Golovnev; Tom Gur; Igor Shinkar,Average-case complexity,https://doi.org/10.1145/3519935.3520041,10.1145/3519935.3520041,https://acm-stoc.org/stoc2022/toc.html,https://acm-stoc.org/stoc2022/toc.html,LLM_reviewed_title,Title reviewed; candidate primary category retained.,Combinatorics and graph polynomials,Average-case complexity
STOC-2022-125,STOC,2022,Robustness of average-case meta-complexity via pseudorandomness,Rahul Ilango; Hanlin Ren; Rahul Santhanam,Pseudorandomness and derandomization,https://doi.org/10.1145/3519935.3520051,10.1145/3519935.3520051,https://acm-stoc.org/stoc2022/toc.html,https://acm-stoc.org/stoc2022/toc.html,LLM_reviewed_title,Title reviewed; candidate primary category retained.,Pseudorandomness and derandomization,Pseudorandomness and derandomization
STOC-2022-126,STOC,2022,Extractors for sum of two sources,Eshan Chattopadhyay; Jyun-Jie Liao,Pseudorandomness and derandomization,https://doi.org/10.1145/3519935.3519963,10.1145/3519935.3519963,https://acm-stoc.org/stoc2022/toc.html,https://acm-stoc.org/stoc2022/toc.html,LLM_reviewed_title,Title reviewed; candidate primary category retained.,General algorithm design,Pseudorandomness and derandomization
STOC-2022-127,STOC,2022,Breaching the 2-approximation barrier for the forest augmentation problem,Fabrizio Grandoni; Afrouz Jabal Ameli; Vera Traub,Approximation algorithms,https://doi.org/10.1145/3519935.3520035,10.1145/3519935.3520035,https://acm-stoc.org/stoc2022/toc.html,https://acm-stoc.org/stoc2022/toc.html,LLM_reviewed_title,Title reviewed; candidate primary category retained.,Approximation algorithms,Approximation algorithms
STOC-2022-128,STOC,2022,An improved approximation algorithm for the minimum k-edge connected multi-subgraph problem,Anna R. Karlin; Nathan Klein; Shayan Oveis Gharan; Xinzhi Zhang,Approximation algorithms,https://doi.org/10.1145/3519935.3520062,10.1145/3519935.3520062,https://acm-stoc.org/stoc2022/toc.html,https://acm-stoc.org/stoc2022/toc.html,LLM_reviewed_title,Title reviewed; candidate primary category retained.,Approximation algorithms,Approximation algorithms
STOC-2022-129,STOC,2022,"Improved approximations for Euclidean k-means and k-median, via nested quasi-independent sets",Vincent Cohen-Addad; Hossein Esfandiari; Vahab Mirrokni; Shyam Narayanan,Approximation algorithms,https://doi.org/10.1145/3519935.3520011,10.1145/3519935.3520011,https://acm-stoc.org/stoc2022/toc.html,https://acm-stoc.org/stoc2022/toc.html,LLM_reviewed_title,Title reviewed; candidate primary category retained.,Approximation algorithms,Approximation algorithms
STOC-2022-130,STOC,2022,"Explainable k-means: don’t be greedy, plant bigger trees!",Konstantin Makarychev; Liren Shan,Learning theory,https://doi.org/10.1145/3519935.3520056,10.1145/3519935.3520056,https://acm-stoc.org/stoc2022/toc.html,https://acm-stoc.org/stoc2022/toc.html,LLM_reviewed_title,Primary subject selected in title review; overlapping techniques do not receive additional counts.,General algorithm design,Approximation algorithms
STOC-2022-131,STOC,2022,Subquadratic dynamic path reporting in directed graphs against an adaptive adversary,Adam Karczmarz; Anish Mukherjee; Piotr Sankowski,Dynamic graph algorithms,https://doi.org/10.1145/3519935.3520058,10.1145/3519935.3520058,https://acm-stoc.org/stoc2022/toc.html,https://acm-stoc.org/stoc2022/toc.html,LLM_reviewed_title,Title reviewed; candidate primary category retained.,Graph theory and graph algorithms,Dynamic graph algorithms
STOC-2022-132,STOC,2022,Dynamic suffix array with polylogarithmic queries and updates,Dominik Kempa; Tomasz Kociumaka,Data structures and compressed data,https://doi.org/10.1145/3519935.3520061,10.1145/3519935.3520061,https://acm-stoc.org/stoc2022/toc.html,https://acm-stoc.org/stoc2022/toc.html,LLM_reviewed_title,Title reviewed; candidate primary category retained.,Data structures and compressed data,Data structures and compressed data
STOC-2022-133,STOC,2022,Dynamic algorithms against an adaptive adversary: generic constructions and lower bounds,Amos Beimel; Haim Kaplan; Yishay Mansour; Kobbi Nissim; Thatchaphol Saranurak; Uri Stemmer,General algorithm design,https://doi.org/10.1145/3519935.3520064,10.1145/3519935.3520064,https://acm-stoc.org/stoc2022/toc.html,https://acm-stoc.org/stoc2022/toc.html,LLM_reviewed_abstract,General transformations and lower bounds for adaptive dynamic algorithms; graph problems are applications.,General algorithm design,General algorithm design
STOC-2022-134,STOC,2022,On the complexity of dynamic submodular maximization,Xi Chen; Binghui Peng,Optimization and mathematical programming,https://doi.org/10.1145/3519935.3519951,10.1145/3519935.3519951,https://acm-stoc.org/stoc2022/toc.html,https://acm-stoc.org/stoc2022/toc.html,LLM_reviewed_title,Title reviewed; candidate primary category retained.,Optimization and mathematical programming,Optimization and mathematical programming
STOC-2023-001,STOC,2023,Almost Chor-Goldreich Sources and Adversarial Random Walks,Dean Doron; Dana Moshkovitz; Justin Oh; David Zuckerman,Pseudorandomness and derandomization,https://doi.org/10.1145/3564246.3585134,10.1145/3564246.3585134,https://acm-stoc.org/stoc2023/toc.html,https://acm-stoc.org/stoc2023/toc.html,LLM_reviewed_title,Primary subject selected in title review; overlapping techniques do not receive additional counts.,General algorithm design,General algorithm design
STOC-2023-002,STOC,2023,A New Berry-Esseen Theorem for Expander Walks,Louis Golowich,Combinatorics and graph polynomials,https://doi.org/10.1145/3564246.3585141,10.1145/3564246.3585141,https://acm-stoc.org/stoc2023/toc.html,https://acm-stoc.org/stoc2023/toc.html,LLM_reviewed_title,Title reviewed; candidate primary category retained.,Combinatorics and graph polynomials,Combinatorics and graph polynomials
STOC-2023-003,STOC,2023,Near-Optimal Derandomization of Medium-Width Branching Programs,Aaron (Louie) Putterman; Edward Pyne,Pseudorandomness and derandomization,https://doi.org/10.1145/3564246.3585108,10.1145/3564246.3585108,https://acm-stoc.org/stoc2023/toc.html,https://acm-stoc.org/stoc2023/toc.html,LLM_reviewed_title,Title reviewed; candidate primary category retained.,Pseudorandomness and derandomization,Pseudorandomness and derandomization
STOC-2023-004,STOC,2023,Approximating Iterated Multiplication of Stochastic Matrices in Small Space,Gil Cohen; Dean Doron; Ori Sberlo; Amnon Ta-Shma,Pseudorandomness and derandomization,https://doi.org/10.1145/3564246.3585181,10.1145/3564246.3585181,https://acm-stoc.org/stoc2023/toc.html,https://acm-stoc.org/stoc2023/toc.html,LLM_reviewed_title,Primary subject selected in title review; overlapping techniques do not receive additional counts.,Approximation algorithms,Approximation algorithms
STOC-2023-005,STOC,2023,Extractors for Images of Varieties,Zeyu Guo; Ben Lee Volk; Akhil Jalan; David Zuckerman,Pseudorandomness and derandomization,https://doi.org/10.1145/3564246.3585109,10.1145/3564246.3585109,https://acm-stoc.org/stoc2023/toc.html,https://acm-stoc.org/stoc2023/toc.html,LLM_reviewed_title,Title reviewed; candidate primary category retained.,General algorithm design,Pseudorandomness and derandomization
STOC-2023-006,STOC,2023,When Arthur Has Neither Random Coins Nor Time to Spare: Superfast Derandomization of Proof Systems,Lijie Chen; Roei Tell,Pseudorandomness and derandomization,https://doi.org/10.1145/3564246.3585215,10.1145/3564246.3585215,https://acm-stoc.org/stoc2023/toc.html,https://acm-stoc.org/stoc2023/toc.html,LLM_reviewed_title,Title reviewed; candidate primary category retained.,Pseudorandomness and derandomization,Pseudorandomness and derandomization
STOC-2023-007,STOC,2023,"Hardness Self-Amplification: Simplified, Optimized, and Unified",Shuichi Hirahara; Nobutaka Shimizu,Average-case complexity,https://doi.org/10.1145/3564246.3585189,10.1145/3564246.3585189,https://acm-stoc.org/stoc2023/toc.html,https://acm-stoc.org/stoc2023/toc.html,LLM_reviewed_title,Title reviewed; candidate primary category retained.,General algorithm design,Average-case complexity
STOC-2023-008,STOC,2023,Sum-of-Squares Lower Bounds for Densest k-Subgraph,Chris Jones; Aaron Potechin; Goutham Rajendran; Jeff Xu,Proof complexity and logic,https://doi.org/10.1145/3564246.3585221,10.1145/3564246.3585221,https://acm-stoc.org/stoc2023/toc.html,https://acm-stoc.org/stoc2023/toc.html,LLM_reviewed_title,Title reviewed; candidate primary category retained.,Graph theory and graph algorithms,Proof complexity and logic
STOC-2023-009,STOC,2023,Exact Phase Transitions for Stochastic Block Models and Reconstruction on Trees,Elchanan Mossel; Allan Sly; Youngtak Sohn,Learning theory,https://doi.org/10.1145/3564246.3585155,10.1145/3564246.3585155,https://acm-stoc.org/stoc2023/toc.html,https://acm-stoc.org/stoc2023/toc.html,LLM_reviewed_title,Title reviewed; candidate primary category retained.,General algorithm design,Learning theory
STOC-2023-010,STOC,2023,Parallel Discrete Sampling via Continuous Walks,Nima Anari; Yizhi Huang; Tianyu Liu; Thuy-Duong Vuong; Brian Xu; Katherine Yu,Enumeration and counting,https://doi.org/10.1145/3564246.3585207,10.1145/3564246.3585207,https://acm-stoc.org/stoc2023/toc.html,https://acm-stoc.org/stoc2023/toc.html,LLM_reviewed_title,Primary subject selected in title review; overlapping techniques do not receive additional counts.,General algorithm design,General algorithm design
STOC-2023-011,STOC,2023,Sampling from Convex Sets with a Cold Start using Multiscale Decompositions,Hariharan Narayanan; Amit Rajaraman; Piyush Srivastava,Optimization and mathematical programming,https://doi.org/10.1145/3564246.3585172,10.1145/3564246.3585172,https://acm-stoc.org/stoc2023/toc.html,https://acm-stoc.org/stoc2023/toc.html,LLM_reviewed_title,Primary subject selected in title review; overlapping techniques do not receive additional counts.,General algorithm design,Enumeration and counting
STOC-2023-012,STOC,2023,On Regularity Lemma and Barriers in Streaming and Dynamic Matching,Sepehr Assadi; Soheil Behnezhad; Sanjeev Khanna; Huan Li,Dynamic graph algorithms,https://doi.org/10.1145/3564246.3585110,10.1145/3564246.3585110,https://acm-stoc.org/stoc2023/toc.html,https://acm-stoc.org/stoc2023/toc.html,LLM_reviewed_title,Title reviewed; candidate primary category retained.,Dynamic graph algorithms,Dynamic graph algorithms
STOC-2023-013,STOC,2023,Optimal Eigenvalue Approximation via Sketching,William Swartworth; David P. Woodruff,Streaming and sketching,https://doi.org/10.1145/3564246.3585102,10.1145/3564246.3585102,https://acm-stoc.org/stoc2023/toc.html,https://acm-stoc.org/stoc2023/toc.html,LLM_reviewed_title,Title reviewed; candidate primary category retained.,Streaming and sketching,Streaming and sketching
STOC-2023-014,STOC,2023,Streaming Euclidean MST to a Constant Factor,Xi Chen; Vincent Cohen-Addad; Rajesh Jayaram; Amit Levi; Erik Waingarten,Streaming and sketching,https://doi.org/10.1145/3564246.3585168,10.1145/3564246.3585168,https://acm-stoc.org/stoc2023/toc.html,https://acm-stoc.org/stoc2023/toc.html,LLM_reviewed_title,Title reviewed; candidate primary category retained.,Streaming and sketching,Streaming and sketching
STOC-2023-015,STOC,2023,Streaming Euclidean Max-Cut: Dimension vs Data Reduction,Xiaoyu Chen; Shaofeng H.-C. Jiang; Robert Krauthgamer,Streaming and sketching,https://doi.org/10.1145/3564246.3585170,10.1145/3564246.3585170,https://acm-stoc.org/stoc2023/toc.html,https://acm-stoc.org/stoc2023/toc.html,LLM_reviewed_title,Title reviewed; candidate primary category retained.,Streaming and sketching,Streaming and sketching
STOC-2023-016,STOC,2023,(Noisy) Gap Cycle Counting Strikes Back: Random Order Streaming Lower Bounds for Connected Components and Beyond,Sepehr Assadi; Janani Sundaresan,Streaming and sketching,https://doi.org/10.1145/3564246.3585192,10.1145/3564246.3585192,https://acm-stoc.org/stoc2023/toc.html,https://acm-stoc.org/stoc2023/toc.html,LLM_reviewed_title,Title reviewed; candidate primary category retained.,Streaming and sketching,Streaming and sketching
STOC-2023-017,STOC,2023,"Chaining, Group Leverage Score Overestimates, and Fast Spectral Hypergraph Sparsification",Arun Jambulapati; Yang P. Liu; Aaron Sidford,Graph theory and graph algorithms,https://doi.org/10.1145/3564246.3585136,10.1145/3564246.3585136,https://acm-stoc.org/stoc2023/toc.html,https://acm-stoc.org/stoc2023/toc.html,LLM_reviewed_title,Primary subject selected in title review; overlapping techniques do not receive additional counts.,Graph theory and graph algorithms,Combinatorics and graph polynomials
STOC-2023-018,STOC,2023,Spectral Hypergraph Sparsification via Chaining,James R. Lee,Graph theory and graph algorithms,https://doi.org/10.1145/3564246.3585165,10.1145/3564246.3585165,https://acm-stoc.org/stoc2023/toc.html,https://acm-stoc.org/stoc2023/toc.html,LLM_reviewed_title,Primary subject selected in title review; overlapping techniques do not receive additional counts.,Graph theory and graph algorithms,Combinatorics and graph polynomials
STOC-2023-019,STOC,2023,Locally Consistent Decomposition of Strings with Applications to Edit Distance Sketching,Sudatta Bhattacharya; Michal Koucký,Streaming and sketching,https://doi.org/10.1145/3564246.3585239,10.1145/3564246.3585239,https://acm-stoc.org/stoc2023/toc.html,https://acm-stoc.org/stoc2023/toc.html,LLM_reviewed_title,Title reviewed; candidate primary category retained.,Data structures and compressed data,Streaming and sketching
STOC-2023-020,STOC,2023,Directed Isoperimetric Theorems for Boolean Functions on the Hypergrid and an Õ(n√d) Monotonicity Tester,Hadley Black; Deeparnab Chakrabarty; C. Seshadhri,Property testing and distribution learning,https://doi.org/10.1145/3564246.3585167,10.1145/3564246.3585167,https://acm-stoc.org/stoc2023/toc.html,https://acm-stoc.org/stoc2023/toc.html,LLM_reviewed_title,Title reviewed; candidate primary category retained.,Property testing and distribution learning,Property testing and distribution learning
STOC-2023-021,STOC,2023,Stochastic Minimum Vertex Cover in General Graphs: A 3/2-Approximation,Mahsa Derakhshan; Naveen Durvasula; Nika Haghtalab,"Online algorithms, bandits and stochastic optimization",https://doi.org/10.1145/3564246.3585230,10.1145/3564246.3585230,https://acm-stoc.org/stoc2023/toc.html,https://acm-stoc.org/stoc2023/toc.html,LLM_reviewed_title,Primary subject selected in title review; overlapping techniques do not receive additional counts.,Approximation algorithms,Approximation algorithms
STOC-2023-022,STOC,2023,Sublinear Algorithms for (1.5+𝜖)-Approximate Matching,Sayan Bhattacharya; Peter Kiss; Thatchaphol Saranurak,Approximation algorithms,https://doi.org/10.1145/3564246.3585252,10.1145/3564246.3585252,https://acm-stoc.org/stoc2023/toc.html,https://acm-stoc.org/stoc2023/toc.html,LLM_reviewed_title,Title reviewed; candidate primary category retained.,Approximation algorithms,Approximation algorithms
STOC-2023-023,STOC,2023,Sublinear Time Algorithms and Complexity of Approximate Maximum Matching,Soheil Behnezhad; Mohammad Roghani; Aviad Rubinstein,Approximation algorithms,https://doi.org/10.1145/3564246.3585231,10.1145/3564246.3585231,https://acm-stoc.org/stoc2023/toc.html,https://acm-stoc.org/stoc2023/toc.html,LLM_reviewed_title,Title reviewed; candidate primary category retained.,Approximation algorithms,Approximation algorithms
STOC-2023-024,STOC,2023,Almost-Optimal Sublinear Additive Spanners,Zihan Tan; Tianyi Zhang,Graph theory and graph algorithms,https://doi.org/10.1145/3564246.3585125,10.1145/3564246.3585125,https://acm-stoc.org/stoc2023/toc.html,https://acm-stoc.org/stoc2023/toc.html,LLM_reviewed_title,Title reviewed; candidate primary category retained.,General algorithm design,Graph theory and graph algorithms
STOC-2023-025,STOC,2023,A Unified Framework for Light Spanners,Hung Le; Shay Solomon,Graph theory and graph algorithms,https://doi.org/10.1145/3564246.3585185,10.1145/3564246.3585185,https://acm-stoc.org/stoc2023/toc.html,https://acm-stoc.org/stoc2023/toc.html,LLM_reviewed_title,Title reviewed; candidate primary category retained.,General algorithm design,Graph theory and graph algorithms
STOC-2023-026,STOC,2023,New Algorithms for All Pairs Approximate Shortest Paths,Liam Roditty,Approximation algorithms,https://doi.org/10.1145/3564246.3585197,10.1145/3564246.3585197,https://acm-stoc.org/stoc2023/toc.html,https://acm-stoc.org/stoc2023/toc.html,LLM_reviewed_title,Title reviewed; candidate primary category retained.,Approximation algorithms,Approximation algorithms
STOC-2023-027,STOC,2023,Parallel Breadth-First Search and Exact Shortest Paths and Stronger Notions for Approximate Distances,Václav Rozhoň; Bernhard Haeupler; Anders Martinsson; Christoph Grunau; Goran Zuzic,Distributed and local algorithms,https://doi.org/10.1145/3564246.3585235,10.1145/3564246.3585235,https://acm-stoc.org/stoc2023/toc.html,https://acm-stoc.org/stoc2023/toc.html,LLM_reviewed_title,Primary subject selected in title review; overlapping techniques do not receive additional counts.,Approximation algorithms,Approximation algorithms
STOC-2023-028,STOC,2023,A New Approach to Learning Linear Dynamical Systems,Ainesh Bakshi; Allen Liu; Ankur Moitra; Morris Yau,Learning theory,https://doi.org/10.1145/3564246.3585247,10.1145/3564246.3585247,https://acm-stoc.org/stoc2023/toc.html,https://acm-stoc.org/stoc2023/toc.html,LLM_reviewed_title,Title reviewed; candidate primary category retained.,Learning theory,Learning theory
STOC-2023-029,STOC,2023,Planning and Learning in Partially Observable Systems via Filter Stability,Noah Golowich; Ankur Moitra; Dhruv Rohatgi,"Online algorithms, bandits and stochastic optimization",https://doi.org/10.1145/3564246.3585099,10.1145/3564246.3585099,https://acm-stoc.org/stoc2023/toc.html,https://acm-stoc.org/stoc2023/toc.html,LLM_reviewed_title,Primary subject selected in title review; overlapping techniques do not receive additional counts.,Learning theory,Learning theory
STOC-2023-030,STOC,2023,Optimistic MLE: A Generic Model-Based Algorithm for Partially Observable Sequential Decision Making,Qinghua Liu; Praneeth Netrapalli; Csaba Szepesvari; Chi Jin,"Online algorithms, bandits and stochastic optimization",https://doi.org/10.1145/3564246.3585161,10.1145/3564246.3585161,https://acm-stoc.org/stoc2023/toc.html,https://acm-stoc.org/stoc2023/toc.html,LLM_reviewed_title,Primary subject selected in title review; overlapping techniques do not receive additional counts.,General algorithm design,General algorithm design
STOC-2023-031,STOC,2023,"Weighted Edit Distance Computation: Strings, Trees, and Dyck",Debarati Das; Jacob Gilbert; MohammadTaghi Hajiaghayi; Tomasz Kociumaka; Barna Saha,Data structures and compressed data,https://doi.org/10.1145/3564246.3585178,10.1145/3564246.3585178,https://acm-stoc.org/stoc2023/toc.html,https://acm-stoc.org/stoc2023/toc.html,LLM_reviewed_title,Title reviewed; candidate primary category retained.,Data structures and compressed data,Data structures and compressed data
STOC-2023-032,STOC,2023,Stronger 3-SUM Lower Bounds for Approximate Distance Oracles via Additive Combinatorics,Amir Abboud; Karl Bringmann; Nick Fischer,Fine-grained complexity,https://doi.org/10.1145/3564246.3585240,10.1145/3564246.3585240,https://acm-stoc.org/stoc2023/toc.html,https://acm-stoc.org/stoc2023/toc.html,LLM_reviewed_title,Primary subject selected in title review; overlapping techniques do not receive additional counts.,Approximation algorithms,Approximation algorithms
STOC-2023-033,STOC,2023,Removing Additive Structure in 3SUM-Based Reductions,Ce Jin; Yinzhan Xu,Fine-grained complexity,https://doi.org/10.1145/3564246.3585157,10.1145/3564246.3585157,https://acm-stoc.org/stoc2023/toc.html,https://acm-stoc.org/stoc2023/toc.html,LLM_reviewed_title,Title reviewed; candidate primary category retained.,Fine-grained complexity,Fine-grained complexity
STOC-2023-034,STOC,2023,"Fredman’s Trick Meets Dominance Product: Fine-Grained Complexity of Unweighted APSP, 3SUM Counting, and More",Timothy M. Chan; Virginia Vassilevska Williams; Yinzhan Xu,Fine-grained complexity,https://doi.org/10.1145/3564246.3585237,10.1145/3564246.3585237,https://acm-stoc.org/stoc2023/toc.html,https://acm-stoc.org/stoc2023/toc.html,LLM_reviewed_title,Title reviewed; candidate primary category retained.,Fine-grained complexity,Fine-grained complexity
STOC-2023-035,STOC,2023,Faster Isomorphism for 𝑝-Groups of Class 2 and Exponent 𝑝,Xiaorui Sun,Algebraic and numerical computation,https://doi.org/10.1145/3564246.3585250,10.1145/3564246.3585250,https://acm-stoc.org/stoc2023/toc.html,https://acm-stoc.org/stoc2023/toc.html,LLM_reviewed_title,Primary subject selected in title review; overlapping techniques do not receive additional counts.,General algorithm design,General algorithm design
STOC-2023-036,STOC,2023,"Linear Independence, Alternants, and Applications",Vishwas Bhargava; Shubhangi Saraf; Ilya Volkovich,Algebraic and numerical computation,https://doi.org/10.1145/3564246.3585149,10.1145/3564246.3585149,https://acm-stoc.org/stoc2023/toc.html,https://acm-stoc.org/stoc2023/toc.html,LLM_reviewed_title,Primary subject selected in title review; overlapping techniques do not receive additional counts.,Algorithms for biological structures,General algorithm design
STOC-2023-037,STOC,2023,Faster Walsh-Hadamard and Discrete Fourier Transforms from Matrix Non-rigidity,Josh Alman; Kevin Rao,Algebraic and numerical computation,https://doi.org/10.1145/3564246.3585188,10.1145/3564246.3585188,https://acm-stoc.org/stoc2023/toc.html,https://acm-stoc.org/stoc2023/toc.html,LLM_reviewed_title,Primary subject selected in title review; overlapping techniques do not receive additional counts.,General algorithm design,General algorithm design
STOC-2023-038,STOC,2023,A Borsuk-Ulam Lower Bound for Sign-Rank and Its Applications,Hamed Hatami; Kaave Hosseini; Xiang Meng,Communication complexity,https://doi.org/10.1145/3564246.3585210,10.1145/3564246.3585210,https://acm-stoc.org/stoc2023/toc.html,https://acm-stoc.org/stoc2023/toc.html,LLM_reviewed_title,Title reviewed; candidate primary category retained.,Communication complexity,Communication complexity
STOC-2023-039,STOC,2023,Optimal Differentially Private Learning of Thresholds and Quasi-Concave Optimization,Edith Cohen; Xin Lyu; Jelani Nelson; Tamás Sarlós; Uri Stemmer,Differential privacy,https://doi.org/10.1145/3564246.3585148,10.1145/3564246.3585148,https://acm-stoc.org/stoc2023/toc.html,https://acm-stoc.org/stoc2023/toc.html,LLM_reviewed_title,Title reviewed; candidate primary category retained.,Differential privacy,Differential privacy
STOC-2023-040,STOC,2023,"Privately Estimating a Gaussian: Efficient, Robust, and Optimal",Daniel Alabi; Pravesh K. Kothari; Pranay Tankala; Prayaag Venkat; Fred Zhang,Differential privacy,https://doi.org/10.1145/3564246.3585194,10.1145/3564246.3585194,https://acm-stoc.org/stoc2023/toc.html,https://acm-stoc.org/stoc2023/toc.html,LLM_reviewed_title,Primary subject selected in title review; overlapping techniques do not receive additional counts.,General algorithm design,General algorithm design
STOC-2023-041,STOC,2023,Robustness Implies Privacy in Statistical Estimation,Samuel B. Hopkins; Gautam Kamath; Mahbod Majid; Shyam Narayanan,Differential privacy,https://doi.org/10.1145/3564246.3585115,10.1145/3564246.3585115,https://acm-stoc.org/stoc2023/toc.html,https://acm-stoc.org/stoc2023/toc.html,LLM_reviewed_title,Title reviewed; candidate primary category retained.,General algorithm design,Differential privacy
STOC-2023-042,STOC,2023,Concurrent Composition Theorems for Differential Privacy,Salil Vadhan; Wanrong Zhang,Differential privacy,https://doi.org/10.1145/3564246.3585241,10.1145/3564246.3585241,https://acm-stoc.org/stoc2023/toc.html,https://acm-stoc.org/stoc2023/toc.html,LLM_reviewed_title,Title reviewed; candidate primary category retained.,General algorithm design,Differential privacy
STOC-2023-043,STOC,2023,"Stability Is Stable: Connections between Replicability, Privacy, and Adaptive Generalization",Mark Bun; Marco Gaboardi; Max Hopkins; Russell Impagliazzo; Rex Lei; Toniann Pitassi; Satchit Sivakumar; Jessica Sorrell,Differential privacy,https://doi.org/10.1145/3564246.3585246,10.1145/3564246.3585246,https://acm-stoc.org/stoc2023/toc.html,https://acm-stoc.org/stoc2023/toc.html,LLM_reviewed_title,Title reviewed; candidate primary category retained.,Learning theory,Differential privacy
STOC-2023-044,STOC,2023,An Improved Parameterized Algorithm for Treewidth,Tuukka Korhonen; Daniel Lokshtanov,Parameterized and exact algorithms,https://doi.org/10.1145/3564246.3585245,10.1145/3564246.3585245,https://acm-stoc.org/stoc2023/toc.html,https://acm-stoc.org/stoc2023/toc.html,LLM_reviewed_title,Title reviewed; candidate primary category retained.,Parameterized and exact algorithms,Parameterized and exact algorithms
STOC-2023-045,STOC,2023,"The Complexity of Pattern Counting in Directed Graphs, Parameterised by the Outdegree",Marco Bressan; Matthias Lanzinger; Marc Roth,Parameterized and exact algorithms,https://doi.org/10.1145/3564246.3585204,10.1145/3564246.3585204,https://acm-stoc.org/stoc2023/toc.html,https://acm-stoc.org/stoc2023/toc.html,LLM_reviewed_title,Title reviewed; candidate primary category retained.,Parameterized and exact algorithms,Parameterized and exact algorithms
STOC-2023-046,STOC,2023,Parameterized Inapproximability of the Minimum Distance Problem over All Fields and the Shortest Vector Problem in All ℓp Norms,Huck Bennett; Mahdi Cheraghchi; Venkatesan Guruswami; João Ribeiro,Lattices and computational number theory,https://doi.org/10.1145/3564246.3585214,10.1145/3564246.3585214,https://acm-stoc.org/stoc2023/toc.html,https://acm-stoc.org/stoc2023/toc.html,LLM_reviewed_title,Title reviewed; candidate primary category retained.,Lattices and computational number theory,Lattices and computational number theory
STOC-2023-047,STOC,2023,First-Order Model Checking on Structurally Sparse Graph Classes,Jan Dreier; Nikolas Mählmann; Sebastian Siebertz,"Games, synthesis and verification",https://doi.org/10.1145/3564246.3585186,10.1145/3564246.3585186,https://acm-stoc.org/stoc2023/toc.html,https://acm-stoc.org/stoc2023/toc.html,LLM_reviewed_title,Title reviewed; candidate primary category retained.,"Games, synthesis and verification","Games, synthesis and verification"
STOC-2023-048,STOC,2023,The Randomized 𝑘-Server Conjecture Is False!,Sébastien Bubeck; Christian Coester; Yuval Rabani,"Online algorithms, bandits and stochastic optimization",https://doi.org/10.1145/3564246.3585132,10.1145/3564246.3585132,https://acm-stoc.org/stoc2023/toc.html,https://acm-stoc.org/stoc2023/toc.html,LLM_reviewed_title,Primary subject selected in title review; overlapping techniques do not receive additional counts.,General algorithm design,General algorithm design
STOC-2023-049,STOC,2023,Doubly Efficient Private Information Retrieval and Fully Homomorphic RAM Computation from Ring LWE,Wei-Kai Lin; Ethan Mook; Daniel Wichs,Cryptography,https://doi.org/10.1145/3564246.3585175,10.1145/3564246.3585175,https://acm-stoc.org/stoc2023/toc.html,https://acm-stoc.org/stoc2023/toc.html,LLM_reviewed_title,Title reviewed; candidate primary category retained.,General algorithm design,Cryptography
STOC-2023-050,STOC,2023,SDPs and Robust Satisfiability of Promise CSP,Joshua Brakensiek; Venkatesan Guruswami; Sai Sandeep,Constraint satisfaction,https://doi.org/10.1145/3564246.3585180,10.1145/3564246.3585180,https://acm-stoc.org/stoc2023/toc.html,https://acm-stoc.org/stoc2023/toc.html,LLM_reviewed_title,Title reviewed; candidate primary category retained.,Constraint satisfaction,Constraint satisfaction
STOC-2023-051,STOC,2023,Approximate Graph Colouring and the Hollow Shadow,Lorenzo Ciardo; Stanislav Živný,Approximation algorithms,https://doi.org/10.1145/3564246.3585112,10.1145/3564246.3585112,https://acm-stoc.org/stoc2023/toc.html,https://acm-stoc.org/stoc2023/toc.html,LLM_reviewed_title,Title reviewed; candidate primary category retained.,Approximation algorithms,Approximation algorithms
STOC-2023-052,STOC,2023,On Approximability of Satisfiable k-CSPs: II,Amey Bhangale; Subhash Khot; Dor Minzer,Constraint satisfaction,https://doi.org/10.1145/3564246.3585120,10.1145/3564246.3585120,https://acm-stoc.org/stoc2023/toc.html,https://acm-stoc.org/stoc2023/toc.html,LLM_reviewed_title,Title reviewed; candidate primary category retained.,General algorithm design,Constraint satisfaction
STOC-2023-053,STOC,2023,On Approximability of Satisfiable k-CSPs: III,Amey Bhangale; Subhash Khot; Dor Minzer,Constraint satisfaction,https://doi.org/10.1145/3564246.3585121,10.1145/3564246.3585121,https://acm-stoc.org/stoc2023/toc.html,https://acm-stoc.org/stoc2023/toc.html,LLM_reviewed_title,Title reviewed; candidate primary category retained.,General algorithm design,Constraint satisfaction
STOC-2023-054,STOC,2023,"An Analogue of Bonami’s Lemma for Functions on Spaces of Linear Maps, and 2-2 Games",David Ellis; Guy Kindler; Noam Lifshitz,Combinatorics and graph polynomials,https://doi.org/10.1145/3564246.3585116,10.1145/3564246.3585116,https://acm-stoc.org/stoc2023/toc.html,https://acm-stoc.org/stoc2023/toc.html,LLM_reviewed_title,Primary subject selected in title review; overlapping techniques do not receive additional counts.,General algorithm design,General algorithm design
STOC-2023-055,STOC,2023,Noise Stability on the Boolean Hypercube via a Renormalized Brownian Motion,Ronen Eldan; Dan Mikulincer; Prasad Raghavendra,Combinatorics and graph polynomials,https://doi.org/10.1145/3564246.3585118,10.1145/3564246.3585118,https://acm-stoc.org/stoc2023/toc.html,https://acm-stoc.org/stoc2023/toc.html,LLM_reviewed_title,Primary subject selected in title review; overlapping techniques do not receive additional counts.,General algorithm design,Coding and information theory
STOC-2023-056,STOC,2023,A Proof of the Nisan-Ronen Conjecture,George Christodoulou; Elias Koutsoupias; Annamária Kovács,Algorithmic game theory and fair division,https://doi.org/10.1145/3564246.3585176,10.1145/3564246.3585176,https://acm-stoc.org/stoc2023/toc.html,https://acm-stoc.org/stoc2023/toc.html,LLM_reviewed_title,Primary subject selected in title review; overlapping techniques do not receive additional counts.,General algorithm design,General algorithm design
STOC-2023-057,STOC,2023,A Constant Factor Prophet Inequality for Online Combinatorial Auctions,José Correa; Andrés Cristi,Algorithmic game theory and fair division,https://doi.org/10.1145/3564246.3585151,10.1145/3564246.3585151,https://acm-stoc.org/stoc2023/toc.html,https://acm-stoc.org/stoc2023/toc.html,LLM_reviewed_title,Title reviewed; candidate primary category retained.,Algorithmic game theory and fair division,Algorithmic game theory and fair division
STOC-2023-058,STOC,2023,Complexity of Equilibria in First-Price Auctions under General Tie-Breaking Rules,Xi Chen; Binghui Peng,Algorithmic game theory and fair division,https://doi.org/10.1145/3564246.3585195,10.1145/3564246.3585195,https://acm-stoc.org/stoc2023/toc.html,https://acm-stoc.org/stoc2023/toc.html,LLM_reviewed_title,Title reviewed; candidate primary category retained.,Algorithmic game theory and fair division,Algorithmic game theory and fair division
STOC-2023-059,STOC,2023,Computing Better Approximate Pure Nash Equilibria in Cut Games via Semidefinite Programming,Ioannis Caragiannis; Zhile Jiang,Algorithmic game theory and fair division,https://doi.org/10.1145/3564246.3585236,10.1145/3564246.3585236,https://acm-stoc.org/stoc2023/toc.html,https://acm-stoc.org/stoc2023/toc.html,LLM_reviewed_title,Title reviewed; candidate primary category retained.,Algorithmic game theory and fair division,Algorithmic game theory and fair division
STOC-2023-060,STOC,2023,Credible Decentralized Exchange Design via Verifiable Sequencing Rules,Matheus Venturyne Xavier Ferreira; David C. Parkes,Algorithmic game theory and fair division,https://doi.org/10.1145/3564246.3585233,10.1145/3564246.3585233,https://acm-stoc.org/stoc2023/toc.html,https://acm-stoc.org/stoc2023/toc.html,LLM_reviewed_title,Primary subject selected in title review; overlapping techniques do not receive additional counts.,General algorithm design,General algorithm design
STOC-2023-061,STOC,2023,On the Optimal Fixed-Price Mechanism in Bilateral Trade,Yang Cai; Jinzhao Wu,Algorithmic game theory and fair division,https://doi.org/10.1145/3564246.3585171,10.1145/3564246.3585171,https://acm-stoc.org/stoc2023/toc.html,https://acm-stoc.org/stoc2023/toc.html,LLM_reviewed_title,Primary subject selected in title review; overlapping techniques do not receive additional counts.,General algorithm design,General algorithm design
STOC-2023-062,STOC,2023,Improved Approximation Ratios of Fixed-Price Mechanisms in Bilateral Trades,Zhengyang Liu; Zeyu Ren; Zihe Wang,Algorithmic game theory and fair division,https://doi.org/10.1145/3564246.3585160,10.1145/3564246.3585160,https://acm-stoc.org/stoc2023/toc.html,https://acm-stoc.org/stoc2023/toc.html,LLM_reviewed_title,Primary subject selected in title review; overlapping techniques do not receive additional counts.,Approximation algorithms,Approximation algorithms
STOC-2023-063,STOC,2023,Improved and Deterministic Online Service with Deadlines or Delay,Noam Touitou,"Online algorithms, bandits and stochastic optimization",https://doi.org/10.1145/3564246.3585107,10.1145/3564246.3585107,https://acm-stoc.org/stoc2023/toc.html,https://acm-stoc.org/stoc2023/toc.html,LLM_reviewed_title,Title reviewed; candidate primary category retained.,General algorithm design,"Online algorithms, bandits and stochastic optimization"
STOC-2023-064,STOC,2023,Online Unrelated-Machine Load Balancing and Generalized Flow with Recourse,Ravishankar Krishnaswamy; Shi Li; Varun Suriyanarayana,"Online algorithms, bandits and stochastic optimization",https://doi.org/10.1145/3564246.3585222,10.1145/3564246.3585222,https://acm-stoc.org/stoc2023/toc.html,https://acm-stoc.org/stoc2023/toc.html,LLM_reviewed_title,Title reviewed; candidate primary category retained.,General algorithm design,"Online algorithms, bandits and stochastic optimization"
STOC-2023-065,STOC,2023,Pandora Box Problem with Nonobligatory Inspection: Hardness and Approximation Scheme,Hu Fu; Jiawei Li; Daogao Liu,"Online algorithms, bandits and stochastic optimization",https://doi.org/10.1145/3564246.3585229,10.1145/3564246.3585229,https://acm-stoc.org/stoc2023/toc.html,https://acm-stoc.org/stoc2023/toc.html,LLM_reviewed_title,Primary subject selected in title review; overlapping techniques do not receive additional counts.,Approximation algorithms,Approximation algorithms
STOC-2023-066,STOC,2023,Pandora’s Problem with Nonobligatory Inspection: Optimal Structure and a PTAS,Hedyeh Beyhaghi; Linda Cai,"Online algorithms, bandits and stochastic optimization",https://doi.org/10.1145/3564246.3585217,10.1145/3564246.3585217,https://acm-stoc.org/stoc2023/toc.html,https://acm-stoc.org/stoc2023/toc.html,LLM_reviewed_title,Primary subject selected in title review; overlapping techniques do not receive additional counts.,General algorithm design,General algorithm design
STOC-2023-067,STOC,2023,Local and Global Expansion in Random Geometric Graphs,Siqi Liu; Sidhanth Mohanty; Tselil Schramm; Elizabeth Yang,Computational geometry,https://doi.org/10.1145/3564246.3585106,10.1145/3564246.3585106,https://acm-stoc.org/stoc2023/toc.html,https://acm-stoc.org/stoc2023/toc.html,LLM_reviewed_title,Title reviewed; candidate primary category retained.,Computational geometry,Computational geometry
STOC-2023-068,STOC,2023,New High Dimensional Expanders from Covers,Yotam Dikstein,Combinatorics and graph polynomials,https://doi.org/10.1145/3564246.3585183,10.1145/3564246.3585183,https://acm-stoc.org/stoc2023/toc.html,https://acm-stoc.org/stoc2023/toc.html,LLM_reviewed_title,Title reviewed; candidate primary category retained.,Combinatorics and graph polynomials,Combinatorics and graph polynomials
STOC-2023-069,STOC,2023,Towards the Erdős-Gallai Cycle Decomposition Conjecture,Matija Bucić; Richard Montgomery,Graph theory and graph algorithms,https://doi.org/10.1145/3564246.3585218,10.1145/3564246.3585218,https://acm-stoc.org/stoc2023/toc.html,https://acm-stoc.org/stoc2023/toc.html,LLM_reviewed_title,Primary subject selected in title review; overlapping techniques do not receive additional counts.,General algorithm design,Combinatorics and graph polynomials
STOC-2023-070,STOC,2023,An Optimal “It Ain’t Over Till It’s Over” Theorem,Ronen Eldan; Avi Wigderson; Pei Wu,Combinatorics and graph polynomials,https://doi.org/10.1145/3564246.3585205,10.1145/3564246.3585205,https://acm-stoc.org/stoc2023/toc.html,https://acm-stoc.org/stoc2023/toc.html,LLM_reviewed_title,Primary subject selected in title review; overlapping techniques do not receive additional counts.,General algorithm design,General algorithm design
STOC-2023-071,STOC,2023,Randomized versus Deterministic Decision Tree Size,Arkadev Chattopadhyay; Yogesh Dahiya; Nikhil S. Mande; Jaikumar Radhakrishnan; Swagato Sanyal,Computational and circuit complexity,https://doi.org/10.1145/3564246.3585199,10.1145/3564246.3585199,https://acm-stoc.org/stoc2023/toc.html,https://acm-stoc.org/stoc2023/toc.html,LLM_reviewed_title,Primary subject selected in title review; overlapping techniques do not receive additional counts.,General algorithm design,General algorithm design
STOC-2023-072,STOC,2023,Optimal Explicit Small-Depth Formulas for the Coin Problem,Srikanth Srinivasan; Utkarsh Tripathi,Computational and circuit complexity,https://doi.org/10.1145/3564246.3585238,10.1145/3564246.3585238,https://acm-stoc.org/stoc2023/toc.html,https://acm-stoc.org/stoc2023/toc.html,LLM_reviewed_title,Title reviewed; candidate primary category retained.,General algorithm design,Computational and circuit complexity
STOC-2023-073,STOC,2023,Depth-𝑑 Threshold Circuits vs. Depth-(𝑑+1) AND-OR Trees,Pooya Hatami; William M. Hoza; Avishay Tal; Roei Tell,Computational and circuit complexity,https://doi.org/10.1145/3564246.3585216,10.1145/3564246.3585216,https://acm-stoc.org/stoc2023/toc.html,https://acm-stoc.org/stoc2023/toc.html,LLM_reviewed_title,Title reviewed; candidate primary category retained.,General algorithm design,Computational and circuit complexity
STOC-2023-074,STOC,2023,Good Quantum LDPC Codes with Linear Time Decoders,Irit Dinur; Min-Hsiu Hsieh; Ting-Chun Lin; Thomas Vidick,Quantum computation,https://doi.org/10.1145/3564246.3585101,10.1145/3564246.3585101,https://acm-stoc.org/stoc2023/toc.html,https://acm-stoc.org/stoc2023/toc.html,LLM_reviewed_title,Title reviewed; candidate primary category retained.,Quantum computation,Quantum computation
STOC-2023-075,STOC,2023,An Efficient Decoder for a Linear Distance Quantum LDPC Code,Shouzhen Gu; Christopher A. Pattison; Eugene Tang,Quantum computation,https://doi.org/10.1145/3564246.3585169,10.1145/3564246.3585169,https://acm-stoc.org/stoc2023/toc.html,https://acm-stoc.org/stoc2023/toc.html,LLM_reviewed_title,Title reviewed; candidate primary category retained.,Quantum computation,Quantum computation
STOC-2023-076,STOC,2023,Certified Randomness from Quantum Supremacy,Scott Aaronson; Shih-Han Hung,Quantum computation,https://doi.org/10.1145/3564246.3585145,10.1145/3564246.3585145,https://acm-stoc.org/stoc2023/toc.html,https://acm-stoc.org/stoc2023/toc.html,LLM_reviewed_title,Title reviewed; candidate primary category retained.,Quantum computation,Quantum computation
STOC-2023-077,STOC,2023,A Polynomial-Time Classical Algorithm for Noisy Random Circuit Sampling,Dorit Aharonov; Xun Gao; Zeph Landau; Yunchao Liu; Umesh Vazirani,Quantum computation,https://doi.org/10.1145/3564246.3585234,10.1145/3564246.3585234,https://acm-stoc.org/stoc2023/toc.html,https://acm-stoc.org/stoc2023/toc.html,LLM_reviewed_title,Primary subject selected in title review; overlapping techniques do not receive additional counts.,General algorithm design,Computational and circuit complexity
STOC-2023-078,STOC,2023,Nearly All 𝑘-SAT Functions Are Unate,József Balogh; Dingding Dong; Bernard Lidický; Nitya Mani; Yufei Zhao,Combinatorics and graph polynomials,https://doi.org/10.1145/3564246.3585123,10.1145/3564246.3585123,https://acm-stoc.org/stoc2023/toc.html,https://acm-stoc.org/stoc2023/toc.html,LLM_reviewed_title,Primary subject selected in title review; overlapping techniques do not receive additional counts.,Automated reasoning and unification,Automated reasoning and unification
STOC-2023-079,STOC,2023,Kneser Graphs Are Hamiltonian,Arturo Merino; Torsten Mütze; Namrata,Graph theory and graph algorithms,https://doi.org/10.1145/3564246.3585137,10.1145/3564246.3585137,https://acm-stoc.org/stoc2023/toc.html,https://acm-stoc.org/stoc2023/toc.html,LLM_reviewed_title,Primary subject selected in title review; overlapping techniques do not receive additional counts.,Graph theory and graph algorithms,Quantum computation
STOC-2023-080,STOC,2023,Random Walks on Rotating Expanders,Gil Cohen; Gal Maor,Combinatorics and graph polynomials,https://doi.org/10.1145/3564246.3585133,10.1145/3564246.3585133,https://acm-stoc.org/stoc2023/toc.html,https://acm-stoc.org/stoc2023/toc.html,LLM_reviewed_title,Title reviewed; candidate primary category retained.,Combinatorics and graph polynomials,Combinatorics and graph polynomials
STOC-2023-081,STOC,2023,Algorithmic Applications of Hypergraph and Partition Containers,Or Zamir,Combinatorics and graph polynomials,https://doi.org/10.1145/3564246.3585163,10.1145/3564246.3585163,https://acm-stoc.org/stoc2023/toc.html,https://acm-stoc.org/stoc2023/toc.html,LLM_reviewed_title,Title reviewed; candidate primary category retained.,Graph theory and graph algorithms,Combinatorics and graph polynomials
STOC-2023-082,STOC,2023,Subsampling Suffices for Adaptive Data Analysis,Guy Blanc,Learning theory,https://doi.org/10.1145/3564246.3585226,10.1145/3564246.3585226,https://acm-stoc.org/stoc2023/toc.html,https://acm-stoc.org/stoc2023/toc.html,LLM_reviewed_title,Primary subject selected in title review; overlapping techniques do not receive additional counts.,General algorithm design,General algorithm design
STOC-2023-083,STOC,2023,The Power of Multi-step Vizing Chains,Aleksander Bjørn Grodt Christiansen,Graph theory and graph algorithms,https://doi.org/10.1145/3564246.3585105,10.1145/3564246.3585105,https://acm-stoc.org/stoc2023/toc.html,https://acm-stoc.org/stoc2023/toc.html,LLM_reviewed_title,Primary subject selected in title review; overlapping techniques do not receive additional counts.,General algorithm design,General algorithm design
STOC-2023-084,STOC,2023,Capturing One-Way Functions via NP-Hardness of Meta-Complexity,Shuichi Hirahara,Cryptography,https://doi.org/10.1145/3564246.3585130,10.1145/3564246.3585130,https://acm-stoc.org/stoc2023/toc.html,https://acm-stoc.org/stoc2023/toc.html,LLM_reviewed_title,Title reviewed; candidate primary category retained.,Cryptography,Cryptography
STOC-2023-085,STOC,2023,A Duality between One-Way Functions and Average-Case Symmetry of Information,Shuichi Hirahara; Rahul Ilango; Zhenjian Lu; Mikito Nanashima; Igor C. Oliveira,Cryptography,https://doi.org/10.1145/3564246.3585138,10.1145/3564246.3585138,https://acm-stoc.org/stoc2023/toc.html,https://acm-stoc.org/stoc2023/toc.html,LLM_reviewed_title,Title reviewed; candidate primary category retained.,Cryptography,Cryptography
STOC-2023-086,STOC,2023,Unprovability of Strong Complexity Lower Bounds in Bounded Arithmetic,Jiatu Li; Igor C. Oliveira,Proof complexity and logic,https://doi.org/10.1145/3564246.3585144,10.1145/3564246.3585144,https://acm-stoc.org/stoc2023/toc.html,https://acm-stoc.org/stoc2023/toc.html,LLM_reviewed_title,Title reviewed; candidate primary category retained.,Proof complexity and logic,Proof complexity and logic
STOC-2023-087,STOC,2023,"Range Avoidance, Remote Point, and Hard Partial Truth Table via Satisfying-Pairs Algorithms",Yeyuan Chen; Yizhi Huang; Jiatu Li; Hanlin Ren,Computational and circuit complexity,https://doi.org/10.1145/3564246.3585147,10.1145/3564246.3585147,https://acm-stoc.org/stoc2023/toc.html,https://acm-stoc.org/stoc2023/toc.html,LLM_reviewed_title,Title reviewed; candidate primary category retained.,General algorithm design,Computational and circuit complexity
STOC-2023-088,STOC,2023,NP-Hardness of Approximating Meta-Complexity: A Cryptographic Approach,Yizhi Huang; Rahul Ilango; Hanlin Ren,Computational and circuit complexity,https://doi.org/10.1145/3564246.3585154,10.1145/3564246.3585154,https://acm-stoc.org/stoc2023/toc.html,https://acm-stoc.org/stoc2023/toc.html,LLM_reviewed_title,Primary subject selected in title review; overlapping techniques do not receive additional counts.,Cryptography,Cryptography
STOC-2023-089,STOC,2023,"Indistinguishability Obfuscation, Range Avoidance, and Bounded Arithmetic",Rahul Ilango; Jiatu Li; R. Ryan Williams,Cryptography,https://doi.org/10.1145/3564246.3585187,10.1145/3564246.3585187,https://acm-stoc.org/stoc2023/toc.html,https://acm-stoc.org/stoc2023/toc.html,LLM_reviewed_title,Title reviewed; candidate primary category retained.,Cryptography,Cryptography
STOC-2023-090,STOC,2023,NLTS Hamiltonians from Good Quantum Codes,Anurag Anshu; Nikolas P. Breuckmann; Chinmay Nirkhe,Quantum computation,https://doi.org/10.1145/3564246.3585114,10.1145/3564246.3585114,https://acm-stoc.org/stoc2023/toc.html,https://acm-stoc.org/stoc2023/toc.html,LLM_reviewed_title,Title reviewed; candidate primary category retained.,Quantum computation,Quantum computation
STOC-2023-091,STOC,2023,Memory-Sample Lower Bounds for Learning with Classical-Quantum Hybrid Memory,Qipeng Liu; Ran Raz; Wei Zhan,Quantum computation,https://doi.org/10.1145/3564246.3585129,10.1145/3564246.3585129,https://acm-stoc.org/stoc2023/toc.html,https://acm-stoc.org/stoc2023/toc.html,LLM_reviewed_title,Title reviewed; candidate primary category retained.,Quantum computation,Quantum computation
STOC-2023-092,STOC,2023,Quantum Depth in the Random Oracle Model,Atul Singh Arora; Andrea Coladangelo; Matthew Coudron; Alexandru Gheorghiu; Uttam Singh; Hendrik Waldner,Quantum computation,https://doi.org/10.1145/3564246.3585153,10.1145/3564246.3585153,https://acm-stoc.org/stoc2023/toc.html,https://acm-stoc.org/stoc2023/toc.html,LLM_reviewed_title,Title reviewed; candidate primary category retained.,Quantum computation,Quantum computation
STOC-2023-093,STOC,2023,Multidimensional Quantum Walks,Stacey Jeffery; Sebastian Zur,Quantum computation,https://doi.org/10.1145/3564246.3585158,10.1145/3564246.3585158,https://acm-stoc.org/stoc2023/toc.html,https://acm-stoc.org/stoc2023/toc.html,LLM_reviewed_title,Title reviewed; candidate primary category retained.,Quantum computation,Quantum computation
STOC-2023-094,STOC,2023,Mind the Gap: Achieving a Super-Grover Quantum Speedup by Jumping to the End,Alexander M. Dalzell; Nicola Pancotti; Earl T. Campbell; Fernando G.S.L. Brandão,Quantum computation,https://doi.org/10.1145/3564246.3585203,10.1145/3564246.3585203,https://acm-stoc.org/stoc2023/toc.html,https://acm-stoc.org/stoc2023/toc.html,LLM_reviewed_title,Title reviewed; candidate primary category retained.,Quantum computation,Quantum computation
STOC-2023-095,STOC,2023,Approximating Binary Longest Common Subsequence in Almost-Linear Time,Xiaoyu He; Ray Li,Data structures and compressed data,https://doi.org/10.1145/3564246.3585104,10.1145/3564246.3585104,https://acm-stoc.org/stoc2023/toc.html,https://acm-stoc.org/stoc2023/toc.html,LLM_reviewed_title,Title reviewed; candidate primary category retained.,Data structures and compressed data,Data structures and compressed data
STOC-2023-096,STOC,2023,A New Deterministic Algorithm for Fully Dynamic All-Pairs Shortest Paths,Julia Chuzhoy; Ruimin Zhang,Dynamic graph algorithms,https://doi.org/10.1145/3564246.3585196,10.1145/3564246.3585196,https://acm-stoc.org/stoc2023/toc.html,https://acm-stoc.org/stoc2023/toc.html,LLM_reviewed_title,Title reviewed; candidate primary category retained.,Dynamic graph algorithms,Dynamic graph algorithms
STOC-2023-097,STOC,2023,Deterministic Incremental APSP with Polylogarithmic Update Time and Stretch,Sebastian Forster; Yasamin Nazari; Maximilian Probst Gutenberg,Dynamic graph algorithms,https://doi.org/10.1145/3564246.3585213,10.1145/3564246.3585213,https://acm-stoc.org/stoc2023/toc.html,https://acm-stoc.org/stoc2023/toc.html,LLM_reviewed_title,Primary subject selected in title review; overlapping techniques do not receive additional counts.,General algorithm design,General algorithm design
STOC-2023-098,STOC,2023,Dynamic ((1+𝜖) ln 𝑛)-Approximation Algorithms for Minimum Set Cover and Dominating Set,Shay Solomon; Amitai Uzrad,Approximation algorithms,https://doi.org/10.1145/3564246.3585211,10.1145/3564246.3585211,https://acm-stoc.org/stoc2023/toc.html,https://acm-stoc.org/stoc2023/toc.html,LLM_reviewed_title,Title reviewed; candidate primary category retained.,Approximation algorithms,Approximation algorithms
STOC-2023-099,STOC,2023,Improved Dynamic Colouring of Sparse Graphs,Aleksander Bjørn Grodt Christiansen; Krzysztof Nowicki; Eva Rotenberg,Dynamic graph algorithms,https://doi.org/10.1145/3564246.3585111,10.1145/3564246.3585111,https://acm-stoc.org/stoc2023/toc.html,https://acm-stoc.org/stoc2023/toc.html,LLM_reviewed_title,Title reviewed; candidate primary category retained.,Graph theory and graph algorithms,Dynamic graph algorithms
STOC-2023-100,STOC,2023,Dynamic Maxflow via Dynamic Interior Point Methods,Jan van den Brand; Yang P. Liu; Aaron Sidford,Dynamic graph algorithms,https://doi.org/10.1145/3564246.3585135,10.1145/3564246.3585135,https://acm-stoc.org/stoc2023/toc.html,https://acm-stoc.org/stoc2023/toc.html,LLM_reviewed_title,Title reviewed; candidate primary category retained.,General algorithm design,Dynamic graph algorithms
STOC-2023-101,STOC,2023,Fast Algorithms via Dynamic-Oracle Matroids,Joakim Blikstad; Sagnik Mukhopadhyay; Danupon Nanongkai; Ta-Wei Tu,Optimization and mathematical programming,https://doi.org/10.1145/3564246.3585219,10.1145/3564246.3585219,https://acm-stoc.org/stoc2023/toc.html,https://acm-stoc.org/stoc2023/toc.html,LLM_reviewed_title,Title reviewed; candidate primary category retained.,Optimization and mathematical programming,Optimization and mathematical programming
STOC-2023-102,STOC,2023,Hard Languages in NP ∩ coNP and NIZK Proofs from Unstructured Hardness,Riddhi Ghosal; Yuval Ishai; Alexis Korb; Eyal Kushilevitz; Paul Lou; Amit Sahai,Cryptography,https://doi.org/10.1145/3564246.3585119,10.1145/3564246.3585119,https://acm-stoc.org/stoc2023/toc.html,https://acm-stoc.org/stoc2023/toc.html,LLM_reviewed_title,Primary subject selected in title review; overlapping techniques do not receive additional counts.,Computational and circuit complexity,Computational and circuit complexity
STOC-2023-103,STOC,2023,On the Consistency of Circuit Lower Bounds for Non-deterministic Time,Albert Atserias; Sam Buss; Moritz Müller,Computational and circuit complexity,https://doi.org/10.1145/3564246.3585253,10.1145/3564246.3585253,https://acm-stoc.org/stoc2023/toc.html,https://acm-stoc.org/stoc2023/toc.html,LLM_reviewed_title,Title reviewed; candidate primary category retained.,Computational and circuit complexity,Computational and circuit complexity
STOC-2023-104,STOC,2023,Shellability Is Hard Even for Balls,Pavel Paták; Martin Tancer,Computational topology,https://doi.org/10.1145/3564246.3585152,10.1145/3564246.3585152,https://acm-stoc.org/stoc2023/toc.html,https://acm-stoc.org/stoc2023/toc.html,LLM_reviewed_title,Primary subject selected in title review; overlapping techniques do not receive additional counts.,General algorithm design,General algorithm design
STOC-2023-105,STOC,2023,The Complexity of Counting Planar Graph Homomorphisms of Domain Size 3,Jin-Yi Cai; Ashwin Maran,Enumeration and counting,https://doi.org/10.1145/3564246.3585173,10.1145/3564246.3585173,https://acm-stoc.org/stoc2023/toc.html,https://acm-stoc.org/stoc2023/toc.html,LLM_reviewed_title,Title reviewed; candidate primary category retained.,Enumeration and counting,Enumeration and counting
STOC-2023-106,STOC,2023,Approximating Nash Social Welfare by Matching and Local Search,Jugal Garg; Edin Husić; Wenzheng Li; László A. Végh; Jan Vondrák,Algorithmic game theory and fair division,https://doi.org/10.1145/3564246.3585255,10.1145/3564246.3585255,https://acm-stoc.org/stoc2023/toc.html,https://acm-stoc.org/stoc2023/toc.html,LLM_reviewed_title,Title reviewed; candidate primary category retained.,Algorithmic game theory and fair division,Algorithmic game theory and fair division
STOC-2023-107,STOC,2023,Multi-agent Contracts,Paul Dütting; Tomer Ezra; Michal Feldman; Thomas Kesselheim,Algorithmic game theory and fair division,https://doi.org/10.1145/3564246.3585193,10.1145/3564246.3585193,https://acm-stoc.org/stoc2023/toc.html,https://acm-stoc.org/stoc2023/toc.html,LLM_reviewed_title,Title reviewed; candidate primary category retained.,General algorithm design,Algorithmic game theory and fair division
STOC-2023-108,STOC,2023,Approximate Max-Flow Min-Multicut Theorem for Graphs of Bounded Treewidth,Tobias Friedrich; Davis Issac; Nikhil Kumar; Nadym Mallek; Ziena Zeif,Approximation algorithms,https://doi.org/10.1145/3564246.3585150,10.1145/3564246.3585150,https://acm-stoc.org/stoc2023/toc.html,https://acm-stoc.org/stoc2023/toc.html,LLM_reviewed_title,Title reviewed; candidate primary category retained.,Approximation algorithms,Approximation algorithms
STOC-2023-109,STOC,2023,A PTAS for Minimizing Weighted Flow Time on a Single Machine,Alexander Armbruster; Lars Rohwedder; Andreas Wiese,Scheduling and packing,https://doi.org/10.1145/3564246.3585146,10.1145/3564246.3585146,https://acm-stoc.org/stoc2023/toc.html,https://acm-stoc.org/stoc2023/toc.html,LLM_reviewed_title,Primary subject selected in title review; overlapping techniques do not receive additional counts.,General algorithm design,Graph theory and graph algorithms
STOC-2023-110,STOC,2023,Random Graph Matching at Otter’s Threshold via Counting Chandeliers,Cheng Mao; Yihong Wu; Jiaming Xu; Sophie H. Yu,Average-case complexity,https://doi.org/10.1145/3564246.3585156,10.1145/3564246.3585156,https://acm-stoc.org/stoc2023/toc.html,https://acm-stoc.org/stoc2023/toc.html,LLM_reviewed_title,Primary subject selected in title review; overlapping techniques do not receive additional counts.,Enumeration and counting,Enumeration and counting
STOC-2023-111,STOC,2023,Uniformly Random Colourings of Sparse Graphs,Eoin Hurley; François Pirot,Enumeration and counting,https://doi.org/10.1145/3564246.3585242,10.1145/3564246.3585242,https://acm-stoc.org/stoc2023/toc.html,https://acm-stoc.org/stoc2023/toc.html,LLM_reviewed_title,Primary subject selected in title review; overlapping techniques do not receive additional counts.,Graph theory and graph algorithms,Graph theory and graph algorithms
STOC-2023-112,STOC,2023,"Maximum Length-Constrained Flows and Disjoint Paths: Distributed, Deterministic, and Fast",Bernhard Haeupler; D. Ellis Hershkowitz; Thatchaphol Saranurak,Distributed and local algorithms,https://doi.org/10.1145/3564246.3585202,10.1145/3564246.3585202,https://acm-stoc.org/stoc2023/toc.html,https://acm-stoc.org/stoc2023/toc.html,LLM_reviewed_title,Title reviewed; candidate primary category retained.,Distributed and local algorithms,Distributed and local algorithms
STOC-2023-113,STOC,2023,Tight Conditional Lower Bounds for Vertex Connectivity Problems,Zhiyi Huang; Yaowei Long; Thatchaphol Saranurak; Benyu Wang,Fine-grained complexity,https://doi.org/10.1145/3564246.3585223,10.1145/3564246.3585223,https://acm-stoc.org/stoc2023/toc.html,https://acm-stoc.org/stoc2023/toc.html,LLM_reviewed_title,Primary subject selected in title review; overlapping techniques do not receive additional counts.,Graph theory and graph algorithms,Graph theory and graph algorithms
STOC-2023-114,STOC,2023,Approximate Distance Sensitivity Oracles in Subquadratic Space,Davide Bilò; Shiri Chechik; Keerti Choudhary; Sarel Cohen; Tobias Friedrich; Simon Krogmann; Martin Schirneck,Dynamic graph algorithms,https://doi.org/10.1145/3564246.3585251,10.1145/3564246.3585251,https://acm-stoc.org/stoc2023/toc.html,https://acm-stoc.org/stoc2023/toc.html,LLM_reviewed_title,Title reviewed; candidate primary category retained.,Dynamic graph algorithms,Dynamic graph algorithms
STOC-2023-115,STOC,2023,External Memory Fully Persistent Search Trees,Gerth Stølting Brodal; Casper Moldrup Rysgaard; Rolf Svenning,Data structures and compressed data,https://doi.org/10.1145/3564246.3585140,10.1145/3564246.3585140,https://acm-stoc.org/stoc2023/toc.html,https://acm-stoc.org/stoc2023/toc.html,LLM_reviewed_title,Primary subject selected in title review; overlapping techniques do not receive additional counts.,Algorithms for biological structures,Graph theory and graph algorithms
STOC-2023-116,STOC,2023,The Rate of Interactive Codes Is Bounded Away from 1,Klim Efremenko; Gillat Kol; Dmitry Paramonov; Raghuvansh R. Saxena,Coding and information theory,https://doi.org/10.1145/3564246.3585249,10.1145/3564246.3585249,https://acm-stoc.org/stoc2023/toc.html,https://acm-stoc.org/stoc2023/toc.html,LLM_reviewed_title,Title reviewed; candidate primary category retained.,General algorithm design,Coding and information theory
STOC-2023-117,STOC,2023,A Near-Cubic Lower Bound for 3-Query Locally Decodable Codes from Semirandom CSP Refutation,Omar Alrabiah; Venkatesan Guruswami; Pravesh K. Kothari; Peter Manohar,Coding and information theory,https://doi.org/10.1145/3564246.3585143,10.1145/3564246.3585143,https://acm-stoc.org/stoc2023/toc.html,https://acm-stoc.org/stoc2023/toc.html,LLM_reviewed_title,Title reviewed; candidate primary category retained.,Constraint satisfaction,Coding and information theory
STOC-2023-118,STOC,2023,Efficient Interactive Coding Achieving Optimal Error Resilience over the Binary Channel,Meghal Gupta; Rachel Yun Zhang,Coding and information theory,https://doi.org/10.1145/3564246.3585162,10.1145/3564246.3585162,https://acm-stoc.org/stoc2023/toc.html,https://acm-stoc.org/stoc2023/toc.html,LLM_reviewed_title,Title reviewed; candidate primary category retained.,General algorithm design,Coding and information theory
STOC-2023-119,STOC,2023,A High Dimensional Goldreich-Levin Theorem,Parker Newton; Silas Richelson; Chase Wilson,Coding and information theory,https://doi.org/10.1145/3564246.3585224,10.1145/3564246.3585224,https://acm-stoc.org/stoc2023/toc.html,https://acm-stoc.org/stoc2023/toc.html,LLM_reviewed_abstract,Local list recovery of linear maps beyond the standard Goldreich-Levin regime.,General algorithm design,General algorithm design
STOC-2023-120,STOC,2023,Binary Error-Correcting Codes with Minimal Noiseless Feedback,Meghal Gupta; Venkatesan Guruswami; Rachel Yun Zhang,Coding and information theory,https://doi.org/10.1145/3564246.3585126,10.1145/3564246.3585126,https://acm-stoc.org/stoc2023/toc.html,https://acm-stoc.org/stoc2023/toc.html,LLM_reviewed_title,Title reviewed; candidate primary category retained.,Coding and information theory,Coding and information theory
STOC-2023-121,STOC,2023,Generic Reed-Solomon Codes Achieve List-Decoding Capacity,Joshua Brakensiek; Sivakanth Gopi; Visu Makam,Coding and information theory,https://doi.org/10.1145/3564246.3585128,10.1145/3564246.3585128,https://acm-stoc.org/stoc2023/toc.html,https://acm-stoc.org/stoc2023/toc.html,LLM_reviewed_title,Title reviewed; candidate primary category retained.,Coding and information theory,Coding and information theory
STOC-2023-122,STOC,2023,Optimal Bounds for Noisy Sorting,Yuzhou Gu; Yinzhan Xu,General algorithm design,https://doi.org/10.1145/3564246.3585131,10.1145/3564246.3585131,https://acm-stoc.org/stoc2023/toc.html,https://acm-stoc.org/stoc2023/toc.html,LLM_reviewed_abstract,Tight query bounds for noisy comparison sorting and binary search.,General algorithm design,General algorithm design
STOC-2023-123,STOC,2023,Lattice Problems beyond Polynomial Time,Divesh Aggarwal; Huck Bennett; Zvika Brakerski; Alexander Golovnev; Rajendra Kumar; Zeyong Li; Spencer Peters; Noah Stephens-Davidowitz; Vinod Vaikuntanathan,Lattices and computational number theory,https://doi.org/10.1145/3564246.3585227,10.1145/3564246.3585227,https://acm-stoc.org/stoc2023/toc.html,https://acm-stoc.org/stoc2023/toc.html,LLM_reviewed_title,Title reviewed; candidate primary category retained.,Lattices and computational number theory,Lattices and computational number theory
STOC-2023-124,STOC,2023,The Round Complexity of Statistical MPC with Optimal Resiliency,Benny Applebaum; Eliran Kachlon; Arpita Patra,Cryptography,https://doi.org/10.1145/3564246.3585228,10.1145/3564246.3585228,https://acm-stoc.org/stoc2023/toc.html,https://acm-stoc.org/stoc2023/toc.html,LLM_reviewed_title,Primary subject selected in title review; overlapping techniques do not receive additional counts.,General algorithm design,General algorithm design
STOC-2023-125,STOC,2023,Constant-Round Arguments from One-Way Functions,Noga Amit; Guy N. Rothblum,Cryptography,https://doi.org/10.1145/3564246.3585244,10.1145/3564246.3585244,https://acm-stoc.org/stoc2023/toc.html,https://acm-stoc.org/stoc2023/toc.html,LLM_reviewed_title,Title reviewed; candidate primary category retained.,Cryptography,Cryptography
STOC-2023-126,STOC,2023,Boosting Batch Arguments and RAM Delegation,Yael Kalai; Alex Lombardi; Vinod Vaikuntanathan; Daniel Wichs,Cryptography,https://doi.org/10.1145/3564246.3585200,10.1145/3564246.3585200,https://acm-stoc.org/stoc2023/toc.html,https://acm-stoc.org/stoc2023/toc.html,LLM_reviewed_title,Primary subject selected in title review; overlapping techniques do not receive additional counts.,General algorithm design,General algorithm design
STOC-2023-127,STOC,2023,Succinct Computational Secret Sharing,Benny Applebaum; Amos Beimel; Yuval Ishai; Eyal Kushilevitz; Tianren Liu; Vinod Vaikuntanathan,Cryptography,https://doi.org/10.1145/3564246.3585127,10.1145/3564246.3585127,https://acm-stoc.org/stoc2023/toc.html,https://acm-stoc.org/stoc2023/toc.html,LLM_reviewed_title,Title reviewed; candidate primary category retained.,Cryptography,Cryptography
STOC-2023-128,STOC,2023,Obfuscation of Pseudo-Deterministic Quantum Circuits,James Bartusek; Fuyuki Kitagawa; Ryo Nishimaki; Takashi Yamakawa,Cryptography,https://doi.org/10.1145/3564246.3585179,10.1145/3564246.3585179,https://acm-stoc.org/stoc2023/toc.html,https://acm-stoc.org/stoc2023/toc.html,LLM_reviewed_title,Title reviewed; candidate primary category retained.,Quantum computation,Cryptography
STOC-2023-129,STOC,2023,Commitments to Quantum States,Sam Gunn; Nathan Ju; Fermi Ma; Mark Zhandry,Cryptography,https://doi.org/10.1145/3564246.3585198,10.1145/3564246.3585198,https://acm-stoc.org/stoc2023/toc.html,https://acm-stoc.org/stoc2023/toc.html,LLM_reviewed_title,Title reviewed; candidate primary category retained.,Quantum computation,Cryptography
STOC-2023-130,STOC,2023,Quantum Cryptography in Algorithmica,William Kretschmer; Luowen Qian; Makrand Sinha; Avishay Tal,Cryptography,https://doi.org/10.1145/3564246.3585225,10.1145/3564246.3585225,https://acm-stoc.org/stoc2023/toc.html,https://acm-stoc.org/stoc2023/toc.html,LLM_reviewed_title,Title reviewed; candidate primary category retained.,Quantum computation,Cryptography
STOC-2023-131,STOC,2023,Quantum Free Games,Anand Natarajan; Tina Zhang,Quantum computation,https://doi.org/10.1145/3564246.3585208,10.1145/3564246.3585208,https://acm-stoc.org/stoc2023/toc.html,https://acm-stoc.org/stoc2023/toc.html,LLM_reviewed_title,Title reviewed; candidate primary category retained.,Quantum computation,Quantum computation
STOC-2023-132,STOC,2023,Quantum Advantage from Any Non-local Game,Yael Kalai; Alex Lombardi; Vinod Vaikuntanathan; Lisa Yang,Quantum computation,https://doi.org/10.1145/3564246.3585164,10.1145/3564246.3585164,https://acm-stoc.org/stoc2023/toc.html,https://acm-stoc.org/stoc2023/toc.html,LLM_reviewed_title,Title reviewed; candidate primary category retained.,Quantum computation,Quantum computation
STOC-2023-133,STOC,2023,The Power of Unentangled Quantum Proofs with Non-negative Amplitudes,Fernando Granha Jeronimo; Pei Wu,Quantum computation,https://doi.org/10.1145/3564246.3585248,10.1145/3564246.3585248,https://acm-stoc.org/stoc2023/toc.html,https://acm-stoc.org/stoc2023/toc.html,LLM_reviewed_title,Title reviewed; candidate primary category retained.,Quantum computation,Quantum computation
STOC-2023-134,STOC,2023,Testing Distributional Assumptions of Learning Algorithms,Ronitt Rubinfeld; Arsen Vasilyan,Property testing and distribution learning,https://doi.org/10.1145/3564246.3585117,10.1145/3564246.3585117,https://acm-stoc.org/stoc2023/toc.html,https://acm-stoc.org/stoc2023/toc.html,LLM_reviewed_title,Title reviewed; candidate primary category retained.,Learning theory,Property testing and distribution learning
STOC-2023-135,STOC,2023,A Moment-Matching Approach to Testable Learning and a New Characterization of Rademacher Complexity,Aravind Gollakota; Adam R. Klivans; Pravesh K. Kothari,Learning theory,https://doi.org/10.1145/3564246.3585206,10.1145/3564246.3585206,https://acm-stoc.org/stoc2023/toc.html,https://acm-stoc.org/stoc2023/toc.html,LLM_reviewed_title,Title reviewed; candidate primary category retained.,Learning theory,Learning theory
STOC-2023-136,STOC,2023,Learning Polynomial Transformations via Generalized Tensor Decompositions,Sitan Chen; Jerry Li; Yuanzhi Li; Anru R. Zhang,Learning theory,https://doi.org/10.1145/3564246.3585209,10.1145/3564246.3585209,https://acm-stoc.org/stoc2023/toc.html,https://acm-stoc.org/stoc2023/toc.html,LLM_reviewed_title,Primary subject selected in title review; overlapping techniques do not receive additional counts.,Learning theory,Algebraic and numerical computation
STOC-2023-137,STOC,2023,Average-Case Complexity of Tensor Decomposition for Low-Degree Polynomials,Alexander S. Wein,Average-case complexity,https://doi.org/10.1145/3564246.3585232,10.1145/3564246.3585232,https://acm-stoc.org/stoc2023/toc.html,https://acm-stoc.org/stoc2023/toc.html,LLM_reviewed_title,Title reviewed; candidate primary category retained.,Average-case complexity,Average-case complexity
STOC-2023-138,STOC,2023,What Makes a Good Fisherman? Linear Regression under Self-Selection Bias,Yeshwanth Cherapanamjeri; Constantinos Daskalakis; Andrew Ilyas; Manolis Zampetakis,Learning theory,https://doi.org/10.1145/3564246.3585177,10.1145/3564246.3585177,https://acm-stoc.org/stoc2023/toc.html,https://acm-stoc.org/stoc2023/toc.html,LLM_reviewed_title,Title reviewed; candidate primary category retained.,General algorithm design,Learning theory
STOC-2023-139,STOC,2023,A Characterization of List Learnability,Moses Charikar; Chirag Pabbaraju,Learning theory,https://doi.org/10.1145/3564246.3585190,10.1145/3564246.3585190,https://acm-stoc.org/stoc2023/toc.html,https://acm-stoc.org/stoc2023/toc.html,LLM_reviewed_title,Title reviewed; candidate primary category retained.,Algorithms for biological structures,Learning theory
STOC-2023-140,STOC,2023,A Unifying Theory of Distance from Calibration,Jarosław Błasiok; Parikshit Gopalan; Lunjia Hu; Preetum Nakkiran,Learning theory,https://doi.org/10.1145/3564246.3585182,10.1145/3564246.3585182,https://acm-stoc.org/stoc2023/toc.html,https://acm-stoc.org/stoc2023/toc.html,LLM_reviewed_title,Primary subject selected in title review; overlapping techniques do not receive additional counts.,General algorithm design,General algorithm design
STOC-2023-141,STOC,2023,A Strongly Polynomial Algorithm for Approximate Forster Transforms and Its Application to Halfspace Learning,Ilias Diakonikolas; Christos Tzamos; Daniel M. Kane,Learning theory,https://doi.org/10.1145/3564246.3585191,10.1145/3564246.3585191,https://acm-stoc.org/stoc2023/toc.html,https://acm-stoc.org/stoc2023/toc.html,LLM_reviewed_title,Title reviewed; candidate primary category retained.,Learning theory,Learning theory
STOC-2023-142,STOC,2023,Lifting Uniform Learners via Distributional Decomposition,Guy Blanc; Jane Lange; Ali Malik; Li-Yang Tan,Learning theory,https://doi.org/10.1145/3564246.3585212,10.1145/3564246.3585212,https://acm-stoc.org/stoc2023/toc.html,https://acm-stoc.org/stoc2023/toc.html,LLM_reviewed_title,Title reviewed; candidate primary category retained.,Learning theory,Learning theory
STOC-2023-143,STOC,2023,Hausdorff and Gromov-Hausdorff Stable Subsets of the Medial Axis,André Lieutier; Mathijs Wintraecken,Computational geometry,https://doi.org/10.1145/3564246.3585113,10.1145/3564246.3585113,https://acm-stoc.org/stoc2023/toc.html,https://acm-stoc.org/stoc2023/toc.html,LLM_reviewed_title,Primary subject selected in title review; overlapping techniques do not receive additional counts.,General algorithm design,General algorithm design
STOC-2023-144,STOC,2023,Faster Deterministic Distributed MIS and Approximate Matching,Mohsen Ghaffari; Christoph Grunau,Distributed and local algorithms,https://doi.org/10.1145/3564246.3585243,10.1145/3564246.3585243,https://acm-stoc.org/stoc2023/toc.html,https://acm-stoc.org/stoc2023/toc.html,LLM_reviewed_title,Title reviewed; candidate primary category retained.,Distributed and local algorithms,Distributed and local algorithms
STOC-2023-145,STOC,2023,Finding a Small Vertex Cut on Distributed Networks,Yonggang Jiang; Sagnik Mukhopadhyay,Distributed and local algorithms,https://doi.org/10.1145/3564246.3585201,10.1145/3564246.3585201,https://acm-stoc.org/stoc2023/toc.html,https://acm-stoc.org/stoc2023/toc.html,LLM_reviewed_title,Title reviewed; candidate primary category retained.,Distributed and local algorithms,Distributed and local algorithms
STOC-2023-146,STOC,2023,New Subset Selection Algorithms for Low Rank Approximation: Offline and Online,David P. Woodruff; Taisuke Yasuda,Algebraic and numerical computation,https://doi.org/10.1145/3564246.3585100,10.1145/3564246.3585100,https://acm-stoc.org/stoc2023/toc.html,https://acm-stoc.org/stoc2023/toc.html,LLM_reviewed_title,Title reviewed; candidate primary category retained.,Approximation algorithms,Algebraic and numerical computation
STOC-2023-147,STOC,2023,Resolving Matrix Spencer Conjecture Up to Poly-logarithmic Rank,Nikhil Bansal; Haotian Jiang; Raghu Meka,Combinatorics and graph polynomials,https://doi.org/10.1145/3564246.3585103,10.1145/3564246.3585103,https://acm-stoc.org/stoc2023/toc.html,https://acm-stoc.org/stoc2023/toc.html,LLM_reviewed_title,Primary subject selected in title review; overlapping techniques do not receive additional counts.,General algorithm design,General algorithm design
STOC-2023-148,STOC,2023,A (1.5+ε)-Approximation Algorithm for Weighted Connectivity Augmentation,Vera Traub; Rico Zenklusen,Approximation algorithms,https://doi.org/10.1145/3564246.3585122,10.1145/3564246.3585122,https://acm-stoc.org/stoc2023/toc.html,https://acm-stoc.org/stoc2023/toc.html,LLM_reviewed_title,Title reviewed; candidate primary category retained.,Approximation algorithms,Approximation algorithms
STOC-2023-149,STOC,2023,Cheeger Inequalities for Directed Graphs and Hypergraphs using Reweighted Eigenvalues,Lap Chi Lau; Kam Chuen Tung; Robert Wang,Graph theory and graph algorithms,https://doi.org/10.1145/3564246.3585139,10.1145/3564246.3585139,https://acm-stoc.org/stoc2023/toc.html,https://acm-stoc.org/stoc2023/toc.html,LLM_reviewed_title,Primary subject selected in title review; overlapping techniques do not receive additional counts.,Graph theory and graph algorithms,Combinatorics and graph polynomials
STOC-2023-150,STOC,2023,An Improved Approximation Guarantee for Prize-Collecting TSP,Jannis Blauth; Martin Nägele,Approximation algorithms,https://doi.org/10.1145/3564246.3585159,10.1145/3564246.3585159,https://acm-stoc.org/stoc2023/toc.html,https://acm-stoc.org/stoc2023/toc.html,LLM_reviewed_title,Title reviewed; candidate primary category retained.,Approximation algorithms,Approximation algorithms
STOC-2023-151,STOC,2023,Better Trees for Santa Claus,Étienne Bamas; Lars Rohwedder,Algorithmic game theory and fair division,https://doi.org/10.1145/3564246.3585174,10.1145/3564246.3585174,https://acm-stoc.org/stoc2023/toc.html,https://acm-stoc.org/stoc2023/toc.html,LLM_reviewed_title,Primary subject selected in title review; overlapping techniques do not receive additional counts.,General algorithm design,Graph theory and graph algorithms
STOC-2023-152,STOC,2023,Interior Point Methods with a Gradient Oracle,Adrian Vladu,Optimization and mathematical programming,https://doi.org/10.1145/3564246.3585142,10.1145/3564246.3585142,https://acm-stoc.org/stoc2023/toc.html,https://acm-stoc.org/stoc2023/toc.html,LLM_reviewed_title,Title reviewed; candidate primary category retained.,General algorithm design,Optimization and mathematical programming
STOC-2023-153,STOC,2023,The Smoothed Complexity of Policy Iteration for Markov Decision Processes,Miranda Christ; Mihalis Yannakakis,Optimization and mathematical programming,https://doi.org/10.1145/3564246.3585220,10.1145/3564246.3585220,https://acm-stoc.org/stoc2023/toc.html,https://acm-stoc.org/stoc2023/toc.html,LLM_reviewed_title,Primary subject selected in title review; overlapping techniques do not receive additional counts.,General algorithm design,General algorithm design
STOC-2023-154,STOC,2023,Upper and Lower Bounds on the Smoothed Complexity of the Simplex Method,Sophie Huiberts; Yin Tat Lee; Xinzhi Zhang,Optimization and mathematical programming,https://doi.org/10.1145/3564246.3585124,10.1145/3564246.3585124,https://acm-stoc.org/stoc2023/toc.html,https://acm-stoc.org/stoc2023/toc.html,LLM_reviewed_title,Primary subject selected in title review; overlapping techniques do not receive additional counts.,General algorithm design,General algorithm design
STOC-2023-155,STOC,2023,Algorithms Approaching the Threshold for Semi-random Planted Clique,Rares-Darius Buhai; Pravesh K. Kothari; David Steurer,Average-case complexity,https://doi.org/10.1145/3564246.3585184,10.1145/3564246.3585184,https://acm-stoc.org/stoc2023/toc.html,https://acm-stoc.org/stoc2023/toc.html,LLM_reviewed_title,Title reviewed; candidate primary category retained.,Graph theory and graph algorithms,Average-case complexity
STOC-2024-001,STOC,2024,Single-Source Shortest Paths with Negative Real Weights in Õ(𝑚𝑛8/9) Time,Jeremy T. Fineman,Graph theory and graph algorithms,https://doi.org/10.1145/3618260.3649614,10.1145/3618260.3649614,https://acm-stoc.org/stoc2024/toc.html,https://acm-stoc.org/stoc2024/toc.html,LLM_reviewed_title,Title reviewed; candidate primary category retained.,Graph theory and graph algorithms,Graph theory and graph algorithms
STOC-2024-002,STOC,2024,Near Optimal Alphabet-Soundness Tradeoff PCPs,Dor Minzer; Kai Zhe Zheng,Proof complexity and logic,https://doi.org/10.1145/3618260.3649606,10.1145/3618260.3649606,https://acm-stoc.org/stoc2024/toc.html,https://acm-stoc.org/stoc2024/toc.html,LLM_reviewed_title,Title reviewed; candidate primary category retained.,General algorithm design,Proof complexity and logic
STOC-2024-003,STOC,2024,Parameterized Inapproximability Hypothesis under Exponential Time Hypothesis,Venkatesan Guruswami; Bingkai Lin; Xuandi Ren; Yican Sun; Kewen Wu,Parameterized and exact algorithms,https://doi.org/10.1145/3618260.3649771,10.1145/3618260.3649771,https://acm-stoc.org/stoc2024/toc.html,https://acm-stoc.org/stoc2024/toc.html,LLM_reviewed_title,Title reviewed; candidate primary category retained.,Parameterized and exact algorithms,Parameterized and exact algorithms
STOC-2024-004,STOC,2024,Online Edge Coloring Is (Nearly) as Easy as Offline,Joakim Blikstad; Ola Svensson; Radu Vintan; David Wajc,"Online algorithms, bandits and stochastic optimization",https://doi.org/10.1145/3618260.3649741,10.1145/3618260.3649741,https://acm-stoc.org/stoc2024/toc.html,https://acm-stoc.org/stoc2024/toc.html,LLM_reviewed_title,Title reviewed; candidate primary category retained.,Graph theory and graph algorithms,"Online algorithms, bandits and stochastic optimization"
STOC-2024-005,STOC,2024,Approximate Earth Mover’s Distance in Truly-Subquadratic Time,Lorenzo Beretta; Aviad Rubinstein,Approximation algorithms,https://doi.org/10.1145/3618260.3649629,10.1145/3618260.3649629,https://acm-stoc.org/stoc2024/toc.html,https://acm-stoc.org/stoc2024/toc.html,LLM_reviewed_title,Title reviewed; candidate primary category retained.,Approximation algorithms,Approximation algorithms
STOC-2024-006,STOC,2024,Near-Optimal Dynamic Rounding of Fractional Matchings in Bipartite Graphs,Sayan Bhattacharya; Peter Kiss; Aaron Sidford; David Wajc,Dynamic graph algorithms,https://doi.org/10.1145/3618260.3649648,10.1145/3618260.3649648,https://acm-stoc.org/stoc2024/toc.html,https://acm-stoc.org/stoc2024/toc.html,LLM_reviewed_title,Title reviewed; candidate primary category retained.,Dynamic graph algorithms,Dynamic graph algorithms
STOC-2024-007,STOC,2024,Low-Step Multi-commodity Flow Emulators,Bernhard Haeupler; D. Ellis Hershkowitz; Jason Li; Antti Roeyskoe; Thatchaphol Saranurak,Graph theory and graph algorithms,https://doi.org/10.1145/3618260.3649689,10.1145/3618260.3649689,https://acm-stoc.org/stoc2024/toc.html,https://acm-stoc.org/stoc2024/toc.html,LLM_reviewed_title,Title reviewed; candidate primary category retained.,General algorithm design,Graph theory and graph algorithms
STOC-2024-008,STOC,2024,Maximum Bipartite Matching in 𝑛2+𝑜(1) Time via a Combinatorial Algorithm,Julia Chuzhoy; Sanjeev Khanna,Graph theory and graph algorithms,https://doi.org/10.1145/3618260.3649725,10.1145/3618260.3649725,https://acm-stoc.org/stoc2024/toc.html,https://acm-stoc.org/stoc2024/toc.html,LLM_reviewed_title,Primary subject selected in title review; overlapping techniques do not receive additional counts.,Combinatorics and graph polynomials,Combinatorics and graph polynomials
STOC-2024-009,STOC,2024,Strong Algebras and Radical Sylvester-Gallai Configurations,Rafael Oliveira; Akash Kumar Sengupta,Algebraic and numerical computation,https://doi.org/10.1145/3618260.3649617,10.1145/3618260.3649617,https://acm-stoc.org/stoc2024/toc.html,https://acm-stoc.org/stoc2024/toc.html,LLM_reviewed_title,Title reviewed; candidate primary category retained.,General algorithm design,Algebraic and numerical computation
STOC-2024-010,STOC,2024,Black-Box Identity Testing of Noncommutative Rational Formulas in Deterministic Quasipolynomial Time,V. Arvind; Abhranil Chatterjee; Partha Mukhopadhyay,Algebraic and numerical computation,https://doi.org/10.1145/3618260.3649693,10.1145/3618260.3649693,https://acm-stoc.org/stoc2024/toc.html,https://acm-stoc.org/stoc2024/toc.html,LLM_reviewed_title,Primary subject selected in title review; overlapping techniques do not receive additional counts.,Property testing and distribution learning,Property testing and distribution learning
STOC-2024-011,STOC,2024,The Minimal Faithful Permutation Degree of Groups without Abelian Normal Subgroups,Bireswar Das; Dhara Thakkar,Algebraic and numerical computation,https://doi.org/10.1145/3618260.3649641,10.1145/3618260.3649641,https://acm-stoc.org/stoc2024/toc.html,https://acm-stoc.org/stoc2024/toc.html,LLM_reviewed_title,Primary subject selected in title review; overlapping techniques do not receive additional counts.,General algorithm design,General algorithm design
STOC-2024-012,STOC,2024,Learning the Coefficients: A Presentable Version of Border Complexity and Applications to Circuit Factoring,C. S. Bhargav; Prateek Dwivedi; Nitin Saxena,Algebraic and numerical computation,https://doi.org/10.1145/3618260.3649743,10.1145/3618260.3649743,https://acm-stoc.org/stoc2024/toc.html,https://acm-stoc.org/stoc2024/toc.html,LLM_reviewed_title,Primary subject selected in title review; overlapping techniques do not receive additional counts.,Learning theory,Learning theory
STOC-2024-013,STOC,2024,On the Power of Homogeneous Algebraic Formulas,Hervé Fournier; Nutan Limaye; Srikanth Srinivasan; Sébastien Tavenas,Algebraic and numerical computation,https://doi.org/10.1145/3618260.3649760,10.1145/3618260.3649760,https://acm-stoc.org/stoc2024/toc.html,https://acm-stoc.org/stoc2024/toc.html,LLM_reviewed_title,Primary subject selected in title review; overlapping techniques do not receive additional counts.,General algorithm design,Computational and circuit complexity
STOC-2024-014,STOC,2024,Super Non-singular Decompositions of Polynomials and Their Application to Robustly Learning Low-Degree PTFs,Ilias Diakonikolas; Daniel M. Kane; Vasilis Kontonis; Sihan Liu; Nikos Zarifis,Learning theory,https://doi.org/10.1145/3618260.3649776,10.1145/3618260.3649776,https://acm-stoc.org/stoc2024/toc.html,https://acm-stoc.org/stoc2024/toc.html,LLM_reviewed_title,Title reviewed; candidate primary category retained.,Learning theory,Learning theory
STOC-2024-015,STOC,2024,Calibrated Language Models Must Hallucinate,Adam Tauman Kalai; Santosh S. Vempala,Learning theory,https://doi.org/10.1145/3618260.3649777,10.1145/3618260.3649777,https://acm-stoc.org/stoc2024/toc.html,https://acm-stoc.org/stoc2024/toc.html,LLM_reviewed_title,Primary subject selected in title review; overlapping techniques do not receive additional counts.,General algorithm design,General algorithm design
STOC-2024-016,STOC,2024,Private Graphon Estimation via Sum-of-Squares,Hongjie Chen; Jingqiu Ding; Tommaso D'Orsi; Yiding Hua; Chih-Hung Liu; David Steurer,Differential privacy,https://doi.org/10.1145/3618260.3649643,10.1145/3618260.3649643,https://acm-stoc.org/stoc2024/toc.html,https://acm-stoc.org/stoc2024/toc.html,LLM_reviewed_title,Primary subject selected in title review; overlapping techniques do not receive additional counts.,Graph theory and graph algorithms,Graph theory and graph algorithms
STOC-2024-017,STOC,2024,Exploring and Learning in Sparse Linear MDPs without Computationally Intractable Oracles,Noah Golowich; Ankur Moitra; Dhruv Rohatgi,"Online algorithms, bandits and stochastic optimization",https://doi.org/10.1145/3618260.3649710,10.1145/3618260.3649710,https://acm-stoc.org/stoc2024/toc.html,https://acm-stoc.org/stoc2024/toc.html,LLM_reviewed_title,Primary subject selected in title review; overlapping techniques do not receive additional counts.,Learning theory,Learning theory
STOC-2024-018,STOC,2024,"Near-Optimal Mean Estimation with Unknown, Heteroskedastic Variances",Spencer Compton; Gregory Valiant,Learning theory,https://doi.org/10.1145/3618260.3649754,10.1145/3618260.3649754,https://acm-stoc.org/stoc2024/toc.html,https://acm-stoc.org/stoc2024/toc.html,LLM_reviewed_title,Title reviewed; candidate primary category retained.,General algorithm design,Learning theory
STOC-2024-019,STOC,2024,The Power of Two-Sided Recruitment in Two-Sided Markets,Yang Cai; Christopher Liaw; Aranyak Mehta; Mingfei Zhao,Algorithmic game theory and fair division,https://doi.org/10.1145/3618260.3649669,10.1145/3618260.3649669,https://acm-stoc.org/stoc2024/toc.html,https://acm-stoc.org/stoc2024/toc.html,LLM_reviewed_title,Primary subject selected in title review; overlapping techniques do not receive additional counts.,General algorithm design,General algorithm design
STOC-2024-020,STOC,2024,Strategic Budget Selection in a Competitive Autobidding World,Yiding Feng; Brendan Lucier; Aleksandrs Slivkins,Algorithmic game theory and fair division,https://doi.org/10.1145/3618260.3649688,10.1145/3618260.3649688,https://acm-stoc.org/stoc2024/toc.html,https://acm-stoc.org/stoc2024/toc.html,LLM_reviewed_title,Primary subject selected in title review; overlapping techniques do not receive additional counts.,General algorithm design,General algorithm design
STOC-2024-021,STOC,2024,The Role of Transparency in Repeated First-Price Auctions with Unknown Valuations,Nicolo Cesa-Bianchi; Tommaso Cesari; Roberto Colomboni; Federico Fusco; Stefano Leonardi,Algorithmic game theory and fair division,https://doi.org/10.1145/3618260.3649658,10.1145/3618260.3649658,https://acm-stoc.org/stoc2024/toc.html,https://acm-stoc.org/stoc2024/toc.html,LLM_reviewed_title,Title reviewed; candidate primary category retained.,Algorithmic game theory and fair division,Algorithmic game theory and fair division
STOC-2024-022,STOC,2024,Bilateral Trade with Correlated Values,Shahar Dobzinski; Ariel Shaulker,Algorithmic game theory and fair division,https://doi.org/10.1145/3618260.3649659,10.1145/3618260.3649659,https://acm-stoc.org/stoc2024/toc.html,https://acm-stoc.org/stoc2024/toc.html,LLM_reviewed_title,Primary subject selected in title review; overlapping techniques do not receive additional counts.,General algorithm design,General algorithm design
STOC-2024-023,STOC,2024,No-Regret Learning in Bilateral Trade via Global Budget Balance,Martino Bernasconi; Matteo Castiglioni; Andrea Celli; Federico Fusco,"Online algorithms, bandits and stochastic optimization",https://doi.org/10.1145/3618260.3649653,10.1145/3618260.3649653,https://acm-stoc.org/stoc2024/toc.html,https://acm-stoc.org/stoc2024/toc.html,LLM_reviewed_title,Title reviewed; candidate primary category retained.,"Online algorithms, bandits and stochastic optimization","Online algorithms, bandits and stochastic optimization"
STOC-2024-024,STOC,2024,Knapsack with Small Items in Near-Quadratic Time,Karl Bringmann,Parameterized and exact algorithms,https://doi.org/10.1145/3618260.3649719,10.1145/3618260.3649719,https://acm-stoc.org/stoc2024/toc.html,https://acm-stoc.org/stoc2024/toc.html,LLM_reviewed_title,Primary subject selected in title review; overlapping techniques do not receive additional counts.,General algorithm design,General algorithm design
STOC-2024-025,STOC,2024,0-1 Knapsack in Nearly Quadratic Time,Ce Jin,Parameterized and exact algorithms,https://doi.org/10.1145/3618260.3649618,10.1145/3618260.3649618,https://acm-stoc.org/stoc2024/toc.html,https://acm-stoc.org/stoc2024/toc.html,LLM_reviewed_title,Primary subject selected in title review; overlapping techniques do not receive additional counts.,General algorithm design,General algorithm design
STOC-2024-026,STOC,2024,A Nearly Quadratic-Time FPTAS for Knapsack,Lin Chen; Jiayi Lian; Yuchen Mao; Guochuan Zhang,Approximation algorithms,https://doi.org/10.1145/3618260.3649730,10.1145/3618260.3649730,https://acm-stoc.org/stoc2024/toc.html,https://acm-stoc.org/stoc2024/toc.html,LLM_reviewed_title,Primary subject selected in title review; overlapping techniques do not receive additional counts.,General algorithm design,General algorithm design
STOC-2024-027,STOC,2024,(1 − 𝜀)-Approximation of Knapsack in Nearly Quadratic Time,Xiao Mao,Approximation algorithms,https://doi.org/10.1145/3618260.3649677,10.1145/3618260.3649677,https://acm-stoc.org/stoc2024/toc.html,https://acm-stoc.org/stoc2024/toc.html,LLM_reviewed_title,Title reviewed; candidate primary category retained.,Approximation algorithms,Approximation algorithms
STOC-2024-028,STOC,2024,Approximating Partition in Near-Linear Time,Lin Chen; Jiayi Lian; Yuchen Mao; Guochuan Zhang,Approximation algorithms,https://doi.org/10.1145/3618260.3649727,10.1145/3618260.3649727,https://acm-stoc.org/stoc2024/toc.html,https://acm-stoc.org/stoc2024/toc.html,LLM_reviewed_title,Title reviewed; candidate primary category retained.,Approximation algorithms,Approximation algorithms
STOC-2024-029,STOC,2024,Approximating Small Sparse Cuts,Aditya Anand; Euiwoong Lee; Jason Li; Thatchaphol Saranurak,Approximation algorithms,https://doi.org/10.1145/3618260.3649747,10.1145/3618260.3649747,https://acm-stoc.org/stoc2024/toc.html,https://acm-stoc.org/stoc2024/toc.html,LLM_reviewed_title,Title reviewed; candidate primary category retained.,Approximation algorithms,Approximation algorithms
STOC-2024-030,STOC,2024,Better Coloring of 3-Colorable Graphs,Ken-ichi Kawarabayashi; Mikkel Thorup; Hirotaka Yoneda,Graph theory and graph algorithms,https://doi.org/10.1145/3618260.3649768,10.1145/3618260.3649768,https://acm-stoc.org/stoc2024/toc.html,https://acm-stoc.org/stoc2024/toc.html,LLM_reviewed_title,Title reviewed; candidate primary category retained.,Graph theory and graph algorithms,Graph theory and graph algorithms
STOC-2024-031,STOC,2024,Testing Closeness of Multivariate Distributions via Ramsey Theory,Ilias Diakonikolas; Daniel M. Kane; Sihan Liu,Property testing and distribution learning,https://doi.org/10.1145/3618260.3649657,10.1145/3618260.3649657,https://acm-stoc.org/stoc2024/toc.html,https://acm-stoc.org/stoc2024/toc.html,LLM_reviewed_title,Title reviewed; candidate primary category retained.,Combinatorics and graph polynomials,Property testing and distribution learning
STOC-2024-032,STOC,2024,Semidefinite Programs Simulate Approximate Message Passing Robustly,Misha Ivkov; Tselil Schramm,Learning theory,https://doi.org/10.1145/3618260.3649713,10.1145/3618260.3649713,https://acm-stoc.org/stoc2024/toc.html,https://acm-stoc.org/stoc2024/toc.html,LLM_reviewed_title,Primary subject selected in title review; overlapping techniques do not receive additional counts.,Approximation algorithms,Optimization and mathematical programming
STOC-2024-033,STOC,2024,Planted Clique Conjectures Are Equivalent,Shuichi Hirahara; Nobutaka Shimizu,Average-case complexity,https://doi.org/10.1145/3618260.3649751,10.1145/3618260.3649751,https://acm-stoc.org/stoc2024/toc.html,https://acm-stoc.org/stoc2024/toc.html,LLM_reviewed_title,Title reviewed; candidate primary category retained.,Graph theory and graph algorithms,Average-case complexity
STOC-2024-034,STOC,2024,"Robust Recovery for Stochastic Block Models, Simplified and Generalized",Sidhanth Mohanty; Prasad Raghavendra; David X. Wu,Learning theory,https://doi.org/10.1145/3618260.3649761,10.1145/3618260.3649761,https://acm-stoc.org/stoc2024/toc.html,https://acm-stoc.org/stoc2024/toc.html,LLM_reviewed_title,Title reviewed; candidate primary category retained.,General algorithm design,Learning theory
STOC-2024-035,STOC,2024,New Tools for Smoothed Analysis: Least Singular Value Bounds for Random Matrices with Dependent Entries,Aditya Bhaskara; Eric Evert; Vaidehi Srinivas; Aravindan Vijayaraghavan,Combinatorics and graph polynomials,https://doi.org/10.1145/3618260.3649765,10.1145/3618260.3649765,https://acm-stoc.org/stoc2024/toc.html,https://acm-stoc.org/stoc2024/toc.html,LLM_reviewed_abstract,Anti-concentration and least singular-value bounds for structured random matrices.,General algorithm design,General algorithm design
STOC-2024-036,STOC,2024,Adaptively-Sound Succinct Arguments for NP from Indistinguishability Obfuscation,Brent Waters; David J. Wu,Cryptography,https://doi.org/10.1145/3618260.3649671,10.1145/3618260.3649671,https://acm-stoc.org/stoc2024/toc.html,https://acm-stoc.org/stoc2024/toc.html,LLM_reviewed_title,Title reviewed; candidate primary category retained.,Cryptography,Cryptography
STOC-2024-037,STOC,2024,A New Approach for Non-Interactive Zero-Knowledge from Learning with Errors,Brent Waters,Cryptography,https://doi.org/10.1145/3618260.3649683,10.1145/3618260.3649683,https://acm-stoc.org/stoc2024/toc.html,https://acm-stoc.org/stoc2024/toc.html,LLM_reviewed_title,Title reviewed; candidate primary category retained.,Cryptography,Cryptography
STOC-2024-038,STOC,2024,Optimal Load-Balanced Scalable Distributed Agreement,Yuval Gelles; Ilan Komargodski,Distributed and local algorithms,https://doi.org/10.1145/3618260.3649736,10.1145/3618260.3649736,https://acm-stoc.org/stoc2024/toc.html,https://acm-stoc.org/stoc2024/toc.html,LLM_reviewed_title,Title reviewed; candidate primary category retained.,Distributed and local algorithms,Distributed and local algorithms
STOC-2024-039,STOC,2024,Quantum Oblivious LWE Sampling and Insecurity of Standard Model Lattice-Based SNARKs,Thomas Debris-Alazard; Pouria Fallahpour; Damien Stehlé,Cryptography,https://doi.org/10.1145/3618260.3649766,10.1145/3618260.3649766,https://acm-stoc.org/stoc2024/toc.html,https://acm-stoc.org/stoc2024/toc.html,LLM_reviewed_title,Title reviewed; candidate primary category retained.,Quantum computation,Cryptography
STOC-2024-040,STOC,2024,Batch Proofs Are Statistically Hiding,Nir Bitansky; Chethan Kamath; Omer Paneth; Ron D. Rothblum; Prashant Nalini Vasudevan,Cryptography,https://doi.org/10.1145/3618260.3649775,10.1145/3618260.3649775,https://acm-stoc.org/stoc2024/toc.html,https://acm-stoc.org/stoc2024/toc.html,LLM_reviewed_title,Primary subject selected in title review; overlapping techniques do not receive additional counts.,General algorithm design,General algorithm design
STOC-2024-041,STOC,2024,Approximating Maximum Matching Requires Almost Quadratic Time,Soheil Behnezhad; Mohammad Roghani; Aviad Rubinstein,Fine-grained complexity,https://doi.org/10.1145/3618260.3649785,10.1145/3618260.3649785,https://acm-stoc.org/stoc2024/toc.html,https://acm-stoc.org/stoc2024/toc.html,LLM_reviewed_title,Primary subject selected in title review; overlapping techniques do not receive additional counts.,Approximation algorithms,Approximation algorithms
STOC-2024-042,STOC,2024,Structural Complexities of Matching Mechanisms,Yannai A. Gonczarowski; Clayton Thomas,Algorithmic game theory and fair division,https://doi.org/10.1145/3618260.3649737,10.1145/3618260.3649737,https://acm-stoc.org/stoc2024/toc.html,https://acm-stoc.org/stoc2024/toc.html,LLM_reviewed_title,Primary subject selected in title review; overlapping techniques do not receive additional counts.,Graph theory and graph algorithms,Graph theory and graph algorithms
STOC-2024-043,STOC,2024,A Constant-Factor Approximation for Nash Social Welfare with Subadditive Valuations,Shahar Dobzinski; Wenzheng Li; Aviad Rubinstein; Jan Vondrák,Algorithmic game theory and fair division,https://doi.org/10.1145/3618260.3649740,10.1145/3618260.3649740,https://acm-stoc.org/stoc2024/toc.html,https://acm-stoc.org/stoc2024/toc.html,LLM_reviewed_title,Title reviewed; candidate primary category retained.,Algorithmic game theory and fair division,Algorithmic game theory and fair division
STOC-2024-044,STOC,2024,Limitations of Stochastic Selection Problems with Pairwise Independent Priors,Shaddin Dughmi; Yusuf Hakan Kalayci; Neel Patel,"Online algorithms, bandits and stochastic optimization",https://doi.org/10.1145/3618260.3649718,10.1145/3618260.3649718,https://acm-stoc.org/stoc2024/toc.html,https://acm-stoc.org/stoc2024/toc.html,LLM_reviewed_title,Primary subject selected in title review; overlapping techniques do not receive additional counts.,General algorithm design,General algorithm design
STOC-2024-045,STOC,2024,Prophet Inequalities Require Only a Constant Number of Samples,Andrés Cristi; Bruno Ziliotto,"Online algorithms, bandits and stochastic optimization",https://doi.org/10.1145/3618260.3649773,10.1145/3618260.3649773,https://acm-stoc.org/stoc2024/toc.html,https://acm-stoc.org/stoc2024/toc.html,LLM_reviewed_title,Title reviewed; candidate primary category retained.,"Online algorithms, bandits and stochastic optimization","Online algorithms, bandits and stochastic optimization"
STOC-2024-046,STOC,2024,A Unified Approach to Learning Ising Models: Beyond Independence and Bounded Width,Jason Gaitonde; Elchanan Mossel,Learning theory,https://doi.org/10.1145/3618260.3649674,10.1145/3618260.3649674,https://acm-stoc.org/stoc2024/toc.html,https://acm-stoc.org/stoc2024/toc.html,LLM_reviewed_title,Title reviewed; candidate primary category retained.,Learning theory,Learning theory
STOC-2024-047,STOC,2024,Nonlinear Dynamics for the Ising Model,Pietro Caputo; Alistair Sinclair,Enumeration and counting,https://doi.org/10.1145/3618260.3649759,10.1145/3618260.3649759,https://acm-stoc.org/stoc2024/toc.html,https://acm-stoc.org/stoc2024/toc.html,LLM_reviewed_title,Primary subject selected in title review; overlapping techniques do not receive additional counts.,General algorithm design,"Online algorithms, bandits and stochastic optimization"
STOC-2024-048,STOC,2024,Influences in Mixing Measures,Frederic Koehler; Noam Lifshitz; Dor Minzer; Elchanan Mossel,Enumeration and counting,https://doi.org/10.1145/3618260.3649731,10.1145/3618260.3649731,https://acm-stoc.org/stoc2024/toc.html,https://acm-stoc.org/stoc2024/toc.html,LLM_reviewed_title,Title reviewed; candidate primary category retained.,General algorithm design,Enumeration and counting
STOC-2024-049,STOC,2024,Parallel Sampling via Counting,Nima Anari; Ruiquan Gao; Aviad Rubinstein,Enumeration and counting,https://doi.org/10.1145/3618260.3649744,10.1145/3618260.3649744,https://acm-stoc.org/stoc2024/toc.html,https://acm-stoc.org/stoc2024/toc.html,LLM_reviewed_title,Title reviewed; candidate primary category retained.,Enumeration and counting,Enumeration and counting
STOC-2024-050,STOC,2024,On the Fourier Coefficients of High-Dimensional Random Geometric Graphs,Kiril Bangachev; Guy Bresler,Average-case complexity,https://doi.org/10.1145/3618260.3649676,10.1145/3618260.3649676,https://acm-stoc.org/stoc2024/toc.html,https://acm-stoc.org/stoc2024/toc.html,LLM_reviewed_title,Primary subject selected in title review; overlapping techniques do not receive additional counts.,Computational geometry,Computational geometry
STOC-2024-051,STOC,2024,Classical Simulation of Peaked Shallow Quantum Circuits,Sergey Bravyi; David Gosset; Yinchen Liu,Quantum computation,https://doi.org/10.1145/3618260.3649638,10.1145/3618260.3649638,https://acm-stoc.org/stoc2024/toc.html,https://acm-stoc.org/stoc2024/toc.html,LLM_reviewed_title,Title reviewed; candidate primary category retained.,Quantum computation,Quantum computation
STOC-2024-052,STOC,2024,Quantum and Classical Query Complexities of Functions of Matrices,Ashley Montanaro; Changpeng Shao,Quantum computation,https://doi.org/10.1145/3618260.3649665,10.1145/3618260.3649665,https://acm-stoc.org/stoc2024/toc.html,https://acm-stoc.org/stoc2024/toc.html,LLM_reviewed_title,Title reviewed; candidate primary category retained.,Quantum computation,Quantum computation
STOC-2024-053,STOC,2024,Circuit-to-Hamiltonian from Tensor Networks and Fault Tolerance,Anurag Anshu; Nikolas P. Breuckmann; Quynh T. Nguyen,Quantum computation,https://doi.org/10.1145/3618260.3649690,10.1145/3618260.3649690,https://acm-stoc.org/stoc2024/toc.html,https://acm-stoc.org/stoc2024/toc.html,LLM_reviewed_title,Title reviewed; candidate primary category retained.,General algorithm design,Quantum computation
STOC-2024-054,STOC,2024,Quantum Time-Space Tradeoffs for Matrix Problems,Paul Beame; Niels Kornerup; Michael Whitmeyer,Quantum computation,https://doi.org/10.1145/3618260.3649700,10.1145/3618260.3649700,https://acm-stoc.org/stoc2024/toc.html,https://acm-stoc.org/stoc2024/toc.html,LLM_reviewed_title,Title reviewed; candidate primary category retained.,Quantum computation,Quantum computation
STOC-2024-055,STOC,2024,Quadratic Lower Bounds on the Approximate Stabilizer Rank: A Probabilistic Approach,Saeed Mehraban; Mehrdad Tahmasbi,Quantum computation,https://doi.org/10.1145/3618260.3649733,10.1145/3618260.3649733,https://acm-stoc.org/stoc2024/toc.html,https://acm-stoc.org/stoc2024/toc.html,LLM_reviewed_title,Title reviewed; candidate primary category retained.,Quantum computation,Quantum computation
STOC-2024-056,STOC,2024,Hardness of Range Avoidance and Remote Point for Restricted Circuits via Cryptography,Yilei Chen; Jiatu Li,Computational and circuit complexity,https://doi.org/10.1145/3618260.3649602,10.1145/3618260.3649602,https://acm-stoc.org/stoc2024/toc.html,https://acm-stoc.org/stoc2024/toc.html,LLM_reviewed_title,Primary subject selected in title review; overlapping techniques do not receive additional counts.,Cryptography,Cryptography
STOC-2024-057,STOC,2024,Communication Lower Bounds for Collision Problems via Density Increment Arguments,Guangxu Yang; Jiapeng Zhang,Communication complexity,https://doi.org/10.1145/3618260.3649607,10.1145/3618260.3649607,https://acm-stoc.org/stoc2024/toc.html,https://acm-stoc.org/stoc2024/toc.html,LLM_reviewed_title,Title reviewed; candidate primary category retained.,General algorithm design,Communication complexity
STOC-2024-058,STOC,2024,Lower Bounds for Regular Resolution over Parities,Klim Efremenko; Michal Garlík; Dmitry Itsykson,Proof complexity and logic,https://doi.org/10.1145/3618260.3649652,10.1145/3618260.3649652,https://acm-stoc.org/stoc2024/toc.html,https://acm-stoc.org/stoc2024/toc.html,LLM_reviewed_title,Primary subject selected in title review; overlapping techniques do not receive additional counts.,General algorithm design,General algorithm design
STOC-2024-059,STOC,2024,XOR Lemmas for Communication via Marginal Information,Siddharth Iyer; Anup Rao,Communication complexity,https://doi.org/10.1145/3618260.3649726,10.1145/3618260.3649726,https://acm-stoc.org/stoc2024/toc.html,https://acm-stoc.org/stoc2024/toc.html,LLM_reviewed_title,Primary subject selected in title review; overlapping techniques do not receive additional counts.,General algorithm design,General algorithm design
STOC-2024-060,STOC,2024,Beating Brute Force for Compression Problems,Shuichi Hirahara; Rahul Ilango; R. Ryan Williams,Data structures and compressed data,https://doi.org/10.1145/3618260.3649778,10.1145/3618260.3649778,https://acm-stoc.org/stoc2024/toc.html,https://acm-stoc.org/stoc2024/toc.html,LLM_reviewed_title,Title reviewed; candidate primary category retained.,Data structures and compressed data,Data structures and compressed data
STOC-2024-061,STOC,2024,Optimization with Pattern-Avoiding Input,Benjamin Aram Berendsohn; László Kozma; Michal Opler,Optimization and mathematical programming,https://doi.org/10.1145/3618260.3649631,10.1145/3618260.3649631,https://acm-stoc.org/stoc2024/toc.html,https://acm-stoc.org/stoc2024/toc.html,LLM_reviewed_title,Title reviewed; candidate primary category retained.,Optimization and mathematical programming,Optimization and mathematical programming
STOC-2024-062,STOC,2024,Maximum Weight Independent Set in Graphs with no Long Claws in Quasi-Polynomial Time,Peter Gartland; Daniel Lokshtanov; Tomáš Masařík; Marcin Pilipczuk; Michał Pilipczuk; Paweł Rzążewski,Graph theory and graph algorithms,https://doi.org/10.1145/3618260.3649791,10.1145/3618260.3649791,https://acm-stoc.org/stoc2024/toc.html,https://acm-stoc.org/stoc2024/toc.html,LLM_reviewed_title,Title reviewed; candidate primary category retained.,Graph theory and graph algorithms,Graph theory and graph algorithms
STOC-2024-063,STOC,2024,Packing Even Directed Circuits Quarter-Integrally,Maximilian Gorsky; Ken-ichi Kawarabayashi; Stephan Kreutzer; Sebastian Wiederrecht,Graph theory and graph algorithms,https://doi.org/10.1145/3618260.3649682,10.1145/3618260.3649682,https://acm-stoc.org/stoc2024/toc.html,https://acm-stoc.org/stoc2024/toc.html,LLM_reviewed_title,Primary subject selected in title review; overlapping techniques do not receive additional counts.,General algorithm design,Computational and circuit complexity
STOC-2024-064,STOC,2024,Edge-Disjoint Paths in Eulerian Digraphs,Dario Giuliano Cavallaro; Ken-ichi Kawarabayashi; Stephan Kreutzer,Graph theory and graph algorithms,https://doi.org/10.1145/3618260.3649758,10.1145/3618260.3649758,https://acm-stoc.org/stoc2024/toc.html,https://acm-stoc.org/stoc2024/toc.html,LLM_reviewed_title,Title reviewed; candidate primary category retained.,Graph theory and graph algorithms,Graph theory and graph algorithms
STOC-2024-065,STOC,2024,A Flat Wall Theorem for Matching Minors in Bipartite Graphs,Archontia C. Giannopoulou; Sebastian Wiederrecht,Graph theory and graph algorithms,https://doi.org/10.1145/3618260.3649774,10.1145/3618260.3649774,https://acm-stoc.org/stoc2024/toc.html,https://acm-stoc.org/stoc2024/toc.html,LLM_reviewed_title,Title reviewed; candidate primary category retained.,Graph theory and graph algorithms,Graph theory and graph algorithms
STOC-2024-066,STOC,2024,Generalized GM-MDS: Polynomial Codes Are Higher Order MDS,Joshua Brakensiek; Manik Dhar; Sivakanth Gopi,Coding and information theory,https://doi.org/10.1145/3618260.3649637,10.1145/3618260.3649637,https://acm-stoc.org/stoc2024/toc.html,https://acm-stoc.org/stoc2024/toc.html,LLM_reviewed_title,Title reviewed; candidate primary category retained.,General algorithm design,Coding and information theory
STOC-2024-067,STOC,2024,AG Codes Achieve List Decoding Capacity over Constant-Sized Fields,Joshua Brakensiek; Manik Dhar; Sivakanth Gopi; Zihan Zhang,Coding and information theory,https://doi.org/10.1145/3618260.3649651,10.1145/3618260.3649651,https://acm-stoc.org/stoc2024/toc.html,https://acm-stoc.org/stoc2024/toc.html,LLM_reviewed_title,Title reviewed; candidate primary category retained.,Coding and information theory,Coding and information theory
STOC-2024-068,STOC,2024,Constant Query Local Decoding against Deletions Is Impossible,Meghal Gupta,Coding and information theory,https://doi.org/10.1145/3618260.3649655,10.1145/3618260.3649655,https://acm-stoc.org/stoc2024/toc.html,https://acm-stoc.org/stoc2024/toc.html,LLM_reviewed_title,Title reviewed; candidate primary category retained.,General algorithm design,Coding and information theory
STOC-2024-069,STOC,2024,Local Correction of Linear Functions over the Boolean Cube,Prashanth Amireddy; Amik Raj Behera; Manaswi Paraashar; Srikanth Srinivasan; Madhu Sudan,Coding and information theory,https://doi.org/10.1145/3618260.3649746,10.1145/3618260.3649746,https://acm-stoc.org/stoc2024/toc.html,https://acm-stoc.org/stoc2024/toc.html,LLM_reviewed_title,Primary subject selected in title review; overlapping techniques do not receive additional counts.,General algorithm design,General algorithm design
STOC-2024-070,STOC,2024,An Exponential Lower Bound for Linear 3-Query Locally Correctable Codes,Pravesh K. Kothari; Peter Manohar,Coding and information theory,https://doi.org/10.1145/3618260.3649640,10.1145/3618260.3649640,https://acm-stoc.org/stoc2024/toc.html,https://acm-stoc.org/stoc2024/toc.html,LLM_reviewed_title,Title reviewed; candidate primary category retained.,General algorithm design,Coding and information theory
STOC-2024-071,STOC,2024,Explicit Two-Sided Unique-Neighbor Expanders,Jun-Ting Hsieh; Theo McKenzie; Sidhanth Mohanty; Pedro Paredes,Combinatorics and graph polynomials,https://doi.org/10.1145/3618260.3649705,10.1145/3618260.3649705,https://acm-stoc.org/stoc2024/toc.html,https://acm-stoc.org/stoc2024/toc.html,LLM_reviewed_title,Title reviewed; candidate primary category retained.,Combinatorics and graph polynomials,Combinatorics and graph polynomials
STOC-2024-072,STOC,2024,Data-Dependent LSH for the Earth Mover’s Distance,Rajesh Jayaram; Erik Waingarten; Tian Zhang,Data structures and compressed data,https://doi.org/10.1145/3618260.3649666,10.1145/3618260.3649666,https://acm-stoc.org/stoc2024/toc.html,https://acm-stoc.org/stoc2024/toc.html,LLM_reviewed_title,Primary subject selected in title review; overlapping techniques do not receive additional counts.,General algorithm design,General algorithm design
STOC-2024-073,STOC,2024,Polylog-Competitive Deterministic Local Routing and Scheduling,Bernhard Haeupler; Shyamal Patel; Antti Roeyskoe; Cliff Stein; Goran Zuzic,Scheduling and packing,https://doi.org/10.1145/3618260.3649678,10.1145/3618260.3649678,https://acm-stoc.org/stoc2024/toc.html,https://acm-stoc.org/stoc2024/toc.html,LLM_reviewed_title,Title reviewed; candidate primary category retained.,Scheduling and packing,Scheduling and packing
STOC-2024-074,STOC,2024,Connectivity Labeling and Routing with Multiple Vertex Failures,Merav Parter; Asaf Petruschka; Seth Pettie,Data structures and compressed data,https://doi.org/10.1145/3618260.3649729,10.1145/3618260.3649729,https://acm-stoc.org/stoc2024/toc.html,https://acm-stoc.org/stoc2024/toc.html,LLM_reviewed_title,Primary subject selected in title review; overlapping techniques do not receive additional counts.,Graph theory and graph algorithms,Graph theory and graph algorithms
STOC-2024-075,STOC,2024,Optimal Multi-pass Lower Bounds for MST in Dynamic Streams,Sepehr Assadi; Gillat Kol; Zhijun Zhang,Streaming and sketching,https://doi.org/10.1145/3618260.3649755,10.1145/3618260.3649755,https://acm-stoc.org/stoc2024/toc.html,https://acm-stoc.org/stoc2024/toc.html,LLM_reviewed_title,Title reviewed; candidate primary category retained.,General algorithm design,Streaming and sketching
STOC-2024-076,STOC,2024,O(log log n) Passes Is Optimal for Semi-streaming Maximal Independent Set,Sepehr Assadi; Christian Konrad; Kheeran K. Naidu; Janani Sundaresan,Streaming and sketching,https://doi.org/10.1145/3618260.3649763,10.1145/3618260.3649763,https://acm-stoc.org/stoc2024/toc.html,https://acm-stoc.org/stoc2024/toc.html,LLM_reviewed_title,Title reviewed; candidate primary category retained.,Streaming and sketching,Streaming and sketching
STOC-2024-077,STOC,2024,The Asymptotic Rank Conjecture and the Set Cover Conjecture Are Not Both True,Andreas Björklund; Petteri Kaski,Fine-grained complexity,https://doi.org/10.1145/3618260.3649656,10.1145/3618260.3649656,https://acm-stoc.org/stoc2024/toc.html,https://acm-stoc.org/stoc2024/toc.html,LLM_reviewed_title,Primary subject selected in title review; overlapping techniques do not receive additional counts.,General algorithm design,Approximation algorithms
STOC-2024-078,STOC,2024,A Stronger Connection between the Asymptotic Rank Conjecture and the Set Cover Conjecture,Kevin Pratt,Fine-grained complexity,https://doi.org/10.1145/3618260.3649620,10.1145/3618260.3649620,https://acm-stoc.org/stoc2024/toc.html,https://acm-stoc.org/stoc2024/toc.html,LLM_reviewed_title,Primary subject selected in title review; overlapping techniques do not receive additional counts.,General algorithm design,Approximation algorithms
STOC-2024-079,STOC,2024,Equality Cases of the Alexandrov–Fenchel Inequality Are Not in the Polynomial Hierarchy,Swee Hong Chan; Igor Pak,Computational geometry,https://doi.org/10.1145/3618260.3649646,10.1145/3618260.3649646,https://acm-stoc.org/stoc2024/toc.html,https://acm-stoc.org/stoc2024/toc.html,LLM_reviewed_abstract,Complexity of equality cases in the Alexandrov-Fenchel inequality for convex polytopes.,General algorithm design,General algorithm design
STOC-2024-080,STOC,2024,Semigroup Algorithmic Problems in Metabelian Groups,Ruiwen Dong,Algebraic and numerical computation,https://doi.org/10.1145/3618260.3649609,10.1145/3618260.3649609,https://acm-stoc.org/stoc2024/toc.html,https://acm-stoc.org/stoc2024/toc.html,LLM_reviewed_title,Primary subject selected in title review; overlapping techniques do not receive additional counts.,General algorithm design,General algorithm design
STOC-2024-081,STOC,2024,The Complexity of Computing KKT Solutions of Quadratic Programs,John Fearnley; Paul W. Goldberg; Alexandros Hollender; Rahul Savani,Computational and circuit complexity,https://doi.org/10.1145/3618260.3649647,10.1145/3618260.3649647,https://acm-stoc.org/stoc2024/toc.html,https://acm-stoc.org/stoc2024/toc.html,LLM_reviewed_title,Primary subject selected in title review; overlapping techniques do not receive additional counts.,General algorithm design,General algorithm design
STOC-2024-082,STOC,2024,Minimum Star Partitions of Simple Polygons in Polynomial Time,Mikkel Abrahamsen; Joakim Blikstad; André Nusser; Hanwen Zhang,Computational geometry,https://doi.org/10.1145/3618260.3649756,10.1145/3618260.3649756,https://acm-stoc.org/stoc2024/toc.html,https://acm-stoc.org/stoc2024/toc.html,LLM_reviewed_title,Title reviewed; candidate primary category retained.,Computational geometry,Computational geometry
STOC-2024-083,STOC,2024,Revisiting Local Computation of PageRank: Simple and Optimal,Hanzhi Wang; Zhewei Wei; Ji-Rong Wen; Mingji Yang,Distributed and local algorithms,https://doi.org/10.1145/3618260.3649661,10.1145/3618260.3649661,https://acm-stoc.org/stoc2024/toc.html,https://acm-stoc.org/stoc2024/toc.html,LLM_reviewed_title,Title reviewed; candidate primary category retained.,General algorithm design,Distributed and local algorithms
STOC-2024-084,STOC,2024,Towards Optimal Output-Sensitive Clique Listing or: Listing Cliques from Smaller Cliques,Mina Dalirrooyfard; Surya Mathialagan; Virginia Vassilevska Williams; Yinzhan Xu,Enumeration and counting,https://doi.org/10.1145/3618260.3649663,10.1145/3618260.3649663,https://acm-stoc.org/stoc2024/toc.html,https://acm-stoc.org/stoc2024/toc.html,LLM_reviewed_title,Primary subject selected in title review; overlapping techniques do not receive additional counts.,Graph theory and graph algorithms,Graph theory and graph algorithms
STOC-2024-085,STOC,2024,New Graph Decompositions and Combinatorial Boolean Matrix Multiplication Algorithms,Amir Abboud; Nick Fischer; Zander Kelley; Shachar Lovett; Raghu Meka,Algebraic and numerical computation,https://doi.org/10.1145/3618260.3649696,10.1145/3618260.3649696,https://acm-stoc.org/stoc2024/toc.html,https://acm-stoc.org/stoc2024/toc.html,LLM_reviewed_title,Title reviewed; candidate primary category retained.,Algebraic and numerical computation,Algebraic and numerical computation
STOC-2024-086,STOC,2024,Nearly Optimal Fault Tolerant Distance Oracle,Dipan Dey; Manoj Gupta,Data structures and compressed data,https://doi.org/10.1145/3618260.3649697,10.1145/3618260.3649697,https://acm-stoc.org/stoc2024/toc.html,https://acm-stoc.org/stoc2024/toc.html,LLM_reviewed_title,Primary subject selected in title review; overlapping techniques do not receive additional counts.,General algorithm design,General algorithm design
STOC-2024-087,STOC,2024,Almost Linear Size Edit Distance Sketch,Michal Koucký; Michael E. Saks,Streaming and sketching,https://doi.org/10.1145/3618260.3649783,10.1145/3618260.3649783,https://acm-stoc.org/stoc2024/toc.html,https://acm-stoc.org/stoc2024/toc.html,LLM_reviewed_title,Title reviewed; candidate primary category retained.,Data structures and compressed data,Streaming and sketching
STOC-2024-088,STOC,2024,Commitments from Quantum One-Wayness,Dakshita Khurana; Kabir Tomer,Cryptography,https://doi.org/10.1145/3618260.3649654,10.1145/3618260.3649654,https://acm-stoc.org/stoc2024/toc.html,https://acm-stoc.org/stoc2024/toc.html,LLM_reviewed_title,Title reviewed; candidate primary category retained.,Quantum computation,Cryptography
STOC-2024-089,STOC,2024,A One-Query Lower Bound for Unitary Synthesis and Breaking Quantum Cryptography,Alex Lombardi; Fermi Ma; John Wright,Cryptography,https://doi.org/10.1145/3618260.3649650,10.1145/3618260.3649650,https://acm-stoc.org/stoc2024/toc.html,https://acm-stoc.org/stoc2024/toc.html,LLM_reviewed_title,Title reviewed; candidate primary category retained.,Quantum computation,Cryptography
STOC-2024-090,STOC,2024,Two Prover Perfect Zero Knowledge for MIP*,Kieran Mastel; William Slofstra,Cryptography,https://doi.org/10.1145/3618260.3649702,10.1145/3618260.3649702,https://acm-stoc.org/stoc2024/toc.html,https://acm-stoc.org/stoc2024/toc.html,LLM_reviewed_title,Title reviewed; candidate primary category retained.,Cryptography,Cryptography
STOC-2024-091,STOC,2024,How to Use Quantum Indistinguishability Obfuscation,Andrea Coladangelo; Sam Gunn,Cryptography,https://doi.org/10.1145/3618260.3649779,10.1145/3618260.3649779,https://acm-stoc.org/stoc2024/toc.html,https://acm-stoc.org/stoc2024/toc.html,LLM_reviewed_title,Title reviewed; candidate primary category retained.,Quantum computation,Cryptography
STOC-2024-092,STOC,2024,Quantum State Obfuscation from Classical Oracles,James Bartusek; Zvika Brakerski; Vinod Vaikuntanathan,Cryptography,https://doi.org/10.1145/3618260.3649673,10.1145/3618260.3649673,https://acm-stoc.org/stoc2024/toc.html,https://acm-stoc.org/stoc2024/toc.html,LLM_reviewed_title,Title reviewed; candidate primary category retained.,Quantum computation,Cryptography
STOC-2024-093,STOC,2024,Nonlocality under Computational Assumptions,Grzegorz Gluch; Khashayar Barooti; Alexandru Gheorghiu; Marc-Olivier Renou,Quantum computation,https://doi.org/10.1145/3618260.3649750,10.1145/3618260.3649750,https://acm-stoc.org/stoc2024/toc.html,https://acm-stoc.org/stoc2024/toc.html,LLM_reviewed_title,Primary subject selected in title review; overlapping techniques do not receive additional counts.,Distributed and local algorithms,Distributed and local algorithms
STOC-2024-094,STOC,2024,Detecting Low-Degree Truncation,Anindya De; Huan Li; Shivam Nadimpalli; Rocco A. Servedio,Learning theory,https://doi.org/10.1145/3618260.3649633,10.1145/3618260.3649633,https://acm-stoc.org/stoc2024/toc.html,https://acm-stoc.org/stoc2024/toc.html,LLM_reviewed_title,Primary subject selected in title review; overlapping techniques do not receive additional counts.,General algorithm design,General algorithm design
STOC-2024-095,STOC,2024,Optimal Non-adaptive Tolerant Junta Testing via Local Estimators,Shivam Nadimpalli; Shyamal Patel,Property testing and distribution learning,https://doi.org/10.1145/3618260.3649687,10.1145/3618260.3649687,https://acm-stoc.org/stoc2024/toc.html,https://acm-stoc.org/stoc2024/toc.html,LLM_reviewed_title,Title reviewed; candidate primary category retained.,Property testing and distribution learning,Property testing and distribution learning
STOC-2024-096,STOC,2024,Distribution-Free Testing of Decision Lists with a Sublinear Number of Queries,Xi Chen; Yumou Fei; Shyamal Patel,Property testing and distribution learning,https://doi.org/10.1145/3618260.3649717,10.1145/3618260.3649717,https://acm-stoc.org/stoc2024/toc.html,https://acm-stoc.org/stoc2024/toc.html,LLM_reviewed_title,Title reviewed; candidate primary category retained.,General algorithm design,Property testing and distribution learning
STOC-2024-097,STOC,2024,On the Power of Interactive Proofs for Learning,Tom Gur; Mohammad Mahdi Jahanara; Mohammad Mahdi Khodabandeh; Ninad Rajgopal; Bahar Salamatian; Igor Shinkar,Proof complexity and logic,https://doi.org/10.1145/3618260.3649784,10.1145/3618260.3649784,https://acm-stoc.org/stoc2024/toc.html,https://acm-stoc.org/stoc2024/toc.html,LLM_reviewed_title,Title reviewed; candidate primary category retained.,Learning theory,Proof complexity and logic
STOC-2024-098,STOC,2024,Complexity-Theoretic Implications of Multicalibration,Sílvia Casacuberta; Cynthia Dwork; Salil Vadhan,Learning theory,https://doi.org/10.1145/3618260.3649748,10.1145/3618260.3649748,https://acm-stoc.org/stoc2024/toc.html,https://acm-stoc.org/stoc2024/toc.html,LLM_reviewed_title,Primary subject selected in title review; overlapping techniques do not receive additional counts.,General algorithm design,General algorithm design
STOC-2024-099,STOC,2024,Local Geometry of NAE-SAT Solutions in the Condensation Regime,Allan Sly; Youngtak Sohn,Average-case complexity,https://doi.org/10.1145/3618260.3649781,10.1145/3618260.3649781,https://acm-stoc.org/stoc2024/toc.html,https://acm-stoc.org/stoc2024/toc.html,LLM_reviewed_title,Primary subject selected in title review; overlapping techniques do not receive additional counts.,Automated reasoning and unification,Automated reasoning and unification
STOC-2024-100,STOC,2024,Trickle-Down in Localization Schemes and Applications,Nima Anari; Frederic Koehler; Thuy-Duong Vuong,Enumeration and counting,https://doi.org/10.1145/3618260.3649622,10.1145/3618260.3649622,https://acm-stoc.org/stoc2024/toc.html,https://acm-stoc.org/stoc2024/toc.html,LLM_reviewed_title,Primary subject selected in title review; overlapping techniques do not receive additional counts.,General algorithm design,General algorithm design
STOC-2024-101,STOC,2024,Optimal Embedding Dimension for Sparse Subspace Embeddings,Shabarish Chenakkod; Michał Dereziński; Xiaoyu Dong; Mark Rudelson,Algebraic and numerical computation,https://doi.org/10.1145/3618260.3649762,10.1145/3618260.3649762,https://acm-stoc.org/stoc2024/toc.html,https://acm-stoc.org/stoc2024/toc.html,LLM_reviewed_title,Primary subject selected in title review; overlapping techniques do not receive additional counts.,General algorithm design,General algorithm design
STOC-2024-102,STOC,2024,Solving Dense Linear Systems Faster Than via Preconditioning,Michał Dereziński; Jiaming Yang,Optimization and mathematical programming,https://doi.org/10.1145/3618260.3649694,10.1145/3618260.3649694,https://acm-stoc.org/stoc2024/toc.html,https://acm-stoc.org/stoc2024/toc.html,LLM_reviewed_title,Title reviewed; candidate primary category retained.,General algorithm design,Optimization and mathematical programming
STOC-2024-103,STOC,2024,Improving the Bit Complexity of Communication for Distributed Convex Optimization,Mehrdad Ghadiri; Yin Tat Lee; Swati Padmanabhan; William Swartworth; David P. Woodruff; Guanghao Ye,Distributed and local algorithms,https://doi.org/10.1145/3618260.3649787,10.1145/3618260.3649787,https://acm-stoc.org/stoc2024/toc.html,https://acm-stoc.org/stoc2024/toc.html,LLM_reviewed_title,Title reviewed; candidate primary category retained.,Distributed and local algorithms,Distributed and local algorithms
STOC-2024-104,STOC,2024,Fully Dynamic All-Pairs Shortest Paths: Likely Optimal Worst-Case Update Time,Xiao Mao,Dynamic graph algorithms,https://doi.org/10.1145/3618260.3649695,10.1145/3618260.3649695,https://acm-stoc.org/stoc2024/toc.html,https://acm-stoc.org/stoc2024/toc.html,LLM_reviewed_title,Title reviewed; candidate primary category retained.,Dynamic graph algorithms,Dynamic graph algorithms
STOC-2024-105,STOC,2024,Space Lower Bounds for Dynamic Filters and Value-Dynamic Retrieval,William Kuszmaul; Stefan Walzer,Data structures and compressed data,https://doi.org/10.1145/3618260.3649649,10.1145/3618260.3649649,https://acm-stoc.org/stoc2024/toc.html,https://acm-stoc.org/stoc2024/toc.html,LLM_reviewed_title,Primary subject selected in title review; overlapping techniques do not receive additional counts.,General algorithm design,General algorithm design
STOC-2024-106,STOC,2024,"Almost-Linear Time Algorithms for Incremental Graphs: Cycle Detection, SCCs, s-t Shortest Path, and Minimum-Cost Flow",Li Chen; Rasmus Kyng; Yang P. Liu; Simon Meierhans; Maximilian Probst Gutenberg,Dynamic graph algorithms,https://doi.org/10.1145/3618260.3649745,10.1145/3618260.3649745,https://acm-stoc.org/stoc2024/toc.html,https://acm-stoc.org/stoc2024/toc.html,LLM_reviewed_title,Title reviewed; candidate primary category retained.,Graph theory and graph algorithms,Dynamic graph algorithms
STOC-2024-107,STOC,2024,A Dynamic Shortest Paths Toolbox: Low-Congestion Vertex Sparsifiers and Their Applications,Rasmus Kyng; Simon Meierhans; Maximilian Probst Gutenberg,Dynamic graph algorithms,https://doi.org/10.1145/3618260.3649767,10.1145/3618260.3649767,https://acm-stoc.org/stoc2024/toc.html,https://acm-stoc.org/stoc2024/toc.html,LLM_reviewed_title,Title reviewed; candidate primary category retained.,Dynamic graph algorithms,Dynamic graph algorithms
STOC-2024-108,STOC,2024,Dynamic O(Arboricity) Coloring in Polylogarithmic Worst-Case Time,Mohsen Ghaffari; Christoph Grunau,Dynamic graph algorithms,https://doi.org/10.1145/3618260.3649782,10.1145/3618260.3649782,https://acm-stoc.org/stoc2024/toc.html,https://acm-stoc.org/stoc2024/toc.html,LLM_reviewed_title,Primary subject selected in title review; overlapping techniques do not receive additional counts.,Graph theory and graph algorithms,Graph theory and graph algorithms
STOC-2024-109,STOC,2024,Settling the Communication Complexity of VCG-Based Mechanisms for All Approximation Guarantees,Frederick Qiu; S. Matthew Weinberg,Communication complexity,https://doi.org/10.1145/3618260.3649706,10.1145/3618260.3649706,https://acm-stoc.org/stoc2024/toc.html,https://acm-stoc.org/stoc2024/toc.html,LLM_reviewed_title,Title reviewed; candidate primary category retained.,Communication complexity,Communication complexity
STOC-2024-110,STOC,2024,PPAD-Membership for Problems with Exact Rational Solutions: A General Approach via Convex Optimization,Aris Filos-Ratsikas; Kristoffer Arnsfelt Hansen; Kasper Høgh; Alexandros Hollender,Computational and circuit complexity,https://doi.org/10.1145/3618260.3649645,10.1145/3618260.3649645,https://acm-stoc.org/stoc2024/toc.html,https://acm-stoc.org/stoc2024/toc.html,LLM_reviewed_title,Primary subject selected in title review; overlapping techniques do not receive additional counts.,Optimization and mathematical programming,Optimization and mathematical programming
STOC-2024-111,STOC,2024,From External to Swap Regret 2.0: An Efficient Reduction for Large Action Spaces,Yuval Dagan; Constantinos Daskalakis; Maxwell Fishelson; Noah Golowich,"Online algorithms, bandits and stochastic optimization",https://doi.org/10.1145/3618260.3649681,10.1145/3618260.3649681,https://acm-stoc.org/stoc2024/toc.html,https://acm-stoc.org/stoc2024/toc.html,LLM_reviewed_title,Title reviewed; candidate primary category retained.,Algorithms for biological structures,"Online algorithms, bandits and stochastic optimization"
STOC-2024-112,STOC,2024,Fast Swap Regret Minimization and Applications to Approximate Correlated Equilibria,Binghui Peng; Aviad Rubinstein,"Online algorithms, bandits and stochastic optimization",https://doi.org/10.1145/3618260.3649691,10.1145/3618260.3649691,https://acm-stoc.org/stoc2024/toc.html,https://acm-stoc.org/stoc2024/toc.html,LLM_reviewed_title,Primary subject selected in title review; overlapping techniques do not receive additional counts.,Algorithmic game theory and fair division,Algorithmic game theory and fair division
STOC-2024-113,STOC,2024,Fair Division via Quantile Shares,Yakov Babichenko; Michal Feldman; Ron Holzman; Vishnu V. Narayan,Algorithmic game theory and fair division,https://doi.org/10.1145/3618260.3649728,10.1145/3618260.3649728,https://acm-stoc.org/stoc2024/toc.html,https://acm-stoc.org/stoc2024/toc.html,LLM_reviewed_title,Title reviewed; candidate primary category retained.,Algorithmic game theory and fair division,Algorithmic game theory and fair division
STOC-2024-114,STOC,2024,Prophet Inequalities with Cancellation Costs,Farbod Ekbatani; Rad Niazadeh; Pranav Nuti; Jan Vondrák,"Online algorithms, bandits and stochastic optimization",https://doi.org/10.1145/3618260.3649786,10.1145/3618260.3649786,https://acm-stoc.org/stoc2024/toc.html,https://acm-stoc.org/stoc2024/toc.html,LLM_reviewed_title,Title reviewed; candidate primary category retained.,"Online algorithms, bandits and stochastic optimization","Online algorithms, bandits and stochastic optimization"
STOC-2024-115,STOC,2024,Explicit Orthogonal Arrays and Universal Hashing with Arbitrary Parameters,Nicholas Harvey; Arvin Sahami,Data structures and compressed data,https://doi.org/10.1145/3618260.3649642,10.1145/3618260.3649642,https://acm-stoc.org/stoc2024/toc.html,https://acm-stoc.org/stoc2024/toc.html,LLM_reviewed_title,Title reviewed; candidate primary category retained.,General algorithm design,Data structures and compressed data
STOC-2024-116,STOC,2024,Tree Evaluation Is in Space 𝑂 (log 𝑛 · log log 𝑛),James Cook; Ian Mertz,Computational and circuit complexity,https://doi.org/10.1145/3618260.3649664,10.1145/3618260.3649664,https://acm-stoc.org/stoc2024/toc.html,https://acm-stoc.org/stoc2024/toc.html,LLM_reviewed_title,Primary subject selected in title review; overlapping techniques do not receive additional counts.,General algorithm design,General algorithm design
STOC-2024-117,STOC,2024,Locality Bounds for Sampling Hamming Slices,Daniel M. Kane; Anthony Ostuni; Kewen Wu,Pseudorandomness and derandomization,https://doi.org/10.1145/3618260.3649670,10.1145/3618260.3649670,https://acm-stoc.org/stoc2024/toc.html,https://acm-stoc.org/stoc2024/toc.html,LLM_reviewed_title,Primary subject selected in title review; overlapping techniques do not receive additional counts.,Distributed and local algorithms,Distributed and local algorithms
STOC-2024-118,STOC,2024,No Complete Problem for Constant-Cost Randomized Communication,Yuting Fang; Lianna Hambardzumyan; Nathaniel Harms; Pooya Hatami,Communication complexity,https://doi.org/10.1145/3618260.3649716,10.1145/3618260.3649716,https://acm-stoc.org/stoc2024/toc.html,https://acm-stoc.org/stoc2024/toc.html,LLM_reviewed_title,Primary subject selected in title review; overlapping techniques do not receive additional counts.,General algorithm design,General algorithm design
STOC-2024-119,STOC,2024,Explicit Separations between Randomized and Deterministic Number-on-Forehead Communication,Zander Kelley; Shachar Lovett; Raghu Meka,Communication complexity,https://doi.org/10.1145/3618260.3649721,10.1145/3618260.3649721,https://acm-stoc.org/stoc2024/toc.html,https://acm-stoc.org/stoc2024/toc.html,LLM_reviewed_title,Primary subject selected in title review; overlapping techniques do not receive additional counts.,General algorithm design,General algorithm design
STOC-2024-120,STOC,2024,An Area Law for the Maximally-Mixed Ground State in Arbitrarily Degenerate Systems with Good AGSP,Itai Arad; Raz Firanko; Rahul Jain,Quantum computation,https://doi.org/10.1145/3618260.3649612,10.1145/3618260.3649612,https://acm-stoc.org/stoc2024/toc.html,https://acm-stoc.org/stoc2024/toc.html,LLM_reviewed_title,Primary subject selected in title review; overlapping techniques do not receive additional counts.,General algorithm design,General algorithm design
STOC-2024-121,STOC,2024,Local Minima in Quantum Systems,Chi-Fang Chen; Hsin-Yuan Huang; John Preskill; Leo Zhou,Quantum computation,https://doi.org/10.1145/3618260.3649675,10.1145/3618260.3649675,https://acm-stoc.org/stoc2024/toc.html,https://acm-stoc.org/stoc2024/toc.html,LLM_reviewed_title,Title reviewed; candidate primary category retained.,Quantum computation,Quantum computation
STOC-2024-122,STOC,2024,An Optimal Tradeoff between Entanglement and Copy Complexity for State Tomography,Sitan Chen; Jerry Li; Allen Liu,Quantum computation,https://doi.org/10.1145/3618260.3649704,10.1145/3618260.3649704,https://acm-stoc.org/stoc2024/toc.html,https://acm-stoc.org/stoc2024/toc.html,LLM_reviewed_title,Title reviewed; candidate primary category retained.,Graph theory and graph algorithms,Quantum computation
STOC-2024-123,STOC,2024,Learning Shallow Quantum Circuits,Hsin-Yuan Huang; Yunchao Liu; Michael Broughton; Isaac Kim; Anurag Anshu; Zeph Landau; Jarrod R. McClean,Quantum computation,https://doi.org/10.1145/3618260.3649722,10.1145/3618260.3649722,https://acm-stoc.org/stoc2024/toc.html,https://acm-stoc.org/stoc2024/toc.html,LLM_reviewed_title,Title reviewed; candidate primary category retained.,Quantum computation,Quantum computation
STOC-2024-124,STOC,2024,Improved Stabilizer Estimation via Bell Difference Sampling,Sabee Grewal; Vishnu Iyer; William Kretschmer; Daniel Liang,Quantum computation,https://doi.org/10.1145/3618260.3649738,10.1145/3618260.3649738,https://acm-stoc.org/stoc2024/toc.html,https://acm-stoc.org/stoc2024/toc.html,LLM_reviewed_title,Title reviewed; candidate primary category retained.,Quantum computation,Quantum computation
STOC-2024-125,STOC,2024,Computing a Fixed Point of Contraction Maps in Polynomial Queries,Xi Chen; Yuhao Li; Mihalis Yannakakis,Computational and circuit complexity,https://doi.org/10.1145/3618260.3649623,10.1145/3618260.3649623,https://acm-stoc.org/stoc2024/toc.html,https://acm-stoc.org/stoc2024/toc.html,LLM_reviewed_title,Primary subject selected in title review; overlapping techniques do not receive additional counts.,General algorithm design,General algorithm design
STOC-2024-126,STOC,2024,Self-Improvement for Circuit-Analysis Problems,R. Ryan Williams,Computational and circuit complexity,https://doi.org/10.1145/3618260.3649723,10.1145/3618260.3649723,https://acm-stoc.org/stoc2024/toc.html,https://acm-stoc.org/stoc2024/toc.html,LLM_reviewed_title,Title reviewed; candidate primary category retained.,General algorithm design,Computational and circuit complexity
STOC-2024-127,STOC,2024,Formula Size-Depth Tradeoffs for Iterated Sub-permutation Matrix Multiplication,Benjamin Rossman,Algebraic and numerical computation,https://doi.org/10.1145/3618260.3649628,10.1145/3618260.3649628,https://acm-stoc.org/stoc2024/toc.html,https://acm-stoc.org/stoc2024/toc.html,LLM_reviewed_title,Title reviewed; candidate primary category retained.,Algebraic and numerical computation,Algebraic and numerical computation
STOC-2024-128,STOC,2024,"Functional Lower Bounds in Algebraic Proofs: Symmetry, Lifting, and Barriers",Tuomas Hakoniemi; Nutan Limaye; Iddo Tzameret,Proof complexity and logic,https://doi.org/10.1145/3618260.3649616,10.1145/3618260.3649616,https://acm-stoc.org/stoc2024/toc.html,https://acm-stoc.org/stoc2024/toc.html,LLM_reviewed_title,Title reviewed; candidate primary category retained.,General algorithm design,Proof complexity and logic
STOC-2024-129,STOC,2024,Black-Box PPP Is Not Turing-Closed,Noah Fleming; Stefan Grosser; Toniann Pitassi; Robert Robere,Computational and circuit complexity,https://doi.org/10.1145/3618260.3649769,10.1145/3618260.3649769,https://acm-stoc.org/stoc2024/toc.html,https://acm-stoc.org/stoc2024/toc.html,LLM_reviewed_title,Primary subject selected in title review; overlapping techniques do not receive additional counts.,General algorithm design,General algorithm design
STOC-2024-130,STOC,2024,Product Mixing in Compact Lie Groups,David Ellis; Guy Kindler; Noam Lifshitz; Dor Minzer,Combinatorics and graph polynomials,https://doi.org/10.1145/3618260.3649626,10.1145/3618260.3649626,https://acm-stoc.org/stoc2024/toc.html,https://acm-stoc.org/stoc2024/toc.html,LLM_reviewed_title,Primary subject selected in title review; overlapping techniques do not receive additional counts.,General algorithm design,Enumeration and counting
STOC-2024-131,STOC,2024,On Approximability of Satisfiable k-CSPs: IV,Amey Bhangale; Subhash Khot; Dor Minzer,Constraint satisfaction,https://doi.org/10.1145/3618260.3649610,10.1145/3618260.3649610,https://acm-stoc.org/stoc2024/toc.html,https://acm-stoc.org/stoc2024/toc.html,LLM_reviewed_title,Title reviewed; candidate primary category retained.,General algorithm design,Constraint satisfaction
STOC-2024-132,STOC,2024,Probabilistically Checkable Reconfiguration Proofs and Inapproximability of Reconfiguration Problems,Shuichi Hirahara; Naoto Ohsaka,Proof complexity and logic,https://doi.org/10.1145/3618260.3649667,10.1145/3618260.3649667,https://acm-stoc.org/stoc2024/toc.html,https://acm-stoc.org/stoc2024/toc.html,LLM_reviewed_title,Primary subject selected in title review; overlapping techniques do not receive additional counts.,Approximation algorithms,Approximation algorithms
STOC-2024-133,STOC,2024,Cosystolic Expansion of Sheaves on Posets with Applications to Good 2-Query Locally Testable Codes and Lifted Codes,Uriya A. First; Tali Kaufman,Coding and information theory,https://doi.org/10.1145/3618260.3649625,10.1145/3618260.3649625,https://acm-stoc.org/stoc2024/toc.html,https://acm-stoc.org/stoc2024/toc.html,LLM_reviewed_title,Title reviewed; candidate primary category retained.,General algorithm design,Coding and information theory
STOC-2024-134,STOC,2024,Randomly Punctured Reed–Solomon Codes Achieve List-Decoding Capacity over Linear-Sized Fields,Omar Alrabiah; Venkatesan Guruswami; Ray Li,Coding and information theory,https://doi.org/10.1145/3618260.3649634,10.1145/3618260.3649634,https://acm-stoc.org/stoc2024/toc.html,https://acm-stoc.org/stoc2024/toc.html,LLM_reviewed_title,Title reviewed; candidate primary category retained.,Coding and information theory,Coding and information theory
STOC-2024-135,STOC,2024,Learning Quantum Hamiltonians at Any Temperature in Polynomial Time,Ainesh Bakshi; Allen Liu; Ankur Moitra; Ewin Tang,Quantum computation,https://doi.org/10.1145/3618260.3649619,10.1145/3618260.3649619,https://acm-stoc.org/stoc2024/toc.html,https://acm-stoc.org/stoc2024/toc.html,LLM_reviewed_title,Title reviewed; candidate primary category retained.,Quantum computation,Quantum computation
STOC-2024-136,STOC,2024,An Efficient Quantum Parallel Repetition Theorem and Applications,John Bostanci; Luowen Qian; Nicholas Spooner; Henry Yuen,Quantum computation,https://doi.org/10.1145/3618260.3649603,10.1145/3618260.3649603,https://acm-stoc.org/stoc2024/toc.html,https://acm-stoc.org/stoc2024/toc.html,LLM_reviewed_title,Title reviewed; candidate primary category retained.,Quantum computation,Quantum computation
STOC-2024-137,STOC,2024,The Power of Adaptivity in Quantum Query Algorithms,Uma Girish; Makrand Sinha; Avishay Tal; Kewen Wu,Quantum computation,https://doi.org/10.1145/3618260.3649621,10.1145/3618260.3649621,https://acm-stoc.org/stoc2024/toc.html,https://acm-stoc.org/stoc2024/toc.html,LLM_reviewed_title,Title reviewed; candidate primary category retained.,Quantum computation,Quantum computation
STOC-2024-138,STOC,2024,On the Pauli Spectrum of QAC0,Shivam Nadimpalli; Natalie Parham; Francisca Vasconcelos; Henry Yuen,Quantum computation,https://doi.org/10.1145/3618260.3649662,10.1145/3618260.3649662,https://acm-stoc.org/stoc2024/toc.html,https://acm-stoc.org/stoc2024/toc.html,LLM_reviewed_title,Primary subject selected in title review; overlapping techniques do not receive additional counts.,General algorithm design,General algorithm design
STOC-2024-139,STOC,2024,Approaching the Quantum Singleton Bound with Approximate Error Correction,Thiago Bergamaschi; Louis Golowich; Sam Gunn,Quantum computation,https://doi.org/10.1145/3618260.3649680,10.1145/3618260.3649680,https://acm-stoc.org/stoc2024/toc.html,https://acm-stoc.org/stoc2024/toc.html,LLM_reviewed_title,Title reviewed; candidate primary category retained.,Quantum computation,Quantum computation
STOC-2024-140,STOC,2024,Counting Small Induced Subgraphs with Edge-Monotone Properties,Simon Döring; Dániel Marx; Philip Wellnitz,Enumeration and counting,https://doi.org/10.1145/3618260.3649644,10.1145/3618260.3649644,https://acm-stoc.org/stoc2024/toc.html,https://acm-stoc.org/stoc2024/toc.html,LLM_reviewed_title,Title reviewed; candidate primary category retained.,Enumeration and counting,Enumeration and counting
STOC-2024-141,STOC,2024,Near-Optimal Streaming Ellipsoidal Rounding for General Convex Polytopes,Yury Makarychev; Naren Sarayu Manoj; Max Ovsiankin,Streaming and sketching,https://doi.org/10.1145/3618260.3649692,10.1145/3618260.3649692,https://acm-stoc.org/stoc2024/toc.html,https://acm-stoc.org/stoc2024/toc.html,LLM_reviewed_title,Title reviewed; candidate primary category retained.,Computational geometry,Streaming and sketching
STOC-2024-142,STOC,2024,Almost-Linear Time Parameterized Algorithm for Rankwidth via Dynamic Rankwidth,Tuukka Korhonen; Marek Sokołowski,Parameterized and exact algorithms,https://doi.org/10.1145/3618260.3649732,10.1145/3618260.3649732,https://acm-stoc.org/stoc2024/toc.html,https://acm-stoc.org/stoc2024/toc.html,LLM_reviewed_title,Title reviewed; candidate primary category retained.,Parameterized and exact algorithms,Parameterized and exact algorithms
STOC-2024-143,STOC,2024,Flip-Breakability: A Combinatorial Dichotomy for Monadically Dependent Graph Classes,Jan Dreier; Nikolas Mählmann; Szymon Toruńczyk,Graph theory and graph algorithms,https://doi.org/10.1145/3618260.3649739,10.1145/3618260.3649739,https://acm-stoc.org/stoc2024/toc.html,https://acm-stoc.org/stoc2024/toc.html,LLM_reviewed_title,Primary subject selected in title review; overlapping techniques do not receive additional counts.,Combinatorics and graph polynomials,Combinatorics and graph polynomials
STOC-2024-144,STOC,2024,A Strongly Polynomial Algorithm for Linear Programs with At Most Two Nonzero Entries per Row or Column,Daniel Dadush; Zhuan Khye Koh; Bento Natura; Neil Olver; László A. Végh,Optimization and mathematical programming,https://doi.org/10.1145/3618260.3649764,10.1145/3618260.3649764,https://acm-stoc.org/stoc2024/toc.html,https://acm-stoc.org/stoc2024/toc.html,LLM_reviewed_title,Title reviewed; candidate primary category retained.,Optimization and mathematical programming,Optimization and mathematical programming
STOC-2024-145,STOC,2024,Shaving Logs via Large Sieve Inequality: Faster Algorithms for Sparse Convolution and More,Ce Jin; Yinzhan Xu,Algebraic and numerical computation,https://doi.org/10.1145/3618260.3649605,10.1145/3618260.3649605,https://acm-stoc.org/stoc2024/toc.html,https://acm-stoc.org/stoc2024/toc.html,LLM_reviewed_title,Primary subject selected in title review; overlapping techniques do not receive additional counts.,General algorithm design,General algorithm design
STOC-2024-146,STOC,2024,Relaxed Local Correctability from Local Testing,Vinayak M. Kumar; Geoffrey Mon,Coding and information theory,https://doi.org/10.1145/3618260.3649611,10.1145/3618260.3649611,https://acm-stoc.org/stoc2024/toc.html,https://acm-stoc.org/stoc2024/toc.html,LLM_reviewed_title,Primary subject selected in title review; overlapping techniques do not receive additional counts.,General algorithm design,Property testing and distribution learning
STOC-2024-147,STOC,2024,"On Optimal Coreset Construction for Euclidean (k,z)-Clustering",Lingxiao Huang; Jian Li; Xuan Wu,Computational geometry,https://doi.org/10.1145/3618260.3649707,10.1145/3618260.3649707,https://acm-stoc.org/stoc2024/toc.html,https://acm-stoc.org/stoc2024/toc.html,LLM_reviewed_title,Title reviewed; candidate primary category retained.,General algorithm design,Computational geometry
STOC-2024-148,STOC,2024,Understanding the Cluster Linear Program for Correlation Clustering,Nairen Cao; Vincent Cohen-Addad; Euiwoong Lee; Shi Li; Alantha Newman; Lukas Vogl,Approximation algorithms,https://doi.org/10.1145/3618260.3649749,10.1145/3618260.3649749,https://acm-stoc.org/stoc2024/toc.html,https://acm-stoc.org/stoc2024/toc.html,LLM_reviewed_title,Primary subject selected in title review; overlapping techniques do not receive additional counts.,Optimization and mathematical programming,Optimization and mathematical programming
STOC-2024-149,STOC,2024,Combinatorial Correlation Clustering,Vincent Cohen-Addad; David Rasmussen Lolck; Marcin Pilipczuk; Mikkel Thorup; Shuyi Yan; Hanwen Zhang,Approximation algorithms,https://doi.org/10.1145/3618260.3649712,10.1145/3618260.3649712,https://acm-stoc.org/stoc2024/toc.html,https://acm-stoc.org/stoc2024/toc.html,LLM_reviewed_title,Title reviewed; candidate primary category retained.,Combinatorics and graph polynomials,Approximation algorithms
STOC-2024-150,STOC,2024,Random-Order Contention Resolution via Continuous Induction: Tightness for Bipartite Matching under Vertex Arrivals,Calum MacRury; Will Ma,"Online algorithms, bandits and stochastic optimization",https://doi.org/10.1145/3618260.3649788,10.1145/3618260.3649788,https://acm-stoc.org/stoc2024/toc.html,https://acm-stoc.org/stoc2024/toc.html,LLM_reviewed_title,Primary subject selected in title review; overlapping techniques do not receive additional counts.,Graph theory and graph algorithms,Graph theory and graph algorithms
STOC-2024-151,STOC,2024,Prize-Collecting Steiner Tree: A 1.79 Approximation,Ali Ahmadi; Iman Gholami; MohammadTaghi Hajiaghayi; Peyman Jabbarzade; Mohammad Mahdavi,Approximation algorithms,https://doi.org/10.1145/3618260.3649789,10.1145/3618260.3649789,https://acm-stoc.org/stoc2024/toc.html,https://acm-stoc.org/stoc2024/toc.html,LLM_reviewed_title,Title reviewed; candidate primary category retained.,Approximation algorithms,Approximation algorithms
STOC-2024-152,STOC,2024,Reconfiguration of Basis Pairs in Regular Matroids,Kristóf Bérczi; Bence Mátravölgyi; Tamás Schwarcz,Optimization and mathematical programming,https://doi.org/10.1145/3618260.3649660,10.1145/3618260.3649660,https://acm-stoc.org/stoc2024/toc.html,https://acm-stoc.org/stoc2024/toc.html,LLM_reviewed_title,Title reviewed; candidate primary category retained.,Optimization and mathematical programming,Optimization and mathematical programming
STOC-2024-153,STOC,2024,Sparsifying Generalized Linear Models,Arun Jambulapati; James R. Lee; Yang P. Liu; Aaron Sidford,Learning theory,https://doi.org/10.1145/3618260.3649684,10.1145/3618260.3649684,https://acm-stoc.org/stoc2024/toc.html,https://acm-stoc.org/stoc2024/toc.html,LLM_reviewed_title,Primary subject selected in title review; overlapping techniques do not receive additional counts.,General algorithm design,General algorithm design
STOC-2024-154,STOC,2024,Sampling Balanced Forests of Grids in Polynomial Time,Sarah Cannon; Wesley Pegden; Jamie Tucker-Foltz,Enumeration and counting,https://doi.org/10.1145/3618260.3649699,10.1145/3618260.3649699,https://acm-stoc.org/stoc2024/toc.html,https://acm-stoc.org/stoc2024/toc.html,LLM_reviewed_title,Primary subject selected in title review; overlapping techniques do not receive additional counts.,General algorithm design,General algorithm design
STOC-2024-155,STOC,2024,Sampling Proper Colorings on Line Graphs Using (1+o(1))Δ Colors,Yulin Wang; Chihao Zhang; Zihan Zhang,Enumeration and counting,https://doi.org/10.1145/3618260.3649724,10.1145/3618260.3649724,https://acm-stoc.org/stoc2024/toc.html,https://acm-stoc.org/stoc2024/toc.html,LLM_reviewed_title,Title reviewed; candidate primary category retained.,Graph theory and graph algorithms,Enumeration and counting
STOC-2024-156,STOC,2024,Hypergraph Unreliability in Quasi-Polynomial Time,Ruoxu Cen; Jason Li; Debmalya Panigrahi,Enumeration and counting,https://doi.org/10.1145/3618260.3649753,10.1145/3618260.3649753,https://acm-stoc.org/stoc2024/toc.html,https://acm-stoc.org/stoc2024/toc.html,LLM_reviewed_title,Primary subject selected in title review; overlapping techniques do not receive additional counts.,Graph theory and graph algorithms,Combinatorics and graph polynomials
STOC-2024-157,STOC,2024,Memory Checking Requires Logarithmic Overhead,Elette Boyle; Ilan Komargodski; Neekon Vafa,Cryptography,https://doi.org/10.1145/3618260.3649686,10.1145/3618260.3649686,https://acm-stoc.org/stoc2024/toc.html,https://acm-stoc.org/stoc2024/toc.html,LLM_reviewed_title,Primary subject selected in title review; overlapping techniques do not receive additional counts.,General algorithm design,General algorithm design
STOC-2024-158,STOC,2024,Perfect Zero-Knowledge PCPs for #P,Tom Gur; Jack O'Connor; Nicholas Spooner,Cryptography,https://doi.org/10.1145/3618260.3649698,10.1145/3618260.3649698,https://acm-stoc.org/stoc2024/toc.html,https://acm-stoc.org/stoc2024/toc.html,LLM_reviewed_title,Title reviewed; candidate primary category retained.,Cryptography,Cryptography
STOC-2024-159,STOC,2024,One-Way Functions and Zero Knowledge,Shuichi Hirahara; Mikito Nanashima,Cryptography,https://doi.org/10.1145/3618260.3649701,10.1145/3618260.3649701,https://acm-stoc.org/stoc2024/toc.html,https://acm-stoc.org/stoc2024/toc.html,LLM_reviewed_title,Title reviewed; candidate primary category retained.,Cryptography,Cryptography
STOC-2024-160,STOC,2024,Tight Time-Space Tradeoffs for the Decisional Diffie-Hellman Problem,Akshima; Tyler Besselman; Siyao Guo; Zhiye Xie; Yuping Ye,Cryptography,https://doi.org/10.1145/3618260.3649752,10.1145/3618260.3649752,https://acm-stoc.org/stoc2024/toc.html,https://acm-stoc.org/stoc2024/toc.html,LLM_reviewed_title,Primary subject selected in title review; overlapping techniques do not receive additional counts.,General algorithm design,General algorithm design
STOC-2024-161,STOC,2024,SNARGs under LWE via Propositional Proofs,Zhengzhong Jin; Yael Kalai; Alex Lombardi; Vinod Vaikuntanathan,Cryptography,https://doi.org/10.1145/3618260.3649770,10.1145/3618260.3649770,https://acm-stoc.org/stoc2024/toc.html,https://acm-stoc.org/stoc2024/toc.html,LLM_reviewed_title,Title reviewed; candidate primary category retained.,General algorithm design,Cryptography
STOC-2024-162,STOC,2024,On the Communication Complexity of Approximate Pattern Matching,Tomasz Kociumaka; Jakob Nogler; Philip Wellnitz,Communication complexity,https://doi.org/10.1145/3618260.3649604,10.1145/3618260.3649604,https://acm-stoc.org/stoc2024/toc.html,https://acm-stoc.org/stoc2024/toc.html,LLM_reviewed_title,Title reviewed; candidate primary category retained.,Communication complexity,Communication complexity
STOC-2024-163,STOC,2024,"Local Borsuk-Ulam, Stability, and Replicability",Zachary Chase; Bogdan Chornomaz; Shay Moran; Amir Yehudayoff,Learning theory,https://doi.org/10.1145/3618260.3649632,10.1145/3618260.3649632,https://acm-stoc.org/stoc2024/toc.html,https://acm-stoc.org/stoc2024/toc.html,LLM_reviewed_title,Primary subject selected in title review; overlapping techniques do not receive additional counts.,General algorithm design,General algorithm design
STOC-2024-164,STOC,2024,A New Information Complexity Measure for Multi-pass Streaming with Applications,Mark Braverman; Sumegha Garg; Qian Li; Shuo Wang; David P. Woodruff; Jiapeng Zhang,Communication complexity,https://doi.org/10.1145/3618260.3649672,10.1145/3618260.3649672,https://acm-stoc.org/stoc2024/toc.html,https://acm-stoc.org/stoc2024/toc.html,LLM_reviewed_title,Title reviewed; candidate primary category retained.,Streaming and sketching,Communication complexity
STOC-2024-165,STOC,2024,New Graph and Hypergraph Container Lemmas with Applications in Property Testing,Eric Blais; Cameron Seth,Property testing and distribution learning,https://doi.org/10.1145/3618260.3649708,10.1145/3618260.3649708,https://acm-stoc.org/stoc2024/toc.html,https://acm-stoc.org/stoc2024/toc.html,LLM_reviewed_title,Title reviewed; candidate primary category retained.,Property testing and distribution learning,Property testing and distribution learning
STOC-2024-166,STOC,2024,Exponential Quantum Space Advantage for Approximating Maximum Directed Cut in the Streaming Model,John Kallaugher; Ojas Parekh; Nadezhda Voronova,Quantum computation,https://doi.org/10.1145/3618260.3649709,10.1145/3618260.3649709,https://acm-stoc.org/stoc2024/toc.html,https://acm-stoc.org/stoc2024/toc.html,LLM_reviewed_title,Title reviewed; candidate primary category retained.,Quantum computation,Quantum computation
STOC-2024-167,STOC,2024,Proof of the Density Threshold Conjecture for Pinwheel Scheduling,Akitoshi Kawamura,Scheduling and packing,https://doi.org/10.1145/3618260.3649757,10.1145/3618260.3649757,https://acm-stoc.org/stoc2024/toc.html,https://acm-stoc.org/stoc2024/toc.html,LLM_reviewed_title,Title reviewed; candidate primary category retained.,Scheduling and packing,Scheduling and packing
STOC-2024-168,STOC,2024,Constrained Submodular Maximization via New Bounds for DR-Submodular Functions,Niv Buchbinder; Moran Feldman,Optimization and mathematical programming,https://doi.org/10.1145/3618260.3649630,10.1145/3618260.3649630,https://acm-stoc.org/stoc2024/toc.html,https://acm-stoc.org/stoc2024/toc.html,LLM_reviewed_title,Title reviewed; candidate primary category retained.,Optimization and mathematical programming,Optimization and mathematical programming
STOC-2024-169,STOC,2024,Optimal Online Discrepancy Minimization,Janardhan Kulkarni; Victor Reis; Thomas Rothvoss,"Online algorithms, bandits and stochastic optimization",https://doi.org/10.1145/3618260.3649720,10.1145/3618260.3649720,https://acm-stoc.org/stoc2024/toc.html,https://acm-stoc.org/stoc2024/toc.html,LLM_reviewed_title,Title reviewed; candidate primary category retained.,Combinatorics and graph polynomials,"Online algorithms, bandits and stochastic optimization"
STOC-2024-170,STOC,2024,Supermodular Approximation of Norms and Applications,Thomas Kesselheim; Marco Molinaro; Sahil Singla,Optimization and mathematical programming,https://doi.org/10.1145/3618260.3649734,10.1145/3618260.3649734,https://acm-stoc.org/stoc2024/toc.html,https://acm-stoc.org/stoc2024/toc.html,LLM_reviewed_title,Primary subject selected in title review; overlapping techniques do not receive additional counts.,Approximation algorithms,Approximation algorithms
STOC-2024-171,STOC,2024,Ghost Value Augmentation for k-Edge-Connectivity,D. Ellis Hershkowitz; Nathan Klein; Rico Zenklusen,Graph theory and graph algorithms,https://doi.org/10.1145/3618260.3649715,10.1145/3618260.3649715,https://acm-stoc.org/stoc2024/toc.html,https://acm-stoc.org/stoc2024/toc.html,LLM_reviewed_title,Title reviewed; candidate primary category retained.,Graph theory and graph algorithms,Graph theory and graph algorithms
STOC-2024-172,STOC,2024,Breaking the VLB Barrier for Oblivious Reconfigurable Networks,Tegan Wilson; Daniel Amir; Nitika Saran; Robert Kleinberg; Vishal Shrivastav; Hakim Weatherspoon,Graph theory and graph algorithms,https://doi.org/10.1145/3618260.3649608,10.1145/3618260.3649608,https://acm-stoc.org/stoc2024/toc.html,https://acm-stoc.org/stoc2024/toc.html,LLM_reviewed_title,Title reviewed; candidate primary category retained.,General algorithm design,Graph theory and graph algorithms
STOC-2024-173,STOC,2024,Lenzen’s Distributed Routing Generalized: A Full Characterization of Constant-Time Routability,Mohsen Ghaffari; Brandon Wang,Distributed and local algorithms,https://doi.org/10.1145/3618260.3649627,10.1145/3618260.3649627,https://acm-stoc.org/stoc2024/toc.html,https://acm-stoc.org/stoc2024/toc.html,LLM_reviewed_title,Title reviewed; candidate primary category retained.,Distributed and local algorithms,Distributed and local algorithms
STOC-2024-174,STOC,2024,Work-Efficient Parallel Derandomization II: Optimal Concentrations via Bootstrapping,Mohsen Ghaffari; Christoph Grunau,Pseudorandomness and derandomization,https://doi.org/10.1145/3618260.3649668,10.1145/3618260.3649668,https://acm-stoc.org/stoc2024/toc.html,https://acm-stoc.org/stoc2024/toc.html,LLM_reviewed_title,Title reviewed; candidate primary category retained.,Pseudorandomness and derandomization,Pseudorandomness and derandomization
STOC-2024-175,STOC,2024,No Distributed Quantum Advantage for Approximate Graph Coloring,Xavier Coiteux-Roy; Francesco d'Amore; Rishikesh Gajjala; Fabian Kuhn; François Le Gall; Henrik Lievonen; Augusto Modanese; Marc-Olivier Renou; Gustav Schmid; Jukka Suomela,Quantum computation,https://doi.org/10.1145/3618260.3649679,10.1145/3618260.3649679,https://acm-stoc.org/stoc2024/toc.html,https://acm-stoc.org/stoc2024/toc.html,LLM_reviewed_title,Title reviewed; candidate primary category retained.,Quantum computation,Quantum computation
STOC-2024-176,STOC,2024,Optimal Communication Bounds for Classic Functions in the Coordinator Model and Beyond,Hossein Esfandiari; Praneeth Kacham; Vahab Mirrokni; David P. Woodruff; Peilin Zhong,Communication complexity,https://doi.org/10.1145/3618260.3649742,10.1145/3618260.3649742,https://acm-stoc.org/stoc2024/toc.html,https://acm-stoc.org/stoc2024/toc.html,LLM_reviewed_title,Primary subject selected in title review; overlapping techniques do not receive additional counts.,General algorithm design,General algorithm design
STOC-2024-177,STOC,2024,Sum-of-Squares Lower Bounds for Independent Set on Ultra-Sparse Random Graphs,Pravesh K. Kothari; Aaron Potechin; Jeff Xu,Proof complexity and logic,https://doi.org/10.1145/3618260.3649703,10.1145/3618260.3649703,https://acm-stoc.org/stoc2024/toc.html,https://acm-stoc.org/stoc2024/toc.html,LLM_reviewed_title,Title reviewed; candidate primary category retained.,Graph theory and graph algorithms,Proof complexity and logic
STOC-2024-178,STOC,2024,Semidefinite Programming and Linear Equations vs. Homomorphism Problems,Lorenzo Ciardo; Stanislav Živný,Constraint satisfaction,https://doi.org/10.1145/3618260.3649635,10.1145/3618260.3649635,https://acm-stoc.org/stoc2024/toc.html,https://acm-stoc.org/stoc2024/toc.html,LLM_reviewed_title,Primary subject selected in title review; overlapping techniques do not receive additional counts.,Optimization and mathematical programming,Optimization and mathematical programming
STOC-2024-179,STOC,2024,How Random CSPs Fool Hierarchies,Siu On Chan; Hiu Tsun Ng; Sijin Peng,Constraint satisfaction,https://doi.org/10.1145/3618260.3649613,10.1145/3618260.3649613,https://acm-stoc.org/stoc2024/toc.html,https://acm-stoc.org/stoc2024/toc.html,LLM_reviewed_title,Title reviewed; candidate primary category retained.,General algorithm design,Constraint satisfaction
STOC-2024-180,STOC,2024,Swap Cosystolic Expansion,Yotam Dikstein; Irit Dinur,Combinatorics and graph polynomials,https://doi.org/10.1145/3618260.3649780,10.1145/3618260.3649780,https://acm-stoc.org/stoc2024/toc.html,https://acm-stoc.org/stoc2024/toc.html,LLM_reviewed_title,Primary subject selected in title review; overlapping techniques do not receive additional counts.,General algorithm design,General algorithm design
STOC-2024-181,STOC,2024,Agreement Theorems for High Dimensional Expanders in the Low Acceptance Regime: The Role of Covers,Yotam Dikstein; Irit Dinur,Proof complexity and logic,https://doi.org/10.1145/3618260.3649685,10.1145/3618260.3649685,https://acm-stoc.org/stoc2024/toc.html,https://acm-stoc.org/stoc2024/toc.html,LLM_reviewed_title,Primary subject selected in title review; overlapping techniques do not receive additional counts.,Combinatorics and graph polynomials,Combinatorics and graph polynomials
STOC-2024-182,STOC,2024,Characterizing Direct Product Testing via Coboundary Expansion,Mitali Bafna; Dor Minzer,Proof complexity and logic,https://doi.org/10.1145/3618260.3649714,10.1145/3618260.3649714,https://acm-stoc.org/stoc2024/toc.html,https://acm-stoc.org/stoc2024/toc.html,LLM_reviewed_title,Primary subject selected in title review; overlapping techniques do not receive additional counts.,General algorithm design,Property testing and distribution learning
STOC-2024-183,STOC,2024,Symmetric Exponential Time Requires Near-Maximum Circuit Size,Lijie Chen; Shuichi Hirahara; Hanlin Ren,Computational and circuit complexity,https://doi.org/10.1145/3618260.3649624,10.1145/3618260.3649624,https://acm-stoc.org/stoc2024/toc.html,https://acm-stoc.org/stoc2024/toc.html,LLM_reviewed_title,Title reviewed; candidate primary category retained.,General algorithm design,Computational and circuit complexity
STOC-2024-184,STOC,2024,"Symmetric Exponential Time Requires Near-Maximum Circuit Size: Simplified, Truly Uniform",Zeyong Li,Computational and circuit complexity,https://doi.org/10.1145/3618260.3649615,10.1145/3618260.3649615,https://acm-stoc.org/stoc2024/toc.html,https://acm-stoc.org/stoc2024/toc.html,LLM_reviewed_title,Title reviewed; candidate primary category retained.,General algorithm design,Computational and circuit complexity
STOC-2024-185,STOC,2024,Random (log 𝑛)-CNF Are Hard for Cutting Planes (Again),Dmitry Sokolov,Proof complexity and logic,https://doi.org/10.1145/3618260.3649636,10.1145/3618260.3649636,https://acm-stoc.org/stoc2024/toc.html,https://acm-stoc.org/stoc2024/toc.html,LLM_reviewed_title,Primary subject selected in title review; overlapping techniques do not receive additional counts.,Graph theory and graph algorithms,Computational and circuit complexity
STOC-2024-186,STOC,2024,Hardness Condensation by Restriction,Mika Göös; Ilan Newman; Artur Riazanov; Dmitry Sokolov,Proof complexity and logic,https://doi.org/10.1145/3618260.3649711,10.1145/3618260.3649711,https://acm-stoc.org/stoc2024/toc.html,https://acm-stoc.org/stoc2024/toc.html,LLM_reviewed_title,Primary subject selected in title review; overlapping techniques do not receive additional counts.,General algorithm design,General algorithm design
STOC-2024-187,STOC,2024,Explicit Codes for Poly-Size Circuits and Functions That Are Hard to Sample on Low Entropy Distributions,Ronen Shaltiel; Jad Silbak,Coding and information theory,https://doi.org/10.1145/3618260.3649735,10.1145/3618260.3649735,https://acm-stoc.org/stoc2024/toc.html,https://acm-stoc.org/stoc2024/toc.html,LLM_reviewed_title,Title reviewed; candidate primary category retained.,General algorithm design,Coding and information theory
STOC-2024-188,STOC,2024,Opening Up the Distinguisher: A Hardness to Randomness Approach for BPL=L That Uses Properties of BPL,Dean Doron; Edward Pyne; Roei Tell,Pseudorandomness and derandomization,https://doi.org/10.1145/3618260.3649772,10.1145/3618260.3649772,https://acm-stoc.org/stoc2024/toc.html,https://acm-stoc.org/stoc2024/toc.html,LLM_reviewed_title,Primary subject selected in title review; overlapping techniques do not receive additional counts.,General algorithm design,General algorithm design
STOC-2025-001,STOC,2025,Explicit Folded Reed-Solomon and Multiplicity Codes Achieve Relaxed Generalized Singleton Bounds,Yeyuan Chen; Zihan Zhang,Coding and information theory,https://doi.org/10.1145/3717823.3718114,10.1145/3717823.3718114,https://acm-stoc.org/stoc2025/toc.html,https://acm-stoc.org/stoc2025/toc.html,LLM_reviewed_title,Title reviewed; candidate primary category retained.,Coding and information theory,Coding and information theory
STOC-2025-002,STOC,2025,Simulating Time with Square-Root Space,R. Ryan Williams,Computational and circuit complexity,https://doi.org/10.1145/3717823.3718225,10.1145/3717823.3718225,https://acm-stoc.org/stoc2025/toc.html,https://acm-stoc.org/stoc2025/toc.html,LLM_reviewed_title,Primary subject selected in title review; overlapping techniques do not receive additional counts.,General algorithm design,General algorithm design
STOC-2025-003,STOC,2025,Vizing’s Theorem in Near-Linear Time,Sepehr Assadi; Soheil Behnezhad; Sayan Bhattacharya; Martín Costa; Shay Solomon; Tianyi Zhang,Graph theory and graph algorithms,https://doi.org/10.1145/3717823.3718265,10.1145/3717823.3718265,https://acm-stoc.org/stoc2025/toc.html,https://acm-stoc.org/stoc2025/toc.html,LLM_reviewed_title,Primary subject selected in title review; overlapping techniques do not receive additional counts.,General algorithm design,General algorithm design
STOC-2025-004,STOC,2025,Breaking the Sorting Barrier for Directed Single-Source Shortest Paths,Ran Duan; Jiayi Mao; Xiao Mao; Xinkai Shu; Longhui Yin,Graph theory and graph algorithms,https://doi.org/10.1145/3717823.3718179,10.1145/3717823.3718179,https://acm-stoc.org/stoc2025/toc.html,https://acm-stoc.org/stoc2025/toc.html,LLM_reviewed_title,Title reviewed; candidate primary category retained.,Graph theory and graph algorithms,Graph theory and graph algorithms
STOC-2025-005,STOC,2025,Quasi-Linear Size PCPs with Small Soundness from HDX,Mitali Bafna; Dor Minzer; Nikhil Vyas; Zhiwei Yun,Proof complexity and logic,https://doi.org/10.1145/3717823.3718197,10.1145/3717823.3718197,https://acm-stoc.org/stoc2025/toc.html,https://acm-stoc.org/stoc2025/toc.html,LLM_reviewed_title,Title reviewed; candidate primary category retained.,General algorithm design,Proof complexity and logic
STOC-2025-006,STOC,2025,Asymptotically Optimal Hardness for 𝑘-Set Packing and 𝑘-Matroid Intersection,Euiwoong Lee; Ola Svensson; Theophile Thiery,Approximation algorithms,https://doi.org/10.1145/3717823.3718142,10.1145/3717823.3718142,https://acm-stoc.org/stoc2025/toc.html,https://acm-stoc.org/stoc2025/toc.html,LLM_reviewed_title,Primary subject selected in title review; overlapping techniques do not receive additional counts.,Optimization and mathematical programming,Optimization and mathematical programming
STOC-2025-007,STOC,2025,On Approximability of Satisfiable 𝑘-CSPs: V,Amey Bhangale; Subhash Khot; Dor Minzer,Constraint satisfaction,https://doi.org/10.1145/3717823.3718127,10.1145/3717823.3718127,https://acm-stoc.org/stoc2025/toc.html,https://acm-stoc.org/stoc2025/toc.html,LLM_reviewed_title,Title reviewed; candidate primary category retained.,General algorithm design,Constraint satisfaction
STOC-2025-008,STOC,2025,Hardness of 4-Colouring 𝐺-Colourable Graphs,Sergey Avvakumov; Marek Filakovský; Jakub Opršal; Gianluca Tasinato; Uli Wagner,Constraint satisfaction,https://doi.org/10.1145/3717823.3718154,10.1145/3717823.3718154,https://acm-stoc.org/stoc2025/toc.html,https://acm-stoc.org/stoc2025/toc.html,LLM_reviewed_title,Primary subject selected in title review; overlapping techniques do not receive additional counts.,Graph theory and graph algorithms,Graph theory and graph algorithms
STOC-2025-009,STOC,2025,Sum-of-Squares Lower Bounds for Coloring Random Graphs,Aaron Potechin; Jeff Xu,Proof complexity and logic,https://doi.org/10.1145/3717823.3718151,10.1145/3717823.3718151,https://acm-stoc.org/stoc2025/toc.html,https://acm-stoc.org/stoc2025/toc.html,LLM_reviewed_title,Title reviewed; candidate primary category retained.,Graph theory and graph algorithms,Proof complexity and logic
STOC-2025-010,STOC,2025,Hypercontractivity on HDX II: Symmetrization and 𝑞-Norms,Max Hopkins,Combinatorics and graph polynomials,https://doi.org/10.1145/3717823.3718187,10.1145/3717823.3718187,https://acm-stoc.org/stoc2025/toc.html,https://acm-stoc.org/stoc2025/toc.html,LLM_reviewed_title,Title reviewed; candidate primary category retained.,General algorithm design,Combinatorics and graph polynomials
STOC-2025-011,STOC,2025,Parallel Repetition for 3-Player 𝘟𝘖𝘙 Games,Amey Bhangale; Mark Braverman; Subhash Khot; Yang Liu; Dor Minzer,Proof complexity and logic,https://doi.org/10.1145/3717823.3718190,10.1145/3717823.3718190,https://acm-stoc.org/stoc2025/toc.html,https://acm-stoc.org/stoc2025/toc.html,LLM_reviewed_title,Primary subject selected in title review; overlapping techniques do not receive additional counts.,General algorithm design,General algorithm design
STOC-2025-012,STOC,2025,"Linear-Time Algorithms for k-Edge-Connected Components, k-Lean Tree Decompositions, and More",Tuukka Korhonen,Graph theory and graph algorithms,https://doi.org/10.1145/3717823.3718123,10.1145/3717823.3718123,https://acm-stoc.org/stoc2025/toc.html,https://acm-stoc.org/stoc2025/toc.html,LLM_reviewed_title,Primary subject selected in title review; overlapping techniques do not receive additional counts.,General algorithm design,General algorithm design
STOC-2025-013,STOC,2025,Network Unreliability in Almost-Linear Time,Ruoxu Cen; Jason Li; Debmalya Panigrahi,Enumeration and counting,https://doi.org/10.1145/3717823.3718140,10.1145/3717823.3718140,https://acm-stoc.org/stoc2025/toc.html,https://acm-stoc.org/stoc2025/toc.html,LLM_reviewed_title,Primary subject selected in title review; overlapping techniques do not receive additional counts.,General algorithm design,Graph theory and graph algorithms
STOC-2025-014,STOC,2025,Deterministic Dynamic Maximal Matching in Sublinear Update Time,Aaron Bernstein; Sayan Bhattacharya; Peter Kiss; Thatchaphol Saranurak,Dynamic graph algorithms,https://doi.org/10.1145/3717823.3718153,10.1145/3717823.3718153,https://acm-stoc.org/stoc2025/toc.html,https://acm-stoc.org/stoc2025/toc.html,LLM_reviewed_title,Title reviewed; candidate primary category retained.,Dynamic graph algorithms,Dynamic graph algorithms
STOC-2025-015,STOC,2025,Breaking the 𝑂(𝑚𝑛)-Time Barrier for Vertex-Weighted Global Minimum Cut,Julia Chuzhoy; Ohad Trabelsi,Graph theory and graph algorithms,https://doi.org/10.1145/3717823.3718185,10.1145/3717823.3718185,https://acm-stoc.org/stoc2025/toc.html,https://acm-stoc.org/stoc2025/toc.html,LLM_reviewed_title,Title reviewed; candidate primary category retained.,Graph theory and graph algorithms,Graph theory and graph algorithms
STOC-2025-016,STOC,2025,Fully Dynamic Biconnectivity in Õ(log² n) Time,Jacob Holm; Wojciech Nadara; Eva Rotenberg; Marek Sokołowski,Dynamic graph algorithms,https://doi.org/10.1145/3717823.3718270,10.1145/3717823.3718270,https://acm-stoc.org/stoc2025/toc.html,https://acm-stoc.org/stoc2025/toc.html,LLM_reviewed_title,Title reviewed; candidate primary category retained.,Dynamic graph algorithms,Dynamic graph algorithms
STOC-2025-017,STOC,2025,Approximating the Held–Karp Bound for Metric TSP in Nearly Linear Work and Polylogarithmic Depth,Zhuan Khye Koh; Omri Weinstein; Sorrachai Yingchareonthawornchai,Approximation algorithms,https://doi.org/10.1145/3717823.3718288,10.1145/3717823.3718288,https://acm-stoc.org/stoc2025/toc.html,https://acm-stoc.org/stoc2025/toc.html,LLM_reviewed_title,Title reviewed; candidate primary category retained.,Approximation algorithms,Approximation algorithms
STOC-2025-018,STOC,2025,"Founding Quantum Cryptography on Quantum Advantage, or, Towards Cryptography from #P Hardness",Dakshita Khurana; Kabir Tomer,Cryptography,https://doi.org/10.1145/3717823.3718145,10.1145/3717823.3718145,https://acm-stoc.org/stoc2025/toc.html,https://acm-stoc.org/stoc2025/toc.html,LLM_reviewed_title,Title reviewed; candidate primary category retained.,Quantum computation,Cryptography
STOC-2025-019,STOC,2025,Quantum-Computable One-Way Functions without One-Way Functions,William Kretschmer; Luowen Qian; Avishay Tal,Cryptography,https://doi.org/10.1145/3717823.3718144,10.1145/3717823.3718144,https://acm-stoc.org/stoc2025/toc.html,https://acm-stoc.org/stoc2025/toc.html,LLM_reviewed_title,Title reviewed; candidate primary category retained.,Quantum computation,Cryptography
STOC-2025-020,STOC,2025,"A General Quantum Duality for Representations of Groups with Applications to Quantum Money, Lightning, and Fire",John Bostanci; Barak Nehoran; Mark Zhandry,Cryptography,https://doi.org/10.1145/3717823.3718195,10.1145/3717823.3718195,https://acm-stoc.org/stoc2025/toc.html,https://acm-stoc.org/stoc2025/toc.html,LLM_reviewed_title,Primary subject selected in title review; overlapping techniques do not receive additional counts.,Quantum computation,Quantum computation
STOC-2025-021,STOC,2025,"Quantum One-Time Programs, Revisited",Aparna Gupte; Jiahui Liu; Justin Raizes; Bhaskar Roberts; Vinod Vaikuntanathan,Cryptography,https://doi.org/10.1145/3717823.3718204,10.1145/3717823.3718204,https://acm-stoc.org/stoc2025/toc.html,https://acm-stoc.org/stoc2025/toc.html,LLM_reviewed_title,Title reviewed; candidate primary category retained.,Quantum computation,Cryptography
STOC-2025-022,STOC,2025,A Bound on the Quantum Value of All Compiled Nonlocal Games,Alexander Kulpe; Giulio Malavolta; Connor Paddock; Simon Schmidt; Michael Walter,Quantum computation,https://doi.org/10.1145/3717823.3718237,10.1145/3717823.3718237,https://acm-stoc.org/stoc2025/toc.html,https://acm-stoc.org/stoc2025/toc.html,LLM_reviewed_title,Title reviewed; candidate primary category retained.,Quantum computation,Quantum computation
STOC-2025-023,STOC,2025,Classical Commitments to Quantum States,Sam Gunn; Yael Tauman Kalai; Anand Natarajan; Ági Villányi,Cryptography,https://doi.org/10.1145/3717823.3718264,10.1145/3717823.3718264,https://acm-stoc.org/stoc2025/toc.html,https://acm-stoc.org/stoc2025/toc.html,LLM_reviewed_title,Title reviewed; candidate primary category retained.,Quantum computation,Cryptography
STOC-2025-024,STOC,2025,Linear Hashing Is Optimal,Michael Jaber; Vinayak M. Kumar; David Zuckerman,Data structures and compressed data,https://doi.org/10.1145/3717823.3718208,10.1145/3717823.3718208,https://acm-stoc.org/stoc2025/toc.html,https://acm-stoc.org/stoc2025/toc.html,LLM_reviewed_title,Title reviewed; candidate primary category retained.,General algorithm design,Data structures and compressed data
STOC-2025-025,STOC,2025,A Framework for Building Data Structures from Communication Protocols,Alexandr Andoni; Shunhua Jiang; Omri Weinstein,Data structures and compressed data,https://doi.org/10.1145/3717823.3718300,10.1145/3717823.3718300,https://acm-stoc.org/stoc2025/toc.html,https://acm-stoc.org/stoc2025/toc.html,LLM_reviewed_title,Primary subject selected in title review; overlapping techniques do not receive additional counts.,Data structures and compressed data,Communication complexity
STOC-2025-026,STOC,2025,Optimal Non-oblivious Open Addressing,Michael A. Bender; William Kuszmaul; Renfei Zhou,Data structures and compressed data,https://doi.org/10.1145/3717823.3718215,10.1145/3717823.3718215,https://acm-stoc.org/stoc2025/toc.html,https://acm-stoc.org/stoc2025/toc.html,LLM_reviewed_title,Primary subject selected in title review; overlapping techniques do not receive additional counts.,General algorithm design,General algorithm design
STOC-2025-027,STOC,2025,Optimal Static Dictionary with Worst-Case Constant Query Time,Yang Hu; Jingxun Liang; Huacheng Yu; Junkai Zhang; Renfei Zhou,Data structures and compressed data,https://doi.org/10.1145/3717823.3718278,10.1145/3717823.3718278,https://acm-stoc.org/stoc2025/toc.html,https://acm-stoc.org/stoc2025/toc.html,LLM_reviewed_title,Primary subject selected in title review; overlapping techniques do not receive additional counts.,General algorithm design,General algorithm design
STOC-2025-028,STOC,2025,On the Hardness Hierarchy for the 𝑂(𝑛 √log 𝑛) Complexity in the Word RAM,Dominik Kempa; Tomasz Kociumaka,Fine-grained complexity,https://doi.org/10.1145/3717823.3718291,10.1145/3717823.3718291,https://acm-stoc.org/stoc2025/toc.html,https://acm-stoc.org/stoc2025/toc.html,LLM_reviewed_abstract,Reductions establish a common fine-grained hardness hierarchy across word-RAM problems.,General algorithm design,General algorithm design
STOC-2025-029,STOC,2025,The Hypergraph Removal Process,Felix Joos; Marcus Kühn,Combinatorics and graph polynomials,https://doi.org/10.1145/3717823.3718110,10.1145/3717823.3718110,https://acm-stoc.org/stoc2025/toc.html,https://acm-stoc.org/stoc2025/toc.html,LLM_reviewed_title,Title reviewed; candidate primary category retained.,Graph theory and graph algorithms,Combinatorics and graph polynomials
STOC-2025-030,STOC,2025,"Sandwiching Random Geometric Graphs and Erdos-Renyi with Applications: Sharp Thresholds, Robust Testing, and Enumeration",Kiril Bangachev; Guy Bresler,Average-case complexity,https://doi.org/10.1145/3717823.3718125,10.1145/3717823.3718125,https://acm-stoc.org/stoc2025/toc.html,https://acm-stoc.org/stoc2025/toc.html,LLM_reviewed_title,Primary subject selected in title review; overlapping techniques do not receive additional counts.,Computational geometry,Property testing and distribution learning
STOC-2025-031,STOC,2025,A Sharp Version of Talagrand’s Selector Process Conjecture and an Application to Rounding Fractional Covers,Huy Tuan Pham,Combinatorics and graph polynomials,https://doi.org/10.1145/3717823.3718256,10.1145/3717823.3718256,https://acm-stoc.org/stoc2025/toc.html,https://acm-stoc.org/stoc2025/toc.html,LLM_reviewed_title,Primary subject selected in title review; overlapping techniques do not receive additional counts.,General algorithm design,General algorithm design
STOC-2025-032,STOC,2025,Disjoint Connected Dominating Sets in Pseudorandom Graphs,Nemanja Draganić; Michael Krivelevich,Graph theory and graph algorithms,https://doi.org/10.1145/3717823.3718184,10.1145/3717823.3718184,https://acm-stoc.org/stoc2025/toc.html,https://acm-stoc.org/stoc2025/toc.html,LLM_reviewed_title,Primary subject selected in title review; overlapping techniques do not receive additional counts.,Pseudorandomness and derandomization,Pseudorandomness and derandomization
STOC-2025-033,STOC,2025,Minimum Degree Edge-Disjoint Hamilton Cycles in Random Directed Graphs,Asaf Ferber; Adva Mond,Graph theory and graph algorithms,https://doi.org/10.1145/3717823.3718261,10.1145/3717823.3718261,https://acm-stoc.org/stoc2025/toc.html,https://acm-stoc.org/stoc2025/toc.html,LLM_reviewed_title,Title reviewed; candidate primary category retained.,Graph theory and graph algorithms,Graph theory and graph algorithms
STOC-2025-034,STOC,2025,Bypassing the Noisy Parity Barrier: Learning Higher-Order Markov Random Fields from Dynamics,Jason Gaitonde; Ankur Moitra; Elchanan Mossel,Learning theory,https://doi.org/10.1145/3717823.3718231,10.1145/3717823.3718231,https://acm-stoc.org/stoc2025/toc.html,https://acm-stoc.org/stoc2025/toc.html,LLM_reviewed_title,Title reviewed; candidate primary category retained.,Learning theory,Learning theory
STOC-2025-035,STOC,2025,Optimality of Frequency Moment Estimation,Mark Braverman; Or Zamir,Streaming and sketching,https://doi.org/10.1145/3717823.3718171,10.1145/3717823.3718171,https://acm-stoc.org/stoc2025/toc.html,https://acm-stoc.org/stoc2025/toc.html,LLM_reviewed_title,Primary subject selected in title review; overlapping techniques do not receive additional counts.,General algorithm design,General algorithm design
STOC-2025-036,STOC,2025,Simple and Optimal Algorithms for Heavy Hitters and Frequency Moments in Distributed Models,Zengfeng Huang; Zhongzheng Xiong; Xiaoyi Zhu; Zhewei Wei,Distributed and local algorithms,https://doi.org/10.1145/3717823.3718199,10.1145/3717823.3718199,https://acm-stoc.org/stoc2025/toc.html,https://acm-stoc.org/stoc2025/toc.html,LLM_reviewed_title,Title reviewed; candidate primary category retained.,Distributed and local algorithms,Distributed and local algorithms
STOC-2025-037,STOC,2025,Harmonic Decomposition in Data Sketches,Dingyu Wang,Streaming and sketching,https://doi.org/10.1145/3717823.3718321,10.1145/3717823.3718321,https://acm-stoc.org/stoc2025/toc.html,https://acm-stoc.org/stoc2025/toc.html,LLM_reviewed_title,Title reviewed; candidate primary category retained.,Streaming and sketching,Streaming and sketching
STOC-2025-038,STOC,2025,Lifting Linear Sketches: Optimal Bounds and Adversarial Robustness,Elena Gribelyuk; Honghao Lin; David P. Woodruff; Huacheng Yu; Samson Zhou,Streaming and sketching,https://doi.org/10.1145/3717823.3718227,10.1145/3717823.3718227,https://acm-stoc.org/stoc2025/toc.html,https://acm-stoc.org/stoc2025/toc.html,LLM_reviewed_title,Title reviewed; candidate primary category retained.,Streaming and sketching,Streaming and sketching
STOC-2025-039,STOC,2025,Efficient Algorithms and New Characterizations for CSP Sparsification,Sanjeev Khanna; Aaron Putterman; Madhu Sudan,Constraint satisfaction,https://doi.org/10.1145/3717823.3718205,10.1145/3717823.3718205,https://acm-stoc.org/stoc2025/toc.html,https://acm-stoc.org/stoc2025/toc.html,LLM_reviewed_title,Title reviewed; candidate primary category retained.,Constraint satisfaction,Constraint satisfaction
STOC-2025-040,STOC,2025,Correlation Clustering and (De)Sparsification: Graph Sketches Can Match Classical Algorithms,Sepehr Assadi; Sanjeev Khanna; Aaron Putterman,Streaming and sketching,https://doi.org/10.1145/3717823.3718194,10.1145/3717823.3718194,https://acm-stoc.org/stoc2025/toc.html,https://acm-stoc.org/stoc2025/toc.html,LLM_reviewed_title,Title reviewed; candidate primary category retained.,Streaming and sketching,Streaming and sketching
STOC-2025-041,STOC,2025,Stabilizer Bootstrapping: A Recipe for Efficient Agnostic Tomography and Magic Estimation,Sitan Chen; Weiyuan Gong; Qi Ye; Zhihan Zhang,Quantum computation,https://doi.org/10.1145/3717823.3718191,10.1145/3717823.3718191,https://acm-stoc.org/stoc2025/toc.html,https://acm-stoc.org/stoc2025/toc.html,LLM_reviewed_title,Title reviewed; candidate primary category retained.,Quantum computation,Quantum computation
STOC-2025-042,STOC,2025,Single-Copy Stabilizer Testing,Marcel Hinsche; Jonas Helsen,Quantum computation,https://doi.org/10.1145/3717823.3718169,10.1145/3717823.3718169,https://acm-stoc.org/stoc2025/toc.html,https://acm-stoc.org/stoc2025/toc.html,LLM_reviewed_title,Title reviewed; candidate primary category retained.,Quantum computation,Quantum computation
STOC-2025-043,STOC,2025,Distributed Quantum Advantage for Local Problems,Alkida Balliu; Sebastian Brandt; Xavier Coiteux-Roy; Francesco d'Amore; Massimo Equi; François Le Gall; Henrik Lievonen; Augusto Modanese; Dennis Olivetti; Marc-Olivier Renou; Jukka Suomela; Lucas Tendick; Isadora Veeren,Quantum computation,https://doi.org/10.1145/3717823.3718233,10.1145/3717823.3718233,https://acm-stoc.org/stoc2025/toc.html,https://acm-stoc.org/stoc2025/toc.html,LLM_reviewed_title,Title reviewed; candidate primary category retained.,Quantum computation,Quantum computation
STOC-2025-044,STOC,2025,The State Hidden Subgroup Problem and an Efficient Algorithm for Locating Unentanglement,Adam Bouland; Tudor Giurgică-Tiron; John Wright,Quantum computation,https://doi.org/10.1145/3717823.3718118,10.1145/3717823.3718118,https://acm-stoc.org/stoc2025/toc.html,https://acm-stoc.org/stoc2025/toc.html,LLM_reviewed_title,Title reviewed; candidate primary category retained.,General algorithm design,Quantum computation
STOC-2025-045,STOC,2025,Positive Bias Makes Tensor-Network Contraction Tractable,Jiaqing Jiang; Jielun Chen; Norbert Schuch; Dominik Hangleiter,Algebraic and numerical computation,https://doi.org/10.1145/3717823.3718105,10.1145/3717823.3718105,https://acm-stoc.org/stoc2025/toc.html,https://acm-stoc.org/stoc2025/toc.html,LLM_reviewed_title,Primary subject selected in title review; overlapping techniques do not receive additional counts.,General algorithm design,Graph theory and graph algorithms
STOC-2025-046,STOC,2025,Multi-parameter Mechanisms for Consumer Surplus Maximization,Tomer Ezra; Daniel Schoepflin; Ariel Shaulker,Algorithmic game theory and fair division,https://doi.org/10.1145/3717823.3718126,10.1145/3717823.3718126,https://acm-stoc.org/stoc2025/toc.html,https://acm-stoc.org/stoc2025/toc.html,LLM_reviewed_title,Primary subject selected in title review; overlapping techniques do not receive additional counts.,General algorithm design,General algorithm design
STOC-2025-047,STOC,2025,Approximation Guarantees of Median Mechanism in ℝᵈ,Nikolai Gravin; Jianhao Jia,Algorithmic game theory and fair division,https://doi.org/10.1145/3717823.3718156,10.1145/3717823.3718156,https://acm-stoc.org/stoc2025/toc.html,https://acm-stoc.org/stoc2025/toc.html,LLM_reviewed_title,Primary subject selected in title review; overlapping techniques do not receive additional counts.,Approximation algorithms,Approximation algorithms
STOC-2025-048,STOC,2025,Monotone Contractions,Eleni Batziou; John Fearnley; Spencer Gordon; Ruta Mehta; Rahul Savani,Computational and circuit complexity,https://doi.org/10.1145/3717823.3718175,10.1145/3717823.3718175,https://acm-stoc.org/stoc2025/toc.html,https://acm-stoc.org/stoc2025/toc.html,LLM_reviewed_title,Primary subject selected in title review; overlapping techniques do not receive additional counts.,General algorithm design,General algorithm design
STOC-2025-049,STOC,2025,Faster Rates for No-Regret Learning in General Games via Cautious Optimism,Ashkan Soleymani; Georgios Piliouras; Gabriele Farina,"Online algorithms, bandits and stochastic optimization",https://doi.org/10.1145/3717823.3718242,10.1145/3717823.3718242,https://acm-stoc.org/stoc2025/toc.html,https://acm-stoc.org/stoc2025/toc.html,LLM_reviewed_title,Title reviewed; candidate primary category retained.,"Online algorithms, bandits and stochastic optimization","Online algorithms, bandits and stochastic optimization"
STOC-2025-050,STOC,2025,Computational Lower Bounds for No-Regret Learning in Normal-Form Games,Ioannis Anagnostides; Alkis Kalavasis; Tuomas Sandholm,"Online algorithms, bandits and stochastic optimization",https://doi.org/10.1145/3717823.3718250,10.1145/3717823.3718250,https://acm-stoc.org/stoc2025/toc.html,https://acm-stoc.org/stoc2025/toc.html,LLM_reviewed_title,Title reviewed; candidate primary category retained.,"Online algorithms, bandits and stochastic optimization","Online algorithms, bandits and stochastic optimization"
STOC-2025-051,STOC,2025,Efficient Learning and Computation of Linear Correlated Equilibrium in General Convex Games,Constantinos Daskalakis; Gabriele Farina; Maxwell Fishelson; Charilaos Pipis; Jon Schneider,Algorithmic game theory and fair division,https://doi.org/10.1145/3717823.3718307,10.1145/3717823.3718307,https://acm-stoc.org/stoc2025/toc.html,https://acm-stoc.org/stoc2025/toc.html,LLM_reviewed_title,Title reviewed; candidate primary category retained.,Algorithmic game theory and fair division,Algorithmic game theory and fair division
STOC-2025-052,STOC,2025,The Structure of Catalytic Space: Capturing Randomness and Time via Compression,James Cook; Jiatu Li; Ian Mertz; Edward Pyne,Computational and circuit complexity,https://doi.org/10.1145/3717823.3718112,10.1145/3717823.3718112,https://acm-stoc.org/stoc2025/toc.html,https://acm-stoc.org/stoc2025/toc.html,LLM_reviewed_title,Primary subject selected in title review; overlapping techniques do not receive additional counts.,Data structures and compressed data,Data structures and compressed data
STOC-2025-053,STOC,2025,Constant-Cost Communication Is Not Reducible to k-Hamming Distance,Yuting Fang; Mika Göös; Nathaniel Harms; Pooya Hatami,Communication complexity,https://doi.org/10.1145/3717823.3718129,10.1145/3717823.3718129,https://acm-stoc.org/stoc2025/toc.html,https://acm-stoc.org/stoc2025/toc.html,LLM_reviewed_title,Primary subject selected in title review; overlapping techniques do not receive additional counts.,General algorithm design,Data structures and compressed data
STOC-2025-054,STOC,2025,Refuting the Direct Sum Conjecture for Total Functions in Deterministic Communication Complexity,Simon Mackenzie; Abdallah Saffidine,Communication complexity,https://doi.org/10.1145/3717823.3718148,10.1145/3717823.3718148,https://acm-stoc.org/stoc2025/toc.html,https://acm-stoc.org/stoc2025/toc.html,LLM_reviewed_title,Primary subject selected in title review; overlapping techniques do not receive additional counts.,Communication complexity,Proof complexity and logic
STOC-2025-055,STOC,2025,Lifting to Bounded-Depth and Regular Resolutions over Parities via Games,Yaroslav Alekseev; Dmitry Itsykson,Proof complexity and logic,https://doi.org/10.1145/3717823.3718150,10.1145/3717823.3718150,https://acm-stoc.org/stoc2025/toc.html,https://acm-stoc.org/stoc2025/toc.html,LLM_reviewed_title,Primary subject selected in title review; overlapping techniques do not receive additional counts.,General algorithm design,General algorithm design
STOC-2025-056,STOC,2025,Extractors for Samplable Distributions with Low Min-Entropy,Marshall Ball; Ronen Shaltiel; Jad Silbak,Pseudorandomness and derandomization,https://doi.org/10.1145/3717823.3718143,10.1145/3717823.3718143,https://acm-stoc.org/stoc2025/toc.html,https://acm-stoc.org/stoc2025/toc.html,LLM_reviewed_title,Title reviewed; candidate primary category retained.,General algorithm design,Pseudorandomness and derandomization
STOC-2025-057,STOC,2025,Leakage-Resilient Extractors against Number-on-Forehead Protocols,Eshan Chattopadhyay; Jesse Goodman,Pseudorandomness and derandomization,https://doi.org/10.1145/3717823.3718272,10.1145/3717823.3718272,https://acm-stoc.org/stoc2025/toc.html,https://acm-stoc.org/stoc2025/toc.html,LLM_reviewed_title,Title reviewed; candidate primary category retained.,General algorithm design,Pseudorandomness and derandomization
STOC-2025-058,STOC,2025,A (2+ε)-Approximation Algorithm for Metric 𝑘-Median,Vincent Cohen-Addad; Fabrizio Grandoni; Euiwoong Lee; Chris Schwiegelshohn; Ola Svensson,Approximation algorithms,https://doi.org/10.1145/3717823.3718299,10.1145/3717823.3718299,https://acm-stoc.org/stoc2025/toc.html,https://acm-stoc.org/stoc2025/toc.html,LLM_reviewed_title,Title reviewed; candidate primary category retained.,Approximation algorithms,Approximation algorithms
STOC-2025-059,STOC,2025,On Approximability of the Permanent of PSD Matrices,Farzam Ebrahimnejad; Ansh Nagda; Shayan Oveis Gharan,Enumeration and counting,https://doi.org/10.1145/3717823.3718107,10.1145/3717823.3718107,https://acm-stoc.org/stoc2025/toc.html,https://acm-stoc.org/stoc2025/toc.html,LLM_reviewed_title,Title reviewed; candidate primary category retained.,Enumeration and counting,Enumeration and counting
STOC-2025-060,STOC,2025,Rounding Large Independent Sets on Expanders,Mitali Bafna; Jun-Ting Hsieh; Pravesh K. Kothari,Approximation algorithms,https://doi.org/10.1145/3717823.3718137,10.1145/3717823.3718137,https://acm-stoc.org/stoc2025/toc.html,https://acm-stoc.org/stoc2025/toc.html,LLM_reviewed_title,Primary subject selected in title review; overlapping techniques do not receive additional counts.,Combinatorics and graph polynomials,Combinatorics and graph polynomials
STOC-2025-061,STOC,2025,Optimal Rounding for Sparsest Cut,Alan Chang; Assaf Naor; Kevin Ren,Approximation algorithms,https://doi.org/10.1145/3717823.3718285,10.1145/3717823.3718285,https://acm-stoc.org/stoc2025/toc.html,https://acm-stoc.org/stoc2025/toc.html,LLM_reviewed_title,Primary subject selected in title review; overlapping techniques do not receive additional counts.,Graph theory and graph algorithms,Graph theory and graph algorithms
STOC-2025-062,STOC,2025,A 5/4-Approximation for Two-Edge Connectivity,Miguel Bosch-Calvo; Mohit Garg; Fabrizio Grandoni; Felix Hommelsheim; Afrouz Jabal Ameli; Alexander Lindermayr,Approximation algorithms,https://doi.org/10.1145/3717823.3718275,10.1145/3717823.3718275,https://acm-stoc.org/stoc2025/toc.html,https://acm-stoc.org/stoc2025/toc.html,LLM_reviewed_title,Title reviewed; candidate primary category retained.,Approximation algorithms,Approximation algorithms
STOC-2025-063,STOC,2025,Near-Optimal Dimension Reduction for Facility Location,Lingxiao Huang; Shaofeng H.-C. Jiang; Robert Krauthgamer; Di Yue,Approximation algorithms,https://doi.org/10.1145/3717823.3718214,10.1145/3717823.3718214,https://acm-stoc.org/stoc2025/toc.html,https://acm-stoc.org/stoc2025/toc.html,LLM_reviewed_title,Title reviewed; candidate primary category retained.,Approximation algorithms,Approximation algorithms
STOC-2025-064,STOC,2025,Locality vs Quantum Codes,Samuel Dai; Ray Li,Quantum computation,https://doi.org/10.1145/3717823.3718113,10.1145/3717823.3718113,https://acm-stoc.org/stoc2025/toc.html,https://acm-stoc.org/stoc2025/toc.html,LLM_reviewed_title,Title reviewed; candidate primary category retained.,Quantum computation,Quantum computation
STOC-2025-065,STOC,2025,Quantum LDPC Codes with Transversal Non-Clifford Gates via Products of Algebraic Codes,Louis Golowich; Ting-Chun Lin,Quantum computation,https://doi.org/10.1145/3717823.3718139,10.1145/3717823.3718139,https://acm-stoc.org/stoc2025/toc.html,https://acm-stoc.org/stoc2025/toc.html,LLM_reviewed_title,Title reviewed; candidate primary category retained.,Quantum computation,Quantum computation
STOC-2025-066,STOC,2025,Good Binary Quantum Codes with Transversal CCZ Gate,Quynh T. Nguyen,Quantum computation,https://doi.org/10.1145/3717823.3718186,10.1145/3717823.3718186,https://acm-stoc.org/stoc2025/toc.html,https://acm-stoc.org/stoc2025/toc.html,LLM_reviewed_title,Title reviewed; candidate primary category retained.,Quantum computation,Quantum computation
STOC-2025-067,STOC,2025,Asymptotically Good Quantum Codes with Transversal Non-Clifford Gates,Louis Golowich; Venkatesan Guruswami,Quantum computation,https://doi.org/10.1145/3717823.3718234,10.1145/3717823.3718234,https://acm-stoc.org/stoc2025/toc.html,https://acm-stoc.org/stoc2025/toc.html,LLM_reviewed_title,Title reviewed; candidate primary category retained.,Quantum computation,Quantum computation
STOC-2025-068,STOC,2025,Pauli Measurements Are Not Optimal for Single-Copy Tomography,Jayadev Acharya; Abhilash Dharmavarapu; Yuhan Liu; Nengkun Yu,Quantum computation,https://doi.org/10.1145/3717823.3718248,10.1145/3717823.3718248,https://acm-stoc.org/stoc2025/toc.html,https://acm-stoc.org/stoc2025/toc.html,LLM_reviewed_title,Primary subject selected in title review; overlapping techniques do not receive additional counts.,Graph theory and graph algorithms,Graph theory and graph algorithms
STOC-2025-069,STOC,2025,Quantum Fault Tolerance with Constant-Space and Logarithmic-Time Overheads,Quynh T. Nguyen; Christopher A. Pattison,Quantum computation,https://doi.org/10.1145/3717823.3718318,10.1145/3717823.3718318,https://acm-stoc.org/stoc2025/toc.html,https://acm-stoc.org/stoc2025/toc.html,LLM_reviewed_title,Title reviewed; candidate primary category retained.,Quantum computation,Quantum computation
STOC-2025-070,STOC,2025,Quantum Advantage from Soft Decoders,André Chailloux; Jean-Pierre Tillich,Quantum computation,https://doi.org/10.1145/3717823.3718319,10.1145/3717823.3718319,https://acm-stoc.org/stoc2025/toc.html,https://acm-stoc.org/stoc2025/toc.html,LLM_reviewed_title,Title reviewed; candidate primary category retained.,Quantum computation,Quantum computation
STOC-2025-071,STOC,2025,Asymptotic Tensor Rank Is Characterized by Polynomials,Matthias Christandl; Koen Hoeberechts; Harold Nieuwboer; Péter Vrana; Jeroen Zuiddam,Algebraic and numerical computation,https://doi.org/10.1145/3717823.3718122,10.1145/3717823.3718122,https://acm-stoc.org/stoc2025/toc.html,https://acm-stoc.org/stoc2025/toc.html,LLM_reviewed_title,Title reviewed; candidate primary category retained.,Algebraic and numerical computation,Algebraic and numerical computation
STOC-2025-072,STOC,2025,"Computing Moment Polytopes of Tensors, with Applications in Algebraic Complexity and Quantum Information",Maxim van den Berg; Matthias Christandl; Vladimir Lysikov; Harold Nieuwboer; Michael Walter; Jeroen Zuiddam,Algebraic and numerical computation,https://doi.org/10.1145/3717823.3718221,10.1145/3717823.3718221,https://acm-stoc.org/stoc2025/toc.html,https://acm-stoc.org/stoc2025/toc.html,LLM_reviewed_title,Primary subject selected in title review; overlapping techniques do not receive additional counts.,Quantum computation,Quantum computation
STOC-2025-073,STOC,2025,"On the Complexity of Isomorphism Problems for Tensors, Groups, and Polynomials IV: Linear-Length Reductions and Their Applications",Joshua A. Grochow; Youming Qiao,Algebraic and numerical computation,https://doi.org/10.1145/3717823.3718282,10.1145/3717823.3718282,https://acm-stoc.org/stoc2025/toc.html,https://acm-stoc.org/stoc2025/toc.html,LLM_reviewed_title,Primary subject selected in title review; overlapping techniques do not receive additional counts.,General algorithm design,General algorithm design
STOC-2025-074,STOC,2025,"On the Complexity of Isomorphism Problems for Tensors, Groups, and Polynomials V: Over Commutative Rings",Joshua A. Grochow; Youming Qiao; Katherine E. Stange; Xiaorui Sun,Algebraic and numerical computation,https://doi.org/10.1145/3717823.3718286,10.1145/3717823.3718286,https://acm-stoc.org/stoc2025/toc.html,https://acm-stoc.org/stoc2025/toc.html,LLM_reviewed_title,Primary subject selected in title review; overlapping techniques do not receive additional counts.,General algorithm design,General algorithm design
STOC-2025-075,STOC,2025,Error-Correction of Matrix Multiplication Algorithms,Shuichi Hirahara; Nobutaka Shimizu,Algebraic and numerical computation,https://doi.org/10.1145/3717823.3718244,10.1145/3717823.3718244,https://acm-stoc.org/stoc2025/toc.html,https://acm-stoc.org/stoc2025/toc.html,LLM_reviewed_title,Primary subject selected in title review; overlapping techniques do not receive additional counts.,Coding and information theory,Coding and information theory
STOC-2025-076,STOC,2025,Matrix Chaos Inequalities and Chaos of Combinatorial Type,Afonso S. Bandeira; Kevin Lucca; Petar Nizic-Nikolac; Ramon van Handel,Combinatorics and graph polynomials,https://doi.org/10.1145/3717823.3718238,10.1145/3717823.3718238,https://acm-stoc.org/stoc2025/toc.html,https://acm-stoc.org/stoc2025/toc.html,LLM_reviewed_title,Title reviewed; candidate primary category retained.,Combinatorics and graph polynomials,Combinatorics and graph polynomials
STOC-2025-077,STOC,2025,How to Construct Random Unitaries,Fermi Ma; Hsin-Yuan Huang,Quantum computation,https://doi.org/10.1145/3717823.3718254,10.1145/3717823.3718254,https://acm-stoc.org/stoc2025/toc.html,https://acm-stoc.org/stoc2025/toc.html,LLM_reviewed_title,Primary subject selected in title review; overlapping techniques do not receive additional counts.,General algorithm design,General algorithm design
STOC-2025-078,STOC,2025,High Rate Multivariate Polynomial Evaluation Codes,Swastik Kopparty; Mrinal Kumar; Harry Sha,Coding and information theory,https://doi.org/10.1145/3717823.3718106,10.1145/3717823.3718106,https://acm-stoc.org/stoc2025/toc.html,https://acm-stoc.org/stoc2025/toc.html,LLM_reviewed_title,Title reviewed; candidate primary category retained.,General algorithm design,Coding and information theory
STOC-2025-079,STOC,2025,Tensor Concentration Inequalities: A Geometric Approach,Afonso S. Bandeira; Sivakanth Gopi; Haotian Jiang; Kevin Lucca; Thomas Rothvoss,Combinatorics and graph polynomials,https://doi.org/10.1145/3717823.3718188,10.1145/3717823.3718188,https://acm-stoc.org/stoc2025/toc.html,https://acm-stoc.org/stoc2025/toc.html,LLM_reviewed_title,Primary subject selected in title review; overlapping techniques do not receive additional counts.,Computational geometry,Computational geometry
STOC-2025-080,STOC,2025,Explicit Two-Sided Vertex Expanders beyond the Spectral Barrier,Jun-Ting Hsieh; Ting-Chun Lin; Sidhanth Mohanty; Ryan O'Donnell; Rachel Yun Zhang,Combinatorics and graph polynomials,https://doi.org/10.1145/3717823.3718241,10.1145/3717823.3718241,https://acm-stoc.org/stoc2025/toc.html,https://acm-stoc.org/stoc2025/toc.html,LLM_reviewed_title,Title reviewed; candidate primary category retained.,Combinatorics and graph polynomials,Combinatorics and graph polynomials
STOC-2025-081,STOC,2025,Explicit Codes Approaching Generalized Singleton Bound using Expanders,Fernando Granha Jeronimo; Tushant Mittal; Shashank Srivastava; Madhur Tulsiani,Coding and information theory,https://doi.org/10.1145/3717823.3718302,10.1145/3717823.3718302,https://acm-stoc.org/stoc2025/toc.html,https://acm-stoc.org/stoc2025/toc.html,LLM_reviewed_title,Title reviewed; candidate primary category retained.,Combinatorics and graph polynomials,Coding and information theory
STOC-2025-082,STOC,2025,List-Decoding Capacity Implies Capacity on the 𝑞-ary Symmetric Channel,Francisco Pernice; Oscar Sprumont; Mary Wootters,Coding and information theory,https://doi.org/10.1145/3717823.3718206,10.1145/3717823.3718206,https://acm-stoc.org/stoc2025/toc.html,https://acm-stoc.org/stoc2025/toc.html,LLM_reviewed_title,Title reviewed; candidate primary category retained.,Coding and information theory,Coding and information theory
STOC-2025-083,STOC,2025,Counting Random 𝑘-SAT near the Satisfiability Threshold,Zongchen Chen; Aditya Lonkar; Chunyang Wang; Kuan Yang; Yitong Yin,Enumeration and counting,https://doi.org/10.1145/3717823.3718163,10.1145/3717823.3718163,https://acm-stoc.org/stoc2025/toc.html,https://acm-stoc.org/stoc2025/toc.html,LLM_reviewed_title,Primary subject selected in title review; overlapping techniques do not receive additional counts.,Automated reasoning and unification,Automated reasoning and unification
STOC-2025-084,STOC,2025,Rapid Mixing at the Uniqueness Threshold,Xiaoyu Chen; Zongchen Chen; Yitong Yin; Xinyuan Zhang,Enumeration and counting,https://doi.org/10.1145/3717823.3718260,10.1145/3717823.3718260,https://acm-stoc.org/stoc2025/toc.html,https://acm-stoc.org/stoc2025/toc.html,LLM_reviewed_title,Title reviewed; candidate primary category retained.,General algorithm design,Enumeration and counting
STOC-2025-085,STOC,2025,Sharp Phase Transitions in Estimation with Low-Degree Polynomials,Youngtak Sohn; Alexander S. Wein,Average-case complexity,https://doi.org/10.1145/3717823.3718294,10.1145/3717823.3718294,https://acm-stoc.org/stoc2025/toc.html,https://acm-stoc.org/stoc2025/toc.html,LLM_reviewed_title,Primary subject selected in title review; overlapping techniques do not receive additional counts.,General algorithm design,General algorithm design
STOC-2025-086,STOC,2025,Phase Transitions via Complex Extensions of Markov Chains,Jingcheng Liu; Chunyang Wang; Yitong Yin; Yixiao Yu,Enumeration and counting,https://doi.org/10.1145/3717823.3718230,10.1145/3717823.3718230,https://acm-stoc.org/stoc2025/toc.html,https://acm-stoc.org/stoc2025/toc.html,LLM_reviewed_title,Title reviewed; candidate primary category retained.,General algorithm design,Enumeration and counting
STOC-2025-087,STOC,2025,"Weak Poincaré Inequalities, Simulated Annealing, and Sampling from Spherical Spin Glasses",Brice Huang; Sidhanth Mohanty; Amit Rajaraman; David X. Wu,Average-case complexity,https://doi.org/10.1145/3717823.3718236,10.1145/3717823.3718236,https://acm-stoc.org/stoc2025/toc.html,https://acm-stoc.org/stoc2025/toc.html,LLM_reviewed_title,Title reviewed; candidate primary category retained.,General algorithm design,Average-case complexity
STOC-2025-088,STOC,2025,Sampling and Integration of Logconcave Functions by Algorithmic Diffusion,Yunbum Kook; Santosh S. Vempala,Optimization and mathematical programming,https://doi.org/10.1145/3717823.3718202,10.1145/3717823.3718202,https://acm-stoc.org/stoc2025/toc.html,https://acm-stoc.org/stoc2025/toc.html,LLM_reviewed_title,Primary subject selected in title review; overlapping techniques do not receive additional counts.,General algorithm design,General algorithm design
STOC-2025-089,STOC,2025,Universal SNARGs for NP from Proofs of Correctness,Zhengzhong Jin; Yael Tauman Kalai; Alex Lombardi; Surya Mathialagan,Cryptography,https://doi.org/10.1145/3717823.3718104,10.1145/3717823.3718104,https://acm-stoc.org/stoc2025/toc.html,https://acm-stoc.org/stoc2025/toc.html,LLM_reviewed_title,Title reviewed; candidate primary category retained.,Computational and circuit complexity,Cryptography
STOC-2025-090,STOC,2025,Unambiguous SNARGs for P from LWE with Applications to PPAD Hardness,Liyan Chen; Cody Freitag; Zhengzhong Jin; Daniel Wichs,Cryptography,https://doi.org/10.1145/3717823.3718159,10.1145/3717823.3718159,https://acm-stoc.org/stoc2025/toc.html,https://acm-stoc.org/stoc2025/toc.html,LLM_reviewed_title,Title reviewed; candidate primary category retained.,General algorithm design,Cryptography
STOC-2025-091,STOC,2025,Succinct Non-interactive Arguments of Proximity,Liyan Chen; Zhengzhong Jin; Daniel Wichs,Cryptography,https://doi.org/10.1145/3717823.3718172,10.1145/3717823.3718172,https://acm-stoc.org/stoc2025/toc.html,https://acm-stoc.org/stoc2025/toc.html,LLM_reviewed_title,Primary subject selected in title review; overlapping techniques do not receive additional counts.,Data structures and compressed data,Proof complexity and logic
STOC-2025-092,STOC,2025,The Meta-complexity of Secret Sharing,Benny Applebaum; Oded Nir,Cryptography,https://doi.org/10.1145/3717823.3718161,10.1145/3717823.3718161,https://acm-stoc.org/stoc2025/toc.html,https://acm-stoc.org/stoc2025/toc.html,LLM_reviewed_title,Title reviewed; candidate primary category retained.,Cryptography,Cryptography
STOC-2025-093,STOC,2025,Fiat-Shamir in the Plain Model from Derandomization (Or: Do Efficient Algorithms Believe that NP = PSPACE?),Lijie Chen; Ron D. Rothblum; Roei Tell,Cryptography,https://doi.org/10.1145/3717823.3718177,10.1145/3717823.3718177,https://acm-stoc.org/stoc2025/toc.html,https://acm-stoc.org/stoc2025/toc.html,LLM_reviewed_title,Primary subject selected in title review; overlapping techniques do not receive additional counts.,Pseudorandomness and derandomization,Pseudorandomness and derandomization
STOC-2025-094,STOC,2025,A Zero-Knowledge PCP Theorem,Tom Gur; Jack O'Connor; Nicholas Spooner,Cryptography,https://doi.org/10.1145/3717823.3718128,10.1145/3717823.3718128,https://acm-stoc.org/stoc2025/toc.html,https://acm-stoc.org/stoc2025/toc.html,LLM_reviewed_title,Title reviewed; candidate primary category retained.,Cryptography,Cryptography
STOC-2025-095,STOC,2025,Testing Support Size More Efficiently Than Learning Histograms,Renato Ferreira Pinto Jr.; Nathaniel Harms,Property testing and distribution learning,https://doi.org/10.1145/3717823.3718134,10.1145/3717823.3718134,https://acm-stoc.org/stoc2025/toc.html,https://acm-stoc.org/stoc2025/toc.html,LLM_reviewed_title,Title reviewed; candidate primary category retained.,Learning theory,Property testing and distribution learning
STOC-2025-096,STOC,2025,Testing vs Estimation for Index-Invariant Properties in the Huge Object Model,Sourav Chakraborty; Eldar Fischer; Arijit Ghosh; Amit Levi; Gopinath Mishra; Sayantan Sen,Property testing and distribution learning,https://doi.org/10.1145/3717823.3718166,10.1145/3717823.3718166,https://acm-stoc.org/stoc2025/toc.html,https://acm-stoc.org/stoc2025/toc.html,LLM_reviewed_title,Title reviewed; candidate primary category retained.,General algorithm design,Property testing and distribution learning
STOC-2025-097,STOC,2025,Monotonicity Testing of High-Dimensional Distributions with Subcube Conditioning,Deeparnab Chakrabarty; Xi Chen; Simeon Ristic; C. Seshadhri; Erik Waingarten,Property testing and distribution learning,https://doi.org/10.1145/3717823.3718297,10.1145/3717823.3718297,https://acm-stoc.org/stoc2025/toc.html,https://acm-stoc.org/stoc2025/toc.html,LLM_reviewed_title,Title reviewed; candidate primary category retained.,Property testing and distribution learning,Property testing and distribution learning
STOC-2025-098,STOC,2025,A Tolerant Independent Set Tester,Cameron Seth,Property testing and distribution learning,https://doi.org/10.1145/3717823.3718290,10.1145/3717823.3718290,https://acm-stoc.org/stoc2025/toc.html,https://acm-stoc.org/stoc2025/toc.html,LLM_reviewed_title,Primary subject selected in title review; overlapping techniques do not receive additional counts.,General algorithm design,Graph theory and graph algorithms
STOC-2025-099,STOC,2025,Approximately Counting and Sampling Hamiltonian Motifs in Sublinear Time,Talya Eden; Reut Levi; Dana Ron; Ronitt Rubinfeld,Enumeration and counting,https://doi.org/10.1145/3717823.3718160,10.1145/3717823.3718160,https://acm-stoc.org/stoc2025/toc.html,https://acm-stoc.org/stoc2025/toc.html,LLM_reviewed_title,Primary subject selected in title review; overlapping techniques do not receive additional counts.,Approximation algorithms,Quantum computation
STOC-2025-100,STOC,2025,Stochastic Matching via In-n-Out Local Computation Algorithms,Amir Azarmehr; Soheil Behnezhad; Alma Ghafari; Ronitt Rubinfeld,Distributed and local algorithms,https://doi.org/10.1145/3717823.3718279,10.1145/3717823.3718279,https://acm-stoc.org/stoc2025/toc.html,https://acm-stoc.org/stoc2025/toc.html,LLM_reviewed_title,Title reviewed; candidate primary category retained.,Graph theory and graph algorithms,Distributed and local algorithms
STOC-2025-101,STOC,2025,Characterizing and Testing Principal Minor Equivalence of Matrices,Abhranil Chatterjee; Sumanta Ghosh; Rohit Gurjar; Roshan Raj,Algebraic and numerical computation,https://doi.org/10.1145/3717823.3718146,10.1145/3717823.3718146,https://acm-stoc.org/stoc2025/toc.html,https://acm-stoc.org/stoc2025/toc.html,LLM_reviewed_title,Primary subject selected in title review; overlapping techniques do not receive additional counts.,General algorithm design,Property testing and distribution learning
STOC-2025-102,STOC,2025,Primes via Zeros: Interactive Proofs for Testing Primality of Natural Classes of Ideals,Abhibhav Garg; Rafael Oliveira; Nitin Saxena,Algebraic and numerical computation,https://doi.org/10.1145/3717823.3718167,10.1145/3717823.3718167,https://acm-stoc.org/stoc2025/toc.html,https://acm-stoc.org/stoc2025/toc.html,LLM_reviewed_abstract,"Primality of polynomial ideals, not testing primality of integers.",General algorithm design,Lattices and computational number theory
STOC-2025-103,STOC,2025,Polynomial-Time PIT from (Almost) Necessary Assumptions,Robert Andrews; Deepanshu Kush; Roei Tell,Algebraic and numerical computation,https://doi.org/10.1145/3717823.3718198,10.1145/3717823.3718198,https://acm-stoc.org/stoc2025/toc.html,https://acm-stoc.org/stoc2025/toc.html,LLM_reviewed_title,Primary subject selected in title review; overlapping techniques do not receive additional counts.,General algorithm design,General algorithm design
STOC-2025-104,STOC,2025,Feasibly Constructive Proof of Schwartz–Zippel Lemma and the Complexity of Finding Hitting Sets,Albert Atserias; Iddo Tzameret,Proof complexity and logic,https://doi.org/10.1145/3717823.3718276,10.1145/3717823.3718276,https://acm-stoc.org/stoc2025/toc.html,https://acm-stoc.org/stoc2025/toc.html,LLM_reviewed_title,Primary subject selected in title review; overlapping techniques do not receive additional counts.,General algorithm design,General algorithm design
STOC-2025-105,STOC,2025,"When Connectivity Is Hard, Random Walks Are Easy with Non-determinism",Dean Doron; Edward Pyne; Roei Tell; R. Ryan Williams,Computational and circuit complexity,https://doi.org/10.1145/3717823.3718303,10.1145/3717823.3718303,https://acm-stoc.org/stoc2025/toc.html,https://acm-stoc.org/stoc2025/toc.html,LLM_reviewed_title,Primary subject selected in title review; overlapping techniques do not receive additional counts.,Graph theory and graph algorithms,Graph theory and graph algorithms
STOC-2025-106,STOC,2025,Vanishing of Schubert Coefficients,Igor Pak; Colleen Robichaux,Enumeration and counting,https://doi.org/10.1145/3717823.3718269,10.1145/3717823.3718269,https://acm-stoc.org/stoc2025/toc.html,https://acm-stoc.org/stoc2025/toc.html,LLM_reviewed_title,Primary subject selected in title review; overlapping techniques do not receive additional counts.,General algorithm design,General algorithm design
STOC-2025-107,STOC,2025,Extending the Extension: Deterministic Algorithm for Non-monotone Submodular Maximization,Niv Buchbinder; Moran Feldman,Optimization and mathematical programming,https://doi.org/10.1145/3717823.3718120,10.1145/3717823.3718120,https://acm-stoc.org/stoc2025/toc.html,https://acm-stoc.org/stoc2025/toc.html,LLM_reviewed_title,Title reviewed; candidate primary category retained.,Optimization and mathematical programming,Optimization and mathematical programming
STOC-2025-108,STOC,2025,Better Approximation for Weighted 𝑘-Matroid Intersection,Neta Singer; Theophile Thiery,Optimization and mathematical programming,https://doi.org/10.1145/3717823.3718219,10.1145/3717823.3718219,https://acm-stoc.org/stoc2025/toc.html,https://acm-stoc.org/stoc2025/toc.html,LLM_reviewed_title,Title reviewed; candidate primary category retained.,Approximation algorithms,Optimization and mathematical programming
STOC-2025-109,STOC,2025,Solving the Correlation Cluster LP in Sublinear Time,Nairen Cao; Vincent Cohen-Addad; Euiwoong Lee; Shi Li; David Rasmussen Lolck; Alantha Newman; Mikkel Thorup; Lukas Vogl; Shuyi Yan; Hanwen Zhang,Approximation algorithms,https://doi.org/10.1145/3717823.3718181,10.1145/3717823.3718181,https://acm-stoc.org/stoc2025/toc.html,https://acm-stoc.org/stoc2025/toc.html,LLM_reviewed_title,Primary subject selected in title review; overlapping techniques do not receive additional counts.,General algorithm design,General algorithm design
STOC-2025-110,STOC,2025,Fully Dynamic 𝑘-Median with Near-Optimal Update Time and Recourse,Sayan Bhattacharya; Martín Costa; Ermiya Farokhnejad,Approximation algorithms,https://doi.org/10.1145/3717823.3718176,10.1145/3717823.3718176,https://acm-stoc.org/stoc2025/toc.html,https://acm-stoc.org/stoc2025/toc.html,LLM_reviewed_title,Primary subject selected in title review; overlapping techniques do not receive additional counts.,General algorithm design,General algorithm design
STOC-2025-111,STOC,2025,Dynamic Locality Sensitive Orderings in Doubling Metrics,An La; Hung Le,Data structures and compressed data,https://doi.org/10.1145/3717823.3718209,10.1145/3717823.3718209,https://acm-stoc.org/stoc2025/toc.html,https://acm-stoc.org/stoc2025/toc.html,LLM_reviewed_title,Primary subject selected in title review; overlapping techniques do not receive additional counts.,Distributed and local algorithms,Distributed and local algorithms
STOC-2025-112,STOC,2025,Near-Optimal Linear Sketches and Fully-Dynamic Algorithms for Hypergraph Spectral Sparsification,Sanjeev Khanna; Huan Li; Aaron Putterman,Dynamic graph algorithms,https://doi.org/10.1145/3717823.3718239,10.1145/3717823.3718239,https://acm-stoc.org/stoc2025/toc.html,https://acm-stoc.org/stoc2025/toc.html,LLM_reviewed_title,Title reviewed; candidate primary category retained.,Streaming and sketching,Dynamic graph algorithms
STOC-2025-113,STOC,2025,Learning the Structure of Any Hamiltonian from Minimal Assumptions,Andrew Zhao,Quantum computation,https://doi.org/10.1145/3717823.3718115,10.1145/3717823.3718115,https://acm-stoc.org/stoc2025/toc.html,https://acm-stoc.org/stoc2025/toc.html,LLM_reviewed_title,Title reviewed; candidate primary category retained.,Learning theory,Quantum computation
STOC-2025-114,STOC,2025,Learning the Closest Product State,Ainesh Bakshi; John Bostanci; William Kretschmer; Zeph Landau; Jerry Li; Allen Liu; Ryan O'Donnell; Ewin Tang,Quantum computation,https://doi.org/10.1145/3717823.3718207,10.1145/3717823.3718207,https://acm-stoc.org/stoc2025/toc.html,https://acm-stoc.org/stoc2025/toc.html,LLM_reviewed_title,Primary subject selected in title review; overlapping techniques do not receive additional counts.,Learning theory,Learning theory
STOC-2025-115,STOC,2025,Improved Bounds for Testing Low Stabilizer Complexity States,Saeed Mehraban; Mehrdad Tahmasbi,Quantum computation,https://doi.org/10.1145/3717823.3718228,10.1145/3717823.3718228,https://acm-stoc.org/stoc2025/toc.html,https://acm-stoc.org/stoc2025/toc.html,LLM_reviewed_title,Title reviewed; candidate primary category retained.,Quantum computation,Quantum computation
STOC-2025-116,STOC,2025,Polynomial-Time Tolerant Testing Stabilizer States,Srinivasan Arunachalam; Arkopal Dutt,Quantum computation,https://doi.org/10.1145/3717823.3718277,10.1145/3717823.3718277,https://acm-stoc.org/stoc2025/toc.html,https://acm-stoc.org/stoc2025/toc.html,LLM_reviewed_title,Title reviewed; candidate primary category retained.,Quantum computation,Quantum computation
STOC-2025-117,STOC,2025,Dimension Independent and Computationally Efficient Shadow Tomography,Pulkit Sinha,Quantum computation,https://doi.org/10.1145/3717823.3718253,10.1145/3717823.3718253,https://acm-stoc.org/stoc2025/toc.html,https://acm-stoc.org/stoc2025/toc.html,LLM_reviewed_title,Primary subject selected in title review; overlapping techniques do not receive additional counts.,Graph theory and graph algorithms,Graph theory and graph algorithms
STOC-2025-118,STOC,2025,Tolerant Testing of Stabilizer States with a Polynomial Gap via a Generalized Uncertainty Relation,Zongbo Bao; Philippe van Dordrecht; Jonas Helsen,Quantum computation,https://doi.org/10.1145/3717823.3718201,10.1145/3717823.3718201,https://acm-stoc.org/stoc2025/toc.html,https://acm-stoc.org/stoc2025/toc.html,LLM_reviewed_title,Title reviewed; candidate primary category retained.,Quantum computation,Quantum computation
STOC-2025-119,STOC,2025,Testing and Learning Structured Quantum Hamiltonians,Srinivasan Arunachalam; Arkopal Dutt; Francisco Escudero Gutiérrez,Quantum computation,https://doi.org/10.1145/3717823.3718289,10.1145/3717823.3718289,https://acm-stoc.org/stoc2025/toc.html,https://acm-stoc.org/stoc2025/toc.html,LLM_reviewed_title,Title reviewed; candidate primary category retained.,Quantum computation,Quantum computation
STOC-2025-120,STOC,2025,On the Locality of the Lovász Local Lemma,Peter Davies-Peck,Distributed and local algorithms,https://doi.org/10.1145/3717823.3718103,10.1145/3717823.3718103,https://acm-stoc.org/stoc2025/toc.html,https://acm-stoc.org/stoc2025/toc.html,LLM_reviewed_title,Title reviewed; candidate primary category retained.,Distributed and local algorithms,Distributed and local algorithms
STOC-2025-121,STOC,2025,History-Independent Concurrent Hash Tables,Hagit Attiya; Michael A. Bender; Martín Farach-Colton; Rotem Oshman; Noa Schiller,Data structures and compressed data,https://doi.org/10.1145/3717823.3718283,10.1145/3717823.3718283,https://acm-stoc.org/stoc2025/toc.html,https://acm-stoc.org/stoc2025/toc.html,LLM_reviewed_title,Title reviewed; candidate primary category retained.,General algorithm design,Data structures and compressed data
STOC-2025-122,STOC,2025,Online Locality Meets Distributed Quantum Computing,Amirreza Akbari; Xavier Coiteux-Roy; Francesco d'Amore; François Le Gall; Henrik Lievonen; Darya Melnyk; Augusto Modanese; Shreyas Pai; Marc-Olivier Renou; Václav Rozhoň; Jukka Suomela,Quantum computation,https://doi.org/10.1145/3717823.3718211,10.1145/3717823.3718211,https://acm-stoc.org/stoc2025/toc.html,https://acm-stoc.org/stoc2025/toc.html,LLM_reviewed_title,Title reviewed; candidate primary category retained.,Quantum computation,Quantum computation
STOC-2025-123,STOC,2025,Faster Distributed Δ-Coloring via Ruling Subgraphs,Yann Bourreau; Sebastian Brandt; Alexandre Nolin,Distributed and local algorithms,https://doi.org/10.1145/3717823.3718320,10.1145/3717823.3718320,https://acm-stoc.org/stoc2025/toc.html,https://acm-stoc.org/stoc2025/toc.html,LLM_reviewed_title,Title reviewed; candidate primary category retained.,Distributed and local algorithms,Distributed and local algorithms
STOC-2025-124,STOC,2025,Constant Degree Networks for Almost-Everywhere Reliable Transmission,Mitali Bafna; Dor Minzer,Distributed and local algorithms,https://doi.org/10.1145/3717823.3718170,10.1145/3717823.3718170,https://acm-stoc.org/stoc2025/toc.html,https://acm-stoc.org/stoc2025/toc.html,LLM_reviewed_title,Primary subject selected in title review; overlapping techniques do not receive additional counts.,General algorithm design,Graph theory and graph algorithms
STOC-2025-125,STOC,2025,Optimal Proof Systems for Complex Sets Are Hard to Find,Fabian Egidy; Christian Glaßer,Proof complexity and logic,https://doi.org/10.1145/3717823.3718182,10.1145/3717823.3718182,https://acm-stoc.org/stoc2025/toc.html,https://acm-stoc.org/stoc2025/toc.html,LLM_reviewed_title,Title reviewed; candidate primary category retained.,Proof complexity and logic,Proof complexity and logic
STOC-2025-126,STOC,2025,Student-Teacher Constructive Separations and (Un)Provability in Bounded Arithmetic: Witnessing the Gap,Stefan Grosser; Marco Carmosino,Proof complexity and logic,https://doi.org/10.1145/3717823.3718216,10.1145/3717823.3718216,https://acm-stoc.org/stoc2025/toc.html,https://acm-stoc.org/stoc2025/toc.html,LLM_reviewed_title,Title reviewed; candidate primary category retained.,Proof complexity and logic,Proof complexity and logic
STOC-2025-127,STOC,2025,Maximum Circuit Lower Bounds for Exponential-Time Arthur Merlin,Lijie Chen; Jiatu Li; Jingxun Liang,Computational and circuit complexity,https://doi.org/10.1145/3717823.3718224,10.1145/3717823.3718224,https://acm-stoc.org/stoc2025/toc.html,https://acm-stoc.org/stoc2025/toc.html,LLM_reviewed_title,Title reviewed; candidate primary category retained.,Computational and circuit complexity,Computational and circuit complexity
STOC-2025-128,STOC,2025,Supercritical Tradeoffs for Monotone Circuits,Mika Göös; Gilbert Maystre; Kilian Risse; Dmitry Sokolov,Computational and circuit complexity,https://doi.org/10.1145/3717823.3718229,10.1145/3717823.3718229,https://acm-stoc.org/stoc2025/toc.html,https://acm-stoc.org/stoc2025/toc.html,LLM_reviewed_title,Title reviewed; candidate primary category retained.,General algorithm design,Computational and circuit complexity
STOC-2025-129,STOC,2025,"Truly Supercritical Trade-Offs for Resolution, Cutting Planes, Monotone Circuits, and Weisfeiler–Leman",Susanna F. de Rezende; Noah Fleming; Duri Andrea Janett; Jakob Nordström; Shuo Pang,Proof complexity and logic,https://doi.org/10.1145/3717823.3718271,10.1145/3717823.3718271,https://acm-stoc.org/stoc2025/toc.html,https://acm-stoc.org/stoc2025/toc.html,LLM_reviewed_title,Primary subject selected in title review; overlapping techniques do not receive additional counts.,Graph theory and graph algorithms,Computational and circuit complexity
STOC-2025-130,STOC,2025,Low Rank Matrix Rigidity: Tight Lower Bounds and Hardness Amplification,Josh Alman; Jingxun Liang,Computational and circuit complexity,https://doi.org/10.1145/3717823.3718287,10.1145/3717823.3718287,https://acm-stoc.org/stoc2025/toc.html,https://acm-stoc.org/stoc2025/toc.html,LLM_reviewed_title,Primary subject selected in title review; overlapping techniques do not receive additional counts.,Average-case complexity,Average-case complexity
STOC-2025-131,STOC,2025,Constant Approximation for Weighted Nash Social Welfare with Submodular Valuations,Yuda Feng; Yang Hu; Shi Li; Ruilong Zhang,Algorithmic game theory and fair division,https://doi.org/10.1145/3717823.3718203,10.1145/3717823.3718203,https://acm-stoc.org/stoc2025/toc.html,https://acm-stoc.org/stoc2025/toc.html,LLM_reviewed_title,Title reviewed; candidate primary category retained.,Algorithmic game theory and fair division,Algorithmic game theory and fair division
STOC-2025-132,STOC,2025,The Cost of Consistency: Submodular Maximization with Constant Recourse,Paul Dütting; Federico Fusco; Silvio Lattanzi; Ashkan Norouzi-Fard; Ola Svensson; Morteza Zadimoghaddam,Optimization and mathematical programming,https://doi.org/10.1145/3717823.3718131,10.1145/3717823.3718131,https://acm-stoc.org/stoc2025/toc.html,https://acm-stoc.org/stoc2025/toc.html,LLM_reviewed_title,Title reviewed; candidate primary category retained.,Optimization and mathematical programming,Optimization and mathematical programming
STOC-2025-133,STOC,2025,Tight Results for Online Convex Paging,Anupam Gupta; Amit Kumar; Debmalya Panigrahi,"Online algorithms, bandits and stochastic optimization",https://doi.org/10.1145/3717823.3718217,10.1145/3717823.3718217,https://acm-stoc.org/stoc2025/toc.html,https://acm-stoc.org/stoc2025/toc.html,LLM_reviewed_title,Title reviewed; candidate primary category retained.,General algorithm design,"Online algorithms, bandits and stochastic optimization"
STOC-2025-134,STOC,2025,Online Stochastic Matching with Unknown Arrival Order: Beating 0.5 against the Online Optimum,Enze Sun; Zhihao Gavin Tang; Yifan Wang,"Online algorithms, bandits and stochastic optimization",https://doi.org/10.1145/3717823.3718196,10.1145/3717823.3718196,https://acm-stoc.org/stoc2025/toc.html,https://acm-stoc.org/stoc2025/toc.html,LLM_reviewed_title,Title reviewed; candidate primary category retained.,Graph theory and graph algorithms,"Online algorithms, bandits and stochastic optimization"
STOC-2025-135,STOC,2025,Single-Sample and Robust Online Resource Allocation,Rohan Ghuge; Sahil Singla; Yifan Wang,"Online algorithms, bandits and stochastic optimization",https://doi.org/10.1145/3717823.3718246,10.1145/3717823.3718246,https://acm-stoc.org/stoc2025/toc.html,https://acm-stoc.org/stoc2025/toc.html,LLM_reviewed_title,Primary subject selected in title review; overlapping techniques do not receive additional counts.,Algorithmic game theory and fair division,Algorithmic game theory and fair division
STOC-2025-136,STOC,2025,Adaptive Approximation Schemes for Matching Queues,Alireza AmaniHamedani; Ali Aouad; Amin Saberi,"Online algorithms, bandits and stochastic optimization",https://doi.org/10.1145/3717823.3718317,10.1145/3717823.3718317,https://acm-stoc.org/stoc2025/toc.html,https://acm-stoc.org/stoc2025/toc.html,LLM_reviewed_title,Primary subject selected in title review; overlapping techniques do not receive additional counts.,Approximation algorithms,Approximation algorithms
STOC-2025-137,STOC,2025,Quantum Communication Advantage in TFNP,Mika Göös; Tom Gur; Siddhartha Jain; Jiawei Li,Quantum computation,https://doi.org/10.1145/3717823.3718155,10.1145/3717823.3718155,https://acm-stoc.org/stoc2025/toc.html,https://acm-stoc.org/stoc2025/toc.html,LLM_reviewed_title,Title reviewed; candidate primary category retained.,Quantum computation,Quantum computation
STOC-2025-138,STOC,2025,On the Computational Power of QAC0 with Barely Superlinear Ancillae,Anurag Anshu; Yangjing Dong; Fengning Ou; Penghui Yao,Quantum computation,https://doi.org/10.1145/3717823.3718189,10.1145/3717823.3718189,https://acm-stoc.org/stoc2025/toc.html,https://acm-stoc.org/stoc2025/toc.html,LLM_reviewed_title,Primary subject selected in title review; overlapping techniques do not receive additional counts.,General algorithm design,General algorithm design
STOC-2025-139,STOC,2025,Efficient Thermalization and Universal Quantum Computing with Quantum Gibbs Samplers,Cambyse Rouzé; Daniel Stilck França; Álvaro M. Alhambra,Quantum computation,https://doi.org/10.1145/3717823.3718268,10.1145/3717823.3718268,https://acm-stoc.org/stoc2025/toc.html,https://acm-stoc.org/stoc2025/toc.html,LLM_reviewed_title,Title reviewed; candidate primary category retained.,Quantum computation,Quantum computation
STOC-2025-140,STOC,2025,The Jacobi Factoring Circuit: Quantum Factoring with Near-Linear Gates and Sublinear Space and Depth,Gregory D. Kahanamoku-Meyer; Seyoon Ragavan; Vinod Vaikuntanathan; Katherine Van Kirk,Quantum computation,https://doi.org/10.1145/3717823.3718273,10.1145/3717823.3718273,https://acm-stoc.org/stoc2025/toc.html,https://acm-stoc.org/stoc2025/toc.html,LLM_reviewed_title,Title reviewed; candidate primary category retained.,Quantum computation,Quantum computation
STOC-2025-141,STOC,2025,Permutation Superposition Oracles for Quantum Query Lower Bounds,Christian Majenz; Giulio Malavolta; Michael Walter,Quantum computation,https://doi.org/10.1145/3717823.3718266,10.1145/3717823.3718266,https://acm-stoc.org/stoc2025/toc.html,https://acm-stoc.org/stoc2025/toc.html,LLM_reviewed_title,Title reviewed; candidate primary category retained.,Quantum computation,Quantum computation
STOC-2025-142,STOC,2025,QMA vs QCMA and Pseudorandomness,Jiahui Liu; Saachi Mutreja; Henry Yuen,Quantum computation,https://doi.org/10.1145/3717823.3718296,10.1145/3717823.3718296,https://acm-stoc.org/stoc2025/toc.html,https://acm-stoc.org/stoc2025/toc.html,LLM_reviewed_title,Title reviewed; candidate primary category retained.,Quantum computation,Quantum computation
STOC-2025-143,STOC,2025,Tractable Agreement Protocols,Natalie Collina; Surbhi Goel; Varun Gupta; Aaron Roth,Learning theory,https://doi.org/10.1145/3717823.3718222,10.1145/3717823.3718222,https://acm-stoc.org/stoc2025/toc.html,https://acm-stoc.org/stoc2025/toc.html,LLM_reviewed_abstract,Interactive agreement on predictions using tractable calibration conditions.,General algorithm design,General algorithm design
STOC-2025-144,STOC,2025,Share-Based Fairness for Arbitrary Entitlements,Moshe Babaioff; Uriel Feige,Algorithmic game theory and fair division,https://doi.org/10.1145/3717823.3718119,10.1145/3717823.3718119,https://acm-stoc.org/stoc2025/toc.html,https://acm-stoc.org/stoc2025/toc.html,LLM_reviewed_title,Primary subject selected in title review; overlapping techniques do not receive additional counts.,General algorithm design,General algorithm design
STOC-2025-145,STOC,2025,From Signaling to Interviews in Random Matching Markets,Maxwell Allman; Itai Ashlagi; Amin Saberi; Sophie H. Yu,Algorithmic game theory and fair division,https://doi.org/10.1145/3717823.3718158,10.1145/3717823.3718158,https://acm-stoc.org/stoc2025/toc.html,https://acm-stoc.org/stoc2025/toc.html,LLM_reviewed_title,Primary subject selected in title review; overlapping techniques do not receive additional counts.,Graph theory and graph algorithms,Graph theory and graph algorithms
STOC-2025-146,STOC,2025,Metric Distortion of Small-Group Deliberation,Ashish Goel; Mohak Goyal; Kamesh Munagala,Algorithmic game theory and fair division,https://doi.org/10.1145/3717823.3718121,10.1145/3717823.3718121,https://acm-stoc.org/stoc2025/toc.html,https://acm-stoc.org/stoc2025/toc.html,LLM_reviewed_title,Primary subject selected in title review; overlapping techniques do not receive additional counts.,General algorithm design,General algorithm design
STOC-2025-147,STOC,2025,Constant-Factor EFX Exists for Chores,Jugal Garg; Aniket Murhekar; John Qin,Algorithmic game theory and fair division,https://doi.org/10.1145/3717823.3718305,10.1145/3717823.3718305,https://acm-stoc.org/stoc2025/toc.html,https://acm-stoc.org/stoc2025/toc.html,LLM_reviewed_title,Title reviewed; candidate primary category retained.,Algorithmic game theory and fair division,Algorithmic game theory and fair division
STOC-2025-148,STOC,2025,Six Candidates Suffice to Win a Voter Majority,Moses Charikar; Alexandra Lassota; Prasanna Ramakrishnan; Adrian Vetta; Kangning Wang,Algorithmic game theory and fair division,https://doi.org/10.1145/3717823.3718235,10.1145/3717823.3718235,https://acm-stoc.org/stoc2025/toc.html,https://acm-stoc.org/stoc2025/toc.html,LLM_reviewed_title,Primary subject selected in title review; overlapping techniques do not receive additional counts.,General algorithm design,General algorithm design
STOC-2025-149,STOC,2025,Time and Space Efficient Deterministic Decoders,Joshua Cook; Dana Moshkovitz,Coding and information theory,https://doi.org/10.1145/3717823.3718132,10.1145/3717823.3718132,https://acm-stoc.org/stoc2025/toc.html,https://acm-stoc.org/stoc2025/toc.html,LLM_reviewed_title,Title reviewed; candidate primary category retained.,General algorithm design,Coding and information theory
STOC-2025-150,STOC,2025,Redundancy Is All You Need,Joshua Brakensiek; Venkatesan Guruswami,Constraint satisfaction,https://doi.org/10.1145/3717823.3718212,10.1145/3717823.3718212,https://acm-stoc.org/stoc2025/toc.html,https://acm-stoc.org/stoc2025/toc.html,LLM_reviewed_abstract,Characterization of CSP sparsification via non-redundancy and chain length.,General algorithm design,General algorithm design
STOC-2025-151,STOC,2025,Strong XOR Lemma for Information Complexity,Pachara Sawettamalya; Huacheng Yu,Communication complexity,https://doi.org/10.1145/3717823.3718258,10.1145/3717823.3718258,https://acm-stoc.org/stoc2025/toc.html,https://acm-stoc.org/stoc2025/toc.html,LLM_reviewed_title,Title reviewed; candidate primary category retained.,General algorithm design,Communication complexity
STOC-2025-152,STOC,2025,Ideal Pseudorandom Codes,Omar Alrabiah; Prabhanjan Ananth; Miranda Christ; Yevgeniy Dodis; Sam Gunn,Cryptography,https://doi.org/10.1145/3717823.3718309,10.1145/3717823.3718309,https://acm-stoc.org/stoc2025/toc.html,https://acm-stoc.org/stoc2025/toc.html,LLM_reviewed_abstract,"Adaptive robustness, ideal security and CCA security of pseudorandom codes.",Pseudorandomness and derandomization,Coding and information theory
STOC-2025-153,STOC,2025,Improved PIR Schemes using Matching Vectors and Derivatives,Fatemeh Ghasemi; Swastik Kopparty; Madhu Sudan,Cryptography,https://doi.org/10.1145/3717823.3718313,10.1145/3717823.3718313,https://acm-stoc.org/stoc2025/toc.html,https://acm-stoc.org/stoc2025/toc.html,LLM_reviewed_title,Primary subject selected in title review; overlapping techniques do not receive additional counts.,Graph theory and graph algorithms,Graph theory and graph algorithms
STOC-2025-154,STOC,2025,A Generalized Trace Reconstruction Problem: Recovering a String of Probabilities,Joey Rivkin; Gregory Valiant; Paul Valiant,Data structures and compressed data,https://doi.org/10.1145/3717823.3718315,10.1145/3717823.3718315,https://acm-stoc.org/stoc2025/toc.html,https://acm-stoc.org/stoc2025/toc.html,LLM_reviewed_title,Title reviewed; candidate primary category retained.,General algorithm design,Data structures and compressed data
STOC-2025-155,STOC,2025,Discrepancy Algorithms for the Binary Perceptron,Shuangping Li; Tselil Schramm; Kangjie Zhou,Average-case complexity,https://doi.org/10.1145/3717823.3718124,10.1145/3717823.3718124,https://acm-stoc.org/stoc2025/toc.html,https://acm-stoc.org/stoc2025/toc.html,LLM_reviewed_title,Title reviewed; candidate primary category retained.,Combinatorics and graph polynomials,Average-case complexity
STOC-2025-156,STOC,2025,Entangled Mean Estimation in High Dimensions,Ilias Diakonikolas; Daniel M. Kane; Sihan Liu; Thanasis Pittas,Learning theory,https://doi.org/10.1145/3717823.3718162,10.1145/3717823.3718162,https://acm-stoc.org/stoc2025/toc.html,https://acm-stoc.org/stoc2025/toc.html,LLM_reviewed_abstract,Classical robust Gaussian mean estimation with unknown heterogeneous covariances.,General algorithm design,Quantum computation
STOC-2025-157,STOC,2025,SoS Certifiability of Subgaussian Distributions and Its Algorithmic Applications,Ilias Diakonikolas; Samuel B. Hopkins; Ankit Pensia; Stefan Tiegel,Learning theory,https://doi.org/10.1145/3717823.3718183,10.1145/3717823.3718183,https://acm-stoc.org/stoc2025/toc.html,https://acm-stoc.org/stoc2025/toc.html,LLM_reviewed_title,Primary subject selected in title review; overlapping techniques do not receive additional counts.,General algorithm design,General algorithm design
STOC-2025-158,STOC,2025,"SoS Certificates for Sparse Singular Values and Their Applications: Robust Statistics, Subspace Distortion, and More",Ilias Diakonikolas; Samuel B. Hopkins; Ankit Pensia; Stefan Tiegel,Learning theory,https://doi.org/10.1145/3717823.3718293,10.1145/3717823.3718293,https://acm-stoc.org/stoc2025/toc.html,https://acm-stoc.org/stoc2025/toc.html,LLM_reviewed_title,Primary subject selected in title review; overlapping techniques do not receive additional counts.,General algorithm design,General algorithm design
STOC-2025-159,STOC,2025,How Random CSPs Fool Hierarchies: II,Siu On Chan; Hiu Tsun Ng,Constraint satisfaction,https://doi.org/10.1145/3717823.3718301,10.1145/3717823.3718301,https://acm-stoc.org/stoc2025/toc.html,https://acm-stoc.org/stoc2025/toc.html,LLM_reviewed_title,Title reviewed; candidate primary category retained.,General algorithm design,Constraint satisfaction
STOC-2025-160,STOC,2025,Coboundary Expansion of Coset Complexes,Tali Kaufman; Izhar Oppenheim; Shmuel Weinberger,Combinatorics and graph polynomials,https://doi.org/10.1145/3717823.3718136,10.1145/3717823.3718136,https://acm-stoc.org/stoc2025/toc.html,https://acm-stoc.org/stoc2025/toc.html,LLM_reviewed_title,Primary subject selected in title review; overlapping techniques do not receive additional counts.,General algorithm design,General algorithm design
STOC-2025-161,STOC,2025,On the Limits of Language Generation: Trade-Offs between Hallucination and Mode-Collapse,Alkis Kalavasis; Anay Mehrotra; Grigoris Velegkas,Learning theory,https://doi.org/10.1145/3717823.3718108,10.1145/3717823.3718108,https://acm-stoc.org/stoc2025/toc.html,https://acm-stoc.org/stoc2025/toc.html,LLM_reviewed_title,Primary subject selected in title review; overlapping techniques do not receive additional counts.,General algorithm design,General algorithm design
STOC-2025-162,STOC,2025,Provably Learning a Multi-head Attention Layer,Sitan Chen; Yuanzhi Li,Learning theory,https://doi.org/10.1145/3717823.3718174,10.1145/3717823.3718174,https://acm-stoc.org/stoc2025/toc.html,https://acm-stoc.org/stoc2025/toc.html,LLM_reviewed_title,Title reviewed; candidate primary category retained.,Learning theory,Learning theory
STOC-2025-163,STOC,2025,Model Stealing for Any Low-Rank Language Model,Allen Liu; Ankur Moitra,Learning theory,https://doi.org/10.1145/3717823.3718220,10.1145/3717823.3718220,https://acm-stoc.org/stoc2025/toc.html,https://acm-stoc.org/stoc2025/toc.html,LLM_reviewed_title,Primary subject selected in title review; overlapping techniques do not receive additional counts.,General algorithm design,General algorithm design
STOC-2025-164,STOC,2025,Omnipredicting Single-Index Models with Multi-index Models,Lunjia Hu; Kevin Tian; Chutong Yang,Learning theory,https://doi.org/10.1145/3717823.3718223,10.1145/3717823.3718223,https://acm-stoc.org/stoc2025/toc.html,https://acm-stoc.org/stoc2025/toc.html,LLM_reviewed_title,Primary subject selected in title review; overlapping techniques do not receive additional counts.,General algorithm design,General algorithm design
STOC-2025-165,STOC,2025,Learning the Sherrington-Kirkpatrick Model Even at Low Temperature,Gautam Chandrasekaran; Adam R. Klivans,Learning theory,https://doi.org/10.1145/3717823.3718232,10.1145/3717823.3718232,https://acm-stoc.org/stoc2025/toc.html,https://acm-stoc.org/stoc2025/toc.html,LLM_reviewed_title,Primary subject selected in title review; overlapping techniques do not receive additional counts.,Learning theory,Average-case complexity
STOC-2025-166,STOC,2025,Oblivious Defense in ML Models: Backdoor Removal without Detection,Shafi Goldwasser; Jonathan Shafer; Neekon Vafa; Vinod Vaikuntanathan,Learning theory,https://doi.org/10.1145/3717823.3718245,10.1145/3717823.3718245,https://acm-stoc.org/stoc2025/toc.html,https://acm-stoc.org/stoc2025/toc.html,LLM_reviewed_title,Primary subject selected in title review; overlapping techniques do not receive additional counts.,General algorithm design,General algorithm design
STOC-2025-167,STOC,2025,The FPᴺᴾ versus #P Dichotomy for #EO,Boning Meng; Juqiu Wang; Mingji Xia,Enumeration and counting,https://doi.org/10.1145/3717823.3718135,10.1145/3717823.3718135,https://acm-stoc.org/stoc2025/toc.html,https://acm-stoc.org/stoc2025/toc.html,LLM_reviewed_title,Title reviewed; candidate primary category retained.,Enumeration and counting,Enumeration and counting
STOC-2025-168,STOC,2025,Locally Sampleable Uniform Symmetric Distributions,Daniel M. Kane; Anthony Ostuni; Kewen Wu,Pseudorandomness and derandomization,https://doi.org/10.1145/3717823.3718243,10.1145/3717823.3718243,https://acm-stoc.org/stoc2025/toc.html,https://acm-stoc.org/stoc2025/toc.html,LLM_reviewed_title,Primary subject selected in title review; overlapping techniques do not receive additional counts.,General algorithm design,General algorithm design
STOC-2025-169,STOC,2025,Uncloneable Quantum States Are Necessary as Proofs and Advice,Rohit Chatterjee; Srijita Kundu; Supartha Podder,Quantum computation,https://doi.org/10.1145/3717823.3718226,10.1145/3717823.3718226,https://acm-stoc.org/stoc2025/toc.html,https://acm-stoc.org/stoc2025/toc.html,LLM_reviewed_title,Title reviewed; candidate primary category retained.,Quantum computation,Quantum computation
STOC-2025-170,STOC,2025,Learning Quantum States Prepared by Shallow Circuits in Polynomial Time,Zeph Landau; Yunchao Liu,Quantum computation,https://doi.org/10.1145/3717823.3718311,10.1145/3717823.3718311,https://acm-stoc.org/stoc2025/toc.html,https://acm-stoc.org/stoc2025/toc.html,LLM_reviewed_title,Title reviewed; candidate primary category retained.,Quantum computation,Quantum computation
STOC-2025-171,STOC,2025,The 2-Token Theorem: Recognising History-Deterministic Parity Automata Efficiently,Karoliina Lehtinen; Aditya Prakash,Automata and formal languages,https://doi.org/10.1145/3717823.3718310,10.1145/3717823.3718310,https://acm-stoc.org/stoc2025/toc.html,https://acm-stoc.org/stoc2025/toc.html,LLM_reviewed_title,Title reviewed; candidate primary category retained.,Automata and formal languages,Automata and formal languages
STOC-2025-172,STOC,2025,Reachability in One-Dimensional Pushdown Vector Addition Systems Is Decidable,Clotilde Bizière; Wojciech Czerwiński,Infinite-state systems and verification,https://doi.org/10.1145/3717823.3718149,10.1145/3717823.3718149,https://acm-stoc.org/stoc2025/toc.html,https://acm-stoc.org/stoc2025/toc.html,LLM_reviewed_title,Title reviewed; candidate primary category retained.,Infinite-state systems and verification,Infinite-state systems and verification
STOC-2025-173,STOC,2025,Cryptographic Characterization of Quantum Advantage,Tomoyuki Morimae; Yuki Shirakawa; Takashi Yamakawa,Cryptography,https://doi.org/10.1145/3717823.3718133,10.1145/3717823.3718133,https://acm-stoc.org/stoc2025/toc.html,https://acm-stoc.org/stoc2025/toc.html,LLM_reviewed_title,Title reviewed; candidate primary category retained.,Quantum computation,Cryptography
STOC-2025-174,STOC,2025,Succinct Oblivious Tensor Evaluation and Applications: Adaptively-Secure Laconic Function Evaluation and Trapdoor Hashing for All Circuits,Damiano Abram; Giulio Malavolta; Lawrence Roy,Cryptography,https://doi.org/10.1145/3717823.3718164,10.1145/3717823.3718164,https://acm-stoc.org/stoc2025/toc.html,https://acm-stoc.org/stoc2025/toc.html,LLM_reviewed_title,Primary subject selected in title review; overlapping techniques do not receive additional counts.,Data structures and compressed data,Data structures and compressed data
STOC-2025-175,STOC,2025,Protecting Computations against Continuous Bounded-Communication Leakage,Yuval Ishai; Yifan Song,Cryptography,https://doi.org/10.1145/3717823.3718200,10.1145/3717823.3718200,https://acm-stoc.org/stoc2025/toc.html,https://acm-stoc.org/stoc2025/toc.html,LLM_reviewed_title,Primary subject selected in title review; overlapping techniques do not receive additional counts.,General algorithm design,General algorithm design
STOC-2025-176,STOC,2025,A New Approach for LPN-Based Pseudorandom Functions: Low-Depth and Key-Homomorphic,Youlong Ding; Aayush Jain; Ilan Komargodski,Cryptography,https://doi.org/10.1145/3717823.3718210,10.1145/3717823.3718210,https://acm-stoc.org/stoc2025/toc.html,https://acm-stoc.org/stoc2025/toc.html,LLM_reviewed_title,Title reviewed; candidate primary category retained.,Pseudorandomness and derandomization,Cryptography
STOC-2025-177,STOC,2025,Near-Optimal Time-Sparsity Trade-Offs for Solving Noisy Linear Equations,Kiril Bangachev; Guy Bresler; Stefan Tiegel; Vinod Vaikuntanathan,Cryptography,https://doi.org/10.1145/3717823.3718284,10.1145/3717823.3718284,https://acm-stoc.org/stoc2025/toc.html,https://acm-stoc.org/stoc2025/toc.html,LLM_reviewed_abstract,"Hardness reductions for sparse LWE and LPN, with cryptographic applications.",General algorithm design,General algorithm design
STOC-2025-178,STOC,2025,Using the Planted Clique Conjecture for Cryptography: Public-Key Encryption from Planted Clique and Noisy 𝑘-LIN over Expanders,Riddhi Ghosal; Isaac M. Hair; Aayush Jain; Amit Sahai,Cryptography,https://doi.org/10.1145/3717823.3718306,10.1145/3717823.3718306,https://acm-stoc.org/stoc2025/toc.html,https://acm-stoc.org/stoc2025/toc.html,LLM_reviewed_title,Title reviewed; candidate primary category retained.,Cryptography,Cryptography
STOC-2025-179,STOC,2025,Disjoint Paths Problem with Group-Expressable Constraints,Chun-Hung Liu; Youngho Yoo,Graph theory and graph algorithms,https://doi.org/10.1145/3717823.3718109,10.1145/3717823.3718109,https://acm-stoc.org/stoc2025/toc.html,https://acm-stoc.org/stoc2025/toc.html,LLM_reviewed_title,Title reviewed; candidate primary category retained.,Graph theory and graph algorithms,Graph theory and graph algorithms
STOC-2025-180,STOC,2025,Merge-Width and First-Order Model Checking,Jan Dreier; Szymon Toruńczyk,"Games, synthesis and verification",https://doi.org/10.1145/3717823.3718259,10.1145/3717823.3718259,https://acm-stoc.org/stoc2025/toc.html,https://acm-stoc.org/stoc2025/toc.html,LLM_reviewed_title,Title reviewed; candidate primary category retained.,"Games, synthesis and verification","Games, synthesis and verification"
STOC-2025-181,STOC,2025,All-Pairs Shortest Paths with Few Weights per Node,Amir Abboud; Nick Fischer; Ce Jin; Virginia Vassilevska Williams; Zoe Xi,Graph theory and graph algorithms,https://doi.org/10.1145/3717823.3718240,10.1145/3717823.3718240,https://acm-stoc.org/stoc2025/toc.html,https://acm-stoc.org/stoc2025/toc.html,LLM_reviewed_title,Title reviewed; candidate primary category retained.,Graph theory and graph algorithms,Graph theory and graph algorithms
STOC-2025-182,STOC,2025,Efficiently Finding and Counting Patterns with Distance Constraints in Sparse Graphs,Daniel Lokshtanov; Fahad Panolan; Saket Saurabh; Jie Xue; Meirav Zehavi,Enumeration and counting,https://doi.org/10.1145/3717823.3718251,10.1145/3717823.3718251,https://acm-stoc.org/stoc2025/toc.html,https://acm-stoc.org/stoc2025/toc.html,LLM_reviewed_title,Title reviewed; candidate primary category retained.,Enumeration and counting,Enumeration and counting
STOC-2025-183,STOC,2025,Subexponential Parameterized Algorithms for Hitting Subgraphs,Daniel Lokshtanov; Fahad Panolan; Saket Saurabh; Jie Xue; Meirav Zehavi,Parameterized and exact algorithms,https://doi.org/10.1145/3717823.3718192,10.1145/3717823.3718192,https://acm-stoc.org/stoc2025/toc.html,https://acm-stoc.org/stoc2025/toc.html,LLM_reviewed_title,Title reviewed; candidate primary category retained.,Parameterized and exact algorithms,Parameterized and exact algorithms
STOC-2025-184,STOC,2025,"Output-Sensitive Approximate Counting via a Measure-Bounded Hyperedge Oracle, or: How Asymmetry Helps Estimate 𝑘-Clique Counts Faster",Keren Censor-Hillel; Tomer Even; Virginia Vassilevska Williams,Enumeration and counting,https://doi.org/10.1145/3717823.3718314,10.1145/3717823.3718314,https://acm-stoc.org/stoc2025/toc.html,https://acm-stoc.org/stoc2025/toc.html,LLM_reviewed_title,Title reviewed; candidate primary category retained.,Approximation algorithms,Enumeration and counting
STOC-2025-185,STOC,2025,Agnostic Smoothed Online Learning,Moïse Blanchard,"Online algorithms, bandits and stochastic optimization",https://doi.org/10.1145/3717823.3718111,10.1145/3717823.3718111,https://acm-stoc.org/stoc2025/toc.html,https://acm-stoc.org/stoc2025/toc.html,LLM_reviewed_title,Title reviewed; candidate primary category retained.,Learning theory,"Online algorithms, bandits and stochastic optimization"
STOC-2025-186,STOC,2025,Breaking the T^(2/3) Barrier for Sequential Calibration,Yuval Dagan; Constantinos Daskalakis; Maxwell Fishelson; Noah Golowich; Robert Kleinberg; Princewill Okoroafor,"Online algorithms, bandits and stochastic optimization",https://doi.org/10.1145/3717823.3718178,10.1145/3717823.3718178,https://acm-stoc.org/stoc2025/toc.html,https://acm-stoc.org/stoc2025/toc.html,LLM_reviewed_title,Primary subject selected in title review; overlapping techniques do not receive additional counts.,General algorithm design,General algorithm design
STOC-2025-187,STOC,2025,Almost Optimal PAC Learning for 𝑘-Means,Vincent Cohen-Addad; Silvio Lattanzi; Chris Schwiegelshohn,Learning theory,https://doi.org/10.1145/3717823.3718180,10.1145/3717823.3718180,https://acm-stoc.org/stoc2025/toc.html,https://acm-stoc.org/stoc2025/toc.html,LLM_reviewed_title,Title reviewed; candidate primary category retained.,Learning theory,Learning theory
STOC-2025-188,STOC,2025,Adaptive and Oblivious Statistical Adversaries Are Equivalent,Guy Blanc; Gregory Valiant,Learning theory,https://doi.org/10.1145/3717823.3718193,10.1145/3717823.3718193,https://acm-stoc.org/stoc2025/toc.html,https://acm-stoc.org/stoc2025/toc.html,LLM_reviewed_title,Primary subject selected in title review; overlapping techniques do not receive additional counts.,General algorithm design,General algorithm design
STOC-2025-189,STOC,2025,On Reductions and Representations of Learning Problems in Euclidean Spaces,Bogdan Chornomaz; Shay Moran; Tom Waknine,Learning theory,https://doi.org/10.1145/3717823.3718213,10.1145/3717823.3718213,https://acm-stoc.org/stoc2025/toc.html,https://acm-stoc.org/stoc2025/toc.html,LLM_reviewed_title,Title reviewed; candidate primary category retained.,Learning theory,Learning theory
STOC-2025-190,STOC,2025,DNF Learning via Locally Mixing Random Walks,Josh Alman; Shivam Nadimpalli; Shyamal Patel; Rocco A. Servedio,Learning theory,https://doi.org/10.1145/3717823.3718262,10.1145/3717823.3718262,https://acm-stoc.org/stoc2025/toc.html,https://acm-stoc.org/stoc2025/toc.html,LLM_reviewed_title,Title reviewed; candidate primary category retained.,Learning theory,Learning theory
STOC-2025-191,STOC,2025,"Weak Recovery, Hypothesis Testing, and Mutual Information in Stochastic Block Models and Planted Factor Graphs",Elchanan Mossel; Allan Sly; Youngtak Sohn,Learning theory,https://doi.org/10.1145/3717823.3718292,10.1145/3717823.3718292,https://acm-stoc.org/stoc2025/toc.html,https://acm-stoc.org/stoc2025/toc.html,LLM_reviewed_title,Primary subject selected in title review; overlapping techniques do not receive additional counts.,Graph theory and graph algorithms,Property testing and distribution learning
STOC-2025-192,STOC,2025,Matroid Products via Submodular Coupling,Kristóf Bérczi; Boglárka Gehér; András Imolay; László Lovász; Balázs Maga; Tamás Schwarcz,Optimization and mathematical programming,https://doi.org/10.1145/3717823.3718152,10.1145/3717823.3718152,https://acm-stoc.org/stoc2025/toc.html,https://acm-stoc.org/stoc2025/toc.html,LLM_reviewed_title,Title reviewed; candidate primary category retained.,Optimization and mathematical programming,Optimization and mathematical programming
STOC-2025-193,STOC,2025,Long Arithmetic Progressions in Sumsets and Subset Sums: Constructive Proofs and Efficient Witnesses,Lin Chen; Yuchen Mao; Guochuan Zhang,Combinatorics and graph polynomials,https://doi.org/10.1145/3717823.3718281,10.1145/3717823.3718281,https://acm-stoc.org/stoc2025/toc.html,https://acm-stoc.org/stoc2025/toc.html,LLM_reviewed_title,Title reviewed; candidate primary category retained.,General algorithm design,Combinatorics and graph polynomials
STOC-2025-194,STOC,2025,Smoothed Analysis for Graph Isomorphism,Michael Anastos; Matthew Kwan; Benjamin Moore,Graph theory and graph algorithms,https://doi.org/10.1145/3717823.3718173,10.1145/3717823.3718173,https://acm-stoc.org/stoc2025/toc.html,https://acm-stoc.org/stoc2025/toc.html,LLM_reviewed_title,Title reviewed; candidate primary category retained.,Graph theory and graph algorithms,Graph theory and graph algorithms
STOC-2025-195,STOC,2025,Statistical Inference of a Ranked Community in a Directed Graph,Dmitriy Kunisky; Daniel A. Spielman; Alexander S. Wein; Xifan Yu,Learning theory,https://doi.org/10.1145/3717823.3718280,10.1145/3717823.3718280,https://acm-stoc.org/stoc2025/toc.html,https://acm-stoc.org/stoc2025/toc.html,LLM_reviewed_title,Title reviewed; candidate primary category retained.,Graph theory and graph algorithms,Learning theory
STOC-2025-196,STOC,2025,Near Optimal Constant Inapproximability under ETH for Fundamental Problems in Parameterized Complexity,Mitali Bafna; Karthik C. S.; Dor Minzer,Parameterized and exact algorithms,https://doi.org/10.1145/3717823.3718257,10.1145/3717823.3718257,https://acm-stoc.org/stoc2025/toc.html,https://acm-stoc.org/stoc2025/toc.html,LLM_reviewed_title,Title reviewed; candidate primary category retained.,Parameterized and exact algorithms,Parameterized and exact algorithms
STOC-2025-197,STOC,2025,Treewidth Inapproximability and Tight ETH Lower Bound,Édouard Bonnet,Parameterized and exact algorithms,https://doi.org/10.1145/3717823.3718117,10.1145/3717823.3718117,https://acm-stoc.org/stoc2025/toc.html,https://acm-stoc.org/stoc2025/toc.html,LLM_reviewed_title,Primary subject selected in title review; overlapping techniques do not receive additional counts.,Approximation algorithms,Approximation algorithms
STOC-2025-198,STOC,2025,"Almost Optimal Time Lower Bound for Approximating Parameterized Clique, CSP, and More, under ETH",Venkatesan Guruswami; Bingkai Lin; Xuandi Ren; Yican Sun; Kewen Wu,Parameterized and exact algorithms,https://doi.org/10.1145/3717823.3718130,10.1145/3717823.3718130,https://acm-stoc.org/stoc2025/toc.html,https://acm-stoc.org/stoc2025/toc.html,LLM_reviewed_title,Primary subject selected in title review; overlapping techniques do not receive additional counts.,Constraint satisfaction,Constraint satisfaction
STOC-2025-199,STOC,2025,A Fine-Grained Classification of Subquadratic Patterns for Subgraph Listing and Friends,Karl Bringmann; Egor Gorbachev,Fine-grained complexity,https://doi.org/10.1145/3717823.3718141,10.1145/3717823.3718141,https://acm-stoc.org/stoc2025/toc.html,https://acm-stoc.org/stoc2025/toc.html,LLM_reviewed_title,Title reviewed; candidate primary category retained.,Fine-grained complexity,Fine-grained complexity
STOC-2025-200,STOC,2025,Bounded Edit Distance: Optimal Static and Dynamic Algorithms for Small Integer Weights,Egor Gorbachev; Tomasz Kociumaka,Data structures and compressed data,https://doi.org/10.1145/3717823.3718168,10.1145/3717823.3718168,https://acm-stoc.org/stoc2025/toc.html,https://acm-stoc.org/stoc2025/toc.html,LLM_reviewed_title,Title reviewed; candidate primary category retained.,Data structures and compressed data,Data structures and compressed data
STOC-2025-201,STOC,2025,Faster Weighted and Unweighted Tree Edit Distance and APSP Equivalence,Jakob Nogler; Adam Polak; Barna Saha; Virginia Vassilevska Williams; Yinzhan Xu; Christopher Ye,Data structures and compressed data,https://doi.org/10.1145/3717823.3718116,10.1145/3717823.3718116,https://acm-stoc.org/stoc2025/toc.html,https://acm-stoc.org/stoc2025/toc.html,LLM_reviewed_title,Title reviewed; candidate primary category retained.,Data structures and compressed data,Data structures and compressed data
STOC-2025-202,STOC,2025,Faster Lattice Basis Computation via a Natural Generalization of the Euclidean Algorithm,Kim-Manuel Klein; Janina Reuter,Lattices and computational number theory,https://doi.org/10.1145/3717823.3718138,10.1145/3717823.3718138,https://acm-stoc.org/stoc2025/toc.html,https://acm-stoc.org/stoc2025/toc.html,LLM_reviewed_title,Title reviewed; candidate primary category retained.,Lattices and computational number theory,Lattices and computational number theory
STOC-2025-203,STOC,2025,"Symmetric Perceptrons, Number Partitioning and Lattices",Neekon Vafa; Vinod Vaikuntanathan,Lattices and computational number theory,https://doi.org/10.1145/3717823.3718263,10.1145/3717823.3718263,https://acm-stoc.org/stoc2025/toc.html,https://acm-stoc.org/stoc2025/toc.html,LLM_reviewed_title,Title reviewed; candidate primary category retained.,Lattices and computational number theory,Lattices and computational number theory
STOC-2025-204,STOC,2025,Accelerated Approximate Optimization of Multi-commodity Flows on Directed Graphs,Li Chen; Andrei Graur; Aaron Sidford,Graph theory and graph algorithms,https://doi.org/10.1145/3717823.3718267,10.1145/3717823.3718267,https://acm-stoc.org/stoc2025/toc.html,https://acm-stoc.org/stoc2025/toc.html,LLM_reviewed_title,Primary subject selected in title review; overlapping techniques do not receive additional counts.,Approximation algorithms,Optimization and mathematical programming
STOC-2025-205,STOC,2025,Breaking the Barrier of Self-Concordant Barriers: Faster Interior Point Methods for M-Matrices,Adrian Vladu,Optimization and mathematical programming,https://doi.org/10.1145/3717823.3718255,10.1145/3717823.3718255,https://acm-stoc.org/stoc2025/toc.html,https://acm-stoc.org/stoc2025/toc.html,LLM_reviewed_title,Title reviewed; candidate primary category retained.,General algorithm design,Optimization and mathematical programming
STOC-2025-206,STOC,2025,Improved Complexity for Smooth Nonconvex Optimization: A Two-Level Online Learning Approach with Quasi-Newton Methods,Ruichen Jiang; Aryan Mokhtari; Francisco Patitucci,Optimization and mathematical programming,https://doi.org/10.1145/3717823.3718308,10.1145/3717823.3718308,https://acm-stoc.org/stoc2025/toc.html,https://acm-stoc.org/stoc2025/toc.html,LLM_reviewed_title,Primary subject selected in title review; overlapping techniques do not receive additional counts.,Learning theory,"Online algorithms, bandits and stochastic optimization"
STOC-2025-207,STOC,2025,"Fast, Robust Approximate Message Passing",Misha Ivkov; Tselil Schramm,Learning theory,https://doi.org/10.1145/3717823.3718165,10.1145/3717823.3718165,https://acm-stoc.org/stoc2025/toc.html,https://acm-stoc.org/stoc2025/toc.html,LLM_reviewed_title,Primary subject selected in title review; overlapping techniques do not receive additional counts.,Approximation algorithms,Approximation algorithms
STOC-2025-208,STOC,2025,Õptimal Fault-Tolerant Labeling for Reachability and Approximate Distances in Directed Planar Graphs,Itai Boneh; Shiri Chechik; Shay Golan; Shay Mozes; Oren Weimann,Data structures and compressed data,https://doi.org/10.1145/3717823.3718249,10.1145/3717823.3718249,https://acm-stoc.org/stoc2025/toc.html,https://acm-stoc.org/stoc2025/toc.html,LLM_reviewed_title,Primary subject selected in title review; overlapping techniques do not receive additional counts.,Approximation algorithms,Approximation algorithms
STOC-2025-209,STOC,2025,"Light Tree Covers, Routing, and Path-Reporting Oracles via Spanning Tree Covers in Doubling Graphs",Hsien-Chih Chang; Jonathan Conroy; Hung Le; Shay Solomon; Cuong Than,Data structures and compressed data,https://doi.org/10.1145/3717823.3718312,10.1145/3717823.3718312,https://acm-stoc.org/stoc2025/toc.html,https://acm-stoc.org/stoc2025/toc.html,LLM_reviewed_title,Primary subject selected in title review; overlapping techniques do not receive additional counts.,Graph theory and graph algorithms,Graph theory and graph algorithms
STOC-2025-210,STOC,2025,Covering Approximate Shortest Paths with DAGs,Sepehr Assadi; Gary Hoppenworth; Nicole Wein,Approximation algorithms,https://doi.org/10.1145/3717823.3718298,10.1145/3717823.3718298,https://acm-stoc.org/stoc2025/toc.html,https://acm-stoc.org/stoc2025/toc.html,LLM_reviewed_title,Title reviewed; candidate primary category retained.,Approximation algorithms,Approximation algorithms
STOC-2025-211,STOC,2025,How to Protect Yourself from Threatening Skeletons: Optimal Padded Decompositions for Minor-Free Graphs,Jonathan Conroy; Arnold Filtser,Graph theory and graph algorithms,https://doi.org/10.1145/3717823.3718252,10.1145/3717823.3718252,https://acm-stoc.org/stoc2025/toc.html,https://acm-stoc.org/stoc2025/toc.html,LLM_reviewed_title,Title reviewed; candidate primary category retained.,Graph theory and graph algorithms,Graph theory and graph algorithms
STOC-2025-212,STOC,2025,Deterministic Vertex Connectivity via Common-Neighborhood Clustering and Pseudorandomness,Yonggang Jiang; Chaitanya Nalam; Thatchaphol Saranurak; Sorrachai Yingchareonthawornchai,Graph theory and graph algorithms,https://doi.org/10.1145/3717823.3718304,10.1145/3717823.3718304,https://acm-stoc.org/stoc2025/toc.html,https://acm-stoc.org/stoc2025/toc.html,LLM_reviewed_title,Primary subject selected in title review; overlapping techniques do not receive additional counts.,Pseudorandomness and derandomization,Pseudorandomness and derandomization
STOC-2025-213,STOC,2025,Global vs. s-t Vertex Connectivity Beyond Sequential: Almost-Perfect Reductions and Near-Optimal Separations,Joakim Blikstad; Yonggang Jiang; Sagnik Mukhopadhyay; Sorrachai Yingchareonthawornchai,Graph theory and graph algorithms,https://doi.org/10.1145/3717823.3718316,10.1145/3717823.3718316,https://acm-stoc.org/stoc2025/toc.html,https://acm-stoc.org/stoc2025/toc.html,LLM_reviewed_title,Title reviewed; candidate primary category retained.,Graph theory and graph algorithms,Graph theory and graph algorithms
STOC-2025-214,STOC,2025,Approximation Algorithms for the Geometric Multimatching Problem,Shinwoo An; Eunjin Oh; Jie Xue,Computational geometry,https://doi.org/10.1145/3717823.3718147,10.1145/3717823.3718147,https://acm-stoc.org/stoc2025/toc.html,https://acm-stoc.org/stoc2025/toc.html,LLM_reviewed_title,Primary subject selected in title review; overlapping techniques do not receive additional counts.,Computational geometry,Approximation algorithms
STOC-2025-215,STOC,2025,Constant Approximation of Fréchet Distance in Strongly Subquadratic Time,Siu-Wing Cheng; Haoqiang Huang; Shuo Zhang,Computational geometry,https://doi.org/10.1145/3717823.3718157,10.1145/3717823.3718157,https://acm-stoc.org/stoc2025/toc.html,https://acm-stoc.org/stoc2025/toc.html,LLM_reviewed_title,Primary subject selected in title review; overlapping techniques do not receive additional counts.,Approximation algorithms,Approximation algorithms
STOC-2025-216,STOC,2025,Sample-Optimal Private Regression in Polynomial Time,Prashanti Anderson; Ainesh Bakshi; Mahbod Majid; Stefan Tiegel,Differential privacy,https://doi.org/10.1145/3717823.3718218,10.1145/3717823.3718218,https://acm-stoc.org/stoc2025/toc.html,https://acm-stoc.org/stoc2025/toc.html,LLM_reviewed_title,Primary subject selected in title review; overlapping techniques do not receive additional counts.,General algorithm design,General algorithm design
STOC-2025-217,STOC,2025,Privately Evaluating Untrusted Black-Box Functions,Ephraim Linder; Sofya Raskhodnikova; Adam Smith; Thomas Steinke,Differential privacy,https://doi.org/10.1145/3717823.3718247,10.1145/3717823.3718247,https://acm-stoc.org/stoc2025/toc.html,https://acm-stoc.org/stoc2025/toc.html,LLM_reviewed_title,Primary subject selected in title review; overlapping techniques do not receive additional counts.,General algorithm design,General algorithm design
STOC-2025-218,STOC,2025,On Differentially Private Linear Algebra,Haim Kaplan; Yishay Mansour; Shay Moran; Uri Stemmer; Nitzan Tur,Differential privacy,https://doi.org/10.1145/3717823.3718274,10.1145/3717823.3718274,https://acm-stoc.org/stoc2025/toc.html,https://acm-stoc.org/stoc2025/toc.html,LLM_reviewed_title,Title reviewed; candidate primary category retained.,Differential privacy,Differential privacy
STOC-2025-219,STOC,2025,Fingerprinting Codes Meet Geometry: Improved Lower Bounds for Private Query Release and Adaptive Data Analysis,Xin Lyu; Kunal Talwar,Differential privacy,https://doi.org/10.1145/3717823.3718295,10.1145/3717823.3718295,https://acm-stoc.org/stoc2025/toc.html,https://acm-stoc.org/stoc2025/toc.html,LLM_reviewed_title,Title reviewed; candidate primary category retained.,General algorithm design,Differential privacy
STOC-2026-001,STOC,2026,Lower Bounds against the Ideal Proof System in Finite Fields,Tal Elbaz; Nashlen Govindasamy; Jiaqi Lu; Iddo Tzameret,Proof complexity and logic,https://doi.org/10.1145/3798129.3800721,10.1145/3798129.3800721,https://acm-stoc.org/stoc2026/toc.html,https://acm-stoc.org/stoc2026/toc.html,LLM_reviewed_title,Title reviewed; candidate primary category retained.,Proof complexity and logic,Proof complexity and logic
STOC-2026-002,STOC,2026,Deterministic Padded Decompositions and Negative-Weight Shortest Paths,Jason Li,Graph theory and graph algorithms,https://doi.org/10.1145/3798129.3800722,10.1145/3798129.3800722,https://acm-stoc.org/stoc2026/toc.html,https://acm-stoc.org/stoc2026/toc.html,LLM_reviewed_title,Title reviewed; candidate primary category retained.,Graph theory and graph algorithms,Graph theory and graph algorithms
STOC-2026-003,STOC,2026,Forbidden Subgraphs of Graphs with Low Bandwidth,Maria Chudnovsky; Daniel Lokshtanov; Eran Nevo,Graph theory and graph algorithms,https://doi.org/10.1145/3798129.3800723,10.1145/3798129.3800723,https://acm-stoc.org/stoc2026/toc.html,https://acm-stoc.org/stoc2026/toc.html,LLM_reviewed_title,Title reviewed; candidate primary category retained.,Graph theory and graph algorithms,Graph theory and graph algorithms
STOC-2026-004,STOC,2026,SNARGs for NP from Unprovability of Mathematical Theorems (Or: How to Use the Simplicity of Cryptographic Reasoning),Yao-Ching Hsieh; Abhishek Jain; Jiatu Li; Surya Mathialagan,Cryptography,https://doi.org/10.1145/3798129.3800724,10.1145/3798129.3800724,https://acm-stoc.org/stoc2026/toc.html,https://acm-stoc.org/stoc2026/toc.html,LLM_reviewed_title,Title reviewed; candidate primary category retained.,Cryptography,Cryptography
STOC-2026-005,STOC,2026,Smoothed Analysis of Learning from Positive Samples,Jane H. Lee; Anay Mehrotra; Manolis Zampetakis,Learning theory,https://doi.org/10.1145/3798129.3800725,10.1145/3798129.3800725,https://acm-stoc.org/stoc2026/toc.html,https://acm-stoc.org/stoc2026/toc.html,LLM_reviewed_title,Title reviewed; candidate primary category retained.,Learning theory,Learning theory
STOC-2026-006,STOC,2026,Few Single-Qubit Measurements Suffice to Certify Any Quantum State,Meghal Gupta; William He; Ryan O'Donnell,Quantum computation,https://doi.org/10.1145/3798129.3800726,10.1145/3798129.3800726,https://acm-stoc.org/stoc2026/toc.html,https://acm-stoc.org/stoc2026/toc.html,LLM_reviewed_title,Title reviewed; candidate primary category retained.,Quantum computation,Quantum computation
STOC-2026-007,STOC,2026,Separator Theorem for Minor-Free Graphs in Linear Time,Édouard Bonnet; Tuukka Korhonen; Hung Le; Jason Li; Tomáš Masařík,Graph theory and graph algorithms,https://doi.org/10.1145/3798129.3800727,10.1145/3798129.3800727,https://acm-stoc.org/stoc2026/toc.html,https://acm-stoc.org/stoc2026/toc.html,LLM_reviewed_title,Title reviewed; candidate primary category retained.,Graph theory and graph algorithms,Graph theory and graph algorithms
STOC-2026-008,STOC,2026,Near Optimal Hardness of Approximating 𝑘-CSP,Dor Minzer; Kai Zhe Zheng,Constraint satisfaction,https://doi.org/10.1145/3798129.3800728,10.1145/3798129.3800728,https://acm-stoc.org/stoc2026/toc.html,https://acm-stoc.org/stoc2026/toc.html,LLM_reviewed_title,Title reviewed; candidate primary category retained.,Constraint satisfaction,Constraint satisfaction
STOC-2026-009,STOC,2026,On the Learning Curves of Revenue Maximization,Steve Hanneke; Alkis Kalavasis; Shay Moran; Grigoris Velegkas,Algorithmic game theory and fair division,https://doi.org/10.1145/3798129.3800729,10.1145/3798129.3800729,https://acm-stoc.org/stoc2026/toc.html,https://acm-stoc.org/stoc2026/toc.html,LLM_reviewed_title,Primary subject selected in title review; overlapping techniques do not receive additional counts.,Learning theory,Learning theory
STOC-2026-010,STOC,2026,A Mysterious Connection between Tolerant Junta Testing and Agnostically Learning Conjunctions,Xi Chen; Shyamal Patel; Rocco A. Servedio,Property testing and distribution learning,https://doi.org/10.1145/3798129.3800730,10.1145/3798129.3800730,https://acm-stoc.org/stoc2026/toc.html,https://acm-stoc.org/stoc2026/toc.html,LLM_reviewed_title,Title reviewed; candidate primary category retained.,Property testing and distribution learning,Property testing and distribution learning
STOC-2026-011,STOC,2026,No Exponential Quantum Speedup for SIS∞ Anymore,Robin Kothari; Ryan O'Donnell; Kewen Wu,Lattices and computational number theory,https://doi.org/10.1145/3798129.3800731,10.1145/3798129.3800731,https://acm-stoc.org/stoc2026/toc.html,https://acm-stoc.org/stoc2026/toc.html,LLM_reviewed_title,Primary subject selected in title review; overlapping techniques do not receive additional counts.,Quantum computation,Quantum computation
STOC-2026-012,STOC,2026,Almost-Optimal Approximation Algorithms for Global Minimum Cut in Directed Graphs,Ron Mosenzon,Approximation algorithms,https://doi.org/10.1145/3798129.3800732,10.1145/3798129.3800732,https://acm-stoc.org/stoc2026/toc.html,https://acm-stoc.org/stoc2026/toc.html,LLM_reviewed_title,Title reviewed; candidate primary category retained.,Approximation algorithms,Approximation algorithms
STOC-2026-013,STOC,2026,Incremental Shortest Paths in Almost Linear Time via a Modified Interior Point Method,Yang P. Liu,Dynamic graph algorithms,https://doi.org/10.1145/3798129.3800733,10.1145/3798129.3800733,https://acm-stoc.org/stoc2026/toc.html,https://acm-stoc.org/stoc2026/toc.html,LLM_reviewed_title,Title reviewed; candidate primary category retained.,Graph theory and graph algorithms,Dynamic graph algorithms
STOC-2026-014,STOC,2026,S-Unit Equations in Modules and Linear-Exponential Diophantine Equations,Ruiwen Dong; Doron Shafrir,Algebraic and numerical computation,https://doi.org/10.1145/3798129.3800734,10.1145/3798129.3800734,https://acm-stoc.org/stoc2026/toc.html,https://acm-stoc.org/stoc2026/toc.html,LLM_reviewed_abstract,S-unit equations over finitely presented modules and computational algebra applications.,General algorithm design,General algorithm design
STOC-2026-015,STOC,2026,The Weak Rank Principle: Lower Bounds and Applications,Michal Garlík; Svyatoslav Gryaznov; Hanlin Ren; Iddo Tzameret,Proof complexity and logic,https://doi.org/10.1145/3798129.3800735,10.1145/3798129.3800735,https://acm-stoc.org/stoc2026/toc.html,https://acm-stoc.org/stoc2026/toc.html,LLM_reviewed_title,Primary subject selected in title review; overlapping techniques do not receive additional counts.,General algorithm design,General algorithm design
STOC-2026-016,STOC,2026,Compressed Permutation Oracles,Joseph Carolan,Cryptography,https://doi.org/10.1145/3798129.3800736,10.1145/3798129.3800736,https://acm-stoc.org/stoc2026/toc.html,https://acm-stoc.org/stoc2026/toc.html,LLM_reviewed_abstract,Compressed permutation oracle for quantum security proofs of Feistel and related constructions.,Data structures and compressed data,Data structures and compressed data
STOC-2026-017,STOC,2026,Optimal Contest beyond Convexity,Negin Golrezaei; MohammadTaghi Hajiaghayi; Suho Shin,Algorithmic game theory and fair division,https://doi.org/10.1145/3798129.3800737,10.1145/3798129.3800737,https://acm-stoc.org/stoc2026/toc.html,https://acm-stoc.org/stoc2026/toc.html,LLM_reviewed_title,Primary subject selected in title review; overlapping techniques do not receive additional counts.,General algorithm design,General algorithm design
STOC-2026-018,STOC,2026,Closure under Factorization from a Result of Furstenberg,Somnath Bhattacharjee; Mrinal Kumar; Shanthanu S. Rai; Varun Ramanathan; Ramprasad Saptharishi; Shubhangi Saraf,Algebraic and numerical computation,https://doi.org/10.1145/3798129.3800738,10.1145/3798129.3800738,https://acm-stoc.org/stoc2026/toc.html,https://acm-stoc.org/stoc2026/toc.html,LLM_reviewed_title,Primary subject selected in title review; overlapping techniques do not receive additional counts.,General algorithm design,General algorithm design
STOC-2026-019,STOC,2026,A Unified Approach to Memory-Sample Tradeoffs for Detecting Planted Structures,Sumegha Garg; Jabari Hastings; Chirag Pabbaraju; Vatsal Sharan,Average-case complexity,https://doi.org/10.1145/3798129.3800739,10.1145/3798129.3800739,https://acm-stoc.org/stoc2026/toc.html,https://acm-stoc.org/stoc2026/toc.html,LLM_reviewed_title,Primary subject selected in title review; overlapping techniques do not receive additional counts.,General algorithm design,General algorithm design
STOC-2026-020,STOC,2026,Deterministic Negative-Weight Shortest Paths in Nearly Linear Time via Path Covers,Bernhard Haeupler; Yonggang Jiang; Thatchaphol Saranurak,Graph theory and graph algorithms,https://doi.org/10.1145/3798129.3800740,10.1145/3798129.3800740,https://acm-stoc.org/stoc2026/toc.html,https://acm-stoc.org/stoc2026/toc.html,LLM_reviewed_title,Title reviewed; candidate primary category retained.,Graph theory and graph algorithms,Graph theory and graph algorithms
STOC-2026-021,STOC,2026,Adaptive Robustness of Hypergrid Johnson-Lindenstrauss,Andrej Bogdanov; Alon Rosen; Neekon Vafa; Vinod Vaikuntanathan,Computational geometry,https://doi.org/10.1145/3798129.3800741,10.1145/3798129.3800741,https://acm-stoc.org/stoc2026/toc.html,https://acm-stoc.org/stoc2026/toc.html,LLM_reviewed_title,Primary subject selected in title review; overlapping techniques do not receive additional counts.,General algorithm design,General algorithm design
STOC-2026-022,STOC,2026,Beyond Smoothed Analysis: Analyzing the Simplex Method By-the-Book,Eleon Bach; Alexander E. Black; Sophie Huiberts; Sean Kafer,Optimization and mathematical programming,https://doi.org/10.1145/3798129.3800742,10.1145/3798129.3800742,https://acm-stoc.org/stoc2026/toc.html,https://acm-stoc.org/stoc2026/toc.html,LLM_reviewed_title,Primary subject selected in title review; overlapping techniques do not receive additional counts.,General algorithm design,General algorithm design
STOC-2026-023,STOC,2026,Sampling Permutations with Cell Probes Is Hard,Yaroslav Alekseev; Mika Göös; Konstantin Myasnikov; Artur Riazanov; Dmitry Sokolov,Data structures and compressed data,https://doi.org/10.1145/3798129.3800743,10.1145/3798129.3800743,https://acm-stoc.org/stoc2026/toc.html,https://acm-stoc.org/stoc2026/toc.html,LLM_reviewed_title,Primary subject selected in title review; overlapping techniques do not receive additional counts.,General algorithm design,General algorithm design
STOC-2026-024,STOC,2026,A Dichotomy Theorem for Multi-pass Streaming CSPs,Yumou Fei; Dor Minzer; Shuo Wang,Streaming and sketching,https://doi.org/10.1145/3798129.3800744,10.1145/3798129.3800744,https://acm-stoc.org/stoc2026/toc.html,https://acm-stoc.org/stoc2026/toc.html,LLM_reviewed_title,Primary subject selected in title review; overlapping techniques do not receive additional counts.,Streaming and sketching,Constraint satisfaction
STOC-2026-025,STOC,2026,NP-Membership for the Boundary-Boundary Art-Gallery Problem,Jack Stade,Computational geometry,https://doi.org/10.1145/3798129.3800745,10.1145/3798129.3800745,https://acm-stoc.org/stoc2026/toc.html,https://acm-stoc.org/stoc2026/toc.html,LLM_reviewed_title,Primary subject selected in title review; overlapping techniques do not receive additional counts.,Computational and circuit complexity,Computational and circuit complexity
STOC-2026-026,STOC,2026,Shortcutting for Negative-Weight Shortest Paths,George Z. Li; Jason Li; Satish Rao; Junkai Zhang,Graph theory and graph algorithms,https://doi.org/10.1145/3798129.3800746,10.1145/3798129.3800746,https://acm-stoc.org/stoc2026/toc.html,https://acm-stoc.org/stoc2026/toc.html,LLM_reviewed_title,Title reviewed; candidate primary category retained.,Graph theory and graph algorithms,Graph theory and graph algorithms
STOC-2026-027,STOC,2026,"Path Cover, Hamiltonicity, and Independence Number: An FPT Perspective",Fedor V. Fomin; Petr A. Golovach; Nikola Jedličková; Jan Kratochvíl; Danil Sagunov; Kirill Simonov,Parameterized and exact algorithms,https://doi.org/10.1145/3798129.3800747,10.1145/3798129.3800747,https://acm-stoc.org/stoc2026/toc.html,https://acm-stoc.org/stoc2026/toc.html,LLM_reviewed_title,Title reviewed; candidate primary category retained.,Parameterized and exact algorithms,Parameterized and exact algorithms
STOC-2026-028,STOC,2026,Fisher Meets Lindahl: A Unified Duality Framework for Market Equilibrium,Yixin Tao; Weiqiang Zheng,Algorithmic game theory and fair division,https://doi.org/10.1145/3798129.3800748,10.1145/3798129.3800748,https://acm-stoc.org/stoc2026/toc.html,https://acm-stoc.org/stoc2026/toc.html,LLM_reviewed_title,Title reviewed; candidate primary category retained.,Algorithmic game theory and fair division,Algorithmic game theory and fair division
STOC-2026-029,STOC,2026,An Analytical Approach to Parallel Repetition via CSP Inverse Theorems,Amey Bhangale; Mark Braverman; Subhash Khot; Yang Liu; Dor Minzer; Kunal Mittal,Proof complexity and logic,https://doi.org/10.1145/3798129.3800749,10.1145/3798129.3800749,https://acm-stoc.org/stoc2026/toc.html,https://acm-stoc.org/stoc2026/toc.html,LLM_reviewed_title,Primary subject selected in title review; overlapping techniques do not receive additional counts.,Constraint satisfaction,Constraint satisfaction
STOC-2026-030,STOC,2026,Fourier Spectrum of Noisy Quantum Algorithms,Uma Girish,Quantum computation,https://doi.org/10.1145/3798129.3800750,10.1145/3798129.3800750,https://acm-stoc.org/stoc2026/toc.html,https://acm-stoc.org/stoc2026/toc.html,LLM_reviewed_title,Title reviewed; candidate primary category retained.,Quantum computation,Quantum computation
STOC-2026-031,STOC,2026,MIPᶜᵒ=coRE,Junqiao (Randy) Lin,Quantum computation,https://doi.org/10.1145/3798129.3800751,10.1145/3798129.3800751,https://acm-stoc.org/stoc2026/toc.html,https://acm-stoc.org/stoc2026/toc.html,LLM_reviewed_title,Primary subject selected in title review; overlapping techniques do not receive additional counts.,General algorithm design,General algorithm design
STOC-2026-032,STOC,2026,The Skolem Problem in Rings of Positive Characteristic,Ruiwen Dong; Doron Shafrir,Computability and algorithmic information,https://doi.org/10.1145/3798129.3800752,10.1145/3798129.3800752,https://acm-stoc.org/stoc2026/toc.html,https://acm-stoc.org/stoc2026/toc.html,LLM_reviewed_abstract,Decidability of zero occurrence in linear recurrences over positive-characteristic rings.,General algorithm design,General algorithm design
STOC-2026-033,STOC,2026,Fine-Grained Complexity of Continuous Euclidean k-Center,Lotte Blank; Karl Bringmann; Parinya Chalermsook; Karthik C. S.; Benedikt Kolbe; Hung Le; Geert van Wordragen,Fine-grained complexity,https://doi.org/10.1145/3798129.3800753,10.1145/3798129.3800753,https://acm-stoc.org/stoc2026/toc.html,https://acm-stoc.org/stoc2026/toc.html,LLM_reviewed_title,Title reviewed; candidate primary category retained.,Fine-grained complexity,Fine-grained complexity
STOC-2026-034,STOC,2026,"Generalized Samorodnitsky Noisy Function Inequalities, with Applications to Error-Correcting Codes",Olakunle Sunday Abawonse; Jan Hązła; Ryan O'Donnell,Coding and information theory,https://doi.org/10.1145/3798129.3800754,10.1145/3798129.3800754,https://acm-stoc.org/stoc2026/toc.html,https://acm-stoc.org/stoc2026/toc.html,LLM_reviewed_title,Title reviewed; candidate primary category retained.,Coding and information theory,Coding and information theory
STOC-2026-035,STOC,2026,A Sharp Characterization of Pessiland,Shuichi Hirahara; Mikito Nanashima,Average-case complexity,https://doi.org/10.1145/3798129.3800755,10.1145/3798129.3800755,https://acm-stoc.org/stoc2026/toc.html,https://acm-stoc.org/stoc2026/toc.html,LLM_reviewed_title,Primary subject selected in title review; overlapping techniques do not receive additional counts.,General algorithm design,General algorithm design
STOC-2026-036,STOC,2026,Combinatorial Bounds for List Recovery via Discrete Brascamp-Lieb Inequalities,Joshua Brakensiek; Yeyuan Chen; Manik Dhar; Zihan Zhang,Coding and information theory,https://doi.org/10.1145/3798129.3800756,10.1145/3798129.3800756,https://acm-stoc.org/stoc2026/toc.html,https://acm-stoc.org/stoc2026/toc.html,LLM_reviewed_title,Primary subject selected in title review; overlapping techniques do not receive additional counts.,Combinatorics and graph polynomials,Combinatorics and graph polynomials
STOC-2026-037,STOC,2026,Complexity-Theoretic Universal Inductive Inference,Shuichi Hirahara; Mikito Nanashima,Learning theory,https://doi.org/10.1145/3798129.3800757,10.1145/3798129.3800757,https://acm-stoc.org/stoc2026/toc.html,https://acm-stoc.org/stoc2026/toc.html,LLM_reviewed_title,Primary subject selected in title review; overlapping techniques do not receive additional counts.,General algorithm design,General algorithm design
STOC-2026-038,STOC,2026,Tâtonnement Dynamics for Fisher Markets with Chores,Bhaskar Ray Chaudhury; Christian Kroer; Ruta Mehta; Tianlong Nan,Algorithmic game theory and fair division,https://doi.org/10.1145/3798129.3800758,10.1145/3798129.3800758,https://acm-stoc.org/stoc2026/toc.html,https://acm-stoc.org/stoc2026/toc.html,LLM_reviewed_title,Primary subject selected in title review; overlapping techniques do not receive additional counts.,General algorithm design,General algorithm design
STOC-2026-039,STOC,2026,Instance-Optimal Quantum State Certification with Entangled Measurements,Ryan O'Donnell; Chirag Wadhwa,Quantum computation,https://doi.org/10.1145/3798129.3800759,10.1145/3798129.3800759,https://acm-stoc.org/stoc2026/toc.html,https://acm-stoc.org/stoc2026/toc.html,LLM_reviewed_title,Title reviewed; candidate primary category retained.,Quantum computation,Quantum computation
STOC-2026-040,STOC,2026,Hesse’s Redemption: Efficient Convex Polynomial Programming,Lucas Slot; David Steurer; Manuel Wiedmer,Optimization and mathematical programming,https://doi.org/10.1145/3798129.3800760,10.1145/3798129.3800760,https://acm-stoc.org/stoc2026/toc.html,https://acm-stoc.org/stoc2026/toc.html,LLM_reviewed_title,Title reviewed; candidate primary category retained.,General algorithm design,Optimization and mathematical programming
STOC-2026-041,STOC,2026,Sparsifying Suprema of Gaussian Processes,Anindya De; Shivam Nadimpalli; Ryan O'Donnell; Rocco A. Servedio,Combinatorics and graph polynomials,https://doi.org/10.1145/3798129.3800761,10.1145/3798129.3800761,https://acm-stoc.org/stoc2026/toc.html,https://acm-stoc.org/stoc2026/toc.html,LLM_reviewed_title,Primary subject selected in title review; overlapping techniques do not receive additional counts.,General algorithm design,General algorithm design
STOC-2026-042,STOC,2026,Decoupling via Affine Spectral-Independence: Beck-Fiala and Komlós Bounds beyond Banaszczyk,Nikhil Bansal; Haotian Jiang,Combinatorics and graph polynomials,https://doi.org/10.1145/3798129.3800762,10.1145/3798129.3800762,https://acm-stoc.org/stoc2026/toc.html,https://acm-stoc.org/stoc2026/toc.html,LLM_reviewed_title,Primary subject selected in title review; overlapping techniques do not receive additional counts.,General algorithm design,General algorithm design
STOC-2026-043,STOC,2026,Derandomizing Matrix Concentration Inequalities from Free Probability,Robert Wang; Lap Chi Lau; Hong Zhou,Pseudorandomness and derandomization,https://doi.org/10.1145/3798129.3800763,10.1145/3798129.3800763,https://acm-stoc.org/stoc2026/toc.html,https://acm-stoc.org/stoc2026/toc.html,LLM_reviewed_title,Title reviewed; candidate primary category retained.,Pseudorandomness and derandomization,Pseudorandomness and derandomization
STOC-2026-044,STOC,2026,On the Cryptographic Foundations of Interactive Quantum Advantage,Kabir Tomer; Mark Zhandry,Cryptography,https://doi.org/10.1145/3798129.3800764,10.1145/3798129.3800764,https://acm-stoc.org/stoc2026/toc.html,https://acm-stoc.org/stoc2026/toc.html,LLM_reviewed_title,Title reviewed; candidate primary category retained.,Quantum computation,Cryptography
STOC-2026-045,STOC,2026,A Constant-Factor Approximation for Directed Latency,Jannis Blauth; Ramin Mousavi,Approximation algorithms,https://doi.org/10.1145/3798129.3800765,10.1145/3798129.3800765,https://acm-stoc.org/stoc2026/toc.html,https://acm-stoc.org/stoc2026/toc.html,LLM_reviewed_title,Title reviewed; candidate primary category retained.,Approximation algorithms,Approximation algorithms
STOC-2026-046,STOC,2026,Learning CNF Formulas from Uniform Random Solutions in the Local Lemma Regime,Weiming Feng; Xiongxin Yang; Yixiao Yu; Yiyao Zhang,Learning theory,https://doi.org/10.1145/3798129.3800766,10.1145/3798129.3800766,https://acm-stoc.org/stoc2026/toc.html,https://acm-stoc.org/stoc2026/toc.html,LLM_reviewed_title,Title reviewed; candidate primary category retained.,Learning theory,Learning theory
STOC-2026-047,STOC,2026,The Complexity of Min-Max Optimization with Product Constraints,Martino Bernasconi; Matteo Castiglioni,Optimization and mathematical programming,https://doi.org/10.1145/3798129.3800767,10.1145/3798129.3800767,https://acm-stoc.org/stoc2026/toc.html,https://acm-stoc.org/stoc2026/toc.html,LLM_reviewed_title,Title reviewed; candidate primary category retained.,Optimization and mathematical programming,Optimization and mathematical programming
STOC-2026-048,STOC,2026,Better Neural Network Expressivity: Subdividing the Simplex,Egor Bakaev; Florestan Brunck; Christoph Hertrich; Jack Stade; Amir Yehudayoff,Learning theory,https://doi.org/10.1145/3798129.3800768,10.1145/3798129.3800768,https://acm-stoc.org/stoc2026/toc.html,https://acm-stoc.org/stoc2026/toc.html,LLM_reviewed_title,Title reviewed; candidate primary category retained.,Learning theory,Learning theory
STOC-2026-049,STOC,2026,On Zeros and Algorithms for Disordered Systems: Mean-Field Spin Glasses,Ferenc Bencs; Brice Huang; Daniel Z. Lee; Kuikui Liu; Guus Regts,Average-case complexity,https://doi.org/10.1145/3798129.3800769,10.1145/3798129.3800769,https://acm-stoc.org/stoc2026/toc.html,https://acm-stoc.org/stoc2026/toc.html,LLM_reviewed_title,Title reviewed; candidate primary category retained.,General algorithm design,Average-case complexity
STOC-2026-050,STOC,2026,Entrywise Approximate Solutions for SDDM Systems in Almost-Linear Time,Angelo Farfan; Mehrdad Ghadiri; Junzhao Yang,Optimization and mathematical programming,https://doi.org/10.1145/3798129.3800770,10.1145/3798129.3800770,https://acm-stoc.org/stoc2026/toc.html,https://acm-stoc.org/stoc2026/toc.html,LLM_reviewed_title,Primary subject selected in title review; overlapping techniques do not receive additional counts.,Approximation algorithms,Approximation algorithms
STOC-2026-051,STOC,2026,Borsuk-Ulam and Replicable Learning of Large-Margin Halfspaces,Ari Blondal; Hamed Hatami; Pooya Hatami; Chavdar Lalov; Sivan Tretiak,Learning theory,https://doi.org/10.1145/3798129.3800771,10.1145/3798129.3800771,https://acm-stoc.org/stoc2026/toc.html,https://acm-stoc.org/stoc2026/toc.html,LLM_reviewed_title,Title reviewed; candidate primary category retained.,Learning theory,Learning theory
STOC-2026-052,STOC,2026,Efficient Quantum Hermite Transform,Siddhartha Jain; Vishnu Iyer; Rolando D. Somma; Ning Bao; Stephen Jordan,Quantum computation,https://doi.org/10.1145/3798129.3800772,10.1145/3798129.3800772,https://acm-stoc.org/stoc2026/toc.html,https://acm-stoc.org/stoc2026/toc.html,LLM_reviewed_title,Title reviewed; candidate primary category retained.,Quantum computation,Quantum computation
STOC-2026-053,STOC,2026,Optimal Random Self-Reductions for All Linear Problems,Shuichi Hirahara; Nobutaka Shimizu,Average-case complexity,https://doi.org/10.1145/3798129.3800773,10.1145/3798129.3800773,https://acm-stoc.org/stoc2026/toc.html,https://acm-stoc.org/stoc2026/toc.html,LLM_reviewed_abstract,Optimal worst-case to average-case reductions for linear problems.,General algorithm design,General algorithm design
STOC-2026-054,STOC,2026,Determination of the Fifth Busy Beaver Value,Justin Blanchard; Daniel Briggs; Konrad Deka; Nathan Fenner; Yannick Forster; Georgi Georgiev (Skelet); Matthew L. House; Maja Kądziołka; Pavel Kropitz; Shawn Ligocki; mxdys; Mateusz Naściszewski; Tristan Stérin; Chris Xu; Jason Yuen; Théo Zimmermann,Computability and algorithmic information,https://doi.org/10.1145/3798129.3806376,10.1145/3798129.3806376,https://acm-stoc.org/stoc2026/toc.html,https://acm-stoc.org/stoc2026/toc.html,LLM_reviewed_title,Title reviewed; candidate primary category retained.,Computability and algorithmic information,Computability and algorithmic information
STOC-2026-055,STOC,2026,Dynamic Meta-Kernelization,Christian Bertram; Deborah Haun; Mads Vestergaard Jensen; Tuukka Korhonen,Parameterized and exact algorithms,https://doi.org/10.1145/3798129.3800774,10.1145/3798129.3800774,https://acm-stoc.org/stoc2026/toc.html,https://acm-stoc.org/stoc2026/toc.html,LLM_reviewed_title,Title reviewed; candidate primary category retained.,Parameterized and exact algorithms,Parameterized and exact algorithms
STOC-2026-056,STOC,2026,Boolean Function Monotonicity Testing Requires (Almost) n1/2 Queries,Mark Chen; Xi Chen; Hao Cui; William Pires; Jonah Stockwell,Property testing and distribution learning,https://doi.org/10.1145/3798129.3800775,10.1145/3798129.3800775,https://acm-stoc.org/stoc2026/toc.html,https://acm-stoc.org/stoc2026/toc.html,LLM_reviewed_title,Title reviewed; candidate primary category retained.,Property testing and distribution learning,Property testing and distribution learning
STOC-2026-057,STOC,2026,Separating QMA from QCMA with a Classical Oracle,John Bostanci; Jonas Haferkamp; Chinmay Nirkhe; Mark Zhandry,Quantum computation,https://doi.org/10.1145/3798129.3800776,10.1145/3798129.3800776,https://acm-stoc.org/stoc2026/toc.html,https://acm-stoc.org/stoc2026/toc.html,LLM_reviewed_title,Title reviewed; candidate primary category retained.,Quantum computation,Quantum computation
STOC-2026-058,STOC,2026,Perfect Network Resilience in Polynomial Time,Matthias Bentert; Stefan Schmid,Graph theory and graph algorithms,https://doi.org/10.1145/3798129.3800777,10.1145/3798129.3800777,https://acm-stoc.org/stoc2026/toc.html,https://acm-stoc.org/stoc2026/toc.html,LLM_reviewed_title,Title reviewed; candidate primary category retained.,General algorithm design,Graph theory and graph algorithms
STOC-2026-059,STOC,2026,From Random to Explicit via Subspace Designs with Applications to Local Properties and Matroids,Joshua Brakensiek; Yeyuan Chen; Manik Dhar; Zihan Zhang,Coding and information theory,https://doi.org/10.1145/3798129.3800778,10.1145/3798129.3800778,https://acm-stoc.org/stoc2026/toc.html,https://acm-stoc.org/stoc2026/toc.html,LLM_reviewed_abstract,Local equivalence and explicit construction of subspace-designable codes.,Optimization and mathematical programming,Optimization and mathematical programming
STOC-2026-060,STOC,2026,Lower Bounds in Algebraic Complexity via Symmetry and Homomorphism Polynomials,Prateek Dwivedi; Benedikt Pago; Tim Seppelt,Algebraic and numerical computation,https://doi.org/10.1145/3798129.3800779,10.1145/3798129.3800779,https://acm-stoc.org/stoc2026/toc.html,https://acm-stoc.org/stoc2026/toc.html,LLM_reviewed_title,Title reviewed; candidate primary category retained.,Algebraic and numerical computation,Algebraic and numerical computation
STOC-2026-061,STOC,2026,Kolmogorov’s Approach to P vs. NP: Chain Rules for Time-Bounded Kolmogorov Complexity,Valentine Kabanets; Antonina Kolokolova,Computability and algorithmic information,https://doi.org/10.1145/3798129.3800780,10.1145/3798129.3800780,https://acm-stoc.org/stoc2026/toc.html,https://acm-stoc.org/stoc2026/toc.html,LLM_reviewed_title,Title reviewed; candidate primary category retained.,Computability and algorithmic information,Computability and algorithmic information
STOC-2026-062,STOC,2026,Reviving Thorup’s Shortcut Conjecture,Aaron Bernstein; Henry Fleischmann; Maximilian Probst Gutenberg; Bernhard Haeupler; Gary Hoppenworth; Yonggang Jiang; George Z. Li; Seth Pettie; Thatchaphol Saranurak; Leon Schiller,Graph theory and graph algorithms,https://doi.org/10.1145/3798129.3800781,10.1145/3798129.3800781,https://acm-stoc.org/stoc2026/toc.html,https://acm-stoc.org/stoc2026/toc.html,LLM_reviewed_title,Primary subject selected in title review; overlapping techniques do not receive additional counts.,Graph theory and graph algorithms,General algorithm design
STOC-2026-063,STOC,2026,"SNARGs for NP and Non-signaling PCPs, Revisited",Lalita Devadas; Samuel B. Hopkins; Yael Tauman Kalai; Pravesh K. Kothari; Alex Lombardi; Surya Mathialagan,Cryptography,https://doi.org/10.1145/3798129.3800782,10.1145/3798129.3800782,https://acm-stoc.org/stoc2026/toc.html,https://acm-stoc.org/stoc2026/toc.html,LLM_reviewed_title,Title reviewed; candidate primary category retained.,Computational and circuit complexity,Cryptography
STOC-2026-064,STOC,2026,A Meta-complexity Characterization of Minimal Quantum Cryptography,Bruno Cavalar; Boyang Chen; Andrea Coladangelo; Matthew Gray; Zihan Hu; Zhengfeng Ji; Xingjian Li,Cryptography,https://doi.org/10.1145/3798129.3800783,10.1145/3798129.3800783,https://acm-stoc.org/stoc2026/toc.html,https://acm-stoc.org/stoc2026/toc.html,LLM_reviewed_title,Title reviewed; candidate primary category retained.,Quantum computation,Cryptography
STOC-2026-065,STOC,2026,Fast and Compact Random Mappings with Uniform Guarantees and Applications,Ying Feng; Piotr Indyk,Data structures and compressed data,https://doi.org/10.1145/3798129.3800784,10.1145/3798129.3800784,https://acm-stoc.org/stoc2026/toc.html,https://acm-stoc.org/stoc2026/toc.html,LLM_reviewed_title,Primary subject selected in title review; overlapping techniques do not receive additional counts.,General algorithm design,General algorithm design
STOC-2026-066,STOC,2026,Lower Estimates for L₁-Distortion of Transportation Cost Spaces,Chris Gartland; Mikhail Ostrovskii,Computational geometry,https://doi.org/10.1145/3798129.3800785,10.1145/3798129.3800785,https://acm-stoc.org/stoc2026/toc.html,https://acm-stoc.org/stoc2026/toc.html,LLM_reviewed_title,Primary subject selected in title review; overlapping techniques do not receive additional counts.,General algorithm design,General algorithm design
STOC-2026-067,STOC,2026,Approximating Gains-from-Trade in Matching Markets,Moshe Babaioff; Aviad Rubinstein; Xizhi Tan; Kangning Wang,Algorithmic game theory and fair division,https://doi.org/10.1145/3798129.3800786,10.1145/3798129.3800786,https://acm-stoc.org/stoc2026/toc.html,https://acm-stoc.org/stoc2026/toc.html,LLM_reviewed_title,Primary subject selected in title review; overlapping techniques do not receive additional counts.,Approximation algorithms,Approximation algorithms
STOC-2026-068,STOC,2026,Sample Complexity of Agnostic Multiclass Classification: Natarajan Dimension Strikes Back,Alon Cohen; Liad Erez; Steve Hanneke; Tomer Koren; Yishay Mansour; Shay Moran; Qian Zhang,Learning theory,https://doi.org/10.1145/3798129.3800787,10.1145/3798129.3800787,https://acm-stoc.org/stoc2026/toc.html,https://acm-stoc.org/stoc2026/toc.html,LLM_reviewed_title,Title reviewed; candidate primary category retained.,Learning theory,Learning theory
STOC-2026-069,STOC,2026,Quantum Circuit Lower Bounds in the Magic Hierarchy,Natalie Parham,Quantum computation,https://doi.org/10.1145/3798129.3800788,10.1145/3798129.3800788,https://acm-stoc.org/stoc2026/toc.html,https://acm-stoc.org/stoc2026/toc.html,LLM_reviewed_title,Title reviewed; candidate primary category retained.,Quantum computation,Quantum computation
STOC-2026-070,STOC,2026,Approximation Schemes for Edit Distance and LCS in Quasi-Strongly Subquadratic Time,Xiao Mao; Aviad Rubinstein,Data structures and compressed data,https://doi.org/10.1145/3798129.3800789,10.1145/3798129.3800789,https://acm-stoc.org/stoc2026/toc.html,https://acm-stoc.org/stoc2026/toc.html,LLM_reviewed_title,Title reviewed; candidate primary category retained.,Data structures and compressed data,Data structures and compressed data
STOC-2026-071,STOC,2026,Trust Region Interior Point Methods: Optimal ℓ₂- and Faster Wide-Neighborhood Path Following,Daniel Dadush; Haoyuan Ma; Bento Natura; László A. Végh,Optimization and mathematical programming,https://doi.org/10.1145/3798129.3800790,10.1145/3798129.3800790,https://acm-stoc.org/stoc2026/toc.html,https://acm-stoc.org/stoc2026/toc.html,LLM_reviewed_title,Title reviewed; candidate primary category retained.,Graph theory and graph algorithms,Optimization and mathematical programming
STOC-2026-072,STOC,2026,High-Accuracy List-Decodable Mean Estimation,Ziyun Chen; Spencer Compton; Daniel M. Kane; Jerry Li,Learning theory,https://doi.org/10.1145/3798129.3800791,10.1145/3798129.3800791,https://acm-stoc.org/stoc2026/toc.html,https://acm-stoc.org/stoc2026/toc.html,LLM_reviewed_title,Primary subject selected in title review; overlapping techniques do not receive additional counts.,Coding and information theory,Coding and information theory
STOC-2026-073,STOC,2026,On the Informativeness of Moments in Optimal Stopping,José Correa; Andrés Cristi; Vasilis Livanos; Victor Verdugo; Jiechen Zhang,"Online algorithms, bandits and stochastic optimization",https://doi.org/10.1145/3798129.3800792,10.1145/3798129.3800792,https://acm-stoc.org/stoc2026/toc.html,https://acm-stoc.org/stoc2026/toc.html,LLM_reviewed_title,Primary subject selected in title review; overlapping techniques do not receive additional counts.,General algorithm design,General algorithm design
STOC-2026-074,STOC,2026,Finding Bugs in Short Proofs: The Metamathematics of Resolution Lower Bounds,Jiawei Li; Yuhao Li; Hanlin Ren,Proof complexity and logic,https://doi.org/10.1145/3798129.3800793,10.1145/3798129.3800793,https://acm-stoc.org/stoc2026/toc.html,https://acm-stoc.org/stoc2026/toc.html,LLM_reviewed_title,Primary subject selected in title review; overlapping techniques do not receive additional counts.,General algorithm design,General algorithm design
STOC-2026-075,STOC,2026,Testing Noisy Low-Degree Polynomials for Sparsity,Yiqiao Bao; Anindya De; Shivam Nadimpalli; Rocco A. Servedio; Nathan White,Property testing and distribution learning,https://doi.org/10.1145/3798129.3800794,10.1145/3798129.3800794,https://acm-stoc.org/stoc2026/toc.html,https://acm-stoc.org/stoc2026/toc.html,LLM_reviewed_title,Title reviewed; candidate primary category retained.,General algorithm design,Property testing and distribution learning
STOC-2026-076,STOC,2026,Probabilistic Guarantees to Explicit Constructions: Local Properties of Linear Codes,Fernando Granha Jeronimo; Nikhil Shagrithaya,Coding and information theory,https://doi.org/10.1145/3798129.3800795,10.1145/3798129.3800795,https://acm-stoc.org/stoc2026/toc.html,https://acm-stoc.org/stoc2026/toc.html,LLM_reviewed_title,Title reviewed; candidate primary category retained.,General algorithm design,Coding and information theory
STOC-2026-077,STOC,2026,Average Hardness of SIVP for Module Lattices of Fixed Rank,Koen de Boer; Aurel Page; Radu Toma; Benjamin Wesolowski,Lattices and computational number theory,https://doi.org/10.1145/3798129.3800796,10.1145/3798129.3800796,https://acm-stoc.org/stoc2026/toc.html,https://acm-stoc.org/stoc2026/toc.html,LLM_reviewed_title,Title reviewed; candidate primary category retained.,Lattices and computational number theory,Lattices and computational number theory
STOC-2026-078,STOC,2026,"Contention Resolution, with and without a Global Clock",Zixi Cai; Kuowen Chen; Shengquan Du; Tsvi Kopelowitz; Seth Pettie; Ben Plosk,"Online algorithms, bandits and stochastic optimization",https://doi.org/10.1145/3798129.3800797,10.1145/3798129.3800797,https://acm-stoc.org/stoc2026/toc.html,https://acm-stoc.org/stoc2026/toc.html,LLM_reviewed_title,Primary subject selected in title review; overlapping techniques do not receive additional counts.,General algorithm design,General algorithm design
STOC-2026-079,STOC,2026,Fast Mixing of Quantum Spin Chains at All Temperatures,Thiago Bergamaschi; Chi-Fang Chen,Quantum computation,https://doi.org/10.1145/3798129.3800798,10.1145/3798129.3800798,https://acm-stoc.org/stoc2026/toc.html,https://acm-stoc.org/stoc2026/toc.html,LLM_reviewed_title,Title reviewed; candidate primary category retained.,Quantum computation,Quantum computation
STOC-2026-080,STOC,2026,Magic and Communication Complexity,Uma Girish; Alex May; Natalie Parham; Henry Yuen,Quantum computation,https://doi.org/10.1145/3798129.3800799,10.1145/3798129.3800799,https://acm-stoc.org/stoc2026/toc.html,https://acm-stoc.org/stoc2026/toc.html,LLM_reviewed_title,Primary subject selected in title review; overlapping techniques do not receive additional counts.,Communication complexity,Communication complexity
STOC-2026-081,STOC,2026,Average-Case Complexity of Quantum Stabilizer Decoding,Andrey Boris Khesin; Jonathan Lu; Alexander Poremba; Akshar Ramkumar; Vinod Vaikuntanathan,Quantum computation,https://doi.org/10.1145/3798129.3800800,10.1145/3798129.3800800,https://acm-stoc.org/stoc2026/toc.html,https://acm-stoc.org/stoc2026/toc.html,LLM_reviewed_title,Title reviewed; candidate primary category retained.,Quantum computation,Quantum computation
STOC-2026-082,STOC,2026,Clifford Testing: Algorithms and Lower Bounds,Marcel Hinsche; Zongbo Bao; Philippe van Dordrecht; Jens Eisert; Jop Briët; Jonas Helsen,Quantum computation,https://doi.org/10.1145/3798129.3800801,10.1145/3798129.3800801,https://acm-stoc.org/stoc2026/toc.html,https://acm-stoc.org/stoc2026/toc.html,LLM_reviewed_title,Primary subject selected in title review; overlapping techniques do not receive additional counts.,General algorithm design,Property testing and distribution learning
STOC-2026-083,STOC,2026,Superquadratic Lower Bounds for Depth-2 Linear Threshold Circuits,Lijie Chen; Avishay Tal; Yichuan Wang,Computational and circuit complexity,https://doi.org/10.1145/3798129.3800802,10.1145/3798129.3800802,https://acm-stoc.org/stoc2026/toc.html,https://acm-stoc.org/stoc2026/toc.html,LLM_reviewed_title,Title reviewed; candidate primary category retained.,General algorithm design,Computational and circuit complexity
STOC-2026-084,STOC,2026,Deterministic Hardness of Approximation of Unique-SVP and GapSVP in ℓp Norms for p>2,Yahli Hecht; Muli Safra,Lattices and computational number theory,https://doi.org/10.1145/3798129.3800803,10.1145/3798129.3800803,https://acm-stoc.org/stoc2026/toc.html,https://acm-stoc.org/stoc2026/toc.html,LLM_reviewed_title,Primary subject selected in title review; overlapping techniques do not receive additional counts.,Approximation algorithms,Approximation algorithms
STOC-2026-085,STOC,2026,Strong ETH Holds for Bounded-Depth Resolution over Parities,Klim Efremenko; Dmitry Itsykson,Proof complexity and logic,https://doi.org/10.1145/3798129.3800804,10.1145/3798129.3800804,https://acm-stoc.org/stoc2026/toc.html,https://acm-stoc.org/stoc2026/toc.html,LLM_reviewed_title,Primary subject selected in title review; overlapping techniques do not receive additional counts.,General algorithm design,General algorithm design
STOC-2026-086,STOC,2026,Fully Dynamic Set Cover: Worst-Case Recourse and Update Time,Sayan Bhattacharya; Ruoxu Cen; Debmalya Panigrahi,Approximation algorithms,https://doi.org/10.1145/3798129.3800805,10.1145/3798129.3800805,https://acm-stoc.org/stoc2026/toc.html,https://acm-stoc.org/stoc2026/toc.html,LLM_reviewed_title,Title reviewed; candidate primary category retained.,General algorithm design,Approximation algorithms
STOC-2026-087,STOC,2026,Universe Reduction for APSP: Equivalence of Three Fine-Grained Hypotheses,Nick Fischer,Fine-grained complexity,https://doi.org/10.1145/3798129.3800806,10.1145/3798129.3800806,https://acm-stoc.org/stoc2026/toc.html,https://acm-stoc.org/stoc2026/toc.html,LLM_reviewed_title,Title reviewed; candidate primary category retained.,Fine-grained complexity,Fine-grained complexity
STOC-2026-088,STOC,2026,Can Like Attract Like? A Study of Homonymous Gathering in Networks,Stéphane Devismes; Yoann Dieudonné; Arnaud Labourel,Distributed and local algorithms,https://doi.org/10.1145/3798129.3800807,10.1145/3798129.3800807,https://acm-stoc.org/stoc2026/toc.html,https://acm-stoc.org/stoc2026/toc.html,LLM_reviewed_title,Primary subject selected in title review; overlapping techniques do not receive additional counts.,General algorithm design,Graph theory and graph algorithms
STOC-2026-089,STOC,2026,Steiner Forest: A Simplified Better-Than-2 Approximation,Anupam Gupta; Vera Traub,Approximation algorithms,https://doi.org/10.1145/3798129.3800808,10.1145/3798129.3800808,https://acm-stoc.org/stoc2026/toc.html,https://acm-stoc.org/stoc2026/toc.html,LLM_reviewed_title,Title reviewed; candidate primary category retained.,Approximation algorithms,Approximation algorithms
STOC-2026-090,STOC,2026,Lower Bounds for Near-Quadratic-Depth Resolution over Parities,Sreejata Kishor Bhattacharya; Farzan Byramji; Arkadev Chattopadhyay; Russell Impagliazzo,Proof complexity and logic,https://doi.org/10.1145/3798129.3800809,10.1145/3798129.3800809,https://acm-stoc.org/stoc2026/toc.html,https://acm-stoc.org/stoc2026/toc.html,LLM_reviewed_title,Primary subject selected in title review; overlapping techniques do not receive additional counts.,General algorithm design,General algorithm design
STOC-2026-091,STOC,2026,New Planar Algorithms and a Full Complexity Classification of the Eight-Vertex Model,Jin-Yi Cai; Austen Fan; Shuai Shao; Zhuxiao Tang,Enumeration and counting,https://doi.org/10.1145/3798129.3800810,10.1145/3798129.3800810,https://acm-stoc.org/stoc2026/toc.html,https://acm-stoc.org/stoc2026/toc.html,LLM_reviewed_title,Primary subject selected in title review; overlapping techniques do not receive additional counts.,Computational and circuit complexity,Computational and circuit complexity
STOC-2026-092,STOC,2026,Semi-streaming Matching in a Single Pass: A New Framework for Lower Bounds via Blueprints,Sepehr Assadi; Max Jiang; Mars Xiang,Streaming and sketching,https://doi.org/10.1145/3798129.3800811,10.1145/3798129.3800811,https://acm-stoc.org/stoc2026/toc.html,https://acm-stoc.org/stoc2026/toc.html,LLM_reviewed_title,Title reviewed; candidate primary category retained.,Streaming and sketching,Streaming and sketching
STOC-2026-093,STOC,2026,Zero-Free Regions and Concentration Inequalities for Hypergraph Colorings in the Local Lemma Regime,Jingcheng Liu; Yixiao Yu,Enumeration and counting,https://doi.org/10.1145/3798129.3800812,10.1145/3798129.3800812,https://acm-stoc.org/stoc2026/toc.html,https://acm-stoc.org/stoc2026/toc.html,LLM_reviewed_title,Primary subject selected in title review; overlapping techniques do not receive additional counts.,Graph theory and graph algorithms,Combinatorics and graph polynomials
STOC-2026-094,STOC,2026,Oracle Subset Problems: A Meta-algorithm for FPT Approximation via Random Walks,Ishan Chakraborty; Tanmay Inamdar; Ariel Kulik; Madhumita Kundu; Saket Saurabh,Parameterized and exact algorithms,https://doi.org/10.1145/3798129.3800813,10.1145/3798129.3800813,https://acm-stoc.org/stoc2026/toc.html,https://acm-stoc.org/stoc2026/toc.html,LLM_reviewed_title,Title reviewed; candidate primary category retained.,Parameterized and exact algorithms,Parameterized and exact algorithms
STOC-2026-095,STOC,2026,A Constant-Approximation Distance Labeling Scheme under Polynomially Many Edge Failures,Bernhard Haeupler; Yaowei Long; Antti Roeyskoe; Thatchaphol Saranurak,Data structures and compressed data,https://doi.org/10.1145/3798129.3800814,10.1145/3798129.3800814,https://acm-stoc.org/stoc2026/toc.html,https://acm-stoc.org/stoc2026/toc.html,LLM_reviewed_title,Primary subject selected in title review; overlapping techniques do not receive additional counts.,Approximation algorithms,Approximation algorithms
STOC-2026-096,STOC,2026,Approximation Schemes for Subset TSP and Steiner Tree on Geometric Intersection Graphs,Sándor Kisfaludi-Bak; Dániel Marx,Computational geometry,https://doi.org/10.1145/3798129.3800815,10.1145/3798129.3800815,https://acm-stoc.org/stoc2026/toc.html,https://acm-stoc.org/stoc2026/toc.html,LLM_reviewed_title,Primary subject selected in title review; overlapping techniques do not receive additional counts.,Computational geometry,Approximation algorithms
STOC-2026-097,STOC,2026,Breaking Barriers for Distributed MIS by Faster Degree Reduction,Seri Khoury; Aaron Schild,Distributed and local algorithms,https://doi.org/10.1145/3798129.3800816,10.1145/3798129.3800816,https://acm-stoc.org/stoc2026/toc.html,https://acm-stoc.org/stoc2026/toc.html,LLM_reviewed_title,Title reviewed; candidate primary category retained.,Distributed and local algorithms,Distributed and local algorithms
STOC-2026-098,STOC,2026,Fisher Markets with Approximately Optimal Bundles and the Need for a PCP Theorem for PPAD,Argyrios Deligkas; John Fearnley; Alexandros Hollender; Themistoklis Melissourgos,Algorithmic game theory and fair division,https://doi.org/10.1145/3798129.3800817,10.1145/3798129.3800817,https://acm-stoc.org/stoc2026/toc.html,https://acm-stoc.org/stoc2026/toc.html,LLM_reviewed_title,Primary subject selected in title review; overlapping techniques do not receive additional counts.,Approximation algorithms,Proof complexity and logic
STOC-2026-099,STOC,2026,Space-Efficient Text Indexing with Mismatches using Function Inversion,Jackson Bibbens; Levi Borevitz; Samuel McCauley,Data structures and compressed data,https://doi.org/10.1145/3798129.3800818,10.1145/3798129.3800818,https://acm-stoc.org/stoc2026/toc.html,https://acm-stoc.org/stoc2026/toc.html,LLM_reviewed_title,Title reviewed; candidate primary category retained.,Data structures and compressed data,Data structures and compressed data
STOC-2026-100,STOC,2026,On the Computational Hardness of Transformers,Barna Saha; Yinzhan Xu; Christopher Ye; Hantao Yu,Learning theory,https://doi.org/10.1145/3798129.3800819,10.1145/3798129.3800819,https://acm-stoc.org/stoc2026/toc.html,https://acm-stoc.org/stoc2026/toc.html,LLM_reviewed_title,Primary subject selected in title review; overlapping techniques do not receive additional counts.,General algorithm design,General algorithm design
STOC-2026-101,STOC,2026,Quantum Precomputation: Parallelizing Cascade Circuits and the Moore–Nilsson Conjecture Is False,Adam Bene Watts; Charles R. Chen; J. William Helton; Joseph Slote,Quantum computation,https://doi.org/10.1145/3798129.3800820,10.1145/3798129.3800820,https://acm-stoc.org/stoc2026/toc.html,https://acm-stoc.org/stoc2026/toc.html,LLM_reviewed_title,Title reviewed; candidate primary category retained.,Quantum computation,Quantum computation
STOC-2026-102,STOC,2026,"Ideals, Macaulay Bases, and PCPs",Prashanth Amireddy; Amik Raj Behera; Srikanth Srinivasan; Madhu Sudan; Sophus Valentin Willumsgaard,Proof complexity and logic,https://doi.org/10.1145/3798129.3800821,10.1145/3798129.3800821,https://acm-stoc.org/stoc2026/toc.html,https://acm-stoc.org/stoc2026/toc.html,LLM_reviewed_title,Title reviewed; candidate primary category retained.,General algorithm design,Proof complexity and logic
STOC-2026-103,STOC,2026,Memory Reallocation with Polylogarithmic Overhead,Ce Jin,Data structures and compressed data,https://doi.org/10.1145/3798129.3800822,10.1145/3798129.3800822,https://acm-stoc.org/stoc2026/toc.html,https://acm-stoc.org/stoc2026/toc.html,LLM_reviewed_title,Primary subject selected in title review; overlapping techniques do not receive additional counts.,Algorithmic game theory and fair division,Algorithmic game theory and fair division
STOC-2026-104,STOC,2026,Greedy Open Addressing Revisited: Beyond Yao’s Lower Bound,Martín Farach-Colton; Andrew Krapivin; William Kuszmaul,Data structures and compressed data,https://doi.org/10.1145/3798129.3800823,10.1145/3798129.3800823,https://acm-stoc.org/stoc2026/toc.html,https://acm-stoc.org/stoc2026/toc.html,LLM_reviewed_title,Primary subject selected in title review; overlapping techniques do not receive additional counts.,General algorithm design,General algorithm design
STOC-2026-105,STOC,2026,Monotone Circuit Complexity of Matching,Bruno Cavalar; Mika Göös; Artur Riazanov; Anastasia Sofronova; Dmitry Sokolov,Computational and circuit complexity,https://doi.org/10.1145/3798129.3800824,10.1145/3798129.3800824,https://acm-stoc.org/stoc2026/toc.html,https://acm-stoc.org/stoc2026/toc.html,LLM_reviewed_title,Title reviewed; candidate primary category retained.,Computational and circuit complexity,Computational and circuit complexity
STOC-2026-106,STOC,2026,"Constructive Approximation under Carleman’s Condition, with Applications to Smoothed Analysis",Frederic Koehler; Beining Wu,Algebraic and numerical computation,https://doi.org/10.1145/3798129.3800825,10.1145/3798129.3800825,https://acm-stoc.org/stoc2026/toc.html,https://acm-stoc.org/stoc2026/toc.html,LLM_reviewed_title,Primary subject selected in title review; overlapping techniques do not receive additional counts.,Approximation algorithms,Approximation algorithms
STOC-2026-107,STOC,2026,Approximation Schemes and Structural Barriers for the Two-Dimensional Knapsack Problem with Rotations,Debajyoti Kar; Arindam Khan; Andreas Wiese,Approximation algorithms,https://doi.org/10.1145/3798129.3800826,10.1145/3798129.3800826,https://acm-stoc.org/stoc2026/toc.html,https://acm-stoc.org/stoc2026/toc.html,LLM_reviewed_title,Title reviewed; candidate primary category retained.,Approximation algorithms,Approximation algorithms
STOC-2026-108,STOC,2026,On Proximity Gaps of Reed-Solomon Codes,Eli Ben-Sasson; Dan Carmon; Ulrich Haböck; Swastik Kopparty; Shubhangi Saraf,Coding and information theory,https://doi.org/10.1145/3798129.3800827,10.1145/3798129.3800827,https://acm-stoc.org/stoc2026/toc.html,https://acm-stoc.org/stoc2026/toc.html,LLM_reviewed_title,Title reviewed; candidate primary category retained.,Coding and information theory,Coding and information theory
STOC-2026-109,STOC,2026,Parallel Sampling via Autospeculation,Nima Anari; Carlo Baronio; CJ Chen; Alireza Haqi; Frederic Koehler; Anqi Li; Thuy-Duong Vuong,Enumeration and counting,https://doi.org/10.1145/3798129.3800828,10.1145/3798129.3800828,https://acm-stoc.org/stoc2026/toc.html,https://acm-stoc.org/stoc2026/toc.html,LLM_reviewed_title,Primary subject selected in title review; overlapping techniques do not receive additional counts.,General algorithm design,General algorithm design
STOC-2026-110,STOC,2026,Efficient Reversal of Transductions of Sparse Graph Classes,Jan Dreier; Jakub Gajarský; Michał Pilipczuk,Graph theory and graph algorithms,https://doi.org/10.1145/3798129.3800829,10.1145/3798129.3800829,https://acm-stoc.org/stoc2026/toc.html,https://acm-stoc.org/stoc2026/toc.html,LLM_reviewed_title,Title reviewed; candidate primary category retained.,Graph theory and graph algorithms,Graph theory and graph algorithms
STOC-2026-111,STOC,2026,Markov Chains Approximate Message Passing,Amit Rajaraman; David X. Wu,Learning theory,https://doi.org/10.1145/3798129.3800830,10.1145/3798129.3800830,https://acm-stoc.org/stoc2026/toc.html,https://acm-stoc.org/stoc2026/toc.html,LLM_reviewed_title,Primary subject selected in title review; overlapping techniques do not receive additional counts.,Approximation algorithms,Enumeration and counting
STOC-2026-112,STOC,2026,Online Combinatorial Optimization with Graphical Dependencies,Zhimeng Gao; Evangelia Gergatsouli; Kalen Patton; Sahil Singla,"Online algorithms, bandits and stochastic optimization",https://doi.org/10.1145/3798129.3800831,10.1145/3798129.3800831,https://acm-stoc.org/stoc2026/toc.html,https://acm-stoc.org/stoc2026/toc.html,LLM_reviewed_title,Title reviewed; candidate primary category retained.,Optimization and mathematical programming,"Online algorithms, bandits and stochastic optimization"
STOC-2026-113,STOC,2026,Additive One Approximation for Minimum Degree Spanning Tree: Breaking the O(mn) Time Barrier,Sayan Bhattacharya; Ermiya Farokhnejad; Haoze Wang,Approximation algorithms,https://doi.org/10.1145/3798129.3800832,10.1145/3798129.3800832,https://acm-stoc.org/stoc2026/toc.html,https://acm-stoc.org/stoc2026/toc.html,LLM_reviewed_title,Title reviewed; candidate primary category retained.,Approximation algorithms,Approximation algorithms
STOC-2026-114,STOC,2026,Improved Local Computation Algorithms for Greedy Set Cover via Retroactive Updates,Slobodan Mitrović; Srikkanth Ramachandran; Ronitt Rubinfeld; Mihir Singhal,Distributed and local algorithms,https://doi.org/10.1145/3798129.3800833,10.1145/3798129.3800833,https://acm-stoc.org/stoc2026/toc.html,https://acm-stoc.org/stoc2026/toc.html,LLM_reviewed_title,Title reviewed; candidate primary category retained.,General algorithm design,Distributed and local algorithms
STOC-2026-115,STOC,2026,Mixing of General Biased Adjacent Transposition Chains,Reza Gheissari; Holden Lee; Eric Vigoda,Enumeration and counting,https://doi.org/10.1145/3798129.3800834,10.1145/3798129.3800834,https://acm-stoc.org/stoc2026/toc.html,https://acm-stoc.org/stoc2026/toc.html,LLM_reviewed_title,Title reviewed; candidate primary category retained.,General algorithm design,Enumeration and counting
STOC-2026-116,STOC,2026,"Secretary, Prophet, and Stochastic Probing via Big-Decisions-First",Aviad Rubinstein; Sahil Singla,"Online algorithms, bandits and stochastic optimization",https://doi.org/10.1145/3798129.3800835,10.1145/3798129.3800835,https://acm-stoc.org/stoc2026/toc.html,https://acm-stoc.org/stoc2026/toc.html,LLM_reviewed_title,Title reviewed; candidate primary category retained.,"Online algorithms, bandits and stochastic optimization","Online algorithms, bandits and stochastic optimization"
STOC-2026-117,STOC,2026,Faster All-Pairs Minimum Cut: Bypassing Exact Max-Flow,Yotam Kenneth-Mordoch; Robert Krauthgamer,Graph theory and graph algorithms,https://doi.org/10.1145/3798129.3800836,10.1145/3798129.3800836,https://acm-stoc.org/stoc2026/toc.html,https://acm-stoc.org/stoc2026/toc.html,LLM_reviewed_title,Title reviewed; candidate primary category retained.,Graph theory and graph algorithms,Graph theory and graph algorithms
STOC-2026-118,STOC,2026,The Debiased Keyl’s Algorithm: A New Unbiased Estimator for Full State Tomography,Angelos Pelecanos; Jack Spilecki; John Wright,Quantum computation,https://doi.org/10.1145/3798129.3800837,10.1145/3798129.3800837,https://acm-stoc.org/stoc2026/toc.html,https://acm-stoc.org/stoc2026/toc.html,LLM_reviewed_title,Primary subject selected in title review; overlapping techniques do not receive additional counts.,Graph theory and graph algorithms,Graph theory and graph algorithms
STOC-2026-119,STOC,2026,Hardness Amplification beyond Boolean Functions,Nobutaka Shimizu; Kenji Yasunaga,Average-case complexity,https://doi.org/10.1145/3798129.3800838,10.1145/3798129.3800838,https://acm-stoc.org/stoc2026/toc.html,https://acm-stoc.org/stoc2026/toc.html,LLM_reviewed_title,Title reviewed; candidate primary category retained.,Average-case complexity,Average-case complexity
STOC-2026-120,STOC,2026,Compressing Dynamic Fully Indexable Dictionaries in Word-RAM,Gabriel Marques Domingues,Data structures and compressed data,https://doi.org/10.1145/3798129.3800839,10.1145/3798129.3800839,https://acm-stoc.org/stoc2026/toc.html,https://acm-stoc.org/stoc2026/toc.html,LLM_reviewed_title,Title reviewed; candidate primary category retained.,Data structures and compressed data,Data structures and compressed data
STOC-2026-121,STOC,2026,The Price of Competitive Information Disclosure,Siddhartha Banerjee; Kamesh Munagala; Yiheng Shen; Kangning Wang,Algorithmic game theory and fair division,https://doi.org/10.1145/3798129.3800840,10.1145/3798129.3800840,https://acm-stoc.org/stoc2026/toc.html,https://acm-stoc.org/stoc2026/toc.html,LLM_reviewed_title,Primary subject selected in title review; overlapping techniques do not receive additional counts.,General algorithm design,General algorithm design
STOC-2026-122,STOC,2026,Beating Meet-in-the-Middle for Subset Balancing Problems,Tim Randolph; Karol Węgrzycki,Parameterized and exact algorithms,https://doi.org/10.1145/3798129.3800841,10.1145/3798129.3800841,https://acm-stoc.org/stoc2026/toc.html,https://acm-stoc.org/stoc2026/toc.html,LLM_reviewed_title,Primary subject selected in title review; overlapping techniques do not receive additional counts.,General algorithm design,General algorithm design
STOC-2026-123,STOC,2026,A Theory for Probabilistic Polynomial-Time Reasoning,Lijie Chen; Jiatu Li; Igor C. Oliveira; Ryan Williams,Proof complexity and logic,https://doi.org/10.1145/3798129.3800842,10.1145/3798129.3800842,https://acm-stoc.org/stoc2026/toc.html,https://acm-stoc.org/stoc2026/toc.html,LLM_reviewed_abstract,A bounded arithmetic theory formalizing probabilistic polynomial-time reasoning.,General algorithm design,General algorithm design
STOC-2026-124,STOC,2026,The Natural Proofs Barrier against Data-Structure Lower-Bounds,Michal Koucký; Bruno Loff; Tulasimohan Molli; Michael E. Saks,Data structures and compressed data,https://doi.org/10.1145/3798129.3800843,10.1145/3798129.3800843,https://acm-stoc.org/stoc2026/toc.html,https://acm-stoc.org/stoc2026/toc.html,LLM_reviewed_title,Primary subject selected in title review; overlapping techniques do not receive additional counts.,General algorithm design,General algorithm design
STOC-2026-125,STOC,2026,Extractors for Samplable Distributions from the Two-Source Extractor Recipe,Justin Oh; Ronen Shaltiel,Pseudorandomness and derandomization,https://doi.org/10.1145/3798129.3800844,10.1145/3798129.3800844,https://acm-stoc.org/stoc2026/toc.html,https://acm-stoc.org/stoc2026/toc.html,LLM_reviewed_title,Title reviewed; candidate primary category retained.,General algorithm design,Pseudorandomness and derandomization
STOC-2026-126,STOC,2026,The Sample Complexity of Uniform Approximation for Multi-dimensional CDFs and Fixed-Price Mechanisms,Matteo Castiglioni; Anna Lunghi; Alberto Marchesi,Learning theory,https://doi.org/10.1145/3798129.3800845,10.1145/3798129.3800845,https://acm-stoc.org/stoc2026/toc.html,https://acm-stoc.org/stoc2026/toc.html,LLM_reviewed_title,Title reviewed; candidate primary category retained.,Learning theory,Learning theory
STOC-2026-127,STOC,2026,Lower Bounds on Flow Sparsifiers with Steiner Nodes,Yu Chen; Zihan Tan; Mingyang Yang,Graph theory and graph algorithms,https://doi.org/10.1145/3798129.3800846,10.1145/3798129.3800846,https://acm-stoc.org/stoc2026/toc.html,https://acm-stoc.org/stoc2026/toc.html,LLM_reviewed_title,Primary subject selected in title review; overlapping techniques do not receive additional counts.,Approximation algorithms,Approximation algorithms
STOC-2026-128,STOC,2026,Approximation Does Not Help in Quantum Unitary Time-Reversal,Kean Chen; Nengkun Yu; Zhicheng Zhang,Quantum computation,https://doi.org/10.1145/3798129.3800847,10.1145/3798129.3800847,https://acm-stoc.org/stoc2026/toc.html,https://acm-stoc.org/stoc2026/toc.html,LLM_reviewed_title,Title reviewed; candidate primary category retained.,Quantum computation,Quantum computation
STOC-2026-129,STOC,2026,A Graph Minors Approach to Temporal Sequences,Johannes Carmesin; Will J. Turner,Temporal graph algorithms,https://doi.org/10.1145/3798129.3800848,10.1145/3798129.3800848,https://acm-stoc.org/stoc2026/toc.html,https://acm-stoc.org/stoc2026/toc.html,LLM_reviewed_abstract,Simultaneous embeddability of temporal sequences of graphs.,Graph theory and graph algorithms,Graph theory and graph algorithms
STOC-2026-130,STOC,2026,What Can Be Computed Locally Revisited: First-Order Logic on Sparse Graphs in Distributed Computing,Lélia Blin; Fedor V. Fomin; Pierre Fraigniaud; Sylvain Gay; Petr A. Golovach; Pedro Montealegre; Ivan Rapaport; Ioan Todinca,Distributed and local algorithms,https://doi.org/10.1145/3798129.3800849,10.1145/3798129.3800849,https://acm-stoc.org/stoc2026/toc.html,https://acm-stoc.org/stoc2026/toc.html,LLM_reviewed_title,Title reviewed; candidate primary category retained.,Distributed and local algorithms,Distributed and local algorithms
STOC-2026-131,STOC,2026,Relaxed vs. Full Local Decodability with Few Queries: Equivalence and Separations for Linear Codes,Elena Grigorescu; Vinayak M. Kumar; Peter Manohar; Geoffrey Mon,Coding and information theory,https://doi.org/10.1145/3798129.3800850,10.1145/3798129.3800850,https://acm-stoc.org/stoc2026/toc.html,https://acm-stoc.org/stoc2026/toc.html,LLM_reviewed_title,Title reviewed; candidate primary category retained.,General algorithm design,Coding and information theory
STOC-2026-132,STOC,2026,An Improved Quality Hierarchical Congestion Approximator in Near-Linear Time,Monika Henzinger; Robin Münk; Harald Räcke,Graph theory and graph algorithms,https://doi.org/10.1145/3798129.3800851,10.1145/3798129.3800851,https://acm-stoc.org/stoc2026/toc.html,https://acm-stoc.org/stoc2026/toc.html,LLM_reviewed_title,Primary subject selected in title review; overlapping techniques do not receive additional counts.,Distributed and local algorithms,Distributed and local algorithms
STOC-2026-133,STOC,2026,Near-Optimal Directed Euclidean Spanners in High Dimensions,Rajesh Jayaram; Shyamal Patel; Clifford Stein; Erik Waingarten; Tian Zhang,Computational geometry,https://doi.org/10.1145/3798129.3800852,10.1145/3798129.3800852,https://acm-stoc.org/stoc2026/toc.html,https://acm-stoc.org/stoc2026/toc.html,LLM_reviewed_title,Title reviewed; candidate primary category retained.,General algorithm design,Computational geometry
STOC-2026-134,STOC,2026,Improved Approximation Algorithms for Multiway Cut by Large Mixtures of New and Old Rounding Schemes,Joshua Brakensiek; Neng Huang; Aaron Potechin; Uri Zwick,Approximation algorithms,https://doi.org/10.1145/3798129.3800853,10.1145/3798129.3800853,https://acm-stoc.org/stoc2026/toc.html,https://acm-stoc.org/stoc2026/toc.html,LLM_reviewed_title,Title reviewed; candidate primary category retained.,Approximation algorithms,Approximation algorithms
STOC-2026-135,STOC,2026,Classifying Identities: Subcubic Distributivity Checking and Hardness from Arithmetic Progression Detection,Bartłomiej Dudek; Nick Fischer; Geri Gokaj; Ce Jin; Marvin Künnemann; Xiao Mao; Mirza Redžić,Algebraic and numerical computation,https://doi.org/10.1145/3798129.3800854,10.1145/3798129.3800854,https://acm-stoc.org/stoc2026/toc.html,https://acm-stoc.org/stoc2026/toc.html,LLM_reviewed_title,Primary subject selected in title review; overlapping techniques do not receive additional counts.,General algorithm design,General algorithm design
STOC-2026-136,STOC,2026,Locally Computable High Independence Hashing,Yevgeniy Dodis; Shachar Lovett; Daniel Wichs,Data structures and compressed data,https://doi.org/10.1145/3798129.3800855,10.1145/3798129.3800855,https://acm-stoc.org/stoc2026/toc.html,https://acm-stoc.org/stoc2026/toc.html,LLM_reviewed_title,Title reviewed; candidate primary category retained.,General algorithm design,Data structures and compressed data
STOC-2026-137,STOC,2026,Approximate Orthogonal Vectors and Diameter via Regularity Lemma,Alexandr Andoni; Shunhua Jiang; Stepan Zharkov,Fine-grained complexity,https://doi.org/10.1145/3798129.3800856,10.1145/3798129.3800856,https://acm-stoc.org/stoc2026/toc.html,https://acm-stoc.org/stoc2026/toc.html,LLM_reviewed_title,Title reviewed; candidate primary category retained.,Fine-grained complexity,Fine-grained complexity
STOC-2026-138,STOC,2026,3-Query RLDCs Are Strictly Stronger Than 3-Query LDCs,Tom Gur; Dor Minzer; Guy Weissenberg; Kai Zhe Zheng,Coding and information theory,https://doi.org/10.1145/3798129.3800857,10.1145/3798129.3800857,https://acm-stoc.org/stoc2026/toc.html,https://acm-stoc.org/stoc2026/toc.html,LLM_reviewed_title,Primary subject selected in title review; overlapping techniques do not receive additional counts.,General algorithm design,General algorithm design
STOC-2026-139,STOC,2026,Pattern-Sparse Tree Decompositions in H-Minor-Free Graphs,Dániel Marx; Marcin Pilipczuk; Michał Pilipczuk,Graph theory and graph algorithms,https://doi.org/10.1145/3798129.3800858,10.1145/3798129.3800858,https://acm-stoc.org/stoc2026/toc.html,https://acm-stoc.org/stoc2026/toc.html,LLM_reviewed_title,Title reviewed; candidate primary category retained.,Graph theory and graph algorithms,Graph theory and graph algorithms
STOC-2026-140,STOC,2026,A Dobrushin Condition for Quantum Markov Chains: Rapid Mixing and Conditional Mutual Information at High Temperature,Ainesh Bakshi; Allen Liu; Ankur Moitra; Ewin Tang,Quantum computation,https://doi.org/10.1145/3798129.3800859,10.1145/3798129.3800859,https://acm-stoc.org/stoc2026/toc.html,https://acm-stoc.org/stoc2026/toc.html,LLM_reviewed_title,Title reviewed; candidate primary category retained.,Quantum computation,Quantum computation
STOC-2026-141,STOC,2026,"Improved Bounds for Coin Flipping, Leader Election, and Random Selection",Eshan Chattopadhyay; Mohit Gurumukhani; Noam Ringach; Rocco A. Servedio,Distributed and local algorithms,https://doi.org/10.1145/3798129.3800860,10.1145/3798129.3800860,https://acm-stoc.org/stoc2026/toc.html,https://acm-stoc.org/stoc2026/toc.html,LLM_reviewed_title,Title reviewed; candidate primary category retained.,Distributed and local algorithms,Distributed and local algorithms
STOC-2026-142,STOC,2026,Planar Length-Constrained Minimum Spanning Trees,D Ellis Hershkowitz; Richard Z Huang,Graph theory and graph algorithms,https://doi.org/10.1145/3798129.3800861,10.1145/3798129.3800861,https://acm-stoc.org/stoc2026/toc.html,https://acm-stoc.org/stoc2026/toc.html,LLM_reviewed_title,Title reviewed; candidate primary category retained.,Graph theory and graph algorithms,Graph theory and graph algorithms
STOC-2026-143,STOC,2026,Approximating Directed Connectivity in Almost-Linear Time,Kent Quanrud,Approximation algorithms,https://doi.org/10.1145/3798129.3800862,10.1145/3798129.3800862,https://acm-stoc.org/stoc2026/toc.html,https://acm-stoc.org/stoc2026/toc.html,LLM_reviewed_title,Title reviewed; candidate primary category retained.,Approximation algorithms,Approximation algorithms
STOC-2026-144,STOC,2026,An Optimal Algorithm for Stochastic Vertex Cover,Jan van den Brand; Inge Li Gørtz; Chirag Pabbaraju; Debmalya Panigrahi; Clifford Stein; Miltiadis Stouras; Ola Svensson; Ali Vakilian,"Online algorithms, bandits and stochastic optimization",https://doi.org/10.1145/3798129.3800863,10.1145/3798129.3800863,https://acm-stoc.org/stoc2026/toc.html,https://acm-stoc.org/stoc2026/toc.html,LLM_reviewed_title,Primary subject selected in title review; overlapping techniques do not receive additional counts.,General algorithm design,General algorithm design
STOC-2026-145,STOC,2026,Optimal Proximity Gaps for Subspace-Design Codes and (Random) Reed-Solomon Codes,Rohan Goyal; Venkatesan Guruswami,Coding and information theory,https://doi.org/10.1145/3798129.3800864,10.1145/3798129.3800864,https://acm-stoc.org/stoc2026/toc.html,https://acm-stoc.org/stoc2026/toc.html,LLM_reviewed_title,Title reviewed; candidate primary category retained.,Coding and information theory,Coding and information theory
STOC-2026-146,STOC,2026,Polynomial Identity Testing and the Ideal Proof System: PIT Is in NP If and Only If IPS Can Be p-Simulated by a Cook-Reckhow Proof System,Joshua A. Grochow,Proof complexity and logic,https://doi.org/10.1145/3798129.3800865,10.1145/3798129.3800865,https://acm-stoc.org/stoc2026/toc.html,https://acm-stoc.org/stoc2026/toc.html,LLM_reviewed_title,Title reviewed; candidate primary category retained.,Proof complexity and logic,Proof complexity and logic
STOC-2026-147,STOC,2026,Learning Functions of Halfspaces,Josh Alman; Shyamal Patel; Rocco A. Servedio,Learning theory,https://doi.org/10.1145/3798129.3800866,10.1145/3798129.3800866,https://acm-stoc.org/stoc2026/toc.html,https://acm-stoc.org/stoc2026/toc.html,LLM_reviewed_title,Title reviewed; candidate primary category retained.,Learning theory,Learning theory
STOC-2026-148,STOC,2026,Failure of Symmetry of Information for Randomized Computations,Jinqiao Hu; Yahel Manor; Igor C. Oliveira,Computability and algorithmic information,https://doi.org/10.1145/3798129.3800867,10.1145/3798129.3800867,https://acm-stoc.org/stoc2026/toc.html,https://acm-stoc.org/stoc2026/toc.html,LLM_reviewed_title,Primary subject selected in title review; overlapping techniques do not receive additional counts.,General algorithm design,General algorithm design
STOC-2026-149,STOC,2026,A Faster Deterministic Algorithm for Fully Dynamic Maximal Matching,Julia Chuzhoy; Sanjeev Khanna; Junkai Song,Dynamic graph algorithms,https://doi.org/10.1145/3798129.3800868,10.1145/3798129.3800868,https://acm-stoc.org/stoc2026/toc.html,https://acm-stoc.org/stoc2026/toc.html,LLM_reviewed_title,Title reviewed; candidate primary category retained.,Dynamic graph algorithms,Dynamic graph algorithms
STOC-2026-150,STOC,2026,Computation-Utility-Privacy Tradeoffs in Bayesian Estimation,Sitan Chen; Jingqiu Ding; Mahbod Majid; Walter McKelvie,Differential privacy,https://doi.org/10.1145/3798129.3800869,10.1145/3798129.3800869,https://acm-stoc.org/stoc2026/toc.html,https://acm-stoc.org/stoc2026/toc.html,LLM_reviewed_title,Title reviewed; candidate primary category retained.,General algorithm design,Differential privacy
STOC-2026-151,STOC,2026,Sub-linear Secure Broadcast and Applications,Yuval Gelles; Ilan Komargodski; Merav Parter,Cryptography,https://doi.org/10.1145/3798129.3800870,10.1145/3798129.3800870,https://acm-stoc.org/stoc2026/toc.html,https://acm-stoc.org/stoc2026/toc.html,LLM_reviewed_title,Primary subject selected in title review; overlapping techniques do not receive additional counts.,General algorithm design,General algorithm design
STOC-2026-152,STOC,2026,Proximal Regret and Proximal Correlated Equilibria: A New Tractable Solution Concept for Online Learning and Games,Yang Cai; Constantinos Daskalakis; Haipeng Luo; Chen-Yu Wei; Weiqiang Zheng,"Online algorithms, bandits and stochastic optimization",https://doi.org/10.1145/3798129.3800871,10.1145/3798129.3800871,https://acm-stoc.org/stoc2026/toc.html,https://acm-stoc.org/stoc2026/toc.html,LLM_reviewed_title,Primary subject selected in title review; overlapping techniques do not receive additional counts.,Algorithmic game theory and fair division,Algorithmic game theory and fair division
STOC-2026-153,STOC,2026,Settling the Pass Complexity of Streaming Set Cover,Sepehr Assadi; Janani Sundaresan,Streaming and sketching,https://doi.org/10.1145/3798129.3800872,10.1145/3798129.3800872,https://acm-stoc.org/stoc2026/toc.html,https://acm-stoc.org/stoc2026/toc.html,LLM_reviewed_title,Title reviewed; candidate primary category retained.,Streaming and sketching,Streaming and sketching
STOC-2026-154,STOC,2026,Non-adaptive Cryptanalytic Time-Space Lower Bounds via a Shearer-Like Inequality for Permutations,Itai Dinur; Nathan Keller; Avichai Marmor,Cryptography,https://doi.org/10.1145/3798129.3800873,10.1145/3798129.3800873,https://acm-stoc.org/stoc2026/toc.html,https://acm-stoc.org/stoc2026/toc.html,LLM_reviewed_title,Title reviewed; candidate primary category retained.,General algorithm design,Cryptography
STOC-2026-155,STOC,2026,Learning Read-Once Determinants and the Principal Minor Assignment Problem,Abhiram Aravind; Abhranil Chatterjee; Sumanta Ghosh; Rohit Gurjar; Roshan Raj; Chandan Saha,Algebraic and numerical computation,https://doi.org/10.1145/3798129.3800875,10.1145/3798129.3800875,https://acm-stoc.org/stoc2026/toc.html,https://acm-stoc.org/stoc2026/toc.html,LLM_reviewed_title,Primary subject selected in title review; overlapping techniques do not receive additional counts.,Learning theory,Learning theory
STOC-2026-156,STOC,2026,Language Generation and Identification from Partial Enumeration: Tight Density Bounds and Topological Characterizations,Jon Kleinberg; Fan Wei,Learning theory,https://doi.org/10.1145/3798129.3800876,10.1145/3798129.3800876,https://acm-stoc.org/stoc2026/toc.html,https://acm-stoc.org/stoc2026/toc.html,LLM_reviewed_title,Primary subject selected in title review; overlapping techniques do not receive additional counts.,Computational topology,Enumeration and counting
STOC-2026-157,STOC,2026,Approximation Algorithms for Satisfiable and Nearly Satisfiable Ordering CSPs,Yury Makarychev,Constraint satisfaction,https://doi.org/10.1145/3798129.3800877,10.1145/3798129.3800877,https://acm-stoc.org/stoc2026/toc.html,https://acm-stoc.org/stoc2026/toc.html,LLM_reviewed_title,Title reviewed; candidate primary category retained.,Approximation algorithms,Constraint satisfaction
STOC-2026-158,STOC,2026,Reconstruction of Depth-3 Arithmetic Circuits with Constant Top Fan-In,Shubhangi Saraf; Devansh Shringi; Narmada Varadarajan,Algebraic and numerical computation,https://doi.org/10.1145/3798129.3800878,10.1145/3798129.3800878,https://acm-stoc.org/stoc2026/toc.html,https://acm-stoc.org/stoc2026/toc.html,LLM_reviewed_title,Title reviewed; candidate primary category retained.,Algebraic and numerical computation,Algebraic and numerical computation
STOC-2026-159,STOC,2026,"SVPp Is Deterministically NP-Hard for All p > 2, Even to Approximate within a Factor of 2log1-εn",Isaac M. Hair; Amit Sahai,Lattices and computational number theory,https://doi.org/10.1145/3798129.3800879,10.1145/3798129.3800879,https://acm-stoc.org/stoc2026/toc.html,https://acm-stoc.org/stoc2026/toc.html,LLM_reviewed_title,Primary subject selected in title review; overlapping techniques do not receive additional counts.,Approximation algorithms,Approximation algorithms
STOC-2026-160,STOC,2026,Solving Matrix Games with Near-Optimal Matvec Complexity,Ishani Karmarkar; Liam O'Carroll; Aaron Sidford,Algorithmic game theory and fair division,https://doi.org/10.1145/3798129.3800880,10.1145/3798129.3800880,https://acm-stoc.org/stoc2026/toc.html,https://acm-stoc.org/stoc2026/toc.html,LLM_reviewed_title,Primary subject selected in title review; overlapping techniques do not receive additional counts.,General algorithm design,General algorithm design
STOC-2026-161,STOC,2026,Shifted Composition IV: Toward Ballistic Acceleration for Log-Concave Sampling,Jason M. Altschuler; Sinho Chewi; Matthew S. Zhang,Optimization and mathematical programming,https://doi.org/10.1145/3798129.3800881,10.1145/3798129.3800881,https://acm-stoc.org/stoc2026/toc.html,https://acm-stoc.org/stoc2026/toc.html,LLM_reviewed_title,Title reviewed; candidate primary category retained.,General algorithm design,Optimization and mathematical programming
STOC-2026-162,STOC,2026,Nonuniform Graph Partitioning with Just a Little Flex,Neil Olver; Harald Räcke; Stefan Schmid,Graph theory and graph algorithms,https://doi.org/10.1145/3798129.3800882,10.1145/3798129.3800882,https://acm-stoc.org/stoc2026/toc.html,https://acm-stoc.org/stoc2026/toc.html,LLM_reviewed_title,Title reviewed; candidate primary category retained.,Graph theory and graph algorithms,Graph theory and graph algorithms
STOC-2026-163,STOC,2026,Rigorous Implications of the Low-Degree Heuristic,Jun-Ting Hsieh; Daniel M. Kane; Pravesh K. Kothari; Jerry Li; Sidhanth Mohanty; Stefan Tiegel,Average-case complexity,https://doi.org/10.1145/3798129.3800883,10.1145/3798129.3800883,https://acm-stoc.org/stoc2026/toc.html,https://acm-stoc.org/stoc2026/toc.html,LLM_reviewed_title,Primary subject selected in title review; overlapping techniques do not receive additional counts.,General algorithm design,General algorithm design
STOC-2026-164,STOC,2026,The Power of Two Bases: Robust and Copy-Optimal Certification of Nearly All Quantum States with Few-Qubit Measurements,Andrea Coladangelo; Jerry Li; Joseph Slote; Ellen Wu,Quantum computation,https://doi.org/10.1145/3798129.3800884,10.1145/3798129.3800884,https://acm-stoc.org/stoc2026/toc.html,https://acm-stoc.org/stoc2026/toc.html,LLM_reviewed_title,Title reviewed; candidate primary category retained.,Quantum computation,Quantum computation
STOC-2026-165,STOC,2026,Optimal Phylogenetic Reconstruction from Sampled Quartets,Dionysis Arvanitakis; Vaggos Chatziafratis; Yiyuan Luo; Konstantin Makarychev,Algorithms for biological structures,https://doi.org/10.1145/3798129.3800885,10.1145/3798129.3800885,https://acm-stoc.org/stoc2026/toc.html,https://acm-stoc.org/stoc2026/toc.html,LLM_reviewed_title,Title reviewed; candidate primary category retained.,Algorithms for biological structures,Algorithms for biological structures
STOC-2026-166,STOC,2026,High Rate Efficient Local List Decoding from HDX,Yotam Dikstein; Max Hopkins; Toniann Pitassi; Russell Impagliazzo,Coding and information theory,https://doi.org/10.1145/3798129.3800886,10.1145/3798129.3800886,https://acm-stoc.org/stoc2026/toc.html,https://acm-stoc.org/stoc2026/toc.html,LLM_reviewed_title,Title reviewed; candidate primary category retained.,Coding and information theory,Coding and information theory
STOC-2026-167,STOC,2026,First-Order (Coarse) Correlated Equilibria in Non-concave Games,Mete Şeref Ahunbay,Algorithmic game theory and fair division,https://doi.org/10.1145/3798129.3800887,10.1145/3798129.3800887,https://acm-stoc.org/stoc2026/toc.html,https://acm-stoc.org/stoc2026/toc.html,LLM_reviewed_title,Title reviewed; candidate primary category retained.,Algorithmic game theory and fair division,Algorithmic game theory and fair division
STOC-2026-168,STOC,2026,SNARKs from LWE via Non-black-Box Reductions,Zhengzhong Jin; Mingqi Lu; Bo Peng,Cryptography,https://doi.org/10.1145/3798129.3800888,10.1145/3798129.3800888,https://acm-stoc.org/stoc2026/toc.html,https://acm-stoc.org/stoc2026/toc.html,LLM_reviewed_title,Title reviewed; candidate primary category retained.,General algorithm design,Cryptography
STOC-2026-169,STOC,2026,A Fully Polynomial-Time Algorithm for Robustly Learning Halfspaces over the Hypercube,Gautam Chandrasekaran; Adam R. Klivans; Konstantinos Stavropoulos; Arsen Vasilyan,Learning theory,https://doi.org/10.1145/3798129.3800889,10.1145/3798129.3800889,https://acm-stoc.org/stoc2026/toc.html,https://acm-stoc.org/stoc2026/toc.html,LLM_reviewed_title,Title reviewed; candidate primary category retained.,Learning theory,Learning theory
STOC-2026-170,STOC,2026,Shuffling Is Universal: Statistical Additive Randomized Encodings for All Functions,Nir Bitansky; Saroja Erabelli; Rachit Garg; Yuval Ishai,Cryptography,https://doi.org/10.1145/3798129.3800890,10.1145/3798129.3800890,https://acm-stoc.org/stoc2026/toc.html,https://acm-stoc.org/stoc2026/toc.html,LLM_reviewed_title,Primary subject selected in title review; overlapping techniques do not receive additional counts.,General algorithm design,General algorithm design
STOC-2026-171,STOC,2026,Testing Distributions against Bounded Distinguishers,Mark Bun; Rathin Desai; Renato Ferreira Pinto Jr.,Property testing and distribution learning,https://doi.org/10.1145/3798129.3800891,10.1145/3798129.3800891,https://acm-stoc.org/stoc2026/toc.html,https://acm-stoc.org/stoc2026/toc.html,LLM_reviewed_title,Title reviewed; candidate primary category retained.,General algorithm design,Property testing and distribution learning
STOC-2026-172,STOC,2026,Randomized Rounding over Dynamic Programs,Étienne Bamas; Shi Li; Lars Rohwedder,Approximation algorithms,https://doi.org/10.1145/3798129.3800892,10.1145/3798129.3800892,https://acm-stoc.org/stoc2026/toc.html,https://acm-stoc.org/stoc2026/toc.html,LLM_reviewed_title,Primary subject selected in title review; overlapping techniques do not receive additional counts.,General algorithm design,General algorithm design
STOC-2026-173,STOC,2026,Toward Optimal Approximations for Resource-Minimization for Fire Containment on Trees and Non-uniform k-Center,Jannis Blauth; Christian Nöbel; Rico Zenklusen,Approximation algorithms,https://doi.org/10.1145/3798129.3800893,10.1145/3798129.3800893,https://acm-stoc.org/stoc2026/toc.html,https://acm-stoc.org/stoc2026/toc.html,LLM_reviewed_title,Title reviewed; candidate primary category retained.,Approximation algorithms,Approximation algorithms
STOC-2026-174,STOC,2026,A (4+ϵ)-Approximation for Euclidean k-Means via Non-monotone Dual-Fitting,Moses Charikar; Vincent Cohen-Addad; Ruiquan Gao; Fabrizio Grandoni; Euiwoong Lee; Ernest van Wijland,Approximation algorithms,https://doi.org/10.1145/3798129.3800894,10.1145/3798129.3800894,https://acm-stoc.org/stoc2026/toc.html,https://acm-stoc.org/stoc2026/toc.html,LLM_reviewed_title,Title reviewed; candidate primary category retained.,Approximation algorithms,Approximation algorithms
STOC-2026-175,STOC,2026,Restriction Trees for Sparsity and Applications,Arkadev Chattopadhyay; Yogesh Dahiya; Shachar Lovett,Computational and circuit complexity,https://doi.org/10.1145/3798129.3800895,10.1145/3798129.3800895,https://acm-stoc.org/stoc2026/toc.html,https://acm-stoc.org/stoc2026/toc.html,LLM_reviewed_abstract,Sparsity of polynomial representations of Boolean functions and communication applications.,General algorithm design,Graph theory and graph algorithms
STOC-2026-176,STOC,2026,On the Need for (Quantum) Memory with Short Outputs,Zihan Hao; Zikuan Huang; Qipeng Liu,Quantum computation,https://doi.org/10.1145/3798129.3800896,10.1145/3798129.3800896,https://acm-stoc.org/stoc2026/toc.html,https://acm-stoc.org/stoc2026/toc.html,LLM_reviewed_title,Title reviewed; candidate primary category retained.,Quantum computation,Quantum computation
STOC-2026-177,STOC,2026,Monte Carlo to Las Vegas for Recursively Composed Functions,Bandar Al-Dhalaan; Shalev Ben-David,Computational and circuit complexity,https://doi.org/10.1145/3798129.3800897,10.1145/3798129.3800897,https://acm-stoc.org/stoc2026/toc.html,https://acm-stoc.org/stoc2026/toc.html,LLM_reviewed_title,Primary subject selected in title review; overlapping techniques do not receive additional counts.,General algorithm design,General algorithm design
STOC-2026-178,STOC,2026,"Range Avoidance, Arthur-Merlin, and TFNP",Surendra Ghentiyala; Zeyong Li; Noah Stephens-Davidowitz,Computational and circuit complexity,https://doi.org/10.1145/3798129.3800898,10.1145/3798129.3800898,https://acm-stoc.org/stoc2026/toc.html,https://acm-stoc.org/stoc2026/toc.html,LLM_reviewed_title,Title reviewed; candidate primary category retained.,General algorithm design,Computational and circuit complexity
STOC-2026-179,STOC,2026,Sublogarithmic Distributed Vertex Coloring with Optimal Number of Colors,Maxime Flin; Magnús M. Halldórsson; Manuel Jakob; Yannic Maus,Distributed and local algorithms,https://doi.org/10.1145/3798129.3800899,10.1145/3798129.3800899,https://acm-stoc.org/stoc2026/toc.html,https://acm-stoc.org/stoc2026/toc.html,LLM_reviewed_title,Title reviewed; candidate primary category retained.,Distributed and local algorithms,Distributed and local algorithms
STOC-2026-180,STOC,2026,Learning Stabilizer Structure of Quantum States,Srinivasan Arunachalam; Arkopal Dutt,Quantum computation,https://doi.org/10.1145/3798129.3800900,10.1145/3798129.3800900,https://acm-stoc.org/stoc2026/toc.html,https://acm-stoc.org/stoc2026/toc.html,LLM_reviewed_title,Title reviewed; candidate primary category retained.,Quantum computation,Quantum computation
STOC-2026-181,STOC,2026,A Unified Framework for Analysis of Randomized Greedy Matching Algorithms,Mahsa Derakhshan; Tao Yu,Graph theory and graph algorithms,https://doi.org/10.1145/3798129.3800901,10.1145/3798129.3800901,https://acm-stoc.org/stoc2026/toc.html,https://acm-stoc.org/stoc2026/toc.html,LLM_reviewed_title,Title reviewed; candidate primary category retained.,Graph theory and graph algorithms,Graph theory and graph algorithms
STOC-2026-182,STOC,2026,From Hop Reduction to Sparsification for Negative Length Shortest Paths,Kent Quanrud; Navid Tajkhorshid,Graph theory and graph algorithms,https://doi.org/10.1145/3798129.3800902,10.1145/3798129.3800902,https://acm-stoc.org/stoc2026/toc.html,https://acm-stoc.org/stoc2026/toc.html,LLM_reviewed_title,Title reviewed; candidate primary category retained.,Graph theory and graph algorithms,Graph theory and graph algorithms
STOC-2026-183,STOC,2026,Learning Mixture Models via Efficient High-Dimensional Sparse Fourier Transforms,Alkis Kalavasis; Pravesh K. Kothari; Shuchen Li; Manolis Zampetakis,Learning theory,https://doi.org/10.1145/3798129.3800903,10.1145/3798129.3800903,https://acm-stoc.org/stoc2026/toc.html,https://acm-stoc.org/stoc2026/toc.html,LLM_reviewed_title,Title reviewed; candidate primary category retained.,Learning theory,Learning theory
STOC-2026-184,STOC,2026,Combinatorial Optimization using Comparison Oracles,Vincent Cohen-Addad; Tommaso d'Orsi; Anupam Gupta; Guru Guruganesh; Euiwoong Lee; Renato Paes Leme; Debmalya Panigrahi; Madhusudhan Reddy Pittu; Jon Schneider; David P. Woodruff,Optimization and mathematical programming,https://doi.org/10.1145/3798129.3800904,10.1145/3798129.3800904,https://acm-stoc.org/stoc2026/toc.html,https://acm-stoc.org/stoc2026/toc.html,LLM_reviewed_title,Title reviewed; candidate primary category retained.,Optimization and mathematical programming,Optimization and mathematical programming
STOC-2026-185,STOC,2026,Computational and Statistical Lower Bounds for Low-Rank Estimation under General Inhomogeneous Noise,Debsurya De; Dmitriy Kunisky,Average-case complexity,https://doi.org/10.1145/3798129.3800905,10.1145/3798129.3800905,https://acm-stoc.org/stoc2026/toc.html,https://acm-stoc.org/stoc2026/toc.html,LLM_reviewed_title,Primary subject selected in title review; overlapping techniques do not receive additional counts.,General algorithm design,General algorithm design
STOC-2026-186,STOC,2026,Secret-Key PIR from Random Linear Codes,Caicai Chen; Yuval Ishai; Tamer Mour; Alon Rosen,Cryptography,https://doi.org/10.1145/3798129.3800906,10.1145/3798129.3800906,https://acm-stoc.org/stoc2026/toc.html,https://acm-stoc.org/stoc2026/toc.html,LLM_reviewed_title,Primary subject selected in title review; overlapping techniques do not receive additional counts.,General algorithm design,Coding and information theory
STOC-2026-187,STOC,2026,Pseudodeterministic Communication Complexity,Mika Göös; Nathaniel Harms; Artur Riazanov; Anastasia Sofronova; Dmitry Sokolov; Weiqiang Yuan,Communication complexity,https://doi.org/10.1145/3798129.3800907,10.1145/3798129.3800907,https://acm-stoc.org/stoc2026/toc.html,https://acm-stoc.org/stoc2026/toc.html,LLM_reviewed_title,Primary subject selected in title review; overlapping techniques do not receive additional counts.,Communication complexity,Pseudorandomness and derandomization
STOC-2026-188,STOC,2026,Deterministic List Decoding of Reed-Solomon Codes,Soham Chatterjee; Mrinal Kumar; Prahladh Harsha,Coding and information theory,https://doi.org/10.1145/3798129.3800908,10.1145/3798129.3800908,https://acm-stoc.org/stoc2026/toc.html,https://acm-stoc.org/stoc2026/toc.html,LLM_reviewed_title,Title reviewed; candidate primary category retained.,Coding and information theory,Coding and information theory
STOC-2026-189,STOC,2026,Nash Social Welfare with Submodular Valuations: Approximation Algorithms and Integrality Gaps,Xiaohui Bei; Yuda Feng; Yang Hu; Shi Li; Ruilong Zhang,Algorithmic game theory and fair division,https://doi.org/10.1145/3798129.3800909,10.1145/3798129.3800909,https://acm-stoc.org/stoc2026/toc.html,https://acm-stoc.org/stoc2026/toc.html,LLM_reviewed_title,Title reviewed; candidate primary category retained.,Algorithmic game theory and fair division,Algorithmic game theory and fair division
STOC-2026-190,STOC,2026,The Sample Complexity of Replicable Realizable PAC Learning,Kasper Green Larsen; Markus Engelund Mathiasen; Chirag Pabbaraju; Clement Svendsen,Learning theory,https://doi.org/10.1145/3798129.3800910,10.1145/3798129.3800910,https://acm-stoc.org/stoc2026/toc.html,https://acm-stoc.org/stoc2026/toc.html,LLM_reviewed_title,Title reviewed; candidate primary category retained.,Learning theory,Learning theory
STOC-2026-191,STOC,2026,Negations Are Powerful Even in Small Depth,Bruno Cavalar; Théo Borém Fabris; Partha Mukhopadhyay; Srikanth Srinivasan; Amir Yehudayoff,Computational and circuit complexity,https://doi.org/10.1145/3798129.3800911,10.1145/3798129.3800911,https://acm-stoc.org/stoc2026/toc.html,https://acm-stoc.org/stoc2026/toc.html,LLM_reviewed_title,Primary subject selected in title review; overlapping techniques do not receive additional counts.,General algorithm design,General algorithm design
STOC-2026-192,STOC,2026,Improved Approximation Algorithms for Non-preemptive Throughput Maximization,Alexander Armbruster; Fabrizio Grandoni; Antoine Tinguely; Andreas Wiese,Scheduling and packing,https://doi.org/10.1145/3798129.3800912,10.1145/3798129.3800912,https://acm-stoc.org/stoc2026/toc.html,https://acm-stoc.org/stoc2026/toc.html,LLM_reviewed_title,Primary subject selected in title review; overlapping techniques do not receive additional counts.,Approximation algorithms,Approximation algorithms
STOC-2026-193,STOC,2026,Tight (S)ETH-Based Lower Bounds for Pseudopolynomial Algorithms for Bin Packing and Multi-machine Scheduling,Karl Bringmann; Anita Dürr; Karol Węgrzycki,Fine-grained complexity,https://doi.org/10.1145/3798129.3800913,10.1145/3798129.3800913,https://acm-stoc.org/stoc2026/toc.html,https://acm-stoc.org/stoc2026/toc.html,LLM_reviewed_title,Primary subject selected in title review; overlapping techniques do not receive additional counts.,Scheduling and packing,Scheduling and packing
STOC-2026-194,STOC,2026,Provable Long-Range Benefits of Next-Token Prediction,Xinyuan Cao; Santosh S. Vempala,Learning theory,https://doi.org/10.1145/3798129.3800914,10.1145/3798129.3800914,https://acm-stoc.org/stoc2026/toc.html,https://acm-stoc.org/stoc2026/toc.html,LLM_reviewed_title,Primary subject selected in title review; overlapping techniques do not receive additional counts.,General algorithm design,General algorithm design
STOC-2026-195,STOC,2026,Half-Approximating Maximum Dicut in the Streaming Setting,Amir Azarmehr; Soheil Behnezhad; Shane Ferrante; Mohammad Saneian,Streaming and sketching,https://doi.org/10.1145/3798129.3800915,10.1145/3798129.3800915,https://acm-stoc.org/stoc2026/toc.html,https://acm-stoc.org/stoc2026/toc.html,LLM_reviewed_title,Title reviewed; candidate primary category retained.,Streaming and sketching,Streaming and sketching
STOC-2026-196,STOC,2026,Improved Pseudorandom Codes from Permuted Puzzles,Miranda Christ; Noah Golowich; Sam Gunn; Ankur Moitra; Daniel Wichs,Cryptography,https://doi.org/10.1145/3798129.3800916,10.1145/3798129.3800916,https://acm-stoc.org/stoc2026/toc.html,https://acm-stoc.org/stoc2026/toc.html,LLM_reviewed_title,Primary subject selected in title review; overlapping techniques do not receive additional counts.,Pseudorandomness and derandomization,Coding and information theory
STOC-2026-197,STOC,2026,Cutting Planarians: Planar Emulators for String Graphs,Hsien-Chih Chang; Jonathan Conroy; Zihan Tan; Da Wei Zheng,Computational geometry,https://doi.org/10.1145/3798129.3800917,10.1145/3798129.3800917,https://acm-stoc.org/stoc2026/toc.html,https://acm-stoc.org/stoc2026/toc.html,LLM_reviewed_title,Primary subject selected in title review; overlapping techniques do not receive additional counts.,Graph theory and graph algorithms,Data structures and compressed data
STOC-2026-198,STOC,2026,A Poisson Process for Submodular Maximization,Amit Ganz Rozenman; Ariel Kulik; Roy Schwartz; Mohit Singh,Optimization and mathematical programming,https://doi.org/10.1145/3798129.3800918,10.1145/3798129.3800918,https://acm-stoc.org/stoc2026/toc.html,https://acm-stoc.org/stoc2026/toc.html,LLM_reviewed_title,Title reviewed; candidate primary category retained.,Optimization and mathematical programming,Optimization and mathematical programming
STOC-2026-199,STOC,2026,Efficient Calibration for Decision Making,Parikshit Gopalan; Konstantinos Stavropoulos; Kunal Talwar; Pranay Tankala,Learning theory,https://doi.org/10.1145/3798129.3800919,10.1145/3798129.3800919,https://acm-stoc.org/stoc2026/toc.html,https://acm-stoc.org/stoc2026/toc.html,LLM_reviewed_title,Primary subject selected in title review; overlapping techniques do not receive additional counts.,General algorithm design,General algorithm design
STOC-2026-200,STOC,2026,A Strong Linear Programming Relaxation for Weighted Tree Augmentation,Vincent Cohen-Addad; Marina Drygala; Nathan Klein; Ola Svensson,Approximation algorithms,https://doi.org/10.1145/3798129.3800920,10.1145/3798129.3800920,https://acm-stoc.org/stoc2026/toc.html,https://acm-stoc.org/stoc2026/toc.html,LLM_reviewed_title,Primary subject selected in title review; overlapping techniques do not receive additional counts.,Optimization and mathematical programming,Optimization and mathematical programming
STOC-2026-201,STOC,2026,Optimal and Efficient Partite Decompositions of Hypergraphs,Andrew Krapivin; Benjamin Przybocki; Nicolás Sanhueza-Matamala; Bernardo Subercaseaux,Combinatorics and graph polynomials,https://doi.org/10.1145/3798129.3800921,10.1145/3798129.3800921,https://acm-stoc.org/stoc2026/toc.html,https://acm-stoc.org/stoc2026/toc.html,LLM_reviewed_title,Title reviewed; candidate primary category retained.,Graph theory and graph algorithms,Combinatorics and graph polynomials
STOC-2026-202,STOC,2026,Improved Lower Bounds for QAC0,Malvika Raj Joshi; Avishay Tal; Francisca Vasconcelos; John Wright,Quantum computation,https://doi.org/10.1145/3798129.3800922,10.1145/3798129.3800922,https://acm-stoc.org/stoc2026/toc.html,https://acm-stoc.org/stoc2026/toc.html,LLM_reviewed_title,Primary subject selected in title review; overlapping techniques do not receive additional counts.,General algorithm design,General algorithm design
STOC-2026-203,STOC,2026,Nearly Tight Lower Bounds for Relaxed Locally Decodable Codes via Robust Daisies,Guy Goldberg; Tom Gur; Sidhant Saraogi,Coding and information theory,https://doi.org/10.1145/3798129.3800923,10.1145/3798129.3800923,https://acm-stoc.org/stoc2026/toc.html,https://acm-stoc.org/stoc2026/toc.html,LLM_reviewed_title,Title reviewed; candidate primary category retained.,General algorithm design,Coding and information theory
STOC-2026-204,STOC,2026,"Private Learning of Littlestone Classes, Revisited",Xin Lyu,Differential privacy,https://doi.org/10.1145/3798129.3800924,10.1145/3798129.3800924,https://acm-stoc.org/stoc2026/toc.html,https://acm-stoc.org/stoc2026/toc.html,LLM_reviewed_title,Title reviewed; candidate primary category retained.,Differential privacy,Differential privacy
STOC-2026-205,STOC,2026,A Polylogarithmic Approximation for Buy-at-Bulk Network Design with Protection,Chandra Chekuri; Rhea Jain,Approximation algorithms,https://doi.org/10.1145/3798129.3800925,10.1145/3798129.3800925,https://acm-stoc.org/stoc2026/toc.html,https://acm-stoc.org/stoc2026/toc.html,LLM_reviewed_title,Title reviewed; candidate primary category retained.,Approximation algorithms,Approximation algorithms
STOC-2026-206,STOC,2026,Sparse Linear Regression Is Easy on Random Supports,Gautam Chandrasekaran; Raghu Meka; Konstantinos Stavropoulos,Learning theory,https://doi.org/10.1145/3798129.3800926,10.1145/3798129.3800926,https://acm-stoc.org/stoc2026/toc.html,https://acm-stoc.org/stoc2026/toc.html,LLM_reviewed_title,Title reviewed; candidate primary category retained.,General algorithm design,Learning theory
STOC-2026-207,STOC,2026,Fine-Grained Bounds for Courcelle’s Theorem,Daniel Lokshtanov; Fahad Panolan; Saket Saurabh; Jie Xue; Meirav Zehavi,Fine-grained complexity,https://doi.org/10.1145/3798129.3800927,10.1145/3798129.3800927,https://acm-stoc.org/stoc2026/toc.html,https://acm-stoc.org/stoc2026/toc.html,LLM_reviewed_title,Title reviewed; candidate primary category retained.,Fine-grained complexity,Fine-grained complexity
STOC-2026-208,STOC,2026,DAG Projections: Reducing Distance and Flow Problems to DAGs,Bernhard Haeupler; Yonggang Jiang; Thatchaphol Saranurak,Graph theory and graph algorithms,https://doi.org/10.1145/3798129.3800928,10.1145/3798129.3800928,https://acm-stoc.org/stoc2026/toc.html,https://acm-stoc.org/stoc2026/toc.html,LLM_reviewed_title,Title reviewed; candidate primary category retained.,General algorithm design,Graph theory and graph algorithms
STOC-2026-209,STOC,2026,Adversarial Robustness on Insertion-Deletion Streams,Elena Gribelyuk; Honghao Lin; David P. Woodruff; Huacheng Yu; Samson Zhou,Streaming and sketching,https://doi.org/10.1145/3798129.3800929,10.1145/3798129.3800929,https://acm-stoc.org/stoc2026/toc.html,https://acm-stoc.org/stoc2026/toc.html,LLM_reviewed_title,Primary subject selected in title review; overlapping techniques do not receive additional counts.,General algorithm design,Coding and information theory
STOC-2026-210,STOC,2026,Combinatorial Markov Search,Robin Bowers; Elias Lindgren; Bo Waggoner,"Online algorithms, bandits and stochastic optimization",https://doi.org/10.1145/3798129.3800930,10.1145/3798129.3800930,https://acm-stoc.org/stoc2026/toc.html,https://acm-stoc.org/stoc2026/toc.html,LLM_reviewed_abstract,"Online algorithms for combinatorial Markov search, generalizing Pandora's box.",Combinatorics and graph polynomials,Combinatorics and graph polynomials
STOC-2026-211,STOC,2026,"Online Matrix Factorization, Online Private Query Release, and Online Discrepancy Minimization",Aleksandar Nikolov; Haohua Tang; Jonathan Ullman,Differential privacy,https://doi.org/10.1145/3798129.3800931,10.1145/3798129.3800931,https://acm-stoc.org/stoc2026/toc.html,https://acm-stoc.org/stoc2026/toc.html,LLM_reviewed_title,Title reviewed; candidate primary category retained.,Combinatorics and graph polynomials,Differential privacy
