rank,researcher,slot,id,title,area,action,affinity,status,evidence,formulation_status,formulation_reviewed_on,current_batch_scope,researcher_bibliography,problem_sources
1,Ryan Williams,1,TCS-7161,NEXP versus nonuniform \(\mathrm{TC}^{0}\),Computational complexity,reused,Circuit lower bounds beyond the ACC frontier of his algorithms-to-lower-bounds program.,open,reviewed,revised,2026-09-11,"active-card and source-locator review; existing status is carried through, not independently recertified",https://dblp.org/pid/w/RyanWilliams.html,https://doi.org/10.1109/CCC.2011.36; https://en.wikipedia.org/wiki/Circuit_complexity; https://en.wikipedia.org/w/index.php?oldid=1328197464; https://people.csail.mit.edu/rrw/acc-lbs-ccc.pdf; https://eccc.weizmann.ac.il/report/2026/039/; https://eccc.weizmann.ac.il/report/2026/167/; https://eccc.weizmann.ac.il/report/2026/118/
1,Ryan Williams,2,TCS-0303,Stronger log-space time lower bounds for SAT,Computational complexity,reused,Quantitative time-space lower bounds for SAT connect directly to his work on time and space.,uncertain,index,not individually completed,,"active-card and source-locator review; existing status is carried through, not independently recertified",https://dblp.org/pid/w/RyanWilliams.html,https://www.cs.umd.edu/~gasarch/open/lbfornp.pdf
2,Irit Dinur,1,TCS-6738,Linear-length locally testable codes and proofs,Coding and information theory,reused,Linear-length local testability is a central frontier after her constructions of good locally testable codes.,source_open,source,not individually completed,,"active-card and source-locator review; existing status is carried through, not independently recertified",https://dblp.org/pid/18/3891.html,https://www.wisdom.weizmann.ac.il/~oded/pt-intro.html
2,Irit Dinur,2,TCS-7268,Sliding-scale PCP conjecture,Computational complexity,reused,PCP soundness and alphabet tradeoffs extend her foundational PCP work.,source_open,reviewed,revised,2026-09-11,"active-card and source-locator review; existing status is carried through, not independently recertified",https://dblp.org/pid/18/3891.html,https://arxiv.org/abs/1505.06362
3,Avi Wigderson,1,TCS-0003,P versus BPP,Pseudorandomness and derandomization,reused,Derandomization is a central theme across his complexity and pseudorandomness work.,uncertain,reviewed,revised,2026-09-10,"active-card and source-locator review; existing status is carried through, not independently recertified",https://dblp.org/pid/w/AviWigderson.html,https://www.math.ias.edu/files/mathandcomp.pdf; https://www.math.ias.edu/~avi/PUBLICATIONS/MYPAPERS/IW97/proc.pdf; https://eccc.weizmann.ac.il/report/2026/082/; https://arxiv.org/abs/2308.09549v9
3,Avi Wigderson,2,TCS-0005,VP versus VNP,Algebraic computation,reused,General arithmetic circuit lower bounds are a core target of his algebraic complexity program.,source_open,reviewed,not individually completed,2026-09-10,"active-card and source-locator review; existing status is carried through, not independently recertified",https://dblp.org/pid/w/AviWigderson.html,https://www.math.ias.edu/files/mathandcomp.pdf; https://doi.org/10.1145/800135.804419; https://eccc.weizmann.ac.il/report/2021/081/; https://eccc.weizmann.ac.il/report/2026/138/
4,Venkatesan Guruswami,1,TCS-1011,Full-length Reed–Solomon list decoding beyond Johnson,Coding and information theory,reused,Reed-Solomon list decoding beyond Johnson is directly in his coding research.,uncertain,index,not individually completed,,"active-card and source-locator review; existing status is carried through, not independently recertified",https://dblp.org/pid/g/VenkatesanGuruswami.html,https://people.seas.harvard.edu/~salil/pseudorandomness/
4,Venkatesan Guruswami,2,TCS-6637,Constant-colour polynomial-time colouring of 3-colourable graphs,Constraint satisfaction,reused,Coloring promised 3-colorable graphs connects his work on promise CSPs and inapproximability.,source_open,reviewed,not individually completed,2026-09-11,"active-card and source-locator review; existing status is carried through, not independently recertified",https://dblp.org/pid/g/VenkatesanGuruswami.html,https://arxiv.org/abs/2406.00357; https://arxiv.org/abs/1811.00970; https://drops.dagstuhl.de/entities/document/10.4230/LIPIcs.ICALP.2020.62; https://arxiv.org/abs/2602.05904; https://arxiv.org/abs/2504.03523
5,Daniel Spielman,1,TCS-7285,Strongly explicit Ramanujan families for every degree,Structural graph theory,reused,Strongly explicit Ramanujan families continue his spectral and interlacing-polynomial constructions.,source_open,reviewed,revised,2026-09-13,"active-card and source-locator review; existing status is carried through, not independently recertified",https://dblp.org/pid/s/DanielASpielman.html,https://arxiv.org/abs/2003.11673
5,Daniel Spielman,2,TCS-6585,Nearly linear-time solution of general sparse linear systems,Optimization and numerics,reused,General sparse linear systems extend the scope of his fast Laplacian-solving program.,source_open,reviewed,revised,2026-09-10,"active-card and source-locator review; existing status is carried through, not independently recertified",https://dblp.org/pid/s/DanielASpielman.html,https://arxiv.org/abs/2007.10254; https://epubs.siam.org/doi/10.1137/090771430; https://arxiv.org/abs/2111.05553; https://drops.dagstuhl.de/entities/document/10.4230/LIPIcs.ICALP.2022.53; https://arxiv.org/abs/2602.05394
6,Nikhil Bansal,1,TCS-7314,Komlós conjecture,Optimization and numerics,reused,Algorithmic discrepancy places the Komlos bound at the center of his research.,source_open,reviewed,revised,2026-09-11,"active-card and source-locator review; existing status is carried through, not independently recertified",https://dblp.org/pid/69/5601.html,https://arxiv.org/abs/2508.03961
6,Nikhil Bansal,2,TCS-7317,Randomized competitiveness of k-server,Online algorithms,reused,"Randomized k-server connects his discrepancy, rounding and online-algorithm work.",source_open,reviewed,revised,2026-09-12,"active-card and source-locator review; existing status is carried through, not independently recertified",https://dblp.org/pid/69/5601.html,https://arxiv.org/abs/2605.01497; https://arxiv.org/abs/2211.05753
7,Virginia Vassilevska Williams,1,TCS-0007,Matrix multiplication exponent,Algebraic computation,reused,Fast matrix multiplication is a direct sustained research contribution.,source_open,reviewed,revised,2026-09-12,"active-card and source-locator review; existing status is carried through, not independently recertified",https://dblp.org/pid/63/8319.html,https://doi.org/10.1007/BF02165411; https://www.math.ias.edu/files/mathandcomp.pdf; https://arxiv.org/abs/1812.08731; https://doi.org/10.1137/1.9781611978322.63; https://arxiv.org/abs/2608.16884v1; https://arxiv.org/abs/2404.16349v3
7,Virginia Vassilevska Williams,2,TCS-6510,Truly subcubic APSP,Fine-grained complexity,reused,Truly subcubic APSP is a central barrier in her fine-grained complexity program.,open,reviewed,revised,2026-09-11,"active-card and source-locator review; existing status is carried through, not independently recertified",https://dblp.org/pid/63/8319.html,https://doi.org/10.1109/FOCS.2010.67; https://arxiv.org/abs/1312.6680; https://arxiv.org/abs/2605.08588
8,Mark Braverman,1,TCS-5892,Constant-factor randomized direct sums for total Boolean functions,Communication complexity and Boolean function analysis,reused,Randomized direct sums for total functions concern the amortized cost of interaction in his information-complexity work.,source_open,reviewed,revised,2026-09-13,"active-card and source-locator review; existing status is carried through, not independently recertified",https://dblp.org/pid/16/6136.html,https://doi.org/10.4230/LIPIcs.STACS.2019.50; https://eccc.weizmann.ac.il/report/2010/083/; https://arxiv.org/abs/2608.04141
8,Mark Braverman,2,TCS-7352,Real Grothendieck constant,Communication complexity and Boolean function analysis,added,He coauthored the breakthrough disproving Krivine's proposed value of the real Grothendieck constant.,source_open,reviewed,revised,2026-09-13,primary-source and targeted later-work check,https://dblp.org/pid/16/6136.html,https://arxiv.org/abs/1103.6161; https://arxiv.org/abs/2608.11158
9,Subhash Khot,1,TCS-0006,Unique Games Conjecture,Approximation algorithms and hardness of approximation,reused,He introduced the Unique Games conjecture.,source_open,reviewed,revised,2026-09-10,"active-card and source-locator review; existing status is carried through, not independently recertified",https://dblp.org/pid/25/1492.html,https://cs.nyu.edu/~khot/papers/UGCSurvey.pdf; https://www.cs.cornell.edu/~abrahao/tdg/papers/p245.pdf; https://www.boazbarak.org/Papers/ssesubexp.pdf; https://cs.nyu.edu/~khot/PCP-Spring-20/2-to-2-Exposition.pdf; https://theoryofcomputing.org/articles/v021a011/
9,Subhash Khot,2,TCS-7160,Small-Set Expansion Hypothesis,Approximation algorithms and hardness of approximation,reused,Small-set expansion is a closely connected central hardness and geometry frontier.,open,reviewed,revised,2026-09-11,"active-card and source-locator review; existing status is carried through, not independently recertified",https://dblp.org/pid/25/1492.html,https://doi.org/10.1145/1806689.1806792; https://en.wikipedia.org/wiki/Small_set_expansion_hypothesis; https://en.wikipedia.org/w/index.php?oldid=1368726535; https://www.dsteurer.org/paper/expansion.pdf; https://arxiv.org/abs/1011.2586; https://arxiv.org/abs/2608.02588
10,Vinod Vaikuntanathan,1,TCS-6551,Unleveled fully homomorphic encryption from LWE alone,Cryptography,reused,Removing the additional assumption from unbounded-depth FHE directly extends his lattice-based FHE work.,source_open,reviewed,revised,2026-09-11,"active-card and source-locator review; existing status is carried through, not independently recertified",https://dblp.org/pid/v/VinodVaikuntanathan.html,https://epubs.siam.org/doi/10.1137/120868669; https://www.iacr.org/archive/crypto2018/10993383/10993383.pdf; https://cseweb.ucsd.edu/classes/wi23/cse208-a/FHEorg.pdf; https://eprint.iacr.org/2023/1376.pdf; https://drops.dagstuhl.de/storage/00lipics/lipics-vol251-itcs2023/LIPIcs.ITCS.2023.17/LIPIcs.ITCS.2023.17.pdf; https://link.springer.com/article/10.1186/s42400-025-00431-z; https://arxiv.org/abs/2604.23490
10,Vinod Vaikuntanathan,2,TCS-6550,Circuit obfuscation from polynomial-hard LWE,Cryptography,reused,Basing iO on polynomial-hardness LWE alone is central to his lattice-cryptography program.,source_open,reviewed,revised,2026-09-10,"active-card and source-locator review; existing status is carried through, not independently recertified",https://dblp.org/pid/v/VinodVaikuntanathan.html,https://www.wisdom.weizmann.ac.il/~oded/p_obfuscate.html; https://cims.nyu.edu/~regev/papers/qcrypto.pdf; https://doi.org/10.1145/3785007; https://eprint.iacr.org/2021/1334; https://doi.org/10.4230/LIPIcs.ICALP.2022.28
11,Aaron Sidford,1,TCS-0008,Strongly polynomial linear programming,Optimization and numerics,reused,Strongly polynomial LP continues his work on faster general optimization.,uncertain,reviewed,revised,2026-09-10,"active-card and source-locator review; existing status is carried through, not independently recertified",https://dblp.org/pid/125/2326.html,https://topp.openproblem.net/p8; https://doi.org/10.1287/opre.34.2.250; https://homepages.cwi.nl/~dadush/papers/genflow.pdf; https://arxiv.org/abs/2201.02186; https://homepages.cwi.nl/~dadush/papers/trust-region.pdf; https://arxiv.org/abs/2503.12041v10
11,Aaron Sidford,2,TCS-7228,Exact directed maximum flow in \(O((m+n) \operatorname{polylog} n)\) time,Structural graph theory,reused,Near-linear exact directed flow extends his flow and interior-point breakthroughs.,source_open,reviewed,revised,2026-09-11,"active-card and source-locator review; existing status is carried through, not independently recertified",https://dblp.org/pid/125/2326.html,https://arxiv.org/abs/2203.00671; https://arxiv.org/abs/2608.17384
12,Ankur Moitra,1,TCS-3391,Efficient learning of well-separated Gaussian mixtures,Learning theory,reused,Efficient learning of separated Gaussian mixtures connects to his mixture-learning work.,uncertain,index,not individually completed,,"active-card and source-locator review; existing status is carried through, not independently recertified",https://dblp.org/pid/04/952.html,https://proceedings.mlr.press/v125/kwon20a.html
12,Ankur Moitra,2,TCS-6656,Planted clique conjecture,Beyond worst-case and average-case analysis,reused,Planted clique captures the computational-statistical gaps studied in his inference research.,source_open,reviewed,revised,2026-09-10,"active-card and source-locator review; existing status is carried through, not independently recertified",https://dblp.org/pid/04/952.html,https://people.math.ethz.ch/~sudakovb/hidden-clique.pdf; https://doi.org/10.1137/17M1138236; https://arxiv.org/abs/2311.07540v2; https://arxiv.org/abs/2505.01990v2; https://proceedings.mlr.press/v336/gobel26a.html
13,Yin Tat Lee,1,TCS-6523,Kannan–Lovász–Simonovits conjecture,Computational geometry and metric spaces,reused,KLS is central to the geometry behind his sampling and optimization work.,source_open,reviewed,revised,2026-09-10,"active-card and source-locator review; existing status is carried through, not independently recertified",https://dblp.org/pid/125/2145.html,https://randomstrasse101.math.ethz.ch/posts/KLSConjecture/; https://faculty.cc.gatech.edu/~vempala/papers/kls_survey.pdf; https://arxiv.org/abs/2203.15551; https://www.weizmann.ac.il/math/klartag/sites/math.klartag/files/uploads/root_log.pdf; https://arxiv.org/abs/2507.15495v2; https://arxiv.org/abs/2607.24164v1
13,Yin Tat Lee,2,TCS-0008,Strongly polynomial linear programming,Optimization and numerics,reused,Strongly polynomial LP is a fundamental frontier for his optimization algorithms.,uncertain,reviewed,revised,2026-09-10,"active-card and source-locator review; existing status is carried through, not independently recertified",https://dblp.org/pid/125/2145.html,https://topp.openproblem.net/p8; https://doi.org/10.1287/opre.34.2.250; https://homepages.cwi.nl/~dadush/papers/genflow.pdf; https://arxiv.org/abs/2201.02186; https://homepages.cwi.nl/~dadush/papers/trust-region.pdf; https://arxiv.org/abs/2503.12041v10
14,Shayan Oveis Gharan,1,TCS-7356,Optimal polynomial-time approximation ratio for metric TSP,Approximation algorithms and hardness of approximation,added,The optimal algorithmic ratio extends his breakthrough below Christofides' factor.,source_open,reviewed,revised,2026-09-13,primary-source and targeted later-work check,https://dblp.org/pid/61/395.html,https://arxiv.org/abs/2007.01409
14,Shayan Oveis Gharan,2,TCS-7355,Fully polynomial randomized approximation of mixed discriminants,Counting and enumeration,added,Mixed discriminants connect his log-concavity and approximate-counting work.,source_open,reviewed,revised,2026-09-13,primary-source and targeted later-work check,https://dblp.org/pid/61/395.html,https://eccc.weizmann.ac.il/report/2007/037/revision/1/; https://doi.org/10.4230/LIPIcs.APPROX-RANDOM.2017.36
15,Ilias Diakonikolas,1,TCS-5443,Polynomial-time learning of Gaussian mixtures,Property testing and distribution learning,reused,Efficient unrestricted Gaussian-mixture learning is directly within his distribution-learning program.,uncertain,source,not individually completed,,"active-card and source-locator review; existing status is carried through, not independently recertified",https://dblp.org/pid/d/IliasDiakonikolas.html,https://proceedings.mlr.press/v237/afzali24a.html
15,Ilias Diakonikolas,2,TCS-5087,Polynomial-time robust spectral estimation,Learning theory,reused,Robust spectral estimation is a substantial computational-statistical frontier in his robust learning research.,source_open,source,not individually completed,,"active-card and source-locator review; existing status is carried through, not independently recertified",https://dblp.org/pid/d/IliasDiakonikolas.html,https://proceedings.mlr.press/v134/awasthi21a.html
16,Daniel Kane,1,TCS-6664,Maximum influence of polynomial threshold functions,Communication complexity and Boolean function analysis,reused,Influence of polynomial threshold functions relates directly to his Boolean-analysis work.,source_open,reviewed,revised,2026-09-12,"active-card and source-locator review; existing status is carried through, not independently recertified",https://dblp.org/pid/52/6817.html,https://arxiv.org/abs/2108.02288; https://dspace.mit.edu/server/api/core/bitstreams/7f2e32fd-d615-4dba-97be-f26cd30ca234/content; https://arxiv.org/abs/1210.1283; https://arxiv.org/abs/1709.06650; https://arxiv.org/abs/2604.08095; https://arxiv.org/abs/2601.08727
16,Daniel Kane,2,TCS-4592,Time complexity of Gaussian agnostic halfspace learning,Learning theory,reused,Gaussian agnostic halfspace complexity connects his structural and algorithmic learning results.,uncertain,index,not individually completed,,"active-card and source-locator review; existing status is carried through, not independently recertified",https://dblp.org/pid/52/6817.html,https://doi.org/10.4230/LIPIcs.APPROX-RANDOM.2014.793
17,David Woodruff,1,TCS-7007,Input-sparsity relative spectral low-rank approximation,Optimization and numerics,reused,Input-sparsity low-rank approximation extends his randomized numerical linear algebra.,source_open,source,not individually completed,,"active-card and source-locator review; existing status is carried through, not independently recertified",https://dblp.org/pid/w/DPWoodruff.html,https://arxiv.org/abs/1411.4357
17,David Woodruff,2,TCS-7006,Optimal input-sparsity subspace embeddings,Computational geometry and metric spaces,reused,Optimal input-sparsity subspace embeddings directly concern his sketching and numerical-linear-algebra work.,source_open,source,not individually completed,,"active-card and source-locator review; existing status is carried through, not independently recertified",https://dblp.org/pid/w/DPWoodruff.html,https://arxiv.org/abs/1411.4357
18,Sanjeev Arora,1,TCS-6587,Constant-factor approximation for Densest k-Subgraph,Approximation algorithms and hardness of approximation,reused,Densest k-subgraph is a major approximation barrier related to his approximation research.,source_open,reviewed,revised,2026-09-10,"active-card and source-locator review; existing status is carried through, not independently recertified",https://dblp.org/pid/a/SArora.html,https://arxiv.org/abs/1001.2891; https://arxiv.org/abs/1110.1360; https://arxiv.org/abs/1611.05991; https://drops.dagstuhl.de/entities/document/10.4230/LIPIcs.ITCS.2023.38; https://ojs.aaai.org/index.php/AAAI/article/view/38562; https://arxiv.org/abs/2605.25464
18,Sanjeev Arora,2,TCS-6657,Computational threshold for tensor PCA,Beyond worst-case and average-case analysis,reused,Tensor PCA captures computational-statistical barriers relevant to his provable learning work.,source_open,reviewed,not individually completed,2026-09-11,"active-card and source-locator review; existing status is carried through, not independently recertified",https://dblp.org/pid/a/SArora.html,https://arxiv.org/abs/1411.1076; https://www.jmlr.org/papers/v25/24-0006.html; https://arxiv.org/abs/2404.18735; https://arxiv.org/abs/2510.14329; https://arxiv.org/abs/2605.30113
19,Constantinos Daskalakis,1,TCS-7286,CLS versus FP,Computational complexity,reused,"CLS versus FP connects continuous optimization, equilibrium computation and his total-search work.",source_open,reviewed,revised,2026-09-13,"active-card and source-locator review; existing status is carried through, not independently recertified",https://dblp.org/pid/d/ConstantinosDaskalakis.html,https://arxiv.org/abs/2011.01929
19,Constantinos Daskalakis,2,TCS-3391,Efficient learning of well-separated Gaussian mixtures,Learning theory,reused,Efficient Gaussian-mixture learning relates to his algorithmic statistics program.,uncertain,index,not individually completed,,"active-card and source-locator review; existing status is carried through, not independently recertified",https://dblp.org/pid/d/ConstantinosDaskalakis.html,https://proceedings.mlr.press/v125/kwon20a.html
20,Prasad Raghavendra,1,TCS-7160,Small-Set Expansion Hypothesis,Approximation algorithms and hardness of approximation,reused,He co-introduced the Small-Set Expansion hypothesis.,open,reviewed,revised,2026-09-11,"active-card and source-locator review; existing status is carried through, not independently recertified",https://dblp.org/pid/69/3746.html,https://doi.org/10.1145/1806689.1806792; https://en.wikipedia.org/wiki/Small_set_expansion_hypothesis; https://en.wikipedia.org/w/index.php?oldid=1368726535; https://www.dsteurer.org/paper/expansion.pdf; https://arxiv.org/abs/1011.2586; https://arxiv.org/abs/2608.02588
20,Prasad Raghavendra,2,TCS-7281,Unconditional NP-hardness at the Goemans–Williamson Max-Cut threshold,Approximation algorithms and hardness of approximation,reused,Unconditional Max-Cut hardness probes the limits of his CSP and SDP approximation theory.,source_open,reviewed,revised,2026-09-11,"active-card and source-locator review; existing status is carried through, not independently recertified",https://dblp.org/pid/69/3746.html,https://faculty.wharton.upenn.edu/wp-content/uploads/2014/07/Optimal_Inapproximability_Results_for_MAX_CUT_and_Other_2_Variable_CSPs_1.pdf
21,Oded Regev,1,TCS-6521,Dihedral hidden subgroup problem in BQP,Quantum computation,reused,Dihedral HSP links his quantum algorithms to lattice and subset-sum problems.,uncertain,reviewed,not individually completed,2026-09-11,"active-card and source-locator review; existing status is carried through, not independently recertified",https://dblp.org/pid/r/OdedRegev.html,https://arxiv.org/abs/1112.3333; https://epubs.siam.org/doi/10.1137/S0097539703436345; https://arxiv.org/abs/2106.09907; https://arxiv.org/abs/quant-ph/0406151; https://cims.nyu.edu/~regev/papers/quantum_average.pdf; https://arxiv.org/abs/2202.09697; https://eprint.iacr.org/2026/1591; https://eprint.iacr.org/2026/1693; https://arxiv.org/abs/2608.16598; https://arxiv.org/abs/2608.05321
21,Oded Regev,2,TCS-6861,Classical reductions matching quantum LWE hardness,Lattices and computational number theory,reused,A classical worst-case reduction for LWE directly concerns the quantum reduction he introduced.,source_open,source,not individually completed,,"active-card and source-locator review; existing status is carried through, not independently recertified",https://dblp.org/pid/r/OdedRegev.html,https://eprint.iacr.org/2015/939
22,Yael Tauman Kalai,1,TCS-6552,Noninteractive zero knowledge from one-way functions,Cryptography,reused,Minimal assumptions for noninteractive zero knowledge connect her cryptographic proof systems.,source_open,reviewed,not individually completed,2026-09-11,"active-card and source-locator review; existing status is carried through, not independently recertified",https://dblp.org/pid/k/YaelTaumanKalai.html,https://homepages.cwi.nl/~schaffne/courses/crypto/2014/papers/ComZK08.pdf; https://web.eecs.umich.edu/~cpeikert/pubs/nizk-lwe.pdf; https://eprint.iacr.org/2023/1938; https://eprint.iacr.org/2024/1514; https://eccc.weizmann.ac.il/report/2024/116/; https://arxiv.org/abs/2602.17651; https://doi.org/10.1007/978-3-032-35424-2_6
22,Yael Tauman Kalai,2,TCS-6549,Oblivious transfer from public-key encryption,Cryptography,reused,Obtaining OT from general public-key encryption concerns the foundations of secure computation she studies.,source_open,reviewed,not individually completed,2026-09-10,"active-card and source-locator review; existing status is carried through, not independently recertified",https://dblp.org/pid/k/YaelTaumanKalai.html,https://vmahesh.cs.illinois.edu/papers/focs00.pdf; https://iftachh.github.io/MyHomepage/papers/BlackBoxMPC/black-box-mpc.pdf; https://eprint.iacr.org/2021/882; https://eprint.iacr.org/2023/1002; https://doi.org/10.1587/transfun.2025CIP0019
23,Shachar Lovett,1,TCS-6603,Log-rank conjecture,Communication complexity and Boolean function analysis,reused,Log-rank is central to his communication-complexity work.,source_open,reviewed,revised,2026-09-10,"active-card and source-locator review; existing status is carried through, not independently recertified",https://dblp.org/pid/77/4422.html,https://arxiv.org/abs/2510.02583v3; https://doi.org/10.1007/s10107-024-02117-9; https://doi.org/10.1137/16M1059369; https://arxiv.org/abs/2608.01812v1
23,Shachar Lovett,2,TCS-7271,Two-source extraction at log n plus constant entropy,Pseudorandomness and derandomization,reused,Optimal-entropy extraction relates to his pseudorandomness and additive-combinatorics work.,source_open,reviewed,revised,2026-09-11,"active-card and source-locator review; existing status is carried through, not independently recertified",https://dblp.org/pid/77/4422.html,https://arxiv.org/abs/2303.06802
24,Dor Minzer,1,TCS-7268,Sliding-scale PCP conjecture,Computational complexity,reused,PCP parameter tradeoffs are directly related to his hardness-of-approximation results.,source_open,reviewed,revised,2026-09-11,"active-card and source-locator review; existing status is carried through, not independently recertified",https://dblp.org/pid/161/4102.html,https://arxiv.org/abs/1505.06362
24,Dor Minzer,2,TCS-0006,Unique Games Conjecture,Approximation algorithms and hardness of approximation,reused,"Unique Games connects his Boolean-analysis, expansion and hardness work.",source_open,reviewed,revised,2026-09-10,"active-card and source-locator review; existing status is carried through, not independently recertified",https://dblp.org/pid/161/4102.html,https://cs.nyu.edu/~khot/papers/UGCSurvey.pdf; https://www.cs.cornell.edu/~abrahao/tdg/papers/p245.pdf; https://www.boazbarak.org/Papers/ssesubexp.pdf; https://cs.nyu.edu/~khot/PCP-Spring-20/2-to-2-Exposition.pdf; https://theoryofcomputing.org/articles/v021a011/
25,Thatchaphol Saranurak,1,TCS-7345,Almost-linear directed vertex connectivity,Structural graph theory,reused,Directed vertex connectivity continues his expander-decomposition and graph-algorithm program.,source_open,reviewed,revised,2026-09-13,"active-card and source-locator review; existing status is carried through, not independently recertified",https://dblp.org/pid/123/4694.html,https://arxiv.org/abs/2512.24355; https://arxiv.org/abs/2512.00176; https://mj.ucw.cz/vyuka/ga/ga.pdf
25,Thatchaphol Saranurak,2,TCS-7341,Strongly polynomial near-linear negative-weight shortest paths,Structural graph theory,reused,Strongly polynomial fast negative-weight SSSP directly extends his shortest-path work.,source_open,reviewed,revised,2026-09-13,"active-card and source-locator review; existing status is carried through, not independently recertified",https://dblp.org/pid/123/4694.html,https://arxiv.org/abs/2304.05279; https://arxiv.org/abs/2203.03456; https://arxiv.org/abs/2511.08551; https://arxiv.org/abs/2602.16153; https://mj.ucw.cz/vyuka/ga/ga.pdf
26,Lijie Chen,1,TCS-7161,NEXP versus nonuniform \(\mathrm{TC}^{0}\),Computational complexity,reused,NEXP versus TC0 is a natural next frontier in his circuit-lower-bound research.,open,reviewed,revised,2026-09-11,"active-card and source-locator review; existing status is carried through, not independently recertified",https://dblp.org/pid/116/0948-1.html,https://doi.org/10.1109/CCC.2011.36; https://en.wikipedia.org/wiki/Circuit_complexity; https://en.wikipedia.org/w/index.php?oldid=1328197464; https://people.csail.mit.edu/rrw/acc-lbs-ccc.pdf; https://eccc.weizmann.ac.il/report/2026/039/; https://eccc.weizmann.ac.il/report/2026/167/; https://eccc.weizmann.ac.il/report/2026/118/
26,Lijie Chen,2,TCS-4786,Complexity of Minimum Circuit Size,Computational complexity,reused,MCSP is central to his work on meta-complexity and hardness magnification.,uncertain,source,not individually completed,,"active-card and source-locator review; existing status is carried through, not independently recertified",https://dblp.org/pid/116/0948-1.html,https://doi.org/10.4230/LIPIcs.APPROX/RANDOM.2023.31; https://doi.org/10.4230/LIPIcs.STACS.2026.23; https://doi.org/10.4230/LIPIcs.CCC.2023.31
27,Moses Charikar,1,TCS-7353,Optimal polynomial-time approximation ratio for Euclidean k-means,Approximation algorithms and hardness of approximation,added,"Optimal Euclidean clustering approximation directly extends his k-means algorithms, including 2026 work.",source_open,reviewed,revised,2026-09-13,primary-source and targeted later-work check,https://dblp.org/pid/c/MosesCharikar.html,https://arxiv.org/abs/2607.14654; https://doi.org/10.1145/3798129.3800894
27,Moses Charikar,2,TCS-7318,Constant-factor approximation for Dasgupta’s hierarchical clustering objective,Approximation algorithms and hardness of approximation,reused,Hierarchical clustering approximability is directly connected to his clustering research.,source_open,reviewed,revised,2026-09-11,"active-card and source-locator review; existing status is carried through, not independently recertified",https://dblp.org/pid/c/MosesCharikar.html,https://arxiv.org/abs/1510.05043; https://arxiv.org/abs/1609.09548
28,László Babai,1,TCS-7222,Graph isomorphism in polynomial time,Structural graph theory,reused,Polynomial-time graph isomorphism is the main frontier after his quasipolynomial algorithm.,source_open,reviewed,revised,2026-09-11,"active-card and source-locator review; existing status is carried through, not independently recertified",https://dblp.org/pid/b/LaszloBabai.html,https://arxiv.org/abs/1512.03547; https://people.cs.uchicago.edu/~laci/papers/icm18-babai.pdf; https://www.sciencedirect.com/science/article/pii/S1574013726000274; https://doi.org/10.4230/LIPIcs.MFCS.2021.27; https://doi.org/10.4230/LIPIcs.MFCS.2021.37
28,László Babai,2,TCS-7180,Graph canonization versus graph isomorphism,Structural graph theory,reused,Canonization versus isomorphism directly concerns his group-theoretic graph algorithms.,source_open,reviewed,revised,2026-09-11,"active-card and source-locator review; existing status is carried through, not independently recertified",https://dblp.org/pid/b/LaszloBabai.html,https://par.nsf.gov/servlets/purl/10179675; https://en.wikipedia.org/wiki/Graph_canonization; https://en.wikipedia.org/w/index.php?oldid=1330143987; https://drops.dagstuhl.de/entities/document/10.4230/LIPIcs.ICALP.2026.114
29,Thomas Rothvoss,1,TCS-7283,Superpolynomial semidefinite extension complexity of perfect matching,Optimization and numerics,reused,SDP extension complexity continues his lower bounds for matching formulations.,source_open,reviewed,revised,2026-09-11,"active-card and source-locator review; existing status is carried through, not independently recertified",https://dblp.org/pid/10/1896.html,https://digital.lib.washington.edu/server/api/core/bitstreams/a7ac9607-c4f8-4d56-9b29-0f5ef033975d/content
29,Thomas Rothvoss,2,TCS-7315,Beck–Fiala conjecture,Optimization and numerics,reused,Beck-Fiala connects his discrepancy and integer-optimization work.,source_open,reviewed,revised,2026-09-11,"active-card and source-locator review; existing status is carried through, not independently recertified",https://dblp.org/pid/10/1896.html,https://arxiv.org/abs/2508.03961; https://arxiv.org/abs/2607.14238
30,Madhu Sudan,1,TCS-1020,Polynomial-length constant-query locally decodable codes,Coding and information theory,reused,Constant-query local decoding extends his foundational coding work.,uncertain,index,not individually completed,,"active-card and source-locator review; existing status is carried through, not independently recertified",https://dblp.org/pid/s/MadhuSudan.html,https://people.seas.harvard.edu/~salil/pseudorandomness/
30,Madhu Sudan,2,TCS-1011,Full-length Reed–Solomon list decoding beyond Johnson,Coding and information theory,reused,Reed-Solomon list decoding directly follows his algebraic list-decoding contributions.,uncertain,index,not individually completed,,"active-card and source-locator review; existing status is carried through, not independently recertified",https://dblp.org/pid/s/MadhuSudan.html,https://people.seas.harvard.edu/~salil/pseudorandomness/
31,Nima Anari,1,TCS-7355,Fully polynomial randomized approximation of mixed discriminants,Counting and enumeration,added,Mixed-discriminant approximation extends his log-concavity and partition-constrained sampling work.,source_open,reviewed,revised,2026-09-13,primary-source and targeted later-work check,https://dblp.org/pid/60/8821.html,https://eccc.weizmann.ac.il/report/2007/037/revision/1/; https://doi.org/10.4230/LIPIcs.APPROX-RANDOM.2017.36
31,Nima Anari,2,TCS-6628,FPRAS for counting perfect matchings,Counting and enumeration,reused,General perfect-matching counting is a major next barrier for his sampling and counting methods.,source_open,reviewed,revised,2026-09-10,"active-card and source-locator review; existing status is carried through, not independently recertified",https://dblp.org/pid/60/8821.html,https://doi.org/10.1137/0218077; https://faculty.cc.gatech.edu/~vigoda/Permanent.pdf; https://arxiv.org/abs/1712.07504; https://arxiv.org/abs/2309.04735; https://arxiv.org/abs/2608.26599
32,Julia Chuzhoy,1,TCS-6683,Optimal bounds in the Excluded Grid Theorem,Structural graph theory,reused,Quantitative excluded-grid bounds are directly within her graph-minor research.,source_open,reviewed,not individually completed,2026-09-11,"active-card and source-locator review; existing status is carried through, not independently recertified",https://dblp.org/pid/99/3386.html,https://doi.org/10.1016/0095-8956(86)90030-4; https://www.sciencedirect.com/science/article/pii/S0095895684710732; https://arxiv.org/abs/1305.6577; https://arxiv.org/abs/1901.07944; https://link.springer.com/article/10.1007/s00493-025-00168-w; https://arxiv.org/abs/2506.22857
32,Julia Chuzhoy,2,TCS-6588,Polylogarithmic approximation for Directed Steiner Tree,Approximation algorithms and hardness of approximation,reused,Directed Steiner Tree concerns the routing and network-design barriers she studies.,source_open,reviewed,not individually completed,2026-09-11,"active-card and source-locator review; existing status is carried through, not independently recertified",https://dblp.org/pid/99/3386.html,https://chekuri.web.engr.illinois.edu/pub.html; https://people.idsia.ch/~grandoni/Pubblicazioni/GLL19stoc.pdf; https://arxiv.org/abs/2302.04747; https://drops.dagstuhl.de/entities/document/10.4230/LIPIcs.ESA.2024.42; https://arxiv.org/abs/2412.10744; https://arxiv.org/abs/2607.25811
33,Mohsen Ghaffari,1,TCS-6499,Sublogarithmic distributed MIS,"Distributed, parallel and sublinear algorithms",reused,Distributed MIS is a central target of his LOCAL-model work.,open,reviewed,not individually completed,2026-09-10,"active-card and source-locator review; existing status is carried through, not independently recertified",https://dblp.org/pid/33/5673.html,https://arxiv.org/abs/2505.15652; https://arxiv.org/abs/1506.05093; https://arxiv.org/abs/2505.15654
33,Mohsen Ghaffari,2,TCS-6501,Constant-round MIS in the congested clique,"Distributed, parallel and sublinear algorithms",reused,Constant-round congested-clique MIS extends his distributed graph algorithms.,open,reviewed,not individually completed,2026-09-10,"active-card and source-locator review; existing status is carried through, not independently recertified",https://dblp.org/pid/33/5673.html,https://arxiv.org/abs/2502.21031; https://arxiv.org/abs/1802.08237; https://doi.org/10.4230/LIPIcs.DISC.2023.11
34,Danupon Nanongkai,1,TCS-7341,Strongly polynomial near-linear negative-weight shortest paths,Structural graph theory,reused,Strongly polynomial fast SSSP continues his shortest-path breakthroughs.,source_open,reviewed,revised,2026-09-13,"active-card and source-locator review; existing status is carried through, not independently recertified",https://dblp.org/pid/61/2421.html,https://arxiv.org/abs/2304.05279; https://arxiv.org/abs/2203.03456; https://arxiv.org/abs/2511.08551; https://arxiv.org/abs/2602.16153; https://mj.ucw.cz/vyuka/ga/ga.pdf
34,Danupon Nanongkai,2,TCS-6507,Work-efficient parallel directed reachability,"Distributed, parallel and sublinear algorithms",reused,Work-efficient directed reachability concerns his parallel and distributed graph program.,open,reviewed,not individually completed,2026-09-10,"active-card and source-locator review; existing status is carried through, not independently recertified",https://dblp.org/pid/61/2421.html,https://doi.org/10.4230/LIPIcs.ICALP.2026.15; https://arxiv.org/abs/1905.08841; https://arxiv.org/abs/2608.13231
35,Richard Peng,1,TCS-7228,Exact directed maximum flow in \(O((m+n) \operatorname{polylog} n)\) time,Structural graph theory,reused,Near-linear exact max flow extends his work on fast graph optimization.,source_open,reviewed,revised,2026-09-11,"active-card and source-locator review; existing status is carried through, not independently recertified",https://dblp.org/pid/46/7997.html,https://arxiv.org/abs/2203.00671; https://arxiv.org/abs/2608.17384
35,Richard Peng,2,TCS-6585,Nearly linear-time solution of general sparse linear systems,Optimization and numerics,reused,General sparse systems broaden his Laplacian and numerical-linear-algebra methods.,source_open,reviewed,revised,2026-09-10,"active-card and source-locator review; existing status is carried through, not independently recertified",https://dblp.org/pid/46/7997.html,https://arxiv.org/abs/2007.10254; https://epubs.siam.org/doi/10.1137/090771430; https://arxiv.org/abs/2111.05553; https://drops.dagstuhl.de/entities/document/10.4230/LIPIcs.ICALP.2022.53; https://arxiv.org/abs/2602.05394
36,Thomas Vidick,1,TCS-6446,Quantum PCP conjecture,Quantum computation,reused,Quantum PCP is central to his quantum verification and Hamiltonian-complexity research.,source_open,reviewed,revised,2026-09-10,"active-card and source-locator review; existing status is carried through, not independently recertified",https://dblp.org/pid/94/6173.html,https://arxiv.org/abs/1309.7495; https://eccc.weizmann.ac.il/report/2026/150/
36,Thomas Vidick,2,TCS-6515,Asymptotically good quantum locally testable stabilizer codes,Quantum computation,reused,Good quantum locally testable codes connect his quantum coding and Hamiltonian-complexity research.,source_open,reviewed,not individually completed,2026-09-11,"active-card and source-locator review; existing status is carried through, not independently recertified",https://dblp.org/pid/94/6173.html,https://quantum-journal.org/papers/q-2024-10-18-1501/; https://arxiv.org/abs/2111.03654; https://www.nature.com/articles/s41534-024-00908-8; https://arxiv.org/abs/2402.07476; https://arxiv.org/abs/2206.13228; https://arxiv.org/abs/2604.01874; https://arxiv.org/abs/2606.09588
37,Amit Sahai,1,TCS-6550,Circuit obfuscation from polynomial-hard LWE,Cryptography,reused,iO from LWE alone is central to his obfuscation research.,source_open,reviewed,revised,2026-09-10,"active-card and source-locator review; existing status is carried through, not independently recertified",https://dblp.org/pid/s/AmitSahai.html,https://www.wisdom.weizmann.ac.il/~oded/p_obfuscate.html; https://cims.nyu.edu/~regev/papers/qcrypto.pdf; https://doi.org/10.1145/3785007; https://eprint.iacr.org/2021/1334; https://doi.org/10.4230/LIPIcs.ICALP.2022.28
37,Amit Sahai,2,TCS-7278,Identity-based encryption from arbitrary public-key encryption,Cryptography,reused,Identity-based encryption from general PKE connects his functional-encryption and assumption-reduction work.,source_open,reviewed,revised,2026-09-13,"active-card and source-locator review; existing status is carried through, not independently recertified",https://dblp.org/pid/s/AmitSahai.html,https://eprint.iacr.org/2021/745.pdf; https://crypto.stanford.edu/~dabo/pubs/papers/bfibe.pdf
38,Tim Roughgarden,1,TCS-6632,Constant-factor universally truthful auctions for submodular bidders,"Algorithmic game theory, mechanism design and fair division",reused,Truthful welfare maximization concerns the algorithm-versus-incentives barriers he studies.,source_open,reviewed,revised,2026-09-11,"active-card and source-locator review; existing status is carried through, not independently recertified",https://dblp.org/pid/r/TimRoughgarden.html,https://epubs.siam.org/doi/10.1137/20M1316068; https://theory.stanford.edu/~shaddin/papers/randompower-focs09.pdf; https://arxiv.org/abs/1011.1830; https://arxiv.org/abs/2010.01420; https://drops.dagstuhl.de/entities/document/10.4230/LIPIcs.STACS.2026.27
38,Tim Roughgarden,2,TCS-6674,Randomized truthful unrelated-machine scheduling,"Algorithmic game theory, mechanism design and fair division",reused,Randomized truthful scheduling is a foundational approximation-mechanism target in his field.,source_open,reviewed,not individually completed,2026-09-11,"active-card and source-locator review; existing status is carried through, not independently recertified",https://dblp.org/pid/r/TimRoughgarden.html,https://arxiv.org/abs/2301.11905; https://doi.org/10.1145/3785408; https://arxiv.org/abs/1507.08708; https://link.springer.com/chapter/10.1007/978-3-540-92185-1_46; https://drops.dagstuhl.de/entities/document/10.4230/LIPIcs.STACS.2008.1314; https://link.springer.com/article/10.1007/s00224-019-09927-x; https://ora.ox.ac.uk/objects/uuid%3A814fc511-99e2-47cb-b06a-f472630996dc/files/r9593tw016
39,Cynthia Dwork,1,TCS-7236,Polynomial-time private release of all marginals,Differential privacy,reused,Efficient private marginal release connects her foundational query-release work.,source_open,reviewed,revised,2026-09-11,"active-card and source-locator review; existing status is carried through, not independently recertified",https://dblp.org/pid/83/6616.html,https://projects.iq.harvard.edu/files/privacytools/files/complexityprivacy_1_01.pdf; https://arxiv.org/abs/1304.3754
39,Cynthia Dwork,2,TCS-6825,Computational versus statistical privacy in the curator model,Differential privacy,reused,Statistical versus computational privacy is a foundational question linked to her cryptographic approach to privacy.,source_open,source,not individually completed,,"active-card and source-locator review; existing status is carried through, not independently recertified",https://dblp.org/pid/83/6616.html,https://www.cis.upenn.edu/~aaroth/privacybook.html
40,Scott Aaronson,1,TCS-6605,Aaronson–Ambainis conjecture,Communication complexity and Boolean function analysis,reused,He co-posed this conjecture on bounded low-degree polynomials and quantum query power.,source_open,reviewed,not individually completed,2026-09-11,"active-card and source-locator review; existing status is carried through, not independently recertified",https://dblp.org/pid/56/1358.html,https://arxiv.org/abs/0911.0996; https://arxiv.org/abs/1911.03748; https://ir.cwi.nl/pub/31883/31883.pdf; https://drops.dagstuhl.de/entities/document/10.4230/LIPIcs.ITCS.2025.17; https://eccc.weizmann.ac.il/report/2024/035/; https://arxiv.org/abs/2608.19158; https://arxiv.org/abs/2609.05201
40,Scott Aaronson,2,TCS-6933,Classical hardness of Boson Sampling,Quantum computation,reused,Classical hardness of Boson Sampling directly extends his quantum-sampling program.,source_open,source,not individually completed,,"active-card and source-locator review; existing status is carried through, not independently recertified",https://dblp.org/pid/56/1358.html,https://arxiv.org/abs/1511.04206
41,Bernhard Haeupler,1,TCS-0013,Efficient explicit constant-rate tree codes,Coding and information theory,reused,Efficient tree codes are a foundational target for his interactive-coding research.,uncertain,index,not individually completed,,"active-card and source-locator review; existing status is carried through, not independently recertified",https://dblp.org/pid/39/1043.html,https://www.math.ias.edu/files/mathandcomp.pdf
41,Bernhard Haeupler,2,TCS-6555,Optimal exact single-source shortest paths in CONGEST,"Distributed, parallel and sublinear algorithms",reused,Optimal distributed exact SSSP connects his low-congestion communication and shortest-path algorithms.,open,reviewed,revised,2026-09-11,"active-card and source-locator review; existing status is carried through, not independently recertified",https://dblp.org/pid/39/1043.html,https://link.springer.com/article/10.1007/s00446-026-00505-2; https://link.springer.com/article/10.1007/s00446-021-00412-8; https://nairenc.github.io/nairenc_files/parallelexactsspsqrt.pdf; https://arxiv.org/abs/1011.3049; https://arxiv.org/abs/2204.05874
42,Aviad Rubinstein,1,TCS-6587,Constant-factor approximation for Densest k-Subgraph,Approximation algorithms and hardness of approximation,reused,Densest k-subgraph concerns the approximation barriers in his hardness research.,source_open,reviewed,revised,2026-09-10,"active-card and source-locator review; existing status is carried through, not independently recertified",https://dblp.org/pid/11/10308.html,https://arxiv.org/abs/1001.2891; https://arxiv.org/abs/1110.1360; https://arxiv.org/abs/1611.05991; https://drops.dagstuhl.de/entities/document/10.4230/LIPIcs.ITCS.2023.38; https://ojs.aaai.org/index.php/AAAI/article/view/38562; https://arxiv.org/abs/2605.25464
42,Aviad Rubinstein,2,TCS-7179,Truly subquadratic exact edit distance,Fine-grained complexity,reused,Edit-distance complexity connects to his fine-grained hardness program.,open,reviewed,revised,2026-09-11,"active-card and source-locator review; existing status is carried through, not independently recertified",https://dblp.org/pid/11/10308.html,https://arxiv.org/abs/1412.0348; https://en.wikipedia.org/wiki/List_of_unsolved_problems_in_computer_science; https://en.wikipedia.org/w/index.php?oldid=1345711618; https://arxiv.org/abs/1502.01063v2; https://arxiv.org/abs/2603.29702
43,Mikkel Thorup,1,TCS-6537,Expected linear-time integer sorting for every word length,Algorithms & data structures,reused,Integer sorting is a direct target of his word-RAM algorithm research.,source_open,reviewed,revised,2026-09-11,"active-card and source-locator review; existing status is carried through, not independently recertified",https://dblp.org/pid/t/MikkelThorup.html,https://doi.org/10.1109/SFCS.2002.1181890; https://www.sciencedirect.com/science/article/pii/S019667740300155X; https://cs.au.dk/~gerth/papers/swat14sort.pdf; https://www.cs.cmu.edu/~15451-s25/slides/lecture03.pdf
43,Mikkel Thorup,2,TCS-7332,Logarithmic Las Vegas dynamic connectivity,Dynamic graph algorithms,reused,Dynamic connectivity continues his fundamental graph-data-structure work.,source_open,reviewed,revised,2026-09-13,"active-card and source-locator review; existing status is carried through, not independently recertified",https://dblp.org/pid/t/MikkelThorup.html,https://theoretics.episciences.org/10791/pdf; https://arxiv.org/abs/2510.08297
44,Rasmus Kyng,1,TCS-7228,Exact directed maximum flow in \(O((m+n) \operatorname{polylog} n)\) time,Structural graph theory,reused,Exact near-linear flow extends his almost-linear flow and optimization algorithms.,source_open,reviewed,revised,2026-09-11,"active-card and source-locator review; existing status is carried through, not independently recertified",https://dblp.org/pid/140/7252.html,https://arxiv.org/abs/2203.00671; https://arxiv.org/abs/2608.17384
44,Rasmus Kyng,2,TCS-6585,Nearly linear-time solution of general sparse linear systems,Optimization and numerics,reused,General sparse linear systems concern the limits of his solver techniques.,source_open,reviewed,revised,2026-09-10,"active-card and source-locator review; existing status is carried through, not independently recertified",https://dblp.org/pid/140/7252.html,https://arxiv.org/abs/2007.10254; https://epubs.siam.org/doi/10.1137/090771430; https://arxiv.org/abs/2111.05553; https://drops.dagstuhl.de/entities/document/10.4230/LIPIcs.ICALP.2022.53; https://arxiv.org/abs/2602.05394
45,David Steurer,1,TCS-6657,Computational threshold for tensor PCA,Beyond worst-case and average-case analysis,reused,Tensor PCA is central to his sum-of-squares and inference work.,source_open,reviewed,not individually completed,2026-09-11,"active-card and source-locator review; existing status is carried through, not independently recertified",https://dblp.org/pid/59/254.html,https://arxiv.org/abs/1411.1076; https://www.jmlr.org/papers/v25/24-0006.html; https://arxiv.org/abs/2404.18735; https://arxiv.org/abs/2510.14329; https://arxiv.org/abs/2605.30113
45,David Steurer,2,TCS-7160,Small-Set Expansion Hypothesis,Approximation algorithms and hardness of approximation,reused,"Small-set expansion connects his SDP, spectral and approximation research.",open,reviewed,revised,2026-09-11,"active-card and source-locator review; existing status is carried through, not independently recertified",https://dblp.org/pid/59/254.html,https://doi.org/10.1145/1806689.1806792; https://en.wikipedia.org/wiki/Small_set_expansion_hypothesis; https://en.wikipedia.org/w/index.php?oldid=1368726535; https://www.dsteurer.org/paper/expansion.pdf; https://arxiv.org/abs/1011.2586; https://arxiv.org/abs/2608.02588
46,James R. Lee,1,TCS-7283,Superpolynomial semidefinite extension complexity of perfect matching,Optimization and numerics,reused,Semidefinite extension complexity directly concerns his optimization lower bounds.,source_open,reviewed,revised,2026-09-11,"active-card and source-locator review; existing status is carried through, not independently recertified",https://dblp.org/pid/40/837.html,https://digital.lib.washington.edu/server/api/core/bitstreams/a7ac9607-c4f8-4d56-9b29-0f5ef033975d/content
46,James R. Lee,2,TCS-7266,Constant-factor approximation for uniform Sparsest Cut,Approximation algorithms and hardness of approximation,reused,Sparsest Cut connects his metric-embedding and SDP methods.,source_open,reviewed,revised,2026-09-11,"active-card and source-locator review; existing status is carried through, not independently recertified",https://dblp.org/pid/40/837.html,https://arxiv.org/abs/1607.00854
47,Ola Svensson,1,TCS-7357,Optimal polynomial-time approximation ratio for asymmetric TSP,Approximation algorithms and hardness of approximation,added,Optimal ATSP approximation continues his constant-factor ATSP breakthrough.,source_open,reviewed,revised,2026-09-13,primary-source and targeted later-work check,https://dblp.org/pid/11/6945.html,https://arxiv.org/abs/2603.14334
47,Ola Svensson,2,TCS-6676,Optimal approximation ratio for precedence-constrained makespan,Online algorithms,reused,Precedence scheduling extends his approximation and inapproximability work.,source_open,reviewed,revised,2026-09-12,"active-card and source-locator review; existing status is carried through, not independently recertified",https://dblp.org/pid/11/6945.html,https://onlinelibrary.wiley.com/doi/abs/10.1002/j.1538-7305.1966.tb01709.x; https://pubsonline.informs.org/doi/abs/10.1287/opre.26.1.22; https://theory.epfl.ch/osven/Ola%20Svensson_publications/SICOMP11b.pdf; https://drops.dagstuhl.de/entities/document/10.4230/LIPIcs.ESA.2022.40; https://arxiv.org/abs/2312.03495; https://arxiv.org/abs/2607.26590
48,Alexandr Andoni,1,TCS-7297,Optimal \(\ell\)\(_{1}\) distortion of edit distance,String algorithms and bioinformatics,reused,Edit-distance embedding into L1 connects his high-dimensional distance and sketching research.,source_open,reviewed,revised,2026-09-12,"active-card and source-locator review; existing status is carried through, not independently recertified",https://dblp.org/pid/66/6009.html,https://doi.org/10.1145/1060590.1060623
48,Alexandr Andoni,2,TCS-7006,Optimal input-sparsity subspace embeddings,Computational geometry and metric spaces,reused,Optimal subspace embeddings extend his dimensionality-reduction algorithms.,source_open,source,not individually completed,,"active-card and source-locator review; existing status is carried through, not independently recertified",https://dblp.org/pid/66/6009.html,https://arxiv.org/abs/1411.4357
49,Piotr Indyk,1,TCS-6662,Optimal deterministic restricted-isometry matrices,Pseudorandomness and derandomization,reused,Deterministic RIP constructions concern explicit dimensionality reduction and compressed sensing.,source_open,reviewed,not individually completed,2026-09-11,"active-card and source-locator review; existing status is carried through, not independently recertified",https://dblp.org/pid/i/PiotrIndyk.html,https://www.sciencedirect.com/science/article/pii/S0024379525003143; https://www.math.ucdavis.edu/~strohmer/courses/270/road_to_rip.pdf; https://arxiv.org/abs/1008.4535; https://arxiv.org/abs/2311.07889
49,Piotr Indyk,2,TCS-6529,Optimal \(\ell\)\(_{1}\) distortion of planar Earth Mover Distance,Computational geometry and metric spaces,reused,Planar earthmover embedding connects his algorithms for similarity and geometric data.,source_open,source,not individually completed,,"active-card and source-locator review; existing status is carried through, not independently recertified",https://dblp.org/pid/i/PiotrIndyk.html,https://www.weizmann.ac.il/math/gideon/sites/math.gideon/files/uploads/planar-earthmover.pdf
50,Sanjam Garg,1,TCS-6550,Circuit obfuscation from polynomial-hard LWE,Cryptography,reused,LWE-based iO continues his obfuscation constructions.,source_open,reviewed,revised,2026-09-10,"active-card and source-locator review; existing status is carried through, not independently recertified",https://dblp.org/pid/33/5817.html,https://www.wisdom.weizmann.ac.il/~oded/p_obfuscate.html; https://cims.nyu.edu/~regev/papers/qcrypto.pdf; https://doi.org/10.1145/3785007; https://eprint.iacr.org/2021/1334; https://doi.org/10.4230/LIPIcs.ICALP.2022.28
50,Sanjam Garg,2,TCS-6549,Oblivious transfer from public-key encryption,Cryptography,reused,OT from PKE is a foundational secure-computation question connected to his cryptographic reductions.,source_open,reviewed,not individually completed,2026-09-10,"active-card and source-locator review; existing status is carried through, not independently recertified",https://dblp.org/pid/33/5817.html,https://vmahesh.cs.illinois.edu/papers/focs00.pdf; https://iftachh.github.io/MyHomepage/papers/BlackBoxMPC/black-box-mpc.pdf; https://eprint.iacr.org/2021/882; https://eprint.iacr.org/2023/1002; https://doi.org/10.1587/transfun.2025CIP0019
51,Pravesh Kothari,1,TCS-6656,Planted clique conjecture,Beyond worst-case and average-case analysis,reused,Planted clique captures the statistical-computational barriers in his SOS work.,source_open,reviewed,revised,2026-09-10,"active-card and source-locator review; existing status is carried through, not independently recertified",https://dblp.org/pid/47/7934.html,https://people.math.ethz.ch/~sudakovb/hidden-clique.pdf; https://doi.org/10.1137/17M1138236; https://arxiv.org/abs/2311.07540v2; https://arxiv.org/abs/2505.01990v2; https://proceedings.mlr.press/v336/gobel26a.html
51,Pravesh Kothari,2,TCS-6602,Superpolynomial \(\mathrm{AC}^{0}[p]\)-Frege lower bounds,Proof complexity,reused,Modular bounded-depth Frege lower bounds connect his proof-complexity research.,source_open,reviewed,not individually completed,2026-09-10,"active-card and source-locator review; existing status is carried through, not independently recertified",https://dblp.org/pid/47/7934.html,https://www.karlin.mff.cuni.cz/~krajicek/finitary.pdf; https://www.cs.toronto.edu/~toni/Papers/exp-pigeon.pdf; https://drops.dagstuhl.de/entities/document/10.4230/LIPIcs.CCC.2025.8; https://drops.dagstuhl.de/entities/document/10.4230/LIPIcs.ITCS.2026.99; https://eccc.weizmann.ac.il/report/2026/018/; https://eccc.weizmann.ac.il/report/2026/070/
52,Daniel Lokshtanov,1,TCS-6592,FPT versus \(\mathrm{W}[1]\),Parameterized and exact algorithms,reused,FPT versus W[1] is a foundational barrier for his parameterized algorithms.,source_open,reviewed,revised,2026-09-10,"active-card and source-locator review; existing status is carried through, not independently recertified",https://dblp.org/pid/78/67.html,https://www.mimuw.edu.pl/~malcin/book/parameterized-algorithms.pdf; https://drops.dagstuhl.de/entities/document/10.4230/LIPIcs.MFCS.2018.73; https://arxiv.org/abs/2102.04769; https://arxiv.org/abs/2304.07516; https://weizmann.elsevierpure.com/en/publications/faster-combinatorial-k-clique-algorithms-2/
52,Daniel Lokshtanov,2,TCS-6379,Polynomial kernels for Directed Feedback Vertex Set,Parameterized and exact algorithms,reused,Polynomial DFVS kernels directly concern his kernelization and graph-algorithm work.,open,reviewed,revised,2026-09-12,"active-card and source-locator review; existing status is carried through, not independently recertified",https://dblp.org/pid/78/67.html,https://doi.org/10.4230/LIPIcs.STACS.2016.55; https://doi.org/10.1145/3711669
53,Ryan O'Donnell,1,TCS-6604,Fourier Entropy–Influence conjecture,Communication complexity and Boolean function analysis,reused,Fourier entropy-influence is a central Boolean-analysis conjecture in his research area.,source_open,reviewed,revised,2026-09-10,"active-card and source-locator review; existing status is carried through, not independently recertified",https://dblp.org/pid/34/5965.html,https://www.cs.cmu.edu/~jswright/papers/fei.pdf; https://arxiv.org/abs/2312.08271; https://arxiv.org/abs/2606.00246; https://arxiv.org/abs/2608.01424
53,Ryan O'Donnell,2,TCS-6581,Mansour’s conjecture,Communication complexity and Boolean function analysis,reused,Mansour's conjecture connects his Fourier analysis and computational learning work.,source_open,reviewed,not individually completed,2026-09-11,"active-card and source-locator review; existing status is carried through, not independently recertified",https://dblp.org/pid/34/5965.html,https://www.ias.edu/sites/default/files/math/ODonnell_Fourier.pdf; https://eccc.weizmann.ac.il/report/2010/023/revision/3/download/; https://arxiv.org/abs/2109.04525v2; https://link.springer.com/article/10.1007/s00493-024-00133-z; https://arxiv.org/abs/2606.00246v2; https://arxiv.org/abs/2506.01075v2
54,MohammadTaghi Hajiaghayi,1,TCS-6588,Polylogarithmic approximation for Directed Steiner Tree,Approximation algorithms and hardness of approximation,reused,Directed Steiner approximation connects his network-design research.,source_open,reviewed,not individually completed,2026-09-11,"active-card and source-locator review; existing status is carried through, not independently recertified",https://dblp.org/pid/334/4488.html,https://chekuri.web.engr.illinois.edu/pub.html; https://people.idsia.ch/~grandoni/Pubblicazioni/GLL19stoc.pdf; https://arxiv.org/abs/2302.04747; https://drops.dagstuhl.de/entities/document/10.4230/LIPIcs.ESA.2024.42; https://arxiv.org/abs/2412.10744; https://arxiv.org/abs/2607.25811
54,MohammadTaghi Hajiaghayi,2,TCS-7348,Single-exponential exact cut mimicking networks,Structural graph theory,reused,Cut mimicking networks concern the compression and routing structures he studies.,source_open,reviewed,revised,2026-09-13,"active-card and source-locator review; existing status is carried through, not independently recertified",https://dblp.org/pid/334/4488.html,https://drops.dagstuhl.de/storage/00lipics/lipics-vol334-icalp2025/html/LIPIcs.ICALP.2025.53/LIPIcs.ICALP.2025.53.html; https://arxiv.org/abs/1207.6371; https://mj.ucw.cz/vyuka/ga/ga.pdf
55,Johan Håstad,1,TCS-1056,Majority outside constant-depth modular circuits,Computational complexity,reused,Modular-circuit lower bounds extend his Boolean circuit lower-bound program.,source_open,reviewed,revised,2026-09-13,"active-card and source-locator review; existing status is carried through, not independently recertified",https://dblp.org/pid/47/3155.html,https://web.vu.lt/mif/s.jukna/boolean/index.html; https://arxiv.org/abs/2604.04760
55,Johan Håstad,2,TCS-7281,Unconditional NP-hardness at the Goemans–Williamson Max-Cut threshold,Approximation algorithms and hardness of approximation,reused,Unconditional sharp Max-Cut hardness continues his optimal-inapproximability work.,source_open,reviewed,revised,2026-09-11,"active-card and source-locator review; existing status is carried through, not independently recertified",https://dblp.org/pid/47/3155.html,https://faculty.wharton.upenn.edu/wp-content/uploads/2014/07/Optimal_Inapproximability_Results_for_MAX_CUT_and_Other_2_Variable_CSPs_1.pdf
56,Ran Raz,1,TCS-6888,Superpolynomial arithmetic formula lower bounds,Algebraic computation,reused,Arithmetic formula lower bounds directly extend his algebraic-complexity results.,source_open,source,not individually completed,,"active-card and source-locator review; existing status is carried through, not independently recertified",https://dblp.org/pid/91/5912.html,https://www.cs.tau.ac.il/~shpilka/publications/SY10.pdf
56,Ran Raz,2,TCS-5892,Constant-factor randomized direct sums for total Boolean functions,Communication complexity and Boolean function analysis,reused,Randomized direct sums for total functions concern his communication and information-complexity research.,source_open,reviewed,revised,2026-09-13,"active-card and source-locator review; existing status is carried through, not independently recertified",https://dblp.org/pid/91/5912.html,https://doi.org/10.4230/LIPIcs.STACS.2019.50; https://eccc.weizmann.ac.il/report/2010/083/; https://arxiv.org/abs/2608.04141
57,Daniel Dadush,1,TCS-7264,Single-exponential dependence on dimension for integer programming,Optimization and numerics,reused,Single-exponential integer programming is central to his geometry-of-numbers algorithms.,source_open,reviewed,revised,2026-09-11,"active-card and source-locator review; existing status is carried through, not independently recertified",https://dblp.org/pid/07/3765.html,https://drops.dagstuhl.de/storage/00lipics/lipics-vol358-ipec2025/html/LIPIcs.IPEC.2025.1/LIPIcs.IPEC.2025.1.html
57,Daniel Dadush,2,TCS-7314,Komlós conjecture,Optimization and numerics,reused,Komlos directly connects his discrepancy and convex-geometric work.,source_open,reviewed,revised,2026-09-11,"active-card and source-locator review; existing status is carried through, not independently recertified",https://dblp.org/pid/07/3765.html,https://arxiv.org/abs/2508.03961
58,Huijia Lin,1,TCS-6550,Circuit obfuscation from polynomial-hard LWE,Cryptography,reused,LWE-based iO is a central next target after her obfuscation constructions.,source_open,reviewed,revised,2026-09-10,"active-card and source-locator review; existing status is carried through, not independently recertified",https://dblp.org/pid/37/778.html,https://www.wisdom.weizmann.ac.il/~oded/p_obfuscate.html; https://cims.nyu.edu/~regev/papers/qcrypto.pdf; https://doi.org/10.1145/3785007; https://eprint.iacr.org/2021/1334; https://doi.org/10.4230/LIPIcs.ICALP.2022.28
58,Huijia Lin,2,TCS-7278,Identity-based encryption from arbitrary public-key encryption,Cryptography,reused,IBE from generic PKE concerns reducing assumptions for advanced encryption.,source_open,reviewed,revised,2026-09-13,"active-card and source-locator review; existing status is carried through, not independently recertified",https://dblp.org/pid/37/778.html,https://eprint.iacr.org/2021/745.pdf; https://crypto.stanford.edu/~dabo/pubs/papers/bfibe.pdf
59,Zvika Brakerski,1,TCS-6551,Unleveled fully homomorphic encryption from LWE alone,Cryptography,reused,FHE without circular-security assumptions continues his foundational FHE research.,source_open,reviewed,revised,2026-09-11,"active-card and source-locator review; existing status is carried through, not independently recertified",https://dblp.org/pid/53/1085.html,https://epubs.siam.org/doi/10.1137/120868669; https://www.iacr.org/archive/crypto2018/10993383/10993383.pdf; https://cseweb.ucsd.edu/classes/wi23/cse208-a/FHEorg.pdf; https://eprint.iacr.org/2023/1376.pdf; https://drops.dagstuhl.de/storage/00lipics/lipics-vol251-itcs2023/LIPIcs.ITCS.2023.17/LIPIcs.ITCS.2023.17.pdf; https://link.springer.com/article/10.1186/s42400-025-00431-z; https://arxiv.org/abs/2604.23490
59,Zvika Brakerski,2,TCS-7359,Public-key quantum money from LWE alone,Cryptography,added,Public verification from LWE alone concerns his lattice and quantum-cryptography program.,source_open,reviewed,revised,2026-09-13,primary-source and targeted later-work check,https://dblp.org/pid/53/1085.html,https://arxiv.org/abs/2411.04482; https://eprint.iacr.org/2025/325; https://mzhandry.github.io/pubs.quantum.html
60,Daniel Wichs,1,TCS-5013,Sublinear-communication secure computation with polynomial setup,Cryptography,reused,Communication-efficient MPC extends his succinct cryptographic protocols.,uncertain,source,not individually completed,,"active-card and source-locator review; existing status is carried through, not independently recertified",https://dblp.org/pid/24/2359.html,https://doi.org/10.4230/LIPIcs.ITC.2023.18
60,Daniel Wichs,2,TCS-6552,Noninteractive zero knowledge from one-way functions,Cryptography,reused,Minimal assumptions for NIZK connect his cryptographic proof and delegation research.,source_open,reviewed,not individually completed,2026-09-11,"active-card and source-locator review; existing status is carried through, not independently recertified",https://dblp.org/pid/24/2359.html,https://homepages.cwi.nl/~schaffne/courses/crypto/2014/papers/ComZK08.pdf; https://web.eecs.umich.edu/~cpeikert/pubs/nizk-lwe.pdf; https://eprint.iacr.org/2023/1938; https://eprint.iacr.org/2024/1514; https://eccc.weizmann.ac.il/report/2024/116/; https://arxiv.org/abs/2602.17651; https://doi.org/10.1007/978-3-032-35424-2_6
61,Avishay Tal,1,TCS-1054,Exponential lower bounds for unrestricted threshold-of-threshold circuits,Computational complexity,reused,Threshold-of-threshold lower bounds connect his circuit-complexity work.,source_open,reviewed,revised,2026-09-13,"active-card and source-locator review; existing status is carried through, not independently recertified",https://dblp.org/pid/93/8727.html,https://web.vu.lt/mif/s.jukna/boolean/index.html; https://arxiv.org/abs/1805.10698
61,Avishay Tal,2,TCS-1133,Sub-log-squared seeds for polynomial-size CNFs and DNFs,Pseudorandomness and derandomization,reused,Short-seed generators for CNF/DNF extend his pseudorandomness research.,uncertain,index,not individually completed,,"active-card and source-locator review; existing status is carried through, not independently recertified",https://dblp.org/pid/93/8727.html,https://eccc.weizmann.ac.il/report/2023/019/
62,Kasper Green Larsen,1,TCS-6540,Superlogarithmic static cell-probe lower bounds,Data structures,reused,Superlogarithmic static cell-probe bounds are a core barrier in his data-structure lower bounds.,source_open,reviewed,revised,2026-09-11,"active-card and source-locator review; existing status is carried through, not independently recertified",https://dblp.org/pid/07/6242.html,https://doi.org/10.1145/3798129.3800843; https://eccc.weizmann.ac.il/report/2025/030/; https://eccc.weizmann.ac.il/report/2025/155/; https://epubs.siam.org/doi/10.1137/18M1198429; https://eccc.weizmann.ac.il/report/2026/047/
62,Kasper Green Larsen,2,TCS-7338,Multiphase conjecture,Data structures,reused,The multiphase problem directly concerns dynamic data-structure lower bounds.,source_open,reviewed,revised,2026-09-13,"active-card and source-locator review; existing status is carried through, not independently recertified",https://dblp.org/pid/07/6242.html,https://www.ccs.neu.edu/~viola/classes/papers/PatrascuTowards.pdf; https://arxiv.org/abs/1910.13543
63,Huacheng Yu,1,TCS-6540,Superlogarithmic static cell-probe lower bounds,Data structures,reused,Strong static cell-probe lower bounds connect his data-structure complexity work.,source_open,reviewed,revised,2026-09-11,"active-card and source-locator review; existing status is carried through, not independently recertified",https://dblp.org/pid/84/9059.html,https://doi.org/10.1145/3798129.3800843; https://eccc.weizmann.ac.il/report/2025/030/; https://eccc.weizmann.ac.il/report/2025/155/; https://epubs.siam.org/doi/10.1137/18M1198429; https://eccc.weizmann.ac.il/report/2026/047/
63,Huacheng Yu,2,TCS-6498,Dynamic optimality conjecture,Data structures,reused,Dynamic optimality concerns the limits of the adaptive data structures he studies.,source_open,reviewed,revised,2026-09-11,"active-card and source-locator review; existing status is carried through, not independently recertified",https://dblp.org/pid/84/9059.html,https://arxiv.org/abs/2607.18498; https://www.cs.cmu.edu/~yangp/15-451/lecture23.pdf; https://doi.org/10.1137/S0097539705447347; https://doi.org/10.4230/LIPIcs.ITCS.2022.18
64,Karl Bringmann,1,TCS-6598,Min-Plus Convolution Hypothesis,Fine-grained complexity,reused,Min-plus convolution is central to his fine-grained algorithm program.,source_open,reviewed,revised,2026-09-13,"active-card and source-locator review; existing status is carried through, not independently recertified",https://dblp.org/pid/96/2643.html,https://drops.dagstuhl.de/entities/document/10.4230/LIPIcs.ICALP.2026.119; https://tmc.web.engr.illinois.edu/convol.pdf
64,Karl Bringmann,2,TCS-7350,Near-linear output-sensitive Subset Sum,Algorithms & data structures,reused,Output-sensitive Subset Sum directly extends his pseudopolynomial algorithms.,source_open,reviewed,revised,2026-09-13,"active-card and source-locator review; existing status is carried through, not independently recertified",https://dblp.org/pid/96/2643.html,https://arxiv.org/abs/2107.13206; https://arxiv.org/abs/2601.01390
65,Amir Abboud,1,TCS-6510,Truly subcubic APSP,Fine-grained complexity,reused,Truly subcubic APSP is a foundational target of his fine-grained complexity work.,open,reviewed,revised,2026-09-11,"active-card and source-locator review; existing status is carried through, not independently recertified",https://dblp.org/pid/129/1654.html,https://doi.org/10.1109/FOCS.2010.67; https://arxiv.org/abs/1312.6680; https://arxiv.org/abs/2605.08588
65,Amir Abboud,2,TCS-0557,Truly subquadratic algorithms for 3SUM,Fine-grained complexity,reused,The 3SUM barrier concerns his fine-grained reductions and algorithmic lower bounds.,uncertain,index,not individually completed,,"active-card and source-locator review; existing status is carried through, not independently recertified",https://dblp.org/pid/129/1654.html,https://topp.openproblem.net/p11
66,Eshan Chattopadhyay,1,TCS-7271,Two-source extraction at log n plus constant entropy,Pseudorandomness and derandomization,reused,Entropy-threshold extraction directly extends his two-source extractor breakthrough.,source_open,reviewed,revised,2026-09-11,"active-card and source-locator review; existing status is carried through, not independently recertified",https://dblp.org/pid/117/3135.html,https://arxiv.org/abs/2303.06802
66,Eshan Chattopadhyay,2,TCS-1015,Seeded extraction with constant total entropy loss,Pseudorandomness and derandomization,reused,Optimal seeded extraction is central to his randomness-extraction research.,uncertain,index,not individually completed,,"active-card and source-locator review; existing status is carried through, not independently recertified",https://dblp.org/pid/117/3135.html,https://people.seas.harvard.edu/~salil/pseudorandomness/
67,David Zuckerman,1,TCS-7271,Two-source extraction at log n plus constant entropy,Pseudorandomness and derandomization,reused,Near-threshold two-source extraction continues his explicit-extractor work.,source_open,reviewed,revised,2026-09-11,"active-card and source-locator review; existing status is carried through, not independently recertified",https://dblp.org/pid/z/DZuckerman.html,https://arxiv.org/abs/2303.06802
67,David Zuckerman,2,TCS-1013,Optimal-size highly unbalanced lossless expanders,Pseudorandomness and derandomization,reused,Unbalanced lossless expansion connects his extractor and pseudorandom construction program.,uncertain,index,not individually completed,,"active-card and source-locator review; existing status is carried through, not independently recertified",https://dblp.org/pid/z/DZuckerman.html,https://people.seas.harvard.edu/~salil/pseudorandomness/
68,Rocco Servedio,1,TCS-6581,Mansour’s conjecture,Communication complexity and Boolean function analysis,reused,Mansour's conjecture connects his Fourier-analytic learning research.,source_open,reviewed,not individually completed,2026-09-11,"active-card and source-locator review; existing status is carried through, not independently recertified",https://dblp.org/pid/s/RAServedio.html,https://www.ias.edu/sites/default/files/math/ODonnell_Fourier.pdf; https://eccc.weizmann.ac.il/report/2010/023/revision/3/download/; https://arxiv.org/abs/2109.04525v2; https://link.springer.com/article/10.1007/s00493-024-00133-z; https://arxiv.org/abs/2606.00246v2; https://arxiv.org/abs/2506.01075v2
68,Rocco Servedio,2,TCS-6543,Learning Boolean juntas from uniform random examples,Learning theory,reused,Uniform-distribution junta learning is a core problem in his learning work.,source_open,reviewed,revised,2026-09-11,"active-card and source-locator review; existing status is carried through, not independently recertified",https://dblp.org/pid/s/RAServedio.html,https://www.cs.cmu.edu/~odonnell/papers/juntas.pdf; https://theory.stanford.edu/~valiant/papers/corrFull.pdf; https://arxiv.org/abs/2511.08791; https://arxiv.org/abs/2505.05819; https://arxiv.org/abs/2605.10237; https://openreview.net/pdf?id=wszZlP1K14; https://www.math.ias.edu/files/mathandcomp.pdf
69,Xi Chen,1,TCS-7294,Learning decision trees from uniform random examples in polynomial time,Learning theory,reused,Efficient uniform decision-tree learning connects his learning-complexity research.,source_open,reviewed,revised,2026-09-11,"active-card and source-locator review; existing status is carried through, not independently recertified",https://dblp.org/pid/16/3283-1.html,https://arxiv.org/abs/0812.0933; https://doi.org/10.4230/LIPIcs.ITCS.2025.38
69,Xi Chen,2,TCS-6630,Effective classification of polynomially testable hereditary graph properties,Property testing and distribution learning,reused,Efficient testability of hereditary graph properties concerns his property-testing work.,source_open,reviewed,revised,2026-09-11,"active-card and source-locator review; existing status is carried through, not independently recertified",https://dblp.org/pid/16/3283-1.html,https://arxiv.org/html/2508.16878v1; https://epubs.siam.org/doi/10.1137/06064888X; https://arxiv.org/abs/1611.10315; https://www.cambridge.org/core/product/identifier/S0963548314000765/type/journal_article; https://arxiv.org/abs/1709.08159; https://eccc.weizmann.ac.il/report/2026/144/
70,Vincent Cohen-Addad,1,TCS-7353,Optimal polynomial-time approximation ratio for Euclidean k-means,Approximation algorithms and hardness of approximation,added,Optimal high-dimensional k-means approximation directly extends his clustering results.,source_open,reviewed,revised,2026-09-13,primary-source and targeted later-work check,https://dblp.org/pid/136/5814.html,https://arxiv.org/abs/2607.14654; https://doi.org/10.1145/3798129.3800894
70,Vincent Cohen-Addad,2,TCS-7318,Constant-factor approximation for Dasgupta’s hierarchical clustering objective,Approximation algorithms and hardness of approximation,reused,Hierarchical clustering approximation is a direct research theme.,source_open,reviewed,revised,2026-09-11,"active-card and source-locator review; existing status is carried through, not independently recertified",https://dblp.org/pid/136/5814.html,https://arxiv.org/abs/1510.05043; https://arxiv.org/abs/1609.09548
71,Sepehr Assadi,1,TCS-6627,Fully dynamic near-optimal matching with polylogarithmic updates,Dynamic graph algorithms,reused,Near-optimal dynamic matching connects his matching and graph-algorithm research.,source_open,reviewed,revised,2026-09-11,"active-card and source-locator review; existing status is carried through, not independently recertified",https://dblp.org/pid/125/2903.html,https://pure.mpg.de/pubman/item/item_3527212_4/component/file_3527885/biennial-report-2023.pdf; https://epubs.siam.org/doi/10.1137/1.9781611977912.109; https://arxiv.org/abs/2406.13573; https://arxiv.org/abs/2502.02455; https://arxiv.org/abs/2403.02582; https://arxiv.org/abs/2605.00797
71,Sepehr Assadi,2,TCS-6556,Directed reachability with nearly linear memory and polylogarithmic passes,"Distributed, parallel and sublinear algorithms",reused,Directed reachability in small memory connects his streaming-complexity work.,source_open,reviewed,revised,2026-09-11,"active-card and source-locator review; existing status is carried through, not independently recertified",https://dblp.org/pid/125/2903.html,https://par.nsf.gov/servlets/purl/10488812; https://eccc.weizmann.ac.il/report/2013/002/revision/3/download/; https://arxiv.org/abs/1905.08841; https://arxiv.org/abs/2011.03495; https://par.nsf.gov/servlets/purl/10315017; https://arxiv.org/abs/2608.07073v2
72,Monika Henzinger,1,TCS-6625,Deterministic fully dynamic connectivity with polylogarithmic worst-case updates,Dynamic graph algorithms,reused,Deterministic dynamic connectivity is central to her dynamic graph program.,source_open,reviewed,revised,2026-09-10,"active-card and source-locator review; existing status is carried through, not independently recertified",https://dblp.org/pid/h/MonikaRauchHenzinger.html,https://u.cs.biu.ac.il/~rodittl/p723-holm.pdf; https://doi.org/10.1137/1.9781611973105.81; https://arxiv.org/abs/1910.08025; https://arxiv.org/abs/2510.08297; https://doi.org/10.1137/1.9781611978971.103; https://erikdemaine.org/papers/DynamicConnectivity_SICOMP/
72,Monika Henzinger,2,TCS-6673,Optimal error for pure-DP continual counting,Differential privacy,reused,Optimal private continual counting connects her privacy-preserving dynamic algorithms.,open,reviewed,revised,2026-09-11,"active-card and source-locator review; existing status is carried through, not independently recertified",https://dblp.org/pid/h/MonikaRauchHenzinger.html,https://arxiv.org/abs/2607.00876v2; https://proceedings.mlr.press/v202/jain23b.html; https://arxiv.org/abs/2607.08963; https://arxiv.org/abs/2607.28703v2; https://arxiv.org/abs/2608.08238
73,Shiri Chechik,1,TCS-6785,Optimal additive error of linear-size spanners,Algorithms & data structures,reused,Linear-size additive spanners concern her graph-distance structures.,source_open,reviewed,revised,2026-09-13,"active-card and source-locator review; existing status is carried through, not independently recertified",https://dblp.org/pid/38/2434.html,https://arxiv.org/abs/1909.03152; https://arxiv.org/abs/2207.11832; https://arxiv.org/abs/2303.12768
73,Shiri Chechik,2,TCS-5209,Subquadratic exact fully dynamic weighted single-source distances,Dynamic graph algorithms,reused,Fully dynamic exact SSSP is a major frontier for her dynamic graph algorithms.,source_open,reviewed,revised,2026-09-13,"active-card and source-locator review; existing status is carried through, not independently recertified",https://dblp.org/pid/38/2434.html,https://doi.org/10.4230/LIPIcs.ICALP.2017.44; https://arxiv.org/abs/1705.10097; https://arxiv.org/abs/1909.10850; https://doi.org/10.1109/FOCS57990.2023.00142
74,Anupam Gupta,1,TCS-6576,Optimal competitive ratio for convex body chasing,Online algorithms,reused,Convex body chasing connects his online geometric algorithms.,source_open,source,not individually completed,,"active-card and source-locator review; existing status is carried through, not independently recertified",https://dblp.org/pid/27/2931.html,https://theory.epfl.ch/WinterSchool2025/slides/2025/Gupta_lec4-chasing.pdf
74,Anupam Gupta,2,TCS-6527,Constant-distortion Steiner point removal,Computational geometry and metric spaces,reused,Steiner point removal concerns his metric approximation and graph-compression research.,source_open,source,not individually completed,,"active-card and source-locator review; existing status is carried through, not independently recertified",https://dblp.org/pid/27/2931.html,https://epubs.siam.org/doi/10.1137/1.9781611977912.191
75,Debmalya Panigrahi,1,TCS-7346,Strongly polynomial maximum flow below the \(mn\) barrier,Structural graph theory,reused,Strongly polynomial faster max flow extends his flow and cut work.,source_open,reviewed,revised,2026-09-13,"active-card and source-locator review; existing status is carried through, not independently recertified",https://dblp.org/pid/81/6547.html,https://arxiv.org/abs/2510.20368; https://mj.ucw.cz/vyuka/ga/ga.pdf
75,Debmalya Panigrahi,2,TCS-6670,Polylogarithmic maintenance of the exact global minimum cut,Dynamic graph algorithms,reused,Fast dynamic exact min cut connects his graph optimization research.,source_open,reviewed,not individually completed,2026-09-11,"active-card and source-locator review; existing status is carried through, not independently recertified",https://dblp.org/pid/81/6547.html,https://arxiv.org/abs/2512.13105; https://people.csail.mit.edu/virgi/6.s078/papers/omv.pdf; https://arxiv.org/abs/1611.06500; https://arxiv.org/abs/2302.05951; https://link.springer.com/article/10.1007/s00453-026-01394-4; https://arxiv.org/abs/2412.15069
76,Noga Alon,1,TCS-6500,Erdős girth conjecture,Structural graph theory,reused,The girth conjecture connects his extremal graph theory to spanner lower bounds.,open,reviewed,not individually completed,2026-09-10,"active-card and source-locator review; existing status is carried through, not independently recertified",https://dblp.org/pid/a/NAlon.html,https://doi.org/10.4230/LIPIcs.ESA.2026.31; https://doi.org/10.1007/BF02189308
76,Noga Alon,2,TCS-1010,Optimal asymptotic binary rate–distance tradeoff,Coding and information theory,reused,The binary rate-distance tradeoff is a central extremal-coding question related to his combinatorial work.,source_open,reviewed,revised,2026-09-12,"active-card and source-locator review; existing status is carried through, not independently recertified",https://dblp.org/pid/a/NAlon.html,https://people.seas.harvard.edu/~salil/pseudorandomness/; https://doi.org/10.1109/TIT.1977.1055688; https://arxiv.org/abs/math/0404325; https://arxiv.org/abs/2601.18590; https://arxiv.org/abs/2608.09347; https://arxiv.org/abs/2609.01860
77,Elchanan Mossel,1,TCS-6684,Computational Kesten–Stigum threshold,Beyond worst-case and average-case analysis,reused,The computational Kesten-Stigum threshold connects his reconstruction and stochastic-block-model work.,source_open,reviewed,not individually completed,2026-09-11,"active-card and source-locator review; existing status is carried through, not independently recertified",https://dblp.org/pid/m/EMossel.html,https://arxiv.org/abs/1512.09080; https://proceedings.mlr.press/v49/banks16.html; https://arxiv.org/abs/2502.15024; https://arxiv.org/abs/2503.03047
77,Elchanan Mossel,2,TCS-6604,Fourier Entropy–Influence conjecture,Communication complexity and Boolean function analysis,reused,Fourier entropy-influence is directly in the Boolean-analysis area he helped develop.,source_open,reviewed,revised,2026-09-10,"active-card and source-locator review; existing status is carried through, not independently recertified",https://dblp.org/pid/m/EMossel.html,https://www.cs.cmu.edu/~jswright/papers/fei.pdf; https://arxiv.org/abs/2312.08271; https://arxiv.org/abs/2606.00246; https://arxiv.org/abs/2608.01424
78,Allan Sly,1,TCS-4876,Algorithmic threshold for random k-SAT,Beyond worst-case and average-case analysis,reused,Algorithmic random-SAT thresholds directly concern his random-CSP work.,open,reviewed,revised,2026-09-12,"active-card and source-locator review; existing status is carried through, not independently recertified",https://dblp.org/pid/36/3231.html,https://doi.org/10.4230/LIPIcs.APPROX/RANDOM.2025.48; https://arxiv.org/abs/2309.09913; https://doi.org/10.1137/09076516X; https://arxiv.org/abs/2106.02129
78,Allan Sly,2,TCS-6668,Polynomial mixing of critical three-dimensional Ising dynamics,Randomized algorithms and sampling,reused,Critical 3D Ising mixing connects his computational statistical-physics research.,source_open,source,not individually completed,,"active-card and source-locator review; existing status is carried through, not independently recertified",https://dblp.org/pid/36/3231.html,https://arxiv.org/abs/2202.02301; https://arxiv.org/abs/2411.10318
79,Shafi Goldwasser,1,TCS-0022,One-way functions from \(\mathrm{P} \ne  \mathrm{NP}\),Cryptography,reused,OWFs from worst-case complexity concerns the foundations of cryptography she co-established.,source_open,reviewed,revised,2026-09-10,"active-card and source-locator review; existing status is carried through, not independently recertified",https://dblp.org/pid/g/ShafiGoldwasser.html,https://www.math.ias.edu/files/mathandcomp.pdf; https://arxiv.org/abs/cs/0606037v3; https://johanhastad.se/prgfromowf.pdf; https://lucatrevisan.github.io/pubs/BT03.pdf; https://doi.org/10.4230/LIPIcs.ITCS.2026.97
79,Shafi Goldwasser,2,TCS-6545,Public-key encryption from one-way functions,Cryptography,reused,PKE from OWFs is a fundamental assumption gap in her field.,source_open,reviewed,revised,2026-09-10,"active-card and source-locator review; existing status is carried through, not independently recertified",https://dblp.org/pid/g/ShafiGoldwasser.html,https://mit6875.github.io/FA23SLIDES/lec10.pdf; https://eprint.iacr.org/2017/365; https://doi.org/10.1145/73007.73012; https://johanhastad.se/prgfromowf.pdf; https://www.boazbarak.org/Papers/merkle.pdf; https://arxiv.org/abs/2510.03752
80,Chandra Chekuri,1,TCS-6588,Polylogarithmic approximation for Directed Steiner Tree,Approximation algorithms and hardness of approximation,reused,Directed Steiner approximation connects his network-design work.,source_open,reviewed,not individually completed,2026-09-11,"active-card and source-locator review; existing status is carried through, not independently recertified",https://dblp.org/pid/82/3212.html,https://chekuri.web.engr.illinois.edu/pub.html; https://people.idsia.ch/~grandoni/Pubblicazioni/GLL19stoc.pdf; https://arxiv.org/abs/2302.04747; https://drops.dagstuhl.de/entities/document/10.4230/LIPIcs.ESA.2024.42; https://arxiv.org/abs/2412.10744; https://arxiv.org/abs/2607.25811
80,Chandra Chekuri,2,TCS-5407,Optimal approximation for submodular maximization over a matroid,Approximation algorithms and hardness of approximation,reused,Optimal matroid-constrained submodular approximation is directly in his submodular-optimization program.,uncertain,source,not individually completed,,"active-card and source-locator review; existing status is carried through, not independently recertified",https://dblp.org/pid/82/3212.html,https://doi.org/10.4230/LIPIcs.ISAAC.2022.41
81,Ken-ichi Kawarabayashi,1,TCS-6683,Optimal bounds in the Excluded Grid Theorem,Structural graph theory,reused,Excluded-grid bounds concern his structural graph theory and algorithms.,source_open,reviewed,not individually completed,2026-09-11,"active-card and source-locator review; existing status is carried through, not independently recertified",https://dblp.org/pid/45/6846.html,https://doi.org/10.1016/0095-8956(86)90030-4; https://www.sciencedirect.com/science/article/pii/S0095895684710732; https://arxiv.org/abs/1305.6577; https://arxiv.org/abs/1901.07944; https://link.springer.com/article/10.1007/s00493-025-00168-w; https://arxiv.org/abs/2506.22857
81,Ken-ichi Kawarabayashi,2,TCS-6651,Hadwiger’s conjecture,Structural graph theory,reused,Hadwiger's conjecture is a central graph-minor and coloring target related to his work.,source_open,reviewed,revised,2026-09-10,"active-card and source-locator review; existing status is carried through, not independently recertified",https://dblp.org/pid/45/6846.html,https://arxiv.org/abs/2609.06867v2; https://arxiv.org/abs/2108.01633v5; https://doi.org/10.1007/BF01202354; https://arxiv.org/abs/2512.20392
82,Dániel Marx,1,TCS-6592,FPT versus \(\mathrm{W}[1]\),Parameterized and exact algorithms,reused,FPT versus W[1] underlies his parameterized complexity research.,source_open,reviewed,revised,2026-09-10,"active-card and source-locator review; existing status is carried through, not independently recertified",https://dblp.org/pid/95/1832.html,https://www.mimuw.edu.pl/~malcin/book/parameterized-algorithms.pdf; https://drops.dagstuhl.de/entities/document/10.4230/LIPIcs.MFCS.2018.73; https://arxiv.org/abs/2102.04769; https://arxiv.org/abs/2304.07516; https://weizmann.elsevierpure.com/en/publications/faster-combinatorial-k-clique-algorithms-2/
82,Dániel Marx,2,TCS-6594,Set Cover Conjecture,Parameterized and exact algorithms,reused,Set Cover exponents connect his fine-grained and parameterized lower-bound program.,source_open,source,not individually completed,,"active-card and source-locator review; existing status is carried through, not independently recertified",https://dblp.org/pid/95/1832.html,https://drops.dagstuhl.de/entities/document/10.4230/LIPIcs.ICALP.2024.34
83,László Végh,1,TCS-0008,Strongly polynomial linear programming,Optimization and numerics,reused,Strongly polynomial LP is a direct focus of his optimization work.,uncertain,reviewed,revised,2026-09-10,"active-card and source-locator review; existing status is carried through, not independently recertified",https://dblp.org/pid/12/2680.html,https://topp.openproblem.net/p8; https://doi.org/10.1287/opre.34.2.250; https://homepages.cwi.nl/~dadush/papers/genflow.pdf; https://arxiv.org/abs/2201.02186; https://homepages.cwi.nl/~dadush/papers/trust-region.pdf; https://arxiv.org/abs/2503.12041v10
83,László Végh,2,TCS-6572,Polynomial-time simplex pivot rule,Optimization and numerics,reused,Strongly polynomial simplex pivots concern his combinatorial approach to linear programming.,source_open,reviewed,not individually completed,2026-09-10,"active-card and source-locator review; existing status is carried through, not independently recertified",https://dblp.org/pid/12/2680.html,https://www.cs.yale.edu/homes/spielman/simplex/; https://arxiv.org/abs/2502.18019; https://epubs.siam.org/doi/10.1137/1.9781611978971.14; https://drops.dagstuhl.de/storage/00lipics/lipics-vol364-stacs2026/html/LIPIcs.STACS.2026.31/LIPIcs.STACS.2026.31.html; https://link.springer.com/article/10.1007/s10107-026-02349-x
84,Santosh Vempala,1,TCS-6523,Kannan–Lovász–Simonovits conjecture,Computational geometry and metric spaces,reused,KLS is central to his convex-body sampling and volume algorithms.,source_open,reviewed,revised,2026-09-10,"active-card and source-locator review; existing status is carried through, not independently recertified",https://dblp.org/pid/v/SantoshVempala.html,https://randomstrasse101.math.ethz.ch/posts/KLSConjecture/; https://faculty.cc.gatech.edu/~vempala/papers/kls_survey.pdf; https://arxiv.org/abs/2203.15551; https://www.weizmann.ac.il/math/klartag/sites/math.klartag/files/uploads/root_log.pdf; https://arxiv.org/abs/2507.15495v2; https://arxiv.org/abs/2607.24164v1
84,Santosh Vempala,2,TCS-6574,Exact semidefinite feasibility in polynomial time,Optimization and numerics,reused,Exact SDP feasibility concerns the complexity foundations of convex optimization he studies.,source_open,reviewed,revised,2026-09-10,"active-card and source-locator review; existing status is carried through, not independently recertified",https://dblp.org/pid/v/SantoshVempala.html,https://link.springer.com/article/10.1007/BF02614433; https://epubs.siam.org/doi/10.1137/15M103114X; https://www.sciencedirect.com/science/article/pii/S0747717120301176; https://epubs.siam.org/doi/10.1137/21M1434945; https://arxiv.org/abs/2510.07271; https://arxiv.org/abs/2511.03440
85,Nikhil Srivastava,1,TCS-7285,Strongly explicit Ramanujan families for every degree,Structural graph theory,reused,Explicit Ramanujan construction extends his interlacing-polynomial work.,source_open,reviewed,revised,2026-09-13,"active-card and source-locator review; existing status is carried through, not independently recertified",https://dblp.org/pid/30/2541.html,https://arxiv.org/abs/2003.11673
85,Nikhil Srivastava,2,TCS-1009,Near-lossless undirected constant-degree vertex expanders,Pseudorandomness and derandomization,reused,Lossless undirected expansion concerns explicit spectral and combinatorial expander construction.,uncertain,index,not individually completed,,"active-card and source-locator review; existing status is carried through, not independently recertified",https://dblp.org/pid/30/2541.html,https://people.seas.harvard.edu/~salil/pseudorandomness/
86,Seth Pettie,1,TCS-6536,Deterministic linear-time minimum spanning tree,Structural graph theory,reused,Deterministic linear MST is a foundational problem in his graph-algorithm work.,source_open,reviewed,revised,2026-09-11,"active-card and source-locator review; existing status is carried through, not independently recertified",https://dblp.org/pid/77/888.html,https://people.csail.mit.edu/karger/Papers/mst.pdf; https://www.cs.princeton.edu/~chazelle/pubs/mst.pdf; https://www.cs.princeton.edu/courses/archive/fall05/cos528/handouts/An%20Optimal%20Minimum.pdf; https://www.sciencedirect.com/science/article/pii/S0022000005800649; https://people.csail.mit.edu/dmoshkov/papers/mst/high-girth.pdf; https://web.eecs.umich.edu/~pettie/papers/random-mst.pdf
86,Seth Pettie,2,TCS-6508,Deque conjecture,Data structures,reused,The deque conjecture directly concerns his adaptive-search-tree analysis.,source_open,reviewed,not individually completed,2026-09-10,"active-card and source-locator review; existing status is carried through, not independently recertified",https://dblp.org/pid/77/888.html,https://arxiv.org/abs/0707.2160; https://doi.org/10.1137/1.9781611975482.80; https://arxiv.org/abs/2607.18498
87,Timothy Chan,1,TCS-0318,Planar k-set extremal function,Computational geometry and metric spaces,reused,Planar k-sets is a central open barrier in his computational geometry area.,source_open,reviewed,revised,2026-09-12,"active-card and source-locator review; existing status is carried through, not independently recertified",https://dblp.org/pid/60/3556.html,https://topp.openproblem.net/p7; https://courses.cs.duke.edu/cps234/fall08/handouts/dey.pdf; https://link.springer.com/article/10.1007/s004540010022; https://rangevoting.org/many_halving_edges.pdf; https://oa.upm.es/89576/1/10302927.pdf
87,Timothy Chan,2,TCS-7351,Linear-time exact inversion counting,Algorithms & data structures,reused,Linear-time inversion counting extends his fast counting and geometric algorithms.,uncertain,reviewed,revised,2026-09-13,"active-card and source-locator review; existing status is carried through, not independently recertified",https://dblp.org/pid/60/3556.html,https://tmc.web.engr.illinois.edu/inv_7_7_09.pdf; https://arxiv.org/abs/1503.01192
88,Boaz Barak,1,TCS-6656,Planted clique conjecture,Beyond worst-case and average-case analysis,reused,Planted clique is central to his work on computational barriers in inference.,source_open,reviewed,revised,2026-09-10,"active-card and source-locator review; existing status is carried through, not independently recertified",https://dblp.org/pid/b/BBarak.html,https://people.math.ethz.ch/~sudakovb/hidden-clique.pdf; https://doi.org/10.1137/17M1138236; https://arxiv.org/abs/2311.07540v2; https://arxiv.org/abs/2505.01990v2; https://proceedings.mlr.press/v336/gobel26a.html
88,Boaz Barak,2,TCS-0012,Average-case NP hardness from \(\mathrm{P} \ne  \mathrm{NP}\),Beyond worst-case and average-case analysis,reused,Average-case hardness from worst-case NP hardness connects his complexity and cryptography work.,source_open,reviewed,revised,2026-09-10,"active-card and source-locator review; existing status is carried through, not independently recertified",https://dblp.org/pid/b/BBarak.html,https://www.math.ias.edu/files/mathandcomp.pdf; https://arxiv.org/abs/cs/0606037v3; https://lucatrevisan.github.io/pubs/BT03.pdf; https://doi.org/10.4230/LIPIcs.ITCS.2026.97
89,Toniann Pitassi,1,TCS-0025,Superpolynomial lower bounds for unrestricted Frege proofs,Proof complexity,reused,Frege lower bounds are a central target of her proof-complexity program.,source_open,reviewed,not individually completed,2026-09-11,"active-card and source-locator review; existing status is carried through, not independently recertified",https://dblp.org/pid/p/TPitassi.html,https://www.math.ias.edu/files/Book-online-Aug0619.pdf; https://www.cs.toronto.edu/~sacook/homepage/cook_reckhow.pdf; https://mathweb.ucsd.edu/~sbuss/ResearchWeb/php_PolyFrege/FregePHP.pdf; https://arxiv.org/abs/2604.28172; https://eccc.weizmann.ac.il/report/2026/055/; https://mirror.theoryofcomputing.org/articles/v022a004/
89,Toniann Pitassi,2,TCS-6603,Log-rank conjecture,Communication complexity and Boolean function analysis,reused,Log-rank connects her communication lower bounds and lifting work.,source_open,reviewed,revised,2026-09-10,"active-card and source-locator review; existing status is carried through, not independently recertified",https://dblp.org/pid/p/TPitassi.html,https://arxiv.org/abs/2510.02583v3; https://doi.org/10.1007/s10107-024-02117-9; https://doi.org/10.1137/16M1059369; https://arxiv.org/abs/2608.01812v1
90,Alexander Razborov,1,TCS-6602,Superpolynomial \(\mathrm{AC}^{0}[p]\)-Frege lower bounds,Proof complexity,reused,Modular Frege lower bounds concern his foundational proof-complexity research.,source_open,reviewed,not individually completed,2026-09-10,"active-card and source-locator review; existing status is carried through, not independently recertified",https://dblp.org/pid/r/AARazborov.html,https://www.karlin.mff.cuni.cz/~krajicek/finitary.pdf; https://www.cs.toronto.edu/~toni/Papers/exp-pigeon.pdf; https://drops.dagstuhl.de/entities/document/10.4230/LIPIcs.CCC.2025.8; https://drops.dagstuhl.de/entities/document/10.4230/LIPIcs.ITCS.2026.99; https://eccc.weizmann.ac.il/report/2026/018/; https://eccc.weizmann.ac.il/report/2026/070/
90,Alexander Razborov,2,TCS-1056,Majority outside constant-depth modular circuits,Computational complexity,reused,Modular Boolean circuit lower bounds extend his circuit-lower-bound program.,source_open,reviewed,revised,2026-09-13,"active-card and source-locator review; existing status is carried through, not independently recertified",https://dblp.org/pid/r/AARazborov.html,https://web.vu.lt/mif/s.jukna/boolean/index.html; https://arxiv.org/abs/2604.04760
91,Shuichi Hirahara,1,TCS-4786,Complexity of Minimum Circuit Size,Computational complexity,reused,MCSP is central to his meta-complexity research.,uncertain,source,not individually completed,,"active-card and source-locator review; existing status is carried through, not independently recertified",https://dblp.org/pid/150/4919.html,https://doi.org/10.4230/LIPIcs.APPROX/RANDOM.2023.31; https://doi.org/10.4230/LIPIcs.STACS.2026.23; https://doi.org/10.4230/LIPIcs.CCC.2023.31
91,Shuichi Hirahara,2,TCS-0012,Average-case NP hardness from \(\mathrm{P} \ne  \mathrm{NP}\),Beyond worst-case and average-case analysis,reused,Worst-case to average-case hardness connects his recent complexity-to-cryptography results.,source_open,reviewed,revised,2026-09-10,"active-card and source-locator review; existing status is carried through, not independently recertified",https://dblp.org/pid/150/4919.html,https://www.math.ias.edu/files/mathandcomp.pdf; https://arxiv.org/abs/cs/0606037v3; https://lucatrevisan.github.io/pubs/BT03.pdf; https://doi.org/10.4230/LIPIcs.ITCS.2026.97
92,Raghu Meka,1,TCS-1133,Sub-log-squared seeds for polynomial-size CNFs and DNFs,Pseudorandomness and derandomization,reused,Short-seed CNF/DNF generators connect his pseudorandomness research.,uncertain,index,not individually completed,,"active-card and source-locator review; existing status is carried through, not independently recertified",https://dblp.org/pid/76/1906.html,https://eccc.weizmann.ac.il/report/2023/019/
92,Raghu Meka,2,TCS-7314,Komlós conjecture,Optimization and numerics,reused,Komlos is central to his discrepancy and rounding work.,source_open,reviewed,revised,2026-09-11,"active-card and source-locator review; existing status is carried through, not independently recertified",https://dblp.org/pid/76/1906.html,https://arxiv.org/abs/2508.03961
93,Sam Hopkins,1,TCS-6657,Computational threshold for tensor PCA,Beyond worst-case and average-case analysis,reused,Tensor PCA directly concerns his SOS and high-dimensional inference program.,source_open,reviewed,not individually completed,2026-09-11,"active-card and source-locator review; existing status is carried through, not independently recertified",https://dblp.org/pid/130/9053-1.html,https://arxiv.org/abs/1411.1076; https://www.jmlr.org/papers/v25/24-0006.html; https://arxiv.org/abs/2404.18735; https://arxiv.org/abs/2510.14329; https://arxiv.org/abs/2605.30113
93,Sam Hopkins,2,TCS-5087,Polynomial-time robust spectral estimation,Learning theory,reused,Robust spectral estimation connects his algorithmic robust-statistics research.,source_open,source,not individually completed,,"active-card and source-locator review; existing status is carried through, not independently recertified",https://dblp.org/pid/130/9053-1.html,https://proceedings.mlr.press/v134/awasthi21a.html
94,Urmila Mahadev,1,TCS-6580,Information-theoretic classical verification of quantum computation,Quantum computation,reused,Assumption-free classical verification is a main frontier after her computational verification breakthrough.,source_open,reviewed,revised,2026-09-10,"active-card and source-locator review; existing status is carried through, not independently recertified",https://dblp.org/pid/140/7339.html,https://arxiv.org/abs/1709.06984; https://doi.org/10.1145/146585.146609; https://arxiv.org/abs/1704.04487; https://arxiv.org/abs/1209.0448; https://arxiv.org/abs/1804.01082; https://arxiv.org/abs/2602.09282; https://advanced.onlinelibrary.wiley.com/doi/10.1002/qute.202501018; https://arxiv.org/abs/2604.11952
94,Urmila Mahadev,2,TCS-2408,Remote state preparation from quantum-secure one-way functions,Quantum computation,reused,Remote state preparation from minimal assumptions connects her quantum-cryptography work.,uncertain,index,not individually completed,,"active-card and source-locator review; existing status is carried through, not independently recertified",https://dblp.org/pid/140/7339.html,https://doi.org/10.4230/LIPIcs.ICALP.2023.67
95,Anand Natarajan,1,TCS-6446,Quantum PCP conjecture,Quantum computation,reused,Quantum PCP connects his Hamiltonian complexity and nonlocal-proof work.,source_open,reviewed,revised,2026-09-10,"active-card and source-locator review; existing status is carried through, not independently recertified",https://dblp.org/pid/27/4274-1.html,https://arxiv.org/abs/1309.7495; https://eccc.weizmann.ac.il/report/2026/150/
95,Anand Natarajan,2,TCS-6448,QMA versus QCMA,Quantum computation,reused,Classical versus quantum witnesses concern the power of quantum proof systems he studies.,source_open,reviewed,not individually completed,2026-09-10,"active-card and source-locator review; existing status is carried through, not independently recertified",https://dblp.org/pid/27/4274-1.html,https://eccc.weizmann.ac.il/report/2026/020/
96,Henry Yuen,1,TCS-6446,Quantum PCP conjecture,Quantum computation,reused,Quantum PCP is a central problem related to his quantum-complexity program.,source_open,reviewed,revised,2026-09-10,"active-card and source-locator review; existing status is carried through, not independently recertified",https://dblp.org/pid/17/8909.html,https://arxiv.org/abs/1309.7495; https://eccc.weizmann.ac.il/report/2026/150/
96,Henry Yuen,2,TCS-2229,QMA versus \(\mathrm{QMA}(2)\),Quantum computation,reused,The power of two unentangled proofs concerns his quantum proof-system research.,uncertain,index,not individually completed,,"active-card and source-locator review; existing status is carried through, not independently recertified",https://dblp.org/pid/17/8909.html,https://doi.org/10.4230/LIPIcs.ITCS.2024.9
97,Jason Li,1,TCS-7344,Almost-linear exact directed global minimum cut,Structural graph theory,reused,Fast exact directed min cut continues his min-cut algorithm work.,source_open,reviewed,revised,2026-09-13,"active-card and source-locator review; existing status is carried through, not independently recertified",https://dblp.org/pid/12/975-6.html,https://arxiv.org/abs/2512.00176; https://arxiv.org/abs/2512.09080; https://mj.ucw.cz/vyuka/ga/ga.pdf
97,Jason Li,2,TCS-7341,Strongly polynomial near-linear negative-weight shortest paths,Structural graph theory,reused,Strongly polynomial fast SSSP directly extends his shortest-path research.,source_open,reviewed,revised,2026-09-13,"active-card and source-locator review; existing status is carried through, not independently recertified",https://dblp.org/pid/12/975-6.html,https://arxiv.org/abs/2304.05279; https://arxiv.org/abs/2203.03456; https://arxiv.org/abs/2511.08551; https://arxiv.org/abs/2602.16153; https://mj.ucw.cz/vyuka/ga/ga.pdf
98,Yang P. Liu,1,TCS-7228,Exact directed maximum flow in \(O((m+n) \operatorname{polylog} n)\) time,Structural graph theory,reused,Near-linear exact directed max flow extends his almost-linear optimization algorithms.,source_open,reviewed,revised,2026-09-11,"active-card and source-locator review; existing status is carried through, not independently recertified",https://dblp.org/pid/217/1820.html,https://arxiv.org/abs/2203.00671; https://arxiv.org/abs/2608.17384
98,Yang P. Liu,2,TCS-7349,Almost-linear-work parallel exact maximum flow,"Distributed, parallel and sublinear algorithms",reused,Work-efficient parallel flow concerns parallelizing the graph-optimization breakthroughs he coauthored.,source_open,reviewed,revised,2026-09-13,"active-card and source-locator review; existing status is carried through, not independently recertified",https://dblp.org/pid/217/1820.html,https://arxiv.org/abs/2604.04752
99,Mark Zhandry,1,TCS-7359,Public-key quantum money from LWE alone,Cryptography,added,LWE-only public quantum money extends his quantum-money and lightning work.,source_open,reviewed,revised,2026-09-13,primary-source and targeted later-work check,https://dblp.org/pid/39/10308.html,https://arxiv.org/abs/2411.04482; https://eprint.iacr.org/2025/325; https://mzhandry.github.io/pubs.quantum.html
99,Mark Zhandry,2,TCS-1961,One-way state generators versus EFI pairs,Quantum computation,reused,Minimal quantum cryptographic assumptions connect his quantum-cryptography program.,uncertain,index,not individually completed,,"active-card and source-locator review; existing status is carried through, not independently recertified",https://dblp.org/pid/39/10308.html,https://doi.org/10.4230/LIPIcs.TQC.2024.4
100,Jan Vondrák,1,TCS-5407,Optimal approximation for submodular maximization over a matroid,Approximation algorithms and hardness of approximation,reused,Optimal matroid-constrained submodular maximization directly concerns his approximation research.,uncertain,source,not individually completed,,"active-card and source-locator review; existing status is carried through, not independently recertified",https://dblp.org/pid/29/5942.html,https://doi.org/10.4230/LIPIcs.ISAAC.2022.41
100,Jan Vondrák,2,TCS-7316,Matroid secretary conjecture,Online algorithms,reused,Matroid secretary connects his work on matroids and stochastic optimization.,source_open,reviewed,revised,2026-09-11,"active-card and source-locator review; existing status is carried through, not independently recertified",https://dblp.org/pid/29/5942.html,https://arxiv.org/abs/2305.05353
101,Saket Saurabh,1,TCS-6379,Polynomial kernels for Directed Feedback Vertex Set,Parameterized and exact algorithms,reused,Polynomial DFVS kernels connect his kernelization and directed-graph research.,open,reviewed,revised,2026-09-12,"active-card and source-locator review; existing status is carried through, not independently recertified",https://dblp.org/pid/11/5491.html,https://doi.org/10.4230/LIPIcs.STACS.2016.55; https://doi.org/10.1145/3711669
101,Saket Saurabh,2,TCS-7022,Polynomial kernels for Planar Deletion,Parameterized and exact algorithms,reused,Planar-deletion kernels concern his parameterized structural graph work.,source_open,source,not individually completed,,"active-card and source-locator review; existing status is carried through, not independently recertified",https://dblp.org/pid/11/5491.html,https://arxiv.org/abs/2001.06867
102,Fedor Fomin,1,TCS-7023,Polynomial kernels for H-minor-free Deletion,Parameterized and exact algorithms,reused,Minor-free-deletion kernels extend his parameterized graph algorithms.,source_open,source,not individually completed,,"active-card and source-locator review; existing status is carried through, not independently recertified",https://dblp.org/pid/f/FedorVFomin.html,https://arxiv.org/abs/2001.06867
102,Fedor Fomin,2,TCS-6728,Chromatic number in \(2^{n}\) time and polynomial space,Parameterized and exact algorithms,reused,Polynomial-space chromatic-number algorithms concern his exact-exponential algorithm research.,source_open,source,not individually completed,,"active-card and source-locator review; existing status is carried through, not independently recertified",https://dblp.org/pid/f/FedorVFomin.html,https://parameterized-algorithms.mimuw.edu.pl/
103,Michal Pilipczuk,1,TCS-7312,Fixed-parameter tractability of graph isomorphism by rank-width,Parameterized and exact algorithms,reused,Rank-width parameterized isomorphism connects his structural graph and logic work.,source_open,reviewed,revised,2026-09-11,"active-card and source-locator review; existing status is carried through, not independently recertified",https://dblp.org/pid/61/8036.html,https://epub.uni-regensburg.de/78630/1/1-s2.0-S1574013726000274-main.pdf
103,Michal Pilipczuk,2,TCS-7241,FPT approximation of twin-width,Parameterized and exact algorithms,reused,FPT twin-width approximation concerns the graph decompositions he studies.,source_open,reviewed,revised,2026-09-11,"active-card and source-locator review; existing status is carried through, not independently recertified",https://dblp.org/pid/61/8036.html,https://perso.ens-lyon.fr/edouard.bonnet/openQuestions.html; https://arxiv.org/abs/2501.00991
104,Marcin Pilipczuk,1,TCS-7035,Single-exponential FPT for directed feedback sets,Parameterized and exact algorithms,reused,Single-exponential directed feedback algorithms connect his parameterized algorithms.,source_open,source,not individually completed,,"active-card and source-locator review; existing status is carried through, not independently recertified",https://dblp.org/pid/09/4636.html,https://arxiv.org/abs/2001.06867
104,Marcin Pilipczuk,2,TCS-7036,Parameterized complexity of three-pair Directed Edge Multicut,Parameterized and exact algorithms,reused,Directed edge multicut with three pairs concerns his directed cut-complexity work.,source_open,source,not individually completed,,"active-card and source-locator review; existing status is carried through, not independently recertified",https://dblp.org/pid/09/4636.html,https://arxiv.org/abs/2001.06867
105,Robert Krauthgamer,1,TCS-6525,Gupta–Newman–Rabinovich–Sinclair conjecture,Computational geometry and metric spaces,reused,GNRS is central to his metric-embedding and graph-approximation work.,source_open,reviewed,revised,2026-09-11,"active-card and source-locator review; existing status is carried through, not independently recertified",https://dblp.org/pid/k/RobertKrauthgamer.html,https://people.eecs.berkeley.edu/~sinclair/cuts.pdf; https://arxiv.org/abs/0910.1409; https://www.wisdom.weizmann.ac.il/~robi/papers/CKR-TreewidthSparsestCut-APPROX10.pdf; https://arxiv.org/abs/1903.02758; https://arxiv.org/abs/2602.23745; https://courses.grainger.illinois.edu/CS583/sp2026/approx-algorithms-lecture-notes.pdf
105,Robert Krauthgamer,2,TCS-7297,Optimal \(\ell\)\(_{1}\) distortion of edit distance,String algorithms and bioinformatics,reused,L1 embedding of edit distance connects his sketching and metric-complexity research.,source_open,reviewed,revised,2026-09-12,"active-card and source-locator review; existing status is carried through, not independently recertified",https://dblp.org/pid/k/RobertKrauthgamer.html,https://doi.org/10.1145/1060590.1060623
106,Sanjeev Khanna,1,TCS-6587,Constant-factor approximation for Densest k-Subgraph,Approximation algorithms and hardness of approximation,reused,Densest k-subgraph concerns his approximation-algorithm research.,source_open,reviewed,revised,2026-09-10,"active-card and source-locator review; existing status is carried through, not independently recertified",https://dblp.org/pid/k/SanjeevKhanna.html,https://arxiv.org/abs/1001.2891; https://arxiv.org/abs/1110.1360; https://arxiv.org/abs/1611.05991; https://drops.dagstuhl.de/entities/document/10.4230/LIPIcs.ITCS.2023.38; https://ojs.aaai.org/index.php/AAAI/article/view/38562; https://arxiv.org/abs/2605.25464
106,Sanjeev Khanna,2,TCS-6556,Directed reachability with nearly linear memory and polylogarithmic passes,"Distributed, parallel and sublinear algorithms",reused,Space-efficient directed reachability connects his graph-streaming work.,source_open,reviewed,revised,2026-09-11,"active-card and source-locator review; existing status is carried through, not independently recertified",https://dblp.org/pid/k/SanjeevKhanna.html,https://par.nsf.gov/servlets/purl/10488812; https://eccc.weizmann.ac.il/report/2013/002/revision/3/download/; https://arxiv.org/abs/1905.08841; https://arxiv.org/abs/2011.03495; https://par.nsf.gov/servlets/purl/10315017; https://arxiv.org/abs/2608.07073v2
107,Mika Göös,1,TCS-6603,Log-rank conjecture,Communication complexity and Boolean function analysis,reused,Log-rank is a central communication-complexity barrier related to his lifting research.,source_open,reviewed,revised,2026-09-10,"active-card and source-locator review; existing status is carried through, not independently recertified",https://dblp.org/pid/25/7589.html,https://arxiv.org/abs/2510.02583v3; https://doi.org/10.1007/s10107-024-02117-9; https://doi.org/10.1137/16M1059369; https://arxiv.org/abs/2608.01812v1
107,Mika Göös,2,TCS-6710,Number-on-forehead Disjointness complexity,Communication complexity and Boolean function analysis,reused,Multiparty disjointness concerns his communication lower-bound program.,source_open,source,not individually completed,,"active-card and source-locator review; existing status is carried through, not independently recertified",https://dblp.org/pid/25/7589.html,https://yehudayoff.net.technion.ac.il/files/2016/03/book.pdf; https://web.vu.lt/mif/s.jukna/boolean/index.html
108,Rahul Santhanam,1,TCS-7161,NEXP versus nonuniform \(\mathrm{TC}^{0}\),Computational complexity,reused,NEXP versus TC0 continues his circuit-lower-bound work.,open,reviewed,revised,2026-09-11,"active-card and source-locator review; existing status is carried through, not independently recertified",https://dblp.org/pid/84/1179.html,https://doi.org/10.1109/CCC.2011.36; https://en.wikipedia.org/wiki/Circuit_complexity; https://en.wikipedia.org/w/index.php?oldid=1328197464; https://people.csail.mit.edu/rrw/acc-lbs-ccc.pdf; https://eccc.weizmann.ac.il/report/2026/039/; https://eccc.weizmann.ac.il/report/2026/167/; https://eccc.weizmann.ac.il/report/2026/118/
108,Rahul Santhanam,2,TCS-4786,Complexity of Minimum Circuit Size,Computational complexity,reused,MCSP concerns his meta-complexity and hardness-magnification research.,uncertain,source,not individually completed,,"active-card and source-locator review; existing status is carried through, not independently recertified",https://dblp.org/pid/84/1179.html,https://doi.org/10.4230/LIPIcs.APPROX/RANDOM.2023.31; https://doi.org/10.4230/LIPIcs.STACS.2026.23; https://doi.org/10.4230/LIPIcs.CCC.2023.31
109,Shubhangi Saraf,1,TCS-6888,Superpolynomial arithmetic formula lower bounds,Algebraic computation,reused,General arithmetic formula lower bounds extend her algebraic-complexity work.,source_open,source,not individually completed,,"active-card and source-locator review; existing status is carried through, not independently recertified",https://dblp.org/pid/75/7249.html,https://www.cs.tau.ac.il/~shpilka/publications/SY10.pdf
109,Shubhangi Saraf,2,TCS-1011,Full-length Reed–Solomon list decoding beyond Johnson,Coding and information theory,reused,Reed-Solomon decoding concerns her algorithmic coding research.,uncertain,index,not individually completed,,"active-card and source-locator review; existing status is carried through, not independently recertified",https://dblp.org/pid/75/7249.html,https://people.seas.harvard.edu/~salil/pseudorandomness/
110,Amir Shpilka,1,TCS-0005,VP versus VNP,Algebraic computation,reused,VP versus VNP is a foundational target of his arithmetic-circuit work.,source_open,reviewed,not individually completed,2026-09-10,"active-card and source-locator review; existing status is carried through, not independently recertified",https://dblp.org/pid/11/3816.html,https://www.math.ias.edu/files/mathandcomp.pdf; https://doi.org/10.1145/800135.804419; https://eccc.weizmann.ac.il/report/2021/081/; https://eccc.weizmann.ac.il/report/2026/138/
110,Amir Shpilka,2,TCS-7113,Derandomizing polynomial identity testing,Algebraic computation,reused,PIT derandomization is directly in his algebraic-algorithm program.,source_open,source,not individually completed,,"active-card and source-locator review; existing status is carried through, not independently recertified",https://dblp.org/pid/11/3816.html,https://arxiv.org/abs/2309.17042
111,Swastik Kopparty,1,TCS-1020,Polynomial-length constant-query locally decodable codes,Coding and information theory,reused,Constant-query local decoding continues his algebraic coding work.,uncertain,index,not individually completed,,"active-card and source-locator review; existing status is carried through, not independently recertified",https://dblp.org/pid/80/4866.html,https://people.seas.harvard.edu/~salil/pseudorandomness/
111,Swastik Kopparty,2,TCS-6614,Deterministic polynomial-time factorization over finite fields,Algebraic computation,reused,Deterministic finite-field factorization connects his algebraic algorithms and pseudorandomness research.,source_open,reviewed,not individually completed,2026-09-11,"active-card and source-locator review; existing status is carried through, not independently recertified",https://dblp.org/pid/80/4866.html,https://arxiv.org/abs/2509.12705; https://people.csail.mit.edu/dmoshkov/courses/codes/poly-factorization.pdf; https://zeyuguo.bitbucket.io/papers/pscheme.pdf; https://arxiv.org/abs/2511.10851; https://eccc.weizmann.ac.il/report/2026/036/
112,Pavel Panteleev,1,TCS-6515,Asymptotically good quantum locally testable stabilizer codes,Quantum computation,reused,Good quantum locally testable codes are a main frontier after his good quantum LDPC breakthrough.,source_open,reviewed,not individually completed,2026-09-11,"active-card and source-locator review; existing status is carried through, not independently recertified",https://dblp.org/pid/156/0010.html,https://quantum-journal.org/papers/q-2024-10-18-1501/; https://arxiv.org/abs/2111.03654; https://www.nature.com/articles/s41534-024-00908-8; https://arxiv.org/abs/2402.07476; https://arxiv.org/abs/2206.13228; https://arxiv.org/abs/2604.01874; https://arxiv.org/abs/2606.09588
112,Pavel Panteleev,2,TCS-6446,Quantum PCP conjecture,Quantum computation,reused,Quantum PCP is the central quantum-verification question linked to these local-code constructions.,source_open,reviewed,revised,2026-09-10,"active-card and source-locator review; existing status is carried through, not independently recertified",https://dblp.org/pid/156/0010.html,https://arxiv.org/abs/1309.7495; https://eccc.weizmann.ac.il/report/2026/150/
113,Gleb Kalachev,1,TCS-6515,Asymptotically good quantum locally testable stabilizer codes,Quantum computation,reused,Good quantum local testability extends his quantum LDPC construction work.,source_open,reviewed,not individually completed,2026-09-11,"active-card and source-locator review; existing status is carried through, not independently recertified",https://dblp.org/pid/239/5980.html,https://quantum-journal.org/papers/q-2024-10-18-1501/; https://arxiv.org/abs/2111.03654; https://www.nature.com/articles/s41534-024-00908-8; https://arxiv.org/abs/2402.07476; https://arxiv.org/abs/2206.13228; https://arxiv.org/abs/2604.01874; https://arxiv.org/abs/2606.09588
113,Gleb Kalachev,2,TCS-6446,Quantum PCP conjecture,Quantum computation,reused,Quantum PCP connects the local constraints and expansion in his quantum codes to Hamiltonian complexity.,source_open,reviewed,revised,2026-09-10,"active-card and source-locator review; existing status is carried through, not independently recertified",https://dblp.org/pid/239/5980.html,https://arxiv.org/abs/1309.7495; https://eccc.weizmann.ac.il/report/2026/150/
114,Li-Yang Tan,1,TCS-6600,Optimal explicit pseudorandom generators for read-once branching programs,Pseudorandomness and derandomization,reused,Optimal branching-program generators are central to his derandomization research.,source_open,reviewed,revised,2026-09-10,"active-card and source-locator review; existing status is carried through, not independently recertified",https://dblp.org/pid/87/5034.html,https://mathweb.ucsd.edu/~sbuss/CourseWeb/Math268_2013W/Nisan_PRG.pdf; https://drops.dagstuhl.de/entities/document/10.4230/LIPIcs.APPROX/RANDOM.2021.28; https://theoryofcomputing.org/articles/v018a021/; https://epubs.siam.org/doi/10.1137/1.9781611978971.124; https://eccc.weizmann.ac.il/report/2026/064/; https://eccc.weizmann.ac.il/report/2026/123/
114,Li-Yang Tan,2,TCS-7294,Learning decision trees from uniform random examples in polynomial time,Learning theory,reused,Uniform decision-tree learning connects his learning and Boolean-analysis work.,source_open,reviewed,revised,2026-09-11,"active-card and source-locator review; existing status is carried through, not independently recertified",https://dblp.org/pid/87/5034.html,https://arxiv.org/abs/0812.0933; https://doi.org/10.4230/LIPIcs.ITCS.2025.38
115,Srikanth Srinivasan,1,TCS-6888,Superpolynomial arithmetic formula lower bounds,Algebraic computation,reused,General arithmetic formula lower bounds extend his restricted-model breakthroughs.,source_open,source,not individually completed,,"active-card and source-locator review; existing status is carried through, not independently recertified",https://dblp.org/pid/05/6302.html,https://www.cs.tau.ac.il/~shpilka/publications/SY10.pdf
115,Srikanth Srinivasan,2,TCS-1056,Majority outside constant-depth modular circuits,Computational complexity,reused,Modular Boolean-circuit lower bounds concern his circuit-complexity program.,source_open,reviewed,revised,2026-09-13,"active-card and source-locator review; existing status is carried through, not independently recertified",https://dblp.org/pid/05/6302.html,https://web.vu.lt/mif/s.jukna/boolean/index.html; https://arxiv.org/abs/2604.04760
116,Euiwoong Lee,1,TCS-7354,Optimal polynomial-time approximation ratio for metric k-means,Approximation algorithms and hardness of approximation,added,Optimal metric k-means approximation directly extends his 2026 clustering work.,source_open,reviewed,revised,2026-09-13,primary-source and targeted later-work check,https://dblp.org/pid/129/5624.html,https://arxiv.org/abs/2607.14654
116,Euiwoong Lee,2,TCS-6637,Constant-colour polynomial-time colouring of 3-colourable graphs,Constraint satisfaction,reused,Constant-color approximation of 3-colorable graphs concerns his hardness research.,source_open,reviewed,not individually completed,2026-09-11,"active-card and source-locator review; existing status is carried through, not independently recertified",https://dblp.org/pid/129/5624.html,https://arxiv.org/abs/2406.00357; https://arxiv.org/abs/1811.00970; https://drops.dagstuhl.de/entities/document/10.4230/LIPIcs.ICALP.2020.62; https://arxiv.org/abs/2602.05904; https://arxiv.org/abs/2504.03523
117,Ce Jin,1,TCS-7350,Near-linear output-sensitive Subset Sum,Algorithms & data structures,reused,Output-sensitive Subset Sum directly continues his subset-sum algorithm work.,source_open,reviewed,revised,2026-09-13,"active-card and source-locator review; existing status is carried through, not independently recertified",https://dblp.org/pid/224/0281.html,https://arxiv.org/abs/2107.13206; https://arxiv.org/abs/2601.01390
117,Ce Jin,2,TCS-6598,Min-Plus Convolution Hypothesis,Fine-grained complexity,reused,Min-plus convolution is a central fine-grained primitive in his research.,source_open,reviewed,revised,2026-09-13,"active-card and source-locator review; existing status is carried through, not independently recertified",https://dblp.org/pid/224/0281.html,https://drops.dagstuhl.de/entities/document/10.4230/LIPIcs.ICALP.2026.119; https://tmc.web.engr.illinois.edu/convol.pdf
118,Josh Alman,1,TCS-0007,Matrix multiplication exponent,Algebraic computation,reused,Matrix multiplication is a direct research focus.,source_open,reviewed,revised,2026-09-12,"active-card and source-locator review; existing status is carried through, not independently recertified",https://dblp.org/pid/166/1624.html,https://doi.org/10.1007/BF02165411; https://www.math.ias.edu/files/mathandcomp.pdf; https://arxiv.org/abs/1812.08731; https://doi.org/10.1137/1.9781611978322.63; https://arxiv.org/abs/2608.16884v1; https://arxiv.org/abs/2404.16349v3
118,Josh Alman,2,TCS-6895,Explicit three-dimensional tensors of superlinear rank,Algebraic computation,reused,Explicit tensor rank lower bounds connect the algebraic structures in his algorithmic work.,source_open,source,not individually completed,,"active-card and source-locator review; existing status is carried through, not independently recertified",https://dblp.org/pid/166/1624.html,https://www.cs.tau.ac.il/~shpilka/publications/SY10.pdf
119,William Kuszmaul,1,TCS-7331,Constant-time deterministic dynamic dictionaries,Data structures,reused,Constant-time deterministic dynamic dictionaries concern his hashing and dictionary work.,source_open,reviewed,revised,2026-09-13,"active-card and source-locator review; existing status is carried through, not independently recertified",https://dblp.org/pid/140/1108.html,https://people.csail.mit.edu/mip/docs/job-application07/statements.pdf
119,William Kuszmaul,2,TCS-7340,Optimal randomized memory-reallocation overhead,Data structures,reused,Optimal memory reallocation directly connects his data-structure research.,source_open,reviewed,revised,2026-09-13,"active-card and source-locator review; existing status is carried through, not independently recertified",https://dblp.org/pid/140/1108.html,https://arxiv.org/abs/2405.12152; https://arxiv.org/abs/2602.15417v1
120,Tomasz Kociumaka,1,TCS-0467,Linear-space LZ77 random access,String algorithms and bioinformatics,reused,LZ77-space random access connects his compressed string data structures.,source_open,reviewed,not individually completed,,"active-card and source-locator review; existing status is carried through, not independently recertified",https://dblp.org/pid/38/9892.html,https://doi.org/10.4230/DagRep.15.5.1; https://arxiv.org/abs/1902.03568; https://arxiv.org/abs/2607.14923
120,Tomasz Kociumaka,2,TCS-7179,Truly subquadratic exact edit distance,Fine-grained complexity,reused,Exact edit-distance complexity concerns his fine-grained string algorithms.,open,reviewed,revised,2026-09-11,"active-card and source-locator review; existing status is carried through, not independently recertified",https://dblp.org/pid/38/9892.html,https://arxiv.org/abs/1412.0348; https://en.wikipedia.org/wiki/List_of_unsolved_problems_in_computer_science; https://en.wikipedia.org/w/index.php?oldid=1345711618; https://arxiv.org/abs/1502.01063v2; https://arxiv.org/abs/2603.29702
121,Gillat Kol,1,TCS-5892,Constant-factor randomized direct sums for total Boolean functions,Communication complexity and Boolean function analysis,reused,Direct sums for total functions connect her communication and information-complexity research.,source_open,reviewed,revised,2026-09-13,"active-card and source-locator review; existing status is carried through, not independently recertified",https://dblp.org/pid/39/4172.html,https://doi.org/10.4230/LIPIcs.STACS.2019.50; https://eccc.weizmann.ac.il/report/2010/083/; https://arxiv.org/abs/2608.04141
121,Gillat Kol,2,TCS-4802,Noise tolerance of binary interactive codes,Coding and information theory,reused,Optimal binary interactive noise tolerance connects her interactive-coding research.,uncertain,source,not individually completed,,"active-card and source-locator review; existing status is carried through, not independently recertified",https://dblp.org/pid/39/4172.html,https://doi.org/10.1109/FOCS54457.2022.00008
122,Soheil Behnezhad,1,TCS-6505,One-cycle versus two-cycles conjecture,"Distributed, parallel and sublinear algorithms",reused,One-cycle versus two-cycles is a central low-memory MPC barrier in his parallel graph work.,open,reviewed,not individually completed,2026-09-10,"active-card and source-locator review; existing status is carried through, not independently recertified",https://dblp.org/pid/192/1220.html,https://doi.org/10.4230/LIPIcs.ICDT.2025.7; https://doi.org/10.1007/s00446-021-00418-2
122,Soheil Behnezhad,2,TCS-6499,Sublogarithmic distributed MIS,"Distributed, parallel and sublinear algorithms",reused,Distributed MIS connects his sublinear and parallel graph algorithms.,open,reviewed,not individually completed,2026-09-10,"active-card and source-locator review; existing status is carried through, not independently recertified",https://dblp.org/pid/192/1220.html,https://arxiv.org/abs/2505.15652; https://arxiv.org/abs/1506.05093; https://arxiv.org/abs/2505.15654
123,Maximilian Probst Gutenberg,1,TCS-5209,Subquadratic exact fully dynamic weighted single-source distances,Dynamic graph algorithms,reused,Dynamic exact SSSP directly concerns his dynamic distance algorithms.,source_open,reviewed,revised,2026-09-13,"active-card and source-locator review; existing status is carried through, not independently recertified",https://dblp.org/pid/223/4496.html,https://doi.org/10.4230/LIPIcs.ICALP.2017.44; https://arxiv.org/abs/1705.10097; https://arxiv.org/abs/1909.10850; https://doi.org/10.1109/FOCS57990.2023.00142
123,Maximilian Probst Gutenberg,2,TCS-7344,Almost-linear exact directed global minimum cut,Structural graph theory,reused,Fast directed min cut extends his flow and connectivity research.,source_open,reviewed,revised,2026-09-13,"active-card and source-locator review; existing status is carried through, not independently recertified",https://dblp.org/pid/223/4496.html,https://arxiv.org/abs/2512.00176; https://arxiv.org/abs/2512.09080; https://mj.ucw.cz/vyuka/ga/ga.pdf
124,Aaron Bernstein,1,TCS-5209,Subquadratic exact fully dynamic weighted single-source distances,Dynamic graph algorithms,reused,Fully dynamic weighted exact SSSP is a central frontier in his dynamic shortest-path work.,source_open,reviewed,revised,2026-09-13,"active-card and source-locator review; existing status is carried through, not independently recertified",https://dblp.org/pid/02/4059.html,https://doi.org/10.4230/LIPIcs.ICALP.2017.44; https://arxiv.org/abs/1705.10097; https://arxiv.org/abs/1909.10850; https://doi.org/10.1109/FOCS57990.2023.00142
124,Aaron Bernstein,2,TCS-6477,Deterministic subquadratic dynamic s–t reachability,Dynamic graph algorithms,reused,Deterministic dynamic reachability concerns his dynamic graph-algorithm program.,source_open,source,not individually completed,,"active-card and source-locator review; existing status is carried through, not independently recertified",https://dblp.org/pid/02/4059.html,https://doi.org/10.1109/FOCS57990.2023.00142
125,Michael Kapralov,1,TCS-0946,Hypergraph cut sparsifiers with \(O(n/\varepsilon ^{2})\) hyperedges,Algorithms & data structures,reused,Optimal hypergraph sparsifiers extend his graph sketching and sparsification research.,uncertain,reviewed,revised,2026-09-11,"active-card and source-locator review; existing status is carried through, not independently recertified",https://dblp.org/pid/76/6407.html,https://sublinear.info/index.php?title=Open_Problems:91; https://arxiv.org/abs/2009.04992; https://arxiv.org/abs/0808.0163; https://arxiv.org/abs/2407.03934; https://arxiv.org/abs/2510.18180
125,Michael Kapralov,2,TCS-6556,Directed reachability with nearly linear memory and polylogarithmic passes,"Distributed, parallel and sublinear algorithms",reused,Small-memory directed reachability concerns his graph-streaming and communication-lower-bound research.,source_open,reviewed,revised,2026-09-11,"active-card and source-locator review; existing status is carried through, not independently recertified",https://dblp.org/pid/76/6407.html,https://par.nsf.gov/servlets/purl/10488812; https://eccc.weizmann.ac.il/report/2013/002/revision/3/download/; https://arxiv.org/abs/1905.08841; https://arxiv.org/abs/2011.03495; https://par.nsf.gov/servlets/purl/10315017; https://arxiv.org/abs/2608.07073v2
126,Shay Solomon,1,TCS-6627,Fully dynamic near-optimal matching with polylogarithmic updates,Dynamic graph algorithms,reused,Near-optimal dynamic matching connects his dynamic matching research.,source_open,reviewed,revised,2026-09-11,"active-card and source-locator review; existing status is carried through, not independently recertified",https://dblp.org/pid/s/ShaySolomon.html,https://pure.mpg.de/pubman/item/item_3527212_4/component/file_3527885/biennial-report-2023.pdf; https://epubs.siam.org/doi/10.1137/1.9781611977912.109; https://arxiv.org/abs/2406.13573; https://arxiv.org/abs/2502.02455; https://arxiv.org/abs/2403.02582; https://arxiv.org/abs/2605.00797
126,Shay Solomon,2,TCS-6625,Deterministic fully dynamic connectivity with polylogarithmic worst-case updates,Dynamic graph algorithms,reused,Deterministic dynamic connectivity concerns the worst-case guarantees of the graph data structures he studies.,source_open,reviewed,revised,2026-09-10,"active-card and source-locator review; existing status is carried through, not independently recertified",https://dblp.org/pid/s/ShaySolomon.html,https://u.cs.biu.ac.il/~rodittl/p723-holm.pdf; https://doi.org/10.1137/1.9781611973105.81; https://arxiv.org/abs/1910.08025; https://arxiv.org/abs/2510.08297; https://doi.org/10.1137/1.9781611978971.103; https://erikdemaine.org/papers/DynamicConnectivity_SICOMP/
127,Sayan Bhattacharya,1,TCS-6627,Fully dynamic near-optimal matching with polylogarithmic updates,Dynamic graph algorithms,reused,Near-optimal fully dynamic matching is a central problem in his work.,source_open,reviewed,revised,2026-09-11,"active-card and source-locator review; existing status is carried through, not independently recertified",https://dblp.org/pid/57/3907.html,https://pure.mpg.de/pubman/item/item_3527212_4/component/file_3527885/biennial-report-2023.pdf; https://epubs.siam.org/doi/10.1137/1.9781611977912.109; https://arxiv.org/abs/2406.13573; https://arxiv.org/abs/2502.02455; https://arxiv.org/abs/2403.02582; https://arxiv.org/abs/2605.00797
127,Sayan Bhattacharya,2,TCS-6626,Polylogarithmic worst-case updates for exact dynamic minimum spanning forests,Dynamic graph algorithms,reused,Worst-case dynamic minimum spanning forests connect his dynamic graph-data-structure research.,source_open,reviewed,not individually completed,2026-09-11,"active-card and source-locator review; existing status is carried through, not independently recertified",https://dblp.org/pid/57/3907.html,https://u.cs.biu.ac.il/~rodittl/p723-holm.pdf; https://arxiv.org/abs/1407.6832; https://arxiv.org/abs/1708.03962; https://arxiv.org/abs/1910.08025; https://arxiv.org/abs/2510.08297; https://drops.dagstuhl.de/entities/document/10.4230/LIPIcs.ICALP.2021.27
128,Hung Le,1,TCS-6785,Optimal additive error of linear-size spanners,Algorithms & data structures,reused,Linear-size additive spanners directly concern his distance-preserving graph structures.,source_open,reviewed,revised,2026-09-13,"active-card and source-locator review; existing status is carried through, not independently recertified",https://dblp.org/pid/45/466-1.html,https://arxiv.org/abs/1909.03152; https://arxiv.org/abs/2207.11832; https://arxiv.org/abs/2303.12768
128,Hung Le,2,TCS-6783,Optimal size of four-additive graph spanners,Algorithms & data structures,reused,Four-additive spanner size is a major canonical spanner tradeoff in his research.,source_open,reviewed,revised,2026-09-12,"active-card and source-locator review; existing status is carried through, not independently recertified",https://dblp.org/pid/45/466-1.html,https://arxiv.org/abs/1909.03152; https://arxiv.org/abs/2510.17262; https://arxiv.org/abs/1511.00700
129,Merav Parter,1,TCS-6784,Spanners matching Thorup–Zwick emulator tradeoffs,Algorithms & data structures,reused,Spanner-emulator tradeoffs connect her distributed distance-preserving structures.,open,reviewed,revised,2026-09-12,"active-card and source-locator review; existing status is carried through, not independently recertified",https://dblp.org/pid/16/9365.html,https://arxiv.org/abs/1909.03152; https://researchprofiles.ku.dk/en/publications/spanners-and-emulators-with-sublinear-distance-errors/; https://doi.org/10.1137/16M1105815; https://doi.org/10.1137/23M1581078
129,Merav Parter,2,TCS-6555,Optimal exact single-source shortest paths in CONGEST,"Distributed, parallel and sublinear algorithms",reused,Optimal CONGEST SSSP concerns her distributed shortest-path algorithms.,open,reviewed,revised,2026-09-11,"active-card and source-locator review; existing status is carried through, not independently recertified",https://dblp.org/pid/16/9365.html,https://link.springer.com/article/10.1007/s00446-026-00505-2; https://link.springer.com/article/10.1007/s00446-021-00412-8; https://nairenc.github.io/nairenc_files/parallelexactsspsqrt.pdf; https://arxiv.org/abs/1011.3049; https://arxiv.org/abs/2204.05874
130,Barna Saha,1,TCS-6624,Constant-factor edit-distance approximation in \(O(n \operatorname{polylog} n)\) time,String algorithms and bioinformatics,reused,Almost-linear constant-factor edit approximation directly continues her approximate string algorithms.,source_open,reviewed,revised,2026-09-11,"active-card and source-locator review; existing status is carried through, not independently recertified",https://dblp.org/pid/66/3027.html,https://epubs.siam.org/doi/10.1137/21M1392322; https://arxiv.org/abs/2005.07678; https://arxiv.org/abs/1109.5635; https://arxiv.org/abs/1904.05459; https://arxiv.org/abs/2603.29702; https://arxiv.org/abs/1412.0348
130,Barna Saha,2,TCS-6598,Min-Plus Convolution Hypothesis,Fine-grained complexity,reused,Min-plus convolution connects her fine-grained approximate computation research.,source_open,reviewed,revised,2026-09-13,"active-card and source-locator review; existing status is carried through, not independently recertified",https://dblp.org/pid/66/3027.html,https://drops.dagstuhl.de/entities/document/10.4230/LIPIcs.ICALP.2026.119; https://tmc.web.engr.illinois.edu/convol.pdf
131,Rico Zenklusen,1,TCS-7316,Matroid secretary conjecture,Online algorithms,reused,Matroid secretary is central to his matroid and stochastic optimization work.,source_open,reviewed,revised,2026-09-11,"active-card and source-locator review; existing status is carried through, not independently recertified",https://dblp.org/pid/48/4189.html,https://arxiv.org/abs/2305.05353
131,Rico Zenklusen,2,TCS-7358,Optimal polynomial-time approximation ratio for Steiner Tree,Approximation algorithms and hardness of approximation,added,Optimal Steiner-tree approximation extends his network-design and approximation research.,source_open,reviewed,revised,2026-09-13,primary-source and targeted later-work check,https://dblp.org/pid/48/4189.html,https://doi.org/10.1145/2432622.2432628; https://doi.org/10.1145/3722101
132,Anindya De,1,TCS-6543,Learning Boolean juntas from uniform random examples,Learning theory,reused,Uniform junta learning is directly in his learning-theory research.,source_open,reviewed,revised,2026-09-11,"active-card and source-locator review; existing status is carried through, not independently recertified",https://dblp.org/pid/49/2398.html,https://www.cs.cmu.edu/~odonnell/papers/juntas.pdf; https://theory.stanford.edu/~valiant/papers/corrFull.pdf; https://arxiv.org/abs/2511.08791; https://arxiv.org/abs/2505.05819; https://arxiv.org/abs/2605.10237; https://openreview.net/pdf?id=wszZlP1K14; https://www.math.ias.edu/files/mathandcomp.pdf
132,Anindya De,2,TCS-6581,Mansour’s conjecture,Communication complexity and Boolean function analysis,reused,Mansour connects his Fourier analysis and efficient learning work.,source_open,reviewed,not individually completed,2026-09-11,"active-card and source-locator review; existing status is carried through, not independently recertified",https://dblp.org/pid/49/2398.html,https://www.ias.edu/sites/default/files/math/ODonnell_Fourier.pdf; https://eccc.weizmann.ac.il/report/2010/023/revision/3/download/; https://arxiv.org/abs/2109.04525v2; https://link.springer.com/article/10.1007/s00493-024-00133-z; https://arxiv.org/abs/2606.00246v2; https://arxiv.org/abs/2506.01075v2
133,Xin Li,1,TCS-7271,Two-source extraction at log n plus constant entropy,Pseudorandomness and derandomization,reused,Entropy-threshold two-source extraction directly extends his extractor constructions.,source_open,reviewed,revised,2026-09-11,"active-card and source-locator review; existing status is carried through, not independently recertified",https://dblp.org/pid/09/1365-6.html,https://arxiv.org/abs/2303.06802
133,Xin Li,2,TCS-1015,Seeded extraction with constant total entropy loss,Pseudorandomness and derandomization,reused,Optimal seeded extraction concerns the randomness primitives he studies.,uncertain,index,not individually completed,,"active-card and source-locator review; existing status is carried through, not independently recertified",https://dblp.org/pid/09/1365-6.html,https://people.seas.harvard.edu/~salil/pseudorandomness/
134,Amnon Ta-Shma,1,TCS-1012,Explicit efficiently decoded binary codes beyond Gilbert–Varshamov,Coding and information theory,reused,Efficient binary codes beyond Gilbert-Varshamov extend his explicit-code research.,uncertain,index,not individually completed,,"active-card and source-locator review; existing status is carried through, not independently recertified",https://dblp.org/pid/t/AmnonTaShma.html,https://people.seas.harvard.edu/~salil/pseudorandomness/
134,Amnon Ta-Shma,2,TCS-6600,Optimal explicit pseudorandom generators for read-once branching programs,Pseudorandomness and derandomization,reused,Optimal small-space PRGs connect his derandomization and extractor work.,source_open,reviewed,revised,2026-09-10,"active-card and source-locator review; existing status is carried through, not independently recertified",https://dblp.org/pid/t/AmnonTaShma.html,https://mathweb.ucsd.edu/~sbuss/CourseWeb/Math268_2013W/Nisan_PRG.pdf; https://drops.dagstuhl.de/entities/document/10.4230/LIPIcs.APPROX/RANDOM.2021.28; https://theoryofcomputing.org/articles/v018a021/; https://epubs.siam.org/doi/10.1137/1.9781611978971.124; https://eccc.weizmann.ac.il/report/2026/064/; https://eccc.weizmann.ac.il/report/2026/123/
135,Gil Cohen,1,TCS-7271,Two-source extraction at log n plus constant entropy,Pseudorandomness and derandomization,reused,Two-source extraction at the existential threshold concerns his extractor research.,source_open,reviewed,revised,2026-09-11,"active-card and source-locator review; existing status is carried through, not independently recertified",https://dblp.org/pid/25/8727.html,https://arxiv.org/abs/2303.06802
135,Gil Cohen,2,TCS-6600,Optimal explicit pseudorandom generators for read-once branching programs,Pseudorandomness and derandomization,reused,Optimal branching-program PRGs connect his pseudorandom generator constructions.,source_open,reviewed,revised,2026-09-10,"active-card and source-locator review; existing status is carried through, not independently recertified",https://dblp.org/pid/25/8727.html,https://mathweb.ucsd.edu/~sbuss/CourseWeb/Math268_2013W/Nisan_PRG.pdf; https://drops.dagstuhl.de/entities/document/10.4230/LIPIcs.APPROX/RANDOM.2021.28; https://theoryofcomputing.org/articles/v018a021/; https://epubs.siam.org/doi/10.1137/1.9781611978971.124; https://eccc.weizmann.ac.il/report/2026/064/; https://eccc.weizmann.ac.il/report/2026/123/
136,Tali Kaufman,1,TCS-6738,Linear-length locally testable codes and proofs,Coding and information theory,reused,Linear-length local testability is central to her codes and high-dimensional expansion work.,source_open,source,not individually completed,,"active-card and source-locator review; existing status is carried through, not independently recertified",https://dblp.org/pid/42/209.html,https://www.wisdom.weizmann.ac.il/~oded/pt-intro.html
136,Tali Kaufman,2,TCS-6515,Asymptotically good quantum locally testable stabilizer codes,Quantum computation,reused,Good quantum local testability concerns the quantum extensions of this expansion program.,source_open,reviewed,not individually completed,2026-09-11,"active-card and source-locator review; existing status is carried through, not independently recertified",https://dblp.org/pid/42/209.html,https://quantum-journal.org/papers/q-2024-10-18-1501/; https://arxiv.org/abs/2111.03654; https://www.nature.com/articles/s41534-024-00908-8; https://arxiv.org/abs/2402.07476; https://arxiv.org/abs/2206.13228; https://arxiv.org/abs/2604.01874; https://arxiv.org/abs/2606.09588
137,Mary Wootters,1,TCS-1011,Full-length Reed–Solomon list decoding beyond Johnson,Coding and information theory,reused,Full-length Reed-Solomon list decoding directly concerns her coding research.,uncertain,index,not individually completed,,"active-card and source-locator review; existing status is carried through, not independently recertified",https://dblp.org/pid/79/7019.html,https://people.seas.harvard.edu/~salil/pseudorandomness/
137,Mary Wootters,2,TCS-6609,Constant-rate binary locally decodable codes with logarithmic query complexity,Coding and information theory,reused,Constant-rate binary local decoding is a major frontier related to her local-code work.,open,reviewed,revised,2026-09-11,"active-card and source-locator review; existing status is carried through, not independently recertified",https://dblp.org/pid/79/7019.html,https://eccc.weizmann.ac.il/report/2025/168/revision/1/download/; https://arxiv.org/abs/2601.22535v1
138,Andrei Bulatov,1,TCS-6635,Finite-domain promise CSP dichotomy,Constraint satisfaction,reused,Promise-CSP dichotomy is a main frontier after the finite-domain CSP dichotomy he proved.,source_open,reviewed,revised,2026-09-10,"active-card and source-locator review; existing status is carried through, not independently recertified",https://dblp.org/pid/b/AndreiABulatov.html,https://arxiv.org/abs/2208.13538; https://arxiv.org/abs/1703.03021; https://arxiv.org/abs/1704.01914; https://arxiv.org/abs/1704.01937; https://www.karlin.mff.cuni.cz/~barto/Articles/DoNotPromise.pdf; https://arxiv.org/abs/2605.09815
138,Andrei Bulatov,2,TCS-6636,Bodirsky–Pinsker conjecture,Constraint satisfaction,reused,Infinite-domain CSP dichotomy extends his algebraic classification program.,source_open,reviewed,revised,2026-09-10,"active-card and source-locator review; existing status is carried through, not independently recertified",https://dblp.org/pid/b/AndreiABulatov.html,https://arxiv.org/abs/1704.01914; https://wwwpub.zih.tu-dresden.de/~bodirsky/Book.pdf; https://doi.org/10.1137/18M1216213; https://arxiv.org/abs/2502.06621; https://arxiv.org/abs/2601.22691; https://arxiv.org/abs/2602.02302
139,Dmitriy Zhuk,1,TCS-6635,Finite-domain promise CSP dichotomy,Constraint satisfaction,reused,Promise-CSP dichotomy continues the algebraic complexity classification he helped establish.,source_open,reviewed,revised,2026-09-10,"active-card and source-locator review; existing status is carried through, not independently recertified",https://dblp.org/pid/05/11522.html,https://arxiv.org/abs/2208.13538; https://arxiv.org/abs/1703.03021; https://arxiv.org/abs/1704.01914; https://arxiv.org/abs/1704.01937; https://www.karlin.mff.cuni.cz/~barto/Articles/DoNotPromise.pdf; https://arxiv.org/abs/2605.09815
139,Dmitriy Zhuk,2,TCS-6675,Search-to-decision equivalence for finite promise CSPs,Constraint satisfaction,reused,Search versus decision for promise CSPs concerns the limits of the algebraic approach.,source_open,reviewed,not individually completed,2026-09-11,"active-card and source-locator review; existing status is carried through, not independently recertified",https://dblp.org/pid/05/11522.html,https://arxiv.org/abs/2208.13538; https://arxiv.org/abs/1811.00970; https://arxiv.org/abs/2504.04639; https://arxiv.org/abs/2602.10368; https://albertolarrauri.github.io/publications/
140,Jin-Yi Cai,1,TCS-7320,#BIS-easiness of Boolean log-supermodular counting CSPs,Counting and enumeration,reused,Boolean log-supermodular approximate counting concerns his counting-CSP and Holant classifications.,source_open,reviewed,revised,2026-09-11,"active-card and source-locator review; existing status is carried through, not independently recertified",https://dblp.org/pid/c/JinyiCai.html,https://drops.dagstuhl.de/storage/02dagstuhl-follow-ups/dfu-vol007/DFU.Vol7.15301.205/DFU.Vol7.15301.205.pdf; https://arxiv.org/abs/1208.1783
140,Jin-Yi Cai,2,TCS-7221,FPRAS for #BIS,Counting and enumeration,reused,The complexity of #BIS is a central unresolved point in approximate-counting dichotomies.,source_open,reviewed,revised,2026-09-11,"active-card and source-locator review; existing status is carried through, not independently recertified",https://dblp.org/pid/c/JinyiCai.html,https://link.springer.com/article/10.1007/s00453-019-00606-4; https://doi.org/10.4230/LIPIcs.APPROX-RANDOM.2019.34; https://arxiv.org/abs/2307.09533
141,Pinyan Lu,1,TCS-7320,#BIS-easiness of Boolean log-supermodular counting CSPs,Counting and enumeration,reused,The #BIS-easiness conjecture concerns his approximate-counting classification work.,source_open,reviewed,revised,2026-09-11,"active-card and source-locator review; existing status is carried through, not independently recertified",https://dblp.org/pid/03/4112.html,https://drops.dagstuhl.de/storage/02dagstuhl-follow-ups/dfu-vol007/DFU.Vol7.15301.205/DFU.Vol7.15301.205.pdf; https://arxiv.org/abs/1208.1783
141,Pinyan Lu,2,TCS-6674,Randomized truthful unrelated-machine scheduling,"Algorithmic game theory, mechanism design and fair division",reused,Randomized truthful scheduling connects his mechanism-design research.,source_open,reviewed,not individually completed,2026-09-11,"active-card and source-locator review; existing status is carried through, not independently recertified",https://dblp.org/pid/03/4112.html,https://arxiv.org/abs/2301.11905; https://doi.org/10.1145/3785408; https://arxiv.org/abs/1507.08708; https://link.springer.com/chapter/10.1007/978-3-540-92185-1_46; https://drops.dagstuhl.de/entities/document/10.4230/LIPIcs.STACS.2008.1314; https://link.springer.com/article/10.1007/s00224-019-09927-x; https://ora.ox.ac.uk/objects/uuid%3A814fc511-99e2-47cb-b06a-f472630996dc/files/r9593tw016
142,Martin Grohe,1,TCS-7180,Graph canonization versus graph isomorphism,Structural graph theory,reused,Canonization versus isomorphism is central to his graph-isomorphism and logic work.,source_open,reviewed,revised,2026-09-11,"active-card and source-locator review; existing status is carried through, not independently recertified",https://dblp.org/pid/g/MGrohe.html,https://par.nsf.gov/servlets/purl/10179675; https://en.wikipedia.org/wiki/Graph_canonization; https://en.wikipedia.org/w/index.php?oldid=1330143987; https://drops.dagstuhl.de/entities/document/10.4230/LIPIcs.ICALP.2026.114
142,Martin Grohe,2,TCS-6654,Seese’s conjecture,Structural graph theory,reused,Seese's conjecture connects logical tractability to graph structure.,source_open,reviewed,not individually completed,2026-09-11,"active-card and source-locator review; existing status is carried through, not independently recertified",https://dblp.org/pid/g/MGrohe.html,https://drops.dagstuhl.de/entities/document/10.4230/LIPIcs.ICALP.2025.167; https://doi.org/10.1016/0168-0072(91)90054-P; https://www.labri.fr/perso/courcell/Textes1/BC-Oum%282007%29.pdf; https://doi.org/10.1016/j.ejc.2023.103700; https://arxiv.org/abs/2607.10939
143,Eric Vigoda,1,TCS-6621,Rapid mixing of Glauber dynamics with \(\Delta +2\) colours,Randomized algorithms and sampling,reused,Mixing for Delta-plus-two colorings is central to his coloring-sampling work.,source_open,reviewed,revised,2026-09-11,"active-card and source-locator review; existing status is carried through, not independently recertified",https://dblp.org/pid/03/4633.html,https://arxiv.org/abs/2010.16158; https://drops.dagstuhl.de/entities/document/10.4230/LIPIcs.ICALP.2026.134; https://arxiv.org/abs/2407.04870; https://arxiv.org/abs/2604.11938; https://arxiv.org/abs/2608.25491
143,Eric Vigoda,2,TCS-6628,FPRAS for counting perfect matchings,Counting and enumeration,reused,FPRAS for general perfect matching extends his celebrated bipartite counting result.,source_open,reviewed,revised,2026-09-10,"active-card and source-locator review; existing status is carried through, not independently recertified",https://dblp.org/pid/03/4633.html,https://doi.org/10.1137/0218077; https://faculty.cc.gatech.edu/~vigoda/Permanent.pdf; https://arxiv.org/abs/1712.07504; https://arxiv.org/abs/2309.04735; https://arxiv.org/abs/2608.26599
144,Yitong Yin,1,TCS-6621,Rapid mixing of Glauber dynamics with \(\Delta +2\) colours,Randomized algorithms and sampling,reused,Coloring Glauber dynamics connects his sampling and correlation-decay research.,source_open,reviewed,revised,2026-09-11,"active-card and source-locator review; existing status is carried through, not independently recertified",https://dblp.org/pid/30/328.html,https://arxiv.org/abs/2010.16158; https://drops.dagstuhl.de/entities/document/10.4230/LIPIcs.ICALP.2026.134; https://arxiv.org/abs/2407.04870; https://arxiv.org/abs/2604.11938; https://arxiv.org/abs/2608.25491
144,Yitong Yin,2,TCS-6668,Polynomial mixing of critical three-dimensional Ising dynamics,Randomized algorithms and sampling,reused,Critical Ising mixing concerns his spin-system sampling work.,source_open,source,not individually completed,,"active-card and source-locator review; existing status is carried through, not independently recertified",https://dblp.org/pid/30/328.html,https://arxiv.org/abs/2202.02301; https://arxiv.org/abs/2411.10318
145,Alistair Sinclair,1,TCS-6628,FPRAS for counting perfect matchings,Counting and enumeration,reused,General perfect-matching counting extends his approximation-scheme work.,source_open,reviewed,revised,2026-09-10,"active-card and source-locator review; existing status is carried through, not independently recertified",https://dblp.org/pid/s/AlistairSinclair.html,https://doi.org/10.1137/0218077; https://faculty.cc.gatech.edu/~vigoda/Permanent.pdf; https://arxiv.org/abs/1712.07504; https://arxiv.org/abs/2309.04735; https://arxiv.org/abs/2608.26599
145,Alistair Sinclair,2,TCS-7221,FPRAS for #BIS,Counting and enumeration,reused,#BIS is a central counting-complexity barrier in his MCMC field.,source_open,reviewed,revised,2026-09-11,"active-card and source-locator review; existing status is carried through, not independently recertified",https://dblp.org/pid/s/AlistairSinclair.html,https://link.springer.com/article/10.1007/s00453-019-00606-4; https://doi.org/10.4230/LIPIcs.APPROX-RANDOM.2019.34; https://arxiv.org/abs/2307.09533
146,Umesh Vazirani,1,TCS-6446,Quantum PCP conjecture,Quantum computation,reused,Quantum PCP directly concerns his quantum verification and Hamiltonian-complexity research.,source_open,reviewed,revised,2026-09-10,"active-card and source-locator review; existing status is carried through, not independently recertified",https://dblp.org/pid/v/UVVazirani.html,https://arxiv.org/abs/1309.7495; https://eccc.weizmann.ac.il/report/2026/150/
146,Umesh Vazirani,2,TCS-0037,NP outside BQP,Quantum computation,reused,The power of quantum computation on NP connects his foundational quantum-complexity work.,source_open,reviewed,not individually completed,2026-09-11,"active-card and source-locator review; existing status is carried through, not independently recertified",https://dblp.org/pid/v/UVVazirani.html,https://www.math.ias.edu/files/mathandcomp.pdf; https://arxiv.org/abs/quant-ph/9508027; https://arxiv.org/abs/quant-ph/9605043; https://arxiv.org/abs/quant-ph/9701001; https://arxiv.org/abs/2606.19545
147,Ronald de Wolf,1,TCS-0033,Quantum query complexity versus bounded approximate degree,Quantum computation,reused,Query complexity versus approximate degree is a central quantum lower-bound question in his research.,uncertain,index,not individually completed,,"active-card and source-locator review; existing status is carried through, not independently recertified",https://dblp.org/pid/w/RonalddeWolf.html,https://www.scottaaronson.com/papers/open.pdf
147,Ronald de Wolf,2,TCS-7283,Superpolynomial semidefinite extension complexity of perfect matching,Optimization and numerics,reused,SDP extension lower bounds connect his work on quantum communication and optimization.,source_open,reviewed,revised,2026-09-11,"active-card and source-locator review; existing status is carried through, not independently recertified",https://dblp.org/pid/w/RonalddeWolf.html,https://digital.lib.washington.edu/server/api/core/bitstreams/a7ac9607-c4f8-4d56-9b29-0f5ef033975d/content
148,Andris Ambainis,1,TCS-6605,Aaronson–Ambainis conjecture,Communication complexity and Boolean function analysis,reused,He co-posed the conjecture linking bounded polynomials to quantum query limitations.,source_open,reviewed,not individually completed,2026-09-11,"active-card and source-locator review; existing status is carried through, not independently recertified",https://dblp.org/pid/70/5481.html,https://arxiv.org/abs/0911.0996; https://arxiv.org/abs/1911.03748; https://ir.cwi.nl/pub/31883/31883.pdf; https://drops.dagstuhl.de/entities/document/10.4230/LIPIcs.ITCS.2025.17; https://eccc.weizmann.ac.il/report/2024/035/; https://arxiv.org/abs/2608.19158; https://arxiv.org/abs/2609.05201
148,Andris Ambainis,2,TCS-0029,Maximum randomized-versus-quantum gap for total functions,Quantum computation,reused,The largest quantum speedup for total functions is a direct quantum-query research target.,uncertain,index,not individually completed,,"active-card and source-locator review; existing status is carried through, not independently recertified",https://dblp.org/pid/70/5481.html,https://www.scottaaronson.com/papers/open.pdf
149,Aram Harrow,1,TCS-2229,QMA versus \(\mathrm{QMA}(2)\),Quantum computation,reused,QMA versus two unentangled proofs connects his quantum proof-system and product-state work.,uncertain,index,not individually completed,,"active-card and source-locator review; existing status is carried through, not independently recertified",https://dblp.org/pid/03/2246.html,https://doi.org/10.4230/LIPIcs.ITCS.2024.9
149,Aram Harrow,2,TCS-6516,Area law for gapped two-dimensional Hamiltonians,Quantum computation,reused,Two-dimensional area laws connect his quantum many-body and tensor-network research.,source_open,reviewed,revised,2026-09-10,"active-card and source-locator review; existing status is carried through, not independently recertified",https://dblp.org/pid/03/2246.html,https://arxiv.org/abs/0705.2024v4; https://arxiv.org/abs/2103.02492v3; https://doi.org/10.1038/s41567-022-01740-7; https://doi.org/10.1007/s00220-026-05554-z; https://arxiv.org/abs/2604.14143v1; https://doi.org/10.1016/j.jcp.2021.110534
150,András Gilyén,1,TCS-0033,Quantum query complexity versus bounded approximate degree,Quantum computation,reused,Polynomial approximation versus quantum queries connects the foundations of singular-value transformation.,uncertain,index,not individually completed,,"active-card and source-locator review; existing status is carried through, not independently recertified",https://dblp.org/pid/198/5085.html,https://www.scottaaronson.com/papers/open.pdf
150,András Gilyén,2,TCS-6521,Dihedral hidden subgroup problem in BQP,Quantum computation,reused,Efficient dihedral HSP is a central quantum-algorithm barrier relevant to his algorithmic program.,uncertain,reviewed,not individually completed,2026-09-11,"active-card and source-locator review; existing status is carried through, not independently recertified",https://dblp.org/pid/198/5085.html,https://arxiv.org/abs/1112.3333; https://epubs.siam.org/doi/10.1137/S0097539703436345; https://arxiv.org/abs/2106.09907; https://arxiv.org/abs/quant-ph/0406151; https://cims.nyu.edu/~regev/papers/quantum_average.pdf; https://arxiv.org/abs/2202.09697; https://eprint.iacr.org/2026/1591; https://eprint.iacr.org/2026/1693; https://arxiv.org/abs/2608.16598; https://arxiv.org/abs/2608.05321
151,Alexander Sherstov,1,TCS-6603,Log-rank conjecture,Communication complexity and Boolean function analysis,reused,Log-rank is a central communication-complexity target related to his lower-bound research.,source_open,reviewed,revised,2026-09-10,"active-card and source-locator review; existing status is carried through, not independently recertified",https://dblp.org/pid/93/259.html,https://arxiv.org/abs/2510.02583v3; https://doi.org/10.1007/s10107-024-02117-9; https://doi.org/10.1137/16M1059369; https://arxiv.org/abs/2608.01812v1
151,Alexander Sherstov,2,TCS-1054,Exponential lower bounds for unrestricted threshold-of-threshold circuits,Computational complexity,reused,Threshold-of-threshold lower bounds connect his sign-rank and approximation methods.,source_open,reviewed,revised,2026-09-13,"active-card and source-locator review; existing status is carried through, not independently recertified",https://dblp.org/pid/93/259.html,https://web.vu.lt/mif/s.jukna/boolean/index.html; https://arxiv.org/abs/1805.10698
152,Omri Weinstein,1,TCS-5892,Constant-factor randomized direct sums for total Boolean functions,Communication complexity and Boolean function analysis,reused,Direct sums for total functions concern his amortization and information-complexity research.,source_open,reviewed,revised,2026-09-13,"active-card and source-locator review; existing status is carried through, not independently recertified",https://dblp.org/pid/85/9060.html,https://doi.org/10.4230/LIPIcs.STACS.2019.50; https://eccc.weizmann.ac.il/report/2010/083/; https://arxiv.org/abs/2608.04141
152,Omri Weinstein,2,TCS-6540,Superlogarithmic static cell-probe lower bounds,Data structures,reused,Strong static cell-probe lower bounds extend his data-structure complexity research.,source_open,reviewed,revised,2026-09-11,"active-card and source-locator review; existing status is carried through, not independently recertified",https://dblp.org/pid/85/9060.html,https://doi.org/10.1145/3798129.3800843; https://eccc.weizmann.ac.il/report/2025/030/; https://eccc.weizmann.ac.il/report/2025/155/; https://epubs.siam.org/doi/10.1137/18M1198429; https://eccc.weizmann.ac.il/report/2026/047/
153,Erik Waingarten,1,TCS-7297,Optimal \(\ell\)\(_{1}\) distortion of edit distance,String algorithms and bioinformatics,reused,L1 embeddings of edit distance connect his distance estimation and sketching research.,source_open,reviewed,revised,2026-09-12,"active-card and source-locator review; existing status is carried through, not independently recertified",https://dblp.org/pid/146/0153.html,https://doi.org/10.1145/1060590.1060623
153,Erik Waingarten,2,TCS-7006,Optimal input-sparsity subspace embeddings,Computational geometry and metric spaces,reused,Optimal subspace embeddings concern his high-dimensional algorithmic work.,source_open,source,not individually completed,,"active-card and source-locator review; existing status is carried through, not independently recertified",https://dblp.org/pid/146/0153.html,https://arxiv.org/abs/1411.4357
154,Jelani Nelson,1,TCS-6662,Optimal deterministic restricted-isometry matrices,Pseudorandomness and derandomization,reused,Deterministic RIP concerns the limits of dimensionality reduction and compressed sensing.,source_open,reviewed,not individually completed,2026-09-11,"active-card and source-locator review; existing status is carried through, not independently recertified",https://dblp.org/pid/68/3296.html,https://www.sciencedirect.com/science/article/pii/S0024379525003143; https://www.math.ucdavis.edu/~strohmer/courses/270/road_to_rip.pdf; https://arxiv.org/abs/1008.4535; https://arxiv.org/abs/2311.07889
154,Jelani Nelson,2,TCS-7006,Optimal input-sparsity subspace embeddings,Computational geometry and metric spaces,reused,Optimal sparse embeddings directly connect his sketching research.,source_open,source,not individually completed,,"active-card and source-locator review; existing status is carried through, not independently recertified",https://dblp.org/pid/68/3296.html,https://arxiv.org/abs/1411.4357
155,Kunal Talwar,1,TCS-7236,Polynomial-time private release of all marginals,Differential privacy,reused,Efficient private marginals connect his differential-privacy algorithms.,source_open,reviewed,revised,2026-09-11,"active-card and source-locator review; existing status is carried through, not independently recertified",https://dblp.org/pid/06/3696.html,https://projects.iq.harvard.edu/files/privacytools/files/complexityprivacy_1_01.pdf; https://arxiv.org/abs/1304.3754
155,Kunal Talwar,2,TCS-6576,Optimal competitive ratio for convex body chasing,Online algorithms,reused,Convex body chasing connects his online and metric-approximation work.,source_open,source,not individually completed,,"active-card and source-locator review; existing status is carried through, not independently recertified",https://dblp.org/pid/06/3696.html,https://theory.epfl.ch/WinterSchool2025/slides/2025/Gupta_lec4-chasing.pdf
156,Adam Smith,1,TCS-0506,Private PAC sample complexity from VC and Littlestone dimensions,Differential privacy,reused,Private PAC sample complexity concerns his statistical foundations of privacy.,source_open,reviewed,revised,2026-09-10,"active-card and source-locator review; existing status is carried through, not independently recertified",https://dblp.org/pid/04/5072.html,https://proceedings.mlr.press/v336/nissim26a.html
156,Adam Smith,2,TCS-6825,Computational versus statistical privacy in the curator model,Differential privacy,reused,Computational versus statistical privacy is a foundational question related to his cryptographic privacy work.,source_open,source,not individually completed,,"active-card and source-locator review; existing status is carried through, not independently recertified",https://dblp.org/pid/04/5072.html,https://www.cis.upenn.edu/~aaroth/privacybook.html
157,Kobbi Nissim,1,TCS-3312,Polynomial-time private convex-hull point selection,Differential privacy,reused,Efficient private convex-hull selection connects his private geometric algorithms.,uncertain,index,not individually completed,,"active-card and source-locator review; existing status is carried through, not independently recertified",https://dblp.org/pid/65/801.html,https://doi.org/10.4230/LIPIcs.SoCG.2020.52
157,Kobbi Nissim,2,TCS-0506,Private PAC sample complexity from VC and Littlestone dimensions,Differential privacy,reused,Dimension-based private sample complexity concerns the foundations of private learnability he studies.,source_open,reviewed,revised,2026-09-10,"active-card and source-locator review; existing status is carried through, not independently recertified",https://dblp.org/pid/65/801.html,https://proceedings.mlr.press/v336/nissim26a.html
158,Salil Vadhan,1,TCS-0026,L versus BPL,Pseudorandomness and derandomization,reused,Space-bounded derandomization is a central target in his pseudorandomness work.,source_open,reviewed,revised,2026-09-11,"active-card and source-locator review; existing status is carried through, not independently recertified",https://dblp.org/pid/v/SPVadhan.html,https://www.math.ias.edu/files/mathandcomp.pdf; https://drops.dagstuhl.de/storage/00lipics/lipics-vol207-approx-random2021/LIPIcs.APPROX-RANDOM.2021.28/LIPIcs.APPROX-RANDOM.2021.28.pdf; https://eccc.weizmann.ac.il/report/2026/064/
158,Salil Vadhan,2,TCS-0506,Private PAC sample complexity from VC and Littlestone dimensions,Differential privacy,reused,Private PAC complexity connects his learning and privacy research.,source_open,reviewed,revised,2026-09-10,"active-card and source-locator review; existing status is carried through, not independently recertified",https://dblp.org/pid/v/SPVadhan.html,https://proceedings.mlr.press/v336/nissim26a.html
159,Omer Reingold,1,TCS-0026,L versus BPL,Pseudorandomness and derandomization,reused,BPL versus L is a main derandomization frontier beyond undirected connectivity.,source_open,reviewed,revised,2026-09-11,"active-card and source-locator review; existing status is carried through, not independently recertified",https://dblp.org/pid/r/OmerReingold.html,https://www.math.ias.edu/files/mathandcomp.pdf; https://drops.dagstuhl.de/storage/00lipics/lipics-vol207-approx-random2021/LIPIcs.APPROX-RANDOM.2021.28/LIPIcs.APPROX-RANDOM.2021.28.pdf; https://eccc.weizmann.ac.il/report/2026/064/
159,Omer Reingold,2,TCS-6600,Optimal explicit pseudorandom generators for read-once branching programs,Pseudorandomness and derandomization,reused,Optimal space-bounded generators connect his pseudorandomness program.,source_open,reviewed,revised,2026-09-10,"active-card and source-locator review; existing status is carried through, not independently recertified",https://dblp.org/pid/r/OmerReingold.html,https://mathweb.ucsd.edu/~sbuss/CourseWeb/Math268_2013W/Nisan_PRG.pdf; https://drops.dagstuhl.de/entities/document/10.4230/LIPIcs.APPROX/RANDOM.2021.28; https://theoryofcomputing.org/articles/v018a021/; https://epubs.siam.org/doi/10.1137/1.9781611978971.124; https://eccc.weizmann.ac.il/report/2026/064/; https://eccc.weizmann.ac.il/report/2026/123/
160,Assaf Naor,1,TCS-7352,Real Grothendieck constant,Communication complexity and Boolean function analysis,added,He coauthored the breakthrough on Krivine's bound and studies its metric and algorithmic consequences.,source_open,reviewed,revised,2026-09-13,primary-source and targeted later-work check,https://dblp.org/pid/n/AssafNaor.html,https://arxiv.org/abs/1103.6161; https://arxiv.org/abs/2608.11158
160,Assaf Naor,2,TCS-6525,Gupta–Newman–Rabinovich–Sinclair conjecture,Computational geometry and metric spaces,reused,GNRS is a central target in his metric-embedding research.,source_open,reviewed,revised,2026-09-11,"active-card and source-locator review; existing status is carried through, not independently recertified",https://dblp.org/pid/n/AssafNaor.html,https://people.eecs.berkeley.edu/~sinclair/cuts.pdf; https://arxiv.org/abs/0910.1409; https://www.wisdom.weizmann.ac.il/~robi/papers/CKR-TreewidthSparsestCut-APPROX10.pdf; https://arxiv.org/abs/1903.02758; https://arxiv.org/abs/2602.23745; https://courses.grainger.illinois.edu/CS583/sp2026/approx-algorithms-lecture-notes.pdf
161,Éva Tardos,1,TCS-6632,Constant-factor universally truthful auctions for submodular bidders,"Algorithmic game theory, mechanism design and fair division",reused,Truthful welfare approximation connects her algorithmic mechanism-design work.,source_open,reviewed,revised,2026-09-11,"active-card and source-locator review; existing status is carried through, not independently recertified",https://dblp.org/pid/t/EvaTardos.html,https://epubs.siam.org/doi/10.1137/20M1316068; https://theory.stanford.edu/~shaddin/papers/randompower-focs09.pdf; https://arxiv.org/abs/1011.1830; https://arxiv.org/abs/2010.01420; https://drops.dagstuhl.de/entities/document/10.4230/LIPIcs.STACS.2026.27
161,Éva Tardos,2,TCS-7319,Minimax rate of sequential binary calibration,Online algorithms,reused,"Sequential calibration concerns learning and forecasting in repeated games, a major theme in her field.",source_open,reviewed,revised,2026-09-11,"active-card and source-locator review; existing status is carried through, not independently recertified",https://dblp.org/pid/t/EvaTardos.html,https://arxiv.org/abs/2406.13668
162,Robert Kleinberg,1,TCS-7316,Matroid secretary conjecture,Online algorithms,reused,Matroid secretary directly connects his online selection and mechanism-design work.,source_open,reviewed,revised,2026-09-11,"active-card and source-locator review; existing status is carried through, not independently recertified",https://dblp.org/pid/k/RDKleinberg.html,https://arxiv.org/abs/2305.05353
162,Robert Kleinberg,2,TCS-6838,Instance-optimal finite-time best-arm identification,Online algorithms,reused,Instance-optimal best-arm identification concerns his bandit and sequential-decision research.,source_open,source,not individually completed,,"active-card and source-locator review; existing status is carried through, not independently recertified",https://dblp.org/pid/k/RDKleinberg.html,https://banditalgs.com/
163,S. Matthew Weinberg,1,TCS-6632,Constant-factor universally truthful auctions for submodular bidders,"Algorithmic game theory, mechanism design and fair division",reused,Truthful welfare approximation relates directly to his auction-design program.,source_open,reviewed,revised,2026-09-11,"active-card and source-locator review; existing status is carried through, not independently recertified",https://dblp.org/pid/52/2474.html,https://epubs.siam.org/doi/10.1137/20M1316068; https://theory.stanford.edu/~shaddin/papers/randompower-focs09.pdf; https://arxiv.org/abs/1011.1830; https://arxiv.org/abs/2010.01420; https://drops.dagstuhl.de/entities/document/10.4230/LIPIcs.STACS.2026.27
163,S. Matthew Weinberg,2,TCS-6958,Algorithmic versus dominant-strategy implementation,"Algorithmic game theory, mechanism design and fair division",reused,Algorithmic versus incentive-compatible implementation concerns his reductions in mechanism design.,source_open,source,not individually completed,,"active-card and source-locator review; existing status is carried through, not independently recertified",https://dblp.org/pid/52/2474.html,https://www.cs.cmu.edu/~sandholm/cs15-892F13/algorithmic-game-theory.pdf
164,Yang Cai,1,TCS-6632,Constant-factor universally truthful auctions for submodular bidders,"Algorithmic game theory, mechanism design and fair division",reused,Truthful submodular auctions concern the computational mechanism-design barriers he studies.,source_open,reviewed,revised,2026-09-11,"active-card and source-locator review; existing status is carried through, not independently recertified",https://dblp.org/pid/14/5359-1.html,https://epubs.siam.org/doi/10.1137/20M1316068; https://theory.stanford.edu/~shaddin/papers/randompower-focs09.pdf; https://arxiv.org/abs/1011.1830; https://arxiv.org/abs/2010.01420; https://drops.dagstuhl.de/entities/document/10.4230/LIPIcs.STACS.2026.27
164,Yang Cai,2,TCS-6958,Algorithmic versus dominant-strategy implementation,"Algorithmic game theory, mechanism design and fair division",reused,Implementing algorithms truthfully connects his mechanism-reduction research.,source_open,source,not individually completed,,"active-card and source-locator review; existing status is carried through, not independently recertified",https://dblp.org/pid/14/5359-1.html,https://www.cs.cmu.edu/~sandholm/cs15-892F13/algorithmic-game-theory.pdf
165,Michal Feldman,1,TCS-0011,Existence of complete EFX allocations for additive valuations,"Algorithmic game theory, mechanism design and fair division",reused,Complete EFX connects her fair-division and algorithmic economics work.,open,reviewed,revised,2026-09-11,"active-card and source-locator review; existing status is carried through, not independently recertified",https://dblp.org/pid/43/1464.html,https://tcsopenproblems.com/problem/3; https://arxiv.org/abs/2202.07551; https://arxiv.org/abs/2002.05119; https://ojs.aaai.org/index.php/AAAI/article/view/20410; https://arxiv.org/abs/2608.08590v1; https://arxiv.org/abs/2605.06451
165,Michal Feldman,2,TCS-6632,Constant-factor universally truthful auctions for submodular bidders,"Algorithmic game theory, mechanism design and fair division",reused,Truthful welfare approximation concerns her auction research.,source_open,reviewed,revised,2026-09-11,"active-card and source-locator review; existing status is carried through, not independently recertified",https://dblp.org/pid/43/1464.html,https://epubs.siam.org/doi/10.1137/20M1316068; https://theory.stanford.edu/~shaddin/papers/randompower-focs09.pdf; https://arxiv.org/abs/1011.1830; https://arxiv.org/abs/2010.01420; https://drops.dagstuhl.de/entities/document/10.4230/LIPIcs.STACS.2026.27
166,Shuchi Chawla,1,TCS-6632,Constant-factor universally truthful auctions for submodular bidders,"Algorithmic game theory, mechanism design and fair division",reused,Truthful submodular welfare approximation connects her auction and mechanism-design work.,source_open,reviewed,revised,2026-09-11,"active-card and source-locator review; existing status is carried through, not independently recertified",https://dblp.org/pid/c/ShuchiChawla.html,https://epubs.siam.org/doi/10.1137/20M1316068; https://theory.stanford.edu/~shaddin/papers/randompower-focs09.pdf; https://arxiv.org/abs/1011.1830; https://arxiv.org/abs/2010.01420; https://drops.dagstuhl.de/entities/document/10.4230/LIPIcs.STACS.2026.27
166,Shuchi Chawla,2,TCS-6674,Randomized truthful unrelated-machine scheduling,"Algorithmic game theory, mechanism design and fair division",reused,Randomized truthful scheduling is a central approximation-mechanism frontier in her area.,source_open,reviewed,not individually completed,2026-09-11,"active-card and source-locator review; existing status is carried through, not independently recertified",https://dblp.org/pid/c/ShuchiChawla.html,https://arxiv.org/abs/2301.11905; https://doi.org/10.1145/3785408; https://arxiv.org/abs/1507.08708; https://link.springer.com/chapter/10.1007/978-3-540-92185-1_46; https://drops.dagstuhl.de/entities/document/10.4230/LIPIcs.STACS.2008.1314; https://link.springer.com/article/10.1007/s00224-019-09927-x; https://ora.ox.ac.uk/objects/uuid%3A814fc511-99e2-47cb-b06a-f472630996dc/files/r9593tw016
167,Shahar Dobzinski,1,TCS-6632,Constant-factor universally truthful auctions for submodular bidders,"Algorithmic game theory, mechanism design and fair division",reused,Universally truthful submodular auctions directly concern his mechanism lower bounds.,source_open,reviewed,revised,2026-09-11,"active-card and source-locator review; existing status is carried through, not independently recertified",https://dblp.org/pid/34/917.html,https://epubs.siam.org/doi/10.1137/20M1316068; https://theory.stanford.edu/~shaddin/papers/randompower-focs09.pdf; https://arxiv.org/abs/1011.1830; https://arxiv.org/abs/2010.01420; https://drops.dagstuhl.de/entities/document/10.4230/LIPIcs.STACS.2026.27
167,Shahar Dobzinski,2,TCS-6957,Characterizing domains restricted to affine maximizers,"Algorithmic game theory, mechanism design and fair division",reused,Affine-maximizer domain characterization connects his structural mechanism-design work.,source_open,source,not individually completed,,"active-card and source-locator review; existing status is carried through, not independently recertified",https://dblp.org/pid/34/917.html,https://www.cs.cmu.edu/~sandholm/cs15-892F13/algorithmic-game-theory.pdf
168,Vitaly Feldman,1,TCS-0506,Private PAC sample complexity from VC and Littlestone dimensions,Differential privacy,reused,Private learning sample complexity connects his statistical-query and privacy work.,source_open,reviewed,revised,2026-09-10,"active-card and source-locator review; existing status is carried through, not independently recertified",https://dblp.org/pid/67/1162.html,https://proceedings.mlr.press/v336/nissim26a.html
168,Vitaly Feldman,2,TCS-7294,Learning decision trees from uniform random examples in polynomial time,Learning theory,reused,Uniform decision-tree learning concerns his computational learning-theory program.,source_open,reviewed,revised,2026-09-11,"active-card and source-locator review; existing status is carried through, not independently recertified",https://dblp.org/pid/67/1162.html,https://arxiv.org/abs/0812.0933; https://doi.org/10.4230/LIPIcs.ITCS.2025.38
169,Shay Moran,1,TCS-6541,Linear-size sample compression,Learning theory,reused,Linear sample compression is central to his combinatorial learning theory.,source_open,reviewed,revised,2026-09-10,"active-card and source-locator review; existing status is carried through, not independently recertified",https://dblp.org/pid/119/5111.html,https://arxiv.org/abs/1503.06960v2; https://proceedings.mlr.press/v247/chase24a.html; https://proceedings.mlr.press/v272/attias25a.html; https://arxiv.org/abs/2604.02949v1; https://arxiv.org/abs/2603.23561v4
169,Shay Moran,2,TCS-4792,Multiclass sample compression from binary compression,Learning theory,reused,Multiclass compression connects his work on multiclass learnability and its dimensions.,source_open,source,not individually completed,,"active-card and source-locator review; existing status is carried through, not independently recertified",https://dblp.org/pid/119/5111.html,https://proceedings.mlr.press/v272/attias25a.html
170,Gregory Valiant,1,TCS-5443,Polynomial-time learning of Gaussian mixtures,Property testing and distribution learning,reused,Gaussian-mixture learning concerns his algorithmic distribution-learning work.,uncertain,source,not individually completed,,"active-card and source-locator review; existing status is carried through, not independently recertified",https://dblp.org/pid/80/6006.html,https://proceedings.mlr.press/v237/afzali24a.html
170,Gregory Valiant,2,TCS-0672,Tight Characterization of Instance-Optimal Identity Testing,Property testing and distribution learning,reused,Instance-optimal identity testing connects his sample-efficient statistical testing program.,uncertain,index,not individually completed,,"active-card and source-locator review; existing status is carried through, not independently recertified",https://dblp.org/pid/80/6006.html,https://proceedings.mlr.press/v247/canonne24a.html
171,Gautam Kamath,1,TCS-0506,Private PAC sample complexity from VC and Littlestone dimensions,Differential privacy,reused,Optimal private learning complexity concerns his privacy and statistical-learning research.,source_open,reviewed,revised,2026-09-10,"active-card and source-locator review; existing status is carried through, not independently recertified",https://dblp.org/pid/73/11140.html,https://proceedings.mlr.press/v336/nissim26a.html
171,Gautam Kamath,2,TCS-5443,Polynomial-time learning of Gaussian mixtures,Property testing and distribution learning,reused,Efficient Gaussian-mixture learning connects his distribution-learning program.,uncertain,source,not individually completed,,"active-card and source-locator review; existing status is carried through, not independently recertified",https://dblp.org/pid/73/11140.html,https://proceedings.mlr.press/v237/afzali24a.html
172,Jerry Li,1,TCS-5087,Polynomial-time robust spectral estimation,Learning theory,reused,Robust spectral estimation directly concerns his robust high-dimensional inference work.,source_open,source,not individually completed,,"active-card and source-locator review; existing status is carried through, not independently recertified",https://dblp.org/pid/162/8838.html,https://proceedings.mlr.press/v134/awasthi21a.html
172,Jerry Li,2,TCS-6657,Computational threshold for tensor PCA,Beyond worst-case and average-case analysis,reused,Tensor PCA captures computational-statistical barriers in his provable inference research.,source_open,reviewed,not individually completed,2026-09-11,"active-card and source-locator review; existing status is carried through, not independently recertified",https://dblp.org/pid/162/8838.html,https://arxiv.org/abs/1411.1076; https://www.jmlr.org/papers/v25/24-0006.html; https://arxiv.org/abs/2404.18735; https://arxiv.org/abs/2510.14329; https://arxiv.org/abs/2605.30113
173,Clément Canonne,1,TCS-0672,Tight Characterization of Instance-Optimal Identity Testing,Property testing and distribution learning,reused,Instance-optimal identity testing directly concerns his distribution-testing research.,uncertain,index,not individually completed,,"active-card and source-locator review; existing status is carried through, not independently recertified",https://dblp.org/pid/28/9840L.html,https://proceedings.mlr.press/v247/canonne24a.html
173,Clément Canonne,2,TCS-0841,Equivalence Testing with Conditional Samples,Property testing and distribution learning,reused,Conditional-sampling equivalence testing connects his work on stronger testing access models.,uncertain,index,not individually completed,,"active-card and source-locator review; existing status is carried through, not independently recertified",https://dblp.org/pid/28/9840L.html,https://sublinear.info/index.php?title=Open_Problems:87
174,Ronitt Rubinfeld,1,TCS-6630,Effective classification of polynomially testable hereditary graph properties,Property testing and distribution learning,reused,Efficient testing of hereditary graph properties concerns her foundational property-testing work.,source_open,reviewed,revised,2026-09-11,"active-card and source-locator review; existing status is carried through, not independently recertified",https://dblp.org/pid/r/RonittRubinfeld.html,https://arxiv.org/html/2508.16878v1; https://epubs.siam.org/doi/10.1137/06064888X; https://arxiv.org/abs/1611.10315; https://www.cambridge.org/core/product/identifier/S0963548314000765/type/journal_article; https://arxiv.org/abs/1709.08159; https://eccc.weizmann.ac.il/report/2026/144/
174,Ronitt Rubinfeld,2,TCS-6672,Sublinear testing of bounded-degree graph isomorphism,Property testing and distribution learning,reused,Bounded-degree isomorphism testing connects her sublinear graph-algorithm research.,source_open,source,not individually completed,,"active-card and source-locator review; existing status is carried through, not independently recertified",https://dblp.org/pid/r/RonittRubinfeld.html,https://eccc.weizmann.ac.il/report/2021/088/
175,Dana Ron,1,TCS-6630,Effective classification of polynomially testable hereditary graph properties,Property testing and distribution learning,reused,Hereditary graph testability is a central structural question in her testing area.,source_open,reviewed,revised,2026-09-11,"active-card and source-locator review; existing status is carried through, not independently recertified",https://dblp.org/pid/85/4800.html,https://arxiv.org/html/2508.16878v1; https://epubs.siam.org/doi/10.1137/06064888X; https://arxiv.org/abs/1611.10315; https://www.cambridge.org/core/product/identifier/S0963548314000765/type/journal_article; https://arxiv.org/abs/1709.08159; https://eccc.weizmann.ac.il/report/2026/144/
175,Dana Ron,2,TCS-4259,Optimal query cost of reducing testing adaptivity,Property testing and distribution learning,reused,Adaptivity reduction concerns the power of different property-testing models she studies.,source_open,reviewed,revised,2026-09-13,"active-card and source-locator review; existing status is carried through, not independently recertified",https://dblp.org/pid/85/4800.html,https://doi.org/10.4230/LIPIcs.CCC.2017.27; https://doi.org/10.1007/s00037-018-0168-4; https://www.repository.cam.ac.uk/items/73b70279-d662-43f0-b591-98afd3ce529c
176,Maria-Florina Balcan,1,TCS-5153,Characterizing adversarially robust PAC learnability,Learning theory,reused,Robust PAC characterization connects her learning-theory and adversarial robustness work.,source_open,source,not individually completed,,"active-card and source-locator review; existing status is carried through, not independently recertified",https://dblp.org/pid/b/MariaFlorinaBalcan.html,https://proceedings.mlr.press/v99/montasser19a.html
176,Maria-Florina Balcan,2,TCS-7318,Constant-factor approximation for Dasgupta’s hierarchical clustering objective,Approximation algorithms and hardness of approximation,reused,Hierarchical-clustering approximation concerns her algorithmic clustering research.,source_open,reviewed,revised,2026-09-11,"active-card and source-locator review; existing status is carried through, not independently recertified",https://dblp.org/pid/b/MariaFlorinaBalcan.html,https://arxiv.org/abs/1510.05043; https://arxiv.org/abs/1609.09548
177,Nika Haghtalab,1,TCS-7319,Minimax rate of sequential binary calibration,Online algorithms,reused,Calibration connects her online-learning and algorithmic decision-making work.,source_open,reviewed,revised,2026-09-11,"active-card and source-locator review; existing status is carried through, not independently recertified",https://dblp.org/pid/149/1265.html,https://arxiv.org/abs/2406.13668
177,Nika Haghtalab,2,TCS-5153,Characterizing adversarially robust PAC learnability,Learning theory,reused,Robust learnability concerns her research on learning under adversarial behavior.,source_open,source,not individually completed,,"active-card and source-locator review; existing status is carried through, not independently recertified",https://dblp.org/pid/149/1265.html,https://proceedings.mlr.press/v99/montasser19a.html
178,Elad Hazan,1,TCS-6577,Minimax dimension dependence in bandit convex optimization,Online algorithms,reused,Bandit convex dimension dependence is central to his online convex optimization research.,open,reviewed,revised,2026-09-11,"active-card and source-locator review; existing status is carried through, not independently recertified",https://dblp.org/pid/72/739.html,https://tor-lattimore.com/downloads/cvx-book/cvx.pdf; https://www.cambridge.org/core/books/abs/bandit-convex-optimisation/outlook/FAEE9479EE720E949F7CECDADCE307D5; https://arxiv.org/abs/2006.00475v3; https://arxiv.org/abs/2603.25029v4; https://arxiv.org/abs/2606.19891v2
178,Elad Hazan,2,TCS-6576,Optimal competitive ratio for convex body chasing,Online algorithms,reused,Convex body chasing connects his online convex and geometric optimization work.,source_open,source,not individually completed,,"active-card and source-locator review; existing status is carried through, not independently recertified",https://dblp.org/pid/72/739.html,https://theory.epfl.ch/WinterSchool2025/slides/2025/Gupta_lec4-chasing.pdf
179,Rong Ge,1,TCS-6657,Computational threshold for tensor PCA,Beyond worst-case and average-case analysis,reused,Tensor PCA is a canonical computational barrier in his nonconvex inference research.,source_open,reviewed,not individually completed,2026-09-11,"active-card and source-locator review; existing status is carried through, not independently recertified",https://dblp.org/pid/89/6869-1.html,https://arxiv.org/abs/1411.1076; https://www.jmlr.org/papers/v25/24-0006.html; https://arxiv.org/abs/2404.18735; https://arxiv.org/abs/2510.14329; https://arxiv.org/abs/2605.30113
179,Rong Ge,2,TCS-3391,Efficient learning of well-separated Gaussian mixtures,Learning theory,reused,Gaussian-mixture learning connects his provable nonconvex and latent-variable algorithms.,uncertain,index,not individually completed,,"active-card and source-locator review; existing status is carried through, not independently recertified",https://dblp.org/pid/89/6869-1.html,https://proceedings.mlr.press/v125/kwon20a.html
180,Tengyu Ma,1,TCS-6657,Computational threshold for tensor PCA,Beyond worst-case and average-case analysis,reused,Tensor PCA relates to his provable nonconvex inference and learning research.,source_open,reviewed,not individually completed,2026-09-11,"active-card and source-locator review; existing status is carried through, not independently recertified",https://dblp.org/pid/54/9061.html,https://arxiv.org/abs/1411.1076; https://www.jmlr.org/papers/v25/24-0006.html; https://arxiv.org/abs/2404.18735; https://arxiv.org/abs/2510.14329; https://arxiv.org/abs/2605.30113
180,Tengyu Ma,2,TCS-7293,Distribution-free improper learning of two unrestricted halfspaces,Learning theory,reused,Learning two halfspaces is a canonical small-network learning problem related to his neural-network theory.,source_open,reviewed,revised,2026-09-13,"active-card and source-locator review; existing status is carried through, not independently recertified",https://dblp.org/pid/54/9061.html,https://web.cs.ucla.edu/~sherstov/pdf/hshs.pdf; https://theoretics.episciences.org/18105; https://arxiv.org/abs/2603.08700v2
181,Zeyuan Allen-Zhu,1,TCS-6574,Exact semidefinite feasibility in polynomial time,Optimization and numerics,reused,Exact SDP feasibility concerns the computational foundations of his optimization work.,source_open,reviewed,revised,2026-09-10,"active-card and source-locator review; existing status is carried through, not independently recertified",https://dblp.org/pid/10/7536.html,https://link.springer.com/article/10.1007/BF02614433; https://epubs.siam.org/doi/10.1137/15M103114X; https://www.sciencedirect.com/science/article/pii/S0747717120301176; https://epubs.siam.org/doi/10.1137/21M1434945; https://arxiv.org/abs/2510.07271; https://arxiv.org/abs/2511.03440
181,Zeyuan Allen-Zhu,2,TCS-6657,Computational threshold for tensor PCA,Beyond worst-case and average-case analysis,reused,Tensor PCA connects his nonconvex optimization and provable-learning research.,source_open,reviewed,not individually completed,2026-09-11,"active-card and source-locator review; existing status is carried through, not independently recertified",https://dblp.org/pid/10/7536.html,https://arxiv.org/abs/1411.1076; https://www.jmlr.org/papers/v25/24-0006.html; https://arxiv.org/abs/2404.18735; https://arxiv.org/abs/2510.14329; https://arxiv.org/abs/2605.30113
182,Aleksander Mądry,1,TCS-7228,Exact directed maximum flow in \(O((m+n) \operatorname{polylog} n)\) time,Structural graph theory,reused,Near-linear exact max flow is a direct frontier of his flow-algorithm program.,source_open,reviewed,revised,2026-09-11,"active-card and source-locator review; existing status is carried through, not independently recertified",https://dblp.org/pid/67/2454.html,https://arxiv.org/abs/2203.00671; https://arxiv.org/abs/2608.17384
182,Aleksander Mądry,2,TCS-5153,Characterizing adversarially robust PAC learnability,Learning theory,reused,Robust PAC learnability connects the foundations of his adversarial-robustness work.,source_open,source,not individually completed,,"active-card and source-locator review; existing status is carried through, not independently recertified",https://dblp.org/pid/67/2454.html,https://proceedings.mlr.press/v99/montasser19a.html
183,Eli Ben-Sasson,1,TCS-6738,Linear-length locally testable codes and proofs,Coding and information theory,reused,"Linear-length locally testable proofs connect his PCP, IOP and algebraic-proof work.",source_open,source,not individually completed,,"active-card and source-locator review; existing status is carried through, not independently recertified",https://dblp.org/pid/02/476.html,https://www.wisdom.weizmann.ac.il/~oded/pt-intro.html
183,Eli Ben-Sasson,2,TCS-5332,Weak automatability of Resolution,Proof complexity,reused,Resolution automatability concerns his proof-complexity and automated-reasoning research.,open,reviewed,revised,2026-09-12,"active-card and source-locator review; existing status is carried through, not independently recertified",https://dblp.org/pid/02/476.html,https://doi.org/10.4230/LIPIcs.STACS.2025.1; https://doi.org/10.1016/j.ipl.2024.106489; https://arxiv.org/abs/1904.02991; https://arxiv.org/abs/2506.16956
184,Yuval Ishai,1,TCS-7274,One-way functions in \(\mathrm{NC}^{0}\) from one-way functions,Cryptography,reused,NC0 one-way functions from arbitrary OWFs connect his local computation and randomized-encoding research.,source_open,reviewed,revised,2026-09-11,"active-card and source-locator review; existing status is carried through, not independently recertified",https://dblp.org/pid/05/667.html,https://doi.org/10.1137/S0097539705446950
184,Yuval Ishai,2,TCS-5013,Sublinear-communication secure computation with polynomial setup,Cryptography,reused,Sublinear-communication MPC directly extends his communication-efficient cryptographic protocols.,uncertain,source,not individually completed,,"active-card and source-locator review; existing status is carried through, not independently recertified",https://dblp.org/pid/05/667.html,https://doi.org/10.4230/LIPIcs.ITC.2023.18
185,Brent Waters,1,TCS-6550,Circuit obfuscation from polynomial-hard LWE,Cryptography,reused,LWE-based iO continues his obfuscation constructions.,source_open,reviewed,revised,2026-09-10,"active-card and source-locator review; existing status is carried through, not independently recertified",https://dblp.org/pid/w/BrentWaters.html,https://www.wisdom.weizmann.ac.il/~oded/p_obfuscate.html; https://cims.nyu.edu/~regev/papers/qcrypto.pdf; https://doi.org/10.1145/3785007; https://eprint.iacr.org/2021/1334; https://doi.org/10.4230/LIPIcs.ICALP.2022.28
185,Brent Waters,2,TCS-7278,Identity-based encryption from arbitrary public-key encryption,Cryptography,reused,IBE from generic PKE directly concerns the encryption primitive he helped develop.,source_open,reviewed,revised,2026-09-13,"active-card and source-locator review; existing status is carried through, not independently recertified",https://dblp.org/pid/w/BrentWaters.html,https://eprint.iacr.org/2021/745.pdf; https://crypto.stanford.edu/~dabo/pubs/papers/bfibe.pdf
186,Craig Gentry,1,TCS-6551,Unleveled fully homomorphic encryption from LWE alone,Cryptography,reused,Unbounded-depth FHE from LWE alone is a central frontier after his FHE breakthrough.,source_open,reviewed,revised,2026-09-11,"active-card and source-locator review; existing status is carried through, not independently recertified",https://dblp.org/pid/28/2376.html,https://epubs.siam.org/doi/10.1137/120868669; https://www.iacr.org/archive/crypto2018/10993383/10993383.pdf; https://cseweb.ucsd.edu/classes/wi23/cse208-a/FHEorg.pdf; https://eprint.iacr.org/2023/1376.pdf; https://drops.dagstuhl.de/storage/00lipics/lipics-vol251-itcs2023/LIPIcs.ITCS.2023.17/LIPIcs.ITCS.2023.17.pdf; https://link.springer.com/article/10.1186/s42400-025-00431-z; https://arxiv.org/abs/2604.23490
186,Craig Gentry,2,TCS-7277,Fully homomorphic encryption from public-key encryption,Cryptography,reused,FHE from generic PKE concerns the minimal assumptions needed for his encryption paradigm.,source_open,reviewed,revised,2026-09-13,"active-card and source-locator review; existing status is carried through, not independently recertified",https://dblp.org/pid/28/2376.html,https://eprint.iacr.org/2015/815.pdf; https://mit6875.github.io/LECNOTES/lec15.pdf; https://doi.org/10.4230/LIPIcs.ITCS.2023.17
187,Moni Naor,1,TCS-6547,Collision-resistant hashing from one-way functions,Cryptography,reused,Collision resistance from OWFs concerns his foundational cryptographic reductions.,source_open,reviewed,not individually completed,2026-09-11,"active-card and source-locator review; existing status is carried through, not independently recertified",https://dblp.org/pid/n/MoniNaor.html,https://www.cs.princeton.edu/courses/archive/spr08/cos598D/Rompel.pdf; https://link.springer.com/chapter/10.1007/BFb0054137; https://ieee-focs.org/FOCS-2018-Papers/pdfs/59f850.pdf; https://eprint.iacr.org/2023/945; https://eccc.weizmann.ac.il/report/2026/111/
187,Moni Naor,2,TCS-6546,One-way permutations from one-way functions,Cryptography,reused,One-way permutations from arbitrary OWFs concern the foundational primitive reductions he studies.,source_open,reviewed,not individually completed,2026-09-11,"active-card and source-locator review; existing status is carried through, not independently recertified",https://dblp.org/pid/n/MoniNaor.html,https://www2.eecs.berkeley.edu/Pubs/TechRpts/1988/6060.html; https://epubs.siam.org/doi/10.1137/S0097539793244708; https://link.springer.com/chapter/10.1007/978-3-642-19571-6_36; https://eprint.iacr.org/2015/752.pdf; https://arxiv.org/abs/2507.12456
188,Ran Canetti,1,TCS-6548,Chosen-ciphertext security from ordinary public-key encryption,Cryptography,reused,CCA encryption from arbitrary PKE concerns his cryptographic security and composition work.,source_open,reviewed,not individually completed,2026-09-11,"active-card and source-locator review; existing status is carried through, not independently recertified",https://dblp.org/pid/c/RanCanetti.html,https://theory.stanford.edu/~trevisan/cs276/projects.html; https://www.iacr.org/archive/tcc2007/43920433/43920433.pdf; https://www.cs.columbia.edu/~dglasner/MyPapers/non-mal.pdf; https://www.iacr.org/archive/crypto2019/116940363/116940363.pdf; https://par.nsf.gov/servlets/purl/10295635; https://eprint.iacr.org/2023/1957; https://eprint.iacr.org/2025/1665
188,Ran Canetti,2,TCS-6549,Oblivious transfer from public-key encryption,Cryptography,reused,OT from PKE is a central foundation-of-secure-computation question in his research area.,source_open,reviewed,not individually completed,2026-09-10,"active-card and source-locator review; existing status is carried through, not independently recertified",https://dblp.org/pid/c/RanCanetti.html,https://vmahesh.cs.illinois.edu/papers/focs00.pdf; https://iftachh.github.io/MyHomepage/papers/BlackBoxMPC/black-box-mpc.pdf; https://eprint.iacr.org/2021/882; https://eprint.iacr.org/2023/1002; https://doi.org/10.1587/transfun.2025CIP0019
189,Rafael Pass,1,TCS-0022,One-way functions from \(\mathrm{P} \ne  \mathrm{NP}\),Cryptography,reused,OWFs from worst-case NP hardness connects his work on the foundations of cryptography.,source_open,reviewed,revised,2026-09-10,"active-card and source-locator review; existing status is carried through, not independently recertified",https://dblp.org/pid/p/RPass.html,https://www.math.ias.edu/files/mathandcomp.pdf; https://arxiv.org/abs/cs/0606037v3; https://johanhastad.se/prgfromowf.pdf; https://lucatrevisan.github.io/pubs/BT03.pdf; https://doi.org/10.4230/LIPIcs.ITCS.2026.97
189,Rafael Pass,2,TCS-0012,Average-case NP hardness from \(\mathrm{P} \ne  \mathrm{NP}\),Beyond worst-case and average-case analysis,reused,Worst-case to average-case NP hardness concerns his meta-complexity-to-cryptography program.,source_open,reviewed,revised,2026-09-10,"active-card and source-locator review; existing status is carried through, not independently recertified",https://dblp.org/pid/p/RPass.html,https://www.math.ias.edu/files/mathandcomp.pdf; https://arxiv.org/abs/cs/0606037v3; https://lucatrevisan.github.io/pubs/BT03.pdf; https://doi.org/10.4230/LIPIcs.ITCS.2026.97
190,Aayush Jain,1,TCS-6550,Circuit obfuscation from polynomial-hard LWE,Cryptography,reused,Basing iO on polynomial-hardness LWE continues his obfuscation breakthroughs.,source_open,reviewed,revised,2026-09-10,"active-card and source-locator review; existing status is carried through, not independently recertified",https://dblp.org/pid/126/6084.html,https://www.wisdom.weizmann.ac.il/~oded/p_obfuscate.html; https://cims.nyu.edu/~regev/papers/qcrypto.pdf; https://doi.org/10.1145/3785007; https://eprint.iacr.org/2021/1334; https://doi.org/10.4230/LIPIcs.ICALP.2022.28
190,Aayush Jain,2,TCS-7278,Identity-based encryption from arbitrary public-key encryption,Cryptography,reused,IBE from generic PKE concerns reducing assumptions for the encryption tools in his field.,source_open,reviewed,revised,2026-09-13,"active-card and source-locator review; existing status is carried through, not independently recertified",https://dblp.org/pid/126/6084.html,https://eprint.iacr.org/2021/745.pdf; https://crypto.stanford.edu/~dabo/pubs/papers/bfibe.pdf
191,Guy Rothblum,1,TCS-6552,Noninteractive zero knowledge from one-way functions,Cryptography,reused,NIZK from minimal assumptions concerns his verification and cryptographic-proof work.,source_open,reviewed,not individually completed,2026-09-11,"active-card and source-locator review; existing status is carried through, not independently recertified",https://dblp.org/pid/00/6232.html,https://homepages.cwi.nl/~schaffne/courses/crypto/2014/papers/ComZK08.pdf; https://web.eecs.umich.edu/~cpeikert/pubs/nizk-lwe.pdf; https://eprint.iacr.org/2023/1938; https://eprint.iacr.org/2024/1514; https://eccc.weizmann.ac.il/report/2024/116/; https://arxiv.org/abs/2602.17651; https://doi.org/10.1007/978-3-032-35424-2_6
191,Guy Rothblum,2,TCS-7236,Polynomial-time private release of all marginals,Differential privacy,reused,Efficient private query release connects his private-learning and data-analysis research.,source_open,reviewed,revised,2026-09-11,"active-card and source-locator review; existing status is carried through, not independently recertified",https://dblp.org/pid/00/6232.html,https://projects.iq.harvard.edu/files/privacytools/files/complexityprivacy_1_01.pdf; https://arxiv.org/abs/1304.3754
192,John Wright,1,TCS-6446,Quantum PCP conjecture,Quantum computation,reused,Quantum PCP connects his quantum-complexity and multiprover-proof work.,source_open,reviewed,revised,2026-09-10,"active-card and source-locator review; existing status is carried through, not independently recertified",https://dblp.org/pid/10/3047-4.html,https://arxiv.org/abs/1309.7495; https://eccc.weizmann.ac.il/report/2026/150/
192,John Wright,2,TCS-6448,QMA versus QCMA,Quantum computation,reused,The relative power of classical and quantum witnesses concerns his quantum-complexity research.,source_open,reviewed,not individually completed,2026-09-10,"active-card and source-locator review; existing status is carried through, not independently recertified",https://dblp.org/pid/10/3047-4.html,https://eccc.weizmann.ac.il/report/2026/020/
193,Zhengfeng Ji,1,TCS-6446,Quantum PCP conjecture,Quantum computation,reused,Quantum PCP is a central Hamiltonian-complexity target related to his work.,source_open,reviewed,revised,2026-09-10,"active-card and source-locator review; existing status is carried through, not independently recertified",https://dblp.org/pid/30/2575.html,https://arxiv.org/abs/1309.7495; https://eccc.weizmann.ac.il/report/2026/150/
193,Zhengfeng Ji,2,TCS-4737,QMA versus \(\mathrm{QMA}_{1}\),Quantum computation,reused,Perfect completeness in QMA connects his quantum verification and proof-complexity work.,uncertain,source,not individually completed,,"active-card and source-locator review; existing status is carried through, not independently recertified",https://dblp.org/pid/30/2575.html,https://doi.org/10.4230/LIPIcs.MFCS.2026.98
194,Shi Li,1,TCS-7354,Optimal polynomial-time approximation ratio for metric k-means,Approximation algorithms and hardness of approximation,added,Optimal metric clustering approximation directly extends his clustering research.,source_open,reviewed,revised,2026-09-13,primary-source and targeted later-work check,https://dblp.org/pid/31/4501-1.html,https://arxiv.org/abs/2607.14654
194,Shi Li,2,TCS-6659,Optimal polynomial-time approximation ratio for metric k-Median,Approximation algorithms and hardness of approximation,reused,The metric k-median ratio is a central frontier after his approximation improvements.,source_open,reviewed,revised,2026-09-12,"active-card and source-locator review; existing status is carried through, not independently recertified",https://dblp.org/pid/31/4501-1.html,https://people.idsia.ch/~grandoni/Pubblicazioni/CGLSS25stoc.pdf; https://disco.ethz.ch/alumni/pascalv/refs/ds_1998_feige.pdf; https://cgi.di.uoa.gr/~vassilis/co/co-papers/jain02.pdf; https://drops.dagstuhl.de/entities/document/10.4230/LIPIcs.ICALP.2019.42; https://arxiv.org/abs/2603.09846; https://arxiv.org/abs/2607.14654
195,Nitin Saxena,1,TCS-7113,Derandomizing polynomial identity testing,Algebraic computation,reused,Deterministic PIT is a direct focus of his algebraic-complexity research.,source_open,source,not individually completed,,"active-card and source-locator review; existing status is carried through, not independently recertified",https://dblp.org/pid/86/6915.html,https://arxiv.org/abs/2309.17042
195,Nitin Saxena,2,TCS-6888,Superpolynomial arithmetic formula lower bounds,Algebraic computation,reused,General arithmetic formula lower bounds connect his arithmetic-circuit program.,source_open,source,not individually completed,,"active-card and source-locator review; existing status is carried through, not independently recertified",https://dblp.org/pid/86/6915.html,https://www.cs.tau.ac.il/~shpilka/publications/SY10.pdf
196,Nisheeth Vishnoi,1,TCS-7355,Fully polynomial randomized approximation of mixed discriminants,Counting and enumeration,added,Mixed-discriminant approximation directly concerns his work on constrained determinantal sampling.,source_open,reviewed,revised,2026-09-13,primary-source and targeted later-work check,https://dblp.org/pid/02/2229.html,https://eccc.weizmann.ac.il/report/2007/037/revision/1/; https://doi.org/10.4230/LIPIcs.APPROX-RANDOM.2017.36
196,Nisheeth Vishnoi,2,TCS-6523,Kannan–Lovász–Simonovits conjecture,Computational geometry and metric spaces,reused,KLS connects his convex-geometric sampling and optimization research.,source_open,reviewed,revised,2026-09-10,"active-card and source-locator review; existing status is carried through, not independently recertified",https://dblp.org/pid/02/2229.html,https://randomstrasse101.math.ethz.ch/posts/KLSConjecture/; https://faculty.cc.gatech.edu/~vempala/papers/kls_survey.pdf; https://arxiv.org/abs/2203.15551; https://www.weizmann.ac.il/math/klartag/sites/math.klartag/files/uploads/root_log.pdf; https://arxiv.org/abs/2507.15495v2; https://arxiv.org/abs/2607.24164v1
197,Niv Buchbinder,1,TCS-5407,Optimal approximation for submodular maximization over a matroid,Approximation algorithms and hardness of approximation,reused,Optimal submodular maximization is central to his approximation research.,uncertain,source,not individually completed,,"active-card and source-locator review; existing status is carried through, not independently recertified",https://dblp.org/pid/48/4123.html,https://doi.org/10.4230/LIPIcs.ISAAC.2022.41
197,Niv Buchbinder,2,TCS-7316,Matroid secretary conjecture,Online algorithms,reused,Matroid secretary connects his online and stochastic submodular optimization work.,source_open,reviewed,revised,2026-09-11,"active-card and source-locator review; existing status is carried through, not independently recertified",https://dblp.org/pid/48/4123.html,https://arxiv.org/abs/2305.05353
198,Václav Rozhoň,1,TCS-6506,Deterministic LOCAL MIS in \(O(\log  n)\) rounds,"Distributed, parallel and sublinear algorithms",reused,Deterministic logarithmic-round MIS continues his distributed derandomization work.,open,reviewed,not individually completed,2026-09-10,"active-card and source-locator review; existing status is carried through, not independently recertified",https://dblp.org/pid/204/8692.html,https://arxiv.org/abs/2410.19516; https://arxiv.org/abs/1901.02441; https://arxiv.org/abs/1907.10937; https://doi.org/10.1137/1.9781611978971.162
198,Václav Rozhoň,2,TCS-6554,Distributed Lovász Local Lemma in \(O(\log  \log  n)\) rounds,"Distributed, parallel and sublinear algorithms",reused,Optimal distributed LLL connects his network-decomposition and derandomization program.,open,reviewed,revised,2026-09-11,"active-card and source-locator review; existing status is carried through, not independently recertified",https://dblp.org/pid/204/8692.html,https://arxiv.org/abs/1705.04840; https://arxiv.org/abs/2502.11690; https://arxiv.org/abs/2208.08701; https://jukkasuomela.fi/lll-lb/; https://arxiv.org/abs/2608.13357
199,Roei Tell,1,TCS-0003,P versus BPP,Pseudorandomness and derandomization,reused,Full polynomial-time derandomization is a central target of his research.,uncertain,reviewed,revised,2026-09-10,"active-card and source-locator review; existing status is carried through, not independently recertified",https://dblp.org/pid/143/2243.html,https://www.math.ias.edu/files/mathandcomp.pdf; https://www.math.ias.edu/~avi/PUBLICATIONS/MYPAPERS/IW97/proc.pdf; https://eccc.weizmann.ac.il/report/2026/082/; https://arxiv.org/abs/2308.09549v9
199,Roei Tell,2,TCS-7161,NEXP versus nonuniform \(\mathrm{TC}^{0}\),Computational complexity,reused,NEXP versus TC0 connects his circuit lower bounds and derandomization work.,open,reviewed,revised,2026-09-11,"active-card and source-locator review; existing status is carried through, not independently recertified",https://dblp.org/pid/143/2243.html,https://doi.org/10.1109/CCC.2011.36; https://en.wikipedia.org/wiki/Circuit_complexity; https://en.wikipedia.org/w/index.php?oldid=1328197464; https://people.csail.mit.edu/rrw/acc-lbs-ccc.pdf; https://eccc.weizmann.ac.il/report/2026/039/; https://eccc.weizmann.ac.il/report/2026/167/; https://eccc.weizmann.ac.il/report/2026/118/
200,Vera Traub,1,TCS-7357,Optimal polynomial-time approximation ratio for asymmetric TSP,Approximation algorithms and hardness of approximation,added,Optimal ATSP approximation directly extends her improved ATSP algorithms.,source_open,reviewed,revised,2026-09-13,primary-source and targeted later-work check,https://dblp.org/pid/170/0126.html,https://arxiv.org/abs/2603.14334
200,Vera Traub,2,TCS-7356,Optimal polynomial-time approximation ratio for metric TSP,Approximation algorithms and hardness of approximation,added,Optimal metric TSP approximation continues her TSP and combinatorial optimization research.,source_open,reviewed,revised,2026-09-13,primary-source and targeted later-work check,https://dblp.org/pid/170/0126.html,https://arxiv.org/abs/2007.01409
